date,DGS1MO,DGS3MO,DGS2,DGS10,DGS30,DFF,T10Y2Y
2005-01-03,1.99,2.32,3.1,4.23,4.85,2.31,1.13
2005-01-04,2.05,2.33,3.2,4.29,4.91,2.25,1.09
2005-01-05,2.04,2.33,3.22,4.29,4.88,2.25,1.07
2005-01-06,2.04,2.31,3.18,4.29,4.89,2.25,1.11
2005-01-07,2.03,2.32,3.2,4.29,4.88,2.24,1.09
2005-01-08,2.03,2.32,3.2,4.29,4.88,2.24,1.09
2005-01-09,2.03,2.32,3.2,4.29,4.88,2.24,1.09
2005-01-10,2.07,2.36,3.23,4.29,4.86,2.26,1.06
2005-01-11,2.03,2.34,3.24,4.26,4.84,2.24,1.02
2005-01-12,2.01,2.34,3.22,4.25,4.8,2.25,1.03
2005-01-13,2.06,2.35,3.21,4.2,4.77,2.29,0.99
2005-01-14,2.06,2.37,3.24,4.23,4.78,2.29,0.99
2005-01-15,2.06,2.37,3.24,4.23,4.78,2.29,0.99
2005-01-16,2.06,2.37,3.24,4.23,4.78,2.29,0.99
2005-01-17,2.06,2.37,3.24,4.23,4.78,2.29,0.99
2005-01-18,2.05,2.39,3.26,4.21,4.72,2.31,0.95
2005-01-19,1.95,2.37,3.26,4.2,4.7,2.19,0.94
2005-01-20,1.89,2.35,3.21,4.17,4.71,2.25,0.96
2005-01-21,2.02,2.36,3.16,4.16,4.7,2.26,1.0
2005-01-22,2.02,2.36,3.16,4.16,4.7,2.26,1.0
2005-01-23,2.02,2.36,3.16,4.16,4.7,2.26,1.0
2005-01-24,2.05,2.37,3.2,4.14,4.63,2.26,0.94
2005-01-25,2.13,2.39,3.23,4.2,4.71,2.29,0.97
2005-01-26,2.16,2.41,3.27,4.21,4.7,2.33,0.94
2005-01-27,2.16,2.44,3.28,4.22,4.71,2.39,0.94
2005-01-28,2.12,2.46,3.25,4.16,4.64,2.48,0.91
2005-01-29,2.12,2.46,3.25,4.16,4.64,2.48,0.91
2005-01-30,2.12,2.46,3.25,4.16,4.64,2.48,0.91
2005-01-31,2.06,2.51,3.29,4.14,4.62,2.5,0.85
2005-02-01,2.23,2.51,3.29,4.15,4.63,2.4,0.86
2005-02-02,2.22,2.51,3.32,4.15,4.61,2.29,0.83
2005-02-03,2.18,2.48,3.34,4.18,4.58,2.49,0.84
2005-02-04,2.2,2.47,3.29,4.09,4.48,2.51,0.8
2005-02-05,2.2,2.47,3.29,4.09,4.48,2.51,0.8
2005-02-06,2.2,2.47,3.29,4.09,4.48,2.51,0.8
2005-02-07,2.27,2.51,3.31,4.07,4.43,2.5,0.76
2005-02-08,2.34,2.49,3.33,4.05,4.39,2.48,0.72
2005-02-09,2.34,2.51,3.24,4.0,4.4,2.5,0.76
2005-02-10,2.35,2.51,3.29,4.07,4.5,2.51,0.78
2005-02-11,2.36,2.55,3.34,4.1,4.52,2.5,0.76
2005-02-12,2.36,2.55,3.34,4.1,4.52,2.5,0.76
2005-02-13,2.36,2.55,3.34,4.1,4.52,2.5,0.76
2005-02-14,2.37,2.59,3.38,4.08,4.45,2.51,0.7
2005-02-15,2.4,2.59,3.37,4.1,4.48,2.53,0.73
2005-02-16,2.39,2.57,3.41,4.16,4.53,2.48,0.75
2005-02-17,2.4,2.58,3.38,4.19,4.58,2.5,0.81
2005-02-18,2.39,2.61,3.45,4.27,4.65,2.51,0.82
2005-02-19,2.39,2.61,3.45,4.27,4.65,2.51,0.82
2005-02-20,2.39,2.61,3.45,4.27,4.65,2.51,0.82
2005-02-21,2.39,2.61,3.45,4.27,4.65,2.51,0.82
2005-02-22,2.43,2.67,3.46,4.29,4.71,2.57,0.83
2005-02-23,2.47,2.67,3.46,4.27,4.69,2.53,0.81
2005-02-24,2.48,2.69,3.52,4.29,4.67,2.55,0.77
2005-02-25,2.5,2.74,3.54,4.27,4.61,2.54,0.73
2005-02-26,2.5,2.74,3.54,4.27,4.61,2.54,0.73
2005-02-27,2.5,2.74,3.54,4.27,4.61,2.54,0.73
2005-02-28,2.51,2.76,3.59,4.36,4.71,2.52,0.77
2005-03-01,2.55,2.75,3.59,4.38,4.69,2.39,0.79
2005-03-02,2.54,2.74,3.57,4.38,4.71,2.48,0.81
2005-03-03,2.55,2.76,3.59,4.39,4.71,2.51,0.8
2005-03-04,2.56,2.76,3.57,4.32,4.66,2.5,0.75
2005-03-05,2.56,2.76,3.57,4.32,4.66,2.5,0.75
2005-03-06,2.56,2.76,3.57,4.32,4.66,2.5,0.75
2005-03-07,2.59,2.76,3.61,4.31,4.63,2.51,0.7
2005-03-08,2.61,2.75,3.62,4.38,4.67,2.49,0.76
2005-03-09,2.6,2.76,3.66,4.52,4.84,2.5,0.86
2005-03-10,2.6,2.75,3.68,4.48,4.74,2.52,0.8
2005-03-11,2.6,2.76,3.73,4.56,4.8,2.51,0.83
2005-03-12,2.6,2.76,3.73,4.56,4.8,2.51,0.83
2005-03-13,2.6,2.76,3.73,4.56,4.8,2.51,0.83
2005-03-14,2.62,2.8,3.75,4.52,4.77,2.59,0.77
2005-03-15,2.7,2.81,3.75,4.54,4.8,2.61,0.79
2005-03-16,2.68,2.8,3.72,4.52,4.78,2.57,0.8
2005-03-17,2.68,2.79,3.7,4.47,4.75,2.68,0.77
2005-03-18,2.7,2.81,3.72,4.51,4.8,2.7,0.79
2005-03-19,2.7,2.81,3.72,4.51,4.8,2.7,0.79
2005-03-20,2.7,2.81,3.72,4.51,4.8,2.7,0.79
2005-03-21,2.72,2.85,3.72,4.53,4.85,2.71,0.81
2005-03-22,2.77,2.89,3.86,4.63,4.88,2.72,0.77
2005-03-23,2.72,2.83,3.84,4.61,4.86,2.73,0.77
2005-03-24,2.7,2.84,3.88,4.6,4.84,2.75,0.72
2005-03-25,2.7,2.84,3.88,4.6,4.84,2.8,0.72
2005-03-26,2.7,2.84,3.88,4.6,4.84,2.8,0.72
2005-03-27,2.7,2.84,3.88,4.6,4.84,2.8,0.72
2005-03-28,2.69,2.84,3.9,4.64,4.88,2.79,0.74
2005-03-29,2.7,2.84,3.87,4.6,4.85,2.72,0.73
2005-03-30,2.71,2.83,3.86,4.56,4.77,2.74,0.7
2005-03-31,2.63,2.79,3.8,4.5,4.76,2.96,0.7
2005-04-01,2.66,2.8,3.75,4.46,4.72,2.83,0.71
2005-04-02,2.66,2.8,3.75,4.46,4.72,2.83,0.71
2005-04-03,2.66,2.8,3.75,4.46,4.72,2.83,0.71
2005-04-04,2.64,2.8,3.74,4.47,4.73,2.78,0.73
2005-04-05,2.63,2.79,3.75,4.48,4.75,2.72,0.73
2005-04-06,2.6,2.76,3.7,4.44,4.73,2.73,0.74
2005-04-07,2.61,2.77,3.72,4.49,4.78,2.76,0.77
2005-04-08,2.61,2.79,3.77,4.5,4.77,2.75,0.73
2005-04-09,2.61,2.79,3.77,4.5,4.77,2.75,0.73
2005-04-10,2.61,2.79,3.77,4.5,4.77,2.75,0.73
2005-04-11,2.6,2.76,3.75,4.45,4.73,2.78,0.7
2005-04-12,2.62,2.76,3.71,4.38,4.66,2.77,0.67
2005-04-13,2.62,2.77,3.66,4.38,4.68,2.76,0.72
2005-04-14,2.62,2.78,3.6,4.37,4.73,2.79,0.77
2005-04-15,2.63,2.79,3.54,4.27,4.66,2.82,0.73
2005-04-16,2.63,2.79,3.54,4.27,4.66,2.82,0.73
2005-04-17,2.63,2.79,3.54,4.27,4.66,2.82,0.73
2005-04-18,2.67,2.9,3.55,4.27,4.62,2.75,0.72
2005-04-19,2.73,2.91,3.5,4.21,4.53,2.74,0.71
2005-04-20,2.65,2.87,3.52,4.22,4.59,2.74,0.7
2005-04-21,2.59,2.88,3.65,4.32,4.62,2.75,0.67
2005-04-22,2.64,2.93,3.62,4.26,4.6,2.74,0.64
2005-04-23,2.64,2.93,3.62,4.26,4.6,2.74,0.64
2005-04-24,2.64,2.93,3.62,4.26,4.6,2.74,0.64
2005-04-25,2.67,2.93,3.64,4.26,4.54,2.82,0.62
2005-04-26,2.7,2.91,3.67,4.28,4.59,2.78,0.61
2005-04-27,2.65,2.89,3.64,4.25,4.57,2.63,0.61
2005-04-28,2.6,2.88,3.59,4.19,4.52,2.89,0.6
2005-04-29,2.7,2.9,3.66,4.21,4.53,2.97,0.55
2005-04-30,2.7,2.9,3.66,4.21,4.53,2.97,0.55
2005-05-01,2.7,2.9,3.66,4.21,4.53,2.97,0.55
2005-05-02,2.68,2.93,3.64,4.21,4.53,2.98,0.57
2005-05-03,2.65,2.91,3.68,4.21,4.49,2.95,0.53
2005-05-04,2.59,2.87,3.63,4.2,4.6,2.99,0.57
2005-05-05,2.6,2.81,3.58,4.19,4.6,2.99,0.61
2005-05-06,2.64,2.87,3.73,4.28,4.62,2.98,0.55
2005-05-07,2.64,2.87,3.73,4.28,4.62,2.98,0.55
2005-05-08,2.64,2.87,3.73,4.28,4.62,2.98,0.55
2005-05-09,2.66,2.91,3.76,4.29,4.64,2.99,0.53
2005-05-10,2.6,2.9,3.69,4.23,4.6,2.99,0.54
2005-05-11,2.6,2.87,3.68,4.21,4.54,2.99,0.53
2005-05-12,2.58,2.88,3.66,4.18,4.54,3.01,0.52
2005-05-13,2.47,2.83,3.61,4.12,4.48,3.01,0.51
2005-05-14,2.47,2.83,3.61,4.12,4.48,3.01,0.51
2005-05-15,2.47,2.83,3.61,4.12,4.48,3.01,0.51
2005-05-16,2.48,2.89,3.61,4.13,4.49,3.06,0.52
2005-05-17,2.6,2.88,3.61,4.12,4.47,2.99,0.51
2005-05-18,2.6,2.86,3.56,4.07,4.42,3.0,0.51
2005-05-19,2.63,2.87,3.64,4.11,4.44,3.02,0.47
2005-05-20,2.66,2.9,3.69,4.13,4.44,3.01,0.44
2005-05-21,2.66,2.9,3.69,4.13,4.44,3.01,0.44
2005-05-22,2.66,2.9,3.69,4.13,4.44,3.01,0.44
2005-05-23,2.69,2.97,3.65,4.07,4.38,3.01,0.42
2005-05-24,2.82,2.94,3.61,4.04,4.35,2.99,0.43
2005-05-25,2.79,2.95,3.61,4.08,4.4,3.01,0.47
2005-05-26,2.77,2.94,3.64,4.08,4.45,3.01,0.44
2005-05-27,2.77,2.97,3.64,4.08,4.45,3.01,0.44
2005-05-28,2.77,2.97,3.64,4.08,4.45,3.01,0.44
2005-05-29,2.77,2.97,3.64,4.08,4.45,3.01,0.44
2005-05-30,2.77,2.97,3.64,4.08,4.45,3.01,0.44
2005-05-31,2.8,2.99,3.6,4.0,4.36,3.09,0.4
2005-06-01,2.79,2.97,3.5,3.91,4.27,3.02,0.41
2005-06-02,2.8,2.97,3.52,3.89,4.2,3.0,0.37
2005-06-03,2.82,3.01,3.57,3.98,4.26,2.99,0.41
2005-06-04,2.82,3.01,3.57,3.98,4.26,2.99,0.41
2005-06-05,2.82,3.01,3.57,3.98,4.26,2.99,0.41
2005-06-06,2.83,3.02,3.59,3.96,4.23,3.0,0.37
2005-06-07,2.82,3.02,3.57,3.92,4.18,2.96,0.35
2005-06-08,2.83,3.02,3.6,3.95,4.24,2.96,0.35
2005-06-09,2.81,2.99,3.64,3.98,4.23,3.01,0.34
2005-06-10,2.82,3.01,3.71,4.05,4.3,3.01,0.34
2005-06-11,2.82,3.01,3.71,4.05,4.3,3.01,0.34
2005-06-12,2.82,3.01,3.71,4.05,4.3,3.01,0.34
2005-06-13,2.82,3.03,3.71,4.09,4.39,3.04,0.38
2005-06-14,2.78,3.01,3.71,4.13,4.41,3.01,0.42
2005-06-15,2.78,3.0,3.72,4.12,4.44,3.05,0.4
2005-06-16,2.76,2.98,3.7,4.09,4.36,3.0,0.39
2005-06-17,2.79,2.99,3.72,4.09,4.35,2.99,0.37
2005-06-18,2.79,2.99,3.72,4.09,4.35,2.99,0.37
2005-06-19,2.79,2.99,3.72,4.09,4.35,2.99,0.37
2005-06-20,2.81,3.02,3.72,4.11,4.34,3.01,0.39
2005-06-21,2.85,3.02,3.71,4.06,4.32,2.96,0.35
2005-06-22,2.84,3.03,3.62,3.95,4.23,2.93,0.33
2005-06-23,2.79,3.07,3.63,3.96,4.27,3.05,0.33
2005-06-24,2.78,3.09,3.59,3.92,4.23,3.07,0.33
2005-06-25,2.78,3.09,3.59,3.92,4.23,3.07,0.33
2005-06-26,2.78,3.09,3.59,3.92,4.23,3.07,0.33
2005-06-27,2.85,3.15,3.6,3.9,4.25,3.17,0.3
2005-06-28,2.99,3.14,3.65,3.97,4.22,3.17,0.32
2005-06-29,2.95,3.13,3.65,3.99,4.24,3.2,0.34
2005-06-30,2.99,3.13,3.66,3.94,4.19,3.35,0.28
2005-07-01,3.02,3.17,3.76,4.06,4.28,3.36,0.3
2005-07-02,3.02,3.17,3.76,4.06,4.28,3.36,0.3
2005-07-03,3.02,3.17,3.76,4.06,4.28,3.36,0.3
2005-07-04,3.02,3.17,3.76,4.06,4.28,3.36,0.3
2005-07-05,3.03,3.22,3.79,4.11,4.34,3.27,0.32
2005-07-06,3.04,3.19,3.77,4.08,4.31,2.99,0.31
2005-07-07,3.0,3.15,3.71,4.05,4.28,3.18,0.34
2005-07-08,2.99,3.17,3.78,4.11,4.33,3.22,0.33
2005-07-09,2.99,3.17,3.78,4.11,4.33,3.22,0.33
2005-07-10,2.99,3.17,3.78,4.11,4.33,3.22,0.33
2005-07-11,2.98,3.19,3.81,4.11,4.3,3.23,0.3
2005-07-12,3.02,3.21,3.82,4.15,4.36,3.23,0.33
2005-07-13,3.03,3.22,3.84,4.17,4.38,3.27,0.33
2005-07-14,3.04,3.23,3.86,4.19,4.4,3.32,0.33
2005-07-15,3.04,3.26,3.86,4.18,4.39,3.32,0.32
2005-07-16,3.04,3.26,3.86,4.18,4.39,3.32,0.32
2005-07-17,3.04,3.26,3.86,4.18,4.39,3.32,0.32
2005-07-18,3.06,3.3,3.89,4.22,4.44,3.19,0.33
2005-07-19,3.13,3.31,3.88,4.2,4.41,3.13,0.32
2005-07-20,3.11,3.3,3.9,4.17,4.37,3.25,0.27
2005-07-21,3.13,3.35,3.96,4.28,4.48,3.27,0.32
2005-07-22,3.16,3.38,3.92,4.23,4.39,3.25,0.31
2005-07-23,3.16,3.38,3.92,4.23,4.39,3.25,0.31
2005-07-24,3.16,3.38,3.92,4.23,4.39,3.25,0.31
2005-07-25,3.2,3.44,3.95,4.25,4.44,3.28,0.3
2005-07-26,3.25,3.43,3.95,4.24,4.44,3.25,0.29
2005-07-27,3.23,3.4,3.99,4.27,4.42,3.27,0.28
2005-07-28,3.25,3.41,3.96,4.2,4.38,3.27,0.24
2005-07-29,3.25,3.42,4.02,4.28,4.42,3.31,0.26
2005-07-30,3.25,3.42,4.02,4.28,4.42,3.31,0.26
2005-07-31,3.25,3.42,4.02,4.28,4.42,3.31,0.26
2005-08-01,3.3,3.48,4.04,4.32,4.46,3.3,0.28
2005-08-02,3.35,3.49,4.06,4.34,4.52,3.2,0.28
2005-08-03,3.34,3.46,4.02,4.3,4.48,3.35,0.28
2005-08-04,3.34,3.47,4.04,4.32,4.5,3.44,0.28
2005-08-05,3.35,3.52,4.11,4.4,4.56,3.49,0.29
2005-08-06,3.35,3.52,4.11,4.4,4.56,3.49,0.29
2005-08-07,3.35,3.52,4.11,4.4,4.56,3.49,0.29
2005-08-08,3.38,3.54,4.16,4.42,4.58,3.5,0.26
2005-08-09,3.37,3.52,4.13,4.41,4.56,3.47,0.28
2005-08-10,3.38,3.51,4.13,4.4,4.56,3.48,0.27
2005-08-11,3.31,3.51,4.1,4.32,4.51,3.51,0.22
2005-08-12,3.32,3.52,4.05,4.24,4.42,3.55,0.19
2005-08-13,3.32,3.52,4.05,4.24,4.42,3.55,0.19
2005-08-14,3.32,3.52,4.05,4.24,4.42,3.55,0.19
2005-08-15,3.28,3.54,4.08,4.27,4.45,3.61,0.19
2005-08-16,3.32,3.54,4.03,4.23,4.41,3.46,0.2
2005-08-17,3.31,3.52,4.07,4.28,4.49,3.57,0.21
2005-08-18,3.3,3.5,4.01,4.21,4.4,3.5,0.2
2005-08-19,3.33,3.52,4.03,4.21,4.4,3.54,0.18
2005-08-20,3.33,3.52,4.03,4.21,4.4,3.54,0.18
2005-08-21,3.33,3.52,4.03,4.21,4.4,3.54,0.18
2005-08-22,3.34,3.53,4.03,4.22,4.4,3.51,0.19
2005-08-23,3.34,3.53,4.01,4.2,4.39,3.49,0.19
2005-08-24,3.34,3.53,3.99,4.19,4.38,3.5,0.2
2005-08-25,3.34,3.54,4.0,4.18,4.37,3.55,0.18
2005-08-26,3.36,3.55,4.06,4.2,4.38,3.54,0.14
2005-08-27,3.36,3.55,4.06,4.2,4.38,3.54,0.14
2005-08-28,3.36,3.55,4.06,4.2,4.38,3.54,0.14
2005-08-29,3.42,3.54,4.06,4.2,4.37,3.54,0.14
2005-08-30,3.4,3.54,3.97,4.16,4.34,3.52,0.19
2005-08-31,3.41,3.52,3.84,4.02,4.23,3.63,0.18
2005-09-01,3.35,3.48,3.72,4.02,4.28,3.57,0.3
2005-09-02,3.38,3.46,3.75,4.03,4.26,3.49,0.28
2005-09-03,3.38,3.46,3.75,4.03,4.26,3.49,0.28
2005-09-04,3.38,3.46,3.75,4.03,4.26,3.49,0.28
2005-09-05,3.38,3.46,3.75,4.03,4.26,3.49,0.28
2005-09-06,3.39,3.52,3.8,4.09,4.36,3.57,0.29
2005-09-07,3.36,3.49,3.87,4.15,4.43,3.48,0.28
2005-09-08,3.31,3.48,3.87,4.15,4.43,3.49,0.28
2005-09-09,3.32,3.49,3.88,4.14,4.36,3.49,0.26
2005-09-10,3.32,3.49,3.88,4.14,4.36,3.49,0.26
2005-09-11,3.32,3.49,3.88,4.14,4.36,3.49,0.26
2005-09-12,3.33,3.51,3.92,4.18,4.45,3.5,0.26
2005-09-13,3.3,3.47,3.88,4.14,4.38,3.45,0.26
2005-09-14,3.25,3.42,3.9,4.17,4.41,3.54,0.27
2005-09-15,3.23,3.45,3.9,4.22,4.51,3.67,0.32
2005-09-16,3.23,3.5,3.97,4.26,4.56,3.62,0.29
2005-09-17,3.23,3.5,3.97,4.26,4.56,3.62,0.29
2005-09-18,3.23,3.5,3.97,4.26,4.56,3.62,0.29
2005-09-19,3.23,3.58,3.93,4.25,4.55,3.62,0.32
2005-09-20,3.29,3.61,4.0,4.26,4.49,3.67,0.26
2005-09-21,3.02,3.41,3.96,4.19,4.47,3.72,0.23
2005-09-22,2.99,3.47,3.95,4.19,4.47,3.77,0.24
2005-09-23,3.06,3.48,4.02,4.25,4.47,3.76,0.23
2005-09-24,3.06,3.48,4.02,4.25,4.47,3.76,0.23
2005-09-25,3.06,3.48,4.02,4.25,4.47,3.76,0.23
2005-09-26,3.19,3.52,4.07,4.3,4.56,3.83,0.23
2005-09-27,3.15,3.49,4.08,4.3,4.56,3.73,0.22
2005-09-28,3.12,3.46,4.09,4.26,4.46,3.76,0.17
2005-09-29,3.09,3.54,4.13,4.29,4.5,3.82,0.16
2005-09-30,3.15,3.55,4.18,4.34,4.53,3.93,0.16
2005-10-01,3.15,3.55,4.18,4.34,4.53,3.93,0.16
2005-10-02,3.15,3.55,4.18,4.34,4.53,3.93,0.16
2005-10-03,3.22,3.61,4.21,4.39,4.58,3.87,0.18
2005-10-04,3.35,3.63,4.22,4.38,4.61,3.75,0.16
2005-10-05,3.34,3.58,4.21,4.36,4.54,3.75,0.15
2005-10-06,3.34,3.61,4.2,4.37,4.55,3.76,0.17
2005-10-07,3.35,3.63,4.18,4.35,4.53,3.73,0.17
2005-10-08,3.35,3.63,4.18,4.35,4.53,3.73,0.17
2005-10-09,3.35,3.63,4.18,4.35,4.53,3.73,0.17
2005-10-10,3.35,3.63,4.18,4.35,4.53,3.73,0.17
2005-10-11,3.41,3.73,4.22,4.39,4.56,3.72,0.17
2005-10-12,3.49,3.7,4.24,4.45,4.62,3.36,0.21
2005-10-13,3.5,3.75,4.24,4.48,4.66,3.75,0.24
2005-10-14,3.49,3.78,4.27,4.48,4.67,3.77,0.21
2005-10-15,3.49,3.78,4.27,4.48,4.67,3.77,0.21
2005-10-16,3.49,3.78,4.27,4.48,4.67,3.77,0.21
2005-10-17,3.53,3.86,4.29,4.5,4.68,3.82,0.21
2005-10-18,3.57,3.85,4.27,4.49,4.64,3.71,0.22
2005-10-19,3.57,3.86,4.25,4.47,4.66,3.71,0.22
2005-10-20,3.46,3.85,4.27,4.46,4.62,3.77,0.19
2005-10-21,3.48,3.87,4.22,4.39,4.58,3.76,0.17
2005-10-22,3.48,3.87,4.22,4.39,4.58,3.76,0.17
2005-10-23,3.48,3.87,4.22,4.39,4.58,3.76,0.17
2005-10-24,3.51,3.92,4.25,4.45,4.63,3.76,0.2
2005-10-25,3.71,3.93,4.34,4.54,4.7,3.74,0.2
2005-10-26,3.7,3.9,4.38,4.6,4.77,3.75,0.22
2005-10-27,3.72,3.88,4.36,4.57,4.74,3.85,0.21
2005-10-28,3.75,3.93,4.4,4.58,4.74,3.9,0.18
2005-10-29,3.75,3.93,4.4,4.58,4.74,3.9,0.18
2005-10-30,3.75,3.93,4.4,4.58,4.74,3.9,0.18
2005-10-31,3.77,3.98,4.4,4.57,4.73,4.02,0.17
2005-11-01,3.78,3.96,4.42,4.58,4.74,3.99,0.16
2005-11-02,3.77,3.94,4.43,4.61,4.74,3.99,0.18
2005-11-03,3.81,3.94,4.47,4.65,4.79,4.01,0.18
2005-11-04,3.8,3.98,4.47,4.66,4.84,4.0,0.19
2005-11-05,3.8,3.98,4.47,4.66,4.84,4.0,0.19
2005-11-06,3.8,3.98,4.47,4.66,4.84,4.0,0.19
2005-11-07,3.81,3.96,4.47,4.65,4.82,3.99,0.18
2005-11-08,3.88,3.96,4.43,4.57,4.75,3.95,0.14
2005-11-09,3.91,3.99,4.49,4.64,4.78,4.02,0.15
2005-11-10,3.89,3.97,4.44,4.55,4.74,3.98,0.11
2005-11-11,3.89,3.97,4.44,4.55,4.74,3.98,0.11
2005-11-12,3.89,3.97,4.44,4.55,4.74,3.98,0.11
2005-11-13,3.89,3.97,4.44,4.55,4.74,3.98,0.11
2005-11-14,3.93,4.02,4.5,4.61,4.75,4.03,0.11
2005-11-15,4.01,4.01,4.47,4.56,4.7,3.97,0.09
2005-11-16,4.0,4.0,4.42,4.49,4.63,3.96,0.07
2005-11-17,3.98,4.01,4.37,4.46,4.6,3.98,0.09
2005-11-18,3.95,4.01,4.4,4.5,4.68,4.0,0.1
2005-11-19,3.95,4.01,4.4,4.5,4.68,4.0,0.1
2005-11-20,3.95,4.01,4.4,4.5,4.68,4.0,0.1
2005-11-21,3.93,4.0,4.39,4.46,4.62,4.03,0.07
2005-11-22,3.94,3.93,4.32,4.43,4.65,3.99,0.11
2005-11-23,3.94,3.95,4.36,4.47,4.7,4.01,0.11
2005-11-24,3.94,3.95,4.36,4.47,4.7,4.01,0.11
2005-11-25,3.91,3.95,4.33,4.43,4.66,4.03,0.1
2005-11-26,3.91,3.95,4.33,4.43,4.66,4.03,0.1
2005-11-27,3.91,3.95,4.33,4.43,4.66,4.03,0.1
2005-11-28,3.94,3.98,4.33,4.41,4.58,4.01,0.08
2005-11-29,3.99,3.98,4.4,4.48,4.65,3.99,0.08
2005-11-30,4.0,3.95,4.42,4.49,4.66,4.03,0.07
2005-12-01,3.99,3.97,4.45,4.52,4.68,4.03,0.07
2005-12-02,4.0,3.99,4.43,4.52,4.68,4.0,0.09
2005-12-03,4.0,3.99,4.43,4.52,4.68,4.0,0.09
2005-12-04,4.0,3.99,4.43,4.52,4.68,4.0,0.09
2005-12-05,4.01,4.04,4.47,4.57,4.72,4.02,0.1
2005-12-06,3.84,4.04,4.42,4.49,4.68,3.97,0.07
2005-12-07,3.84,4.03,4.42,4.52,4.67,3.98,0.1
2005-12-08,3.67,3.94,4.37,4.47,4.62,4.09,0.1
2005-12-09,3.62,3.94,4.43,4.54,4.72,4.16,0.11
2005-12-10,3.62,3.94,4.43,4.54,4.72,4.16,0.11
2005-12-11,3.62,3.94,4.43,4.54,4.72,4.16,0.11
2005-12-12,3.59,3.9,4.45,4.56,4.69,4.24,0.11
2005-12-13,3.61,3.91,4.43,4.54,4.68,4.23,0.11
2005-12-14,3.61,3.89,4.37,4.45,4.63,4.26,0.08
2005-12-15,3.6,3.93,4.37,4.47,4.62,4.29,0.1
2005-12-16,3.56,3.93,4.37,4.45,4.63,4.25,0.08
2005-12-17,3.56,3.93,4.37,4.45,4.63,4.25,0.08
2005-12-18,3.56,3.93,4.37,4.45,4.63,4.25,0.08
2005-12-19,3.56,3.96,4.38,4.45,4.62,4.25,0.07
2005-12-20,3.55,3.95,4.42,4.47,4.63,4.3,0.05
2005-12-21,3.56,3.98,4.43,4.49,4.65,4.08,0.06
2005-12-22,3.55,3.98,4.4,4.44,4.59,4.25,0.04
2005-12-23,3.48,3.99,4.37,4.38,4.52,4.21,0.01
2005-12-24,3.48,3.99,4.37,4.38,4.52,4.21,0.01
2005-12-25,3.48,3.99,4.37,4.38,4.52,4.21,0.01
2005-12-26,3.48,3.99,4.37,4.38,4.52,4.21,0.01
2005-12-27,3.51,3.98,4.35,4.34,4.48,4.26,-0.01
2005-12-28,3.57,3.95,4.37,4.38,4.51,4.19,0.01
2005-12-29,3.67,4.01,4.38,4.37,4.49,4.18,-0.01
2005-12-30,4.01,4.08,4.41,4.39,4.51,4.09,-0.02
2005-12-31,4.01,4.08,4.41,4.39,4.51,4.09,-0.02
2006-01-01,4.01,4.08,4.41,4.39,4.51,4.09,-0.02
2006-01-02,4.01,4.08,4.41,4.39,4.51,4.09,-0.02
2006-01-03,4.05,4.16,4.34,4.37,4.52,4.34,0.03
2006-01-04,4.03,4.19,4.31,4.36,4.55,4.22,0.05
2006-01-05,4.05,4.2,4.32,4.36,4.51,4.24,0.04
2006-01-06,4.06,4.22,4.36,4.38,4.53,4.22,0.02
2006-01-07,4.06,4.22,4.36,4.38,4.53,4.22,0.02
2006-01-08,4.06,4.22,4.36,4.38,4.53,4.22,0.02
2006-01-09,4.09,4.23,4.36,4.38,4.53,4.25,0.02
2006-01-10,4.15,4.29,4.41,4.43,4.62,4.24,0.02
2006-01-11,4.16,4.3,4.44,4.46,4.61,4.24,0.02
2006-01-12,4.16,4.32,4.39,4.42,4.56,4.28,0.03
2006-01-13,4.13,4.33,4.34,4.36,4.49,4.3,0.02
2006-01-14,4.13,4.33,4.34,4.36,4.49,4.3,0.02
2006-01-15,4.13,4.33,4.34,4.36,4.49,4.3,0.02
2006-01-16,4.13,4.33,4.34,4.36,4.49,4.3,0.02
2006-01-17,4.11,4.38,4.33,4.34,4.52,4.32,0.01
2006-01-18,4.04,4.35,4.33,4.34,4.53,4.24,0.01
2006-01-19,3.98,4.35,4.37,4.38,4.51,4.23,0.01
2006-01-20,3.95,4.35,4.37,4.37,4.54,4.24,0.0
2006-01-21,3.95,4.35,4.37,4.37,4.54,4.24,0.0
2006-01-22,3.95,4.35,4.37,4.37,4.54,4.24,0.0
2006-01-23,3.98,4.38,4.35,4.36,4.54,4.26,0.01
2006-01-24,4.24,4.4,4.37,4.4,4.53,4.28,0.03
2006-01-25,4.22,4.42,4.46,4.49,4.62,4.36,0.03
2006-01-26,4.17,4.45,4.49,4.53,4.66,4.37,0.04
2006-01-27,4.19,4.45,4.51,4.52,4.7,4.42,0.01
2006-01-28,4.19,4.45,4.51,4.52,4.7,4.42,0.01
2006-01-29,4.19,4.45,4.51,4.52,4.7,4.42,0.01
2006-01-30,4.18,4.48,4.52,4.54,4.67,4.48,0.02
2006-01-31,4.37,4.47,4.54,4.53,4.69,4.47,-0.01
2006-02-01,4.33,4.47,4.59,4.57,4.69,4.47,-0.02
2006-02-02,4.32,4.48,4.59,4.57,4.68,4.48,-0.02
2006-02-03,4.31,4.48,4.59,4.54,4.64,4.51,-0.05
2006-02-04,4.31,4.48,4.59,4.54,4.64,4.51,-0.05
2006-02-05,4.31,4.48,4.59,4.54,4.64,4.51,-0.05
2006-02-06,4.32,4.48,4.62,4.55,4.61,4.51,-0.07
2006-02-07,4.33,4.49,4.61,4.57,4.64,4.47,-0.04
2006-02-08,4.34,4.5,4.64,4.56,4.67,4.48,-0.08
2006-02-09,4.32,4.52,4.66,4.54,4.51,4.52,-0.12
2006-02-10,4.36,4.53,4.69,4.59,4.55,4.51,-0.1
2006-02-11,4.36,4.53,4.69,4.59,4.55,4.51,-0.1
2006-02-12,4.36,4.53,4.69,4.59,4.55,4.51,-0.1
2006-02-13,4.38,4.55,4.68,4.58,4.56,4.44,-0.1
2006-02-14,4.42,4.55,4.69,4.62,4.6,4.45,-0.07
2006-02-15,4.39,4.55,4.71,4.61,4.58,4.5,-0.1
2006-02-16,4.38,4.55,4.69,4.59,4.57,4.48,-0.1
2006-02-17,4.39,4.54,4.66,4.54,4.51,4.48,-0.12
2006-02-18,4.39,4.54,4.66,4.54,4.51,4.48,-0.12
2006-02-19,4.39,4.54,4.66,4.54,4.51,4.48,-0.12
2006-02-20,4.39,4.54,4.66,4.54,4.51,4.48,-0.12
2006-02-21,4.42,4.56,4.71,4.57,4.53,4.54,-0.14
2006-02-22,4.44,4.57,4.68,4.53,4.48,4.49,-0.15
2006-02-23,4.44,4.59,4.72,4.56,4.51,4.47,-0.16
2006-02-24,4.45,4.6,4.74,4.58,4.52,4.48,-0.16
2006-02-25,4.45,4.6,4.74,4.58,4.52,4.48,-0.16
2006-02-26,4.45,4.6,4.74,4.58,4.52,4.48,-0.16
2006-02-27,4.48,4.62,4.74,4.59,4.55,4.52,-0.15
2006-02-28,4.47,4.62,4.69,4.55,4.51,4.52,-0.14
2006-03-01,4.45,4.6,4.71,4.59,4.56,4.52,-0.12
2006-03-02,4.45,4.62,4.72,4.64,4.62,4.5,-0.08
2006-03-03,4.45,4.62,4.76,4.68,4.66,4.51,-0.08
2006-03-04,4.45,4.62,4.76,4.68,4.66,4.51,-0.08
2006-03-05,4.45,4.62,4.76,4.68,4.66,4.51,-0.08
2006-03-06,4.44,4.6,4.77,4.74,4.72,4.51,-0.03
2006-03-07,4.47,4.6,4.77,4.74,4.72,4.51,-0.03
2006-03-08,4.45,4.58,4.72,4.73,4.72,4.51,0.01
2006-03-09,4.44,4.6,4.72,4.74,4.72,4.51,0.02
2006-03-10,4.46,4.62,4.74,4.76,4.74,4.51,0.02
2006-03-11,4.46,4.62,4.74,4.76,4.74,4.51,0.02
2006-03-12,4.46,4.62,4.74,4.76,4.74,4.51,0.02
2006-03-13,4.45,4.61,4.74,4.77,4.77,4.52,0.03
2006-03-14,4.49,4.59,4.66,4.71,4.71,4.51,0.05
2006-03-15,4.5,4.63,4.69,4.73,4.75,4.47,0.04
2006-03-16,4.49,4.62,4.62,4.65,4.7,4.55,0.03
2006-03-17,4.5,4.64,4.65,4.68,4.72,4.6,0.03
2006-03-18,4.5,4.64,4.65,4.68,4.72,4.6,0.03
2006-03-19,4.5,4.64,4.65,4.68,4.72,4.6,0.03
2006-03-20,4.56,4.66,4.65,4.66,4.7,4.55,0.01
2006-03-21,4.67,4.69,4.72,4.71,4.74,4.54,-0.01
2006-03-22,4.67,4.69,4.74,4.7,4.73,4.58,-0.04
2006-03-23,4.66,4.67,4.77,4.73,4.75,4.64,-0.04
2006-03-24,4.66,4.65,4.72,4.67,4.7,4.69,-0.05
2006-03-25,4.66,4.65,4.72,4.67,4.7,4.69,-0.05
2006-03-26,4.66,4.65,4.72,4.67,4.7,4.69,-0.05
2006-03-27,4.66,4.63,4.72,4.7,4.73,4.77,-0.02
2006-03-28,4.71,4.65,4.81,4.79,4.8,4.7,-0.02
2006-03-29,4.69,4.63,4.82,4.81,4.84,4.69,-0.01
2006-03-30,4.67,4.61,4.84,4.86,4.89,4.76,0.02
2006-03-31,4.65,4.63,4.82,4.86,4.9,5.0,0.04
2006-04-01,4.65,4.63,4.82,4.86,4.9,5.0,0.04
2006-04-02,4.65,4.63,4.82,4.86,4.9,5.0,0.04
2006-04-03,4.66,4.67,4.86,4.88,4.9,4.87,0.02
2006-04-04,4.64,4.68,4.84,4.87,4.91,4.76,0.03
2006-04-05,4.62,4.67,4.81,4.84,4.9,4.76,0.03
2006-04-06,4.65,4.68,4.84,4.9,4.96,4.76,0.06
2006-04-07,4.64,4.69,4.89,4.97,5.04,4.76,0.08
2006-04-08,4.64,4.69,4.89,4.97,5.04,4.76,0.08
2006-04-09,4.64,4.69,4.89,4.97,5.04,4.76,0.08
2006-04-10,4.64,4.69,4.89,4.97,5.04,4.78,0.08
2006-04-11,4.63,4.7,4.88,4.93,5.0,4.74,0.05
2006-04-12,4.62,4.7,4.91,4.98,5.05,4.78,0.07
2006-04-13,4.54,4.7,4.96,5.05,5.11,4.82,0.09
2006-04-14,4.54,4.7,4.96,5.05,5.11,4.8,0.09
2006-04-15,4.54,4.7,4.96,5.05,5.11,4.8,0.09
2006-04-16,4.54,4.7,4.96,5.05,5.11,4.8,0.09
2006-04-17,4.55,4.72,4.91,5.01,5.08,4.78,0.1
2006-04-18,4.54,4.72,4.84,4.99,5.07,4.72,0.15
2006-04-19,4.54,4.73,4.86,5.04,5.13,4.7,0.18
2006-04-20,4.55,4.73,4.89,5.04,5.14,4.73,0.15
2006-04-21,4.58,4.75,4.9,5.01,5.1,4.74,0.11
2006-04-22,4.58,4.75,4.9,5.01,5.1,4.74,0.11
2006-04-23,4.58,4.75,4.9,5.01,5.1,4.74,0.11
2006-04-24,4.58,4.75,4.89,4.99,5.07,4.77,0.1
2006-04-25,4.63,4.79,4.95,5.07,5.16,4.74,0.12
2006-04-26,4.65,4.79,4.99,5.12,5.18,4.73,0.13
2006-04-27,4.64,4.78,4.91,5.09,5.18,4.79,0.18
2006-04-28,4.6,4.77,4.87,5.07,5.17,4.86,0.2
2006-04-29,4.6,4.77,4.87,5.07,5.17,4.86,0.2
2006-04-30,4.6,4.77,4.87,5.07,5.17,4.86,0.2
2006-05-01,4.61,4.82,4.94,5.14,5.23,4.84,0.2
2006-05-02,4.66,4.81,4.92,5.12,5.2,4.79,0.2
2006-05-03,4.65,4.82,4.94,5.15,5.24,4.81,0.21
2006-05-04,4.61,4.8,4.97,5.16,5.23,4.83,0.19
2006-05-05,4.61,4.83,4.94,5.12,5.2,4.83,0.18
2006-05-06,4.61,4.83,4.94,5.12,5.2,4.83,0.18
2006-05-07,4.61,4.83,4.94,5.12,5.2,4.83,0.18
2006-05-08,4.64,4.87,4.97,5.12,5.19,4.88,0.15
2006-05-09,4.72,4.88,4.97,5.13,5.2,4.78,0.16
2006-05-10,4.69,4.88,5.01,5.13,5.19,4.88,0.12
2006-05-11,4.64,4.82,4.99,5.14,5.23,4.99,0.15
2006-05-12,4.64,4.85,5.01,5.19,5.29,5.01,0.18
2006-05-13,4.64,4.85,5.01,5.19,5.29,5.01,0.18
2006-05-14,4.64,4.85,5.01,5.19,5.29,5.01,0.18
2006-05-15,4.68,4.86,4.99,5.15,5.26,5.01,0.16
2006-05-16,4.76,4.83,4.96,5.1,5.22,4.98,0.14
2006-05-17,4.75,4.83,4.97,5.16,5.28,4.96,0.19
2006-05-18,4.75,4.83,4.94,5.08,5.18,5.0,0.14
2006-05-19,4.75,4.82,4.96,5.05,5.14,5.0,0.09
2006-05-20,4.75,4.82,4.96,5.05,5.14,5.0,0.09
2006-05-21,4.75,4.82,4.96,5.05,5.14,5.0,0.09
2006-05-22,4.74,4.83,4.94,5.04,5.13,5.0,0.1
2006-05-23,4.75,4.84,4.97,5.07,5.16,4.94,0.1
2006-05-24,4.74,4.82,4.94,5.03,5.13,4.9,0.09
2006-05-25,4.74,4.82,4.98,5.07,5.17,5.01,0.09
2006-05-26,4.75,4.84,4.96,5.06,5.16,4.99,0.1
2006-05-27,4.75,4.84,4.96,5.06,5.16,4.99,0.1
2006-05-28,4.75,4.84,4.96,5.06,5.16,4.99,0.1
2006-05-29,4.75,4.84,4.96,5.06,5.16,4.99,0.1
2006-05-30,4.76,4.84,4.99,5.09,5.19,5.02,0.1
2006-05-31,4.75,4.86,5.04,5.12,5.21,5.05,0.08
2006-06-01,4.75,4.83,5.04,5.11,5.2,5.02,0.07
2006-06-02,4.75,4.81,4.92,5.0,5.1,4.97,0.08
2006-06-03,4.75,4.81,4.92,5.0,5.1,4.97,0.08
2006-06-04,4.75,4.81,4.92,5.0,5.1,4.97,0.08
2006-06-05,4.77,4.85,4.99,5.02,5.1,5.01,0.03
2006-06-06,4.8,4.86,4.99,5.01,5.08,4.99,0.02
2006-06-07,4.8,4.86,5.02,5.02,5.09,4.99,0.0
2006-06-08,4.78,4.87,5.01,5.0,5.06,5.02,-0.01
2006-06-09,4.78,4.88,5.01,4.98,5.03,5.0,-0.03
2006-06-10,4.78,4.88,5.01,4.98,5.03,5.0,-0.03
2006-06-11,4.78,4.88,5.01,4.98,5.03,5.0,-0.03
2006-06-12,4.78,4.93,5.02,4.99,5.03,5.01,-0.03
2006-06-13,4.72,4.89,5.02,4.97,5.01,5.0,-0.05
2006-06-14,4.68,4.9,5.11,5.05,5.09,5.0,-0.06
2006-06-15,4.6,4.85,5.14,5.1,5.13,5.02,-0.04
2006-06-16,4.63,4.88,5.16,5.13,5.17,4.94,-0.03
2006-06-17,4.63,4.88,5.16,5.13,5.17,4.94,-0.03
2006-06-18,4.63,4.88,5.16,5.13,5.17,4.94,-0.03
2006-06-19,4.67,4.93,5.19,5.14,5.18,4.95,-0.05
2006-06-20,4.7,4.92,5.19,5.15,5.19,4.92,-0.04
2006-06-21,4.66,4.92,5.2,5.16,5.19,4.91,-0.04
2006-06-22,4.55,4.92,5.23,5.2,5.23,4.98,-0.03
2006-06-23,4.61,4.98,5.27,5.23,5.26,4.98,-0.04
2006-06-24,4.61,4.98,5.27,5.23,5.26,4.98,-0.04
2006-06-25,4.61,4.98,5.27,5.23,5.26,4.98,-0.04
2006-06-26,4.73,5.03,5.27,5.25,5.28,5.03,-0.02
2006-06-27,4.86,5.05,5.24,5.21,5.24,5.02,-0.03
2006-06-28,4.79,5.01,5.29,5.25,5.28,5.06,-0.04
2006-06-29,4.68,5.01,5.21,5.22,5.26,5.08,0.01
2006-06-30,4.54,5.01,5.16,5.15,5.19,5.05,-0.01
2006-07-01,4.54,5.01,5.16,5.15,5.19,5.05,-0.01
2006-07-02,4.54,5.01,5.16,5.15,5.19,5.05,-0.01
2006-07-03,4.69,5.08,5.17,5.15,5.2,5.25,-0.02
2006-07-04,4.69,5.08,5.17,5.15,5.2,5.25,-0.02
2006-07-05,4.81,5.01,5.24,5.23,5.27,5.25,-0.01
2006-07-06,4.8,5.0,5.22,5.19,5.23,5.24,-0.03
2006-07-07,4.83,5.02,5.17,5.14,5.18,5.22,-0.03
2006-07-08,4.83,5.02,5.17,5.14,5.18,5.22,-0.03
2006-07-09,4.83,5.02,5.17,5.14,5.18,5.22,-0.03
2006-07-10,4.86,5.06,5.17,5.13,5.17,5.24,-0.04
2006-07-11,4.9,5.05,5.17,5.1,5.14,5.25,-0.07
2006-07-12,4.92,5.06,5.17,5.1,5.14,5.27,-0.07
2006-07-13,4.88,5.05,5.12,5.08,5.12,5.26,-0.04
2006-07-14,4.87,5.06,5.08,5.07,5.11,5.26,-0.01
2006-07-15,4.87,5.06,5.08,5.07,5.11,5.26,-0.01
2006-07-16,4.87,5.06,5.08,5.07,5.11,5.26,-0.01
2006-07-17,4.91,5.11,5.12,5.07,5.1,5.28,-0.05
2006-07-18,4.94,5.13,5.19,5.13,5.16,5.22,-0.06
2006-07-19,4.91,5.11,5.12,5.06,5.1,5.23,-0.06
2006-07-20,4.87,5.08,5.06,5.03,5.08,5.24,-0.03
2006-07-21,4.88,5.1,5.08,5.05,5.1,5.23,-0.03
2006-07-22,4.88,5.1,5.08,5.05,5.1,5.23,-0.03
2006-07-23,4.88,5.1,5.08,5.05,5.1,5.23,-0.03
2006-07-24,4.91,5.1,5.1,5.05,5.11,5.24,-0.05
2006-07-25,5.01,5.13,5.11,5.07,5.13,5.24,-0.04
2006-07-26,5.0,5.11,5.06,5.04,5.1,5.24,-0.02
2006-07-27,5.02,5.1,5.07,5.07,5.11,5.27,0.0
2006-07-28,4.98,5.07,4.98,5.0,5.07,5.26,0.02
2006-07-29,4.98,5.07,4.98,5.0,5.07,5.26,0.02
2006-07-30,4.98,5.07,4.98,5.0,5.07,5.26,0.02
2006-07-31,5.02,5.1,4.97,4.99,5.07,5.31,0.02
2006-08-01,5.2,5.12,4.97,4.99,5.07,5.27,0.02
2006-08-02,5.2,5.1,4.97,4.96,5.05,5.25,-0.01
2006-08-03,5.18,5.11,4.98,4.96,5.04,5.27,-0.02
2006-08-04,5.15,5.09,4.91,4.91,5.0,5.25,0.0
2006-08-05,5.15,5.09,4.91,4.91,5.0,5.25,0.0
2006-08-06,5.15,5.09,4.91,4.91,5.0,5.25,0.0
2006-08-07,5.18,5.12,4.96,4.93,5.0,5.24,-0.03
2006-08-08,5.19,5.1,4.91,4.93,5.02,5.26,0.02
2006-08-09,5.14,5.07,4.91,4.92,5.05,5.25,0.01
2006-08-10,5.12,5.05,4.93,4.93,5.06,5.24,0.0
2006-08-11,5.12,5.07,4.96,4.97,5.09,5.24,0.01
2006-08-12,5.12,5.07,4.96,4.97,5.09,5.24,0.01
2006-08-13,5.12,5.07,4.96,4.97,5.09,5.24,0.01
2006-08-14,5.15,5.12,5.01,5.0,5.12,5.26,-0.01
2006-08-15,5.18,5.1,4.94,4.93,5.05,5.24,-0.01
2006-08-16,5.16,5.07,4.87,4.87,5.0,5.17,0.0
2006-08-17,5.15,5.09,4.89,4.87,5.0,5.2,-0.02
2006-08-18,5.13,5.1,4.87,4.84,4.97,5.25,-0.03
2006-08-19,5.13,5.1,4.87,4.84,4.97,5.25,-0.03
2006-08-20,5.13,5.1,4.87,4.84,4.97,5.25,-0.03
2006-08-21,5.15,5.11,4.85,4.82,4.96,5.24,-0.03
2006-08-22,5.17,5.1,4.87,4.82,4.95,5.24,-0.05
2006-08-23,5.17,5.09,4.87,4.82,4.95,5.25,-0.05
2006-08-24,5.16,5.09,4.88,4.81,4.94,5.25,-0.07
2006-08-25,5.17,5.11,4.86,4.79,4.93,5.25,-0.07
2006-08-26,5.17,5.11,4.86,4.79,4.93,5.25,-0.07
2006-08-27,5.17,5.11,4.86,4.79,4.93,5.25,-0.07
2006-08-28,5.17,5.1,4.88,4.8,4.94,5.25,-0.08
2006-08-29,5.19,5.07,4.87,4.79,4.93,5.23,-0.08
2006-08-30,5.16,5.05,4.83,4.76,4.91,5.25,-0.07
2006-08-31,5.12,5.05,4.79,4.74,4.88,5.31,-0.05
2006-09-01,5.07,5.02,4.77,4.73,4.87,5.25,-0.04
2006-09-02,5.07,5.02,4.77,4.73,4.87,5.25,-0.04
2006-09-03,5.07,5.02,4.77,4.73,4.87,5.25,-0.04
2006-09-04,5.07,5.02,4.77,4.73,4.87,5.25,-0.04
2006-09-05,4.96,5.0,4.8,4.78,4.93,5.26,-0.02
2006-09-06,4.89,4.97,4.82,4.8,4.95,5.21,-0.02
2006-09-07,4.89,4.97,4.82,4.8,4.94,5.23,-0.02
2006-09-08,4.83,4.93,4.8,4.78,4.92,5.23,-0.02
2006-09-09,4.83,4.93,4.8,4.78,4.92,5.23,-0.02
2006-09-10,4.83,4.93,4.8,4.78,4.92,5.23,-0.02
2006-09-11,4.85,4.93,4.83,4.8,4.95,5.24,-0.03
2006-09-12,4.75,4.9,4.82,4.78,4.91,5.21,-0.04
2006-09-13,4.78,4.91,4.8,4.77,4.9,5.26,-0.03
2006-09-14,4.81,4.95,4.83,4.79,4.92,5.26,-0.04
2006-09-15,4.77,4.96,4.87,4.8,4.92,5.25,-0.07
2006-09-16,4.77,4.96,4.87,4.8,4.92,5.25,-0.07
2006-09-17,4.77,4.96,4.87,4.8,4.92,5.25,-0.07
2006-09-18,4.76,4.94,4.88,4.81,4.93,5.23,-0.07
2006-09-19,4.72,4.94,4.79,4.74,4.86,5.21,-0.05
2006-09-20,4.73,4.93,4.81,4.73,4.85,5.23,-0.08
2006-09-21,4.72,4.92,4.71,4.65,4.78,5.24,-0.06
2006-09-22,4.73,4.93,4.67,4.6,4.74,5.27,-0.07
2006-09-23,4.73,4.93,4.67,4.6,4.74,5.27,-0.07
2006-09-24,4.73,4.93,4.67,4.6,4.74,5.27,-0.07
2006-09-25,4.72,4.88,4.63,4.56,4.7,5.3,-0.07
2006-09-26,4.64,4.88,4.68,4.59,4.71,5.25,-0.09
2006-09-27,4.6,4.88,4.66,4.6,4.73,5.3,-0.06
2006-09-28,4.53,4.87,4.68,4.63,4.76,5.28,-0.05
2006-09-29,4.6,4.89,4.71,4.64,4.77,5.34,-0.07
2006-09-30,4.6,4.89,4.71,4.64,4.77,5.34,-0.07
2006-10-01,4.6,4.89,4.71,4.64,4.77,5.34,-0.07
2006-10-02,4.67,4.88,4.66,4.62,4.76,5.33,-0.04
2006-10-03,4.71,4.9,4.67,4.62,4.76,5.25,-0.05
2006-10-04,4.78,4.93,4.6,4.57,4.72,5.23,-0.03
2006-10-05,4.81,4.94,4.65,4.61,4.76,5.23,-0.04
2006-10-06,4.76,4.95,4.74,4.7,4.84,5.22,-0.04
2006-10-07,4.76,4.95,4.74,4.7,4.84,5.22,-0.04
2006-10-08,4.76,4.95,4.74,4.7,4.84,5.22,-0.04
2006-10-09,4.76,4.95,4.74,4.7,4.84,5.22,-0.04
2006-10-10,4.81,5.0,4.82,4.75,4.88,5.28,-0.07
2006-10-11,4.9,5.02,4.85,4.78,4.91,5.25,-0.07
2006-10-12,4.93,5.06,4.85,4.79,4.91,5.25,-0.06
2006-10-13,4.93,5.05,4.87,4.81,4.94,5.21,-0.06
2006-10-14,4.93,5.05,4.87,4.81,4.94,5.21,-0.06
2006-10-15,4.93,5.05,4.87,4.81,4.94,5.21,-0.06
2006-10-16,5.01,5.09,4.85,4.79,4.92,5.28,-0.06
2006-10-17,5.06,5.09,4.83,4.78,4.91,5.21,-0.05
2006-10-18,5.05,5.09,4.85,4.77,4.89,5.23,-0.08
2006-10-19,5.02,5.1,4.85,4.79,4.91,5.22,-0.06
2006-10-20,5.0,5.09,4.87,4.79,4.91,5.25,-0.08
2006-10-21,5.0,5.09,4.87,4.79,4.91,5.25,-0.08
2006-10-22,5.0,5.09,4.87,4.79,4.91,5.25,-0.08
2006-10-23,5.05,5.12,4.9,4.83,4.95,5.24,-0.07
2006-10-24,5.15,5.13,4.91,4.83,4.95,5.24,-0.08
2006-10-25,5.14,5.12,4.88,4.78,4.89,5.26,-0.1
2006-10-26,5.16,5.12,4.81,4.73,4.84,5.23,-0.08
2006-10-27,5.14,5.11,4.76,4.68,4.8,5.23,-0.08
2006-10-28,5.14,5.11,4.76,4.68,4.8,5.23,-0.08
2006-10-29,5.14,5.11,4.76,4.68,4.8,5.23,-0.08
2006-10-30,5.15,5.1,4.78,4.68,4.78,5.27,-0.1
2006-10-31,5.18,5.08,4.71,4.61,4.72,5.31,-0.1
2006-11-01,5.19,5.07,4.66,4.57,4.68,5.23,-0.09
2006-11-02,5.18,5.07,4.67,4.6,4.72,5.22,-0.07
2006-11-03,5.18,5.09,4.82,4.72,4.81,5.25,-0.1
2006-11-04,5.18,5.09,4.82,4.72,4.81,5.25,-0.1
2006-11-05,5.18,5.09,4.82,4.72,4.81,5.25,-0.1
2006-11-06,5.17,5.09,4.82,4.71,4.79,5.24,-0.11
2006-11-07,5.2,5.08,4.77,4.66,4.76,5.22,-0.11
2006-11-08,5.2,5.1,4.75,4.64,4.73,5.22,-0.11
2006-11-09,5.19,5.09,4.75,4.62,4.73,5.23,-0.13
2006-11-10,5.2,5.1,4.73,4.59,4.69,5.23,-0.14
2006-11-11,5.2,5.1,4.73,4.59,4.69,5.23,-0.14
2006-11-12,5.2,5.1,4.73,4.59,4.69,5.23,-0.14
2006-11-13,5.17,5.09,4.76,4.61,4.71,5.27,-0.15
2006-11-14,5.24,5.09,4.74,4.57,4.66,5.25,-0.17
2006-11-15,5.24,5.09,4.8,4.61,4.69,5.29,-0.19
2006-11-16,5.22,5.09,4.85,4.66,4.74,5.25,-0.19
2006-11-17,5.19,5.09,4.76,4.61,4.69,5.2,-0.15
2006-11-18,5.19,5.09,4.76,4.61,4.69,5.2,-0.15
2006-11-19,5.19,5.09,4.76,4.61,4.69,5.2,-0.15
2006-11-20,5.19,5.08,4.76,4.6,4.68,5.25,-0.16
2006-11-21,5.26,5.07,4.75,4.58,4.66,5.29,-0.17
2006-11-22,5.25,5.05,4.74,4.57,4.65,5.26,-0.17
2006-11-23,5.25,5.05,4.74,4.57,4.65,5.26,-0.17
2006-11-24,5.21,5.04,4.73,4.55,4.63,5.24,-0.18
2006-11-25,5.21,5.04,4.73,4.55,4.63,5.24,-0.18
2006-11-26,5.21,5.04,4.73,4.55,4.63,5.24,-0.18
2006-11-27,5.22,5.05,4.71,4.54,4.62,5.32,-0.17
2006-11-28,5.27,5.04,4.67,4.51,4.59,5.24,-0.16
2006-11-29,5.26,5.04,4.69,4.52,4.61,5.26,-0.17
2006-11-30,5.22,5.03,4.62,4.46,4.56,5.31,-0.16
2006-12-01,5.21,5.03,4.52,4.43,4.54,5.27,-0.09
2006-12-02,5.21,5.03,4.52,4.43,4.54,5.27,-0.09
2006-12-03,5.21,5.03,4.52,4.43,4.54,5.27,-0.09
2006-12-04,5.13,5.01,4.52,4.43,4.55,5.22,-0.09
2006-12-05,4.88,4.99,4.52,4.45,4.57,5.21,-0.07
2006-12-06,4.91,4.99,4.59,4.48,4.6,5.22,-0.11
2006-12-07,4.92,4.98,4.58,4.49,4.6,5.25,-0.09
2006-12-08,4.89,4.97,4.68,4.56,4.66,5.25,-0.12
2006-12-09,4.89,4.97,4.68,4.56,4.66,5.25,-0.12
2006-12-10,4.89,4.97,4.68,4.56,4.66,5.25,-0.12
2006-12-11,4.85,4.93,4.67,4.52,4.63,5.25,-0.15
2006-12-12,4.87,4.93,4.61,4.49,4.6,5.23,-0.12
2006-12-13,4.86,4.94,4.7,4.58,4.69,5.23,-0.12
2006-12-14,4.87,4.96,4.73,4.6,4.72,5.29,-0.13
2006-12-15,4.78,4.91,4.73,4.6,4.72,5.27,-0.13
2006-12-16,4.78,4.91,4.73,4.6,4.72,5.27,-0.13
2006-12-17,4.78,4.91,4.73,4.6,4.72,5.27,-0.13
2006-12-18,4.8,4.96,4.71,4.6,4.72,5.21,-0.11
2006-12-19,4.84,4.96,4.71,4.6,4.73,5.21,-0.11
2006-12-20,4.87,4.96,4.71,4.6,4.73,5.26,-0.11
2006-12-21,4.84,4.97,4.66,4.55,4.7,5.25,-0.11
2006-12-22,4.82,4.99,4.71,4.63,4.76,5.24,-0.08
2006-12-23,4.82,4.99,4.71,4.63,4.76,5.24,-0.08
2006-12-24,4.82,4.99,4.71,4.63,4.76,5.24,-0.08
2006-12-25,4.82,4.99,4.71,4.63,4.76,5.24,-0.08
2006-12-26,4.81,4.99,4.71,4.61,4.73,5.29,-0.1
2006-12-27,4.75,4.97,4.77,4.66,4.78,5.17,-0.11
2006-12-28,4.74,5.0,4.82,4.7,4.81,5.25,-0.12
2006-12-29,4.75,5.02,4.82,4.71,4.81,5.17,-0.11
2006-12-30,4.75,5.02,4.82,4.71,4.81,5.17,-0.11
2006-12-31,4.75,5.02,4.82,4.71,4.81,5.17,-0.11
2007-01-01,4.75,5.02,4.82,4.71,4.81,5.17,-0.11
2007-01-02,4.79,5.07,4.8,4.68,4.79,5.3,-0.12
2007-01-03,4.84,5.05,4.76,4.67,4.77,5.28,-0.09
2007-01-04,4.8,5.04,4.71,4.62,4.72,5.24,-0.09
2007-01-05,4.81,5.05,4.76,4.65,4.74,5.21,-0.11
2007-01-06,4.81,5.05,4.76,4.65,4.74,5.21,-0.11
2007-01-07,4.81,5.05,4.76,4.65,4.74,5.21,-0.11
2007-01-08,4.87,5.08,4.78,4.66,4.74,5.23,-0.12
2007-01-09,4.9,5.08,4.79,4.66,4.74,5.25,-0.13
2007-01-10,4.94,5.09,4.81,4.69,4.77,5.26,-0.12
2007-01-11,4.99,5.11,4.86,4.74,4.82,5.27,-0.12
2007-01-12,4.98,5.09,4.88,4.77,4.86,5.22,-0.11
2007-01-13,4.98,5.09,4.88,4.77,4.86,5.22,-0.11
2007-01-14,4.98,5.09,4.88,4.77,4.86,5.22,-0.11
2007-01-15,4.98,5.09,4.88,4.77,4.86,5.22,-0.11
2007-01-16,5.0,5.11,4.86,4.75,4.85,5.28,-0.11
2007-01-17,5.01,5.12,4.91,4.79,4.88,5.25,-0.12
2007-01-18,4.97,5.12,4.89,4.75,4.85,5.23,-0.14
2007-01-19,4.96,5.14,4.93,4.78,4.87,5.25,-0.15
2007-01-20,4.96,5.14,4.93,4.78,4.87,5.25,-0.15
2007-01-21,4.96,5.14,4.93,4.78,4.87,5.25,-0.15
2007-01-22,4.98,5.13,4.91,4.76,4.84,5.24,-0.15
2007-01-23,5.02,5.14,4.94,4.81,4.9,5.26,-0.13
2007-01-24,4.99,5.13,4.93,4.81,4.91,5.27,-0.12
2007-01-25,4.97,5.14,4.98,4.87,4.96,5.31,-0.11
2007-01-26,4.94,5.13,4.99,4.88,4.98,5.26,-0.11
2007-01-27,4.94,5.13,4.99,4.88,4.98,5.26,-0.11
2007-01-28,4.94,5.13,4.99,4.88,4.98,5.26,-0.11
2007-01-29,4.95,5.14,4.99,4.9,4.99,5.26,-0.09
2007-01-30,4.99,5.13,4.98,4.88,4.98,5.23,-0.1
2007-01-31,5.0,5.12,4.94,4.83,4.93,5.33,-0.11
2007-02-01,4.99,5.13,4.96,4.84,4.93,5.29,-0.12
2007-02-02,5.01,5.14,4.94,4.83,4.93,5.24,-0.11
2007-02-03,5.01,5.14,4.94,4.83,4.93,5.24,-0.11
2007-02-04,5.01,5.14,4.94,4.83,4.93,5.24,-0.11
2007-02-05,5.06,5.15,4.92,4.81,4.91,5.25,-0.11
2007-02-06,5.14,5.14,4.9,4.77,4.87,5.24,-0.13
2007-02-07,5.15,5.15,4.87,4.74,4.86,5.23,-0.13
2007-02-08,5.15,5.16,4.87,4.73,4.81,5.25,-0.14
2007-02-09,5.15,5.15,4.92,4.79,4.87,5.25,-0.13
2007-02-10,5.15,5.15,4.92,4.79,4.87,5.25,-0.13
2007-02-11,5.15,5.15,4.92,4.79,4.87,5.25,-0.13
2007-02-12,5.16,5.18,4.94,4.8,4.88,5.28,-0.14
2007-02-13,5.24,5.17,4.95,4.82,4.9,5.26,-0.13
2007-02-14,5.23,5.16,4.87,4.74,4.83,5.27,-0.13
2007-02-15,5.23,5.17,4.83,4.7,4.81,5.29,-0.13
2007-02-16,5.23,5.17,4.83,4.69,4.79,5.24,-0.14
2007-02-17,5.23,5.17,4.83,4.69,4.79,5.24,-0.14
2007-02-18,5.23,5.17,4.83,4.69,4.79,5.24,-0.14
2007-02-19,5.23,5.17,4.83,4.69,4.79,5.24,-0.14
2007-02-20,5.23,5.19,4.81,4.68,4.78,5.27,-0.13
2007-02-21,5.27,5.18,4.82,4.69,4.79,5.23,-0.13
2007-02-22,5.26,5.19,4.87,4.73,4.83,5.26,-0.14
2007-02-23,5.25,5.18,4.82,4.68,4.79,5.24,-0.14
2007-02-24,5.25,5.18,4.82,4.68,4.79,5.24,-0.14
2007-02-25,5.25,5.18,4.82,4.68,4.79,5.24,-0.14
2007-02-26,5.23,5.19,4.77,4.63,4.73,5.3,-0.14
2007-02-27,5.22,5.14,4.59,4.5,4.62,5.27,-0.09
2007-02-28,5.24,5.16,4.65,4.56,4.68,5.41,-0.09
2007-03-01,5.25,5.15,4.63,4.56,4.68,5.31,-0.07
2007-03-02,5.23,5.12,4.56,4.52,4.65,5.23,-0.04
2007-03-03,5.23,5.12,4.56,4.52,4.65,5.23,-0.04
2007-03-04,5.23,5.12,4.56,4.52,4.65,5.23,-0.04
2007-03-05,5.22,5.1,4.53,4.51,4.64,5.27,-0.02
2007-03-06,5.24,5.14,4.58,4.53,4.66,5.22,-0.05
2007-03-07,5.24,5.12,4.54,4.5,4.64,5.24,-0.04
2007-03-08,5.24,5.1,4.56,4.51,4.65,5.24,-0.05
2007-03-09,5.22,5.1,4.66,4.59,4.72,5.24,-0.07
2007-03-10,5.22,5.1,4.66,4.59,4.72,5.24,-0.07
2007-03-11,5.22,5.1,4.66,4.59,4.72,5.24,-0.07
2007-03-12,5.22,5.09,4.62,4.56,4.69,5.25,-0.06
2007-03-13,5.23,5.09,4.52,4.5,4.66,5.25,-0.02
2007-03-14,5.24,5.06,4.54,4.53,4.69,5.27,-0.01
2007-03-15,5.21,5.05,4.57,4.54,4.69,5.29,-0.03
2007-03-16,5.18,5.04,4.58,4.55,4.7,5.25,-0.03
2007-03-17,5.18,5.04,4.58,4.55,4.7,5.25,-0.03
2007-03-18,5.18,5.04,4.58,4.55,4.7,5.25,-0.03
2007-03-19,5.17,5.06,4.61,4.58,4.72,5.26,-0.03
2007-03-20,5.22,5.06,4.6,4.56,4.71,5.26,-0.04
2007-03-21,5.24,5.05,4.51,4.53,4.7,5.26,0.02
2007-03-22,5.23,5.06,4.58,4.6,4.78,5.27,0.02
2007-03-23,5.24,5.08,4.6,4.62,4.8,5.24,0.02
2007-03-24,5.24,5.08,4.6,4.62,4.8,5.24,0.02
2007-03-25,5.24,5.08,4.6,4.62,4.8,5.24,0.02
2007-03-26,5.22,5.06,4.56,4.6,4.79,5.28,0.04
2007-03-27,5.2,5.08,4.58,4.62,4.81,5.25,0.04
2007-03-28,5.18,5.06,4.53,4.62,4.83,5.27,0.09
2007-03-29,5.05,5.05,4.58,4.64,4.83,5.29,0.06
2007-03-30,5.07,5.04,4.58,4.65,4.84,5.3,0.07
2007-03-31,5.07,5.04,4.58,4.65,4.84,5.3,0.07
2007-04-01,5.07,5.04,4.58,4.65,4.84,5.3,0.07
2007-04-02,5.12,5.04,4.6,4.65,4.84,5.25,0.05
2007-04-03,5.15,5.05,4.63,4.67,4.85,5.2,0.04
2007-04-04,5.16,5.07,4.61,4.66,4.85,5.21,0.05
2007-04-05,5.1,5.04,4.63,4.68,4.87,5.3,0.05
2007-04-06,5.1,5.05,4.75,4.76,4.92,5.3,0.01
2007-04-07,5.1,5.05,4.75,4.76,4.92,5.3,0.01
2007-04-08,5.1,5.05,4.75,4.76,4.92,5.3,0.01
2007-04-09,5.08,5.02,4.73,4.75,4.92,5.28,0.02
2007-04-10,5.0,5.03,4.71,4.73,4.91,5.26,0.02
2007-04-11,5.01,5.04,4.73,4.74,4.92,5.24,0.01
2007-04-12,5.0,5.03,4.73,4.74,4.91,5.27,0.01
2007-04-13,4.98,5.02,4.76,4.76,4.93,5.25,0.0
2007-04-14,4.98,5.02,4.76,4.76,4.93,5.25,0.0
2007-04-15,4.98,5.02,4.76,4.76,4.93,5.25,0.0
2007-04-16,4.97,5.01,4.74,4.74,4.89,5.29,0.0
2007-04-17,4.94,5.01,4.68,4.69,4.85,5.2,0.01
2007-04-18,4.94,5.0,4.64,4.66,4.81,5.19,0.02
2007-04-19,4.93,4.99,4.64,4.68,4.84,5.23,0.04
2007-04-20,4.93,4.99,4.64,4.68,4.85,5.25,0.04
2007-04-21,4.93,4.99,4.64,4.68,4.85,5.25,0.04
2007-04-22,4.93,4.99,4.64,4.68,4.85,5.25,0.04
2007-04-23,4.93,4.98,4.62,4.66,4.83,5.23,0.04
2007-04-24,4.92,4.98,4.58,4.63,4.8,5.2,0.05
2007-04-25,4.94,4.97,4.63,4.66,4.83,5.19,0.03
2007-04-26,4.91,4.96,4.67,4.69,4.87,5.24,0.02
2007-04-27,4.85,4.95,4.67,4.71,4.89,5.24,0.04
2007-04-28,4.85,4.95,4.67,4.71,4.89,5.24,0.04
2007-04-29,4.85,4.95,4.67,4.71,4.89,5.24,0.04
2007-04-30,4.8,4.91,4.6,4.63,4.81,5.29,0.03
2007-05-01,4.69,4.9,4.63,4.64,4.81,5.26,0.01
2007-05-02,4.72,4.91,4.65,4.65,4.82,5.21,0.0
2007-05-03,4.74,4.9,4.71,4.68,4.84,5.24,-0.03
2007-05-04,4.74,4.9,4.68,4.65,4.8,5.24,-0.03
2007-05-05,4.74,4.9,4.68,4.65,4.8,5.24,-0.03
2007-05-06,4.74,4.9,4.68,4.65,4.8,5.24,-0.03
2007-05-07,4.76,4.89,4.68,4.64,4.79,5.24,-0.04
2007-05-08,4.76,4.9,4.68,4.63,4.8,5.21,-0.05
2007-05-09,4.75,4.88,4.73,4.67,4.83,5.21,-0.06
2007-05-10,4.77,4.87,4.7,4.65,4.83,5.25,-0.05
2007-05-11,4.75,4.87,4.71,4.67,4.85,5.27,-0.04
2007-05-12,4.75,4.87,4.71,4.67,4.85,5.27,-0.04
2007-05-13,4.75,4.87,4.71,4.67,4.85,5.27,-0.04
2007-05-14,4.72,4.85,4.73,4.69,4.86,5.26,-0.04
2007-05-15,4.79,4.83,4.75,4.71,4.88,5.29,-0.04
2007-05-16,4.73,4.75,4.73,4.71,4.88,5.25,-0.02
2007-05-17,4.8,4.81,4.78,4.76,4.91,5.25,-0.02
2007-05-18,4.78,4.84,4.82,4.81,4.96,5.24,-0.01
2007-05-19,4.78,4.84,4.82,4.81,4.96,5.24,-0.01
2007-05-20,4.78,4.84,4.82,4.81,4.96,5.24,-0.01
2007-05-21,4.85,4.88,4.81,4.79,4.94,5.24,-0.02
2007-05-22,5.01,4.93,4.83,4.83,4.98,5.23,0.0
2007-05-23,5.0,4.91,4.85,4.86,5.01,5.25,0.01
2007-05-24,4.99,4.91,4.85,4.86,5.0,5.24,0.01
2007-05-25,4.97,4.88,4.85,4.86,5.01,5.29,0.01
2007-05-26,4.97,4.88,4.85,4.86,5.01,5.29,0.01
2007-05-27,4.97,4.88,4.85,4.86,5.01,5.29,0.01
2007-05-28,4.97,4.88,4.85,4.86,5.01,5.29,0.01
2007-05-29,4.95,4.9,4.88,4.88,5.01,5.29,0.0
2007-05-30,4.94,4.85,4.89,4.88,5.01,5.25,-0.01
2007-05-31,4.78,4.73,4.92,4.9,5.01,5.28,-0.02
2007-06-01,4.8,4.79,4.97,4.95,5.06,5.23,-0.02
2007-06-02,4.8,4.79,4.97,4.95,5.06,5.23,-0.02
2007-06-03,4.8,4.79,4.97,4.95,5.06,5.23,-0.02
2007-06-04,4.78,4.81,4.97,4.93,5.02,5.24,-0.04
2007-06-05,4.75,4.83,4.99,4.98,5.07,5.19,-0.01
2007-06-06,4.78,4.8,4.97,4.97,5.08,5.25,0.0
2007-06-07,4.8,4.8,5.03,5.11,5.2,5.25,0.08
2007-06-08,4.76,4.77,5.01,5.12,5.22,5.26,0.11
2007-06-09,4.76,4.77,5.01,5.12,5.22,5.26,0.11
2007-06-10,4.76,4.77,5.01,5.12,5.22,5.26,0.11
2007-06-11,4.7,4.73,5.01,5.14,5.24,5.27,0.13
2007-06-12,4.65,4.72,5.08,5.26,5.35,5.26,0.18
2007-06-13,4.62,4.66,5.08,5.2,5.28,5.26,0.12
2007-06-14,4.51,4.65,5.1,5.23,5.3,5.28,0.13
2007-06-15,4.46,4.56,5.05,5.16,5.26,5.26,0.11
2007-06-16,4.46,4.56,5.05,5.16,5.26,5.26,0.11
2007-06-17,4.46,4.56,5.05,5.16,5.26,5.26,0.11
2007-06-18,4.47,4.63,5.01,5.15,5.26,5.23,0.14
2007-06-19,4.44,4.65,4.94,5.09,5.2,5.21,0.15
2007-06-20,4.42,4.74,4.97,5.14,5.24,5.27,0.17
2007-06-21,4.17,4.7,4.98,5.16,5.28,5.26,0.18
2007-06-22,4.29,4.73,4.92,5.14,5.25,5.24,0.22
2007-06-23,4.29,4.73,4.92,5.14,5.25,5.24,0.22
2007-06-24,4.29,4.73,4.92,5.14,5.25,5.24,0.22
2007-06-25,4.43,4.82,4.87,5.09,5.2,5.29,0.22
2007-06-26,4.53,4.82,4.9,5.1,5.22,5.25,0.2
2007-06-27,4.24,4.77,4.91,5.09,5.2,5.26,0.18
2007-06-28,4.08,4.78,4.96,5.12,5.22,5.26,0.16
2007-06-29,4.28,4.82,4.87,5.03,5.12,5.31,0.16
2007-06-30,4.28,4.82,4.87,5.03,5.12,5.31,0.16
2007-07-01,4.28,4.82,4.87,5.03,5.12,5.31,0.16
2007-07-02,4.55,4.95,4.86,5.0,5.09,5.31,0.14
2007-07-03,4.77,4.95,4.89,5.05,5.14,5.24,0.16
2007-07-04,4.77,4.95,4.89,5.05,5.14,5.24,0.16
2007-07-05,4.76,4.95,4.99,5.16,5.24,5.25,0.17
2007-07-06,4.71,4.95,4.99,5.19,5.28,5.22,0.2
2007-07-07,4.71,4.95,4.99,5.19,5.28,5.22,0.2
2007-07-08,4.71,4.95,4.99,5.19,5.28,5.22,0.2
2007-07-09,4.68,4.97,4.97,5.16,5.25,5.22,0.19
2007-07-10,4.74,4.95,4.85,5.03,5.14,5.24,0.18
2007-07-11,4.73,4.95,4.89,5.09,5.18,5.24,0.2
2007-07-12,4.73,4.97,4.94,5.13,5.22,5.26,0.19
2007-07-13,4.72,4.97,4.94,5.11,5.19,5.25,0.17
2007-07-14,4.72,4.97,4.94,5.11,5.19,5.25,0.17
2007-07-15,4.72,4.97,4.94,5.11,5.19,5.25,0.17
2007-07-16,4.75,4.98,4.89,5.05,5.14,5.32,0.16
2007-07-17,4.77,4.96,4.91,5.08,5.16,5.28,0.17
2007-07-18,4.77,4.96,4.84,5.02,5.1,5.26,0.18
2007-07-19,4.78,4.98,4.87,5.04,5.12,5.25,0.17
2007-07-20,4.76,4.97,4.79,4.96,5.07,5.25,0.17
2007-07-21,4.76,4.97,4.79,4.96,5.07,5.25,0.17
2007-07-22,4.76,4.97,4.79,4.96,5.07,5.25,0.17
2007-07-23,4.88,5.02,4.8,4.97,5.07,5.26,0.17
2007-07-24,5.05,5.02,4.77,4.94,5.05,5.25,0.17
2007-07-25,5.04,4.99,4.74,4.92,5.04,5.32,0.18
2007-07-26,4.98,4.92,4.56,4.79,4.95,5.28,0.23
2007-07-27,4.89,4.85,4.56,4.8,4.95,5.25,0.24
2007-07-28,4.89,4.85,4.56,4.8,4.95,5.25,0.24
2007-07-29,4.89,4.85,4.56,4.8,4.95,5.25,0.24
2007-07-30,4.95,4.96,4.59,4.82,4.97,5.29,0.23
2007-07-31,5.13,4.96,4.56,4.78,4.92,5.28,0.22
2007-08-01,5.05,4.89,4.56,4.76,4.9,5.3,0.2
2007-08-02,5.02,4.89,4.59,4.77,4.91,5.24,0.18
2007-08-03,4.94,4.85,4.46,4.71,4.87,5.24,0.25
2007-08-04,4.94,4.85,4.46,4.71,4.87,5.24,0.25
2007-08-05,4.94,4.85,4.46,4.71,4.87,5.24,0.25
2007-08-06,4.92,4.88,4.46,4.72,4.89,5.26,0.26
2007-08-07,5.05,4.94,4.56,4.77,4.92,5.26,0.21
2007-08-08,5.04,4.95,4.64,4.84,5.01,5.27,0.2
2007-08-09,4.7,4.81,4.49,4.79,5.02,5.41,0.3
2007-08-10,4.38,4.57,4.47,4.81,5.03,4.68,0.34
2007-08-11,4.38,4.57,4.47,4.81,5.03,4.68,0.34
2007-08-12,4.38,4.57,4.47,4.81,5.03,4.68,0.34
2007-08-13,4.61,4.74,4.46,4.78,5.01,4.81,0.32
2007-08-14,4.62,4.64,4.39,4.73,4.99,4.54,0.34
2007-08-15,4.18,4.21,4.27,4.69,5.0,4.71,0.42
2007-08-16,3.13,3.79,4.08,4.6,4.92,4.97,0.52
2007-08-17,3.03,3.76,4.18,4.68,5.0,4.91,0.5
2007-08-18,3.03,3.76,4.18,4.68,5.0,4.91,0.5
2007-08-19,3.03,3.76,4.18,4.68,5.0,4.91,0.5
2007-08-20,2.47,3.12,4.11,4.64,4.98,5.03,0.53
2007-08-21,3.17,3.59,4.05,4.6,4.95,4.89,0.55
2007-08-22,3.12,3.67,4.15,4.63,4.96,4.77,0.48
2007-08-23,3.79,3.89,4.2,4.62,4.93,4.88,0.42
2007-08-24,4.24,4.24,4.3,4.63,4.88,5.11,0.33
2007-08-25,4.24,4.24,4.3,4.63,4.88,5.11,0.33
2007-08-26,4.24,4.24,4.3,4.63,4.88,5.11,0.33
2007-08-27,4.74,4.63,4.28,4.6,4.87,5.27,0.32
2007-08-28,4.6,4.4,4.13,4.53,4.86,5.3,0.4
2007-08-29,4.02,3.98,4.14,4.57,4.88,5.0,0.43
2007-08-30,3.69,3.84,4.08,4.51,4.83,5.0,0.43
2007-08-31,4.02,4.01,4.15,4.54,4.83,4.96,0.39
2007-09-01,4.02,4.01,4.15,4.54,4.83,4.96,0.39
2007-09-02,4.02,4.01,4.15,4.54,4.83,4.96,0.39
2007-09-03,4.02,4.01,4.15,4.54,4.83,4.96,0.39
2007-09-04,4.55,4.47,4.13,4.56,4.84,5.22,0.43
2007-09-05,4.41,4.36,4.03,4.48,4.78,5.18,0.45
2007-09-06,4.28,4.29,4.08,4.51,4.79,4.98,0.43
2007-09-07,4.03,4.07,3.9,4.38,4.7,4.86,0.48
2007-09-08,4.03,4.07,3.9,4.38,4.7,4.86,0.48
2007-09-09,4.03,4.07,3.9,4.38,4.7,4.86,0.48
2007-09-10,3.93,3.96,3.87,4.34,4.65,5.07,0.47
2007-09-11,4.13,4.11,3.95,4.37,4.65,5.06,0.42
2007-09-12,4.0,4.03,3.95,4.41,4.68,5.18,0.46
2007-09-13,4.04,4.08,4.08,4.49,4.75,5.09,0.41
2007-09-14,3.85,4.01,4.05,4.47,4.72,5.25,0.42
2007-09-15,3.85,4.01,4.05,4.47,4.72,5.25,0.42
2007-09-16,3.85,4.01,4.05,4.47,4.72,5.25,0.42
2007-09-17,3.82,4.15,4.08,4.48,4.72,5.33,0.4
2007-09-18,3.87,4.01,4.0,4.5,4.77,4.92,0.5
2007-09-19,3.62,3.93,4.0,4.53,4.83,4.74,0.53
2007-09-20,3.46,3.79,4.1,4.69,4.96,4.77,0.59
2007-09-21,3.24,3.74,4.06,4.64,4.89,4.76,0.58
2007-09-22,3.24,3.74,4.06,4.64,4.89,4.76,0.58
2007-09-23,3.24,3.74,4.06,4.64,4.89,4.76,0.58
2007-09-24,3.35,3.84,4.05,4.63,4.88,4.74,0.58
2007-09-25,3.34,3.79,4.0,4.63,4.89,4.82,0.63
2007-09-26,3.25,3.73,3.97,4.63,4.9,4.88,0.66
2007-09-27,3.3,3.71,3.95,4.58,4.84,4.93,0.63
2007-09-28,3.43,3.82,3.97,4.59,4.83,4.58,0.62
2007-09-29,3.43,3.82,3.97,4.59,4.83,4.58,0.62
2007-09-30,3.43,3.82,3.97,4.59,4.83,4.58,0.62
2007-10-01,3.52,3.92,4.02,4.56,4.79,4.92,0.54
2007-10-02,3.63,3.96,3.98,4.54,4.77,4.78,0.56
2007-10-03,3.67,3.96,4.02,4.55,4.79,4.68,0.53
2007-10-04,3.63,3.96,4.0,4.54,4.77,4.74,0.54
2007-10-05,3.58,4.0,4.08,4.65,4.87,4.77,0.57
2007-10-06,3.58,4.0,4.08,4.65,4.87,4.77,0.57
2007-10-07,3.58,4.0,4.08,4.65,4.87,4.77,0.57
2007-10-08,3.58,4.0,4.08,4.65,4.87,4.77,0.57
2007-10-09,3.72,4.06,4.15,4.67,4.87,4.91,0.52
2007-10-10,3.81,4.06,4.15,4.65,4.86,4.52,0.5
2007-10-11,3.98,4.12,4.13,4.66,4.87,4.75,0.53
2007-10-12,4.12,4.2,4.23,4.7,4.91,4.75,0.47
2007-10-13,4.12,4.2,4.23,4.7,4.91,4.75,0.47
2007-10-14,4.12,4.2,4.23,4.7,4.91,4.75,0.47
2007-10-15,4.25,4.3,4.22,4.69,4.91,4.81,0.47
2007-10-16,4.14,4.25,4.12,4.66,4.9,4.68,0.54
2007-10-17,3.74,4.01,4.0,4.57,4.82,4.7,0.57
2007-10-18,3.21,3.76,3.93,4.52,4.78,4.69,0.59
2007-10-19,3.45,3.86,3.8,4.41,4.68,4.77,0.61
2007-10-20,3.45,3.86,3.8,4.41,4.68,4.77,0.61
2007-10-21,3.45,3.86,3.8,4.41,4.68,4.77,0.61
2007-10-22,3.69,4.0,3.85,4.42,4.68,4.71,0.57
2007-10-23,3.98,3.98,3.81,4.41,4.69,4.67,0.6
2007-10-24,3.83,3.85,3.74,4.36,4.64,4.74,0.62
2007-10-25,3.92,3.94,3.74,4.37,4.66,4.86,0.63
2007-10-26,3.97,3.96,3.77,4.41,4.68,4.8,0.64
2007-10-27,3.97,3.96,3.77,4.41,4.68,4.8,0.64
2007-10-28,3.97,3.96,3.77,4.41,4.68,4.8,0.64
2007-10-29,3.96,4.01,3.79,4.39,4.66,4.84,0.6
2007-10-30,4.03,3.96,3.82,4.4,4.68,4.78,0.58
2007-10-31,4.01,3.94,3.94,4.48,4.74,4.6,0.54
2007-11-01,3.9,3.81,3.77,4.36,4.64,4.59,0.59
2007-11-02,3.73,3.61,3.66,4.31,4.61,4.28,0.65
2007-11-03,3.73,3.61,3.66,4.31,4.61,4.28,0.65
2007-11-04,3.73,3.61,3.66,4.31,4.61,4.28,0.65
2007-11-05,3.86,3.71,3.69,4.35,4.63,4.29,0.66
2007-11-06,3.99,3.76,3.7,4.38,4.66,4.22,0.68
2007-11-07,3.77,3.49,3.61,4.34,4.67,4.39,0.73
2007-11-08,3.56,3.38,3.47,4.28,4.67,4.58,0.81
2007-11-09,3.42,3.27,3.42,4.23,4.61,4.49,0.81
2007-11-10,3.42,3.27,3.42,4.23,4.61,4.49,0.81
2007-11-11,3.42,3.27,3.42,4.23,4.61,4.49,0.81
2007-11-12,3.42,3.27,3.42,4.23,4.61,4.49,0.81
2007-11-13,3.73,3.5,3.54,4.26,4.61,4.61,0.72
2007-11-14,3.86,3.41,3.57,4.28,4.61,4.6,0.71
2007-11-15,3.74,3.3,3.35,4.17,4.54,4.54,0.82
2007-11-16,3.78,3.4,3.33,4.15,4.52,4.51,0.82
2007-11-17,3.78,3.4,3.33,4.15,4.52,4.51,0.82
2007-11-18,3.78,3.4,3.33,4.15,4.52,4.51,0.82
2007-11-19,3.74,3.4,3.18,4.07,4.47,4.51,0.89
2007-11-20,3.65,3.25,3.14,4.06,4.49,4.51,0.92
2007-11-21,3.54,3.09,2.99,4.0,4.46,4.5,1.01
2007-11-22,3.54,3.09,2.99,4.0,4.46,4.5,1.01
2007-11-23,3.64,3.23,3.07,4.01,4.43,4.56,0.94
2007-11-24,3.64,3.23,3.07,4.01,4.43,4.56,0.94
2007-11-25,3.64,3.23,3.07,4.01,4.43,4.56,0.94
2007-11-26,3.53,3.13,2.92,3.83,4.26,4.62,0.91
2007-11-27,3.68,3.16,3.05,3.95,4.36,4.39,0.9
2007-11-28,3.52,3.05,3.17,4.03,4.41,4.53,0.86
2007-11-29,3.38,2.99,3.06,3.94,4.35,4.55,0.88
2007-11-30,3.63,3.15,3.04,3.97,4.4,4.66,0.93
2007-12-01,3.63,3.15,3.04,3.97,4.4,4.66,0.93
2007-12-02,3.63,3.15,3.04,3.97,4.4,4.66,0.93
2007-12-03,3.55,3.06,2.9,3.89,4.34,4.52,0.99
2007-12-04,3.16,3.07,2.9,3.89,4.34,4.5,0.99
2007-12-05,3.15,3.07,2.9,3.92,4.39,4.31,1.02
2007-12-06,3.09,3.09,3.03,4.02,4.49,4.49,0.99
2007-12-07,3.04,3.12,3.12,4.12,4.58,4.41,1.0
2007-12-08,3.04,3.12,3.12,4.12,4.58,4.41,1.0
2007-12-09,3.04,3.12,3.12,4.12,4.58,4.41,1.0
2007-12-10,3.05,3.05,3.17,4.15,4.6,4.46,0.98
2007-12-11,2.89,2.94,2.94,3.98,4.47,4.29,1.04
2007-12-12,2.89,2.88,3.07,4.05,4.51,4.28,0.98
2007-12-13,2.7,2.87,3.21,4.18,4.61,4.3,0.97
2007-12-14,2.61,2.88,3.31,4.24,4.66,4.24,0.93
2007-12-15,2.61,2.88,3.31,4.24,4.66,4.24,0.93
2007-12-16,2.61,2.88,3.31,4.24,4.66,4.24,0.93
2007-12-17,2.78,3.07,3.24,4.2,4.62,4.31,0.96
2007-12-18,2.76,3.04,3.19,4.14,4.55,4.16,0.95
2007-12-19,2.66,2.91,3.12,4.06,4.47,3.98,0.94
2007-12-20,2.42,2.92,3.09,4.04,4.46,4.37,0.95
2007-12-21,2.44,3.0,3.19,4.18,4.58,4.28,0.99
2007-12-22,2.44,3.0,3.19,4.18,4.58,4.28,0.99
2007-12-23,2.44,3.0,3.19,4.18,4.58,4.28,0.99
2007-12-24,2.75,3.33,3.24,4.23,4.62,4.0,0.99
2007-12-25,2.75,3.33,3.24,4.23,4.62,4.0,0.99
2007-12-26,3.04,3.32,3.31,4.3,4.68,4.26,0.99
2007-12-27,2.85,3.17,3.24,4.21,4.61,4.15,0.97
2007-12-28,2.57,3.18,3.12,4.11,4.51,4.01,0.99
2007-12-29,2.57,3.18,3.12,4.11,4.51,4.01,0.99
2007-12-30,2.57,3.18,3.12,4.11,4.51,4.01,0.99
2007-12-31,2.76,3.36,3.05,4.04,4.45,3.06,0.99
2008-01-01,2.76,3.36,3.05,4.04,4.45,3.06,0.99
2008-01-02,3.09,3.26,2.88,3.91,4.35,4.11,1.03
2008-01-03,3.19,3.24,2.83,3.91,4.37,4.25,1.08
2008-01-04,3.22,3.2,2.74,3.88,4.36,4.18,1.14
2008-01-05,3.22,3.2,2.74,3.88,4.36,4.18,1.14
2008-01-06,3.22,3.2,2.74,3.88,4.36,4.18,1.14
2008-01-07,3.27,3.27,2.76,3.86,4.34,4.27,1.1
2008-01-08,3.31,3.25,2.76,3.86,4.35,4.27,1.1
2008-01-09,3.34,3.22,2.69,3.82,4.32,4.26,1.13
2008-01-10,3.37,3.24,2.71,3.91,4.44,4.26,1.2
2008-01-11,3.23,3.09,2.59,3.82,4.39,4.23,1.23
2008-01-12,3.23,3.09,2.59,3.82,4.39,4.23,1.23
2008-01-13,3.23,3.09,2.59,3.82,4.39,4.23,1.23
2008-01-14,3.2,3.19,2.58,3.81,4.37,4.24,1.23
2008-01-15,3.15,3.17,2.53,3.72,4.28,4.24,1.19
2008-01-16,3.14,3.14,2.51,3.74,4.32,4.22,1.23
2008-01-17,3.07,3.07,2.44,3.66,4.25,4.23,1.22
2008-01-18,2.63,2.86,2.36,3.66,4.28,4.17,1.3
2008-01-19,2.63,2.86,2.36,3.66,4.28,4.17,1.3
2008-01-20,2.63,2.86,2.36,3.66,4.28,4.17,1.3
2008-01-21,2.63,2.86,2.36,3.66,4.28,4.17,1.3
2008-01-22,2.15,2.35,2.08,3.52,4.23,3.68,1.44
2008-01-23,2.07,2.21,2.09,3.51,4.23,3.43,1.42
2008-01-24,2.19,2.37,2.25,3.68,4.36,3.47,1.43
2008-01-25,2.07,2.3,2.23,3.61,4.28,3.6,1.38
2008-01-26,2.07,2.3,2.23,3.61,4.28,3.6,1.38
2008-01-27,2.07,2.3,2.23,3.61,4.28,3.6,1.38
2008-01-28,2.12,2.34,2.2,3.61,4.29,3.5,1.41
2008-01-29,2.13,2.28,2.29,3.69,4.34,3.47,1.4
2008-01-30,1.93,2.21,2.3,3.78,4.44,3.26,1.48
2008-01-31,1.64,1.96,2.17,3.67,4.35,3.22,1.5
2008-02-01,1.75,2.1,2.09,3.62,4.32,3.12,1.53
2008-02-02,1.75,2.1,2.09,3.62,4.32,3.12,1.53
2008-02-03,1.75,2.1,2.09,3.62,4.32,3.12,1.53
2008-02-04,2.15,2.27,2.08,3.68,4.37,2.82,1.6
2008-02-05,2.22,2.19,1.93,3.61,4.33,2.71,1.68
2008-02-06,2.12,2.1,1.96,3.61,4.37,2.94,1.65
2008-02-07,2.19,2.17,1.99,3.74,4.51,3.03,1.75
2008-02-08,2.24,2.23,1.93,3.64,4.43,3.05,1.71
2008-02-09,2.24,2.23,1.93,3.64,4.43,3.05,1.71
2008-02-10,2.24,2.23,1.93,3.64,4.43,3.05,1.71
2008-02-11,2.35,2.31,1.93,3.62,4.41,2.88,1.69
2008-02-12,2.55,2.31,1.94,3.66,4.46,2.91,1.72
2008-02-13,2.5,2.28,1.91,3.7,4.52,3.02,1.79
2008-02-14,2.5,2.31,1.93,3.85,4.67,3.03,1.92
2008-02-15,2.4,2.21,1.91,3.76,4.58,2.97,1.85
2008-02-16,2.4,2.21,1.91,3.76,4.58,2.97,1.85
2008-02-17,2.4,2.21,1.91,3.76,4.58,2.97,1.85
2008-02-18,2.4,2.21,1.91,3.76,4.58,2.97,1.85
2008-02-19,2.37,2.28,2.06,3.89,4.66,2.94,1.83
2008-02-20,2.4,2.25,2.14,3.93,4.65,3.0,1.79
2008-02-21,2.35,2.2,1.98,3.77,4.54,3.01,1.79
2008-02-22,2.33,2.2,1.98,3.79,4.58,2.97,1.81
2008-02-23,2.33,2.2,1.98,3.79,4.58,2.97,1.81
2008-02-24,2.33,2.2,1.98,3.79,4.58,2.97,1.81
2008-02-25,2.34,2.2,2.13,3.91,4.67,3.0,1.78
2008-02-26,2.34,2.14,2.04,3.88,4.66,2.85,1.84
2008-02-27,2.21,1.98,2.01,3.85,4.65,2.93,1.84
2008-02-28,2.08,1.9,1.87,3.71,4.55,3.06,1.84
2008-02-29,2.07,1.85,1.65,3.53,4.41,3.01,1.88
2008-03-01,2.07,1.85,1.65,3.53,4.41,3.01,1.88
2008-03-02,2.07,1.85,1.65,3.53,4.41,3.01,1.88
2008-03-03,1.99,1.7,1.61,3.54,4.42,3.1,1.93
2008-03-04,2.01,1.66,1.65,3.63,4.52,2.9,1.98
2008-03-05,1.91,1.53,1.66,3.7,4.6,2.93,2.04
2008-03-06,1.73,1.39,1.53,3.62,4.57,2.99,2.09
2008-03-07,1.65,1.45,1.53,3.56,4.55,2.96,2.03
2008-03-08,1.65,1.45,1.53,3.56,4.55,2.96,2.03
2008-03-09,1.65,1.45,1.53,3.56,4.55,2.96,2.03
2008-03-10,1.63,1.35,1.47,3.46,4.45,2.99,1.99
2008-03-11,1.82,1.48,1.74,3.6,4.53,2.95,1.86
2008-03-12,1.68,1.48,1.63,3.49,4.4,2.97,1.86
2008-03-13,1.56,1.35,1.63,3.56,4.47,2.98,1.93
2008-03-14,1.2,1.18,1.47,3.44,4.35,2.99,1.97
2008-03-15,1.2,1.18,1.47,3.44,4.35,2.99,1.97
2008-03-16,1.2,1.18,1.47,3.44,4.35,2.99,1.97
2008-03-17,1.16,1.11,1.35,3.34,4.29,2.69,1.99
2008-03-18,0.71,0.92,1.58,3.48,4.35,2.16,1.9
2008-03-19,0.26,0.61,1.54,3.38,4.22,2.08,1.84
2008-03-20,0.37,0.63,1.59,3.34,4.17,2.22,1.75
2008-03-21,0.37,0.63,1.59,3.34,4.17,2.08,1.75
2008-03-22,0.37,0.63,1.59,3.34,4.17,2.08,1.75
2008-03-23,0.37,0.63,1.59,3.34,4.17,2.08,1.75
2008-03-24,0.67,1.24,1.84,3.56,4.33,2.08,1.72
2008-03-25,1.47,1.29,1.79,3.51,4.3,2.42,1.72
2008-03-26,1.36,1.29,1.71,3.51,4.33,2.3,1.8
2008-03-27,1.32,1.3,1.73,3.56,4.38,2.27,1.83
2008-03-28,1.29,1.33,1.67,3.47,4.33,2.09,1.8
2008-03-29,1.29,1.33,1.67,3.47,4.33,2.09,1.8
2008-03-30,1.29,1.33,1.67,3.47,4.33,2.09,1.8
2008-03-31,1.22,1.38,1.62,3.45,4.3,2.51,1.83
2008-04-01,1.55,1.4,1.8,3.57,4.4,2.38,1.77
2008-04-02,1.55,1.41,1.88,3.6,4.38,2.18,1.72
2008-04-03,1.56,1.4,1.91,3.61,4.4,2.19,1.7
2008-04-04,1.5,1.35,1.83,3.5,4.32,2.26,1.67
2008-04-05,1.5,1.35,1.83,3.5,4.32,2.26,1.67
2008-04-06,1.5,1.35,1.83,3.5,4.32,2.26,1.67
2008-04-07,1.42,1.45,1.95,3.57,4.36,2.24,1.62
2008-04-08,1.34,1.41,1.87,3.58,4.37,2.23,1.71
2008-04-09,1.06,1.31,1.77,3.49,4.31,2.2,1.72
2008-04-10,0.98,1.27,1.84,3.55,4.34,2.3,1.71
2008-04-11,0.9,1.19,1.76,3.49,4.3,2.37,1.73
2008-04-12,0.9,1.19,1.76,3.49,4.3,2.37,1.73
2008-04-13,0.9,1.19,1.76,3.49,4.3,2.37,1.73
2008-04-14,0.85,1.08,1.78,3.53,4.35,2.32,1.75
2008-04-15,0.84,1.1,1.84,3.6,4.42,2.32,1.76
2008-04-16,0.86,1.12,1.98,3.72,4.54,2.35,1.74
2008-04-17,0.87,1.23,2.13,3.75,4.54,2.37,1.62
2008-04-18,0.9,1.35,2.19,3.77,4.51,2.32,1.58
2008-04-19,0.9,1.35,2.19,3.77,4.51,2.32,1.58
2008-04-20,0.9,1.35,2.19,3.77,4.51,2.32,1.58
2008-04-21,0.9,1.34,2.2,3.75,4.48,2.28,1.55
2008-04-22,0.72,1.27,2.24,3.74,4.46,1.99,1.5
2008-04-23,0.78,1.26,2.22,3.77,4.49,2.18,1.55
2008-04-24,0.81,1.26,2.41,3.87,4.56,2.26,1.46
2008-04-25,0.8,1.34,2.44,3.91,4.61,2.28,1.47
2008-04-26,0.8,1.34,2.44,3.91,4.61,2.28,1.47
2008-04-27,0.8,1.34,2.44,3.91,4.61,2.28,1.47
2008-04-28,0.94,1.43,2.36,3.86,4.57,2.29,1.5
2008-04-29,1.28,1.46,2.35,3.85,4.55,2.21,1.5
2008-04-30,1.17,1.43,2.29,3.77,4.49,2.37,1.48
2008-05-01,1.23,1.45,2.37,3.78,4.49,2.16,1.41
2008-05-02,1.25,1.5,2.47,3.89,4.57,1.88,1.42
2008-05-03,1.25,1.5,2.47,3.89,4.57,1.88,1.42
2008-05-04,1.25,1.5,2.47,3.89,4.57,1.88,1.42
2008-05-05,1.34,1.53,2.42,3.88,4.58,1.85,1.46
2008-05-06,1.53,1.63,2.38,3.93,4.64,1.91,1.55
2008-05-07,1.57,1.67,2.31,3.87,4.61,2.01,1.56
2008-05-08,1.55,1.66,2.25,3.79,4.5,1.99,1.54
2008-05-09,1.6,1.69,2.25,3.77,4.53,1.97,1.52
2008-05-10,1.6,1.69,2.25,3.77,4.53,1.97,1.52
2008-05-11,1.6,1.69,2.25,3.77,4.53,1.97,1.52
2008-05-12,1.73,1.77,2.3,3.78,4.53,1.88,1.48
2008-05-13,1.86,1.83,2.47,3.9,4.62,1.93,1.43
2008-05-14,1.86,1.82,2.53,3.92,4.63,2.03,1.39
2008-05-15,1.84,1.83,2.45,3.83,4.56,2.03,1.38
2008-05-16,1.85,1.84,2.47,3.85,4.58,1.91,1.38
2008-05-17,1.85,1.84,2.47,3.85,4.58,1.91,1.38
2008-05-18,1.85,1.84,2.47,3.85,4.58,1.91,1.38
2008-05-19,1.93,1.82,2.42,3.83,4.56,1.95,1.41
2008-05-20,1.97,1.86,2.34,3.78,4.53,1.99,1.44
2008-05-21,1.95,1.86,2.41,3.81,4.55,2.03,1.4
2008-05-22,1.97,1.86,2.56,3.92,4.63,2.05,1.36
2008-05-23,1.92,1.86,2.46,3.85,4.57,1.99,1.39
2008-05-24,1.92,1.86,2.46,3.85,4.57,1.99,1.39
2008-05-25,1.92,1.86,2.46,3.85,4.57,1.99,1.39
2008-05-26,1.92,1.86,2.46,3.85,4.57,1.99,1.39
2008-05-27,1.91,1.89,2.55,3.93,4.65,2.23,1.38
2008-05-28,2.07,1.89,2.62,4.03,4.71,2.08,1.41
2008-05-29,2.02,1.9,2.67,4.08,4.76,2.01,1.41
2008-05-30,1.98,1.89,2.66,4.06,4.72,1.98,1.4
2008-05-31,1.98,1.89,2.66,4.06,4.72,1.98,1.4
2008-06-01,1.98,1.89,2.66,4.06,4.72,1.98,1.4
2008-06-02,1.94,1.85,2.51,3.98,4.68,2.06,1.47
2008-06-03,1.96,1.85,2.45,3.92,4.63,1.95,1.47
2008-06-04,1.85,1.84,2.47,3.98,4.71,1.98,1.51
2008-06-05,1.79,1.85,2.52,4.06,4.75,1.98,1.54
2008-06-06,1.75,1.85,2.4,3.94,4.65,2.01,1.54
2008-06-07,1.75,1.85,2.4,3.94,4.65,2.01,1.54
2008-06-08,1.75,1.85,2.4,3.94,4.65,2.01,1.54
2008-06-09,1.8,1.89,2.73,4.02,4.64,2.02,1.29
2008-06-10,2.0,2.02,2.91,4.11,4.7,1.96,1.2
2008-06-11,1.91,1.96,2.83,4.1,4.72,1.95,1.27
2008-06-12,1.92,2.0,3.03,4.23,4.77,2.01,1.2
2008-06-13,1.86,1.99,3.05,4.27,4.79,2.02,1.22
2008-06-14,1.86,1.99,3.05,4.27,4.79,2.02,1.22
2008-06-15,1.86,1.99,3.05,4.27,4.79,2.02,1.22
2008-06-16,1.89,2.07,3.02,4.25,4.77,2.06,1.23
2008-06-17,1.82,1.99,2.94,4.23,4.78,1.87,1.29
2008-06-18,1.7,1.93,2.89,4.16,4.72,1.84,1.27
2008-06-19,1.59,1.91,2.99,4.22,4.76,1.94,1.23
2008-06-20,1.49,1.87,2.88,4.16,4.71,1.99,1.28
2008-06-21,1.49,1.87,2.88,4.16,4.71,1.99,1.28
2008-06-22,1.49,1.87,2.88,4.16,4.71,1.99,1.28
2008-06-23,1.55,1.87,2.98,4.19,4.71,1.98,1.21
2008-06-24,1.58,1.83,2.87,4.1,4.65,1.93,1.23
2008-06-25,1.49,1.81,2.82,4.12,4.65,1.97,1.3
2008-06-26,1.42,1.74,2.68,4.07,4.62,2.05,1.39
2008-06-27,1.29,1.68,2.65,3.99,4.53,1.99,1.34
2008-06-28,1.29,1.68,2.65,3.99,4.53,1.99,1.34
2008-06-29,1.29,1.68,2.65,3.99,4.53,1.99,1.34
2008-06-30,1.6,1.9,2.63,3.99,4.53,2.47,1.36
2008-07-01,1.92,1.87,2.63,4.01,4.55,2.11,1.38
2008-07-02,1.87,1.82,2.6,3.99,4.51,1.95,1.39
2008-07-03,1.86,1.84,2.54,3.99,4.53,1.92,1.45
2008-07-04,1.86,1.84,2.54,3.99,4.53,1.92,1.45
2008-07-05,1.86,1.84,2.54,3.99,4.53,1.92,1.45
2008-07-06,1.86,1.84,2.54,3.99,4.53,1.92,1.45
2008-07-07,1.8,1.87,2.47,3.95,4.51,1.99,1.48
2008-07-08,1.86,1.86,2.47,3.91,4.46,1.97,1.44
2008-07-09,1.82,1.82,2.41,3.85,4.42,1.99,1.44
2008-07-10,1.48,1.67,2.44,3.83,4.42,2.01,1.39
2008-07-11,1.38,1.62,2.59,3.96,4.52,1.97,1.37
2008-07-12,1.38,1.62,2.59,3.96,4.52,1.97,1.37
2008-07-13,1.38,1.62,2.59,3.96,4.52,1.97,1.37
2008-07-14,1.41,1.52,2.47,3.9,4.47,2.06,1.43
2008-07-15,1.49,1.39,2.39,3.87,4.48,2.16,1.48
2008-07-16,1.36,1.37,2.44,3.97,4.59,1.95,1.53
2008-07-17,1.31,1.43,2.58,4.07,4.65,2.03,1.49
2008-07-18,1.28,1.48,2.66,4.11,4.66,1.96,1.45
2008-07-19,1.28,1.48,2.66,4.11,4.66,1.96,1.45
2008-07-20,1.28,1.48,2.66,4.11,4.66,1.96,1.45
2008-07-21,1.32,1.48,2.66,4.09,4.64,1.98,1.43
2008-07-22,1.5,1.55,2.74,4.14,4.67,1.97,1.4
2008-07-23,1.59,1.59,2.81,4.16,4.69,2.04,1.35
2008-07-24,1.69,1.65,2.61,4.03,4.6,2.06,1.42
2008-07-25,1.72,1.75,2.7,4.13,4.69,2.13,1.43
2008-07-26,1.72,1.75,2.7,4.13,4.69,2.13,1.43
2008-07-27,1.72,1.75,2.7,4.13,4.69,2.13,1.43
2008-07-28,1.68,1.73,2.59,4.06,4.63,2.0,1.47
2008-07-29,1.73,1.72,2.65,4.09,4.64,2.05,1.44
2008-07-30,1.66,1.7,2.64,4.07,4.64,2.03,1.43
2008-07-31,1.55,1.68,2.52,3.99,4.59,2.09,1.47
2008-08-01,1.52,1.66,2.51,3.97,4.57,2.04,1.46
2008-08-02,1.52,1.66,2.51,3.97,4.57,2.04,1.46
2008-08-03,1.52,1.66,2.51,3.97,4.57,2.04,1.46
2008-08-04,1.61,1.75,2.53,3.98,4.58,1.97,1.45
2008-08-05,1.73,1.75,2.54,4.04,4.63,1.97,1.5
2008-08-06,1.53,1.64,2.56,4.06,4.68,2.01,1.5
2008-08-07,1.53,1.66,2.43,3.92,4.56,1.96,1.49
2008-08-08,1.63,1.7,2.51,3.94,4.55,2.01,1.43
2008-08-09,1.63,1.7,2.51,3.94,4.55,2.01,1.43
2008-08-10,1.63,1.7,2.51,3.94,4.55,2.01,1.43
2008-08-11,1.77,1.87,2.56,3.99,4.61,1.99,1.43
2008-08-12,1.73,1.86,2.45,3.91,4.55,1.95,1.46
2008-08-13,1.8,1.85,2.5,3.94,4.57,1.98,1.44
2008-08-14,1.76,1.89,2.45,3.89,4.52,2.09,1.44
2008-08-15,1.73,1.85,2.4,3.84,4.47,2.08,1.44
2008-08-16,1.73,1.85,2.4,3.84,4.47,2.08,1.44
2008-08-17,1.73,1.85,2.4,3.84,4.47,2.08,1.44
2008-08-18,1.77,1.82,2.35,3.82,4.44,1.91,1.47
2008-08-19,1.83,1.8,2.32,3.83,4.47,1.94,1.51
2008-08-20,1.74,1.71,2.25,3.79,4.43,1.98,1.54
2008-08-21,1.73,1.72,2.33,3.84,4.46,2.01,1.51
2008-08-22,1.67,1.7,2.42,3.87,4.46,2.02,1.45
2008-08-23,1.67,1.7,2.42,3.87,4.46,2.02,1.45
2008-08-24,1.67,1.7,2.42,3.87,4.46,2.02,1.45
2008-08-25,1.66,1.74,2.33,3.79,4.4,2.01,1.46
2008-08-26,1.67,1.71,2.35,3.79,4.4,1.88,1.44
2008-08-27,1.58,1.67,2.31,3.77,4.38,1.98,1.46
2008-08-28,1.63,1.74,2.37,3.79,4.38,1.99,1.42
2008-08-29,1.63,1.72,2.36,3.83,4.43,1.94,1.47
2008-08-30,1.63,1.72,2.36,3.83,4.43,1.94,1.47
2008-08-31,1.63,1.72,2.36,3.83,4.43,1.94,1.47
2008-09-01,1.63,1.72,2.36,3.83,4.43,1.94,1.47
2008-09-02,1.64,1.72,2.26,3.74,4.36,1.96,1.48
2008-09-03,1.57,1.7,2.26,3.71,4.32,2.01,1.45
2008-09-04,1.56,1.69,2.2,3.64,4.27,1.99,1.44
2008-09-05,1.53,1.68,2.23,3.66,4.27,1.97,1.43
2008-09-06,1.53,1.68,2.23,3.66,4.27,1.97,1.43
2008-09-07,1.53,1.68,2.23,3.66,4.27,1.97,1.43
2008-09-08,1.59,1.71,2.3,3.66,4.26,1.92,1.36
2008-09-09,1.59,1.66,2.23,3.62,4.2,1.96,1.39
2008-09-10,1.58,1.65,2.22,3.65,4.23,2.12,1.43
2008-09-11,1.53,1.61,2.18,3.64,4.2,2.0,1.46
2008-09-12,1.37,1.49,2.23,3.74,4.32,2.1,1.51
2008-09-13,1.37,1.49,2.23,3.74,4.32,2.1,1.51
2008-09-14,1.37,1.49,2.23,3.74,4.32,2.1,1.51
2008-09-15,0.36,1.02,1.78,3.47,4.12,2.64,1.69
2008-09-16,0.23,0.84,1.89,3.48,4.08,1.98,1.59
2008-09-17,0.07,0.03,1.64,3.41,4.08,2.8,1.77
2008-09-18,0.26,0.23,1.78,3.54,4.14,2.16,1.76
2008-09-19,0.75,0.99,2.16,3.78,4.36,1.48,1.62
2008-09-20,0.75,0.99,2.16,3.78,4.36,1.48,1.62
2008-09-21,0.75,0.99,2.16,3.78,4.36,1.48,1.62
2008-09-22,0.76,1.28,2.13,3.83,4.41,1.51,1.7
2008-09-23,0.3,0.8,2.11,3.85,4.43,1.46,1.74
2008-09-24,0.13,0.49,2.03,3.8,4.4,1.19,1.77
2008-09-25,0.39,0.76,2.16,3.88,4.4,1.23,1.72
2008-09-26,0.21,0.87,2.11,3.85,4.36,1.08,1.74
2008-09-27,0.21,0.87,2.11,3.85,4.36,1.08,1.74
2008-09-28,0.21,0.87,2.11,3.85,4.36,1.08,1.74
2008-09-29,0.16,0.94,1.7,3.61,4.13,1.56,1.91
2008-09-30,1.02,0.92,2.0,3.85,4.31,2.03,1.85
2008-10-01,0.66,0.85,1.82,3.77,4.22,1.15,1.95
2008-10-02,0.21,0.63,1.62,3.66,4.16,0.67,2.04
2008-10-03,0.15,0.51,1.6,3.63,4.11,1.1,2.03
2008-10-04,0.15,0.51,1.6,3.63,4.11,1.1,2.03
2008-10-05,0.15,0.51,1.6,3.63,4.11,1.1,2.03
2008-10-06,0.19,0.54,1.43,3.48,3.99,1.96,2.05
2008-10-07,0.39,0.82,1.47,3.5,4.01,2.97,2.03
2008-10-08,0.23,0.68,1.65,3.72,4.09,2.24,2.07
2008-10-09,0.19,0.6,1.65,3.84,4.14,1.4,2.19
2008-10-10,0.07,0.25,1.62,3.89,4.15,0.79,2.27
2008-10-11,0.07,0.25,1.62,3.89,4.15,0.79,2.27
2008-10-12,0.07,0.25,1.62,3.89,4.15,0.79,2.27
2008-10-13,0.07,0.25,1.62,3.89,4.15,0.79,2.27
2008-10-14,0.07,0.34,1.82,4.08,4.27,1.1,2.26
2008-10-15,0.05,0.22,1.64,4.04,4.25,1.04,2.4
2008-10-16,0.12,0.46,1.61,3.99,4.25,0.83,2.38
2008-10-17,0.13,0.83,1.64,3.98,4.32,0.6,2.34
2008-10-18,0.13,0.83,1.64,3.98,4.32,0.6,2.34
2008-10-19,0.13,0.83,1.64,3.98,4.32,0.6,2.34
2008-10-20,0.53,1.24,1.71,3.91,4.26,0.7,2.2
2008-10-21,0.71,1.1,1.58,3.76,4.2,0.67,2.18
2008-10-22,0.6,1.05,1.53,3.65,4.07,0.81,2.12
2008-10-23,0.39,0.98,1.54,3.63,3.99,0.93,2.09
2008-10-24,0.33,0.89,1.57,3.76,4.11,0.95,2.19
2008-10-25,0.33,0.89,1.57,3.76,4.11,0.95,2.19
2008-10-26,0.33,0.89,1.57,3.76,4.11,0.95,2.19
2008-10-27,0.31,0.84,1.59,3.79,4.12,0.92,2.2
2008-10-28,0.42,0.77,1.65,3.89,4.19,0.67,2.24
2008-10-29,0.41,0.62,1.58,3.93,4.26,0.36,2.35
2008-10-30,0.14,0.41,1.59,4.0,4.3,0.3,2.41
2008-10-31,0.12,0.46,1.56,4.01,4.35,0.22,2.45
2008-11-01,0.12,0.46,1.56,4.01,4.35,0.22,2.45
2008-11-02,0.12,0.46,1.56,4.01,4.35,0.22,2.45
2008-11-03,0.2,0.49,1.45,3.96,4.33,0.23,2.51
2008-11-04,0.29,0.48,1.39,3.81,4.2,0.23,2.42
2008-11-05,0.16,0.4,1.36,3.73,4.13,0.23,2.37
2008-11-06,0.13,0.32,1.28,3.75,4.19,0.23,2.47
2008-11-07,0.13,0.31,1.33,3.83,4.25,0.27,2.5
2008-11-08,0.13,0.31,1.33,3.83,4.25,0.27,2.5
2008-11-09,0.13,0.31,1.33,3.83,4.25,0.27,2.5
2008-11-10,0.11,0.29,1.27,3.82,4.21,0.29,2.55
2008-11-11,0.11,0.29,1.27,3.82,4.21,0.29,2.55
2008-11-12,0.1,0.18,1.19,3.75,4.17,0.35,2.56
2008-11-13,0.08,0.22,1.24,3.84,4.34,0.35,2.6
2008-11-14,0.06,0.15,1.22,3.72,4.22,0.34,2.5
2008-11-15,0.06,0.15,1.22,3.72,4.22,0.34,2.5
2008-11-16,0.06,0.15,1.22,3.72,4.22,0.34,2.5
2008-11-17,0.06,0.12,1.22,3.68,4.2,0.37,2.46
2008-11-18,0.1,0.12,1.15,3.53,4.14,0.38,2.38
2008-11-19,0.09,0.07,1.09,3.38,3.96,0.38,2.29
2008-11-20,0.05,0.03,1.0,3.1,3.64,0.49,2.1
2008-11-21,0.03,0.02,1.09,3.2,3.7,0.57,2.11
2008-11-22,0.03,0.02,1.09,3.2,3.7,0.57,2.11
2008-11-23,0.03,0.02,1.09,3.2,3.7,0.57,2.11
2008-11-24,0.01,0.13,1.31,3.35,3.78,0.62,2.04
2008-11-25,0.04,0.1,1.15,3.11,3.63,0.59,1.96
2008-11-26,0.02,0.05,1.09,2.99,3.54,0.53,1.9
2008-11-27,0.02,0.05,1.09,2.99,3.54,0.53,1.9
2008-11-28,0.02,0.01,1.0,2.93,3.45,0.52,1.93
2008-11-29,0.02,0.01,1.0,2.93,3.45,0.52,1.93
2008-11-30,0.02,0.01,1.0,2.93,3.45,0.52,1.93
2008-12-01,0.09,0.07,0.9,2.72,3.22,0.52,1.82
2008-12-02,0.04,0.06,0.9,2.68,3.18,0.47,1.78
2008-12-03,0.02,0.02,0.87,2.67,3.17,0.36,1.8
2008-12-04,0.01,0.02,0.82,2.55,3.06,0.2,1.73
2008-12-05,0.02,0.02,0.93,2.67,3.11,0.12,1.74
2008-12-06,0.02,0.02,0.93,2.67,3.11,0.12,1.74
2008-12-07,0.02,0.02,0.93,2.67,3.11,0.12,1.74
2008-12-08,0.01,0.03,0.97,2.77,3.16,0.12,1.8
2008-12-09,0.04,0.03,0.84,2.67,3.06,0.13,1.83
2008-12-10,0.0,0.0,0.86,2.69,3.09,0.11,1.83
2008-12-11,0.0,0.01,0.79,2.64,3.07,0.14,1.85
2008-12-12,0.03,0.02,0.78,2.6,3.07,0.15,1.82
2008-12-13,0.03,0.02,0.78,2.6,3.07,0.15,1.82
2008-12-14,0.03,0.02,0.78,2.6,3.07,0.15,1.82
2008-12-15,0.0,0.03,0.75,2.53,2.98,0.18,1.78
2008-12-16,0.05,0.04,0.65,2.37,2.86,0.17,1.72
2008-12-17,0.03,0.05,0.73,2.2,2.66,0.12,1.47
2008-12-18,0.03,0.0,0.68,2.08,2.53,0.11,1.4
2008-12-19,0.0,0.02,0.74,2.13,2.55,0.11,1.39
2008-12-20,0.0,0.02,0.74,2.13,2.55,0.11,1.39
2008-12-21,0.0,0.02,0.74,2.13,2.55,0.11,1.39
2008-12-22,0.01,0.01,0.87,2.16,2.6,0.11,1.29
2008-12-23,0.01,0.02,0.9,2.18,2.63,0.11,1.28
2008-12-24,0.0,0.0,0.9,2.2,2.63,0.11,1.3
2008-12-25,0.0,0.0,0.9,2.2,2.63,0.11,1.3
2008-12-26,0.01,0.03,0.89,2.16,2.61,0.09,1.27
2008-12-27,0.01,0.03,0.89,2.16,2.61,0.09,1.27
2008-12-28,0.01,0.03,0.89,2.16,2.61,0.09,1.27
2008-12-29,0.04,0.06,0.78,2.13,2.63,0.1,1.35
2008-12-30,0.11,0.1,0.75,2.11,2.58,0.09,1.36
2008-12-31,0.11,0.11,0.76,2.25,2.69,0.14,1.49
2009-01-01,0.11,0.11,0.76,2.25,2.69,0.14,1.49
2009-01-02,0.04,0.08,0.88,2.46,2.83,0.08,1.58
2009-01-03,0.04,0.08,0.88,2.46,2.83,0.08,1.58
2009-01-04,0.04,0.08,0.88,2.46,2.83,0.08,1.58
2009-01-05,0.05,0.14,0.78,2.49,3.0,0.11,1.71
2009-01-06,0.05,0.14,0.8,2.51,3.04,0.09,1.71
2009-01-07,0.03,0.11,0.82,2.52,3.05,0.11,1.7
2009-01-08,0.04,0.09,0.83,2.47,3.04,0.1,1.64
2009-01-09,0.03,0.07,0.75,2.43,3.04,0.09,1.68
2009-01-10,0.03,0.07,0.75,2.43,3.04,0.09,1.68
2009-01-11,0.03,0.07,0.75,2.43,3.04,0.09,1.68
2009-01-12,0.04,0.12,0.74,2.34,2.99,0.1,1.6
2009-01-13,0.02,0.11,0.76,2.33,3.0,0.1,1.57
2009-01-14,0.07,0.12,0.73,2.24,2.89,0.15,1.51
2009-01-15,0.03,0.11,0.73,2.23,2.86,0.18,1.5
2009-01-16,0.04,0.12,0.73,2.36,2.89,0.19,1.63
2009-01-17,0.04,0.12,0.73,2.36,2.89,0.19,1.63
2009-01-18,0.04,0.12,0.73,2.36,2.89,0.19,1.63
2009-01-19,0.04,0.12,0.73,2.36,2.89,0.19,1.63
2009-01-20,0.04,0.13,0.73,2.4,2.97,0.2,1.67
2009-01-21,0.03,0.11,0.78,2.56,3.15,0.23,1.78
2009-01-22,0.03,0.1,0.75,2.62,3.25,0.21,1.87
2009-01-23,0.03,0.11,0.83,2.65,3.32,0.18,1.82
2009-01-24,0.03,0.11,0.83,2.65,3.32,0.18,1.82
2009-01-25,0.03,0.11,0.83,2.65,3.32,0.18,1.82
2009-01-26,0.02,0.14,0.85,2.7,3.39,0.19,1.85
2009-01-27,0.05,0.13,0.87,2.59,3.26,0.18,1.72
2009-01-28,0.08,0.19,0.89,2.71,3.44,0.19,1.82
2009-01-29,0.14,0.23,0.95,2.87,3.57,0.23,1.92
2009-01-30,0.15,0.24,0.94,2.87,3.58,0.23,1.93
2009-01-31,0.15,0.24,0.94,2.87,3.58,0.23,1.93
2009-02-01,0.15,0.24,0.94,2.87,3.58,0.23,1.93
2009-02-02,0.19,0.27,0.89,2.76,3.47,0.24,1.87
2009-02-03,0.28,0.32,0.96,2.89,3.64,0.24,1.93
2009-02-04,0.26,0.3,0.98,2.95,3.65,0.24,1.97
2009-02-05,0.21,0.29,0.98,2.95,3.63,0.23,1.97
2009-02-06,0.21,0.28,0.99,3.05,3.7,0.23,2.06
2009-02-07,0.21,0.28,0.99,3.05,3.7,0.23,2.06
2009-02-08,0.21,0.28,0.99,3.05,3.7,0.23,2.06
2009-02-09,0.22,0.32,1.05,3.07,3.69,0.22,2.02
2009-02-10,0.24,0.31,0.92,2.9,3.54,0.24,1.98
2009-02-11,0.22,0.3,0.93,2.78,3.45,0.22,1.85
2009-02-12,0.25,0.29,0.89,2.75,3.47,0.23,1.86
2009-02-13,0.23,0.29,0.97,2.89,3.68,0.22,1.92
2009-02-14,0.23,0.29,0.97,2.89,3.68,0.22,1.92
2009-02-15,0.23,0.29,0.97,2.89,3.68,0.22,1.92
2009-02-16,0.23,0.29,0.97,2.89,3.68,0.22,1.92
2009-02-17,0.26,0.32,0.87,2.64,3.47,0.25,1.77
2009-02-18,0.23,0.31,0.97,2.74,3.54,0.23,1.77
2009-02-19,0.22,0.3,1.01,2.85,3.68,0.21,1.84
2009-02-20,0.19,0.27,0.96,2.78,3.56,0.2,1.82
2009-02-21,0.19,0.27,0.96,2.78,3.56,0.2,1.82
2009-02-22,0.19,0.27,0.96,2.78,3.56,0.2,1.82
2009-02-23,0.19,0.29,0.96,2.78,3.53,0.19,1.82
2009-02-24,0.22,0.32,1.03,2.8,3.49,0.21,1.77
2009-02-25,0.21,0.3,1.09,2.95,3.59,0.21,1.86
2009-02-26,0.18,0.27,1.08,2.98,3.66,0.22,1.9
2009-02-27,0.16,0.26,1.0,3.02,3.71,0.22,2.02
2009-02-28,0.16,0.26,1.0,3.02,3.71,0.22,2.02
2009-03-01,0.16,0.26,1.0,3.02,3.71,0.22,2.02
2009-03-02,0.17,0.28,0.89,2.91,3.64,0.22,2.02
2009-03-03,0.14,0.27,0.91,2.93,3.67,0.2,2.02
2009-03-04,0.15,0.26,0.97,3.01,3.69,0.21,2.04
2009-03-05,0.11,0.2,0.9,2.83,3.51,0.2,1.93
2009-03-06,0.09,0.21,0.91,2.83,3.5,0.2,1.92
2009-03-07,0.09,0.21,0.91,2.83,3.5,0.2,1.92
2009-03-08,0.09,0.21,0.91,2.83,3.5,0.2,1.92
2009-03-09,0.12,0.23,0.96,2.89,3.59,0.2,1.93
2009-03-10,0.14,0.24,1.01,2.99,3.7,0.2,1.98
2009-03-11,0.14,0.23,1.03,2.95,3.67,0.19,1.92
2009-03-12,0.11,0.22,1.03,2.89,3.63,0.18,1.86
2009-03-13,0.09,0.2,0.98,2.89,3.66,0.15,1.91
2009-03-14,0.09,0.2,0.98,2.89,3.66,0.15,1.91
2009-03-15,0.09,0.2,0.98,2.89,3.66,0.15,1.91
2009-03-16,0.11,0.24,1.0,2.97,3.76,0.2,1.97
2009-03-17,0.14,0.24,1.05,3.02,3.83,0.2,1.97
2009-03-18,0.15,0.21,0.82,2.51,3.57,0.18,1.69
2009-03-19,0.1,0.2,0.87,2.61,3.62,0.17,1.74
2009-03-20,0.09,0.22,0.89,2.65,3.65,0.18,1.76
2009-03-21,0.09,0.22,0.89,2.65,3.65,0.18,1.76
2009-03-22,0.09,0.22,0.89,2.65,3.65,0.18,1.76
2009-03-23,0.1,0.22,0.93,2.68,3.69,0.17,1.75
2009-03-24,0.05,0.21,0.93,2.68,3.6,0.17,1.75
2009-03-25,0.03,0.19,0.96,2.81,3.73,0.17,1.85
2009-03-26,0.02,0.15,0.9,2.76,3.66,0.16,1.86
2009-03-27,0.03,0.14,0.9,2.78,3.62,0.15,1.88
2009-03-28,0.03,0.14,0.9,2.78,3.62,0.15,1.88
2009-03-29,0.03,0.14,0.9,2.78,3.62,0.15,1.88
2009-03-30,0.05,0.18,0.84,2.73,3.6,0.16,1.89
2009-03-31,0.17,0.21,0.81,2.71,3.56,0.16,1.9
2009-04-01,0.18,0.22,0.83,2.68,3.51,0.16,1.85
2009-04-02,0.17,0.22,0.88,2.77,3.57,0.16,1.89
2009-04-03,0.16,0.21,0.96,2.91,3.7,0.13,1.95
2009-04-04,0.16,0.21,0.96,2.91,3.7,0.13,1.95
2009-04-05,0.16,0.21,0.96,2.91,3.7,0.13,1.95
2009-04-06,0.16,0.2,0.94,2.95,3.73,0.14,2.01
2009-04-07,0.17,0.2,0.91,2.93,3.72,0.14,2.02
2009-04-08,0.15,0.18,0.93,2.86,3.66,0.14,1.93
2009-04-09,0.13,0.18,0.96,2.96,3.76,0.14,2.0
2009-04-10,0.13,0.18,0.96,2.96,3.76,0.15,2.0
2009-04-11,0.13,0.18,0.96,2.96,3.76,0.15,2.0
2009-04-12,0.13,0.18,0.96,2.96,3.76,0.15,2.0
2009-04-13,0.12,0.18,0.89,2.88,3.69,0.13,1.99
2009-04-14,0.09,0.17,0.86,2.8,3.64,0.16,1.94
2009-04-15,0.07,0.15,0.86,2.82,3.66,0.16,1.96
2009-04-16,0.02,0.13,0.91,2.86,3.72,0.15,1.95
2009-04-17,0.04,0.14,0.99,2.98,3.79,0.13,1.99
2009-04-18,0.04,0.14,0.99,2.98,3.79,0.13,1.99
2009-04-19,0.04,0.14,0.99,2.98,3.79,0.13,1.99
2009-04-20,0.04,0.14,0.93,2.88,3.69,0.14,1.95
2009-04-21,0.07,0.15,0.96,2.94,3.74,0.15,1.98
2009-04-22,0.08,0.14,1.0,2.98,3.82,0.15,1.98
2009-04-23,0.08,0.1,0.97,2.96,3.8,0.17,1.99
2009-04-24,0.07,0.1,0.99,3.03,3.89,0.16,2.04
2009-04-25,0.07,0.1,0.99,3.03,3.89,0.16,2.04
2009-04-26,0.07,0.1,0.99,3.03,3.89,0.16,2.04
2009-04-27,0.07,0.13,0.9,2.95,3.84,0.17,2.05
2009-04-28,0.05,0.13,0.95,3.05,3.97,0.16,2.1
2009-04-29,0.04,0.11,0.94,3.12,4.01,0.18,2.18
2009-04-30,0.04,0.14,0.91,3.16,4.05,0.2,2.25
2009-05-01,0.06,0.16,0.92,3.21,4.09,0.22,2.29
2009-05-02,0.06,0.16,0.92,3.21,4.09,0.22,2.29
2009-05-03,0.06,0.16,0.92,3.21,4.09,0.22,2.29
2009-05-04,0.14,0.19,0.94,3.19,4.06,0.22,2.25
2009-05-05,0.14,0.19,0.98,3.2,4.06,0.2,2.22
2009-05-06,0.14,0.19,0.96,3.18,4.09,0.18,2.22
2009-05-07,0.15,0.18,1.0,3.29,4.25,0.18,2.29
2009-05-08,0.15,0.19,1.0,3.29,4.28,0.17,2.29
2009-05-09,0.15,0.19,1.0,3.29,4.28,0.17,2.29
2009-05-10,0.15,0.19,1.0,3.29,4.28,0.17,2.29
2009-05-11,0.16,0.19,0.92,3.17,4.18,0.17,2.25
2009-05-12,0.16,0.19,0.9,3.17,4.16,0.16,2.27
2009-05-13,0.15,0.17,0.89,3.11,4.09,0.16,2.22
2009-05-14,0.1,0.16,0.87,3.1,4.06,0.16,2.23
2009-05-15,0.11,0.17,0.88,3.14,4.09,0.17,2.26
2009-05-16,0.11,0.17,0.88,3.14,4.09,0.17,2.26
2009-05-17,0.11,0.17,0.88,3.14,4.09,0.17,2.26
2009-05-18,0.12,0.19,0.93,3.22,4.18,0.16,2.29
2009-05-19,0.14,0.18,0.91,3.25,4.21,0.15,2.34
2009-05-20,0.18,0.18,0.87,3.19,4.14,0.14,2.32
2009-05-21,0.13,0.19,0.89,3.35,4.3,0.17,2.46
2009-05-22,0.13,0.18,0.92,3.45,4.38,0.17,2.53
2009-05-23,0.13,0.18,0.92,3.45,4.38,0.17,2.53
2009-05-24,0.13,0.18,0.92,3.45,4.38,0.17,2.53
2009-05-25,0.13,0.18,0.92,3.45,4.38,0.17,2.53
2009-05-26,0.13,0.18,0.96,3.5,4.45,0.18,2.54
2009-05-27,0.18,0.17,0.96,3.71,4.59,0.17,2.75
2009-05-28,0.14,0.15,0.97,3.67,4.54,0.17,2.7
2009-05-29,0.14,0.14,0.92,3.47,4.34,0.19,2.55
2009-05-30,0.14,0.14,0.92,3.47,4.34,0.19,2.55
2009-05-31,0.14,0.14,0.92,3.47,4.34,0.19,2.55
2009-06-01,0.13,0.13,0.97,3.71,4.55,0.21,2.74
2009-06-02,0.06,0.14,0.96,3.65,4.5,0.2,2.69
2009-06-03,0.08,0.14,0.91,3.56,4.45,0.21,2.65
2009-06-04,0.08,0.14,0.96,3.72,4.58,0.2,2.76
2009-06-05,0.08,0.2,1.32,3.84,4.63,0.21,2.52
2009-06-06,0.08,0.2,1.32,3.84,4.63,0.21,2.52
2009-06-07,0.08,0.2,1.32,3.84,4.63,0.21,2.52
2009-06-08,0.08,0.19,1.42,3.91,4.65,0.21,2.49
2009-06-09,0.09,0.19,1.33,3.86,4.64,0.18,2.53
2009-06-10,0.11,0.18,1.38,3.98,4.76,0.18,2.6
2009-06-11,0.09,0.19,1.35,3.88,4.69,0.17,2.53
2009-06-12,0.08,0.19,1.3,3.81,4.65,0.17,2.51
2009-06-13,0.08,0.19,1.3,3.81,4.65,0.17,2.51
2009-06-14,0.08,0.19,1.3,3.81,4.65,0.17,2.51
2009-06-15,0.08,0.17,1.26,3.76,4.61,0.22,2.5
2009-06-16,0.09,0.17,1.23,3.67,4.48,0.22,2.44
2009-06-17,0.11,0.17,1.19,3.68,4.5,0.24,2.49
2009-06-18,0.12,0.18,1.28,3.86,4.63,0.25,2.58
2009-06-19,0.1,0.19,1.25,3.79,4.52,0.25,2.54
2009-06-20,0.1,0.19,1.25,3.79,4.52,0.25,2.54
2009-06-21,0.1,0.19,1.25,3.79,4.52,0.25,2.54
2009-06-22,0.12,0.2,1.17,3.72,4.45,0.24,2.55
2009-06-23,0.15,0.2,1.14,3.65,4.37,0.24,2.51
2009-06-24,0.1,0.19,1.19,3.72,4.44,0.21,2.53
2009-06-25,0.07,0.18,1.12,3.55,4.33,0.19,2.43
2009-06-26,0.07,0.2,1.1,3.52,4.3,0.18,2.42
2009-06-27,0.07,0.2,1.1,3.52,4.3,0.18,2.42
2009-06-28,0.07,0.2,1.1,3.52,4.3,0.18,2.42
2009-06-29,0.11,0.2,1.11,3.51,4.31,0.17,2.4
2009-06-30,0.17,0.19,1.11,3.53,4.32,0.22,2.42
2009-07-01,0.13,0.17,1.05,3.55,4.34,0.2,2.5
2009-07-02,0.15,0.17,0.98,3.51,4.32,0.17,2.53
2009-07-03,0.15,0.17,0.98,3.51,4.32,0.16,2.53
2009-07-04,0.15,0.17,0.98,3.51,4.32,0.16,2.53
2009-07-05,0.15,0.17,0.98,3.51,4.32,0.16,2.53
2009-07-06,0.15,0.19,0.96,3.52,4.35,0.18,2.56
2009-07-07,0.16,0.19,0.98,3.47,4.31,0.18,2.49
2009-07-08,0.15,0.18,0.91,3.33,4.17,0.16,2.42
2009-07-09,0.16,0.19,0.94,3.44,4.31,0.15,2.5
2009-07-10,0.15,0.18,0.91,3.32,4.2,0.15,2.41
2009-07-11,0.15,0.18,0.91,3.32,4.2,0.15,2.41
2009-07-12,0.15,0.18,0.91,3.32,4.2,0.15,2.41
2009-07-13,0.15,0.18,0.92,3.38,4.25,0.13,2.46
2009-07-14,0.15,0.18,0.97,3.5,4.38,0.13,2.53
2009-07-15,0.11,0.18,1.03,3.63,4.48,0.14,2.6
2009-07-16,0.15,0.19,1.0,3.59,4.45,0.15,2.59
2009-07-17,0.15,0.17,1.02,3.67,4.53,0.15,2.65
2009-07-18,0.15,0.17,1.02,3.67,4.53,0.15,2.65
2009-07-19,0.15,0.17,1.02,3.67,4.53,0.15,2.65
2009-07-20,0.15,0.19,0.99,3.61,4.47,0.15,2.62
2009-07-21,0.16,0.19,0.96,3.5,4.38,0.14,2.54
2009-07-22,0.15,0.19,0.98,3.58,4.45,0.14,2.6
2009-07-23,0.15,0.19,1.08,3.72,4.58,0.15,2.64
2009-07-24,0.15,0.18,1.05,3.7,4.55,0.15,2.65
2009-07-25,0.15,0.18,1.05,3.7,4.55,0.15,2.65
2009-07-26,0.15,0.18,1.05,3.7,4.55,0.15,2.65
2009-07-27,0.15,0.19,1.08,3.75,4.62,0.16,2.67
2009-07-28,0.14,0.19,1.12,3.72,4.56,0.15,2.6
2009-07-29,0.14,0.19,1.17,3.69,4.5,0.17,2.52
2009-07-30,0.14,0.18,1.19,3.67,4.44,0.17,2.48
2009-07-31,0.14,0.18,1.13,3.52,4.31,0.18,2.39
2009-08-01,0.14,0.18,1.13,3.52,4.31,0.18,2.39
2009-08-02,0.14,0.18,1.13,3.52,4.31,0.18,2.39
2009-08-03,0.15,0.19,1.18,3.66,4.42,0.18,2.48
2009-08-04,0.15,0.18,1.2,3.7,4.45,0.17,2.5
2009-08-05,0.15,0.18,1.23,3.8,4.57,0.17,2.57
2009-08-06,0.15,0.17,1.22,3.79,4.53,0.17,2.57
2009-08-07,0.14,0.19,1.32,3.89,4.61,0.17,2.57
2009-08-08,0.14,0.19,1.32,3.89,4.61,0.17,2.57
2009-08-09,0.14,0.19,1.32,3.89,4.61,0.17,2.57
2009-08-10,0.15,0.19,1.24,3.8,4.52,0.17,2.56
2009-08-11,0.14,0.18,1.21,3.71,4.44,0.16,2.5
2009-08-12,0.14,0.17,1.18,3.72,4.53,0.15,2.54
2009-08-13,0.1,0.17,1.12,3.59,4.44,0.15,2.47
2009-08-14,0.1,0.18,1.07,3.55,4.41,0.15,2.48
2009-08-15,0.1,0.18,1.07,3.55,4.41,0.15,2.48
2009-08-16,0.1,0.18,1.07,3.55,4.41,0.15,2.48
2009-08-17,0.11,0.18,1.04,3.48,4.33,0.17,2.44
2009-08-18,0.14,0.18,1.06,3.51,4.35,0.17,2.45
2009-08-19,0.1,0.17,1.01,3.45,4.28,0.17,2.44
2009-08-20,0.11,0.17,1.03,3.42,4.24,0.17,2.39
2009-08-21,0.11,0.17,1.13,3.56,4.36,0.16,2.43
2009-08-22,0.11,0.17,1.13,3.56,4.36,0.16,2.43
2009-08-23,0.11,0.17,1.13,3.56,4.36,0.16,2.43
2009-08-24,0.11,0.17,1.05,3.48,4.27,0.16,2.43
2009-08-25,0.12,0.17,1.05,3.45,4.22,0.15,2.4
2009-08-26,0.11,0.15,1.06,3.44,4.2,0.15,2.38
2009-08-27,0.11,0.15,1.04,3.47,4.23,0.14,2.43
2009-08-28,0.11,0.15,1.01,3.46,4.21,0.14,2.45
2009-08-29,0.11,0.15,1.01,3.46,4.21,0.14,2.45
2009-08-30,0.11,0.15,1.01,3.46,4.21,0.14,2.45
2009-08-31,0.11,0.15,0.97,3.4,4.18,0.15,2.43
2009-09-01,0.08,0.14,0.92,3.38,4.19,0.15,2.46
2009-09-02,0.09,0.14,0.89,3.29,4.09,0.16,2.4
2009-09-03,0.09,0.15,0.91,3.33,4.15,0.15,2.42
2009-09-04,0.09,0.14,0.94,3.45,4.27,0.15,2.51
2009-09-05,0.09,0.14,0.94,3.45,4.27,0.15,2.51
2009-09-06,0.09,0.14,0.94,3.45,4.27,0.15,2.51
2009-09-07,0.09,0.14,0.94,3.45,4.27,0.15,2.51
2009-09-08,0.1,0.14,0.93,3.47,4.31,0.15,2.54
2009-09-09,0.09,0.14,0.93,3.48,4.33,0.15,2.55
2009-09-10,0.08,0.14,0.9,3.36,4.19,0.16,2.46
2009-09-11,0.08,0.14,0.9,3.34,4.18,0.15,2.44
2009-09-12,0.08,0.14,0.9,3.34,4.18,0.15,2.44
2009-09-13,0.08,0.14,0.9,3.34,4.18,0.15,2.44
2009-09-14,0.08,0.14,0.94,3.42,4.22,0.16,2.48
2009-09-15,0.05,0.13,0.96,3.47,4.27,0.17,2.51
2009-09-16,0.03,0.1,1.01,3.48,4.26,0.17,2.47
2009-09-17,0.03,0.1,0.98,3.42,4.19,0.16,2.44
2009-09-18,0.03,0.08,1.03,3.49,4.24,0.16,2.46
2009-09-19,0.03,0.08,1.03,3.49,4.24,0.16,2.46
2009-09-20,0.03,0.08,1.03,3.49,4.24,0.16,2.46
2009-09-21,0.05,0.11,1.02,3.49,4.23,0.15,2.47
2009-09-22,0.05,0.11,1.02,3.46,4.2,0.15,2.44
2009-09-23,0.05,0.11,0.96,3.44,4.21,0.15,2.48
2009-09-24,0.03,0.1,0.93,3.4,4.17,0.14,2.47
2009-09-25,0.03,0.1,0.98,3.34,4.1,0.13,2.36
2009-09-26,0.03,0.1,0.98,3.34,4.1,0.13,2.36
2009-09-27,0.03,0.1,0.98,3.34,4.1,0.13,2.36
2009-09-28,0.03,0.11,0.98,3.31,4.04,0.13,2.33
2009-09-29,0.07,0.13,1.0,3.31,4.03,0.11,2.31
2009-09-30,0.06,0.14,0.95,3.31,4.03,0.07,2.36
2009-10-01,0.03,0.1,0.87,3.21,3.97,0.11,2.34
2009-10-02,0.04,0.1,0.88,3.24,4.01,0.13,2.36
2009-10-03,0.04,0.1,0.88,3.24,4.01,0.13,2.36
2009-10-04,0.04,0.1,0.88,3.24,4.01,0.13,2.36
2009-10-05,0.04,0.08,0.88,3.24,4.01,0.13,2.36
2009-10-06,0.05,0.08,0.91,3.27,4.07,0.12,2.36
2009-10-07,0.06,0.09,0.87,3.21,3.99,0.13,2.34
2009-10-08,0.03,0.06,0.9,3.27,4.09,0.12,2.37
2009-10-09,0.04,0.07,0.98,3.4,4.22,0.12,2.42
2009-10-10,0.04,0.07,0.98,3.4,4.22,0.12,2.42
2009-10-11,0.04,0.07,0.98,3.4,4.22,0.12,2.42
2009-10-12,0.04,0.07,0.98,3.4,4.22,0.12,2.42
2009-10-13,0.04,0.07,0.91,3.34,4.16,0.12,2.43
2009-10-14,0.05,0.07,0.96,3.45,4.28,0.12,2.49
2009-10-15,0.06,0.07,0.97,3.49,4.31,0.13,2.52
2009-10-16,0.06,0.07,0.97,3.43,4.24,0.12,2.46
2009-10-17,0.06,0.07,0.97,3.43,4.24,0.12,2.46
2009-10-18,0.06,0.07,0.97,3.43,4.24,0.12,2.46
2009-10-19,0.06,0.08,0.99,3.41,4.21,0.12,2.42
2009-10-20,0.05,0.08,0.95,3.35,4.16,0.12,2.4
2009-10-21,0.05,0.07,1.0,3.42,4.22,0.11,2.42
2009-10-22,0.02,0.06,0.97,3.44,4.24,0.11,2.47
2009-10-23,0.02,0.07,1.04,3.51,4.29,0.11,2.47
2009-10-24,0.02,0.07,1.04,3.51,4.29,0.11,2.47
2009-10-25,0.02,0.07,1.04,3.51,4.29,0.11,2.47
2009-10-26,0.04,0.08,1.06,3.59,4.37,0.11,2.53
2009-10-27,0.05,0.08,0.99,3.49,4.29,0.11,2.5
2009-10-28,0.04,0.07,0.95,3.44,4.25,0.11,2.49
2009-10-29,0.02,0.06,0.98,3.53,4.35,0.11,2.55
2009-10-30,0.01,0.05,0.9,3.41,4.23,0.11,2.51
2009-10-31,0.01,0.05,0.9,3.41,4.23,0.11,2.51
2009-11-01,0.01,0.05,0.9,3.41,4.23,0.11,2.51
2009-11-02,0.03,0.06,0.92,3.45,4.26,0.12,2.53
2009-11-03,0.04,0.06,0.92,3.5,4.34,0.12,2.58
2009-11-04,0.05,0.05,0.91,3.57,4.41,0.13,2.66
2009-11-05,0.06,0.04,0.9,3.57,4.41,0.13,2.67
2009-11-06,0.06,0.06,0.86,3.54,4.4,0.12,2.68
2009-11-07,0.06,0.06,0.86,3.54,4.4,0.12,2.68
2009-11-08,0.06,0.06,0.86,3.54,4.4,0.12,2.68
2009-11-09,0.06,0.07,0.87,3.52,4.4,0.12,2.65
2009-11-10,0.06,0.07,0.85,3.5,4.41,0.13,2.65
2009-11-11,0.06,0.07,0.85,3.5,4.41,0.13,2.65
2009-11-12,0.06,0.07,0.82,3.45,4.41,0.12,2.63
2009-11-13,0.05,0.06,0.82,3.43,4.36,0.12,2.61
2009-11-14,0.05,0.06,0.82,3.43,4.36,0.12,2.61
2009-11-15,0.05,0.06,0.82,3.43,4.36,0.12,2.61
2009-11-16,0.05,0.07,0.78,3.33,4.26,0.12,2.55
2009-11-17,0.05,0.06,0.78,3.33,4.26,0.12,2.55
2009-11-18,0.04,0.04,0.77,3.36,4.29,0.11,2.59
2009-11-19,0.03,0.02,0.73,3.35,4.29,0.11,2.62
2009-11-20,0.04,0.02,0.75,3.36,4.3,0.11,2.61
2009-11-21,0.04,0.02,0.75,3.36,4.3,0.11,2.61
2009-11-22,0.04,0.02,0.75,3.36,4.3,0.11,2.61
2009-11-23,0.05,0.05,0.77,3.37,4.29,0.12,2.6
2009-11-24,0.06,0.05,0.73,3.32,4.25,0.12,2.59
2009-11-25,0.07,0.05,0.73,3.28,4.23,0.11,2.55
2009-11-26,0.07,0.05,0.73,3.28,4.23,0.11,2.55
2009-11-27,0.06,0.03,0.68,3.21,4.21,0.12,2.53
2009-11-28,0.06,0.03,0.68,3.21,4.21,0.12,2.53
2009-11-29,0.06,0.03,0.68,3.21,4.21,0.12,2.53
2009-11-30,0.08,0.06,0.67,3.21,4.2,0.13,2.54
2009-12-01,0.09,0.06,0.67,3.28,4.26,0.13,2.61
2009-12-02,0.08,0.05,0.72,3.32,4.26,0.13,2.6
2009-12-03,0.09,0.06,0.74,3.39,4.33,0.13,2.65
2009-12-04,0.08,0.06,0.84,3.48,4.4,0.12,2.64
2009-12-05,0.08,0.06,0.84,3.48,4.4,0.12,2.64
2009-12-06,0.08,0.06,0.84,3.48,4.4,0.12,2.64
2009-12-07,0.07,0.04,0.78,3.44,4.4,0.12,2.66
2009-12-08,0.02,0.03,0.73,3.4,4.39,0.12,2.67
2009-12-09,0.01,0.03,0.76,3.45,4.41,0.12,2.69
2009-12-10,0.01,0.02,0.78,3.49,4.5,0.12,2.71
2009-12-11,0.01,0.03,0.83,3.55,4.49,0.12,2.72
2009-12-12,0.01,0.03,0.83,3.55,4.49,0.12,2.72
2009-12-13,0.01,0.03,0.83,3.55,4.49,0.12,2.72
2009-12-14,0.02,0.04,0.87,3.56,4.49,0.12,2.69
2009-12-15,0.02,0.05,0.88,3.6,4.52,0.13,2.72
2009-12-16,0.02,0.04,0.85,3.61,4.52,0.14,2.76
2009-12-17,0.01,0.04,0.77,3.5,4.42,0.13,2.73
2009-12-18,0.01,0.05,0.82,3.55,4.46,0.12,2.73
2009-12-19,0.01,0.05,0.82,3.55,4.46,0.12,2.73
2009-12-20,0.01,0.05,0.82,3.55,4.46,0.12,2.73
2009-12-21,0.01,0.08,0.89,3.69,4.56,0.12,2.8
2009-12-22,0.01,0.08,0.95,3.76,4.6,0.12,2.81
2009-12-23,0.01,0.07,0.96,3.77,4.61,0.11,2.81
2009-12-24,0.02,0.05,1.0,3.82,4.68,0.11,2.82
2009-12-25,0.02,0.05,1.0,3.82,4.68,0.11,2.82
2009-12-26,0.02,0.05,1.0,3.82,4.68,0.11,2.82
2009-12-27,0.02,0.05,1.0,3.82,4.68,0.11,2.82
2009-12-28,0.03,0.11,1.09,3.85,4.69,0.12,2.76
2009-12-29,0.02,0.1,1.09,3.82,4.64,0.12,2.73
2009-12-30,0.02,0.05,1.08,3.8,4.61,0.11,2.72
2009-12-31,0.04,0.06,1.14,3.85,4.63,0.05,2.71
2010-01-01,0.04,0.06,1.14,3.85,4.63,0.05,2.71
2010-01-02,0.04,0.06,1.14,3.85,4.63,0.05,2.71
2010-01-03,0.04,0.06,1.14,3.85,4.63,0.05,2.71
2010-01-04,0.05,0.08,1.09,3.85,4.65,0.12,2.76
2010-01-05,0.03,0.07,1.01,3.77,4.59,0.12,2.76
2010-01-06,0.03,0.06,1.01,3.85,4.7,0.12,2.84
2010-01-07,0.02,0.05,1.03,3.85,4.69,0.1,2.82
2010-01-08,0.02,0.05,0.96,3.83,4.7,0.11,2.87
2010-01-09,0.02,0.05,0.96,3.83,4.7,0.11,2.87
2010-01-10,0.02,0.05,0.96,3.83,4.7,0.11,2.87
2010-01-11,0.01,0.04,0.95,3.85,4.74,0.11,2.9
2010-01-12,0.02,0.05,0.92,3.74,4.62,0.11,2.82
2010-01-13,0.02,0.06,0.97,3.8,4.71,0.11,2.83
2010-01-14,0.02,0.05,0.94,3.76,4.63,0.11,2.82
2010-01-15,0.03,0.06,0.89,3.7,4.58,0.12,2.81
2010-01-16,0.03,0.06,0.89,3.7,4.58,0.12,2.81
2010-01-17,0.03,0.06,0.89,3.7,4.58,0.12,2.81
2010-01-18,0.03,0.06,0.89,3.7,4.58,0.12,2.81
2010-01-19,0.03,0.06,0.93,3.73,4.6,0.13,2.8
2010-01-20,0.03,0.05,0.92,3.68,4.54,0.13,2.76
2010-01-21,0.02,0.06,0.87,3.62,4.5,0.12,2.75
2010-01-22,0.02,0.06,0.84,3.62,4.5,0.11,2.78
2010-01-23,0.02,0.06,0.84,3.62,4.5,0.11,2.78
2010-01-24,0.02,0.06,0.84,3.62,4.5,0.11,2.78
2010-01-25,0.02,0.06,0.86,3.66,4.55,0.12,2.8
2010-01-26,0.02,0.07,0.87,3.65,4.56,0.12,2.78
2010-01-27,0.01,0.08,0.9,3.66,4.55,0.12,2.76
2010-01-28,0.01,0.08,0.87,3.68,4.57,0.12,2.81
2010-01-29,0.02,0.08,0.82,3.63,4.51,0.12,2.81
2010-01-30,0.02,0.08,0.82,3.63,4.51,0.12,2.81
2010-01-31,0.02,0.08,0.82,3.63,4.51,0.12,2.81
2010-02-01,0.05,0.1,0.86,3.68,4.56,0.14,2.82
2010-02-02,0.04,0.1,0.86,3.67,4.55,0.14,2.81
2010-02-03,0.05,0.1,0.88,3.73,4.62,0.13,2.85
2010-02-04,0.04,0.09,0.8,3.62,4.53,0.14,2.82
2010-02-05,0.03,0.1,0.77,3.59,4.51,0.13,2.82
2010-02-06,0.03,0.1,0.77,3.59,4.51,0.13,2.82
2010-02-07,0.03,0.1,0.77,3.59,4.51,0.13,2.82
2010-02-08,0.04,0.12,0.79,3.62,4.52,0.13,2.83
2010-02-09,0.05,0.12,0.84,3.67,4.58,0.13,2.83
2010-02-10,0.06,0.11,0.91,3.72,4.65,0.12,2.81
2010-02-11,0.05,0.11,0.91,3.73,4.69,0.12,2.82
2010-02-12,0.04,0.1,0.84,3.69,4.66,0.12,2.85
2010-02-13,0.04,0.1,0.84,3.69,4.66,0.12,2.85
2010-02-14,0.04,0.1,0.84,3.69,4.66,0.12,2.85
2010-02-15,0.04,0.1,0.84,3.69,4.66,0.12,2.85
2010-02-16,0.04,0.1,0.82,3.66,4.63,0.13,2.84
2010-02-17,0.07,0.1,0.87,3.74,4.7,0.12,2.87
2010-02-18,0.07,0.1,0.9,3.79,4.74,0.12,2.89
2010-02-19,0.06,0.11,0.95,3.78,4.71,0.13,2.83
2010-02-20,0.06,0.11,0.95,3.78,4.71,0.13,2.83
2010-02-21,0.06,0.11,0.95,3.78,4.71,0.13,2.83
2010-02-22,0.06,0.11,0.91,3.8,4.73,0.12,2.89
2010-02-23,0.08,0.12,0.87,3.69,4.63,0.12,2.82
2010-02-24,0.08,0.12,0.87,3.7,4.63,0.11,2.83
2010-02-25,0.09,0.13,0.82,3.64,4.58,0.12,2.82
2010-02-26,0.09,0.13,0.81,3.61,4.55,0.13,2.8
2010-02-27,0.09,0.13,0.81,3.61,4.55,0.13,2.8
2010-02-28,0.09,0.13,0.81,3.61,4.55,0.13,2.8
2010-03-01,0.09,0.13,0.8,3.61,4.56,0.14,2.81
2010-03-02,0.09,0.14,0.8,3.62,4.57,0.14,2.82
2010-03-03,0.09,0.14,0.82,3.63,4.58,0.15,2.81
2010-03-04,0.09,0.14,0.86,3.61,4.56,0.16,2.75
2010-03-05,0.11,0.15,0.91,3.69,4.64,0.17,2.78
2010-03-06,0.11,0.15,0.91,3.69,4.64,0.17,2.78
2010-03-07,0.11,0.15,0.91,3.69,4.64,0.17,2.78
2010-03-08,0.11,0.16,0.9,3.72,4.68,0.15,2.82
2010-03-09,0.12,0.16,0.89,3.71,4.68,0.14,2.82
2010-03-10,0.12,0.15,0.92,3.73,4.69,0.14,2.81
2010-03-11,0.12,0.16,0.97,3.73,4.66,0.15,2.76
2010-03-12,0.1,0.15,0.97,3.71,4.62,0.17,2.74
2010-03-13,0.1,0.15,0.97,3.71,4.62,0.17,2.74
2010-03-14,0.1,0.15,0.97,3.71,4.62,0.17,2.74
2010-03-15,0.12,0.17,0.96,3.71,4.63,0.2,2.75
2010-03-16,0.14,0.16,0.93,3.66,4.59,0.2,2.73
2010-03-17,0.13,0.15,0.95,3.65,4.56,0.18,2.7
2010-03-18,0.14,0.16,0.98,3.68,4.59,0.18,2.7
2010-03-19,0.13,0.16,1.02,3.7,4.58,0.18,2.68
2010-03-20,0.13,0.16,1.02,3.7,4.58,0.18,2.68
2010-03-21,0.13,0.16,1.02,3.7,4.58,0.18,2.68
2010-03-22,0.13,0.15,1.01,3.67,4.57,0.18,2.66
2010-03-23,0.11,0.14,1.02,3.69,4.6,0.17,2.67
2010-03-24,0.12,0.14,1.08,3.84,4.72,0.17,2.76
2010-03-25,0.12,0.14,1.1,3.91,4.77,0.17,2.81
2010-03-26,0.11,0.14,1.04,3.86,4.75,0.17,2.82
2010-03-27,0.11,0.14,1.04,3.86,4.75,0.17,2.82
2010-03-28,0.11,0.14,1.04,3.86,4.75,0.17,2.82
2010-03-29,0.11,0.15,1.04,3.88,4.76,0.16,2.84
2010-03-30,0.13,0.16,1.06,3.88,4.75,0.16,2.82
2010-03-31,0.15,0.16,1.02,3.84,4.72,0.09,2.82
2010-04-01,0.16,0.16,1.05,3.89,4.74,0.17,2.84
2010-04-02,0.15,0.16,1.11,3.96,4.81,0.2,2.85
2010-04-03,0.15,0.16,1.11,3.96,4.81,0.2,2.85
2010-04-04,0.15,0.16,1.11,3.96,4.81,0.2,2.85
2010-04-05,0.16,0.18,1.18,4.01,4.85,0.2,2.83
2010-04-06,0.17,0.17,1.14,3.98,4.84,0.2,2.84
2010-04-07,0.16,0.17,1.06,3.89,4.74,0.19,2.83
2010-04-08,0.16,0.17,1.09,3.91,4.75,0.19,2.82
2010-04-09,0.16,0.16,1.08,3.9,4.74,0.19,2.82
2010-04-10,0.16,0.16,1.08,3.9,4.74,0.19,2.82
2010-04-11,0.16,0.16,1.08,3.9,4.74,0.19,2.82
2010-04-12,0.15,0.16,1.07,3.87,4.7,0.19,2.8
2010-04-13,0.15,0.16,1.07,3.84,4.68,0.2,2.77
2010-04-14,0.15,0.16,1.07,3.88,4.72,0.2,2.81
2010-04-15,0.16,0.16,1.04,3.86,4.72,0.22,2.82
2010-04-16,0.15,0.16,0.98,3.79,4.67,0.21,2.81
2010-04-17,0.15,0.16,0.98,3.79,4.67,0.21,2.81
2010-04-18,0.15,0.16,0.98,3.79,4.67,0.21,2.81
2010-04-19,0.15,0.16,1.01,3.83,4.7,0.2,2.82
2010-04-20,0.14,0.16,1.05,3.82,4.67,0.2,2.77
2010-04-21,0.14,0.15,1.03,3.77,4.61,0.2,2.74
2010-04-22,0.15,0.16,1.07,3.8,4.65,0.2,2.73
2010-04-23,0.14,0.16,1.1,3.84,4.67,0.2,2.74
2010-04-24,0.14,0.16,1.1,3.84,4.67,0.2,2.74
2010-04-25,0.14,0.16,1.1,3.84,4.67,0.2,2.74
2010-04-26,0.14,0.16,1.09,3.83,4.67,0.2,2.74
2010-04-27,0.14,0.16,1.03,3.71,4.56,0.2,2.68
2010-04-28,0.14,0.16,1.03,3.8,4.63,0.2,2.77
2010-04-29,0.15,0.17,1.01,3.76,4.6,0.19,2.75
2010-04-30,0.14,0.16,0.97,3.69,4.53,0.2,2.72
2010-05-01,0.14,0.16,0.97,3.69,4.53,0.2,2.72
2010-05-02,0.14,0.16,0.97,3.69,4.53,0.2,2.72
2010-05-03,0.14,0.17,1.0,3.72,4.53,0.2,2.72
2010-05-04,0.15,0.16,0.96,3.63,4.43,0.21,2.67
2010-05-05,0.14,0.15,0.88,3.58,4.39,0.21,2.7
2010-05-06,0.06,0.11,0.75,3.41,4.19,0.2,2.66
2010-05-07,0.08,0.13,0.83,3.45,4.28,0.2,2.62
2010-05-08,0.08,0.13,0.83,3.45,4.28,0.2,2.62
2010-05-09,0.08,0.13,0.83,3.45,4.28,0.2,2.62
2010-05-10,0.13,0.16,0.87,3.57,4.41,0.2,2.7
2010-05-11,0.15,0.16,0.85,3.56,4.42,0.2,2.71
2010-05-12,0.16,0.16,0.89,3.56,4.47,0.2,2.67
2010-05-13,0.15,0.16,0.87,3.55,4.47,0.2,2.68
2010-05-14,0.15,0.16,0.79,3.44,4.32,0.2,2.65
2010-05-15,0.15,0.16,0.79,3.44,4.32,0.2,2.65
2010-05-16,0.15,0.16,0.79,3.44,4.32,0.2,2.65
2010-05-17,0.16,0.16,0.81,3.47,4.35,0.21,2.66
2010-05-18,0.17,0.17,0.76,3.38,4.26,0.21,2.62
2010-05-19,0.17,0.17,0.8,3.36,4.24,0.2,2.56
2010-05-20,0.17,0.17,0.76,3.25,4.13,0.2,2.49
2010-05-21,0.17,0.17,0.76,3.2,4.07,0.2,2.44
2010-05-22,0.17,0.17,0.76,3.2,4.07,0.2,2.44
2010-05-23,0.17,0.17,0.76,3.2,4.07,0.2,2.44
2010-05-24,0.16,0.17,0.77,3.23,4.12,0.21,2.46
2010-05-25,0.16,0.17,0.81,3.18,4.07,0.21,2.37
2010-05-26,0.16,0.17,0.82,3.21,4.11,0.2,2.39
2010-05-27,0.16,0.17,0.87,3.34,4.24,0.2,2.47
2010-05-28,0.15,0.16,0.76,3.31,4.22,0.19,2.55
2010-05-29,0.15,0.16,0.76,3.31,4.22,0.19,2.55
2010-05-30,0.15,0.16,0.76,3.31,4.22,0.19,2.55
2010-05-31,0.15,0.16,0.76,3.31,4.22,0.19,2.55
2010-06-01,0.14,0.16,0.78,3.29,4.19,0.2,2.51
2010-06-02,0.13,0.16,0.82,3.35,4.24,0.2,2.53
2010-06-03,0.13,0.14,0.82,3.39,4.29,0.19,2.57
2010-06-04,0.12,0.14,0.72,3.2,4.13,0.19,2.48
2010-06-05,0.12,0.14,0.72,3.2,4.13,0.19,2.48
2010-06-06,0.12,0.14,0.72,3.2,4.13,0.19,2.48
2010-06-07,0.1,0.12,0.74,3.17,4.11,0.19,2.43
2010-06-08,0.1,0.12,0.74,3.18,4.1,0.19,2.44
2010-06-09,0.08,0.1,0.74,3.2,4.12,0.18,2.46
2010-06-10,0.06,0.1,0.79,3.33,4.25,0.18,2.54
2010-06-11,0.04,0.08,0.75,3.24,4.15,0.18,2.49
2010-06-12,0.04,0.08,0.75,3.24,4.15,0.18,2.49
2010-06-13,0.04,0.08,0.75,3.24,4.15,0.18,2.49
2010-06-14,0.02,0.07,0.77,3.28,4.2,0.18,2.51
2010-06-15,0.03,0.09,0.79,3.32,4.23,0.19,2.53
2010-06-16,0.06,0.1,0.75,3.27,4.18,0.19,2.52
2010-06-17,0.05,0.09,0.72,3.21,4.13,0.19,2.49
2010-06-18,0.04,0.11,0.74,3.24,4.15,0.18,2.5
2010-06-19,0.04,0.11,0.74,3.24,4.15,0.18,2.5
2010-06-20,0.04,0.11,0.74,3.24,4.15,0.18,2.5
2010-06-21,0.05,0.12,0.74,3.26,4.17,0.17,2.52
2010-06-22,0.08,0.13,0.71,3.18,4.1,0.18,2.47
2010-06-23,0.07,0.13,0.66,3.13,4.05,0.17,2.47
2010-06-24,0.07,0.13,0.67,3.14,4.09,0.16,2.47
2010-06-25,0.05,0.13,0.65,3.12,4.07,0.16,2.47
2010-06-26,0.05,0.13,0.65,3.12,4.07,0.16,2.47
2010-06-27,0.05,0.13,0.65,3.12,4.07,0.16,2.47
2010-06-28,0.07,0.17,0.62,3.05,4.01,0.17,2.43
2010-06-29,0.09,0.15,0.61,2.97,3.94,0.15,2.36
2010-06-30,0.17,0.18,0.61,2.97,3.91,0.09,2.36
2010-07-01,0.16,0.17,0.63,2.96,3.88,0.17,2.33
2010-07-02,0.16,0.17,0.63,3.0,3.94,0.18,2.37
2010-07-03,0.16,0.17,0.63,3.0,3.94,0.18,2.37
2010-07-04,0.16,0.17,0.63,3.0,3.94,0.18,2.37
2010-07-05,0.16,0.17,0.63,3.0,3.94,0.18,2.37
2010-07-06,0.17,0.17,0.62,2.95,3.89,0.18,2.33
2010-07-07,0.17,0.16,0.63,3.0,3.96,0.18,2.37
2010-07-08,0.17,0.15,0.63,3.04,4.0,0.17,2.41
2010-07-09,0.16,0.16,0.63,3.07,4.04,0.18,2.44
2010-07-10,0.16,0.16,0.63,3.07,4.04,0.18,2.44
2010-07-11,0.16,0.16,0.63,3.07,4.04,0.18,2.44
2010-07-12,0.16,0.16,0.65,3.08,4.05,0.17,2.43
2010-07-13,0.16,0.15,0.67,3.15,4.1,0.17,2.48
2010-07-14,0.16,0.15,0.62,3.07,4.03,0.17,2.45
2010-07-15,0.16,0.15,0.61,3.0,3.97,0.19,2.39
2010-07-16,0.14,0.15,0.61,2.96,3.95,0.19,2.35
2010-07-17,0.14,0.15,0.61,2.96,3.95,0.19,2.35
2010-07-18,0.14,0.15,0.61,2.96,3.95,0.19,2.35
2010-07-19,0.15,0.17,0.61,2.99,3.99,0.19,2.38
2010-07-20,0.16,0.16,0.61,2.98,3.99,0.18,2.37
2010-07-21,0.16,0.16,0.58,2.9,3.89,0.18,2.32
2010-07-22,0.15,0.16,0.6,2.96,3.95,0.18,2.36
2010-07-23,0.15,0.16,0.6,3.02,4.01,0.19,2.42
2010-07-24,0.15,0.16,0.6,3.02,4.01,0.19,2.42
2010-07-25,0.15,0.16,0.6,3.02,4.01,0.19,2.42
2010-07-26,0.15,0.16,0.62,3.03,4.03,0.19,2.41
2010-07-27,0.16,0.15,0.65,3.08,4.08,0.19,2.43
2010-07-28,0.15,0.15,0.61,3.03,4.07,0.2,2.42
2010-07-29,0.15,0.15,0.59,3.03,4.08,0.19,2.44
2010-07-30,0.14,0.15,0.55,2.94,3.98,0.18,2.39
2010-07-31,0.14,0.15,0.55,2.94,3.98,0.18,2.39
2010-08-01,0.14,0.15,0.55,2.94,3.98,0.18,2.39
2010-08-02,0.14,0.16,0.56,2.99,4.06,0.19,2.43
2010-08-03,0.15,0.16,0.53,2.94,4.04,0.19,2.41
2010-08-04,0.15,0.16,0.56,2.98,4.07,0.19,2.42
2010-08-05,0.15,0.15,0.53,2.94,4.05,0.19,2.41
2010-08-06,0.14,0.15,0.5,2.86,4.0,0.18,2.36
2010-08-07,0.14,0.15,0.5,2.86,4.0,0.18,2.36
2010-08-08,0.14,0.15,0.5,2.86,4.0,0.18,2.36
2010-08-09,0.14,0.15,0.54,2.86,4.01,0.18,2.32
2010-08-10,0.15,0.15,0.52,2.79,4.0,0.18,2.27
2010-08-11,0.15,0.15,0.54,2.72,3.93,0.17,2.18
2010-08-12,0.15,0.16,0.55,2.74,3.94,0.18,2.19
2010-08-13,0.14,0.15,0.54,2.68,3.87,0.19,2.14
2010-08-14,0.14,0.15,0.54,2.68,3.87,0.19,2.14
2010-08-15,0.14,0.15,0.54,2.68,3.87,0.19,2.14
2010-08-16,0.15,0.16,0.51,2.58,3.72,0.2,2.07
2010-08-17,0.16,0.17,0.52,2.64,3.77,0.2,2.12
2010-08-18,0.16,0.16,0.51,2.64,3.73,0.19,2.13
2010-08-19,0.16,0.16,0.49,2.58,3.66,0.19,2.09
2010-08-20,0.15,0.15,0.49,2.62,3.67,0.2,2.13
2010-08-21,0.15,0.15,0.49,2.62,3.67,0.2,2.13
2010-08-22,0.15,0.15,0.49,2.62,3.67,0.2,2.13
2010-08-23,0.15,0.16,0.49,2.6,3.65,0.19,2.11
2010-08-24,0.17,0.16,0.5,2.5,3.57,0.19,2.0
2010-08-25,0.17,0.16,0.53,2.54,3.59,0.19,2.01
2010-08-26,0.17,0.16,0.51,2.5,3.53,0.19,1.99
2010-08-27,0.17,0.15,0.56,2.66,3.69,0.19,2.1
2010-08-28,0.17,0.15,0.56,2.66,3.69,0.19,2.1
2010-08-29,0.17,0.15,0.56,2.66,3.69,0.19,2.1
2010-08-30,0.16,0.14,0.5,2.54,3.6,0.19,2.04
2010-08-31,0.16,0.14,0.47,2.47,3.52,0.21,2.0
2010-09-01,0.16,0.13,0.5,2.58,3.65,0.19,2.08
2010-09-02,0.15,0.14,0.5,2.63,3.72,0.19,2.13
2010-09-03,0.15,0.14,0.52,2.72,3.79,0.19,2.2
2010-09-04,0.15,0.14,0.52,2.72,3.79,0.19,2.2
2010-09-05,0.15,0.14,0.52,2.72,3.79,0.19,2.2
2010-09-06,0.15,0.14,0.52,2.72,3.79,0.19,2.2
2010-09-07,0.13,0.14,0.49,2.61,3.67,0.2,2.12
2010-09-08,0.1,0.14,0.52,2.66,3.72,0.19,2.14
2010-09-09,0.1,0.14,0.57,2.77,3.84,0.18,2.2
2010-09-10,0.1,0.14,0.58,2.81,3.88,0.18,2.23
2010-09-11,0.1,0.14,0.58,2.81,3.88,0.18,2.23
2010-09-12,0.1,0.14,0.58,2.81,3.88,0.18,2.23
2010-09-13,0.1,0.15,0.53,2.74,3.83,0.18,2.21
2010-09-14,0.11,0.15,0.5,2.68,3.79,0.19,2.18
2010-09-15,0.11,0.15,0.5,2.74,3.87,0.21,2.24
2010-09-16,0.12,0.16,0.48,2.77,3.92,0.21,2.29
2010-09-17,0.12,0.16,0.48,2.75,3.9,0.21,2.27
2010-09-18,0.12,0.16,0.48,2.75,3.9,0.21,2.27
2010-09-19,0.12,0.16,0.48,2.75,3.9,0.21,2.27
2010-09-20,0.12,0.17,0.47,2.72,3.87,0.21,2.25
2010-09-21,0.12,0.17,0.43,2.61,3.79,0.2,2.18
2010-09-22,0.12,0.16,0.44,2.56,3.74,0.21,2.12
2010-09-23,0.13,0.16,0.45,2.56,3.73,0.2,2.11
2010-09-24,0.09,0.15,0.45,2.62,3.79,0.21,2.17
2010-09-25,0.09,0.15,0.45,2.62,3.79,0.21,2.17
2010-09-26,0.09,0.15,0.45,2.62,3.79,0.21,2.17
2010-09-27,0.08,0.16,0.44,2.54,3.7,0.19,2.1
2010-09-28,0.08,0.16,0.37,2.48,3.66,0.19,2.11
2010-09-29,0.12,0.16,0.44,2.52,3.69,0.19,2.08
2010-09-30,0.14,0.16,0.42,2.53,3.69,0.15,2.11
2010-10-01,0.15,0.16,0.42,2.54,3.71,0.2,2.12
2010-10-02,0.15,0.16,0.42,2.54,3.71,0.2,2.12
2010-10-03,0.15,0.16,0.42,2.54,3.71,0.2,2.12
2010-10-04,0.15,0.13,0.41,2.5,3.71,0.2,2.09
2010-10-05,0.14,0.12,0.41,2.5,3.74,0.2,2.09
2010-10-06,0.14,0.13,0.38,2.41,3.67,0.19,2.03
2010-10-07,0.15,0.13,0.36,2.41,3.72,0.18,2.05
2010-10-08,0.14,0.12,0.35,2.41,3.75,0.18,2.06
2010-10-09,0.14,0.12,0.35,2.41,3.75,0.18,2.06
2010-10-10,0.14,0.12,0.35,2.41,3.75,0.18,2.06
2010-10-11,0.14,0.12,0.35,2.41,3.75,0.18,2.06
2010-10-12,0.14,0.13,0.37,2.44,3.8,0.18,2.07
2010-10-13,0.14,0.13,0.37,2.46,3.84,0.18,2.09
2010-10-14,0.15,0.14,0.38,2.52,3.91,0.19,2.14
2010-10-15,0.14,0.14,0.37,2.59,3.98,0.2,2.22
2010-10-16,0.14,0.14,0.37,2.59,3.98,0.2,2.22
2010-10-17,0.14,0.14,0.37,2.59,3.98,0.2,2.22
2010-10-18,0.14,0.15,0.38,2.52,3.93,0.19,2.14
2010-10-19,0.14,0.14,0.37,2.5,3.9,0.19,2.13
2010-10-20,0.14,0.14,0.35,2.51,3.89,0.19,2.16
2010-10-21,0.13,0.13,0.37,2.57,3.95,0.19,2.2
2010-10-22,0.13,0.13,0.35,2.59,3.94,0.19,2.24
2010-10-23,0.13,0.13,0.35,2.59,3.94,0.19,2.24
2010-10-24,0.13,0.13,0.35,2.59,3.94,0.19,2.24
2010-10-25,0.13,0.14,0.37,2.59,3.91,0.19,2.22
2010-10-26,0.14,0.14,0.4,2.67,4.0,0.19,2.27
2010-10-27,0.14,0.14,0.4,2.75,4.06,0.19,2.35
2010-10-28,0.14,0.13,0.37,2.69,4.05,0.19,2.32
2010-10-29,0.14,0.12,0.34,2.63,3.99,0.2,2.29
2010-10-30,0.14,0.12,0.34,2.63,3.99,0.2,2.29
2010-10-31,0.14,0.12,0.34,2.63,3.99,0.2,2.29
2010-11-01,0.14,0.13,0.34,2.66,4.01,0.2,2.32
2010-11-02,0.13,0.13,0.34,2.63,3.93,0.2,2.29
2010-11-03,0.13,0.13,0.34,2.67,4.09,0.2,2.33
2010-11-04,0.13,0.13,0.33,2.53,4.04,0.19,2.2
2010-11-05,0.13,0.13,0.38,2.58,4.12,0.18,2.2
2010-11-06,0.13,0.13,0.38,2.58,4.12,0.18,2.2
2010-11-07,0.13,0.13,0.38,2.58,4.12,0.18,2.2
2010-11-08,0.12,0.13,0.41,2.6,4.12,0.18,2.19
2010-11-09,0.11,0.13,0.46,2.72,4.25,0.17,2.26
2010-11-10,0.12,0.13,0.44,2.65,4.25,0.17,2.21
2010-11-11,0.12,0.13,0.44,2.65,4.25,0.17,2.21
2010-11-12,0.11,0.13,0.51,2.76,4.26,0.19,2.25
2010-11-13,0.11,0.13,0.51,2.76,4.26,0.19,2.25
2010-11-14,0.11,0.13,0.51,2.76,4.26,0.19,2.25
2010-11-15,0.12,0.14,0.53,2.92,4.38,0.21,2.39
2010-11-16,0.13,0.15,0.51,2.85,4.26,0.21,2.34
2010-11-17,0.13,0.14,0.5,2.89,4.31,0.2,2.39
2010-11-18,0.13,0.15,0.52,2.9,4.29,0.2,2.38
2010-11-19,0.12,0.14,0.52,2.88,4.25,0.21,2.36
2010-11-20,0.12,0.14,0.52,2.88,4.25,0.21,2.36
2010-11-21,0.12,0.14,0.52,2.88,4.25,0.21,2.36
2010-11-22,0.12,0.15,0.49,2.8,4.2,0.19,2.31
2010-11-23,0.15,0.15,0.45,2.77,4.18,0.2,2.32
2010-11-24,0.16,0.16,0.53,2.93,4.29,0.2,2.4
2010-11-25,0.16,0.16,0.53,2.93,4.29,0.2,2.4
2010-11-26,0.16,0.16,0.51,2.87,4.21,0.2,2.36
2010-11-27,0.16,0.16,0.51,2.87,4.21,0.2,2.36
2010-11-28,0.16,0.16,0.51,2.87,4.21,0.2,2.36
2010-11-29,0.16,0.18,0.52,2.84,4.16,0.2,2.32
2010-11-30,0.18,0.17,0.45,2.81,4.12,0.2,2.36
2010-12-01,0.17,0.16,0.53,2.97,4.24,0.2,2.44
2010-12-02,0.16,0.16,0.55,3.01,4.27,0.19,2.46
2010-12-03,0.14,0.14,0.49,3.03,4.32,0.18,2.54
2010-12-04,0.14,0.14,0.49,3.03,4.32,0.18,2.54
2010-12-05,0.14,0.14,0.49,3.03,4.32,0.18,2.54
2010-12-06,0.14,0.15,0.42,2.95,4.25,0.18,2.53
2010-12-07,0.08,0.14,0.54,3.15,4.39,0.17,2.61
2010-12-08,0.08,0.15,0.63,3.26,4.45,0.17,2.63
2010-12-09,0.09,0.14,0.64,3.23,4.41,0.16,2.59
2010-12-10,0.09,0.13,0.64,3.32,4.43,0.16,2.68
2010-12-11,0.09,0.13,0.64,3.32,4.43,0.16,2.68
2010-12-12,0.09,0.13,0.64,3.32,4.43,0.16,2.68
2010-12-13,0.1,0.15,0.61,3.29,4.39,0.17,2.68
2010-12-14,0.09,0.15,0.66,3.49,4.54,0.19,2.83
2010-12-15,0.08,0.14,0.68,3.53,4.59,0.2,2.85
2010-12-16,0.08,0.13,0.66,3.47,4.57,0.2,2.81
2010-12-17,0.05,0.11,0.61,3.33,4.41,0.2,2.72
2010-12-18,0.05,0.11,0.61,3.33,4.41,0.2,2.72
2010-12-19,0.05,0.11,0.61,3.33,4.41,0.2,2.72
2010-12-20,0.04,0.14,0.62,3.36,4.44,0.21,2.74
2010-12-21,0.09,0.14,0.63,3.35,4.44,0.2,2.72
2010-12-22,0.07,0.14,0.65,3.36,4.45,0.19,2.71
2010-12-23,0.07,0.14,0.67,3.41,4.47,0.19,2.74
2010-12-24,0.07,0.14,0.67,3.41,4.47,0.19,2.74
2010-12-25,0.07,0.14,0.67,3.41,4.47,0.19,2.74
2010-12-26,0.07,0.14,0.67,3.41,4.47,0.19,2.74
2010-12-27,0.06,0.17,0.71,3.36,4.42,0.19,2.65
2010-12-28,0.08,0.15,0.75,3.5,4.53,0.18,2.75
2010-12-29,0.05,0.13,0.64,3.35,4.41,0.18,2.71
2010-12-30,0.05,0.12,0.66,3.38,4.43,0.19,2.72
2010-12-31,0.07,0.12,0.61,3.3,4.34,0.13,2.69
2011-01-01,0.07,0.12,0.61,3.3,4.34,0.13,2.69
2011-01-02,0.07,0.12,0.61,3.3,4.34,0.13,2.69
2011-01-03,0.11,0.15,0.61,3.36,4.39,0.19,2.75
2011-01-04,0.12,0.14,0.63,3.36,4.44,0.18,2.73
2011-01-05,0.13,0.14,0.71,3.5,4.55,0.18,2.79
2011-01-06,0.13,0.15,0.68,3.44,4.53,0.17,2.76
2011-01-07,0.13,0.14,0.6,3.34,4.48,0.17,2.74
2011-01-08,0.13,0.14,0.6,3.34,4.48,0.17,2.74
2011-01-09,0.13,0.14,0.6,3.34,4.48,0.17,2.74
2011-01-10,0.14,0.15,0.59,3.32,4.47,0.17,2.73
2011-01-11,0.15,0.15,0.6,3.37,4.49,0.17,2.77
2011-01-12,0.15,0.15,0.61,3.4,4.52,0.16,2.79
2011-01-13,0.15,0.15,0.59,3.34,4.5,0.16,2.75
2011-01-14,0.14,0.15,0.59,3.35,4.53,0.16,2.76
2011-01-15,0.14,0.15,0.59,3.35,4.53,0.16,2.76
2011-01-16,0.14,0.15,0.59,3.35,4.53,0.16,2.76
2011-01-17,0.14,0.15,0.59,3.35,4.53,0.16,2.76
2011-01-18,0.15,0.16,0.6,3.39,4.56,0.19,2.79
2011-01-19,0.16,0.16,0.6,3.37,4.53,0.18,2.77
2011-01-20,0.15,0.16,0.65,3.47,4.6,0.18,2.82
2011-01-21,0.15,0.16,0.63,3.44,4.57,0.17,2.81
2011-01-22,0.15,0.16,0.63,3.44,4.57,0.17,2.81
2011-01-23,0.15,0.16,0.63,3.44,4.57,0.17,2.81
2011-01-24,0.15,0.16,0.65,3.43,4.55,0.18,2.78
2011-01-25,0.15,0.16,0.62,3.35,4.48,0.17,2.73
2011-01-26,0.15,0.16,0.62,3.45,4.59,0.17,2.83
2011-01-27,0.13,0.15,0.59,3.42,4.57,0.17,2.83
2011-01-28,0.13,0.15,0.54,3.36,4.53,0.17,2.82
2011-01-29,0.13,0.15,0.54,3.36,4.53,0.17,2.82
2011-01-30,0.13,0.15,0.54,3.36,4.53,0.17,2.82
2011-01-31,0.15,0.15,0.58,3.42,4.58,0.17,2.84
2011-02-01,0.16,0.15,0.61,3.48,4.62,0.18,2.87
2011-02-02,0.15,0.16,0.67,3.52,4.64,0.18,2.85
2011-02-03,0.14,0.14,0.71,3.58,4.67,0.17,2.87
2011-02-04,0.13,0.15,0.77,3.68,4.73,0.17,2.91
2011-02-05,0.13,0.15,0.77,3.68,4.73,0.17,2.91
2011-02-06,0.13,0.15,0.77,3.68,4.73,0.17,2.91
2011-02-07,0.13,0.16,0.78,3.68,4.71,0.17,2.9
2011-02-08,0.14,0.15,0.86,3.75,4.76,0.16,2.89
2011-02-09,0.11,0.14,0.81,3.65,4.71,0.15,2.84
2011-02-10,0.08,0.12,0.85,3.7,4.75,0.15,2.85
2011-02-11,0.08,0.12,0.85,3.64,4.71,0.15,2.79
2011-02-12,0.08,0.12,0.85,3.64,4.71,0.15,2.79
2011-02-13,0.08,0.12,0.85,3.64,4.71,0.15,2.79
2011-02-14,0.09,0.13,0.87,3.62,4.67,0.15,2.75
2011-02-15,0.11,0.13,0.84,3.61,4.66,0.16,2.77
2011-02-16,0.1,0.12,0.86,3.62,4.67,0.15,2.76
2011-02-17,0.08,0.09,0.8,3.58,4.66,0.15,2.78
2011-02-18,0.08,0.1,0.78,3.59,4.7,0.15,2.81
2011-02-19,0.08,0.1,0.78,3.59,4.7,0.15,2.81
2011-02-20,0.08,0.1,0.78,3.59,4.7,0.15,2.81
2011-02-21,0.08,0.1,0.78,3.59,4.7,0.15,2.81
2011-02-22,0.1,0.12,0.74,3.46,4.6,0.15,2.72
2011-02-23,0.12,0.12,0.74,3.49,4.59,0.15,2.75
2011-02-24,0.13,0.13,0.73,3.46,4.54,0.15,2.73
2011-02-25,0.12,0.13,0.72,3.42,4.51,0.15,2.7
2011-02-26,0.12,0.13,0.72,3.42,4.51,0.15,2.7
2011-02-27,0.12,0.13,0.72,3.42,4.51,0.15,2.7
2011-02-28,0.13,0.15,0.69,3.42,4.49,0.16,2.73
2011-03-01,0.07,0.14,0.66,3.41,4.48,0.15,2.75
2011-03-02,0.12,0.13,0.69,3.46,4.54,0.16,2.77
2011-03-03,0.12,0.13,0.79,3.58,4.64,0.15,2.79
2011-03-04,0.11,0.12,0.68,3.49,4.6,0.15,2.81
2011-03-05,0.11,0.12,0.68,3.49,4.6,0.15,2.81
2011-03-06,0.11,0.12,0.68,3.49,4.6,0.15,2.81
2011-03-07,0.1,0.11,0.7,3.51,4.61,0.14,2.81
2011-03-08,0.07,0.11,0.73,3.56,4.66,0.14,2.83
2011-03-09,0.07,0.1,0.7,3.48,4.6,0.14,2.78
2011-03-10,0.04,0.08,0.65,3.37,4.53,0.14,2.72
2011-03-11,0.04,0.08,0.64,3.4,4.54,0.13,2.76
2011-03-12,0.04,0.08,0.64,3.4,4.54,0.13,2.76
2011-03-13,0.04,0.08,0.64,3.4,4.54,0.13,2.76
2011-03-14,0.05,0.09,0.61,3.36,4.52,0.14,2.75
2011-03-15,0.07,0.1,0.63,3.33,4.47,0.14,2.7
2011-03-16,0.06,0.1,0.58,3.22,4.38,0.14,2.64
2011-03-17,0.06,0.08,0.6,3.25,4.42,0.14,2.65
2011-03-18,0.06,0.07,0.61,3.28,4.43,0.15,2.67
2011-03-19,0.06,0.07,0.61,3.28,4.43,0.15,2.67
2011-03-20,0.06,0.07,0.61,3.28,4.43,0.15,2.67
2011-03-21,0.06,0.1,0.67,3.34,4.45,0.14,2.67
2011-03-22,0.07,0.1,0.68,3.34,4.44,0.14,2.66
2011-03-23,0.06,0.09,0.69,3.36,4.44,0.14,2.67
2011-03-24,0.04,0.09,0.72,3.42,4.48,0.13,2.7
2011-03-25,0.04,0.09,0.79,3.46,4.51,0.13,2.67
2011-03-26,0.04,0.09,0.79,3.46,4.51,0.13,2.67
2011-03-27,0.04,0.09,0.79,3.46,4.51,0.13,2.67
2011-03-28,0.04,0.11,0.81,3.47,4.51,0.13,2.66
2011-03-29,0.06,0.1,0.81,3.5,4.54,0.13,2.69
2011-03-30,0.03,0.1,0.8,3.47,4.52,0.13,2.67
2011-03-31,0.05,0.09,0.8,3.47,4.51,0.1,2.67
2011-04-01,0.03,0.07,0.8,3.46,4.48,0.11,2.66
2011-04-02,0.03,0.07,0.8,3.46,4.48,0.11,2.66
2011-04-03,0.03,0.07,0.8,3.46,4.48,0.11,2.66
2011-04-04,0.02,0.06,0.77,3.45,4.49,0.09,2.68
2011-04-05,0.05,0.07,0.84,3.5,4.51,0.09,2.66
2011-04-06,0.03,0.06,0.85,3.56,4.58,0.1,2.71
2011-04-07,0.03,0.04,0.81,3.58,4.63,0.1,2.77
2011-04-08,0.02,0.04,0.83,3.59,4.63,0.09,2.76
2011-04-09,0.02,0.04,0.83,3.59,4.63,0.09,2.76
2011-04-10,0.02,0.04,0.83,3.59,4.63,0.09,2.76
2011-04-11,0.02,0.05,0.85,3.59,4.64,0.09,2.74
2011-04-12,0.02,0.05,0.77,3.52,4.58,0.08,2.75
2011-04-13,0.03,0.06,0.75,3.49,4.55,0.08,2.74
2011-04-14,0.04,0.07,0.77,3.51,4.53,0.09,2.74
2011-04-15,0.04,0.07,0.71,3.43,4.47,0.12,2.72
2011-04-16,0.04,0.07,0.71,3.43,4.47,0.12,2.72
2011-04-17,0.04,0.07,0.71,3.43,4.47,0.12,2.72
2011-04-18,0.03,0.07,0.69,3.4,4.45,0.1,2.71
2011-04-19,0.04,0.06,0.68,3.39,4.43,0.11,2.71
2011-04-20,0.04,0.06,0.69,3.43,4.47,0.1,2.74
2011-04-21,0.03,0.06,0.68,3.42,4.47,0.1,2.74
2011-04-22,0.03,0.06,0.68,3.42,4.47,0.1,2.74
2011-04-23,0.03,0.06,0.68,3.42,4.47,0.1,2.74
2011-04-24,0.03,0.06,0.68,3.42,4.47,0.1,2.74
2011-04-25,0.03,0.07,0.67,3.39,4.46,0.1,2.72
2011-04-26,0.02,0.07,0.65,3.34,4.39,0.09,2.69
2011-04-27,0.03,0.06,0.65,3.39,4.45,0.09,2.74
2011-04-28,0.02,0.04,0.62,3.34,4.42,0.09,2.72
2011-04-29,0.02,0.04,0.61,3.32,4.4,0.09,2.71
2011-04-30,0.02,0.04,0.61,3.32,4.4,0.09,2.71
2011-05-01,0.02,0.04,0.61,3.32,4.4,0.09,2.71
2011-05-02,0.02,0.05,0.61,3.31,4.38,0.09,2.7
2011-05-03,0.02,0.03,0.61,3.28,4.36,0.09,2.67
2011-05-04,0.02,0.03,0.6,3.25,4.33,0.09,2.65
2011-05-05,0.01,0.02,0.58,3.18,4.26,0.09,2.6
2011-05-06,0.02,0.02,0.57,3.19,4.29,0.09,2.62
2011-05-07,0.02,0.02,0.57,3.19,4.29,0.09,2.62
2011-05-08,0.02,0.02,0.57,3.19,4.29,0.09,2.62
2011-05-09,0.01,0.03,0.57,3.17,4.3,0.09,2.6
2011-05-10,0.02,0.03,0.59,3.23,4.34,0.09,2.64
2011-05-11,0.01,0.03,0.56,3.19,4.31,0.09,2.63
2011-05-12,0.01,0.02,0.57,3.22,4.37,0.09,2.65
2011-05-13,0.01,0.03,0.57,3.18,4.32,0.09,2.61
2011-05-14,0.01,0.03,0.57,3.18,4.32,0.09,2.61
2011-05-15,0.01,0.03,0.57,3.18,4.32,0.09,2.61
2011-05-16,0.02,0.04,0.54,3.15,4.28,0.1,2.61
2011-05-17,0.03,0.04,0.55,3.12,4.23,0.09,2.57
2011-05-18,0.03,0.05,0.58,3.18,4.29,0.1,2.6
2011-05-19,0.02,0.05,0.55,3.17,4.3,0.09,2.62
2011-05-20,0.03,0.05,0.55,3.15,4.3,0.1,2.6
2011-05-21,0.03,0.05,0.55,3.15,4.3,0.1,2.6
2011-05-22,0.03,0.05,0.55,3.15,4.3,0.1,2.6
2011-05-23,0.03,0.06,0.55,3.13,4.27,0.1,2.58
2011-05-24,0.04,0.06,0.56,3.12,4.26,0.1,2.56
2011-05-25,0.04,0.06,0.54,3.13,4.28,0.09,2.59
2011-05-26,0.04,0.05,0.48,3.07,4.23,0.09,2.59
2011-05-27,0.04,0.05,0.48,3.07,4.24,0.1,2.59
2011-05-28,0.04,0.05,0.48,3.07,4.24,0.1,2.59
2011-05-29,0.04,0.05,0.48,3.07,4.24,0.1,2.59
2011-05-30,0.04,0.05,0.48,3.07,4.24,0.1,2.59
2011-05-31,0.04,0.06,0.45,3.05,4.22,0.1,2.6
2011-06-01,0.04,0.05,0.44,2.96,4.15,0.1,2.52
2011-06-02,0.04,0.04,0.45,3.04,4.25,0.1,2.59
2011-06-03,0.04,0.04,0.42,2.99,4.22,0.11,2.57
2011-06-04,0.04,0.04,0.42,2.99,4.22,0.11,2.57
2011-06-05,0.04,0.04,0.42,2.99,4.22,0.11,2.57
2011-06-06,0.03,0.05,0.43,3.01,4.25,0.1,2.58
2011-06-07,0.01,0.05,0.39,3.01,4.27,0.09,2.62
2011-06-08,0.01,0.04,0.39,2.98,4.2,0.09,2.59
2011-06-09,0.02,0.05,0.43,3.01,4.22,0.09,2.58
2011-06-10,0.02,0.05,0.41,2.99,4.18,0.09,2.58
2011-06-11,0.02,0.05,0.41,2.99,4.18,0.09,2.58
2011-06-12,0.02,0.05,0.41,2.99,4.18,0.09,2.58
2011-06-13,0.02,0.05,0.4,3.0,4.2,0.1,2.6
2011-06-14,0.03,0.05,0.45,3.11,4.3,0.1,2.66
2011-06-15,0.02,0.05,0.38,2.98,4.19,0.1,2.6
2011-06-16,0.02,0.05,0.38,2.93,4.16,0.1,2.55
2011-06-17,0.02,0.04,0.38,2.94,4.19,0.1,2.56
2011-06-18,0.02,0.04,0.38,2.94,4.19,0.1,2.56
2011-06-19,0.02,0.04,0.38,2.94,4.19,0.1,2.56
2011-06-20,0.02,0.03,0.38,2.97,4.19,0.09,2.59
2011-06-21,0.01,0.03,0.4,2.99,4.21,0.09,2.59
2011-06-22,0.01,0.02,0.39,3.01,4.22,0.09,2.62
2011-06-23,0.01,0.01,0.35,2.93,4.17,0.08,2.58
2011-06-24,0.01,0.02,0.35,2.88,4.17,0.08,2.53
2011-06-25,0.01,0.02,0.35,2.88,4.17,0.08,2.53
2011-06-26,0.01,0.02,0.35,2.88,4.17,0.08,2.53
2011-06-27,0.01,0.02,0.41,2.95,4.28,0.08,2.54
2011-06-28,0.01,0.03,0.48,3.05,4.33,0.08,2.57
2011-06-29,0.01,0.02,0.47,3.14,4.39,0.07,2.67
2011-06-30,0.01,0.03,0.45,3.18,4.38,0.07,2.73
2011-07-01,0.01,0.02,0.5,3.22,4.4,0.08,2.72
2011-07-02,0.01,0.02,0.5,3.22,4.4,0.08,2.72
2011-07-03,0.01,0.02,0.5,3.22,4.4,0.08,2.72
2011-07-04,0.01,0.02,0.5,3.22,4.4,0.08,2.72
2011-07-05,0.01,0.02,0.44,3.16,4.39,0.08,2.72
2011-07-06,0.01,0.01,0.43,3.12,4.35,0.07,2.69
2011-07-07,0.03,0.03,0.49,3.17,4.37,0.07,2.68
2011-07-08,0.03,0.03,0.4,3.03,4.27,0.07,2.63
2011-07-09,0.03,0.03,0.4,3.03,4.27,0.07,2.63
2011-07-10,0.03,0.03,0.4,3.03,4.27,0.07,2.63
2011-07-11,0.02,0.03,0.37,2.94,4.2,0.07,2.57
2011-07-12,0.01,0.03,0.37,2.92,4.19,0.06,2.55
2011-07-13,0.01,0.01,0.37,2.92,4.17,0.06,2.55
2011-07-14,0.01,0.01,0.38,2.98,4.25,0.06,2.6
2011-07-15,0.02,0.02,0.37,2.94,4.26,0.06,2.57
2011-07-16,0.02,0.02,0.37,2.94,4.26,0.06,2.57
2011-07-17,0.02,0.02,0.37,2.94,4.26,0.06,2.57
2011-07-18,0.01,0.02,0.37,2.94,4.29,0.06,2.57
2011-07-19,0.02,0.03,0.39,2.91,4.19,0.06,2.52
2011-07-20,0.01,0.02,0.4,2.96,4.25,0.06,2.56
2011-07-21,0.04,0.05,0.4,3.03,4.31,0.06,2.63
2011-07-22,0.05,0.05,0.4,2.99,4.26,0.06,2.59
2011-07-23,0.05,0.05,0.4,2.99,4.26,0.06,2.59
2011-07-24,0.05,0.05,0.4,2.99,4.26,0.06,2.59
2011-07-25,0.05,0.05,0.42,3.03,4.31,0.06,2.61
2011-07-26,0.07,0.07,0.41,2.99,4.28,0.06,2.58
2011-07-27,0.08,0.08,0.44,3.01,4.29,0.07,2.57
2011-07-28,0.1,0.07,0.42,2.98,4.26,0.08,2.56
2011-07-29,0.16,0.1,0.36,2.82,4.12,0.11,2.46
2011-07-30,0.16,0.1,0.36,2.82,4.12,0.11,2.46
2011-07-31,0.16,0.1,0.36,2.82,4.12,0.11,2.46
2011-08-01,0.13,0.1,0.38,2.77,4.07,0.17,2.39
2011-08-02,0.05,0.06,0.33,2.66,3.93,0.16,2.33
2011-08-03,0.01,0.02,0.33,2.64,3.89,0.12,2.31
2011-08-04,0.01,0.02,0.27,2.47,3.7,0.09,2.2
2011-08-05,0.01,0.01,0.28,2.58,3.82,0.08,2.3
2011-08-06,0.01,0.01,0.28,2.58,3.82,0.08,2.3
2011-08-07,0.01,0.01,0.28,2.58,3.82,0.08,2.3
2011-08-08,0.02,0.05,0.27,2.4,3.68,0.11,2.13
2011-08-09,0.02,0.03,0.19,2.2,3.56,0.1,2.01
2011-08-10,0.02,0.02,0.19,2.17,3.54,0.1,1.98
2011-08-11,0.01,0.03,0.19,2.34,3.82,0.09,2.15
2011-08-12,0.01,0.02,0.2,2.24,3.72,0.1,2.04
2011-08-13,0.01,0.02,0.2,2.24,3.72,0.1,2.04
2011-08-14,0.01,0.02,0.2,2.24,3.72,0.1,2.04
2011-08-15,0.0,0.02,0.19,2.29,3.75,0.1,2.1
2011-08-16,0.02,0.03,0.2,2.23,3.67,0.09,2.03
2011-08-17,0.01,0.01,0.19,2.17,3.57,0.09,1.98
2011-08-18,0.01,0.01,0.2,2.08,3.45,0.09,1.88
2011-08-19,0.0,0.02,0.2,2.07,3.39,0.09,1.87
2011-08-20,0.0,0.02,0.2,2.07,3.39,0.09,1.87
2011-08-21,0.0,0.02,0.2,2.07,3.39,0.09,1.87
2011-08-22,0.01,0.01,0.22,2.1,3.42,0.09,1.88
2011-08-23,0.01,0.01,0.22,2.15,3.47,0.08,1.93
2011-08-24,0.02,0.02,0.23,2.29,3.63,0.08,2.06
2011-08-25,0.01,0.01,0.22,2.23,3.6,0.08,2.01
2011-08-26,0.0,0.01,0.2,2.19,3.54,0.09,1.99
2011-08-27,0.0,0.01,0.2,2.19,3.54,0.09,1.99
2011-08-28,0.0,0.01,0.2,2.19,3.54,0.09,1.99
2011-08-29,0.0,0.02,0.2,2.28,3.63,0.09,2.08
2011-08-30,0.01,0.01,0.2,2.19,3.53,0.08,1.99
2011-08-31,0.01,0.02,0.2,2.23,3.6,0.08,2.03
2011-09-01,0.02,0.02,0.19,2.15,3.51,0.08,1.96
2011-09-02,0.02,0.02,0.2,2.02,3.32,0.08,1.82
2011-09-03,0.02,0.02,0.2,2.02,3.32,0.08,1.82
2011-09-04,0.02,0.02,0.2,2.02,3.32,0.08,1.82
2011-09-05,0.02,0.02,0.2,2.02,3.32,0.08,1.82
2011-09-06,0.02,0.02,0.21,1.98,3.26,0.09,1.77
2011-09-07,0.0,0.02,0.21,2.05,3.36,0.09,1.84
2011-09-08,0.01,0.02,0.19,2.0,3.32,0.09,1.81
2011-09-09,0.0,0.01,0.17,1.93,3.26,0.09,1.76
2011-09-10,0.0,0.01,0.17,1.93,3.26,0.09,1.76
2011-09-11,0.0,0.01,0.17,1.93,3.26,0.09,1.76
2011-09-12,0.01,0.01,0.21,1.94,3.24,0.09,1.73
2011-09-13,0.0,0.01,0.21,2.0,3.32,0.09,1.79
2011-09-14,0.0,0.01,0.19,2.03,3.32,0.08,1.84
2011-09-15,0.0,0.01,0.21,2.09,3.36,0.09,1.88
2011-09-16,0.01,0.01,0.18,2.08,3.34,0.09,1.9
2011-09-17,0.01,0.01,0.18,2.08,3.34,0.09,1.9
2011-09-18,0.01,0.01,0.18,2.08,3.34,0.09,1.9
2011-09-19,0.0,0.01,0.16,1.97,3.22,0.09,1.81
2011-09-20,0.0,0.01,0.18,1.95,3.2,0.09,1.77
2011-09-21,0.01,0.01,0.21,1.88,3.03,0.08,1.67
2011-09-22,0.0,0.0,0.2,1.72,2.78,0.08,1.52
2011-09-23,0.0,0.01,0.23,1.84,2.89,0.08,1.61
2011-09-24,0.0,0.01,0.23,1.84,2.89,0.08,1.61
2011-09-25,0.0,0.01,0.23,1.84,2.89,0.08,1.61
2011-09-26,0.0,0.02,0.25,1.91,2.99,0.08,1.66
2011-09-27,0.0,0.01,0.25,2.0,3.08,0.08,1.75
2011-09-28,0.0,0.02,0.27,2.03,3.1,0.08,1.76
2011-09-29,0.0,0.02,0.27,1.99,3.03,0.08,1.72
2011-09-30,0.02,0.02,0.25,1.92,2.9,0.06,1.67
2011-10-01,0.02,0.02,0.25,1.92,2.9,0.06,1.67
2011-10-02,0.02,0.02,0.25,1.92,2.9,0.06,1.67
2011-10-03,0.01,0.02,0.24,1.8,2.76,0.08,1.56
2011-10-04,0.01,0.01,0.25,1.81,2.77,0.07,1.56
2011-10-05,0.0,0.0,0.25,1.92,2.87,0.07,1.67
2011-10-06,0.01,0.01,0.29,2.01,2.96,0.07,1.72
2011-10-07,0.01,0.01,0.3,2.1,3.02,0.07,1.8
2011-10-08,0.01,0.01,0.3,2.1,3.02,0.07,1.8
2011-10-09,0.01,0.01,0.3,2.1,3.02,0.07,1.8
2011-10-10,0.01,0.01,0.3,2.1,3.02,0.07,1.8
2011-10-11,0.01,0.02,0.32,2.18,3.11,0.07,1.86
2011-10-12,0.01,0.02,0.29,2.24,3.19,0.07,1.95
2011-10-13,0.02,0.02,0.29,2.19,3.15,0.07,1.9
2011-10-14,0.02,0.02,0.28,2.26,3.22,0.07,1.98
2011-10-15,0.02,0.02,0.28,2.26,3.22,0.07,1.98
2011-10-16,0.02,0.02,0.28,2.26,3.22,0.07,1.98
2011-10-17,0.02,0.04,0.28,2.18,3.13,0.07,1.9
2011-10-18,0.02,0.04,0.28,2.19,3.17,0.07,1.91
2011-10-19,0.01,0.03,0.28,2.18,3.17,0.07,1.9
2011-10-20,0.02,0.03,0.28,2.2,3.19,0.07,1.92
2011-10-21,0.01,0.02,0.3,2.23,3.26,0.07,1.93
2011-10-22,0.01,0.02,0.3,2.23,3.26,0.07,1.93
2011-10-23,0.01,0.02,0.3,2.23,3.26,0.07,1.93
2011-10-24,0.01,0.02,0.3,2.25,3.27,0.07,1.95
2011-10-25,0.01,0.01,0.26,2.14,3.13,0.07,1.88
2011-10-26,0.01,0.02,0.28,2.23,3.22,0.08,1.95
2011-10-27,0.02,0.02,0.31,2.42,3.45,0.07,2.11
2011-10-28,0.02,0.01,0.28,2.34,3.36,0.07,2.06
2011-10-29,0.02,0.01,0.28,2.34,3.36,0.07,2.06
2011-10-30,0.02,0.01,0.28,2.34,3.36,0.07,2.06
2011-10-31,0.02,0.01,0.25,2.17,3.16,0.09,1.92
2011-11-01,0.01,0.01,0.23,2.01,2.99,0.08,1.78
2011-11-02,0.01,0.01,0.23,2.03,3.03,0.08,1.8
2011-11-03,0.01,0.01,0.24,2.09,3.1,0.09,1.85
2011-11-04,0.01,0.01,0.22,2.06,3.09,0.08,1.84
2011-11-05,0.01,0.01,0.22,2.06,3.09,0.08,1.84
2011-11-06,0.01,0.01,0.22,2.06,3.09,0.08,1.84
2011-11-07,0.01,0.01,0.25,2.04,3.05,0.08,1.79
2011-11-08,0.01,0.01,0.25,2.1,3.13,0.08,1.85
2011-11-09,0.01,0.01,0.24,2.0,3.03,0.08,1.76
2011-11-10,0.01,0.01,0.24,2.04,3.12,0.08,1.8
2011-11-11,0.01,0.01,0.24,2.04,3.12,0.08,1.8
2011-11-12,0.01,0.01,0.24,2.04,3.12,0.08,1.8
2011-11-13,0.01,0.01,0.24,2.04,3.12,0.08,1.8
2011-11-14,0.01,0.01,0.24,2.04,3.09,0.08,1.8
2011-11-15,0.01,0.01,0.26,2.06,3.1,0.09,1.8
2011-11-16,0.01,0.01,0.26,2.01,3.05,0.08,1.75
2011-11-17,0.01,0.02,0.27,1.96,2.98,0.08,1.69
2011-11-18,0.02,0.01,0.29,2.01,2.99,0.08,1.72
2011-11-19,0.02,0.01,0.29,2.01,2.99,0.08,1.72
2011-11-20,0.02,0.01,0.29,2.01,2.99,0.08,1.72
2011-11-21,0.02,0.02,0.27,1.97,2.96,0.08,1.7
2011-11-22,0.02,0.02,0.26,1.94,2.91,0.08,1.68
2011-11-23,0.02,0.02,0.26,1.89,2.82,0.09,1.63
2011-11-24,0.02,0.02,0.26,1.89,2.82,0.09,1.63
2011-11-25,0.02,0.02,0.28,1.97,2.92,0.07,1.69
2011-11-26,0.02,0.02,0.28,1.97,2.92,0.07,1.69
2011-11-27,0.02,0.02,0.28,1.97,2.92,0.07,1.69
2011-11-28,0.02,0.03,0.26,1.97,2.93,0.08,1.71
2011-11-29,0.02,0.02,0.27,2.0,2.96,0.08,1.73
2011-11-30,0.02,0.01,0.25,2.08,3.06,0.1,1.83
2011-12-01,0.02,0.01,0.27,2.11,3.12,0.08,1.84
2011-12-02,0.02,0.02,0.25,2.05,3.03,0.08,1.8
2011-12-03,0.02,0.02,0.25,2.05,3.03,0.08,1.8
2011-12-04,0.02,0.02,0.25,2.05,3.03,0.08,1.8
2011-12-05,0.01,0.01,0.27,2.04,3.02,0.08,1.77
2011-12-06,0.0,0.01,0.25,2.08,3.09,0.08,1.83
2011-12-07,0.0,0.02,0.24,2.02,3.04,0.08,1.78
2011-12-08,0.0,0.01,0.22,1.99,3.0,0.07,1.77
2011-12-09,0.0,0.01,0.22,2.07,3.1,0.07,1.85
2011-12-10,0.0,0.01,0.22,2.07,3.1,0.07,1.85
2011-12-11,0.0,0.01,0.22,2.07,3.1,0.07,1.85
2011-12-12,0.0,0.01,0.24,2.03,3.06,0.07,1.79
2011-12-13,0.0,0.01,0.24,1.96,2.98,0.07,1.72
2011-12-14,0.0,0.01,0.25,1.92,2.91,0.07,1.67
2011-12-15,0.0,0.0,0.26,1.92,2.92,0.07,1.66
2011-12-16,0.0,0.0,0.24,1.86,2.86,0.07,1.62
2011-12-17,0.0,0.0,0.24,1.86,2.86,0.07,1.62
2011-12-18,0.0,0.0,0.24,1.86,2.86,0.07,1.62
2011-12-19,0.0,0.01,0.24,1.82,2.79,0.07,1.58
2011-12-20,0.0,0.01,0.26,1.94,2.93,0.07,1.68
2011-12-21,0.0,0.01,0.28,1.98,3.0,0.07,1.7
2011-12-22,0.0,0.01,0.28,1.97,2.99,0.07,1.69
2011-12-23,0.0,0.01,0.28,2.03,3.05,0.08,1.75
2011-12-24,0.0,0.01,0.28,2.03,3.05,0.08,1.75
2011-12-25,0.0,0.01,0.28,2.03,3.05,0.08,1.75
2011-12-26,0.0,0.01,0.28,2.03,3.05,0.08,1.75
2011-12-27,0.01,0.02,0.3,2.02,3.04,0.07,1.72
2011-12-28,0.0,0.01,0.28,1.93,2.91,0.07,1.65
2011-12-29,0.0,0.02,0.28,1.91,2.9,0.07,1.63
2011-12-30,0.01,0.02,0.25,1.89,2.89,0.04,1.64
2011-12-31,0.01,0.02,0.25,1.89,2.89,0.04,1.64
2012-01-01,0.01,0.02,0.25,1.89,2.89,0.04,1.64
2012-01-02,0.01,0.02,0.25,1.89,2.89,0.04,1.64
2012-01-03,0.01,0.02,0.27,1.97,2.98,0.07,1.7
2012-01-04,0.01,0.02,0.25,2.0,3.03,0.07,1.75
2012-01-05,0.01,0.02,0.27,2.02,3.06,0.07,1.75
2012-01-06,0.02,0.02,0.25,1.98,3.02,0.07,1.73
2012-01-07,0.02,0.02,0.25,1.98,3.02,0.07,1.73
2012-01-08,0.02,0.02,0.25,1.98,3.02,0.07,1.73
2012-01-09,0.01,0.01,0.26,1.98,3.02,0.08,1.72
2012-01-10,0.01,0.02,0.24,2.0,3.04,0.08,1.76
2012-01-11,0.01,0.02,0.24,1.93,2.96,0.08,1.69
2012-01-12,0.02,0.03,0.22,1.94,2.97,0.08,1.72
2012-01-13,0.02,0.03,0.24,1.89,2.91,0.09,1.65
2012-01-14,0.02,0.03,0.24,1.89,2.91,0.09,1.65
2012-01-15,0.02,0.03,0.24,1.89,2.91,0.09,1.65
2012-01-16,0.02,0.03,0.24,1.89,2.91,0.09,1.65
2012-01-17,0.02,0.03,0.21,1.87,2.89,0.09,1.66
2012-01-18,0.02,0.03,0.24,1.92,2.96,0.09,1.68
2012-01-19,0.04,0.05,0.26,2.01,3.05,0.1,1.75
2012-01-20,0.03,0.05,0.26,2.05,3.1,0.09,1.79
2012-01-21,0.03,0.05,0.26,2.05,3.1,0.09,1.79
2012-01-22,0.03,0.05,0.26,2.05,3.1,0.09,1.79
2012-01-23,0.03,0.04,0.26,2.09,3.15,0.09,1.83
2012-01-24,0.02,0.04,0.24,2.08,3.15,0.09,1.84
2012-01-25,0.03,0.04,0.22,2.01,3.13,0.08,1.79
2012-01-26,0.04,0.05,0.22,1.96,3.1,0.08,1.74
2012-01-27,0.05,0.06,0.22,1.93,3.07,0.09,1.71
2012-01-28,0.05,0.06,0.22,1.93,3.07,0.09,1.71
2012-01-29,0.05,0.06,0.22,1.93,3.07,0.09,1.71
2012-01-30,0.05,0.05,0.22,1.87,2.99,0.09,1.65
2012-01-31,0.04,0.06,0.22,1.83,2.94,0.11,1.61
2012-02-01,0.05,0.06,0.23,1.87,3.01,0.11,1.64
2012-02-02,0.07,0.08,0.23,1.86,3.01,0.11,1.63
2012-02-03,0.06,0.08,0.23,1.97,3.13,0.11,1.74
2012-02-04,0.06,0.08,0.23,1.97,3.13,0.11,1.74
2012-02-05,0.06,0.08,0.23,1.97,3.13,0.11,1.74
2012-02-06,0.04,0.08,0.24,1.93,3.08,0.11,1.69
2012-02-07,0.06,0.08,0.25,2.0,3.14,0.11,1.75
2012-02-08,0.06,0.09,0.27,2.01,3.14,0.11,1.74
2012-02-09,0.06,0.09,0.27,2.04,3.2,0.11,1.77
2012-02-10,0.05,0.09,0.27,1.96,3.11,0.12,1.69
2012-02-11,0.05,0.09,0.27,1.96,3.11,0.12,1.69
2012-02-12,0.05,0.09,0.27,1.96,3.11,0.12,1.69
2012-02-13,0.06,0.11,0.29,1.99,3.14,0.12,1.7
2012-02-14,0.09,0.12,0.29,1.92,3.06,0.12,1.63
2012-02-15,0.09,0.11,0.29,1.93,3.09,0.12,1.64
2012-02-16,0.04,0.1,0.29,1.99,3.14,0.11,1.7
2012-02-17,0.03,0.09,0.29,2.01,3.16,0.09,1.72
2012-02-18,0.03,0.09,0.29,2.01,3.16,0.09,1.72
2012-02-19,0.03,0.09,0.29,2.01,3.16,0.09,1.72
2012-02-20,0.03,0.09,0.29,2.01,3.16,0.09,1.72
2012-02-21,0.03,0.08,0.31,2.05,3.2,0.1,1.74
2012-02-22,0.07,0.09,0.29,2.01,3.15,0.08,1.72
2012-02-23,0.07,0.09,0.31,1.99,3.13,0.08,1.68
2012-02-24,0.08,0.1,0.31,1.98,3.1,0.09,1.67
2012-02-25,0.08,0.1,0.31,1.98,3.1,0.09,1.67
2012-02-26,0.08,0.1,0.31,1.98,3.1,0.09,1.67
2012-02-27,0.08,0.12,0.3,1.92,3.04,0.1,1.62
2012-02-28,0.1,0.1,0.3,1.94,3.07,0.1,1.64
2012-02-29,0.08,0.08,0.3,1.98,3.08,0.1,1.68
2012-03-01,0.07,0.08,0.3,2.03,3.15,0.11,1.73
2012-03-02,0.06,0.07,0.28,1.99,3.11,0.11,1.71
2012-03-03,0.06,0.07,0.28,1.99,3.11,0.11,1.71
2012-03-04,0.06,0.07,0.28,1.99,3.11,0.11,1.71
2012-03-05,0.07,0.08,0.31,2.0,3.13,0.11,1.69
2012-03-06,0.06,0.08,0.3,1.96,3.08,0.11,1.66
2012-03-07,0.06,0.08,0.3,1.98,3.12,0.11,1.68
2012-03-08,0.07,0.08,0.32,2.03,3.18,0.11,1.71
2012-03-09,0.06,0.09,0.33,2.04,3.19,0.12,1.71
2012-03-10,0.06,0.09,0.33,2.04,3.19,0.12,1.71
2012-03-11,0.06,0.09,0.33,2.04,3.19,0.12,1.71
2012-03-12,0.05,0.09,0.33,2.04,3.17,0.12,1.71
2012-03-13,0.06,0.08,0.35,2.14,3.26,0.12,1.79
2012-03-14,0.08,0.09,0.4,2.29,3.43,0.13,1.89
2012-03-15,0.08,0.08,0.37,2.29,3.41,0.14,1.92
2012-03-16,0.07,0.09,0.37,2.31,3.41,0.15,1.94
2012-03-17,0.07,0.09,0.37,2.31,3.41,0.15,1.94
2012-03-18,0.07,0.09,0.37,2.31,3.41,0.15,1.94
2012-03-19,0.07,0.1,0.39,2.39,3.48,0.15,2.0
2012-03-20,0.08,0.1,0.41,2.38,3.46,0.15,1.97
2012-03-21,0.09,0.09,0.39,2.31,3.38,0.15,1.92
2012-03-22,0.06,0.08,0.37,2.29,3.37,0.14,1.92
2012-03-23,0.06,0.08,0.37,2.25,3.31,0.14,1.88
2012-03-24,0.06,0.08,0.37,2.25,3.31,0.14,1.88
2012-03-25,0.06,0.08,0.37,2.25,3.31,0.14,1.88
2012-03-26,0.06,0.09,0.36,2.26,3.33,0.14,1.9
2012-03-27,0.07,0.09,0.33,2.2,3.29,0.14,1.87
2012-03-28,0.05,0.09,0.34,2.21,3.31,0.13,1.87
2012-03-29,0.02,0.07,0.33,2.18,3.27,0.13,1.85
2012-03-30,0.05,0.07,0.33,2.23,3.35,0.09,1.9
2012-03-31,0.05,0.07,0.33,2.23,3.35,0.09,1.9
2012-04-01,0.05,0.07,0.33,2.23,3.35,0.09,1.9
2012-04-02,0.05,0.08,0.33,2.22,3.35,0.15,1.89
2012-04-03,0.07,0.08,0.36,2.3,3.41,0.15,1.94
2012-04-04,0.08,0.08,0.35,2.25,3.37,0.15,1.9
2012-04-05,0.07,0.08,0.35,2.19,3.32,0.15,1.84
2012-04-06,0.06,0.07,0.32,2.07,3.21,0.12,1.75
2012-04-07,0.06,0.07,0.32,2.07,3.21,0.12,1.75
2012-04-08,0.06,0.07,0.32,2.07,3.21,0.12,1.75
2012-04-09,0.07,0.09,0.32,2.06,3.18,0.16,1.74
2012-04-10,0.08,0.09,0.28,2.01,3.13,0.15,1.73
2012-04-11,0.08,0.09,0.3,2.05,3.18,0.16,1.75
2012-04-12,0.08,0.09,0.29,2.08,3.22,0.15,1.79
2012-04-13,0.07,0.09,0.27,2.02,3.14,0.15,1.75
2012-04-14,0.07,0.09,0.27,2.02,3.14,0.15,1.75
2012-04-15,0.07,0.09,0.27,2.02,3.14,0.15,1.75
2012-04-16,0.07,0.08,0.27,2.0,3.12,0.15,1.73
2012-04-17,0.07,0.08,0.27,2.03,3.15,0.16,1.76
2012-04-18,0.05,0.07,0.27,2.0,3.13,0.15,1.73
2012-04-19,0.04,0.07,0.27,1.98,3.12,0.13,1.71
2012-04-20,0.04,0.08,0.29,1.99,3.12,0.12,1.7
2012-04-21,0.04,0.08,0.29,1.99,3.12,0.12,1.7
2012-04-22,0.04,0.08,0.29,1.99,3.12,0.12,1.7
2012-04-23,0.04,0.08,0.27,1.96,3.08,0.13,1.69
2012-04-24,0.07,0.09,0.27,2.0,3.12,0.14,1.73
2012-04-25,0.08,0.09,0.26,2.01,3.15,0.15,1.75
2012-04-26,0.09,0.09,0.26,1.98,3.13,0.14,1.72
2012-04-27,0.07,0.09,0.26,1.96,3.12,0.13,1.7
2012-04-28,0.07,0.09,0.26,1.96,3.12,0.13,1.7
2012-04-29,0.07,0.09,0.26,1.96,3.12,0.13,1.7
2012-04-30,0.07,0.1,0.27,1.95,3.12,0.16,1.68
2012-05-01,0.07,0.09,0.27,1.98,3.16,0.16,1.71
2012-05-02,0.06,0.08,0.27,1.96,3.11,0.15,1.69
2012-05-03,0.05,0.09,0.28,1.96,3.12,0.15,1.68
2012-05-04,0.05,0.07,0.27,1.91,3.07,0.16,1.64
2012-05-05,0.05,0.07,0.27,1.91,3.07,0.16,1.64
2012-05-06,0.05,0.07,0.27,1.91,3.07,0.16,1.64
2012-05-07,0.06,0.1,0.27,1.92,3.07,0.16,1.65
2012-05-08,0.08,0.09,0.27,1.88,3.03,0.16,1.61
2012-05-09,0.07,0.09,0.27,1.87,3.03,0.15,1.6
2012-05-10,0.08,0.1,0.27,1.89,3.07,0.15,1.62
2012-05-11,0.07,0.1,0.27,1.84,3.02,0.15,1.57
2012-05-12,0.07,0.1,0.27,1.84,3.02,0.15,1.57
2012-05-13,0.07,0.1,0.27,1.84,3.02,0.15,1.57
2012-05-14,0.07,0.1,0.29,1.78,2.95,0.16,1.49
2012-05-15,0.08,0.09,0.29,1.76,2.91,0.16,1.47
2012-05-16,0.08,0.1,0.3,1.76,2.9,0.16,1.46
2012-05-17,0.08,0.1,0.32,1.7,2.8,0.16,1.38
2012-05-18,0.06,0.08,0.32,1.71,2.8,0.16,1.39
2012-05-19,0.06,0.08,0.32,1.71,2.8,0.16,1.39
2012-05-20,0.06,0.08,0.32,1.71,2.8,0.16,1.39
2012-05-21,0.06,0.09,0.3,1.75,2.8,0.16,1.45
2012-05-22,0.07,0.09,0.3,1.79,2.88,0.16,1.49
2012-05-23,0.07,0.09,0.28,1.73,2.81,0.15,1.45
2012-05-24,0.08,0.1,0.29,1.77,2.86,0.15,1.48
2012-05-25,0.07,0.09,0.3,1.75,2.85,0.15,1.45
2012-05-26,0.07,0.09,0.3,1.75,2.85,0.15,1.45
2012-05-27,0.07,0.09,0.3,1.75,2.85,0.15,1.45
2012-05-28,0.07,0.09,0.3,1.75,2.85,0.15,1.45
2012-05-29,0.06,0.09,0.3,1.74,2.85,0.16,1.44
2012-05-30,0.05,0.07,0.27,1.63,2.72,0.16,1.36
2012-05-31,0.03,0.07,0.27,1.59,2.67,0.16,1.32
2012-06-01,0.03,0.07,0.25,1.47,2.53,0.16,1.22
2012-06-02,0.03,0.07,0.25,1.47,2.53,0.16,1.22
2012-06-03,0.03,0.07,0.25,1.47,2.53,0.16,1.22
2012-06-04,0.04,0.08,0.25,1.53,2.56,0.17,1.28
2012-06-05,0.05,0.08,0.25,1.57,2.63,0.17,1.32
2012-06-06,0.05,0.09,0.26,1.66,2.73,0.16,1.4
2012-06-07,0.04,0.09,0.27,1.66,2.75,0.16,1.39
2012-06-08,0.04,0.09,0.28,1.65,2.77,0.17,1.37
2012-06-09,0.04,0.09,0.28,1.65,2.77,0.17,1.37
2012-06-10,0.04,0.09,0.28,1.65,2.77,0.17,1.37
2012-06-11,0.05,0.09,0.27,1.6,2.71,0.17,1.33
2012-06-12,0.06,0.1,0.3,1.67,2.77,0.16,1.37
2012-06-13,0.07,0.1,0.3,1.61,2.7,0.17,1.31
2012-06-14,0.08,0.11,0.3,1.64,2.73,0.17,1.34
2012-06-15,0.05,0.09,0.29,1.6,2.7,0.18,1.31
2012-06-16,0.05,0.09,0.29,1.6,2.7,0.18,1.31
2012-06-17,0.05,0.09,0.29,1.6,2.7,0.18,1.31
2012-06-18,0.06,0.1,0.29,1.59,2.67,0.17,1.3
2012-06-19,0.06,0.09,0.3,1.64,2.73,0.17,1.34
2012-06-20,0.06,0.09,0.32,1.65,2.72,0.16,1.33
2012-06-21,0.05,0.09,0.32,1.63,2.68,0.17,1.31
2012-06-22,0.05,0.09,0.31,1.69,2.75,0.17,1.38
2012-06-23,0.05,0.09,0.31,1.69,2.75,0.17,1.38
2012-06-24,0.05,0.09,0.31,1.69,2.75,0.17,1.38
2012-06-25,0.06,0.1,0.31,1.63,2.69,0.17,1.32
2012-06-26,0.07,0.1,0.31,1.66,2.71,0.16,1.35
2012-06-27,0.06,0.09,0.31,1.65,2.7,0.15,1.34
2012-06-28,0.02,0.09,0.31,1.6,2.67,0.15,1.29
2012-06-29,0.04,0.09,0.33,1.67,2.76,0.09,1.34
2012-06-30,0.04,0.09,0.33,1.67,2.76,0.09,1.34
2012-07-01,0.04,0.09,0.33,1.67,2.76,0.09,1.34
2012-07-02,0.06,0.1,0.3,1.61,2.69,0.18,1.31
2012-07-03,0.08,0.09,0.3,1.65,2.74,0.17,1.35
2012-07-04,0.08,0.09,0.3,1.65,2.74,0.17,1.35
2012-07-05,0.07,0.08,0.28,1.62,2.72,0.17,1.34
2012-07-06,0.06,0.08,0.27,1.57,2.66,0.17,1.3
2012-07-07,0.06,0.08,0.27,1.57,2.66,0.17,1.3
2012-07-08,0.06,0.08,0.27,1.57,2.66,0.17,1.3
2012-07-09,0.06,0.09,0.27,1.53,2.62,0.17,1.26
2012-07-10,0.07,0.09,0.27,1.53,2.6,0.17,1.26
2012-07-11,0.07,0.1,0.27,1.54,2.6,0.17,1.27
2012-07-12,0.08,0.1,0.25,1.5,2.57,0.18,1.25
2012-07-13,0.08,0.1,0.25,1.52,2.58,0.19,1.27
2012-07-14,0.08,0.1,0.25,1.52,2.58,0.19,1.27
2012-07-15,0.08,0.1,0.25,1.52,2.58,0.19,1.27
2012-07-16,0.04,0.1,0.24,1.5,2.56,0.18,1.26
2012-07-17,0.08,0.1,0.25,1.53,2.59,0.17,1.28
2012-07-18,0.07,0.09,0.22,1.52,2.59,0.16,1.3
2012-07-19,0.06,0.09,0.22,1.54,2.61,0.13,1.32
2012-07-20,0.07,0.09,0.22,1.49,2.55,0.13,1.27
2012-07-21,0.07,0.09,0.22,1.49,2.55,0.13,1.27
2012-07-22,0.07,0.09,0.22,1.49,2.55,0.13,1.27
2012-07-23,0.07,0.1,0.22,1.47,2.52,0.14,1.25
2012-07-24,0.08,0.1,0.22,1.44,2.47,0.15,1.22
2012-07-25,0.08,0.1,0.22,1.43,2.46,0.15,1.21
2012-07-26,0.08,0.11,0.23,1.45,2.49,0.14,1.22
2012-07-27,0.07,0.11,0.25,1.58,2.63,0.14,1.33
2012-07-28,0.07,0.11,0.25,1.58,2.63,0.14,1.33
2012-07-29,0.07,0.11,0.25,1.58,2.63,0.14,1.33
2012-07-30,0.06,0.11,0.23,1.53,2.58,0.14,1.3
2012-07-31,0.07,0.11,0.23,1.51,2.56,0.13,1.28
2012-08-01,0.07,0.1,0.24,1.56,2.6,0.14,1.32
2012-08-02,0.04,0.09,0.24,1.51,2.55,0.14,1.27
2012-08-03,0.03,0.09,0.24,1.6,2.65,0.14,1.36
2012-08-04,0.03,0.09,0.24,1.6,2.65,0.14,1.36
2012-08-05,0.03,0.09,0.24,1.6,2.65,0.14,1.36
2012-08-06,0.05,0.1,0.24,1.59,2.65,0.14,1.35
2012-08-07,0.09,0.11,0.27,1.66,2.72,0.13,1.39
2012-08-08,0.09,0.11,0.29,1.68,2.75,0.13,1.39
2012-08-09,0.1,0.11,0.29,1.69,2.78,0.13,1.4
2012-08-10,0.1,0.1,0.27,1.65,2.74,0.13,1.38
2012-08-11,0.1,0.1,0.27,1.65,2.74,0.13,1.38
2012-08-12,0.1,0.1,0.27,1.65,2.74,0.13,1.38
2012-08-13,0.1,0.11,0.27,1.65,2.74,0.13,1.38
2012-08-14,0.11,0.11,0.27,1.73,2.82,0.13,1.46
2012-08-15,0.11,0.09,0.27,1.8,2.9,0.13,1.53
2012-08-16,0.1,0.09,0.29,1.83,2.96,0.13,1.54
2012-08-17,0.09,0.09,0.29,1.81,2.93,0.13,1.52
2012-08-18,0.09,0.09,0.29,1.81,2.93,0.13,1.52
2012-08-19,0.09,0.09,0.29,1.81,2.93,0.13,1.52
2012-08-20,0.09,0.11,0.29,1.82,2.93,0.13,1.53
2012-08-21,0.1,0.11,0.31,1.8,2.9,0.13,1.49
2012-08-22,0.1,0.11,0.26,1.71,2.82,0.13,1.45
2012-08-23,0.1,0.11,0.26,1.68,2.79,0.13,1.42
2012-08-24,0.1,0.1,0.28,1.68,2.79,0.13,1.4
2012-08-25,0.1,0.1,0.28,1.68,2.79,0.13,1.4
2012-08-26,0.1,0.1,0.28,1.68,2.79,0.13,1.4
2012-08-27,0.1,0.11,0.28,1.65,2.76,0.13,1.37
2012-08-28,0.12,0.1,0.27,1.64,2.75,0.13,1.37
2012-08-29,0.12,0.12,0.27,1.66,2.77,0.13,1.39
2012-08-30,0.12,0.1,0.27,1.63,2.75,0.14,1.36
2012-08-31,0.09,0.09,0.22,1.57,2.68,0.13,1.35
2012-09-01,0.09,0.09,0.22,1.57,2.68,0.13,1.35
2012-09-02,0.09,0.09,0.22,1.57,2.68,0.13,1.35
2012-09-03,0.09,0.09,0.22,1.57,2.68,0.13,1.35
2012-09-04,0.1,0.1,0.23,1.59,2.69,0.14,1.36
2012-09-05,0.11,0.11,0.25,1.6,2.7,0.16,1.35
2012-09-06,0.1,0.11,0.27,1.68,2.8,0.16,1.41
2012-09-07,0.09,0.11,0.25,1.67,2.81,0.15,1.42
2012-09-08,0.09,0.11,0.25,1.67,2.81,0.15,1.42
2012-09-09,0.09,0.11,0.25,1.67,2.81,0.15,1.42
2012-09-10,0.09,0.1,0.25,1.68,2.83,0.15,1.43
2012-09-11,0.09,0.1,0.25,1.7,2.84,0.15,1.45
2012-09-12,0.09,0.1,0.25,1.77,2.92,0.15,1.52
2012-09-13,0.1,0.1,0.24,1.75,2.95,0.15,1.51
2012-09-14,0.08,0.11,0.27,1.88,3.09,0.16,1.61
2012-09-15,0.08,0.11,0.27,1.88,3.09,0.16,1.61
2012-09-16,0.08,0.11,0.27,1.88,3.09,0.16,1.61
2012-09-17,0.06,0.11,0.25,1.85,3.03,0.16,1.6
2012-09-18,0.08,0.1,0.25,1.82,3.0,0.16,1.57
2012-09-19,0.08,0.11,0.27,1.79,2.97,0.15,1.52
2012-09-20,0.06,0.11,0.27,1.8,2.96,0.16,1.53
2012-09-21,0.05,0.11,0.27,1.77,2.95,0.15,1.5
2012-09-22,0.05,0.11,0.27,1.77,2.95,0.15,1.5
2012-09-23,0.05,0.11,0.27,1.77,2.95,0.15,1.5
2012-09-24,0.03,0.11,0.27,1.74,2.91,0.16,1.47
2012-09-25,0.06,0.11,0.27,1.7,2.86,0.15,1.43
2012-09-26,0.05,0.11,0.26,1.64,2.79,0.15,1.38
2012-09-27,0.05,0.09,0.25,1.66,2.83,0.14,1.41
2012-09-28,0.06,0.1,0.23,1.65,2.82,0.09,1.42
2012-09-29,0.06,0.1,0.23,1.65,2.82,0.09,1.42
2012-09-30,0.06,0.1,0.23,1.65,2.82,0.09,1.42
2012-10-01,0.05,0.09,0.25,1.64,2.81,0.15,1.39
2012-10-02,0.09,0.09,0.23,1.64,2.81,0.16,1.41
2012-10-03,0.09,0.09,0.23,1.64,2.82,0.16,1.41
2012-10-04,0.1,0.1,0.23,1.7,2.89,0.15,1.47
2012-10-05,0.1,0.11,0.27,1.75,2.96,0.15,1.48
2012-10-06,0.1,0.11,0.27,1.75,2.96,0.15,1.48
2012-10-07,0.1,0.11,0.27,1.75,2.96,0.15,1.48
2012-10-08,0.1,0.11,0.27,1.75,2.96,0.15,1.48
2012-10-09,0.11,0.1,0.25,1.74,2.93,0.16,1.49
2012-10-10,0.12,0.1,0.27,1.72,2.89,0.16,1.45
2012-10-11,0.12,0.1,0.28,1.7,2.86,0.16,1.42
2012-10-12,0.12,0.11,0.27,1.69,2.83,0.16,1.42
2012-10-13,0.12,0.11,0.27,1.69,2.83,0.16,1.42
2012-10-14,0.12,0.11,0.27,1.69,2.83,0.16,1.42
2012-10-15,0.1,0.11,0.27,1.7,2.85,0.16,1.43
2012-10-16,0.13,0.09,0.27,1.75,2.91,0.16,1.48
2012-10-17,0.13,0.11,0.3,1.83,2.98,0.15,1.53
2012-10-18,0.12,0.1,0.29,1.86,3.02,0.15,1.57
2012-10-19,0.11,0.1,0.3,1.79,2.94,0.16,1.49
2012-10-20,0.11,0.1,0.3,1.79,2.94,0.16,1.49
2012-10-21,0.11,0.1,0.3,1.79,2.94,0.16,1.49
2012-10-22,0.1,0.1,0.32,1.83,2.95,0.15,1.51
2012-10-23,0.11,0.11,0.29,1.79,2.91,0.15,1.5
2012-10-24,0.13,0.11,0.29,1.8,2.93,0.17,1.51
2012-10-25,0.13,0.11,0.31,1.86,2.98,0.16,1.55
2012-10-26,0.12,0.12,0.3,1.78,2.92,0.16,1.48
2012-10-27,0.12,0.12,0.3,1.78,2.92,0.16,1.48
2012-10-28,0.12,0.12,0.3,1.78,2.92,0.16,1.48
2012-10-29,0.13,0.14,0.3,1.74,2.87,0.17,1.44
2012-10-30,0.13,0.14,0.3,1.74,2.87,0.17,1.44
2012-10-31,0.09,0.11,0.3,1.72,2.85,0.18,1.42
2012-11-01,0.06,0.09,0.3,1.75,2.89,0.17,1.45
2012-11-02,0.08,0.09,0.28,1.75,2.91,0.16,1.47
2012-11-03,0.08,0.09,0.28,1.75,2.91,0.16,1.47
2012-11-04,0.08,0.09,0.28,1.75,2.91,0.16,1.47
2012-11-05,0.09,0.11,0.28,1.72,2.88,0.17,1.44
2012-11-06,0.12,0.1,0.3,1.78,2.92,0.16,1.48
2012-11-07,0.12,0.1,0.27,1.68,2.83,0.16,1.41
2012-11-08,0.13,0.1,0.27,1.62,2.77,0.16,1.35
2012-11-09,0.13,0.09,0.27,1.61,2.75,0.16,1.34
2012-11-10,0.13,0.09,0.27,1.61,2.75,0.16,1.34
2012-11-11,0.13,0.09,0.27,1.61,2.75,0.16,1.34
2012-11-12,0.13,0.09,0.27,1.61,2.75,0.16,1.34
2012-11-13,0.12,0.11,0.27,1.59,2.72,0.16,1.32
2012-11-14,0.15,0.1,0.25,1.59,2.73,0.16,1.34
2012-11-15,0.13,0.08,0.24,1.58,2.72,0.16,1.34
2012-11-16,0.07,0.06,0.24,1.58,2.73,0.16,1.34
2012-11-17,0.07,0.06,0.24,1.58,2.73,0.16,1.34
2012-11-18,0.07,0.06,0.24,1.58,2.73,0.16,1.34
2012-11-19,0.06,0.09,0.25,1.61,2.76,0.16,1.36
2012-11-20,0.15,0.08,0.27,1.66,2.82,0.16,1.39
2012-11-21,0.17,0.1,0.27,1.69,2.83,0.16,1.42
2012-11-22,0.17,0.1,0.27,1.69,2.83,0.16,1.42
2012-11-23,0.16,0.1,0.29,1.7,2.83,0.16,1.41
2012-11-24,0.16,0.1,0.29,1.7,2.83,0.16,1.41
2012-11-25,0.16,0.1,0.29,1.7,2.83,0.16,1.41
2012-11-26,0.14,0.1,0.27,1.66,2.8,0.16,1.39
2012-11-27,0.17,0.1,0.27,1.64,2.79,0.16,1.37
2012-11-28,0.17,0.1,0.27,1.63,2.79,0.16,1.36
2012-11-29,0.16,0.09,0.25,1.62,2.79,0.16,1.37
2012-11-30,0.11,0.08,0.25,1.62,2.81,0.16,1.37
2012-12-01,0.11,0.08,0.25,1.62,2.81,0.16,1.37
2012-12-02,0.11,0.08,0.25,1.62,2.81,0.16,1.37
2012-12-03,0.13,0.1,0.25,1.63,2.8,0.16,1.38
2012-12-04,0.07,0.1,0.25,1.62,2.78,0.17,1.37
2012-12-05,0.07,0.1,0.25,1.6,2.78,0.16,1.35
2012-12-06,0.07,0.1,0.25,1.59,2.76,0.16,1.34
2012-12-07,0.06,0.09,0.25,1.64,2.81,0.16,1.39
2012-12-08,0.06,0.09,0.25,1.64,2.81,0.16,1.39
2012-12-09,0.06,0.09,0.25,1.64,2.81,0.16,1.39
2012-12-10,0.05,0.09,0.24,1.63,2.8,0.16,1.39
2012-12-11,0.04,0.08,0.24,1.66,2.83,0.17,1.42
2012-12-12,0.04,0.07,0.25,1.72,2.9,0.17,1.47
2012-12-13,0.02,0.06,0.27,1.74,2.9,0.16,1.47
2012-12-14,0.01,0.04,0.24,1.72,2.87,0.17,1.48
2012-12-15,0.01,0.04,0.24,1.72,2.87,0.17,1.48
2012-12-16,0.01,0.04,0.24,1.72,2.87,0.17,1.48
2012-12-17,0.01,0.05,0.25,1.78,2.94,0.16,1.53
2012-12-18,0.04,0.06,0.28,1.84,3.0,0.17,1.56
2012-12-19,0.03,0.05,0.28,1.82,2.99,0.17,1.54
2012-12-20,0.02,0.06,0.28,1.81,2.98,0.17,1.53
2012-12-21,0.02,0.06,0.26,1.77,2.93,0.17,1.51
2012-12-22,0.02,0.06,0.26,1.77,2.93,0.17,1.51
2012-12-23,0.02,0.06,0.26,1.77,2.93,0.17,1.51
2012-12-24,0.03,0.06,0.26,1.79,2.94,0.18,1.53
2012-12-25,0.03,0.06,0.26,1.79,2.94,0.18,1.53
2012-12-26,0.05,0.09,0.26,1.77,2.94,0.17,1.51
2012-12-27,0.01,0.08,0.26,1.74,2.89,0.17,1.48
2012-12-28,0.0,0.01,0.27,1.73,2.88,0.17,1.46
2012-12-29,0.0,0.01,0.27,1.73,2.88,0.17,1.46
2012-12-30,0.0,0.01,0.27,1.73,2.88,0.17,1.46
2012-12-31,0.02,0.05,0.25,1.78,2.95,0.09,1.53
2013-01-01,0.02,0.05,0.25,1.78,2.95,0.09,1.53
2013-01-02,0.07,0.08,0.27,1.86,3.04,0.17,1.59
2013-01-03,0.06,0.08,0.27,1.92,3.12,0.17,1.65
2013-01-04,0.06,0.07,0.27,1.93,3.1,0.16,1.66
2013-01-05,0.06,0.07,0.27,1.93,3.1,0.16,1.66
2013-01-06,0.06,0.07,0.27,1.93,3.1,0.16,1.66
2013-01-07,0.05,0.07,0.27,1.92,3.1,0.16,1.65
2013-01-08,0.06,0.07,0.25,1.89,3.06,0.15,1.64
2013-01-09,0.04,0.06,0.24,1.88,3.06,0.14,1.64
2013-01-10,0.05,0.06,0.26,1.91,3.08,0.14,1.65
2013-01-11,0.04,0.07,0.26,1.89,3.05,0.14,1.63
2013-01-12,0.04,0.07,0.26,1.89,3.05,0.14,1.63
2013-01-13,0.04,0.07,0.26,1.89,3.05,0.14,1.63
2013-01-14,0.05,0.08,0.26,1.89,3.05,0.14,1.63
2013-01-15,0.09,0.09,0.26,1.86,3.02,0.15,1.6
2013-01-16,0.07,0.08,0.26,1.84,3.01,0.14,1.58
2013-01-17,0.05,0.07,0.28,1.89,3.06,0.14,1.61
2013-01-18,0.04,0.08,0.26,1.87,3.03,0.14,1.61
2013-01-19,0.04,0.08,0.26,1.87,3.03,0.14,1.61
2013-01-20,0.04,0.08,0.26,1.87,3.03,0.14,1.61
2013-01-21,0.04,0.08,0.26,1.87,3.03,0.14,1.61
2013-01-22,0.04,0.08,0.26,1.86,3.02,0.14,1.6
2013-01-23,0.06,0.08,0.26,1.86,3.02,0.13,1.6
2013-01-24,0.06,0.08,0.23,1.88,3.04,0.15,1.65
2013-01-25,0.06,0.08,0.28,1.98,3.14,0.14,1.7
2013-01-26,0.06,0.08,0.28,1.98,3.14,0.14,1.7
2013-01-27,0.06,0.08,0.28,1.98,3.14,0.14,1.7
2013-01-28,0.03,0.07,0.29,2.0,3.15,0.14,1.71
2013-01-29,0.03,0.07,0.3,2.03,3.18,0.12,1.73
2013-01-30,0.04,0.07,0.27,2.03,3.19,0.12,1.76
2013-01-31,0.04,0.07,0.27,2.02,3.17,0.15,1.75
2013-02-01,0.02,0.06,0.27,2.04,3.21,0.14,1.77
2013-02-02,0.02,0.06,0.27,2.04,3.21,0.14,1.77
2013-02-03,0.02,0.06,0.27,2.04,3.21,0.14,1.77
2013-02-04,0.03,0.07,0.25,2.0,3.17,0.13,1.75
2013-02-05,0.06,0.07,0.27,2.04,3.21,0.13,1.77
2013-02-06,0.06,0.07,0.27,2.0,3.18,0.13,1.73
2013-02-07,0.03,0.07,0.25,1.99,3.17,0.13,1.74
2013-02-08,0.03,0.07,0.25,1.99,3.17,0.14,1.74
2013-02-09,0.03,0.07,0.25,1.99,3.17,0.14,1.74
2013-02-10,0.03,0.07,0.25,1.99,3.17,0.14,1.74
2013-02-11,0.05,0.09,0.27,1.99,3.16,0.14,1.72
2013-02-12,0.08,0.09,0.29,2.02,3.19,0.13,1.73
2013-02-13,0.09,0.1,0.29,2.05,3.23,0.14,1.76
2013-02-14,0.1,0.11,0.27,2.0,3.17,0.14,1.73
2013-02-15,0.09,0.1,0.29,2.01,3.18,0.16,1.72
2013-02-16,0.09,0.1,0.29,2.01,3.18,0.16,1.72
2013-02-17,0.09,0.1,0.29,2.01,3.18,0.16,1.72
2013-02-18,0.09,0.1,0.29,2.01,3.18,0.16,1.72
2013-02-19,0.09,0.12,0.29,2.03,3.21,0.15,1.74
2013-02-20,0.12,0.12,0.27,2.02,3.2,0.15,1.75
2013-02-21,0.12,0.13,0.26,1.99,3.17,0.16,1.73
2013-02-22,0.11,0.13,0.27,1.97,3.15,0.16,1.7
2013-02-23,0.11,0.13,0.27,1.97,3.15,0.16,1.7
2013-02-24,0.11,0.13,0.27,1.97,3.15,0.16,1.7
2013-02-25,0.09,0.12,0.25,1.88,3.08,0.15,1.63
2013-02-26,0.11,0.14,0.25,1.88,3.08,0.14,1.63
2013-02-27,0.11,0.11,0.27,1.91,3.11,0.14,1.64
2013-02-28,0.07,0.11,0.25,1.89,3.1,0.14,1.64
2013-03-01,0.07,0.11,0.25,1.86,3.06,0.14,1.61
2013-03-02,0.07,0.11,0.25,1.86,3.06,0.14,1.61
2013-03-03,0.07,0.11,0.25,1.86,3.06,0.14,1.61
2013-03-04,0.07,0.11,0.24,1.88,3.08,0.16,1.64
2013-03-05,0.09,0.08,0.25,1.9,3.1,0.15,1.65
2013-03-06,0.09,0.1,0.25,1.95,3.15,0.15,1.7
2013-03-07,0.1,0.1,0.25,2.0,3.2,0.16,1.75
2013-03-08,0.09,0.1,0.27,2.06,3.25,0.15,1.79
2013-03-09,0.09,0.1,0.27,2.06,3.25,0.15,1.79
2013-03-10,0.09,0.1,0.27,2.06,3.25,0.15,1.79
2013-03-11,0.09,0.1,0.27,2.07,3.26,0.16,1.8
2013-03-12,0.1,0.1,0.27,2.03,3.22,0.15,1.76
2013-03-13,0.09,0.09,0.27,2.04,3.22,0.14,1.77
2013-03-14,0.08,0.1,0.27,2.04,3.25,0.15,1.77
2013-03-15,0.07,0.09,0.25,2.01,3.22,0.16,1.76
2013-03-16,0.07,0.09,0.25,2.01,3.22,0.16,1.76
2013-03-17,0.07,0.09,0.25,2.01,3.22,0.16,1.76
2013-03-18,0.07,0.07,0.26,1.96,3.18,0.16,1.7
2013-03-19,0.08,0.07,0.24,1.92,3.13,0.15,1.68
2013-03-20,0.08,0.07,0.26,1.96,3.19,0.15,1.7
2013-03-21,0.08,0.07,0.27,1.95,3.15,0.16,1.68
2013-03-22,0.07,0.07,0.26,1.93,3.13,0.15,1.67
2013-03-23,0.07,0.07,0.26,1.93,3.13,0.15,1.67
2013-03-24,0.07,0.07,0.26,1.93,3.13,0.15,1.67
2013-03-25,0.06,0.08,0.24,1.93,3.14,0.15,1.69
2013-03-26,0.08,0.07,0.25,1.92,3.13,0.14,1.67
2013-03-27,0.06,0.09,0.25,1.87,3.09,0.12,1.62
2013-03-28,0.04,0.07,0.25,1.87,3.1,0.13,1.62
2013-03-29,0.04,0.07,0.25,1.87,3.1,0.09,1.62
2013-03-30,0.04,0.07,0.25,1.87,3.1,0.09,1.62
2013-03-31,0.04,0.07,0.25,1.87,3.1,0.09,1.62
2013-04-01,0.06,0.08,0.23,1.86,3.08,0.16,1.63
2013-04-02,0.06,0.07,0.25,1.88,3.1,0.15,1.63
2013-04-03,0.06,0.06,0.24,1.83,3.05,0.14,1.59
2013-04-04,0.07,0.07,0.22,1.78,2.99,0.14,1.56
2013-04-05,0.05,0.07,0.24,1.72,2.87,0.15,1.48
2013-04-06,0.05,0.07,0.24,1.72,2.87,0.15,1.48
2013-04-07,0.05,0.07,0.24,1.72,2.87,0.15,1.48
2013-04-08,0.05,0.07,0.24,1.76,2.91,0.15,1.52
2013-04-09,0.06,0.06,0.24,1.78,2.94,0.15,1.54
2013-04-10,0.07,0.07,0.24,1.84,3.01,0.15,1.6
2013-04-11,0.06,0.07,0.24,1.82,3.01,0.15,1.58
2013-04-12,0.05,0.06,0.22,1.75,2.92,0.15,1.53
2013-04-13,0.05,0.06,0.22,1.75,2.92,0.15,1.53
2013-04-14,0.05,0.06,0.22,1.75,2.92,0.15,1.53
2013-04-15,0.04,0.06,0.22,1.72,2.88,0.15,1.5
2013-04-16,0.06,0.06,0.24,1.75,2.91,0.15,1.51
2013-04-17,0.05,0.06,0.24,1.73,2.89,0.15,1.49
2013-04-18,0.03,0.05,0.24,1.72,2.87,0.15,1.48
2013-04-19,0.04,0.05,0.24,1.73,2.88,0.15,1.49
2013-04-20,0.04,0.05,0.24,1.73,2.88,0.15,1.49
2013-04-21,0.04,0.05,0.24,1.73,2.88,0.15,1.49
2013-04-22,0.04,0.05,0.24,1.72,2.88,0.15,1.48
2013-04-23,0.04,0.05,0.23,1.74,2.9,0.14,1.51
2013-04-24,0.05,0.06,0.23,1.73,2.89,0.13,1.5
2013-04-25,0.04,0.05,0.23,1.74,2.91,0.13,1.51
2013-04-26,0.04,0.05,0.22,1.7,2.87,0.13,1.48
2013-04-27,0.04,0.05,0.22,1.7,2.87,0.13,1.48
2013-04-28,0.04,0.05,0.22,1.7,2.87,0.13,1.48
2013-04-29,0.03,0.05,0.2,1.7,2.88,0.13,1.5
2013-04-30,0.03,0.05,0.22,1.7,2.88,0.14,1.48
2013-05-01,0.03,0.06,0.2,1.66,2.83,0.14,1.46
2013-05-02,0.02,0.05,0.2,1.66,2.82,0.15,1.46
2013-05-03,0.02,0.05,0.22,1.78,2.96,0.14,1.56
2013-05-04,0.02,0.05,0.22,1.78,2.96,0.14,1.56
2013-05-05,0.02,0.05,0.22,1.78,2.96,0.14,1.56
2013-05-06,0.01,0.04,0.22,1.8,2.98,0.14,1.58
2013-05-07,0.01,0.04,0.22,1.82,3.0,0.12,1.6
2013-05-08,0.01,0.04,0.22,1.81,2.99,0.12,1.59
2013-05-09,0.02,0.04,0.22,1.81,3.01,0.12,1.59
2013-05-10,0.02,0.04,0.26,1.9,3.1,0.12,1.64
2013-05-11,0.02,0.04,0.26,1.9,3.1,0.12,1.64
2013-05-12,0.02,0.04,0.26,1.9,3.1,0.12,1.64
2013-05-13,0.02,0.05,0.24,1.92,3.13,0.12,1.68
2013-05-14,0.01,0.05,0.26,1.96,3.17,0.11,1.7
2013-05-15,0.01,0.04,0.26,1.94,3.16,0.12,1.68
2013-05-16,0.0,0.03,0.23,1.87,3.09,0.11,1.64
2013-05-17,0.01,0.04,0.26,1.95,3.17,0.1,1.69
2013-05-18,0.01,0.04,0.26,1.95,3.17,0.1,1.69
2013-05-19,0.01,0.04,0.26,1.95,3.17,0.1,1.69
2013-05-20,0.01,0.05,0.26,1.97,3.18,0.1,1.71
2013-05-21,0.04,0.04,0.26,1.94,3.14,0.09,1.68
2013-05-22,0.04,0.04,0.26,2.03,3.21,0.08,1.77
2013-05-23,0.03,0.05,0.26,2.02,3.2,0.08,1.76
2013-05-24,0.03,0.04,0.26,2.01,3.18,0.09,1.75
2013-05-25,0.03,0.04,0.26,2.01,3.18,0.09,1.75
2013-05-26,0.03,0.04,0.26,2.01,3.18,0.09,1.75
2013-05-27,0.03,0.04,0.26,2.01,3.18,0.09,1.75
2013-05-28,0.02,0.05,0.29,2.15,3.31,0.09,1.86
2013-05-29,0.04,0.05,0.3,2.13,3.27,0.08,1.83
2013-05-30,0.02,0.04,0.31,2.13,3.28,0.08,1.82
2013-05-31,0.03,0.04,0.3,2.16,3.3,0.09,1.86
2013-06-01,0.03,0.04,0.3,2.16,3.3,0.09,1.86
2013-06-02,0.03,0.04,0.3,2.16,3.3,0.09,1.86
2013-06-03,0.03,0.05,0.3,2.13,3.27,0.1,1.83
2013-06-04,0.05,0.04,0.32,2.14,3.3,0.11,1.82
2013-06-05,0.04,0.05,0.3,2.1,3.25,0.09,1.8
2013-06-06,0.04,0.05,0.3,2.08,3.23,0.1,1.78
2013-06-07,0.04,0.04,0.32,2.17,3.33,0.09,1.85
2013-06-08,0.04,0.04,0.32,2.17,3.33,0.09,1.85
2013-06-09,0.04,0.04,0.32,2.17,3.33,0.09,1.85
2013-06-10,0.04,0.05,0.32,2.22,3.36,0.09,1.9
2013-06-11,0.05,0.05,0.34,2.2,3.33,0.09,1.86
2013-06-12,0.04,0.05,0.34,2.25,3.37,0.08,1.91
2013-06-13,0.04,0.05,0.32,2.19,3.33,0.09,1.87
2013-06-14,0.04,0.05,0.29,2.14,3.28,0.1,1.85
2013-06-15,0.04,0.05,0.29,2.14,3.28,0.1,1.85
2013-06-16,0.04,0.05,0.29,2.14,3.28,0.1,1.85
2013-06-17,0.05,0.05,0.27,2.19,3.35,0.11,1.92
2013-06-18,0.04,0.05,0.27,2.2,3.34,0.12,1.93
2013-06-19,0.04,0.05,0.31,2.33,3.41,0.1,2.02
2013-06-20,0.03,0.05,0.33,2.41,3.49,0.1,2.08
2013-06-21,0.02,0.05,0.38,2.52,3.56,0.1,2.14
2013-06-22,0.02,0.05,0.38,2.52,3.56,0.1,2.14
2013-06-23,0.02,0.05,0.38,2.52,3.56,0.1,2.14
2013-06-24,0.01,0.06,0.42,2.57,3.56,0.1,2.15
2013-06-25,0.03,0.06,0.43,2.6,3.6,0.09,2.17
2013-06-26,0.02,0.06,0.39,2.55,3.58,0.09,2.16
2013-06-27,0.02,0.06,0.36,2.49,3.54,0.09,2.13
2013-06-28,0.02,0.04,0.36,2.52,3.52,0.07,2.16
2013-06-29,0.02,0.04,0.36,2.52,3.52,0.07,2.16
2013-06-30,0.02,0.04,0.36,2.52,3.52,0.07,2.16
2013-07-01,0.01,0.04,0.34,2.5,3.48,0.1,2.16
2013-07-02,0.02,0.03,0.34,2.48,3.47,0.1,2.14
2013-07-03,0.03,0.05,0.36,2.52,3.49,0.1,2.16
2013-07-04,0.03,0.05,0.36,2.52,3.49,0.1,2.16
2013-07-05,0.03,0.04,0.4,2.73,3.68,0.1,2.33
2013-07-06,0.03,0.04,0.4,2.73,3.68,0.1,2.33
2013-07-07,0.03,0.04,0.4,2.73,3.68,0.1,2.33
2013-07-08,0.02,0.05,0.37,2.65,3.63,0.1,2.28
2013-07-09,0.04,0.04,0.37,2.65,3.64,0.1,2.28
2013-07-10,0.03,0.04,0.38,2.7,3.68,0.09,2.32
2013-07-11,0.02,0.04,0.34,2.6,3.64,0.09,2.26
2013-07-12,0.02,0.04,0.37,2.61,3.64,0.09,2.24
2013-07-13,0.02,0.04,0.37,2.61,3.64,0.09,2.24
2013-07-14,0.02,0.04,0.37,2.61,3.64,0.09,2.24
2013-07-15,0.02,0.04,0.34,2.57,3.61,0.09,2.23
2013-07-16,0.02,0.03,0.34,2.55,3.58,0.09,2.21
2013-07-17,0.02,0.03,0.32,2.52,3.57,0.09,2.2
2013-07-18,0.01,0.03,0.32,2.56,3.63,0.09,2.24
2013-07-19,0.01,0.03,0.32,2.5,3.56,0.09,2.18
2013-07-20,0.01,0.03,0.32,2.5,3.56,0.09,2.18
2013-07-21,0.01,0.03,0.32,2.5,3.56,0.09,2.18
2013-07-22,0.01,0.04,0.32,2.5,3.55,0.09,2.18
2013-07-23,0.02,0.02,0.33,2.53,3.58,0.09,2.2
2013-07-24,0.02,0.03,0.34,2.61,3.65,0.09,2.27
2013-07-25,0.02,0.02,0.32,2.61,3.65,0.09,2.29
2013-07-26,0.02,0.03,0.31,2.58,3.61,0.09,2.27
2013-07-27,0.02,0.03,0.31,2.58,3.61,0.09,2.27
2013-07-28,0.02,0.03,0.31,2.58,3.61,0.09,2.27
2013-07-29,0.01,0.03,0.33,2.61,3.66,0.08,2.28
2013-07-30,0.03,0.04,0.33,2.63,3.67,0.09,2.3
2013-07-31,0.03,0.04,0.31,2.6,3.64,0.09,2.29
2013-08-01,0.02,0.04,0.35,2.74,3.77,0.08,2.39
2013-08-02,0.02,0.04,0.3,2.63,3.69,0.09,2.33
2013-08-03,0.02,0.04,0.3,2.63,3.69,0.09,2.33
2013-08-04,0.02,0.04,0.3,2.63,3.69,0.09,2.33
2013-08-05,0.03,0.05,0.32,2.67,3.73,0.08,2.35
2013-08-06,0.05,0.04,0.32,2.67,3.73,0.09,2.35
2013-08-07,0.05,0.05,0.32,2.61,3.68,0.09,2.29
2013-08-08,0.05,0.05,0.3,2.58,3.65,0.09,2.28
2013-08-09,0.05,0.05,0.32,2.57,3.63,0.08,2.25
2013-08-10,0.05,0.05,0.32,2.57,3.63,0.08,2.25
2013-08-11,0.05,0.05,0.32,2.57,3.63,0.08,2.25
2013-08-12,0.05,0.06,0.32,2.61,3.67,0.08,2.29
2013-08-13,0.06,0.06,0.34,2.71,3.75,0.08,2.37
2013-08-14,0.06,0.05,0.34,2.71,3.75,0.09,2.37
2013-08-15,0.05,0.05,0.36,2.77,3.81,0.08,2.41
2013-08-16,0.05,0.05,0.36,2.84,3.86,0.09,2.48
2013-08-17,0.05,0.05,0.36,2.84,3.86,0.09,2.48
2013-08-18,0.05,0.05,0.36,2.84,3.86,0.09,2.48
2013-08-19,0.03,0.06,0.36,2.88,3.89,0.09,2.52
2013-08-20,0.03,0.04,0.36,2.82,3.86,0.09,2.46
2013-08-21,0.02,0.04,0.38,2.87,3.9,0.08,2.49
2013-08-22,0.01,0.03,0.42,2.9,3.88,0.09,2.48
2013-08-23,0.02,0.03,0.4,2.82,3.8,0.08,2.42
2013-08-24,0.02,0.03,0.4,2.82,3.8,0.08,2.42
2013-08-25,0.02,0.03,0.4,2.82,3.8,0.08,2.42
2013-08-26,0.03,0.04,0.41,2.79,3.77,0.08,2.38
2013-08-27,0.04,0.05,0.38,2.72,3.7,0.07,2.34
2013-08-28,0.04,0.03,0.4,2.78,3.75,0.07,2.38
2013-08-29,0.03,0.02,0.39,2.75,3.7,0.08,2.36
2013-08-30,0.02,0.03,0.39,2.78,3.7,0.07,2.39
2013-08-31,0.02,0.03,0.39,2.78,3.7,0.07,2.39
2013-09-01,0.02,0.03,0.39,2.78,3.7,0.07,2.39
2013-09-02,0.02,0.03,0.39,2.78,3.7,0.07,2.39
2013-09-03,0.03,0.02,0.43,2.86,3.79,0.09,2.43
2013-09-04,0.02,0.02,0.46,2.9,3.8,0.08,2.44
2013-09-05,0.03,0.02,0.52,2.98,3.88,0.08,2.46
2013-09-06,0.02,0.02,0.46,2.94,3.87,0.08,2.48
2013-09-07,0.02,0.02,0.46,2.94,3.87,0.08,2.48
2013-09-08,0.02,0.02,0.46,2.94,3.87,0.08,2.48
2013-09-09,0.02,0.02,0.45,2.9,3.84,0.08,2.45
2013-09-10,0.01,0.02,0.5,2.96,3.88,0.08,2.46
2013-09-11,0.01,0.02,0.47,2.93,3.85,0.08,2.46
2013-09-12,0.01,0.01,0.45,2.92,3.85,0.08,2.47
2013-09-13,0.01,0.01,0.45,2.9,3.84,0.08,2.45
2013-09-14,0.01,0.01,0.45,2.9,3.84,0.08,2.45
2013-09-15,0.01,0.01,0.45,2.9,3.84,0.08,2.45
2013-09-16,0.01,0.02,0.41,2.88,3.87,0.08,2.47
2013-09-17,0.01,0.01,0.39,2.86,3.84,0.08,2.47
2013-09-18,0.01,0.01,0.34,2.69,3.75,0.08,2.35
2013-09-19,0.0,0.01,0.34,2.76,3.8,0.09,2.42
2013-09-20,0.01,0.01,0.34,2.75,3.77,0.08,2.41
2013-09-21,0.01,0.01,0.34,2.75,3.77,0.08,2.41
2013-09-22,0.01,0.01,0.34,2.75,3.77,0.08,2.41
2013-09-23,0.01,0.02,0.35,2.72,3.73,0.09,2.37
2013-09-24,0.02,0.02,0.35,2.67,3.67,0.09,2.32
2013-09-25,0.02,0.02,0.36,2.63,3.65,0.08,2.27
2013-09-26,0.04,0.0,0.34,2.66,3.69,0.08,2.32
2013-09-27,0.03,0.02,0.34,2.64,3.68,0.08,2.3
2013-09-28,0.03,0.02,0.34,2.64,3.68,0.08,2.3
2013-09-29,0.03,0.02,0.34,2.64,3.68,0.08,2.3
2013-09-30,0.03,0.02,0.33,2.64,3.69,0.06,2.31
2013-10-01,0.1,0.02,0.33,2.66,3.72,0.08,2.33
2013-10-02,0.08,0.02,0.31,2.63,3.7,0.07,2.32
2013-10-03,0.12,0.03,0.33,2.62,3.71,0.08,2.29
2013-10-04,0.11,0.03,0.33,2.66,3.73,0.08,2.33
2013-10-05,0.11,0.03,0.33,2.66,3.73,0.08,2.33
2013-10-06,0.11,0.03,0.33,2.66,3.73,0.08,2.33
2013-10-07,0.13,0.03,0.37,2.65,3.7,0.08,2.28
2013-10-08,0.27,0.05,0.4,2.66,3.7,0.08,2.26
2013-10-09,0.26,0.05,0.37,2.68,3.73,0.09,2.31
2013-10-10,0.25,0.05,0.35,2.71,3.75,0.09,2.36
2013-10-11,0.25,0.08,0.35,2.7,3.74,0.1,2.35
2013-10-12,0.25,0.08,0.35,2.7,3.74,0.1,2.35
2013-10-13,0.25,0.08,0.35,2.7,3.74,0.1,2.35
2013-10-14,0.25,0.08,0.35,2.7,3.74,0.1,2.35
2013-10-15,0.32,0.14,0.37,2.75,3.78,0.1,2.38
2013-10-16,0.14,0.1,0.34,2.69,3.72,0.11,2.35
2013-10-17,0.01,0.05,0.33,2.61,3.66,0.1,2.28
2013-10-18,0.01,0.04,0.33,2.6,3.65,0.1,2.27
2013-10-19,0.01,0.04,0.33,2.6,3.65,0.1,2.27
2013-10-20,0.01,0.04,0.33,2.6,3.65,0.1,2.27
2013-10-21,0.02,0.04,0.33,2.63,3.68,0.09,2.3
2013-10-22,0.04,0.04,0.31,2.54,3.61,0.08,2.23
2013-10-23,0.02,0.04,0.31,2.51,3.59,0.08,2.2
2013-10-24,0.02,0.03,0.33,2.53,3.61,0.08,2.2
2013-10-25,0.02,0.04,0.32,2.53,3.6,0.08,2.21
2013-10-26,0.02,0.04,0.32,2.53,3.6,0.08,2.21
2013-10-27,0.02,0.04,0.32,2.53,3.6,0.08,2.21
2013-10-28,0.02,0.04,0.32,2.54,3.61,0.08,2.22
2013-10-29,0.06,0.04,0.31,2.53,3.62,0.08,2.22
2013-10-30,0.05,0.04,0.33,2.55,3.63,0.08,2.22
2013-10-31,0.03,0.04,0.31,2.57,3.63,0.07,2.26
2013-11-01,0.03,0.04,0.33,2.65,3.69,0.08,2.32
2013-11-02,0.03,0.04,0.33,2.65,3.69,0.08,2.32
2013-11-03,0.03,0.04,0.33,2.65,3.69,0.08,2.32
2013-11-04,0.02,0.05,0.32,2.63,3.7,0.08,2.31
2013-11-05,0.06,0.05,0.32,2.69,3.76,0.08,2.37
2013-11-06,0.05,0.05,0.3,2.67,3.77,0.08,2.37
2013-11-07,0.04,0.05,0.29,2.63,3.71,0.08,2.34
2013-11-08,0.04,0.06,0.32,2.77,3.84,0.08,2.45
2013-11-09,0.04,0.06,0.32,2.77,3.84,0.08,2.45
2013-11-10,0.04,0.06,0.32,2.77,3.84,0.08,2.45
2013-11-11,0.04,0.06,0.32,2.77,3.84,0.08,2.45
2013-11-12,0.05,0.08,0.34,2.8,3.86,0.08,2.46
2013-11-13,0.06,0.08,0.32,2.75,3.83,0.08,2.43
2013-11-14,0.06,0.08,0.29,2.69,3.79,0.09,2.4
2013-11-15,0.06,0.08,0.31,2.71,3.8,0.09,2.4
2013-11-16,0.06,0.08,0.31,2.71,3.8,0.09,2.4
2013-11-17,0.06,0.08,0.31,2.71,3.8,0.09,2.4
2013-11-18,0.05,0.09,0.31,2.67,3.76,0.09,2.36
2013-11-19,0.05,0.08,0.29,2.71,3.8,0.09,2.42
2013-11-20,0.06,0.08,0.28,2.8,3.9,0.09,2.52
2013-11-21,0.02,0.07,0.29,2.79,3.89,0.09,2.5
2013-11-22,0.02,0.07,0.31,2.75,3.84,0.09,2.44
2013-11-23,0.02,0.07,0.31,2.75,3.84,0.09,2.44
2013-11-24,0.02,0.07,0.31,2.75,3.84,0.09,2.44
2013-11-25,0.04,0.08,0.3,2.74,3.83,0.09,2.44
2013-11-26,0.07,0.07,0.29,2.71,3.8,0.09,2.42
2013-11-27,0.06,0.07,0.28,2.74,3.81,0.09,2.46
2013-11-28,0.06,0.07,0.28,2.74,3.81,0.09,2.46
2013-11-29,0.05,0.06,0.28,2.75,3.82,0.07,2.47
2013-11-30,0.05,0.06,0.28,2.75,3.82,0.07,2.47
2013-12-01,0.05,0.06,0.28,2.75,3.82,0.07,2.47
2013-12-02,0.02,0.05,0.3,2.81,3.86,0.09,2.51
2013-12-03,0.04,0.06,0.28,2.79,3.84,0.09,2.51
2013-12-04,0.04,0.06,0.3,2.84,3.9,0.09,2.54
2013-12-05,0.02,0.06,0.3,2.88,3.92,0.09,2.58
2013-12-06,0.03,0.06,0.3,2.88,3.9,0.09,2.58
2013-12-07,0.03,0.06,0.3,2.88,3.9,0.09,2.58
2013-12-08,0.03,0.06,0.3,2.88,3.9,0.09,2.58
2013-12-09,0.04,0.07,0.3,2.86,3.88,0.09,2.56
2013-12-10,0.03,0.07,0.3,2.81,3.83,0.09,2.51
2013-12-11,0.02,0.07,0.31,2.86,3.87,0.08,2.55
2013-12-12,0.01,0.07,0.34,2.89,3.91,0.09,2.55
2013-12-13,0.02,0.07,0.34,2.88,3.88,0.08,2.54
2013-12-14,0.02,0.07,0.34,2.88,3.88,0.08,2.54
2013-12-15,0.02,0.07,0.34,2.88,3.88,0.08,2.54
2013-12-16,0.02,0.07,0.34,2.89,3.9,0.09,2.55
2013-12-17,0.02,0.07,0.34,2.85,3.88,0.09,2.51
2013-12-18,0.01,0.07,0.32,2.89,3.9,0.09,2.57
2013-12-19,0.01,0.06,0.35,2.94,3.91,0.09,2.59
2013-12-20,0.02,0.07,0.37,2.89,3.82,0.09,2.52
2013-12-21,0.02,0.07,0.37,2.89,3.82,0.09,2.52
2013-12-22,0.02,0.07,0.37,2.89,3.82,0.09,2.52
2013-12-23,0.01,0.07,0.38,2.94,3.85,0.09,2.56
2013-12-24,0.01,0.07,0.38,2.99,3.9,0.08,2.61
2013-12-25,0.01,0.07,0.38,2.99,3.9,0.08,2.61
2013-12-26,0.0,0.07,0.42,3.0,3.92,0.08,2.58
2013-12-27,0.01,0.07,0.4,3.02,3.94,0.08,2.62
2013-12-28,0.01,0.07,0.4,3.02,3.94,0.08,2.62
2013-12-29,0.01,0.07,0.4,3.02,3.94,0.08,2.62
2013-12-30,0.01,0.07,0.39,2.99,3.9,0.08,2.6
2013-12-31,0.01,0.07,0.38,3.04,3.96,0.07,2.66
2014-01-01,0.01,0.07,0.38,3.04,3.96,0.07,2.66
2014-01-02,0.01,0.07,0.39,3.0,3.92,0.08,2.61
2014-01-03,0.02,0.07,0.41,3.01,3.93,0.08,2.6
2014-01-04,0.02,0.07,0.41,3.01,3.93,0.08,2.6
2014-01-05,0.02,0.07,0.41,3.01,3.93,0.08,2.6
2014-01-06,0.01,0.05,0.4,2.98,3.9,0.08,2.58
2014-01-07,0.01,0.04,0.4,2.96,3.88,0.07,2.56
2014-01-08,0.0,0.05,0.43,3.01,3.9,0.07,2.58
2014-01-09,0.01,0.04,0.44,2.97,3.88,0.07,2.53
2014-01-10,0.01,0.05,0.39,2.88,3.8,0.07,2.49
2014-01-11,0.01,0.05,0.39,2.88,3.8,0.07,2.49
2014-01-12,0.01,0.05,0.39,2.88,3.8,0.07,2.49
2014-01-13,0.0,0.03,0.39,2.84,3.77,0.07,2.45
2014-01-14,0.0,0.04,0.39,2.88,3.8,0.07,2.49
2014-01-15,0.01,0.04,0.41,2.9,3.81,0.07,2.49
2014-01-16,0.01,0.04,0.41,2.86,3.77,0.07,2.45
2014-01-17,0.01,0.05,0.4,2.84,3.75,0.07,2.44
2014-01-18,0.01,0.05,0.4,2.84,3.75,0.07,2.44
2014-01-19,0.01,0.05,0.4,2.84,3.75,0.07,2.44
2014-01-20,0.01,0.05,0.4,2.84,3.75,0.07,2.44
2014-01-21,0.01,0.04,0.4,2.85,3.74,0.07,2.45
2014-01-22,0.0,0.04,0.44,2.87,3.75,0.07,2.43
2014-01-23,0.01,0.04,0.39,2.79,3.68,0.07,2.4
2014-01-24,0.04,0.04,0.37,2.75,3.64,0.07,2.38
2014-01-25,0.04,0.04,0.37,2.75,3.64,0.07,2.38
2014-01-26,0.04,0.04,0.37,2.75,3.64,0.07,2.38
2014-01-27,0.04,0.05,0.37,2.78,3.67,0.07,2.41
2014-01-28,0.05,0.05,0.38,2.77,3.68,0.07,2.39
2014-01-29,0.04,0.04,0.36,2.69,3.62,0.07,2.33
2014-01-30,0.04,0.02,0.36,2.72,3.65,0.07,2.36
2014-01-31,0.03,0.02,0.34,2.67,3.61,0.07,2.33
2014-02-01,0.03,0.02,0.34,2.67,3.61,0.07,2.33
2014-02-02,0.03,0.02,0.34,2.67,3.61,0.07,2.33
2014-02-03,0.04,0.05,0.3,2.61,3.55,0.07,2.31
2014-02-04,0.12,0.06,0.31,2.64,3.59,0.07,2.33
2014-02-05,0.13,0.07,0.32,2.7,3.66,0.07,2.38
2014-02-06,0.07,0.07,0.33,2.73,3.67,0.07,2.4
2014-02-07,0.1,0.08,0.3,2.71,3.67,0.06,2.41
2014-02-08,0.1,0.08,0.3,2.71,3.67,0.06,2.41
2014-02-09,0.1,0.08,0.3,2.71,3.67,0.06,2.41
2014-02-10,0.07,0.07,0.32,2.7,3.66,0.07,2.38
2014-02-11,0.05,0.05,0.35,2.75,3.69,0.06,2.4
2014-02-12,0.01,0.05,0.35,2.8,3.72,0.07,2.45
2014-02-13,0.01,0.03,0.32,2.73,3.7,0.06,2.41
2014-02-14,0.01,0.02,0.32,2.75,3.69,0.06,2.43
2014-02-15,0.01,0.02,0.32,2.75,3.69,0.06,2.43
2014-02-16,0.01,0.02,0.32,2.75,3.69,0.06,2.43
2014-02-17,0.01,0.02,0.32,2.75,3.69,0.06,2.43
2014-02-18,0.02,0.05,0.31,2.71,3.68,0.07,2.4
2014-02-19,0.04,0.06,0.33,2.73,3.71,0.07,2.4
2014-02-20,0.02,0.05,0.34,2.76,3.73,0.07,2.42
2014-02-21,0.02,0.05,0.33,2.73,3.69,0.07,2.4
2014-02-22,0.02,0.05,0.33,2.73,3.69,0.07,2.4
2014-02-23,0.02,0.05,0.33,2.73,3.69,0.07,2.4
2014-02-24,0.02,0.05,0.35,2.75,3.7,0.07,2.4
2014-02-25,0.04,0.05,0.34,2.7,3.66,0.07,2.36
2014-02-26,0.04,0.05,0.33,2.67,3.63,0.07,2.34
2014-02-27,0.04,0.04,0.33,2.65,3.6,0.07,2.32
2014-02-28,0.04,0.05,0.33,2.66,3.59,0.06,2.33
2014-03-01,0.04,0.05,0.33,2.66,3.59,0.06,2.33
2014-03-02,0.04,0.05,0.33,2.66,3.59,0.06,2.33
2014-03-03,0.04,0.05,0.32,2.6,3.55,0.07,2.28
2014-03-04,0.06,0.05,0.33,2.7,3.64,0.07,2.37
2014-03-05,0.06,0.06,0.33,2.7,3.64,0.08,2.37
2014-03-06,0.06,0.05,0.37,2.74,3.68,0.08,2.37
2014-03-07,0.06,0.06,0.38,2.8,3.72,0.08,2.42
2014-03-08,0.06,0.06,0.38,2.8,3.72,0.08,2.42
2014-03-09,0.06,0.06,0.38,2.8,3.72,0.08,2.42
2014-03-10,0.05,0.05,0.37,2.79,3.73,0.08,2.42
2014-03-11,0.06,0.05,0.37,2.77,3.7,0.08,2.4
2014-03-12,0.05,0.05,0.37,2.73,3.66,0.08,2.36
2014-03-13,0.06,0.05,0.34,2.66,3.6,0.08,2.32
2014-03-14,0.05,0.05,0.36,2.65,3.59,0.08,2.29
2014-03-15,0.05,0.05,0.36,2.65,3.59,0.08,2.29
2014-03-16,0.05,0.05,0.36,2.65,3.59,0.08,2.29
2014-03-17,0.05,0.06,0.38,2.7,3.63,0.08,2.32
2014-03-18,0.07,0.05,0.36,2.68,3.62,0.08,2.32
2014-03-19,0.07,0.06,0.47,2.78,3.66,0.08,2.31
2014-03-20,0.06,0.06,0.45,2.79,3.67,0.08,2.34
2014-03-21,0.05,0.06,0.45,2.75,3.61,0.08,2.3
2014-03-22,0.05,0.06,0.45,2.75,3.61,0.08,2.3
2014-03-23,0.05,0.06,0.45,2.75,3.61,0.08,2.3
2014-03-24,0.05,0.06,0.47,2.74,3.57,0.09,2.27
2014-03-25,0.05,0.05,0.47,2.75,3.59,0.09,2.28
2014-03-26,0.05,0.05,0.45,2.71,3.55,0.08,2.26
2014-03-27,0.02,0.04,0.45,2.69,3.52,0.08,2.24
2014-03-28,0.03,0.04,0.45,2.73,3.55,0.08,2.28
2014-03-29,0.03,0.04,0.45,2.73,3.55,0.08,2.28
2014-03-30,0.03,0.04,0.45,2.73,3.55,0.08,2.28
2014-03-31,0.03,0.05,0.44,2.73,3.56,0.06,2.29
2014-04-01,0.02,0.04,0.44,2.77,3.6,0.08,2.33
2014-04-02,0.02,0.02,0.47,2.82,3.65,0.09,2.35
2014-04-03,0.03,0.02,0.46,2.8,3.62,0.08,2.34
2014-04-04,0.03,0.03,0.43,2.74,3.59,0.08,2.31
2014-04-05,0.03,0.03,0.43,2.74,3.59,0.08,2.31
2014-04-06,0.03,0.03,0.43,2.74,3.59,0.08,2.31
2014-04-07,0.03,0.03,0.41,2.71,3.56,0.09,2.3
2014-04-08,0.04,0.03,0.4,2.69,3.54,0.08,2.29
2014-04-09,0.03,0.04,0.37,2.71,3.57,0.08,2.34
2014-04-10,0.03,0.04,0.37,2.65,3.52,0.08,2.28
2014-04-11,0.04,0.04,0.37,2.63,3.48,0.09,2.26
2014-04-12,0.04,0.04,0.37,2.63,3.48,0.09,2.26
2014-04-13,0.04,0.04,0.37,2.63,3.48,0.09,2.26
2014-04-14,0.03,0.04,0.37,2.65,3.48,0.09,2.28
2014-04-15,0.03,0.04,0.39,2.64,3.46,0.1,2.25
2014-04-16,0.03,0.04,0.39,2.65,3.45,0.09,2.26
2014-04-17,0.02,0.03,0.43,2.73,3.52,0.09,2.3
2014-04-18,0.02,0.03,0.43,2.73,3.52,0.1,2.3
2014-04-19,0.02,0.03,0.43,2.73,3.52,0.1,2.3
2014-04-20,0.02,0.03,0.43,2.73,3.52,0.1,2.3
2014-04-21,0.02,0.04,0.42,2.73,3.52,0.1,2.31
2014-04-22,0.02,0.03,0.45,2.73,3.5,0.1,2.28
2014-04-23,0.02,0.02,0.43,2.7,3.47,0.1,2.27
2014-04-24,0.0,0.01,0.43,2.7,3.46,0.1,2.27
2014-04-25,0.01,0.03,0.43,2.68,3.45,0.09,2.25
2014-04-26,0.01,0.03,0.43,2.68,3.45,0.09,2.25
2014-04-27,0.01,0.03,0.43,2.68,3.45,0.09,2.25
2014-04-28,0.0,0.03,0.44,2.7,3.47,0.09,2.26
2014-04-29,0.02,0.02,0.44,2.71,3.49,0.1,2.27
2014-04-30,0.02,0.03,0.42,2.67,3.47,0.09,2.25
2014-05-01,0.02,0.03,0.41,2.63,3.41,0.09,2.22
2014-05-02,0.01,0.02,0.42,2.6,3.37,0.09,2.18
2014-05-03,0.01,0.02,0.42,2.6,3.37,0.09,2.18
2014-05-04,0.01,0.02,0.42,2.6,3.37,0.09,2.18
2014-05-05,0.01,0.03,0.43,2.63,3.41,0.09,2.2
2014-05-06,0.03,0.03,0.43,2.61,3.38,0.09,2.18
2014-05-07,0.03,0.03,0.41,2.62,3.4,0.08,2.21
2014-05-08,0.02,0.03,0.4,2.61,3.45,0.08,2.21
2014-05-09,0.02,0.03,0.4,2.62,3.47,0.08,2.22
2014-05-10,0.02,0.03,0.4,2.62,3.47,0.08,2.22
2014-05-11,0.02,0.03,0.4,2.62,3.47,0.08,2.22
2014-05-12,0.02,0.03,0.41,2.66,3.49,0.08,2.25
2014-05-13,0.03,0.03,0.39,2.61,3.45,0.09,2.22
2014-05-14,0.02,0.03,0.39,2.54,3.37,0.08,2.15
2014-05-15,0.01,0.03,0.38,2.5,3.33,0.09,2.12
2014-05-16,0.01,0.03,0.38,2.52,3.34,0.09,2.14
2014-05-17,0.01,0.03,0.38,2.52,3.34,0.09,2.14
2014-05-18,0.01,0.03,0.38,2.52,3.34,0.09,2.14
2014-05-19,0.01,0.03,0.36,2.54,3.39,0.09,2.18
2014-05-20,0.04,0.03,0.35,2.52,3.38,0.09,2.17
2014-05-21,0.04,0.04,0.37,2.54,3.42,0.09,2.17
2014-05-22,0.03,0.03,0.37,2.56,3.43,0.09,2.19
2014-05-23,0.04,0.04,0.37,2.54,3.4,0.09,2.17
2014-05-24,0.04,0.04,0.37,2.54,3.4,0.09,2.17
2014-05-25,0.04,0.04,0.37,2.54,3.4,0.09,2.17
2014-05-26,0.04,0.04,0.37,2.54,3.4,0.09,2.17
2014-05-27,0.03,0.04,0.39,2.52,3.37,0.09,2.13
2014-05-28,0.04,0.04,0.37,2.44,3.29,0.09,2.07
2014-05-29,0.05,0.04,0.37,2.45,3.31,0.09,2.08
2014-05-30,0.05,0.04,0.37,2.48,3.33,0.08,2.11
2014-05-31,0.05,0.04,0.37,2.48,3.33,0.08,2.11
2014-06-01,0.05,0.04,0.37,2.48,3.33,0.08,2.11
2014-06-02,0.04,0.04,0.39,2.54,3.38,0.09,2.15
2014-06-03,0.04,0.04,0.41,2.6,3.43,0.1,2.19
2014-06-04,0.04,0.04,0.41,2.61,3.45,0.09,2.2
2014-06-05,0.03,0.04,0.4,2.59,3.44,0.09,2.19
2014-06-06,0.02,0.04,0.41,2.6,3.44,0.09,2.19
2014-06-07,0.02,0.04,0.41,2.6,3.44,0.09,2.19
2014-06-08,0.02,0.04,0.41,2.6,3.44,0.09,2.19
2014-06-09,0.03,0.04,0.43,2.62,3.45,0.09,2.19
2014-06-10,0.04,0.04,0.45,2.64,3.47,0.09,2.19
2014-06-11,0.03,0.04,0.44,2.65,3.47,0.09,2.21
2014-06-12,0.02,0.04,0.42,2.58,3.41,0.09,2.16
2014-06-13,0.02,0.04,0.45,2.6,3.41,0.1,2.15
2014-06-14,0.02,0.04,0.45,2.6,3.41,0.1,2.15
2014-06-15,0.02,0.04,0.45,2.6,3.41,0.1,2.15
2014-06-16,0.03,0.04,0.49,2.61,3.4,0.1,2.12
2014-06-17,0.03,0.04,0.51,2.66,3.44,0.1,2.15
2014-06-18,0.03,0.03,0.48,2.61,3.43,0.1,2.13
2014-06-19,0.01,0.02,0.48,2.64,3.47,0.1,2.16
2014-06-20,0.01,0.02,0.5,2.63,3.44,0.1,2.13
2014-06-21,0.01,0.02,0.5,2.63,3.44,0.1,2.13
2014-06-22,0.01,0.02,0.5,2.63,3.44,0.1,2.13
2014-06-23,0.02,0.03,0.48,2.63,3.45,0.1,2.15
2014-06-24,0.01,0.03,0.49,2.59,3.41,0.1,2.1
2014-06-25,0.01,0.03,0.48,2.57,3.38,0.1,2.09
2014-06-26,0.01,0.04,0.46,2.53,3.35,0.1,2.07
2014-06-27,0.02,0.03,0.45,2.54,3.36,0.1,2.09
2014-06-28,0.02,0.03,0.45,2.54,3.36,0.1,2.09
2014-06-29,0.02,0.03,0.45,2.54,3.36,0.1,2.09
2014-06-30,0.02,0.04,0.47,2.53,3.34,0.09,2.06
2014-07-01,0.03,0.02,0.47,2.58,3.4,0.1,2.11
2014-07-02,0.02,0.02,0.49,2.64,3.46,0.1,2.15
2014-07-03,0.01,0.01,0.52,2.65,3.47,0.09,2.13
2014-07-04,0.01,0.01,0.52,2.65,3.47,0.09,2.13
2014-07-05,0.01,0.01,0.52,2.65,3.47,0.09,2.13
2014-07-06,0.01,0.01,0.52,2.65,3.47,0.09,2.13
2014-07-07,0.02,0.04,0.52,2.63,3.44,0.1,2.11
2014-07-08,0.02,0.03,0.51,2.58,3.38,0.09,2.07
2014-07-09,0.03,0.03,0.51,2.57,3.37,0.09,2.06
2014-07-10,0.02,0.02,0.46,2.55,3.38,0.09,2.09
2014-07-11,0.02,0.02,0.48,2.53,3.34,0.09,2.05
2014-07-12,0.02,0.02,0.48,2.53,3.34,0.09,2.05
2014-07-13,0.02,0.02,0.48,2.53,3.34,0.09,2.05
2014-07-14,0.02,0.03,0.48,2.55,3.36,0.09,2.07
2014-07-15,0.02,0.02,0.49,2.56,3.37,0.09,2.07
2014-07-16,0.02,0.02,0.5,2.55,3.35,0.09,2.05
2014-07-17,0.02,0.02,0.47,2.47,3.27,0.09,2.0
2014-07-18,0.03,0.02,0.51,2.5,3.29,0.09,1.99
2014-07-19,0.03,0.02,0.51,2.5,3.29,0.09,1.99
2014-07-20,0.03,0.02,0.51,2.5,3.29,0.09,1.99
2014-07-21,0.02,0.03,0.51,2.49,3.26,0.1,1.98
2014-07-22,0.03,0.03,0.49,2.48,3.25,0.09,1.99
2014-07-23,0.03,0.03,0.5,2.48,3.26,0.09,1.98
2014-07-24,0.04,0.03,0.53,2.52,3.3,0.09,1.99
2014-07-25,0.03,0.03,0.53,2.48,3.24,0.09,1.95
2014-07-26,0.03,0.03,0.53,2.48,3.24,0.09,1.95
2014-07-27,0.03,0.03,0.53,2.48,3.24,0.09,1.95
2014-07-28,0.03,0.04,0.54,2.5,3.26,0.09,1.96
2014-07-29,0.03,0.02,0.54,2.47,3.22,0.09,1.93
2014-07-30,0.03,0.04,0.56,2.57,3.31,0.09,2.01
2014-07-31,0.01,0.03,0.53,2.58,3.32,0.08,2.05
2014-08-01,0.01,0.03,0.47,2.52,3.29,0.09,2.05
2014-08-02,0.01,0.03,0.47,2.52,3.29,0.09,2.05
2014-08-03,0.01,0.03,0.47,2.52,3.29,0.09,2.05
2014-08-04,0.02,0.04,0.47,2.51,3.3,0.09,2.04
2014-08-05,0.03,0.03,0.47,2.49,3.28,0.09,2.02
2014-08-06,0.03,0.03,0.48,2.49,3.27,0.09,2.01
2014-08-07,0.03,0.03,0.44,2.43,3.23,0.09,1.99
2014-08-08,0.03,0.03,0.45,2.44,3.23,0.09,1.99
2014-08-09,0.03,0.03,0.45,2.44,3.23,0.09,1.99
2014-08-10,0.03,0.03,0.45,2.44,3.23,0.09,1.99
2014-08-11,0.03,0.04,0.47,2.44,3.24,0.09,1.97
2014-08-12,0.05,0.03,0.45,2.46,3.27,0.09,2.01
2014-08-13,0.04,0.04,0.43,2.43,3.24,0.09,2.0
2014-08-14,0.04,0.04,0.42,2.4,3.2,0.09,1.98
2014-08-15,0.03,0.03,0.42,2.34,3.13,0.09,1.92
2014-08-16,0.03,0.03,0.42,2.34,3.13,0.09,1.92
2014-08-17,0.03,0.03,0.42,2.34,3.13,0.09,1.92
2014-08-18,0.02,0.03,0.44,2.39,3.2,0.09,1.95
2014-08-19,0.04,0.03,0.46,2.4,3.21,0.09,1.94
2014-08-20,0.04,0.04,0.49,2.43,3.22,0.09,1.94
2014-08-21,0.03,0.02,0.49,2.41,3.19,0.09,1.92
2014-08-22,0.04,0.03,0.53,2.4,3.16,0.09,1.87
2014-08-23,0.04,0.03,0.53,2.4,3.16,0.09,1.87
2014-08-24,0.04,0.03,0.53,2.4,3.16,0.09,1.87
2014-08-25,0.02,0.04,0.53,2.39,3.13,0.09,1.86
2014-08-26,0.04,0.03,0.52,2.39,3.15,0.09,1.87
2014-08-27,0.02,0.04,0.51,2.37,3.11,0.09,1.86
2014-08-28,0.02,0.03,0.5,2.34,3.08,0.09,1.84
2014-08-29,0.02,0.03,0.48,2.35,3.09,0.07,1.87
2014-08-30,0.02,0.03,0.48,2.35,3.09,0.07,1.87
2014-08-31,0.02,0.03,0.48,2.35,3.09,0.07,1.87
2014-09-01,0.02,0.03,0.48,2.35,3.09,0.07,1.87
2014-09-02,0.02,0.03,0.53,2.42,3.17,0.09,1.89
2014-09-03,0.02,0.03,0.52,2.41,3.15,0.09,1.89
2014-09-04,0.02,0.03,0.54,2.45,3.21,0.09,1.91
2014-09-05,0.02,0.03,0.52,2.46,3.23,0.09,1.94
2014-09-06,0.02,0.03,0.52,2.46,3.23,0.09,1.94
2014-09-07,0.02,0.03,0.52,2.46,3.23,0.09,1.94
2014-09-08,0.01,0.02,0.54,2.48,3.23,0.09,1.94
2014-09-09,0.01,0.02,0.56,2.5,3.23,0.09,1.94
2014-09-10,0.01,0.02,0.58,2.54,3.26,0.09,1.96
2014-09-11,0.01,0.02,0.58,2.54,3.27,0.09,1.96
2014-09-12,0.01,0.02,0.58,2.62,3.35,0.09,2.04
2014-09-13,0.01,0.02,0.58,2.62,3.35,0.09,2.04
2014-09-14,0.01,0.02,0.58,2.62,3.35,0.09,2.04
2014-09-15,0.01,0.02,0.58,2.6,3.34,0.09,2.02
2014-09-16,0.01,0.02,0.55,2.6,3.36,0.09,2.05
2014-09-17,0.01,0.02,0.59,2.62,3.37,0.09,2.03
2014-09-18,0.01,0.02,0.59,2.63,3.36,0.09,2.04
2014-09-19,0.01,0.02,0.59,2.59,3.29,0.09,2.0
2014-09-20,0.01,0.02,0.59,2.59,3.29,0.09,2.0
2014-09-21,0.01,0.02,0.59,2.59,3.29,0.09,2.0
2014-09-22,0.0,0.01,0.58,2.57,3.28,0.09,1.99
2014-09-23,0.01,0.01,0.57,2.54,3.25,0.09,1.97
2014-09-24,0.01,0.02,0.59,2.57,3.28,0.09,1.98
2014-09-25,0.0,0.01,0.56,2.52,3.22,0.09,1.96
2014-09-26,0.01,0.01,0.59,2.54,3.22,0.09,1.95
2014-09-27,0.01,0.01,0.59,2.54,3.22,0.09,1.95
2014-09-28,0.01,0.01,0.59,2.54,3.22,0.09,1.95
2014-09-29,0.01,0.02,0.58,2.5,3.18,0.08,1.92
2014-09-30,0.02,0.02,0.58,2.52,3.21,0.07,1.94
2014-10-01,0.01,0.02,0.53,2.42,3.12,0.09,1.89
2014-10-02,0.01,0.01,0.53,2.44,3.15,0.09,1.91
2014-10-03,0.01,0.01,0.57,2.45,3.13,0.09,1.88
2014-10-04,0.01,0.01,0.57,2.45,3.13,0.09,1.88
2014-10-05,0.01,0.01,0.57,2.45,3.13,0.09,1.88
2014-10-06,0.01,0.02,0.54,2.43,3.12,0.09,1.89
2014-10-07,0.02,0.02,0.52,2.36,3.06,0.09,1.84
2014-10-08,0.01,0.01,0.46,2.35,3.07,0.09,1.89
2014-10-09,0.02,0.01,0.46,2.34,3.07,0.08,1.88
2014-10-10,0.02,0.01,0.45,2.31,3.03,0.09,1.86
2014-10-11,0.02,0.01,0.45,2.31,3.03,0.09,1.86
2014-10-12,0.02,0.01,0.45,2.31,3.03,0.09,1.86
2014-10-13,0.02,0.01,0.45,2.31,3.03,0.09,1.86
2014-10-14,0.03,0.02,0.39,2.21,2.95,0.09,1.82
2014-10-15,0.02,0.02,0.34,2.15,2.92,0.09,1.81
2014-10-16,0.04,0.03,0.35,2.17,2.94,0.09,1.82
2014-10-17,0.03,0.02,0.39,2.22,2.98,0.09,1.83
2014-10-18,0.03,0.02,0.39,2.22,2.98,0.09,1.83
2014-10-19,0.03,0.02,0.39,2.22,2.98,0.09,1.83
2014-10-20,0.03,0.02,0.37,2.2,2.96,0.09,1.83
2014-10-21,0.04,0.02,0.38,2.23,3.0,0.09,1.85
2014-10-22,0.04,0.02,0.41,2.25,3.01,0.09,1.84
2014-10-23,0.02,0.01,0.41,2.29,3.05,0.09,1.88
2014-10-24,0.02,0.01,0.41,2.29,3.05,0.09,1.88
2014-10-25,0.02,0.01,0.41,2.29,3.05,0.09,1.88
2014-10-26,0.02,0.01,0.41,2.29,3.05,0.09,1.88
2014-10-27,0.03,0.02,0.41,2.27,3.04,0.09,1.86
2014-10-28,0.02,0.02,0.42,2.3,3.06,0.09,1.88
2014-10-29,0.01,0.03,0.48,2.34,3.06,0.09,1.86
2014-10-30,0.01,0.01,0.48,2.32,3.04,0.09,1.84
2014-10-31,0.01,0.01,0.5,2.35,3.07,0.07,1.85
2014-11-01,0.01,0.01,0.5,2.35,3.07,0.07,1.85
2014-11-02,0.01,0.01,0.5,2.35,3.07,0.07,1.85
2014-11-03,0.03,0.02,0.52,2.36,3.07,0.09,1.84
2014-11-04,0.04,0.03,0.52,2.35,3.05,0.1,1.83
2014-11-05,0.04,0.03,0.52,2.36,3.06,0.09,1.84
2014-11-06,0.04,0.03,0.54,2.39,3.09,0.09,1.85
2014-11-07,0.04,0.03,0.51,2.32,3.04,0.09,1.81
2014-11-08,0.04,0.03,0.51,2.32,3.04,0.09,1.81
2014-11-09,0.04,0.03,0.51,2.32,3.04,0.09,1.81
2014-11-10,0.04,0.02,0.55,2.38,3.09,0.09,1.83
2014-11-11,0.04,0.02,0.55,2.38,3.09,0.09,1.83
2014-11-12,0.05,0.02,0.55,2.37,3.09,0.09,1.82
2014-11-13,0.05,0.02,0.53,2.35,3.08,0.09,1.82
2014-11-14,0.04,0.02,0.54,2.32,3.04,0.09,1.78
2014-11-15,0.04,0.02,0.54,2.32,3.04,0.09,1.78
2014-11-16,0.04,0.02,0.54,2.32,3.04,0.09,1.78
2014-11-17,0.02,0.03,0.54,2.34,3.06,0.1,1.8
2014-11-18,0.04,0.02,0.53,2.32,3.05,0.11,1.79
2014-11-19,0.04,0.01,0.54,2.36,3.08,0.1,1.82
2014-11-20,0.04,0.02,0.53,2.34,3.05,0.1,1.81
2014-11-21,0.04,0.01,0.53,2.31,3.02,0.1,1.78
2014-11-22,0.04,0.01,0.53,2.31,3.02,0.1,1.78
2014-11-23,0.04,0.01,0.53,2.31,3.02,0.1,1.78
2014-11-24,0.04,0.02,0.53,2.3,3.01,0.1,1.77
2014-11-25,0.06,0.02,0.51,2.27,2.97,0.1,1.76
2014-11-26,0.06,0.02,0.53,2.24,2.95,0.1,1.71
2014-11-27,0.06,0.02,0.53,2.24,2.95,0.1,1.71
2014-11-28,0.04,0.02,0.47,2.18,2.89,0.08,1.71
2014-11-29,0.04,0.02,0.47,2.18,2.89,0.08,1.71
2014-11-30,0.04,0.02,0.47,2.18,2.89,0.08,1.71
2014-12-01,0.01,0.03,0.49,2.22,2.95,0.13,1.73
2014-12-02,0.04,0.03,0.55,2.28,3.0,0.12,1.73
2014-12-03,0.03,0.01,0.57,2.29,2.99,0.12,1.72
2014-12-04,0.03,0.02,0.55,2.25,2.94,0.12,1.7
2014-12-05,0.02,0.02,0.65,2.31,2.97,0.12,1.66
2014-12-06,0.02,0.02,0.65,2.31,2.97,0.12,1.66
2014-12-07,0.02,0.02,0.65,2.31,2.97,0.12,1.66
2014-12-08,0.03,0.03,0.64,2.26,2.9,0.12,1.62
2014-12-09,0.05,0.04,0.64,2.22,2.87,0.12,1.58
2014-12-10,0.05,0.03,0.59,2.18,2.83,0.12,1.59
2014-12-11,0.02,0.03,0.62,2.19,2.84,0.12,1.57
2014-12-12,0.02,0.02,0.56,2.1,2.75,0.12,1.54
2014-12-13,0.02,0.02,0.56,2.1,2.75,0.12,1.54
2014-12-14,0.02,0.02,0.56,2.1,2.75,0.12,1.54
2014-12-15,0.02,0.04,0.6,2.12,2.74,0.11,1.52
2014-12-16,0.03,0.03,0.58,2.07,2.69,0.12,1.49
2014-12-17,0.03,0.03,0.62,2.14,2.74,0.13,1.52
2014-12-18,0.04,0.04,0.67,2.22,2.82,0.13,1.55
2014-12-19,0.01,0.04,0.67,2.17,2.77,0.13,1.5
2014-12-20,0.01,0.04,0.67,2.17,2.77,0.13,1.5
2014-12-21,0.01,0.04,0.67,2.17,2.77,0.13,1.5
2014-12-22,0.01,0.05,0.71,2.17,2.75,0.13,1.46
2014-12-23,0.02,0.03,0.73,2.26,2.85,0.13,1.53
2014-12-24,0.01,0.01,0.73,2.27,2.83,0.13,1.54
2014-12-25,0.01,0.01,0.73,2.27,2.83,0.13,1.54
2014-12-26,0.01,0.01,0.73,2.25,2.81,0.13,1.52
2014-12-27,0.01,0.01,0.73,2.25,2.81,0.13,1.52
2014-12-28,0.01,0.01,0.73,2.25,2.81,0.13,1.52
2014-12-29,0.01,0.03,0.72,2.22,2.78,0.13,1.5
2014-12-30,0.03,0.03,0.69,2.2,2.76,0.13,1.51
2014-12-31,0.03,0.04,0.67,2.17,2.75,0.06,1.5
2015-01-01,0.03,0.04,0.67,2.17,2.75,0.06,1.5
2015-01-02,0.02,0.02,0.66,2.12,2.69,0.12,1.46
2015-01-03,0.02,0.02,0.66,2.12,2.69,0.12,1.46
2015-01-04,0.02,0.02,0.66,2.12,2.69,0.12,1.46
2015-01-05,0.02,0.03,0.68,2.04,2.6,0.12,1.36
2015-01-06,0.02,0.03,0.65,1.97,2.52,0.12,1.32
2015-01-07,0.02,0.03,0.62,1.96,2.52,0.12,1.34
2015-01-08,0.01,0.03,0.62,2.03,2.59,0.12,1.41
2015-01-09,0.02,0.02,0.59,1.98,2.55,0.12,1.39
2015-01-10,0.02,0.02,0.59,1.98,2.55,0.12,1.39
2015-01-11,0.02,0.02,0.59,1.98,2.55,0.12,1.39
2015-01-12,0.02,0.03,0.56,1.92,2.49,0.12,1.36
2015-01-13,0.02,0.03,0.54,1.91,2.49,0.12,1.37
2015-01-14,0.02,0.04,0.51,1.86,2.47,0.12,1.35
2015-01-15,0.03,0.03,0.44,1.77,2.4,0.12,1.33
2015-01-16,0.02,0.03,0.49,1.83,2.44,0.13,1.34
2015-01-17,0.02,0.03,0.49,1.83,2.44,0.13,1.34
2015-01-18,0.02,0.03,0.49,1.83,2.44,0.13,1.34
2015-01-19,0.02,0.03,0.49,1.83,2.44,0.13,1.34
2015-01-20,0.01,0.03,0.53,1.82,2.39,0.12,1.29
2015-01-21,0.01,0.03,0.53,1.87,2.44,0.12,1.34
2015-01-22,0.02,0.03,0.53,1.9,2.46,0.12,1.37
2015-01-23,0.02,0.02,0.52,1.81,2.38,0.12,1.29
2015-01-24,0.02,0.02,0.52,1.81,2.38,0.12,1.29
2015-01-25,0.02,0.02,0.52,1.81,2.38,0.12,1.29
2015-01-26,0.02,0.03,0.54,1.83,2.4,0.12,1.29
2015-01-27,0.02,0.02,0.54,1.83,2.4,0.11,1.29
2015-01-28,0.02,0.02,0.5,1.73,2.29,0.12,1.23
2015-01-29,0.01,0.03,0.51,1.77,2.33,0.11,1.26
2015-01-30,0.01,0.02,0.47,1.68,2.25,0.06,1.21
2015-01-31,0.01,0.02,0.47,1.68,2.25,0.06,1.21
2015-02-01,0.01,0.02,0.47,1.68,2.25,0.06,1.21
2015-02-02,0.01,0.02,0.49,1.68,2.25,0.12,1.19
2015-02-03,0.02,0.02,0.52,1.79,2.37,0.12,1.27
2015-02-04,0.01,0.01,0.52,1.81,2.39,0.11,1.29
2015-02-05,0.02,0.02,0.52,1.83,2.42,0.12,1.31
2015-02-06,0.01,0.02,0.65,1.95,2.51,0.11,1.3
2015-02-07,0.01,0.02,0.65,1.95,2.51,0.11,1.3
2015-02-08,0.01,0.02,0.65,1.95,2.51,0.11,1.3
2015-02-09,0.02,0.01,0.65,1.96,2.52,0.12,1.31
2015-02-10,0.02,0.01,0.67,2.01,2.58,0.12,1.34
2015-02-11,0.02,0.01,0.67,2.0,2.57,0.12,1.33
2015-02-12,0.02,0.02,0.61,1.99,2.58,0.12,1.38
2015-02-13,0.02,0.01,0.66,2.02,2.63,0.12,1.36
2015-02-14,0.02,0.01,0.66,2.02,2.63,0.12,1.36
2015-02-15,0.02,0.01,0.66,2.02,2.63,0.12,1.36
2015-02-16,0.02,0.01,0.66,2.02,2.63,0.12,1.36
2015-02-17,0.02,0.02,0.7,2.14,2.73,0.12,1.44
2015-02-18,0.02,0.02,0.62,2.07,2.7,0.12,1.45
2015-02-19,0.02,0.02,0.67,2.11,2.73,0.12,1.44
2015-02-20,0.02,0.02,0.67,2.13,2.73,0.12,1.46
2015-02-21,0.02,0.02,0.67,2.13,2.73,0.12,1.46
2015-02-22,0.02,0.02,0.67,2.13,2.73,0.12,1.46
2015-02-23,0.01,0.02,0.64,2.06,2.66,0.11,1.42
2015-02-24,0.02,0.02,0.6,1.99,2.6,0.11,1.39
2015-02-25,0.02,0.02,0.61,1.96,2.56,0.11,1.35
2015-02-26,0.02,0.03,0.66,2.03,2.63,0.11,1.37
2015-02-27,0.02,0.02,0.63,2.0,2.6,0.06,1.37
2015-02-28,0.02,0.02,0.63,2.0,2.6,0.06,1.37
2015-03-01,0.02,0.02,0.63,2.0,2.6,0.06,1.37
2015-03-02,0.02,0.02,0.66,2.08,2.68,0.12,1.42
2015-03-03,0.01,0.02,0.68,2.12,2.71,0.12,1.44
2015-03-04,0.01,0.01,0.66,2.12,2.72,0.11,1.46
2015-03-05,0.02,0.02,0.65,2.11,2.71,0.11,1.46
2015-03-06,0.02,0.01,0.73,2.24,2.83,0.12,1.51
2015-03-07,0.02,0.01,0.73,2.24,2.83,0.12,1.51
2015-03-08,0.02,0.01,0.73,2.24,2.83,0.12,1.51
2015-03-09,0.01,0.02,0.7,2.2,2.8,0.12,1.5
2015-03-10,0.03,0.02,0.7,2.14,2.73,0.12,1.44
2015-03-11,0.03,0.03,0.7,2.11,2.69,0.11,1.41
2015-03-12,0.03,0.03,0.67,2.1,2.69,0.11,1.43
2015-03-13,0.03,0.03,0.68,2.13,2.7,0.11,1.45
2015-03-14,0.03,0.03,0.68,2.13,2.7,0.11,1.45
2015-03-15,0.03,0.03,0.68,2.13,2.7,0.11,1.45
2015-03-16,0.02,0.05,0.66,2.1,2.67,0.12,1.44
2015-03-17,0.05,0.05,0.7,2.06,2.61,0.12,1.36
2015-03-18,0.02,0.03,0.57,1.93,2.51,0.11,1.36
2015-03-19,0.02,0.03,0.63,1.98,2.54,0.12,1.35
2015-03-20,0.0,0.01,0.6,1.93,2.5,0.12,1.33
2015-03-21,0.0,0.01,0.6,1.93,2.5,0.12,1.33
2015-03-22,0.0,0.01,0.6,1.93,2.5,0.12,1.33
2015-03-23,0.02,0.03,0.6,1.92,2.51,0.12,1.32
2015-03-24,0.03,0.02,0.58,1.88,2.46,0.11,1.3
2015-03-25,0.02,0.04,0.59,1.93,2.5,0.12,1.34
2015-03-26,0.02,0.03,0.61,2.01,2.6,0.11,1.4
2015-03-27,0.02,0.04,0.58,1.95,2.53,0.12,1.37
2015-03-28,0.02,0.04,0.58,1.95,2.53,0.12,1.37
2015-03-29,0.02,0.04,0.58,1.95,2.53,0.12,1.37
2015-03-30,0.02,0.04,0.58,1.96,2.55,0.12,1.38
2015-03-31,0.05,0.03,0.56,1.94,2.54,0.06,1.38
2015-04-01,0.02,0.03,0.55,1.87,2.47,0.12,1.32
2015-04-02,0.02,0.02,0.55,1.92,2.53,0.12,1.37
2015-04-03,0.04,0.02,0.49,1.85,2.49,0.12,1.36
2015-04-04,0.04,0.02,0.49,1.85,2.49,0.12,1.36
2015-04-05,0.04,0.02,0.49,1.85,2.49,0.12,1.36
2015-04-06,0.02,0.03,0.51,1.92,2.57,0.13,1.41
2015-04-07,0.02,0.02,0.52,1.89,2.52,0.12,1.37
2015-04-08,0.02,0.03,0.54,1.92,2.53,0.12,1.38
2015-04-09,0.02,0.03,0.56,1.97,2.61,0.12,1.41
2015-04-10,0.01,0.02,0.57,1.96,2.58,0.12,1.39
2015-04-11,0.01,0.02,0.57,1.96,2.58,0.12,1.39
2015-04-12,0.01,0.02,0.57,1.96,2.58,0.12,1.39
2015-04-13,0.02,0.03,0.54,1.94,2.58,0.13,1.4
2015-04-14,0.02,0.02,0.53,1.9,2.54,0.13,1.37
2015-04-15,0.02,0.02,0.51,1.91,2.55,0.13,1.4
2015-04-16,0.03,0.02,0.5,1.9,2.56,0.13,1.4
2015-04-17,0.03,0.01,0.51,1.87,2.51,0.13,1.36
2015-04-18,0.03,0.01,0.51,1.87,2.51,0.13,1.36
2015-04-19,0.03,0.01,0.51,1.87,2.51,0.13,1.36
2015-04-20,0.03,0.03,0.55,1.9,2.56,0.13,1.35
2015-04-21,0.02,0.03,0.55,1.92,2.58,0.13,1.37
2015-04-22,0.01,0.03,0.57,1.99,2.66,0.13,1.42
2015-04-23,0.01,0.03,0.55,1.96,2.63,0.13,1.41
2015-04-24,0.03,0.03,0.54,1.93,2.62,0.13,1.39
2015-04-25,0.03,0.03,0.54,1.93,2.62,0.13,1.39
2015-04-26,0.03,0.03,0.54,1.93,2.62,0.13,1.39
2015-04-27,0.01,0.02,0.54,1.94,2.61,0.13,1.4
2015-04-28,0.0,0.02,0.56,2.0,2.68,0.13,1.44
2015-04-29,0.0,0.01,0.56,2.06,2.76,0.13,1.5
2015-04-30,0.0,0.01,0.58,2.05,2.75,0.08,1.47
2015-05-01,0.0,0.01,0.6,2.12,2.82,0.13,1.52
2015-05-02,0.0,0.01,0.6,2.12,2.82,0.13,1.52
2015-05-03,0.0,0.01,0.6,2.12,2.82,0.13,1.52
2015-05-04,0.01,0.02,0.6,2.16,2.88,0.13,1.56
2015-05-05,0.01,0.01,0.62,2.19,2.9,0.13,1.57
2015-05-06,0.02,0.02,0.65,2.25,2.98,0.13,1.6
2015-05-07,0.01,0.01,0.63,2.18,2.9,0.13,1.55
2015-05-08,0.01,0.01,0.59,2.16,2.9,0.13,1.57
2015-05-09,0.01,0.01,0.59,2.16,2.9,0.13,1.57
2015-05-10,0.01,0.01,0.59,2.16,2.9,0.13,1.57
2015-05-11,0.02,0.02,0.62,2.28,3.03,0.13,1.66
2015-05-12,0.01,0.03,0.61,2.28,3.02,0.13,1.67
2015-05-13,0.02,0.02,0.59,2.27,3.07,0.13,1.68
2015-05-14,0.0,0.01,0.56,2.23,3.03,0.13,1.67
2015-05-15,0.02,0.02,0.55,2.14,2.93,0.13,1.59
2015-05-16,0.02,0.02,0.55,2.14,2.93,0.13,1.59
2015-05-17,0.02,0.02,0.55,2.14,2.93,0.13,1.59
2015-05-18,0.01,0.02,0.58,2.23,3.02,0.13,1.65
2015-05-19,0.02,0.02,0.63,2.27,3.05,0.12,1.64
2015-05-20,0.02,0.02,0.6,2.26,3.06,0.12,1.66
2015-05-21,0.02,0.02,0.6,2.19,2.98,0.12,1.59
2015-05-22,0.01,0.02,0.64,2.21,2.99,0.13,1.57
2015-05-23,0.01,0.02,0.64,2.21,2.99,0.13,1.57
2015-05-24,0.01,0.02,0.64,2.21,2.99,0.13,1.57
2015-05-25,0.01,0.02,0.64,2.21,2.99,0.13,1.57
2015-05-26,0.01,0.02,0.64,2.14,2.89,0.12,1.5
2015-05-27,0.02,0.01,0.64,2.14,2.88,0.12,1.5
2015-05-28,0.01,0.01,0.62,2.13,2.89,0.12,1.51
2015-05-29,0.01,0.01,0.61,2.12,2.88,0.08,1.51
2015-05-30,0.01,0.01,0.61,2.12,2.88,0.08,1.51
2015-05-31,0.01,0.01,0.61,2.12,2.88,0.08,1.51
2015-06-01,0.02,0.02,0.64,2.19,2.94,0.12,1.55
2015-06-02,0.02,0.01,0.64,2.27,3.02,0.12,1.63
2015-06-03,0.02,0.02,0.69,2.38,3.11,0.13,1.69
2015-06-04,0.02,0.02,0.66,2.31,3.03,0.13,1.65
2015-06-05,0.02,0.03,0.73,2.41,3.11,0.13,1.68
2015-06-06,0.02,0.03,0.73,2.41,3.11,0.13,1.68
2015-06-07,0.02,0.03,0.73,2.41,3.11,0.13,1.68
2015-06-08,0.01,0.02,0.7,2.39,3.11,0.13,1.69
2015-06-09,0.01,0.02,0.72,2.42,3.15,0.13,1.7
2015-06-10,0.01,0.02,0.75,2.5,3.22,0.13,1.75
2015-06-11,0.01,0.01,0.73,2.39,3.11,0.13,1.66
2015-06-12,0.01,0.02,0.74,2.39,3.1,0.13,1.65
2015-06-13,0.01,0.02,0.74,2.39,3.1,0.13,1.65
2015-06-14,0.01,0.02,0.74,2.39,3.1,0.13,1.65
2015-06-15,0.0,0.02,0.72,2.36,3.09,0.13,1.64
2015-06-16,0.0,0.01,0.71,2.32,3.06,0.14,1.61
2015-06-17,0.0,0.01,0.67,2.32,3.09,0.14,1.65
2015-06-18,0.0,0.01,0.66,2.35,3.14,0.14,1.69
2015-06-19,0.0,0.01,0.65,2.26,3.05,0.13,1.61
2015-06-20,0.0,0.01,0.65,2.26,3.05,0.13,1.61
2015-06-21,0.0,0.01,0.65,2.26,3.05,0.13,1.61
2015-06-22,0.0,0.01,0.68,2.37,3.16,0.13,1.69
2015-06-23,0.0,0.01,0.7,2.42,3.2,0.13,1.72
2015-06-24,0.0,0.01,0.68,2.38,3.16,0.13,1.7
2015-06-25,0.0,0.01,0.68,2.4,3.16,0.13,1.72
2015-06-26,0.0,0.01,0.72,2.49,3.25,0.13,1.77
2015-06-27,0.0,0.01,0.72,2.49,3.25,0.13,1.77
2015-06-28,0.0,0.01,0.72,2.49,3.25,0.13,1.77
2015-06-29,0.0,0.02,0.64,2.33,3.09,0.14,1.69
2015-06-30,0.02,0.01,0.64,2.35,3.11,0.08,1.71
2015-07-01,0.01,0.01,0.69,2.43,3.2,0.13,1.74
2015-07-02,0.01,0.01,0.64,2.4,3.19,0.13,1.76
2015-07-03,0.01,0.01,0.64,2.4,3.19,0.13,1.76
2015-07-04,0.01,0.01,0.64,2.4,3.19,0.13,1.76
2015-07-05,0.01,0.01,0.64,2.4,3.19,0.13,1.76
2015-07-06,0.01,0.02,0.6,2.3,3.08,0.13,1.7
2015-07-07,0.02,0.02,0.58,2.27,3.04,0.13,1.69
2015-07-08,0.02,0.02,0.55,2.22,2.99,0.13,1.67
2015-07-09,0.02,0.03,0.6,2.32,3.11,0.13,1.72
2015-07-10,0.01,0.01,0.65,2.42,3.2,0.13,1.77
2015-07-11,0.01,0.01,0.65,2.42,3.2,0.13,1.77
2015-07-12,0.01,0.01,0.65,2.42,3.2,0.13,1.77
2015-07-13,0.02,0.02,0.69,2.44,3.21,0.13,1.75
2015-07-14,0.03,0.01,0.66,2.41,3.2,0.13,1.75
2015-07-15,0.03,0.02,0.64,2.36,3.13,0.13,1.72
2015-07-16,0.03,0.02,0.67,2.36,3.11,0.14,1.69
2015-07-17,0.03,0.03,0.68,2.34,3.08,0.13,1.66
2015-07-18,0.03,0.03,0.68,2.34,3.08,0.13,1.66
2015-07-19,0.03,0.03,0.68,2.34,3.08,0.13,1.66
2015-07-20,0.03,0.04,0.71,2.38,3.1,0.14,1.67
2015-07-21,0.04,0.03,0.71,2.35,3.08,0.13,1.64
2015-07-22,0.04,0.04,0.75,2.33,3.04,0.13,1.58
2015-07-23,0.04,0.03,0.71,2.28,2.98,0.13,1.57
2015-07-24,0.04,0.04,0.7,2.27,2.96,0.13,1.57
2015-07-25,0.04,0.04,0.7,2.27,2.96,0.13,1.57
2015-07-26,0.04,0.04,0.7,2.27,2.96,0.13,1.57
2015-07-27,0.04,0.05,0.68,2.23,2.93,0.14,1.55
2015-07-28,0.05,0.05,0.69,2.26,2.96,0.14,1.57
2015-07-29,0.05,0.06,0.7,2.29,2.99,0.14,1.59
2015-07-30,0.05,0.07,0.72,2.28,2.96,0.14,1.56
2015-07-31,0.04,0.08,0.67,2.2,2.92,0.08,1.53
2015-08-01,0.04,0.08,0.67,2.2,2.92,0.08,1.53
2015-08-02,0.04,0.08,0.67,2.2,2.92,0.08,1.53
2015-08-03,0.03,0.08,0.68,2.16,2.86,0.14,1.48
2015-08-04,0.05,0.08,0.74,2.23,2.9,0.14,1.49
2015-08-05,0.05,0.08,0.73,2.28,2.94,0.14,1.55
2015-08-06,0.04,0.04,0.71,2.23,2.9,0.14,1.52
2015-08-07,0.03,0.06,0.73,2.18,2.83,0.14,1.45
2015-08-08,0.03,0.06,0.73,2.18,2.83,0.14,1.45
2015-08-09,0.03,0.06,0.73,2.18,2.83,0.14,1.45
2015-08-10,0.03,0.12,0.73,2.24,2.89,0.14,1.51
2015-08-11,0.06,0.1,0.68,2.15,2.81,0.15,1.47
2015-08-12,0.06,0.1,0.67,2.14,2.84,0.15,1.47
2015-08-13,0.06,0.1,0.72,2.19,2.86,0.15,1.47
2015-08-14,0.04,0.09,0.73,2.2,2.84,0.14,1.47
2015-08-15,0.04,0.09,0.73,2.2,2.84,0.14,1.47
2015-08-16,0.04,0.09,0.73,2.2,2.84,0.14,1.47
2015-08-17,0.03,0.1,0.72,2.16,2.81,0.15,1.44
2015-08-18,0.05,0.07,0.74,2.2,2.87,0.15,1.46
2015-08-19,0.05,0.05,0.67,2.12,2.81,0.15,1.45
2015-08-20,0.01,0.02,0.69,2.09,2.76,0.15,1.4
2015-08-21,0.02,0.03,0.64,2.05,2.74,0.15,1.41
2015-08-22,0.02,0.03,0.64,2.05,2.74,0.15,1.41
2015-08-23,0.02,0.03,0.64,2.05,2.74,0.15,1.41
2015-08-24,0.02,0.06,0.59,2.01,2.73,0.15,1.42
2015-08-25,0.04,0.07,0.67,2.12,2.84,0.15,1.45
2015-08-26,0.03,0.06,0.67,2.18,2.94,0.14,1.51
2015-08-27,0.02,0.06,0.68,2.18,2.93,0.14,1.5
2015-08-28,0.02,0.06,0.72,2.19,2.92,0.14,1.47
2015-08-29,0.02,0.06,0.72,2.19,2.92,0.14,1.47
2015-08-30,0.02,0.06,0.72,2.19,2.92,0.14,1.47
2015-08-31,0.0,0.08,0.74,2.21,2.95,0.08,1.47
2015-09-01,0.01,0.03,0.7,2.17,2.93,0.14,1.47
2015-09-02,0.01,0.03,0.72,2.2,2.97,0.14,1.48
2015-09-03,0.02,0.02,0.71,2.18,2.95,0.14,1.47
2015-09-04,0.02,0.02,0.71,2.13,2.89,0.14,1.42
2015-09-05,0.02,0.02,0.71,2.13,2.89,0.14,1.42
2015-09-06,0.02,0.02,0.71,2.13,2.89,0.14,1.42
2015-09-07,0.02,0.02,0.71,2.13,2.89,0.14,1.42
2015-09-08,0.02,0.06,0.74,2.2,2.97,0.14,1.46
2015-09-09,0.02,0.03,0.75,2.21,2.96,0.14,1.46
2015-09-10,0.02,0.02,0.75,2.23,2.98,0.14,1.48
2015-09-11,0.04,0.04,0.71,2.2,2.95,0.14,1.49
2015-09-12,0.04,0.04,0.71,2.2,2.95,0.14,1.49
2015-09-13,0.04,0.04,0.71,2.2,2.95,0.14,1.49
2015-09-14,0.02,0.07,0.73,2.18,2.95,0.14,1.45
2015-09-15,0.0,0.07,0.82,2.28,3.06,0.14,1.46
2015-09-16,0.0,0.06,0.82,2.3,3.08,0.14,1.48
2015-09-17,0.0,0.01,0.7,2.21,3.02,0.14,1.51
2015-09-18,0.0,0.0,0.69,2.13,2.93,0.14,1.44
2015-09-19,0.0,0.0,0.69,2.13,2.93,0.14,1.44
2015-09-20,0.0,0.0,0.69,2.13,2.93,0.14,1.44
2015-09-21,0.0,0.01,0.72,2.2,3.02,0.14,1.48
2015-09-22,0.0,0.0,0.69,2.14,2.94,0.14,1.45
2015-09-23,0.0,0.01,0.7,2.16,2.95,0.14,1.46
2015-09-24,0.0,0.01,0.67,2.13,2.91,0.14,1.46
2015-09-25,0.0,0.0,0.7,2.17,2.96,0.13,1.47
2015-09-26,0.0,0.0,0.7,2.17,2.96,0.13,1.47
2015-09-27,0.0,0.0,0.7,2.17,2.96,0.13,1.47
2015-09-28,0.0,0.01,0.67,2.1,2.87,0.13,1.43
2015-09-29,0.0,0.01,0.64,2.05,2.85,0.13,1.41
2015-09-30,0.0,0.0,0.64,2.06,2.87,0.07,1.42
2015-10-01,0.0,0.0,0.64,2.05,2.85,0.13,1.41
2015-10-02,0.0,0.0,0.58,1.99,2.82,0.13,1.41
2015-10-03,0.0,0.0,0.58,1.99,2.82,0.13,1.41
2015-10-04,0.0,0.0,0.58,1.99,2.82,0.13,1.41
2015-10-05,0.0,0.01,0.61,2.07,2.9,0.13,1.46
2015-10-06,0.0,0.0,0.61,2.05,2.88,0.13,1.44
2015-10-07,0.0,0.0,0.65,2.08,2.89,0.13,1.43
2015-10-08,0.0,0.0,0.65,2.12,2.96,0.13,1.47
2015-10-09,0.01,0.01,0.65,2.12,2.94,0.13,1.47
2015-10-10,0.01,0.01,0.65,2.12,2.94,0.13,1.47
2015-10-11,0.01,0.01,0.65,2.12,2.94,0.13,1.47
2015-10-12,0.01,0.01,0.65,2.12,2.94,0.13,1.47
2015-10-13,0.0,0.01,0.64,2.06,2.89,0.13,1.42
2015-10-14,0.0,0.0,0.57,1.99,2.84,0.13,1.42
2015-10-15,0.0,0.01,0.61,2.04,2.87,0.13,1.43
2015-10-16,0.03,0.01,0.61,2.04,2.87,0.13,1.43
2015-10-17,0.03,0.01,0.61,2.04,2.87,0.13,1.43
2015-10-18,0.03,0.01,0.61,2.04,2.87,0.13,1.43
2015-10-19,0.06,0.02,0.61,2.04,2.89,0.13,1.43
2015-10-20,0.08,0.02,0.66,2.08,2.92,0.13,1.42
2015-10-21,0.01,0.01,0.64,2.04,2.87,0.13,1.4
2015-10-22,0.02,0.0,0.61,2.04,2.87,0.12,1.43
2015-10-23,0.01,0.01,0.66,2.09,2.9,0.12,1.43
2015-10-24,0.01,0.01,0.66,2.09,2.9,0.12,1.43
2015-10-25,0.01,0.01,0.66,2.09,2.9,0.12,1.43
2015-10-26,0.01,0.02,0.66,2.07,2.87,0.12,1.41
2015-10-27,0.01,0.03,0.65,2.05,2.86,0.12,1.4
2015-10-28,0.03,0.04,0.73,2.1,2.87,0.12,1.37
2015-10-29,0.02,0.07,0.75,2.19,2.96,0.12,1.44
2015-10-30,0.01,0.08,0.75,2.16,2.93,0.07,1.41
2015-10-31,0.01,0.08,0.75,2.16,2.93,0.07,1.41
2015-11-01,0.01,0.08,0.75,2.16,2.93,0.07,1.41
2015-11-02,0.01,0.08,0.77,2.2,2.95,0.12,1.43
2015-11-03,0.07,0.06,0.8,2.23,3.0,0.12,1.43
2015-11-04,0.07,0.05,0.84,2.25,3.0,0.12,1.41
2015-11-05,0.04,0.05,0.85,2.26,3.01,0.12,1.41
2015-11-06,0.04,0.08,0.9,2.34,3.09,0.12,1.44
2015-11-07,0.04,0.08,0.9,2.34,3.09,0.12,1.44
2015-11-08,0.04,0.08,0.9,2.34,3.09,0.12,1.44
2015-11-09,0.06,0.14,0.89,2.36,3.12,0.12,1.47
2015-11-10,0.08,0.13,0.87,2.32,3.1,0.12,1.45
2015-11-11,0.08,0.13,0.87,2.32,3.1,0.12,1.45
2015-11-12,0.08,0.14,0.89,2.32,3.09,0.12,1.43
2015-11-13,0.03,0.14,0.86,2.28,3.06,0.12,1.42
2015-11-14,0.03,0.14,0.86,2.28,3.06,0.12,1.42
2015-11-15,0.03,0.14,0.86,2.28,3.06,0.12,1.42
2015-11-16,0.05,0.15,0.88,2.27,3.07,0.13,1.39
2015-11-17,0.07,0.14,0.86,2.25,3.04,0.13,1.39
2015-11-18,0.07,0.12,0.9,2.27,3.04,0.12,1.37
2015-11-19,0.06,0.11,0.91,2.24,3.0,0.12,1.33
2015-11-20,0.05,0.12,0.93,2.26,3.02,0.12,1.33
2015-11-21,0.05,0.12,0.93,2.26,3.02,0.12,1.33
2015-11-22,0.05,0.12,0.93,2.26,3.02,0.12,1.33
2015-11-23,0.06,0.14,0.94,2.25,3.0,0.12,1.31
2015-11-24,0.13,0.16,0.93,2.24,3.0,0.12,1.31
2015-11-25,0.14,0.19,0.93,2.23,3.0,0.12,1.3
2015-11-26,0.14,0.19,0.93,2.23,3.0,0.12,1.3
2015-11-27,0.13,0.18,0.92,2.22,3.0,0.12,1.3
2015-11-28,0.13,0.18,0.92,2.22,3.0,0.12,1.3
2015-11-29,0.13,0.18,0.92,2.22,3.0,0.12,1.3
2015-11-30,0.11,0.22,0.94,2.21,2.98,0.08,1.27
2015-12-01,0.19,0.21,0.91,2.15,2.91,0.13,1.24
2015-12-02,0.19,0.21,0.94,2.18,2.91,0.13,1.24
2015-12-03,0.18,0.21,0.96,2.33,3.07,0.13,1.37
2015-12-04,0.17,0.23,0.96,2.28,3.01,0.13,1.32
2015-12-05,0.17,0.23,0.96,2.28,3.01,0.13,1.32
2015-12-06,0.17,0.23,0.96,2.28,3.01,0.13,1.32
2015-12-07,0.21,0.29,0.94,2.23,2.95,0.13,1.29
2015-12-08,0.23,0.27,0.94,2.24,2.97,0.13,1.3
2015-12-09,0.19,0.26,0.93,2.22,2.97,0.14,1.29
2015-12-10,0.19,0.24,0.95,2.24,2.98,0.14,1.29
2015-12-11,0.15,0.23,0.88,2.13,2.87,0.14,1.25
2015-12-12,0.15,0.23,0.88,2.13,2.87,0.14,1.25
2015-12-13,0.15,0.23,0.88,2.13,2.87,0.14,1.25
2015-12-14,0.13,0.26,0.97,2.23,2.96,0.15,1.26
2015-12-15,0.21,0.25,0.98,2.28,3.0,0.15,1.3
2015-12-16,0.2,0.27,1.02,2.3,3.02,0.15,1.28
2015-12-17,0.18,0.23,1.0,2.24,2.94,0.37,1.24
2015-12-18,0.16,0.19,0.97,2.19,2.9,0.37,1.22
2015-12-19,0.16,0.19,0.97,2.19,2.9,0.37,1.22
2015-12-20,0.16,0.19,0.97,2.19,2.9,0.37,1.22
2015-12-21,0.14,0.24,0.96,2.2,2.92,0.36,1.24
2015-12-22,0.19,0.21,0.99,2.24,2.96,0.36,1.25
2015-12-23,0.19,0.2,1.01,2.27,3.0,0.36,1.26
2015-12-24,0.15,0.2,1.03,2.25,2.96,0.36,1.22
2015-12-25,0.15,0.2,1.03,2.25,2.96,0.36,1.22
2015-12-26,0.15,0.2,1.03,2.25,2.96,0.36,1.22
2015-12-27,0.15,0.2,1.03,2.25,2.96,0.36,1.22
2015-12-28,0.13,0.23,1.05,2.24,2.95,0.36,1.19
2015-12-29,0.18,0.23,1.09,2.32,3.04,0.36,1.23
2015-12-30,0.08,0.21,1.08,2.31,3.04,0.35,1.23
2015-12-31,0.14,0.16,1.06,2.27,3.01,0.2,1.21
2016-01-01,0.14,0.16,1.06,2.27,3.01,0.2,1.21
2016-01-02,0.14,0.16,1.06,2.27,3.01,0.2,1.21
2016-01-03,0.14,0.16,1.06,2.27,3.01,0.2,1.21
2016-01-04,0.17,0.22,1.02,2.24,2.98,0.36,1.22
2016-01-05,0.2,0.2,1.04,2.25,3.01,0.36,1.21
2016-01-06,0.21,0.21,0.99,2.18,2.94,0.36,1.19
2016-01-07,0.2,0.2,0.96,2.16,2.92,0.36,1.2
2016-01-08,0.2,0.2,0.94,2.13,2.91,0.36,1.19
2016-01-09,0.2,0.2,0.94,2.13,2.91,0.36,1.19
2016-01-10,0.2,0.2,0.94,2.13,2.91,0.36,1.19
2016-01-11,0.19,0.21,0.94,2.17,2.96,0.36,1.23
2016-01-12,0.22,0.21,0.93,2.12,2.89,0.36,1.19
2016-01-13,0.22,0.22,0.91,2.08,2.85,0.36,1.17
2016-01-14,0.22,0.25,0.9,2.1,2.9,0.36,1.2
2016-01-15,0.19,0.24,0.85,2.03,2.81,0.36,1.18
2016-01-16,0.19,0.24,0.85,2.03,2.81,0.36,1.18
2016-01-17,0.19,0.24,0.85,2.03,2.81,0.36,1.18
2016-01-18,0.19,0.24,0.85,2.03,2.81,0.36,1.18
2016-01-19,0.21,0.26,0.88,2.06,2.82,0.36,1.18
2016-01-20,0.26,0.26,0.85,2.01,2.77,0.37,1.16
2016-01-21,0.27,0.28,0.84,2.02,2.79,0.37,1.18
2016-01-22,0.26,0.31,0.88,2.07,2.83,0.38,1.19
2016-01-23,0.26,0.31,0.88,2.07,2.83,0.38,1.19
2016-01-24,0.26,0.31,0.88,2.07,2.83,0.38,1.19
2016-01-25,0.25,0.31,0.88,2.03,2.8,0.38,1.15
2016-01-26,0.29,0.31,0.85,2.01,2.79,0.38,1.16
2016-01-27,0.28,0.32,0.84,2.02,2.8,0.38,1.18
2016-01-28,0.26,0.35,0.83,2.0,2.79,0.38,1.17
2016-01-29,0.22,0.33,0.76,1.94,2.75,0.29,1.18
2016-01-30,0.22,0.33,0.76,1.94,2.75,0.29,1.18
2016-01-31,0.22,0.33,0.76,1.94,2.75,0.29,1.18
2016-02-01,0.19,0.35,0.81,1.97,2.77,0.38,1.16
2016-02-02,0.26,0.34,0.75,1.87,2.67,0.38,1.12
2016-02-03,0.27,0.33,0.72,1.88,2.7,0.38,1.16
2016-02-04,0.24,0.29,0.7,1.87,2.7,0.38,1.17
2016-02-05,0.23,0.3,0.74,1.86,2.68,0.38,1.12
2016-02-06,0.23,0.3,0.74,1.86,2.68,0.38,1.12
2016-02-07,0.23,0.3,0.74,1.86,2.68,0.38,1.12
2016-02-08,0.21,0.32,0.66,1.75,2.56,0.38,1.09
2016-02-09,0.27,0.3,0.69,1.74,2.55,0.38,1.05
2016-02-10,0.27,0.31,0.71,1.71,2.53,0.38,1.0
2016-02-11,0.27,0.28,0.64,1.63,2.5,0.38,0.99
2016-02-12,0.26,0.3,0.71,1.74,2.6,0.38,1.03
2016-02-13,0.26,0.3,0.71,1.74,2.6,0.38,1.03
2016-02-14,0.26,0.3,0.71,1.74,2.6,0.38,1.03
2016-02-15,0.26,0.3,0.71,1.74,2.6,0.38,1.03
2016-02-16,0.23,0.3,0.74,1.78,2.64,0.38,1.04
2016-02-17,0.28,0.3,0.74,1.81,2.68,0.37,1.07
2016-02-18,0.28,0.3,0.71,1.75,2.62,0.38,1.04
2016-02-19,0.26,0.31,0.76,1.76,2.61,0.38,1.0
2016-02-20,0.26,0.31,0.76,1.76,2.61,0.38,1.0
2016-02-21,0.26,0.31,0.76,1.76,2.61,0.38,1.0
2016-02-22,0.28,0.33,0.78,1.77,2.62,0.38,0.99
2016-02-23,0.28,0.32,0.76,1.74,2.6,0.38,0.98
2016-02-24,0.28,0.33,0.75,1.75,2.61,0.38,1.0
2016-02-25,0.27,0.32,0.72,1.71,2.58,0.37,0.99
2016-02-26,0.26,0.33,0.8,1.76,2.63,0.37,0.96
2016-02-27,0.26,0.33,0.8,1.76,2.63,0.37,0.96
2016-02-28,0.26,0.33,0.8,1.76,2.63,0.37,0.96
2016-02-29,0.23,0.33,0.78,1.74,2.61,0.29,0.96
2016-03-01,0.29,0.33,0.85,1.83,2.7,0.36,0.98
2016-03-02,0.28,0.36,0.85,1.84,2.69,0.37,0.99
2016-03-03,0.25,0.28,0.85,1.83,2.65,0.37,0.98
2016-03-04,0.25,0.29,0.88,1.88,2.7,0.36,1.0
2016-03-05,0.25,0.29,0.88,1.88,2.7,0.36,1.0
2016-03-06,0.25,0.29,0.88,1.88,2.7,0.36,1.0
2016-03-07,0.27,0.32,0.91,1.91,2.71,0.36,1.0
2016-03-08,0.27,0.29,0.88,1.83,2.63,0.36,0.95
2016-03-09,0.27,0.3,0.9,1.9,2.68,0.36,1.0
2016-03-10,0.27,0.32,0.93,1.93,2.7,0.36,1.0
2016-03-11,0.27,0.33,0.97,1.98,2.75,0.36,1.01
2016-03-12,0.27,0.33,0.97,1.98,2.75,0.36,1.01
2016-03-13,0.27,0.33,0.97,1.98,2.75,0.36,1.01
2016-03-14,0.28,0.34,0.97,1.97,2.74,0.36,1.0
2016-03-15,0.29,0.34,0.98,1.97,2.73,0.37,0.99
2016-03-16,0.28,0.31,0.87,1.94,2.73,0.37,1.07
2016-03-17,0.29,0.29,0.87,1.91,2.69,0.37,1.04
2016-03-18,0.27,0.3,0.84,1.88,2.68,0.37,1.04
2016-03-19,0.27,0.3,0.84,1.88,2.68,0.37,1.04
2016-03-20,0.27,0.3,0.84,1.88,2.68,0.37,1.04
2016-03-21,0.26,0.31,0.87,1.92,2.72,0.37,1.05
2016-03-22,0.28,0.3,0.91,1.94,2.72,0.37,1.03
2016-03-23,0.27,0.3,0.87,1.88,2.65,0.37,1.01
2016-03-24,0.24,0.3,0.89,1.91,2.67,0.37,1.02
2016-03-25,0.24,0.3,0.89,1.91,2.67,0.37,1.02
2016-03-26,0.24,0.3,0.89,1.91,2.67,0.37,1.02
2016-03-27,0.24,0.3,0.89,1.91,2.67,0.37,1.02
2016-03-28,0.19,0.29,0.89,1.89,2.66,0.37,1.0
2016-03-29,0.18,0.23,0.78,1.81,2.6,0.37,1.03
2016-03-30,0.14,0.2,0.76,1.83,2.65,0.37,1.07
2016-03-31,0.18,0.21,0.73,1.78,2.61,0.25,1.05
2016-04-01,0.2,0.23,0.76,1.79,2.62,0.37,1.03
2016-04-02,0.2,0.23,0.76,1.79,2.62,0.37,1.03
2016-04-03,0.2,0.23,0.76,1.79,2.62,0.37,1.03
2016-04-04,0.18,0.23,0.75,1.78,2.6,0.37,1.03
2016-04-05,0.19,0.23,0.72,1.73,2.54,0.37,1.01
2016-04-06,0.19,0.23,0.73,1.76,2.58,0.37,1.03
2016-04-07,0.2,0.23,0.7,1.7,2.52,0.37,1.0
2016-04-08,0.2,0.23,0.7,1.72,2.55,0.37,1.02
2016-04-09,0.2,0.23,0.7,1.72,2.55,0.37,1.02
2016-04-10,0.2,0.23,0.7,1.72,2.55,0.37,1.02
2016-04-11,0.19,0.23,0.7,1.73,2.56,0.37,1.03
2016-04-12,0.21,0.22,0.74,1.79,2.61,0.37,1.05
2016-04-13,0.21,0.23,0.75,1.77,2.58,0.37,1.02
2016-04-14,0.21,0.22,0.77,1.8,2.61,0.37,1.03
2016-04-15,0.19,0.22,0.74,1.76,2.56,0.37,1.02
2016-04-16,0.19,0.22,0.74,1.76,2.56,0.37,1.02
2016-04-17,0.19,0.22,0.74,1.76,2.56,0.37,1.02
2016-04-18,0.16,0.22,0.75,1.78,2.58,0.37,1.03
2016-04-19,0.18,0.21,0.77,1.79,2.6,0.37,1.02
2016-04-20,0.18,0.23,0.8,1.85,2.66,0.37,1.05
2016-04-21,0.19,0.23,0.82,1.88,2.69,0.37,1.06
2016-04-22,0.19,0.23,0.84,1.89,2.7,0.37,1.05
2016-04-23,0.19,0.23,0.84,1.89,2.7,0.37,1.05
2016-04-24,0.19,0.23,0.84,1.89,2.7,0.37,1.05
2016-04-25,0.17,0.25,0.85,1.91,2.72,0.37,1.06
2016-04-26,0.19,0.24,0.86,1.94,2.76,0.37,1.08
2016-04-27,0.18,0.24,0.83,1.87,2.71,0.37,1.04
2016-04-28,0.17,0.22,0.78,1.84,2.68,0.37,1.06
2016-04-29,0.16,0.22,0.77,1.83,2.66,0.3,1.06
2016-04-30,0.16,0.22,0.77,1.83,2.66,0.3,1.06
2016-05-01,0.16,0.22,0.77,1.83,2.66,0.3,1.06
2016-05-02,0.11,0.22,0.8,1.88,2.71,0.37,1.08
2016-05-03,0.18,0.21,0.75,1.81,2.66,0.37,1.06
2016-05-04,0.18,0.19,0.75,1.79,2.64,0.37,1.04
2016-05-05,0.2,0.2,0.72,1.76,2.6,0.37,1.04
2016-05-06,0.2,0.19,0.74,1.79,2.62,0.37,1.05
2016-05-07,0.2,0.19,0.74,1.79,2.62,0.37,1.05
2016-05-08,0.2,0.19,0.74,1.79,2.62,0.37,1.05
2016-05-09,0.21,0.24,0.72,1.77,2.61,0.37,1.05
2016-05-10,0.25,0.24,0.72,1.77,2.61,0.37,1.05
2016-05-11,0.25,0.26,0.74,1.73,2.58,0.37,0.99
2016-05-12,0.25,0.27,0.76,1.75,2.6,0.37,0.99
2016-05-13,0.25,0.29,0.76,1.71,2.55,0.37,0.95
2016-05-14,0.25,0.29,0.76,1.71,2.55,0.37,0.95
2016-05-15,0.25,0.29,0.76,1.71,2.55,0.37,0.95
2016-05-16,0.21,0.28,0.79,1.75,2.59,0.37,0.96
2016-05-17,0.25,0.28,0.82,1.76,2.59,0.37,0.94
2016-05-18,0.25,0.3,0.9,1.87,2.67,0.37,0.97
2016-05-19,0.25,0.31,0.89,1.85,2.64,0.37,0.96
2016-05-20,0.26,0.33,0.89,1.85,2.63,0.37,0.96
2016-05-21,0.26,0.33,0.89,1.85,2.63,0.37,0.96
2016-05-22,0.26,0.33,0.89,1.85,2.63,0.37,0.96
2016-05-23,0.26,0.35,0.91,1.84,2.63,0.37,0.93
2016-05-24,0.28,0.35,0.92,1.86,2.65,0.37,0.94
2016-05-25,0.24,0.33,0.92,1.87,2.67,0.37,0.95
2016-05-26,0.17,0.31,0.87,1.83,2.64,0.37,0.96
2016-05-27,0.23,0.32,0.9,1.85,2.65,0.37,0.95
2016-05-28,0.23,0.32,0.9,1.85,2.65,0.37,0.95
2016-05-29,0.23,0.32,0.9,1.85,2.65,0.37,0.95
2016-05-30,0.23,0.32,0.9,1.85,2.65,0.37,0.95
2016-05-31,0.27,0.34,0.87,1.84,2.64,0.29,0.97
2016-06-01,0.27,0.3,0.91,1.85,2.63,0.37,0.94
2016-06-02,0.19,0.29,0.89,1.81,2.58,0.37,0.92
2016-06-03,0.19,0.3,0.78,1.71,2.52,0.37,0.93
2016-06-04,0.19,0.3,0.78,1.71,2.52,0.37,0.93
2016-06-05,0.19,0.3,0.78,1.71,2.52,0.37,0.93
2016-06-06,0.19,0.28,0.8,1.73,2.55,0.37,0.93
2016-06-07,0.2,0.28,0.78,1.72,2.54,0.37,0.94
2016-06-08,0.2,0.24,0.78,1.71,2.51,0.37,0.93
2016-06-09,0.21,0.26,0.77,1.68,2.48,0.37,0.91
2016-06-10,0.18,0.26,0.73,1.64,2.44,0.37,0.91
2016-06-11,0.18,0.26,0.73,1.64,2.44,0.37,0.91
2016-06-12,0.18,0.26,0.73,1.64,2.44,0.37,0.91
2016-06-13,0.23,0.27,0.73,1.62,2.43,0.37,0.89
2016-06-14,0.24,0.27,0.74,1.62,2.43,0.37,0.88
2016-06-15,0.23,0.26,0.69,1.6,2.43,0.37,0.91
2016-06-16,0.23,0.27,0.7,1.57,2.39,0.38,0.87
2016-06-17,0.22,0.27,0.7,1.62,2.43,0.38,0.92
2016-06-18,0.22,0.27,0.7,1.62,2.43,0.38,0.92
2016-06-19,0.22,0.27,0.7,1.62,2.43,0.38,0.92
2016-06-20,0.23,0.28,0.74,1.67,2.47,0.38,0.93
2016-06-21,0.25,0.27,0.76,1.71,2.5,0.38,0.95
2016-06-22,0.25,0.27,0.75,1.69,2.5,0.38,0.94
2016-06-23,0.27,0.31,0.78,1.74,2.55,0.39,0.96
2016-06-24,0.24,0.27,0.64,1.57,2.42,0.4,0.93
2016-06-25,0.24,0.27,0.64,1.57,2.42,0.4,0.93
2016-06-26,0.24,0.27,0.64,1.57,2.42,0.4,0.93
2016-06-27,0.22,0.27,0.61,1.46,2.28,0.41,0.85
2016-06-28,0.25,0.26,0.61,1.46,2.27,0.41,0.85
2016-06-29,0.18,0.26,0.62,1.5,2.3,0.41,0.88
2016-06-30,0.2,0.26,0.58,1.49,2.3,0.3,0.91
2016-07-01,0.24,0.28,0.59,1.46,2.24,0.41,0.87
2016-07-02,0.24,0.28,0.59,1.46,2.24,0.41,0.87
2016-07-03,0.24,0.28,0.59,1.46,2.24,0.41,0.87
2016-07-04,0.24,0.28,0.59,1.46,2.24,0.41,0.87
2016-07-05,0.27,0.28,0.56,1.37,2.14,0.4,0.81
2016-07-06,0.26,0.27,0.58,1.38,2.14,0.4,0.8
2016-07-07,0.27,0.29,0.58,1.4,2.14,0.4,0.82
2016-07-08,0.26,0.28,0.61,1.37,2.11,0.4,0.76
2016-07-09,0.26,0.28,0.61,1.37,2.11,0.4,0.76
2016-07-10,0.26,0.28,0.61,1.37,2.11,0.4,0.76
2016-07-11,0.28,0.31,0.66,1.43,2.14,0.4,0.77
2016-07-12,0.29,0.29,0.69,1.53,2.24,0.4,0.84
2016-07-13,0.29,0.31,0.68,1.48,2.18,0.4,0.8
2016-07-14,0.29,0.32,0.68,1.53,2.25,0.4,0.85
2016-07-15,0.27,0.32,0.71,1.6,2.3,0.4,0.89
2016-07-16,0.27,0.32,0.71,1.6,2.3,0.4,0.89
2016-07-17,0.27,0.32,0.71,1.6,2.3,0.4,0.89
2016-07-18,0.26,0.32,0.68,1.59,2.3,0.4,0.91
2016-07-19,0.29,0.31,0.7,1.56,2.27,0.4,0.86
2016-07-20,0.28,0.32,0.73,1.59,2.3,0.4,0.86
2016-07-21,0.28,0.32,0.7,1.57,2.29,0.4,0.87
2016-07-22,0.29,0.33,0.71,1.57,2.29,0.4,0.86
2016-07-23,0.29,0.33,0.71,1.57,2.29,0.4,0.86
2016-07-24,0.29,0.33,0.71,1.57,2.29,0.4,0.86
2016-07-25,0.28,0.32,0.72,1.58,2.29,0.4,0.86
2016-07-26,0.24,0.31,0.75,1.57,2.28,0.4,0.82
2016-07-27,0.25,0.31,0.73,1.52,2.23,0.4,0.79
2016-07-28,0.19,0.25,0.72,1.52,2.23,0.4,0.8
2016-07-29,0.19,0.28,0.67,1.46,2.18,0.3,0.79
2016-07-30,0.19,0.28,0.67,1.46,2.18,0.3,0.79
2016-07-31,0.19,0.28,0.67,1.46,2.18,0.3,0.79
2016-08-01,0.2,0.29,0.67,1.51,2.24,0.4,0.84
2016-08-02,0.28,0.29,0.67,1.55,2.29,0.4,0.88
2016-08-03,0.26,0.28,0.67,1.55,2.29,0.4,0.88
2016-08-04,0.24,0.26,0.64,1.51,2.25,0.4,0.87
2016-08-05,0.23,0.28,0.72,1.59,2.32,0.4,0.87
2016-08-06,0.23,0.28,0.72,1.59,2.32,0.4,0.87
2016-08-07,0.23,0.28,0.72,1.59,2.32,0.4,0.87
2016-08-08,0.27,0.31,0.74,1.59,2.3,0.4,0.85
2016-08-09,0.27,0.29,0.71,1.55,2.25,0.4,0.84
2016-08-10,0.27,0.28,0.69,1.5,2.23,0.4,0.81
2016-08-11,0.27,0.28,0.76,1.57,2.28,0.4,0.81
2016-08-12,0.27,0.29,0.71,1.51,2.23,0.4,0.8
2016-08-13,0.27,0.29,0.71,1.51,2.23,0.4,0.8
2016-08-14,0.27,0.29,0.71,1.51,2.23,0.4,0.8
2016-08-15,0.26,0.31,0.72,1.55,2.27,0.4,0.83
2016-08-16,0.27,0.27,0.76,1.57,2.29,0.4,0.81
2016-08-17,0.27,0.3,0.74,1.56,2.27,0.4,0.82
2016-08-18,0.27,0.3,0.71,1.53,2.26,0.4,0.82
2016-08-19,0.27,0.3,0.76,1.58,2.29,0.4,0.82
2016-08-20,0.27,0.3,0.76,1.58,2.29,0.4,0.82
2016-08-21,0.27,0.3,0.76,1.58,2.29,0.4,0.82
2016-08-22,0.24,0.29,0.76,1.55,2.24,0.4,0.79
2016-08-23,0.28,0.3,0.74,1.55,2.24,0.4,0.81
2016-08-24,0.28,0.31,0.76,1.56,2.24,0.4,0.8
2016-08-25,0.28,0.33,0.78,1.58,2.27,0.4,0.8
2016-08-26,0.28,0.34,0.84,1.62,2.29,0.4,0.78
2016-08-27,0.28,0.34,0.84,1.62,2.29,0.4,0.78
2016-08-28,0.28,0.34,0.84,1.62,2.29,0.4,0.78
2016-08-29,0.25,0.33,0.81,1.57,2.22,0.4,0.76
2016-08-30,0.23,0.33,0.8,1.57,2.23,0.4,0.77
2016-08-31,0.26,0.33,0.8,1.58,2.23,0.3,0.78
2016-09-01,0.27,0.33,0.78,1.57,2.23,0.4,0.79
2016-09-02,0.25,0.33,0.8,1.6,2.28,0.4,0.8
2016-09-03,0.25,0.33,0.8,1.6,2.28,0.4,0.8
2016-09-04,0.25,0.33,0.8,1.6,2.28,0.4,0.8
2016-09-05,0.25,0.33,0.8,1.6,2.28,0.4,0.8
2016-09-06,0.24,0.32,0.74,1.55,2.24,0.4,0.81
2016-09-07,0.25,0.34,0.74,1.54,2.23,0.4,0.8
2016-09-08,0.26,0.35,0.78,1.61,2.32,0.4,0.83
2016-09-09,0.24,0.35,0.79,1.67,2.39,0.4,0.88
2016-09-10,0.24,0.35,0.79,1.67,2.39,0.4,0.88
2016-09-11,0.24,0.35,0.79,1.67,2.39,0.4,0.88
2016-09-12,0.24,0.37,0.79,1.68,2.4,0.4,0.89
2016-09-13,0.25,0.36,0.8,1.73,2.47,0.4,0.93
2016-09-14,0.24,0.33,0.77,1.7,2.44,0.4,0.93
2016-09-15,0.2,0.29,0.74,1.71,2.48,0.4,0.97
2016-09-16,0.2,0.3,0.77,1.7,2.44,0.4,0.93
2016-09-17,0.2,0.3,0.77,1.7,2.44,0.4,0.93
2016-09-18,0.2,0.3,0.77,1.7,2.44,0.4,0.93
2016-09-19,0.16,0.3,0.79,1.7,2.45,0.4,0.91
2016-09-20,0.17,0.3,0.79,1.69,2.43,0.4,0.9
2016-09-21,0.12,0.22,0.79,1.66,2.39,0.4,0.87
2016-09-22,0.1,0.18,0.79,1.63,2.34,0.4,0.84
2016-09-23,0.09,0.18,0.77,1.62,2.34,0.4,0.85
2016-09-24,0.09,0.18,0.77,1.62,2.34,0.4,0.85
2016-09-25,0.09,0.18,0.77,1.62,2.34,0.4,0.85
2016-09-26,0.12,0.25,0.76,1.59,2.32,0.4,0.83
2016-09-27,0.16,0.26,0.75,1.56,2.28,0.4,0.81
2016-09-28,0.14,0.27,0.75,1.57,2.29,0.4,0.82
2016-09-29,0.12,0.26,0.73,1.56,2.28,0.4,0.83
2016-09-30,0.2,0.29,0.77,1.6,2.32,0.29,0.83
2016-10-01,0.2,0.29,0.77,1.6,2.32,0.29,0.83
2016-10-02,0.2,0.29,0.77,1.6,2.32,0.29,0.83
2016-10-03,0.25,0.32,0.8,1.63,2.34,0.4,0.83
2016-10-04,0.28,0.33,0.82,1.69,2.4,0.4,0.87
2016-10-05,0.26,0.32,0.85,1.72,2.44,0.4,0.87
2016-10-06,0.26,0.33,0.86,1.75,2.46,0.4,0.89
2016-10-07,0.26,0.33,0.83,1.73,2.46,0.4,0.9
2016-10-08,0.26,0.33,0.83,1.73,2.46,0.4,0.9
2016-10-09,0.26,0.33,0.83,1.73,2.46,0.4,0.9
2016-10-10,0.26,0.33,0.83,1.73,2.46,0.4,0.9
2016-10-11,0.27,0.35,0.87,1.77,2.5,0.41,0.9
2016-10-12,0.26,0.37,0.87,1.79,2.51,0.41,0.92
2016-10-13,0.26,0.3,0.85,1.75,2.48,0.41,0.9
2016-10-14,0.26,0.32,0.84,1.8,2.55,0.41,0.96
2016-10-15,0.26,0.32,0.84,1.8,2.55,0.41,0.96
2016-10-16,0.26,0.32,0.84,1.8,2.55,0.41,0.96
2016-10-17,0.24,0.34,0.81,1.77,2.52,0.41,0.96
2016-10-18,0.26,0.34,0.82,1.75,2.51,0.41,0.93
2016-10-19,0.25,0.35,0.81,1.76,2.51,0.41,0.95
2016-10-20,0.25,0.35,0.84,1.76,2.5,0.41,0.92
2016-10-21,0.25,0.34,0.84,1.74,2.48,0.41,0.9
2016-10-22,0.25,0.34,0.84,1.74,2.48,0.41,0.9
2016-10-23,0.25,0.34,0.84,1.74,2.48,0.41,0.9
2016-10-24,0.23,0.33,0.84,1.77,2.52,0.41,0.93
2016-10-25,0.22,0.34,0.86,1.77,2.5,0.41,0.91
2016-10-26,0.25,0.33,0.86,1.79,2.53,0.41,0.93
2016-10-27,0.19,0.3,0.87,1.85,2.6,0.41,0.98
2016-10-28,0.18,0.3,0.86,1.86,2.62,0.41,1.0
2016-10-29,0.18,0.3,0.86,1.86,2.62,0.41,1.0
2016-10-30,0.18,0.3,0.86,1.86,2.62,0.41,1.0
2016-10-31,0.2,0.34,0.86,1.84,2.58,0.31,0.98
2016-11-01,0.24,0.35,0.83,1.83,2.58,0.41,1.0
2016-11-02,0.24,0.37,0.81,1.81,2.56,0.41,1.0
2016-11-03,0.24,0.38,0.81,1.82,2.6,0.41,1.01
2016-11-04,0.25,0.38,0.8,1.79,2.56,0.41,0.99
2016-11-05,0.25,0.38,0.8,1.79,2.56,0.41,0.99
2016-11-06,0.25,0.38,0.8,1.79,2.56,0.41,0.99
2016-11-07,0.28,0.41,0.82,1.83,2.6,0.41,1.01
2016-11-08,0.28,0.43,0.87,1.88,2.63,0.41,1.01
2016-11-09,0.3,0.45,0.9,2.07,2.88,0.41,1.17
2016-11-10,0.3,0.48,0.92,2.15,2.94,0.41,1.23
2016-11-11,0.3,0.48,0.92,2.15,2.94,0.41,1.23
2016-11-12,0.3,0.48,0.92,2.15,2.94,0.41,1.23
2016-11-13,0.3,0.48,0.92,2.15,2.94,0.41,1.23
2016-11-14,0.32,0.55,1.0,2.23,2.99,0.41,1.23
2016-11-15,0.3,0.51,1.02,2.23,2.97,0.41,1.21
2016-11-16,0.32,0.47,1.0,2.22,2.92,0.41,1.22
2016-11-17,0.3,0.44,1.04,2.29,3.01,0.41,1.25
2016-11-18,0.28,0.44,1.07,2.34,3.01,0.41,1.27
2016-11-19,0.28,0.44,1.07,2.34,3.01,0.41,1.27
2016-11-20,0.28,0.44,1.07,2.34,3.01,0.41,1.27
2016-11-21,0.28,0.46,1.08,2.33,3.0,0.41,1.25
2016-11-22,0.34,0.49,1.07,2.31,3.0,0.41,1.24
2016-11-23,0.35,0.51,1.12,2.36,3.02,0.41,1.24
2016-11-24,0.35,0.51,1.12,2.36,3.02,0.41,1.24
2016-11-25,0.34,0.49,1.12,2.36,3.01,0.41,1.24
2016-11-26,0.34,0.49,1.12,2.36,3.01,0.41,1.24
2016-11-27,0.34,0.49,1.12,2.36,3.01,0.41,1.24
2016-11-28,0.32,0.48,1.11,2.32,2.99,0.41,1.21
2016-11-29,0.34,0.48,1.09,2.3,2.95,0.41,1.21
2016-11-30,0.38,0.48,1.11,2.37,3.02,0.31,1.26
2016-12-01,0.32,0.48,1.14,2.45,3.1,0.41,1.31
2016-12-02,0.34,0.49,1.11,2.4,3.08,0.41,1.29
2016-12-03,0.34,0.49,1.11,2.4,3.08,0.41,1.29
2016-12-04,0.34,0.49,1.11,2.4,3.08,0.41,1.29
2016-12-05,0.34,0.49,1.13,2.39,3.05,0.41,1.26
2016-12-06,0.35,0.49,1.12,2.39,3.08,0.41,1.27
2016-12-07,0.38,0.52,1.1,2.34,3.02,0.41,1.24
2016-12-08,0.39,0.51,1.12,2.4,3.1,0.41,1.28
2016-12-09,0.41,0.54,1.15,2.47,3.16,0.41,1.32
2016-12-10,0.41,0.54,1.15,2.47,3.16,0.41,1.32
2016-12-11,0.41,0.54,1.15,2.47,3.16,0.41,1.32
2016-12-12,0.42,0.51,1.15,2.49,3.16,0.41,1.34
2016-12-13,0.47,0.54,1.17,2.48,3.14,0.41,1.31
2016-12-14,0.49,0.55,1.27,2.54,3.14,0.41,1.27
2016-12-15,0.48,0.51,1.29,2.6,3.16,0.66,1.31
2016-12-16,0.46,0.51,1.28,2.6,3.19,0.66,1.32
2016-12-17,0.46,0.51,1.28,2.6,3.19,0.66,1.32
2016-12-18,0.46,0.51,1.28,2.6,3.19,0.66,1.32
2016-12-19,0.45,0.52,1.24,2.54,3.12,0.66,1.3
2016-12-20,0.48,0.52,1.25,2.57,3.15,0.66,1.32
2016-12-21,0.46,0.52,1.21,2.55,3.12,0.66,1.34
2016-12-22,0.42,0.51,1.22,2.55,3.12,0.66,1.33
2016-12-23,0.42,0.52,1.22,2.55,3.12,0.66,1.33
2016-12-24,0.42,0.52,1.22,2.55,3.12,0.66,1.33
2016-12-25,0.42,0.52,1.22,2.55,3.12,0.66,1.33
2016-12-26,0.42,0.52,1.22,2.55,3.12,0.66,1.33
2016-12-27,0.5,0.51,1.28,2.57,3.14,0.66,1.29
2016-12-28,0.48,0.53,1.26,2.51,3.09,0.66,1.25
2016-12-29,0.39,0.47,1.22,2.49,3.08,0.66,1.27
2016-12-30,0.44,0.51,1.2,2.45,3.06,0.55,1.25
2016-12-31,0.44,0.51,1.2,2.45,3.06,0.55,1.25
2017-01-01,0.44,0.51,1.2,2.45,3.06,0.55,1.25
2017-01-02,0.44,0.51,1.2,2.45,3.06,0.55,1.25
2017-01-03,0.52,0.53,1.22,2.45,3.04,0.66,1.23
2017-01-04,0.49,0.53,1.24,2.46,3.05,0.66,1.22
2017-01-05,0.51,0.52,1.17,2.37,2.96,0.66,1.2
2017-01-06,0.5,0.53,1.22,2.42,3.0,0.66,1.2
2017-01-07,0.5,0.53,1.22,2.42,3.0,0.66,1.2
2017-01-08,0.5,0.53,1.22,2.42,3.0,0.66,1.2
2017-01-09,0.5,0.5,1.21,2.38,2.97,0.66,1.17
2017-01-10,0.51,0.52,1.19,2.38,2.97,0.66,1.19
2017-01-11,0.51,0.52,1.2,2.38,2.96,0.66,1.18
2017-01-12,0.52,0.52,1.18,2.36,3.01,0.66,1.18
2017-01-13,0.52,0.53,1.21,2.4,2.99,0.66,1.19
2017-01-14,0.52,0.53,1.21,2.4,2.99,0.66,1.19
2017-01-15,0.52,0.53,1.21,2.4,2.99,0.66,1.19
2017-01-16,0.52,0.53,1.21,2.4,2.99,0.66,1.19
2017-01-17,0.52,0.55,1.17,2.33,2.93,0.66,1.16
2017-01-18,0.48,0.53,1.23,2.42,3.0,0.66,1.19
2017-01-19,0.47,0.52,1.25,2.47,3.04,0.66,1.22
2017-01-20,0.46,0.5,1.2,2.48,3.05,0.66,1.28
2017-01-21,0.46,0.5,1.2,2.48,3.05,0.66,1.28
2017-01-22,0.46,0.5,1.2,2.48,3.05,0.66,1.28
2017-01-23,0.46,0.51,1.16,2.41,2.99,0.66,1.25
2017-01-24,0.5,0.51,1.21,2.47,3.05,0.66,1.26
2017-01-25,0.48,0.5,1.23,2.53,3.1,0.66,1.3
2017-01-26,0.49,0.51,1.21,2.51,3.08,0.66,1.3
2017-01-27,0.49,0.52,1.22,2.49,3.06,0.66,1.27
2017-01-28,0.49,0.52,1.22,2.49,3.06,0.66,1.27
2017-01-29,0.49,0.52,1.22,2.49,3.06,0.66,1.27
2017-01-30,0.49,0.51,1.22,2.49,3.08,0.66,1.27
2017-01-31,0.5,0.52,1.19,2.45,3.05,0.56,1.26
2017-02-01,0.5,0.51,1.22,2.48,3.08,0.66,1.26
2017-02-02,0.5,0.52,1.21,2.48,3.09,0.66,1.27
2017-02-03,0.49,0.51,1.21,2.49,3.11,0.66,1.28
2017-02-04,0.49,0.51,1.21,2.49,3.11,0.66,1.28
2017-02-05,0.49,0.51,1.21,2.49,3.11,0.66,1.28
2017-02-06,0.48,0.53,1.16,2.42,3.05,0.66,1.26
2017-02-07,0.51,0.53,1.16,2.4,3.02,0.66,1.24
2017-02-08,0.52,0.54,1.15,2.34,2.96,0.66,1.19
2017-02-09,0.51,0.54,1.2,2.4,3.02,0.66,1.2
2017-02-10,0.51,0.55,1.2,2.41,3.01,0.66,1.21
2017-02-11,0.51,0.55,1.2,2.41,3.01,0.66,1.21
2017-02-12,0.51,0.55,1.2,2.41,3.01,0.66,1.21
2017-02-13,0.5,0.52,1.2,2.43,3.03,0.66,1.23
2017-02-14,0.51,0.54,1.25,2.47,3.07,0.66,1.22
2017-02-15,0.53,0.54,1.27,2.51,3.09,0.66,1.24
2017-02-16,0.51,0.53,1.22,2.45,3.05,0.66,1.23
2017-02-17,0.5,0.53,1.21,2.42,3.03,0.66,1.21
2017-02-18,0.5,0.53,1.21,2.42,3.03,0.66,1.21
2017-02-19,0.5,0.53,1.21,2.42,3.03,0.66,1.21
2017-02-20,0.5,0.53,1.21,2.42,3.03,0.66,1.21
2017-02-21,0.49,0.53,1.22,2.43,3.04,0.66,1.21
2017-02-22,0.47,0.52,1.22,2.42,3.04,0.66,1.2
2017-02-23,0.39,0.51,1.18,2.38,3.02,0.66,1.2
2017-02-24,0.4,0.52,1.12,2.31,2.95,0.66,1.19
2017-02-25,0.4,0.52,1.12,2.31,2.95,0.66,1.19
2017-02-26,0.4,0.52,1.12,2.31,2.95,0.66,1.19
2017-02-27,0.44,0.5,1.2,2.36,2.98,0.66,1.16
2017-02-28,0.4,0.53,1.22,2.36,2.97,0.57,1.14
2017-03-01,0.46,0.63,1.29,2.46,3.06,0.66,1.17
2017-03-02,0.52,0.67,1.32,2.49,3.09,0.66,1.17
2017-03-03,0.56,0.71,1.32,2.49,3.08,0.66,1.17
2017-03-04,0.56,0.71,1.32,2.49,3.08,0.66,1.17
2017-03-05,0.56,0.71,1.32,2.49,3.08,0.66,1.17
2017-03-06,0.56,0.74,1.31,2.49,3.1,0.66,1.18
2017-03-07,0.55,0.76,1.32,2.52,3.11,0.66,1.2
2017-03-08,0.54,0.73,1.36,2.57,3.15,0.66,1.21
2017-03-09,0.5,0.73,1.37,2.6,3.19,0.66,1.23
2017-03-10,0.6,0.75,1.36,2.58,3.16,0.66,1.22
2017-03-11,0.6,0.75,1.36,2.58,3.16,0.66,1.22
2017-03-12,0.6,0.75,1.36,2.58,3.16,0.66,1.22
2017-03-13,0.69,0.79,1.4,2.62,3.2,0.66,1.22
2017-03-14,0.77,0.78,1.4,2.6,3.17,0.66,1.2
2017-03-15,0.71,0.73,1.33,2.51,3.11,0.66,1.18
2017-03-16,0.68,0.73,1.35,2.53,3.14,0.91,1.18
2017-03-17,0.71,0.73,1.33,2.5,3.11,0.91,1.17
2017-03-18,0.71,0.73,1.33,2.5,3.11,0.91,1.17
2017-03-19,0.71,0.73,1.33,2.5,3.11,0.91,1.17
2017-03-20,0.7,0.76,1.3,2.47,3.08,0.91,1.17
2017-03-21,0.76,0.77,1.27,2.43,3.04,0.91,1.16
2017-03-22,0.74,0.77,1.27,2.4,3.02,0.91,1.13
2017-03-23,0.73,0.76,1.26,2.41,3.02,0.91,1.15
2017-03-24,0.73,0.78,1.26,2.4,3.0,0.91,1.14
2017-03-25,0.73,0.78,1.26,2.4,3.0,0.91,1.14
2017-03-26,0.73,0.78,1.26,2.4,3.0,0.91,1.14
2017-03-27,0.73,0.78,1.27,2.38,2.98,0.91,1.11
2017-03-28,0.75,0.78,1.3,2.42,3.02,0.91,1.12
2017-03-29,0.76,0.78,1.26,2.39,2.99,0.91,1.13
2017-03-30,0.75,0.78,1.28,2.42,3.03,0.91,1.14
2017-03-31,0.74,0.76,1.27,2.4,3.02,0.82,1.13
2017-04-01,0.74,0.76,1.27,2.4,3.02,0.82,1.13
2017-04-02,0.74,0.76,1.27,2.4,3.02,0.82,1.13
2017-04-03,0.73,0.79,1.24,2.35,2.98,0.91,1.11
2017-04-04,0.77,0.79,1.25,2.36,2.99,0.91,1.11
2017-04-05,0.77,0.8,1.24,2.34,2.98,0.91,1.1
2017-04-06,0.78,0.79,1.24,2.34,2.99,0.91,1.1
2017-04-07,0.77,0.82,1.29,2.38,3.0,0.91,1.09
2017-04-08,0.77,0.82,1.29,2.38,3.0,0.91,1.09
2017-04-09,0.77,0.82,1.29,2.38,3.0,0.91,1.09
2017-04-10,0.77,0.82,1.29,2.37,2.99,0.91,1.08
2017-04-11,0.74,0.82,1.24,2.32,2.93,0.91,1.08
2017-04-12,0.77,0.81,1.24,2.28,2.92,0.91,1.04
2017-04-13,0.76,0.81,1.21,2.24,2.89,0.91,1.03
2017-04-14,0.76,0.81,1.21,2.24,2.89,0.91,1.03
2017-04-15,0.76,0.81,1.21,2.24,2.89,0.91,1.03
2017-04-16,0.76,0.81,1.21,2.24,2.89,0.91,1.03
2017-04-17,0.76,0.83,1.21,2.26,2.92,0.91,1.05
2017-04-18,0.76,0.82,1.18,2.18,2.84,0.91,1.0
2017-04-19,0.75,0.81,1.19,2.21,2.87,0.91,1.02
2017-04-20,0.73,0.79,1.21,2.24,2.89,0.91,1.03
2017-04-21,0.72,0.79,1.2,2.24,2.89,0.91,1.04
2017-04-22,0.72,0.79,1.2,2.24,2.89,0.91,1.04
2017-04-23,0.72,0.79,1.2,2.24,2.89,0.91,1.04
2017-04-24,0.74,0.81,1.25,2.28,2.93,0.91,1.03
2017-04-25,0.73,0.82,1.29,2.35,2.99,0.91,1.06
2017-04-26,0.74,0.83,1.28,2.32,2.97,0.91,1.04
2017-04-27,0.7,0.81,1.25,2.3,2.96,0.91,1.05
2017-04-28,0.68,0.8,1.28,2.29,2.96,0.83,1.01
2017-04-29,0.68,0.8,1.28,2.29,2.96,0.83,1.01
2017-04-30,0.68,0.8,1.28,2.29,2.96,0.83,1.01
2017-05-01,0.67,0.83,1.28,2.33,3.0,0.91,1.05
2017-05-02,0.72,0.82,1.27,2.29,2.97,0.91,1.02
2017-05-03,0.73,0.85,1.3,2.33,2.97,0.91,1.03
2017-05-04,0.71,0.86,1.32,2.36,3.0,0.91,1.04
2017-05-05,0.71,0.9,1.32,2.36,2.99,0.91,1.04
2017-05-06,0.71,0.9,1.32,2.36,2.99,0.91,1.04
2017-05-07,0.71,0.9,1.32,2.36,2.99,0.91,1.04
2017-05-08,0.73,0.91,1.33,2.39,3.02,0.91,1.06
2017-05-09,0.74,0.91,1.37,2.42,3.04,0.91,1.05
2017-05-10,0.71,0.9,1.35,2.41,3.03,0.91,1.06
2017-05-11,0.68,0.89,1.35,2.39,3.03,0.91,1.04
2017-05-12,0.69,0.88,1.29,2.33,2.98,0.91,1.04
2017-05-13,0.69,0.88,1.29,2.33,2.98,0.91,1.04
2017-05-14,0.69,0.88,1.29,2.33,2.98,0.91,1.04
2017-05-15,0.73,0.9,1.31,2.34,3.0,0.91,1.03
2017-05-16,0.72,0.9,1.29,2.33,2.99,0.91,1.04
2017-05-17,0.72,0.9,1.26,2.22,2.91,0.91,0.96
2017-05-18,0.73,0.93,1.27,2.23,2.9,0.91,0.96
2017-05-19,0.71,0.92,1.28,2.23,2.9,0.91,0.95
2017-05-20,0.71,0.92,1.28,2.23,2.9,0.91,0.95
2017-05-21,0.71,0.92,1.28,2.23,2.9,0.91,0.95
2017-05-22,0.7,0.93,1.29,2.25,2.91,0.91,0.96
2017-05-23,0.76,0.92,1.31,2.29,2.95,0.91,0.98
2017-05-24,0.76,0.93,1.29,2.26,2.92,0.91,0.97
2017-05-25,0.72,0.94,1.3,2.25,2.92,0.91,0.95
2017-05-26,0.75,0.94,1.3,2.25,2.92,0.91,0.95
2017-05-27,0.75,0.94,1.3,2.25,2.92,0.91,0.95
2017-05-28,0.75,0.94,1.3,2.25,2.92,0.91,0.95
2017-05-29,0.75,0.94,1.3,2.25,2.92,0.91,0.95
2017-05-30,0.77,0.93,1.28,2.21,2.88,0.91,0.93
2017-05-31,0.86,0.98,1.28,2.21,2.87,0.83,0.93
2017-06-01,0.82,0.98,1.28,2.21,2.87,0.91,0.93
2017-06-02,0.82,0.98,1.28,2.15,2.8,0.91,0.87
2017-06-03,0.82,0.98,1.28,2.15,2.8,0.91,0.87
2017-06-04,0.82,0.98,1.28,2.15,2.8,0.91,0.87
2017-06-05,0.83,0.96,1.32,2.18,2.84,0.91,0.86
2017-06-06,0.83,0.97,1.3,2.14,2.81,0.91,0.84
2017-06-07,0.84,1.0,1.32,2.18,2.84,0.91,0.86
2017-06-08,0.8,1.01,1.33,2.19,2.85,0.91,0.86
2017-06-09,0.8,1.01,1.35,2.21,2.86,0.91,0.86
2017-06-10,0.8,1.01,1.35,2.21,2.86,0.91,0.86
2017-06-11,0.8,1.01,1.35,2.21,2.86,0.91,0.86
2017-06-12,0.82,0.98,1.35,2.21,2.86,0.91,0.86
2017-06-13,0.89,1.0,1.38,2.21,2.87,0.91,0.83
2017-06-14,0.9,1.01,1.35,2.15,2.79,0.91,0.8
2017-06-15,0.86,1.02,1.35,2.16,2.78,1.16,0.81
2017-06-16,0.85,1.03,1.32,2.16,2.78,1.16,0.84
2017-06-17,0.85,1.03,1.32,2.16,2.78,1.16,0.84
2017-06-18,0.85,1.03,1.32,2.16,2.78,1.16,0.84
2017-06-19,0.85,1.02,1.36,2.19,2.79,1.16,0.83
2017-06-20,0.88,1.01,1.36,2.16,2.74,1.16,0.8
2017-06-21,0.85,0.99,1.36,2.16,2.73,1.16,0.8
2017-06-22,0.8,0.96,1.34,2.15,2.72,1.16,0.81
2017-06-23,0.76,0.97,1.34,2.15,2.71,1.16,0.81
2017-06-24,0.76,0.97,1.34,2.15,2.71,1.16,0.81
2017-06-25,0.76,0.97,1.34,2.15,2.71,1.16,0.81
2017-06-26,0.81,0.99,1.36,2.14,2.7,1.16,0.78
2017-06-27,0.89,1.0,1.38,2.21,2.75,1.16,0.83
2017-06-28,0.89,1.02,1.34,2.22,2.77,1.16,0.88
2017-06-29,0.88,1.04,1.38,2.27,2.82,1.16,0.89
2017-06-30,0.84,1.03,1.38,2.31,2.84,1.06,0.93
2017-07-01,0.84,1.03,1.38,2.31,2.84,1.06,0.93
2017-07-02,0.84,1.03,1.38,2.31,2.84,1.06,0.93
2017-07-03,0.96,1.06,1.41,2.35,2.86,1.16,0.94
2017-07-04,0.96,1.06,1.41,2.35,2.86,1.16,0.94
2017-07-05,0.97,1.05,1.41,2.33,2.85,1.16,0.92
2017-07-06,0.95,1.04,1.4,2.37,2.9,1.16,0.97
2017-07-07,0.94,1.05,1.4,2.39,2.93,1.16,0.99
2017-07-08,0.94,1.05,1.4,2.39,2.93,1.16,0.99
2017-07-09,0.94,1.05,1.4,2.39,2.93,1.16,0.99
2017-07-10,0.95,1.04,1.4,2.38,2.93,1.16,0.98
2017-07-11,0.97,1.05,1.37,2.37,2.92,1.16,1.0
2017-07-12,0.94,1.05,1.35,2.33,2.89,1.16,0.98
2017-07-13,0.95,1.05,1.37,2.35,2.92,1.16,0.98
2017-07-14,0.93,1.04,1.35,2.33,2.91,1.16,0.98
2017-07-15,0.93,1.04,1.35,2.33,2.91,1.16,0.98
2017-07-16,0.93,1.04,1.35,2.33,2.91,1.16,0.98
2017-07-17,0.95,1.07,1.36,2.31,2.89,1.16,0.95
2017-07-18,0.95,1.07,1.36,2.27,2.85,1.16,0.91
2017-07-19,0.99,1.11,1.37,2.27,2.85,1.16,0.9
2017-07-20,1.0,1.15,1.37,2.27,2.83,1.16,0.9
2017-07-21,1.0,1.16,1.36,2.24,2.81,1.16,0.88
2017-07-22,1.0,1.16,1.36,2.24,2.81,1.16,0.88
2017-07-23,1.0,1.16,1.36,2.24,2.81,1.16,0.88
2017-07-24,1.0,1.17,1.37,2.26,2.83,1.16,0.89
2017-07-25,0.96,1.18,1.4,2.33,2.91,1.16,0.93
2017-07-26,1.02,1.13,1.36,2.29,2.89,1.16,0.93
2017-07-27,1.01,1.11,1.36,2.32,2.93,1.16,0.96
2017-07-28,1.0,1.08,1.34,2.3,2.89,1.16,0.96
2017-07-29,1.0,1.08,1.34,2.3,2.89,1.16,0.96
2017-07-30,1.0,1.08,1.34,2.3,2.89,1.16,0.96
2017-07-31,1.0,1.07,1.34,2.3,2.89,1.07,0.96
2017-08-01,1.0,1.08,1.34,2.26,2.86,1.16,0.92
2017-08-02,1.02,1.08,1.36,2.27,2.85,1.16,0.91
2017-08-03,1.0,1.08,1.34,2.24,2.81,1.16,0.9
2017-08-04,1.0,1.08,1.36,2.27,2.84,1.16,0.91
2017-08-05,1.0,1.08,1.36,2.27,2.84,1.16,0.91
2017-08-06,1.0,1.08,1.36,2.27,2.84,1.16,0.91
2017-08-07,0.99,1.02,1.36,2.26,2.84,1.16,0.9
2017-08-08,1.0,1.06,1.36,2.29,2.86,1.16,0.93
2017-08-09,1.01,1.06,1.33,2.24,2.82,1.16,0.91
2017-08-10,1.02,1.05,1.33,2.2,2.79,1.16,0.87
2017-08-11,0.99,1.03,1.3,2.19,2.79,1.16,0.89
2017-08-12,0.99,1.03,1.3,2.19,2.79,1.16,0.89
2017-08-13,0.99,1.03,1.3,2.19,2.79,1.16,0.89
2017-08-14,0.95,1.02,1.33,2.22,2.81,1.16,0.89
2017-08-15,0.97,1.04,1.35,2.27,2.84,1.16,0.92
2017-08-16,0.97,1.02,1.33,2.23,2.81,1.16,0.9
2017-08-17,0.95,1.0,1.32,2.19,2.78,1.16,0.87
2017-08-18,0.97,1.02,1.33,2.19,2.78,1.16,0.86
2017-08-19,0.97,1.02,1.33,2.19,2.78,1.16,0.86
2017-08-20,0.97,1.02,1.33,2.19,2.78,1.16,0.86
2017-08-21,0.95,1.0,1.32,2.18,2.77,1.16,0.86
2017-08-22,0.93,1.0,1.33,2.22,2.79,1.16,0.89
2017-08-23,0.98,1.0,1.32,2.17,2.75,1.16,0.85
2017-08-24,0.98,1.02,1.33,2.19,2.77,1.16,0.86
2017-08-25,0.99,1.03,1.35,2.17,2.75,1.16,0.82
2017-08-26,0.99,1.03,1.35,2.17,2.75,1.16,0.82
2017-08-27,0.99,1.03,1.35,2.17,2.75,1.16,0.82
2017-08-28,0.99,0.98,1.33,2.16,2.76,1.16,0.83
2017-08-29,0.96,1.03,1.33,2.13,2.74,1.16,0.8
2017-08-30,0.96,1.03,1.33,2.15,2.75,1.16,0.82
2017-08-31,0.95,1.01,1.33,2.12,2.73,1.07,0.79
2017-09-01,0.96,1.02,1.35,2.16,2.77,1.16,0.81
2017-09-02,0.96,1.02,1.35,2.16,2.77,1.16,0.81
2017-09-03,0.96,1.02,1.35,2.16,2.77,1.16,0.81
2017-09-04,0.96,1.02,1.35,2.16,2.77,1.16,0.81
2017-09-05,1.3,1.03,1.3,2.07,2.69,1.16,0.77
2017-09-06,1.04,1.07,1.3,2.1,2.72,1.16,0.8
2017-09-07,0.98,1.05,1.27,2.05,2.66,1.16,0.78
2017-09-08,0.96,1.04,1.27,2.06,2.67,1.16,0.79
2017-09-09,0.96,1.04,1.27,2.06,2.67,1.16,0.79
2017-09-10,0.96,1.04,1.27,2.06,2.67,1.16,0.79
2017-09-11,0.97,1.05,1.32,2.14,2.75,1.16,0.82
2017-09-12,0.99,1.03,1.33,2.17,2.78,1.16,0.84
2017-09-13,0.99,1.04,1.35,2.2,2.79,1.16,0.85
2017-09-14,0.99,1.05,1.37,2.2,2.77,1.16,0.83
2017-09-15,0.98,1.05,1.39,2.2,2.77,1.16,0.81
2017-09-16,0.98,1.05,1.39,2.2,2.77,1.16,0.81
2017-09-17,0.98,1.05,1.39,2.2,2.77,1.16,0.81
2017-09-18,0.96,1.05,1.4,2.23,2.8,1.16,0.83
2017-09-19,0.97,1.04,1.4,2.24,2.81,1.16,0.84
2017-09-20,0.98,1.04,1.45,2.28,2.82,1.16,0.83
2017-09-21,0.99,1.04,1.45,2.27,2.8,1.16,0.82
2017-09-22,0.97,1.03,1.46,2.26,2.8,1.16,0.8
2017-09-23,0.97,1.03,1.46,2.26,2.8,1.16,0.8
2017-09-24,0.97,1.03,1.46,2.26,2.8,1.16,0.8
2017-09-25,0.97,1.05,1.44,2.22,2.76,1.16,0.78
2017-09-26,0.96,1.06,1.45,2.24,2.78,1.16,0.79
2017-09-27,0.99,1.07,1.47,2.31,2.86,1.16,0.84
2017-09-28,0.97,1.06,1.45,2.31,2.87,1.16,0.86
2017-09-29,0.96,1.06,1.47,2.33,2.86,1.06,0.86
2017-09-30,0.96,1.06,1.47,2.33,2.86,1.06,0.86
2017-10-01,0.96,1.06,1.47,2.33,2.86,1.06,0.86
2017-10-02,0.95,1.01,1.49,2.34,2.87,1.16,0.85
2017-10-03,1.01,1.07,1.47,2.33,2.87,1.16,0.86
2017-10-04,1.0,1.08,1.47,2.33,2.87,1.16,0.86
2017-10-05,1.02,1.07,1.49,2.35,2.89,1.16,0.86
2017-10-06,1.03,1.07,1.54,2.37,2.91,1.16,0.83
2017-10-07,1.03,1.07,1.54,2.37,2.91,1.16,0.83
2017-10-08,1.03,1.07,1.54,2.37,2.91,1.16,0.83
2017-10-09,1.03,1.07,1.54,2.37,2.91,1.16,0.83
2017-10-10,1.03,1.08,1.51,2.35,2.88,1.16,0.84
2017-10-11,1.04,1.1,1.51,2.35,2.88,1.16,0.84
2017-10-12,0.99,1.09,1.51,2.33,2.86,1.16,0.82
2017-10-13,0.97,1.09,1.51,2.28,2.81,1.16,0.77
2017-10-14,0.97,1.09,1.51,2.28,2.81,1.16,0.77
2017-10-15,0.97,1.09,1.51,2.28,2.81,1.16,0.77
2017-10-16,0.97,1.1,1.54,2.3,2.82,1.16,0.76
2017-10-17,0.99,1.09,1.54,2.3,2.8,1.16,0.76
2017-10-18,0.99,1.09,1.59,2.34,2.85,1.16,0.75
2017-10-19,0.99,1.1,1.58,2.33,2.83,1.16,0.75
2017-10-20,0.99,1.11,1.6,2.39,2.89,1.16,0.79
2017-10-21,0.99,1.11,1.6,2.39,2.89,1.16,0.79
2017-10-22,0.99,1.11,1.6,2.39,2.89,1.16,0.79
2017-10-23,1.0,1.09,1.58,2.38,2.89,1.16,0.8
2017-10-24,1.0,1.12,1.6,2.42,2.92,1.16,0.82
2017-10-25,1.01,1.12,1.61,2.44,2.95,1.16,0.83
2017-10-26,0.99,1.11,1.63,2.46,2.96,1.16,0.83
2017-10-27,0.98,1.1,1.59,2.42,2.93,1.16,0.83
2017-10-28,0.98,1.1,1.59,2.42,2.93,1.16,0.83
2017-10-29,0.98,1.1,1.59,2.42,2.93,1.16,0.83
2017-10-30,0.97,1.12,1.58,2.37,2.88,1.16,0.79
2017-10-31,0.99,1.15,1.6,2.38,2.88,1.07,0.78
2017-11-01,1.06,1.18,1.61,2.37,2.85,1.16,0.76
2017-11-02,1.02,1.17,1.61,2.35,2.83,1.16,0.74
2017-11-03,1.02,1.18,1.63,2.34,2.82,1.16,0.71
2017-11-04,1.02,1.18,1.63,2.34,2.82,1.16,0.71
2017-11-05,1.02,1.18,1.63,2.34,2.82,1.16,0.71
2017-11-06,1.03,1.19,1.61,2.32,2.8,1.16,0.71
2017-11-07,1.05,1.22,1.63,2.32,2.77,1.16,0.69
2017-11-08,1.05,1.23,1.65,2.32,2.79,1.16,0.67
2017-11-09,1.07,1.24,1.63,2.33,2.81,1.16,0.7
2017-11-10,1.06,1.23,1.67,2.4,2.88,1.16,0.73
2017-11-11,1.06,1.23,1.67,2.4,2.88,1.16,0.73
2017-11-12,1.06,1.23,1.67,2.4,2.88,1.16,0.73
2017-11-13,1.07,1.24,1.7,2.4,2.87,1.16,0.7
2017-11-14,1.06,1.26,1.68,2.38,2.84,1.16,0.7
2017-11-15,1.08,1.25,1.68,2.33,2.77,1.16,0.65
2017-11-16,1.08,1.27,1.72,2.37,2.81,1.16,0.65
2017-11-17,1.08,1.29,1.73,2.35,2.78,1.16,0.62
2017-11-18,1.08,1.29,1.73,2.35,2.78,1.16,0.62
2017-11-19,1.08,1.29,1.73,2.35,2.78,1.16,0.62
2017-11-20,1.09,1.3,1.77,2.37,2.78,1.16,0.6
2017-11-21,1.15,1.3,1.77,2.36,2.76,1.16,0.59
2017-11-22,1.16,1.29,1.74,2.32,2.75,1.16,0.58
2017-11-23,1.16,1.29,1.74,2.32,2.75,1.16,0.58
2017-11-24,1.14,1.29,1.75,2.34,2.76,1.16,0.59
2017-11-25,1.14,1.29,1.75,2.34,2.76,1.16,0.59
2017-11-26,1.14,1.29,1.75,2.34,2.76,1.16,0.59
2017-11-27,1.15,1.27,1.74,2.32,2.76,1.16,0.58
2017-11-28,1.16,1.3,1.75,2.34,2.77,1.16,0.59
2017-11-29,1.17,1.29,1.78,2.37,2.81,1.16,0.59
2017-11-30,1.14,1.27,1.78,2.42,2.83,1.07,0.64
2017-12-01,1.14,1.27,1.78,2.37,2.76,1.16,0.59
2017-12-02,1.14,1.27,1.78,2.37,2.76,1.16,0.59
2017-12-03,1.14,1.27,1.78,2.37,2.76,1.16,0.59
2017-12-04,1.16,1.29,1.8,2.37,2.77,1.16,0.57
2017-12-05,1.21,1.3,1.83,2.36,2.73,1.16,0.53
2017-12-06,1.18,1.3,1.78,2.33,2.71,1.16,0.55
2017-12-07,1.16,1.29,1.8,2.37,2.76,1.16,0.57
2017-12-08,1.14,1.28,1.8,2.38,2.77,1.16,0.58
2017-12-09,1.14,1.28,1.8,2.38,2.77,1.16,0.58
2017-12-10,1.14,1.28,1.8,2.38,2.77,1.16,0.58
2017-12-11,1.18,1.33,1.82,2.39,2.77,1.16,0.57
2017-12-12,1.26,1.34,1.83,2.4,2.79,1.17,0.57
2017-12-13,1.22,1.3,1.79,2.36,2.74,1.17,0.57
2017-12-14,1.21,1.32,1.82,2.35,2.71,1.41,0.53
2017-12-15,1.24,1.31,1.84,2.35,2.68,1.41,0.51
2017-12-16,1.24,1.31,1.84,2.35,2.68,1.41,0.51
2017-12-17,1.24,1.31,1.84,2.35,2.68,1.41,0.51
2017-12-18,1.26,1.38,1.84,2.39,2.74,1.42,0.55
2017-12-19,1.25,1.37,1.87,2.46,2.82,1.42,0.59
2017-12-20,1.22,1.38,1.87,2.49,2.88,1.42,0.62
2017-12-21,1.21,1.35,1.89,2.48,2.84,1.42,0.59
2017-12-22,1.15,1.33,1.91,2.48,2.83,1.42,0.57
2017-12-23,1.15,1.33,1.91,2.48,2.83,1.42,0.57
2017-12-24,1.15,1.33,1.91,2.48,2.83,1.42,0.57
2017-12-25,1.15,1.33,1.91,2.48,2.83,1.42,0.57
2017-12-26,1.24,1.47,1.92,2.47,2.82,1.42,0.55
2017-12-27,1.18,1.44,1.89,2.42,2.75,1.42,0.53
2017-12-28,1.19,1.39,1.91,2.43,2.75,1.42,0.52
2017-12-29,1.28,1.39,1.89,2.4,2.74,1.33,0.51
2017-12-30,1.28,1.39,1.89,2.4,2.74,1.33,0.51
2017-12-31,1.28,1.39,1.89,2.4,2.74,1.33,0.51
2018-01-01,1.28,1.39,1.89,2.4,2.74,1.33,0.51
2018-01-02,1.29,1.44,1.92,2.46,2.81,1.42,0.54
2018-01-03,1.29,1.41,1.94,2.44,2.78,1.42,0.5
2018-01-04,1.28,1.41,1.96,2.46,2.79,1.42,0.5
2018-01-05,1.27,1.39,1.96,2.47,2.81,1.42,0.51
2018-01-06,1.27,1.39,1.96,2.47,2.81,1.42,0.51
2018-01-07,1.27,1.39,1.96,2.47,2.81,1.42,0.51
2018-01-08,1.3,1.45,1.96,2.49,2.81,1.42,0.53
2018-01-09,1.27,1.44,1.98,2.55,2.88,1.42,0.57
2018-01-10,1.31,1.42,1.98,2.55,2.88,1.42,0.57
2018-01-11,1.32,1.43,1.98,2.54,2.91,1.42,0.56
2018-01-12,1.31,1.43,1.99,2.55,2.85,1.42,0.56
2018-01-13,1.31,1.43,1.99,2.55,2.85,1.42,0.56
2018-01-14,1.31,1.43,1.99,2.55,2.85,1.42,0.56
2018-01-15,1.31,1.43,1.99,2.55,2.85,1.42,0.56
2018-01-16,1.33,1.45,2.03,2.54,2.83,1.42,0.51
2018-01-17,1.31,1.44,2.05,2.57,2.84,1.42,0.52
2018-01-18,1.29,1.45,2.05,2.62,2.9,1.42,0.57
2018-01-19,1.28,1.44,2.06,2.64,2.91,1.42,0.58
2018-01-20,1.28,1.44,2.06,2.64,2.91,1.42,0.58
2018-01-21,1.28,1.44,2.06,2.64,2.91,1.42,0.58
2018-01-22,1.27,1.44,2.08,2.66,2.93,1.42,0.58
2018-01-23,1.26,1.44,2.06,2.63,2.9,1.42,0.57
2018-01-24,1.25,1.43,2.08,2.65,2.93,1.42,0.57
2018-01-25,1.23,1.42,2.08,2.63,2.89,1.42,0.55
2018-01-26,1.24,1.41,2.13,2.66,2.91,1.42,0.53
2018-01-27,1.24,1.41,2.13,2.66,2.91,1.42,0.53
2018-01-28,1.24,1.41,2.13,2.66,2.91,1.42,0.53
2018-01-29,1.28,1.44,2.11,2.7,2.94,1.42,0.59
2018-01-30,1.49,1.44,2.13,2.73,2.98,1.42,0.6
2018-01-31,1.43,1.46,2.14,2.72,2.95,1.34,0.58
2018-02-01,1.41,1.48,2.16,2.78,3.01,1.42,0.62
2018-02-02,1.4,1.48,2.15,2.84,3.08,1.42,0.69
2018-02-03,1.4,1.48,2.15,2.84,3.08,1.42,0.69
2018-02-04,1.4,1.48,2.15,2.84,3.08,1.42,0.69
2018-02-05,1.4,1.51,2.08,2.77,3.04,1.42,0.69
2018-02-06,1.48,1.52,2.1,2.79,3.06,1.42,0.69
2018-02-07,1.36,1.55,2.15,2.84,3.12,1.42,0.69
2018-02-08,1.32,1.55,2.13,2.85,3.14,1.42,0.72
2018-02-09,1.31,1.55,2.05,2.83,3.14,1.42,0.78
2018-02-10,1.31,1.55,2.05,2.83,3.14,1.42,0.78
2018-02-11,1.31,1.55,2.05,2.83,3.14,1.42,0.78
2018-02-12,1.35,1.62,2.09,2.86,3.14,1.42,0.77
2018-02-13,1.34,1.59,2.1,2.83,3.11,1.42,0.73
2018-02-14,1.32,1.58,2.17,2.91,3.18,1.42,0.74
2018-02-15,1.3,1.58,2.19,2.9,3.15,1.42,0.71
2018-02-16,1.35,1.62,2.21,2.87,3.13,1.42,0.66
2018-02-17,1.35,1.62,2.21,2.87,3.13,1.42,0.66
2018-02-18,1.35,1.62,2.21,2.87,3.13,1.42,0.66
2018-02-19,1.35,1.62,2.21,2.87,3.13,1.42,0.66
2018-02-20,1.39,1.66,2.25,2.88,3.15,1.42,0.63
2018-02-21,1.4,1.64,2.26,2.94,3.22,1.42,0.68
2018-02-22,1.34,1.63,2.25,2.92,3.21,1.42,0.67
2018-02-23,1.38,1.64,2.25,2.88,3.16,1.42,0.63
2018-02-24,1.38,1.64,2.25,2.88,3.16,1.42,0.63
2018-02-25,1.38,1.64,2.25,2.88,3.16,1.42,0.63
2018-02-26,1.39,1.66,2.22,2.86,3.15,1.42,0.64
2018-02-27,1.49,1.66,2.27,2.9,3.17,1.42,0.63
2018-02-28,1.5,1.65,2.25,2.87,3.13,1.35,0.62
2018-03-01,1.5,1.63,2.22,2.81,3.09,1.42,0.59
2018-03-02,1.5,1.65,2.25,2.86,3.14,1.42,0.61
2018-03-03,1.5,1.65,2.25,2.86,3.14,1.42,0.61
2018-03-04,1.5,1.65,2.25,2.86,3.14,1.42,0.61
2018-03-05,1.53,1.7,2.24,2.88,3.16,1.42,0.64
2018-03-06,1.56,1.68,2.25,2.88,3.14,1.42,0.63
2018-03-07,1.57,1.68,2.25,2.89,3.15,1.42,0.64
2018-03-08,1.57,1.67,2.25,2.86,3.13,1.42,0.61
2018-03-09,1.57,1.67,2.27,2.9,3.16,1.42,0.63
2018-03-10,1.57,1.67,2.27,2.9,3.16,1.42,0.63
2018-03-11,1.57,1.67,2.27,2.9,3.16,1.42,0.63
2018-03-12,1.6,1.71,2.27,2.87,3.13,1.42,0.6
2018-03-13,1.64,1.73,2.26,2.84,3.1,1.42,0.58
2018-03-14,1.71,1.76,2.26,2.81,3.05,1.42,0.55
2018-03-15,1.7,1.77,2.29,2.82,3.05,1.43,0.53
2018-03-16,1.71,1.78,2.31,2.85,3.08,1.43,0.54
2018-03-17,1.71,1.78,2.31,2.85,3.08,1.43,0.54
2018-03-18,1.71,1.78,2.31,2.85,3.08,1.43,0.54
2018-03-19,1.7,1.8,2.31,2.85,3.09,1.43,0.54
2018-03-20,1.76,1.81,2.34,2.89,3.12,1.44,0.55
2018-03-21,1.71,1.74,2.31,2.89,3.12,1.44,0.58
2018-03-22,1.67,1.72,2.29,2.83,3.06,1.68,0.54
2018-03-23,1.69,1.74,2.28,2.82,3.06,1.68,0.54
2018-03-24,1.69,1.74,2.28,2.82,3.06,1.68,0.54
2018-03-25,1.69,1.74,2.28,2.82,3.06,1.68,0.54
2018-03-26,1.71,1.79,2.33,2.85,3.08,1.68,0.52
2018-03-27,1.69,1.77,2.26,2.78,3.03,1.68,0.52
2018-03-28,1.65,1.73,2.28,2.77,3.01,1.68,0.49
2018-03-29,1.63,1.73,2.27,2.74,2.97,1.68,0.47
2018-03-30,1.63,1.73,2.27,2.74,2.97,1.67,0.47
2018-03-31,1.63,1.73,2.27,2.74,2.97,1.67,0.47
2018-04-01,1.63,1.73,2.27,2.74,2.97,1.67,0.47
2018-04-02,1.68,1.77,2.25,2.73,2.97,1.68,0.48
2018-04-03,1.7,1.75,2.28,2.79,3.02,1.69,0.51
2018-04-04,1.67,1.71,2.28,2.79,3.03,1.69,0.51
2018-04-05,1.67,1.72,2.3,2.83,3.07,1.69,0.53
2018-04-06,1.68,1.73,2.27,2.77,3.01,1.69,0.5
2018-04-07,1.68,1.73,2.27,2.77,3.01,1.69,0.5
2018-04-08,1.68,1.73,2.27,2.77,3.01,1.69,0.5
2018-04-09,1.67,1.76,2.29,2.78,3.02,1.69,0.49
2018-04-10,1.63,1.74,2.32,2.8,3.02,1.69,0.48
2018-04-11,1.64,1.73,2.32,2.79,2.99,1.69,0.47
2018-04-12,1.65,1.75,2.34,2.83,3.05,1.69,0.49
2018-04-13,1.64,1.76,2.37,2.82,3.03,1.69,0.45
2018-04-14,1.64,1.76,2.37,2.82,3.03,1.69,0.45
2018-04-15,1.64,1.76,2.37,2.82,3.03,1.69,0.45
2018-04-16,1.64,1.79,2.39,2.83,3.03,1.69,0.44
2018-04-17,1.68,1.8,2.41,2.82,3.0,1.69,0.41
2018-04-18,1.67,1.81,2.42,2.87,3.06,1.69,0.45
2018-04-19,1.67,1.82,2.44,2.92,3.11,1.69,0.48
2018-04-20,1.65,1.81,2.46,2.96,3.14,1.7,0.5
2018-04-21,1.65,1.81,2.46,2.96,3.14,1.7,0.5
2018-04-22,1.65,1.81,2.46,2.96,3.14,1.7,0.5
2018-04-23,1.69,1.87,2.49,2.98,3.15,1.7,0.49
2018-04-24,1.7,1.87,2.48,3.0,3.18,1.7,0.52
2018-04-25,1.65,1.85,2.49,3.03,3.21,1.7,0.54
2018-04-26,1.62,1.82,2.49,3.0,3.18,1.7,0.51
2018-04-27,1.62,1.82,2.49,2.96,3.13,1.7,0.47
2018-04-28,1.62,1.82,2.49,2.96,3.13,1.7,0.47
2018-04-29,1.62,1.82,2.49,2.96,3.13,1.7,0.47
2018-04-30,1.65,1.87,2.49,2.95,3.11,1.69,0.46
2018-05-01,1.68,1.85,2.5,2.97,3.13,1.7,0.47
2018-05-02,1.69,1.84,2.49,2.97,3.14,1.7,0.48
2018-05-03,1.68,1.84,2.49,2.94,3.12,1.7,0.45
2018-05-04,1.67,1.84,2.51,2.95,3.12,1.7,0.44
2018-05-05,1.67,1.84,2.51,2.95,3.12,1.7,0.44
2018-05-06,1.67,1.84,2.51,2.95,3.12,1.7,0.44
2018-05-07,1.69,1.86,2.49,2.95,3.12,1.7,0.46
2018-05-08,1.69,1.87,2.51,2.97,3.13,1.7,0.46
2018-05-09,1.68,1.88,2.54,3.0,3.16,1.7,0.46
2018-05-10,1.69,1.9,2.54,2.97,3.12,1.7,0.43
2018-05-11,1.68,1.92,2.54,2.97,3.1,1.7,0.43
2018-05-12,1.68,1.92,2.54,2.97,3.1,1.7,0.43
2018-05-13,1.68,1.92,2.54,2.97,3.1,1.7,0.43
2018-05-14,1.7,1.93,2.55,3.0,3.13,1.7,0.45
2018-05-15,1.69,1.92,2.58,3.08,3.2,1.7,0.5
2018-05-16,1.69,1.92,2.58,3.09,3.21,1.7,0.51
2018-05-17,1.7,1.92,2.57,3.11,3.25,1.7,0.54
2018-05-18,1.68,1.91,2.55,3.06,3.2,1.7,0.51
2018-05-19,1.68,1.91,2.55,3.06,3.2,1.7,0.51
2018-05-20,1.68,1.91,2.55,3.06,3.2,1.7,0.51
2018-05-21,1.71,1.93,2.58,3.06,3.2,1.7,0.48
2018-05-22,1.73,1.93,2.59,3.06,3.21,1.7,0.47
2018-05-23,1.76,1.92,2.53,3.01,3.17,1.7,0.48
2018-05-24,1.74,1.91,2.5,2.98,3.13,1.7,0.48
2018-05-25,1.7,1.9,2.48,2.93,3.09,1.7,0.45
2018-05-26,1.7,1.9,2.48,2.93,3.09,1.7,0.45
2018-05-27,1.7,1.9,2.48,2.93,3.09,1.7,0.45
2018-05-28,1.7,1.9,2.48,2.93,3.09,1.7,0.45
2018-05-29,1.77,1.93,2.32,2.77,2.96,1.7,0.45
2018-05-30,1.77,1.94,2.42,2.84,3.01,1.7,0.42
2018-05-31,1.76,1.93,2.4,2.83,3.0,1.7,0.43
2018-06-01,1.74,1.92,2.47,2.89,3.04,1.7,0.42
2018-06-02,1.74,1.92,2.47,2.89,3.04,1.7,0.42
2018-06-03,1.74,1.92,2.47,2.89,3.04,1.7,0.42
2018-06-04,1.77,1.94,2.52,2.94,3.08,1.7,0.42
2018-06-05,1.82,1.94,2.49,2.92,3.07,1.7,0.43
2018-06-06,1.81,1.95,2.52,2.97,3.13,1.7,0.45
2018-06-07,1.78,1.94,2.5,2.93,3.08,1.7,0.43
2018-06-08,1.78,1.93,2.5,2.93,3.08,1.7,0.43
2018-06-09,1.78,1.93,2.5,2.93,3.08,1.7,0.43
2018-06-10,1.78,1.93,2.5,2.93,3.08,1.7,0.43
2018-06-11,1.82,1.94,2.52,2.96,3.1,1.7,0.44
2018-06-12,1.81,1.92,2.54,2.96,3.09,1.7,0.42
2018-06-13,1.82,1.94,2.59,2.98,3.1,1.7,0.39
2018-06-14,1.81,1.94,2.59,2.94,3.05,1.9,0.35
2018-06-15,1.82,1.94,2.55,2.93,3.05,1.9,0.38
2018-06-16,1.82,1.94,2.55,2.93,3.05,1.9,0.38
2018-06-17,1.82,1.94,2.55,2.93,3.05,1.9,0.38
2018-06-18,1.84,1.94,2.56,2.92,3.05,1.9,0.36
2018-06-19,1.85,1.94,2.54,2.89,3.02,1.91,0.35
2018-06-20,1.85,1.94,2.56,2.93,3.06,1.92,0.37
2018-06-21,1.85,1.94,2.56,2.9,3.04,1.92,0.34
2018-06-22,1.83,1.93,2.56,2.9,3.04,1.92,0.34
2018-06-23,1.83,1.93,2.56,2.9,3.04,1.92,0.34
2018-06-24,1.83,1.93,2.56,2.9,3.04,1.92,0.34
2018-06-25,1.8,1.93,2.54,2.87,3.02,1.92,0.33
2018-06-26,1.79,1.93,2.53,2.88,3.03,1.92,0.35
2018-06-27,1.79,1.93,2.52,2.83,2.97,1.91,0.31
2018-06-28,1.76,1.93,2.52,2.84,2.97,1.91,0.32
2018-06-29,1.77,1.93,2.52,2.85,2.98,1.91,0.33
2018-06-30,1.77,1.93,2.52,2.85,2.98,1.91,0.33
2018-07-01,1.77,1.93,2.52,2.85,2.98,1.91,0.33
2018-07-02,1.9,1.98,2.57,2.87,2.99,1.91,0.3
2018-07-03,1.91,1.98,2.53,2.83,2.96,1.91,0.3
2018-07-04,1.91,1.98,2.53,2.83,2.96,1.91,0.3
2018-07-05,1.87,1.96,2.55,2.84,2.95,1.91,0.29
2018-07-06,1.86,1.97,2.53,2.82,2.94,1.91,0.29
2018-07-07,1.86,1.97,2.53,2.82,2.94,1.91,0.29
2018-07-08,1.86,1.97,2.53,2.82,2.94,1.91,0.29
2018-07-09,1.87,1.98,2.57,2.86,2.96,1.91,0.29
2018-07-10,1.88,1.99,2.59,2.87,2.97,1.91,0.28
2018-07-11,1.89,1.97,2.58,2.85,2.95,1.91,0.27
2018-07-12,1.89,1.98,2.6,2.85,2.95,1.91,0.25
2018-07-13,1.87,1.98,2.59,2.83,2.94,1.91,0.24
2018-07-14,1.87,1.98,2.59,2.83,2.94,1.91,0.24
2018-07-15,1.87,1.98,2.59,2.83,2.94,1.91,0.24
2018-07-16,1.9,2.01,2.59,2.85,2.96,1.91,0.26
2018-07-17,1.93,2.02,2.62,2.86,2.97,1.91,0.24
2018-07-18,1.9,2.0,2.6,2.88,2.99,1.91,0.28
2018-07-19,1.89,2.0,2.6,2.84,2.96,1.91,0.24
2018-07-20,1.86,1.99,2.6,2.89,3.03,1.91,0.29
2018-07-21,1.86,1.99,2.6,2.89,3.03,1.91,0.29
2018-07-22,1.86,1.99,2.6,2.89,3.03,1.91,0.29
2018-07-23,1.88,1.99,2.64,2.96,3.1,1.91,0.32
2018-07-24,1.92,2.02,2.63,2.95,3.08,1.91,0.32
2018-07-25,1.9,2.01,2.66,2.94,3.06,1.91,0.28
2018-07-26,1.89,1.99,2.69,2.98,3.1,1.91,0.29
2018-07-27,1.9,2.0,2.67,2.96,3.09,1.91,0.29
2018-07-28,1.9,2.0,2.67,2.96,3.09,1.91,0.29
2018-07-29,1.9,2.0,2.67,2.96,3.09,1.91,0.29
2018-07-30,1.91,2.04,2.66,2.98,3.11,1.91,0.32
2018-07-31,1.94,2.03,2.67,2.96,3.08,1.91,0.29
2018-08-01,1.93,2.03,2.67,3.0,3.13,1.91,0.33
2018-08-02,1.89,2.02,2.66,2.98,3.12,1.91,0.32
2018-08-03,1.9,2.01,2.63,2.95,3.09,1.91,0.32
2018-08-04,1.9,2.01,2.63,2.95,3.09,1.91,0.32
2018-08-05,1.9,2.01,2.63,2.95,3.09,1.91,0.32
2018-08-06,1.92,2.05,2.64,2.94,3.08,1.91,0.3
2018-08-07,1.96,2.06,2.68,2.98,3.12,1.91,0.3
2018-08-08,1.93,2.06,2.68,2.96,3.12,1.91,0.28
2018-08-09,1.91,2.06,2.64,2.93,3.08,1.91,0.29
2018-08-10,1.92,2.05,2.61,2.87,3.03,1.91,0.26
2018-08-11,1.92,2.05,2.61,2.87,3.03,1.91,0.26
2018-08-12,1.92,2.05,2.61,2.87,3.03,1.91,0.26
2018-08-13,1.93,2.06,2.61,2.88,3.05,1.91,0.27
2018-08-14,1.96,2.08,2.63,2.89,3.06,1.91,0.26
2018-08-15,1.96,2.07,2.61,2.86,3.03,1.91,0.25
2018-08-16,1.96,2.07,2.63,2.87,3.03,1.92,0.24
2018-08-17,1.95,2.05,2.61,2.87,3.03,1.92,0.26
2018-08-18,1.95,2.05,2.61,2.87,3.03,1.92,0.26
2018-08-19,1.95,2.05,2.61,2.87,3.03,1.92,0.26
2018-08-20,1.93,2.06,2.6,2.82,2.99,1.92,0.22
2018-08-21,1.94,2.08,2.61,2.85,3.0,1.92,0.24
2018-08-22,1.95,2.09,2.6,2.82,2.99,1.92,0.22
2018-08-23,1.94,2.08,2.61,2.82,2.97,1.92,0.21
2018-08-24,1.95,2.09,2.63,2.82,2.97,1.92,0.19
2018-08-25,1.95,2.09,2.63,2.82,2.97,1.92,0.19
2018-08-26,1.95,2.09,2.63,2.82,2.97,1.92,0.19
2018-08-27,1.96,2.12,2.67,2.85,3.0,1.92,0.18
2018-08-28,1.96,2.13,2.67,2.88,3.03,1.92,0.21
2018-08-29,1.97,2.13,2.67,2.89,3.02,1.92,0.22
2018-08-30,1.97,2.11,2.64,2.86,3.0,1.92,0.22
2018-08-31,1.95,2.11,2.62,2.86,3.02,1.91,0.24
2018-09-01,1.95,2.11,2.62,2.86,3.02,1.91,0.24
2018-09-02,1.95,2.11,2.62,2.86,3.02,1.91,0.24
2018-09-03,1.95,2.11,2.62,2.86,3.02,1.91,0.24
2018-09-04,2.0,2.13,2.66,2.9,3.07,1.92,0.24
2018-09-05,2.0,2.14,2.66,2.9,3.08,1.92,0.24
2018-09-06,1.98,2.13,2.64,2.88,3.06,1.92,0.24
2018-09-07,1.98,2.14,2.71,2.94,3.11,1.92,0.23
2018-09-08,1.98,2.14,2.71,2.94,3.11,1.92,0.23
2018-09-09,1.98,2.14,2.71,2.94,3.11,1.92,0.23
2018-09-10,1.98,2.14,2.73,2.94,3.09,1.92,0.21
2018-09-11,2.02,2.15,2.76,2.98,3.13,1.92,0.22
2018-09-12,2.01,2.16,2.74,2.97,3.11,1.92,0.23
2018-09-13,2.01,2.15,2.76,2.97,3.11,1.92,0.21
2018-09-14,2.02,2.16,2.78,2.99,3.13,1.92,0.21
2018-09-15,2.02,2.16,2.78,2.99,3.13,1.92,0.21
2018-09-16,2.02,2.16,2.78,2.99,3.13,1.92,0.21
2018-09-17,2.02,2.16,2.78,2.99,3.13,1.92,0.21
2018-09-18,2.05,2.17,2.81,3.05,3.2,1.92,0.24
2018-09-19,2.03,2.16,2.81,3.08,3.23,1.92,0.27
2018-09-20,2.03,2.17,2.81,3.07,3.21,1.92,0.26
2018-09-21,2.05,2.18,2.81,3.07,3.2,1.92,0.26
2018-09-22,2.05,2.18,2.81,3.07,3.2,1.92,0.26
2018-09-23,2.05,2.18,2.81,3.07,3.2,1.92,0.26
2018-09-24,2.07,2.22,2.83,3.08,3.21,1.93,0.25
2018-09-25,2.12,2.21,2.83,3.1,3.23,1.93,0.27
2018-09-26,2.11,2.2,2.83,3.06,3.19,1.93,0.23
2018-09-27,2.1,2.18,2.83,3.06,3.19,2.18,0.23
2018-09-28,2.12,2.19,2.81,3.05,3.19,2.18,0.24
2018-09-29,2.12,2.19,2.81,3.05,3.19,2.18,0.24
2018-09-30,2.12,2.19,2.81,3.05,3.19,2.18,0.24
2018-10-01,2.13,2.23,2.82,3.09,3.24,2.18,0.27
2018-10-02,2.14,2.23,2.82,3.05,3.2,2.18,0.23
2018-10-03,2.15,2.23,2.85,3.15,3.3,2.18,0.3
2018-10-04,2.16,2.22,2.87,3.19,3.35,2.18,0.32
2018-10-05,2.15,2.23,2.88,3.23,3.4,2.18,0.35
2018-10-06,2.15,2.23,2.88,3.23,3.4,2.18,0.35
2018-10-07,2.15,2.23,2.88,3.23,3.4,2.18,0.35
2018-10-08,2.15,2.23,2.88,3.23,3.4,2.18,0.35
2018-10-09,2.17,2.25,2.88,3.21,3.37,2.18,0.33
2018-10-10,2.18,2.27,2.88,3.22,3.39,2.18,0.34
2018-10-11,2.14,2.27,2.85,3.14,3.32,2.18,0.29
2018-10-12,2.14,2.28,2.85,3.15,3.32,2.18,0.3
2018-10-13,2.14,2.28,2.85,3.15,3.32,2.18,0.3
2018-10-14,2.14,2.28,2.85,3.15,3.32,2.18,0.3
2018-10-15,2.17,2.31,2.85,3.16,3.34,2.18,0.31
2018-10-16,2.19,2.3,2.87,3.16,3.32,2.18,0.29
2018-10-17,2.2,2.31,2.89,3.19,3.35,2.19,0.3
2018-10-18,2.19,2.32,2.87,3.17,3.36,2.19,0.3
2018-10-19,2.19,2.31,2.92,3.2,3.38,2.19,0.28
2018-10-20,2.19,2.31,2.92,3.2,3.38,2.19,0.28
2018-10-21,2.19,2.31,2.92,3.2,3.38,2.19,0.28
2018-10-22,2.18,2.34,2.92,3.2,3.38,2.19,0.28
2018-10-23,2.21,2.33,2.89,3.17,3.37,2.2,0.28
2018-10-24,2.2,2.34,2.84,3.1,3.33,2.2,0.26
2018-10-25,2.19,2.34,2.86,3.14,3.35,2.2,0.28
2018-10-26,2.16,2.33,2.81,3.08,3.32,2.2,0.27
2018-10-27,2.16,2.33,2.81,3.08,3.32,2.2,0.27
2018-10-28,2.16,2.33,2.81,3.08,3.32,2.2,0.27
2018-10-29,2.17,2.34,2.81,3.08,3.33,2.2,0.27
2018-10-30,2.21,2.33,2.84,3.12,3.36,2.2,0.28
2018-10-31,2.2,2.34,2.87,3.15,3.39,2.2,0.28
2018-11-01,2.21,2.32,2.84,3.14,3.38,2.2,0.3
2018-11-02,2.19,2.33,2.91,3.22,3.46,2.19,0.31
2018-11-03,2.19,2.33,2.91,3.22,3.46,2.19,0.31
2018-11-04,2.19,2.33,2.91,3.22,3.46,2.19,0.31
2018-11-05,2.2,2.36,2.91,3.2,3.43,2.2,0.29
2018-11-06,2.23,2.35,2.93,3.22,3.43,2.2,0.29
2018-11-07,2.23,2.37,2.96,3.22,3.43,2.2,0.26
2018-11-08,2.21,2.35,2.98,3.24,3.43,2.2,0.26
2018-11-09,2.21,2.36,2.94,3.19,3.4,2.19,0.25
2018-11-10,2.21,2.36,2.94,3.19,3.4,2.19,0.25
2018-11-11,2.21,2.36,2.94,3.19,3.4,2.19,0.25
2018-11-12,2.21,2.36,2.94,3.19,3.4,2.19,0.25
2018-11-13,2.24,2.38,2.89,3.14,3.36,2.2,0.25
2018-11-14,2.24,2.38,2.86,3.12,3.35,2.2,0.26
2018-11-15,2.2,2.37,2.86,3.11,3.36,2.2,0.25
2018-11-16,2.21,2.36,2.81,3.08,3.33,2.2,0.27
2018-11-17,2.21,2.36,2.81,3.08,3.33,2.2,0.27
2018-11-18,2.21,2.36,2.81,3.08,3.33,2.2,0.27
2018-11-19,2.23,2.38,2.79,3.06,3.32,2.2,0.27
2018-11-20,2.23,2.39,2.79,3.06,3.31,2.2,0.27
2018-11-21,2.25,2.41,2.81,3.06,3.31,2.2,0.25
2018-11-22,2.25,2.41,2.81,3.06,3.31,2.2,0.25
2018-11-23,2.25,2.41,2.81,3.05,3.31,2.2,0.24
2018-11-24,2.25,2.41,2.81,3.05,3.31,2.2,0.24
2018-11-25,2.25,2.41,2.81,3.05,3.31,2.2,0.24
2018-11-26,2.24,2.41,2.84,3.07,3.32,2.2,0.23
2018-11-27,2.31,2.41,2.83,3.06,3.32,2.2,0.23
2018-11-28,2.31,2.4,2.81,3.06,3.34,2.2,0.25
2018-11-29,2.31,2.37,2.81,3.03,3.33,2.2,0.22
2018-11-30,2.31,2.37,2.8,3.01,3.3,2.2,0.21
2018-12-01,2.31,2.37,2.8,3.01,3.3,2.2,0.21
2018-12-02,2.31,2.37,2.8,3.01,3.3,2.2,0.21
2018-12-03,2.3,2.38,2.83,2.98,3.27,2.19,0.15
2018-12-04,2.37,2.42,2.8,2.91,3.16,2.2,0.11
2018-12-05,2.37,2.42,2.8,2.91,3.16,2.2,0.11
2018-12-06,2.36,2.41,2.75,2.87,3.14,2.2,0.12
2018-12-07,2.32,2.4,2.72,2.85,3.14,2.19,0.13
2018-12-08,2.32,2.4,2.72,2.85,3.14,2.19,0.13
2018-12-09,2.32,2.4,2.72,2.85,3.14,2.19,0.13
2018-12-10,2.32,2.41,2.72,2.85,3.13,2.2,0.13
2018-12-11,2.28,2.41,2.78,2.89,3.13,2.19,0.11
2018-12-12,2.3,2.43,2.77,2.91,3.15,2.19,0.14
2018-12-13,2.36,2.43,2.75,2.91,3.16,2.19,0.16
2018-12-14,2.36,2.42,2.73,2.89,3.14,2.19,0.16
2018-12-15,2.36,2.42,2.73,2.89,3.14,2.19,0.16
2018-12-16,2.36,2.42,2.73,2.89,3.14,2.19,0.16
2018-12-17,2.36,2.4,2.7,2.86,3.11,2.2,0.16
2018-12-18,2.35,2.39,2.65,2.82,3.07,2.2,0.17
2018-12-19,2.35,2.4,2.63,2.77,3.0,2.2,0.14
2018-12-20,2.42,2.39,2.67,2.79,3.02,2.4,0.12
2018-12-21,2.41,2.39,2.63,2.79,3.03,2.4,0.16
2018-12-22,2.41,2.39,2.63,2.79,3.03,2.4,0.16
2018-12-23,2.41,2.39,2.63,2.79,3.03,2.4,0.16
2018-12-24,2.42,2.45,2.55,2.74,3.0,2.4,0.19
2018-12-25,2.42,2.45,2.55,2.74,3.0,2.4,0.19
2018-12-26,2.41,2.44,2.61,2.81,3.06,2.4,0.2
2018-12-27,2.43,2.41,2.56,2.77,3.05,2.4,0.21
2018-12-28,2.39,2.4,2.52,2.72,3.04,2.4,0.2
2018-12-29,2.39,2.4,2.52,2.72,3.04,2.4,0.2
2018-12-30,2.39,2.4,2.52,2.72,3.04,2.4,0.2
2018-12-31,2.44,2.45,2.48,2.69,3.02,2.4,0.21
2019-01-01,2.44,2.45,2.48,2.69,3.02,2.4,0.21
2019-01-02,2.4,2.42,2.5,2.66,2.97,2.4,0.16
2019-01-03,2.42,2.41,2.39,2.56,2.92,2.4,0.17
2019-01-04,2.4,2.42,2.5,2.67,2.98,2.4,0.17
2019-01-05,2.4,2.42,2.5,2.67,2.98,2.4,0.17
2019-01-06,2.4,2.42,2.5,2.67,2.98,2.4,0.17
2019-01-07,2.42,2.45,2.53,2.7,2.99,2.4,0.17
2019-01-08,2.4,2.46,2.58,2.73,3.0,2.4,0.15
2019-01-09,2.4,2.45,2.56,2.74,3.03,2.4,0.18
2019-01-10,2.42,2.43,2.56,2.74,3.06,2.4,0.18
2019-01-11,2.41,2.43,2.55,2.71,3.04,2.4,0.16
2019-01-12,2.41,2.43,2.55,2.71,3.04,2.4,0.16
2019-01-13,2.41,2.43,2.55,2.71,3.04,2.4,0.16
2019-01-14,2.42,2.45,2.53,2.71,3.06,2.4,0.18
2019-01-15,2.41,2.45,2.53,2.72,3.08,2.4,0.19
2019-01-16,2.41,2.43,2.55,2.73,3.07,2.4,0.18
2019-01-17,2.41,2.42,2.56,2.75,3.07,2.4,0.19
2019-01-18,2.4,2.41,2.62,2.79,3.09,2.4,0.17
2019-01-19,2.4,2.41,2.62,2.79,3.09,2.4,0.17
2019-01-20,2.4,2.41,2.62,2.79,3.09,2.4,0.17
2019-01-21,2.4,2.41,2.62,2.79,3.09,2.4,0.17
2019-01-22,2.38,2.43,2.58,2.74,3.06,2.4,0.16
2019-01-23,2.37,2.41,2.58,2.76,3.07,2.4,0.18
2019-01-24,2.38,2.37,2.56,2.72,3.04,2.4,0.16
2019-01-25,2.36,2.39,2.6,2.76,3.06,2.4,0.16
2019-01-26,2.36,2.39,2.6,2.76,3.06,2.4,0.16
2019-01-27,2.36,2.39,2.6,2.76,3.06,2.4,0.16
2019-01-28,2.39,2.42,2.6,2.75,3.06,2.4,0.15
2019-01-29,2.39,2.42,2.56,2.72,3.04,2.4,0.16
2019-01-30,2.4,2.42,2.52,2.7,3.06,2.4,0.18
2019-01-31,2.42,2.41,2.45,2.63,2.99,2.4,0.18
2019-02-01,2.41,2.4,2.52,2.7,3.03,2.4,0.18
2019-02-02,2.41,2.4,2.52,2.7,3.03,2.4,0.18
2019-02-03,2.41,2.4,2.52,2.7,3.03,2.4,0.18
2019-02-04,2.41,2.42,2.53,2.73,3.06,2.4,0.2
2019-02-05,2.39,2.42,2.53,2.71,3.03,2.4,0.18
2019-02-06,2.4,2.42,2.52,2.7,3.03,2.4,0.18
2019-02-07,2.43,2.42,2.48,2.65,3.0,2.4,0.17
2019-02-08,2.43,2.43,2.45,2.63,2.97,2.4,0.18
2019-02-09,2.43,2.43,2.45,2.63,2.97,2.4,0.18
2019-02-10,2.43,2.43,2.45,2.63,2.97,2.4,0.18
2019-02-11,2.44,2.45,2.48,2.65,3.0,2.4,0.17
2019-02-12,2.42,2.43,2.5,2.68,3.02,2.4,0.18
2019-02-13,2.42,2.44,2.53,2.71,3.04,2.4,0.18
2019-02-14,2.45,2.43,2.5,2.66,3.01,2.4,0.16
2019-02-15,2.43,2.43,2.52,2.66,3.0,2.4,0.14
2019-02-16,2.43,2.43,2.52,2.66,3.0,2.4,0.14
2019-02-17,2.43,2.43,2.52,2.66,3.0,2.4,0.14
2019-02-18,2.43,2.43,2.52,2.66,3.0,2.4,0.14
2019-02-19,2.44,2.45,2.5,2.65,2.99,2.4,0.15
2019-02-20,2.41,2.45,2.5,2.65,3.0,2.4,0.15
2019-02-21,2.43,2.45,2.53,2.69,3.05,2.4,0.16
2019-02-22,2.43,2.46,2.48,2.65,3.02,2.4,0.17
2019-02-23,2.43,2.46,2.48,2.65,3.02,2.4,0.17
2019-02-24,2.43,2.46,2.48,2.65,3.02,2.4,0.17
2019-02-25,2.44,2.47,2.51,2.67,3.03,2.4,0.16
2019-02-26,2.43,2.45,2.48,2.64,3.01,2.4,0.16
2019-02-27,2.43,2.45,2.5,2.69,3.07,2.4,0.19
2019-02-28,2.44,2.45,2.52,2.73,3.09,2.4,0.21
2019-03-01,2.44,2.44,2.55,2.76,3.13,2.4,0.21
2019-03-02,2.44,2.44,2.55,2.76,3.13,2.4,0.21
2019-03-03,2.44,2.44,2.55,2.76,3.13,2.4,0.21
2019-03-04,2.45,2.46,2.55,2.72,3.09,2.4,0.17
2019-03-05,2.44,2.46,2.55,2.72,3.08,2.4,0.17
2019-03-06,2.43,2.47,2.52,2.69,3.06,2.4,0.17
2019-03-07,2.45,2.45,2.47,2.64,3.03,2.4,0.17
2019-03-08,2.45,2.46,2.45,2.62,3.0,2.4,0.17
2019-03-09,2.45,2.46,2.45,2.62,3.0,2.4,0.17
2019-03-10,2.45,2.46,2.45,2.62,3.0,2.4,0.17
2019-03-11,2.44,2.46,2.47,2.64,3.03,2.4,0.17
2019-03-12,2.44,2.46,2.45,2.61,3.0,2.4,0.16
2019-03-13,2.43,2.45,2.45,2.61,3.02,2.4,0.16
2019-03-14,2.48,2.45,2.46,2.63,3.04,2.4,0.17
2019-03-15,2.46,2.45,2.43,2.59,3.02,2.4,0.16
2019-03-16,2.46,2.45,2.43,2.59,3.02,2.4,0.16
2019-03-17,2.46,2.45,2.43,2.59,3.02,2.4,0.16
2019-03-18,2.47,2.44,2.45,2.6,3.01,2.4,0.15
2019-03-19,2.46,2.46,2.46,2.61,3.02,2.4,0.15
2019-03-20,2.45,2.48,2.4,2.54,2.98,2.41,0.14
2019-03-21,2.51,2.49,2.41,2.54,2.96,2.41,0.13
2019-03-22,2.49,2.46,2.31,2.44,2.88,2.41,0.13
2019-03-23,2.49,2.46,2.31,2.44,2.88,2.41,0.13
2019-03-24,2.49,2.46,2.31,2.44,2.88,2.41,0.13
2019-03-25,2.47,2.46,2.26,2.43,2.87,2.4,0.17
2019-03-26,2.46,2.46,2.24,2.41,2.86,2.4,0.17
2019-03-27,2.45,2.44,2.22,2.39,2.83,2.41,0.17
2019-03-28,2.44,2.43,2.23,2.39,2.81,2.41,0.16
2019-03-29,2.43,2.4,2.27,2.41,2.81,2.43,0.14
2019-03-30,2.43,2.4,2.27,2.41,2.81,2.43,0.14
2019-03-31,2.43,2.4,2.27,2.41,2.81,2.43,0.14
2019-04-01,2.42,2.43,2.33,2.49,2.89,2.41,0.16
2019-04-02,2.43,2.42,2.3,2.48,2.88,2.41,0.18
2019-04-03,2.42,2.44,2.33,2.52,2.93,2.41,0.19
2019-04-04,2.43,2.44,2.33,2.51,2.92,2.41,0.18
2019-04-05,2.42,2.44,2.35,2.5,2.91,2.41,0.15
2019-04-06,2.42,2.44,2.35,2.5,2.91,2.41,0.15
2019-04-07,2.42,2.44,2.35,2.5,2.91,2.41,0.15
2019-04-08,2.43,2.43,2.36,2.52,2.93,2.41,0.16
2019-04-09,2.42,2.42,2.35,2.51,2.92,2.41,0.16
2019-04-10,2.4,2.43,2.31,2.48,2.9,2.41,0.17
2019-04-11,2.42,2.43,2.35,2.51,2.94,2.41,0.16
2019-04-12,2.41,2.44,2.4,2.56,2.97,2.41,0.16
2019-04-13,2.41,2.44,2.4,2.56,2.97,2.41,0.16
2019-04-14,2.41,2.44,2.4,2.56,2.97,2.41,0.16
2019-04-15,2.42,2.43,2.4,2.55,2.96,2.41,0.15
2019-04-16,2.43,2.43,2.41,2.6,2.99,2.41,0.19
2019-04-17,2.43,2.44,2.4,2.59,2.99,2.42,0.19
2019-04-18,2.44,2.42,2.38,2.57,2.96,2.43,0.19
2019-04-19,2.44,2.42,2.38,2.57,2.96,2.44,0.19
2019-04-20,2.44,2.42,2.38,2.57,2.96,2.44,0.19
2019-04-21,2.44,2.42,2.38,2.57,2.96,2.44,0.19
2019-04-22,2.44,2.44,2.38,2.59,2.99,2.44,0.21
2019-04-23,2.43,2.45,2.36,2.57,2.98,2.44,0.21
2019-04-24,2.42,2.44,2.32,2.53,2.94,2.44,0.21
2019-04-25,2.43,2.43,2.33,2.54,2.94,2.44,0.21
2019-04-26,2.42,2.42,2.28,2.51,2.92,2.44,0.23
2019-04-27,2.42,2.42,2.28,2.51,2.92,2.44,0.23
2019-04-28,2.42,2.42,2.28,2.51,2.92,2.44,0.23
2019-04-29,2.45,2.44,2.3,2.54,2.96,2.45,0.24
2019-04-30,2.43,2.43,2.27,2.51,2.93,2.45,0.24
2019-05-01,2.42,2.43,2.31,2.52,2.92,2.45,0.21
2019-05-02,2.44,2.47,2.35,2.55,2.94,2.41,0.2
2019-05-03,2.42,2.43,2.33,2.54,2.93,2.4,0.21
2019-05-04,2.42,2.43,2.33,2.54,2.93,2.4,0.21
2019-05-05,2.42,2.43,2.33,2.54,2.93,2.4,0.21
2019-05-06,2.43,2.44,2.31,2.51,2.91,2.4,0.2
2019-05-07,2.44,2.43,2.28,2.45,2.86,2.4,0.17
2019-05-08,2.42,2.43,2.3,2.49,2.89,2.39,0.19
2019-05-09,2.43,2.43,2.26,2.45,2.87,2.38,0.19
2019-05-10,2.42,2.43,2.26,2.47,2.89,2.38,0.21
2019-05-11,2.42,2.43,2.26,2.47,2.89,2.38,0.21
2019-05-12,2.42,2.43,2.26,2.47,2.89,2.38,0.21
2019-05-13,2.41,2.41,2.18,2.4,2.83,2.38,0.22
2019-05-14,2.41,2.41,2.2,2.42,2.86,2.38,0.22
2019-05-15,2.4,2.42,2.16,2.37,2.82,2.4,0.21
2019-05-16,2.4,2.4,2.2,2.4,2.84,2.39,0.2
2019-05-17,2.39,2.39,2.2,2.39,2.82,2.39,0.19
2019-05-18,2.39,2.39,2.2,2.39,2.82,2.39,0.19
2019-05-19,2.39,2.39,2.2,2.39,2.82,2.39,0.19
2019-05-20,2.39,2.39,2.21,2.41,2.83,2.39,0.2
2019-05-21,2.37,2.39,2.26,2.43,2.84,2.39,0.17
2019-05-22,2.36,2.38,2.23,2.39,2.82,2.38,0.16
2019-05-23,2.38,2.37,2.12,2.31,2.75,2.38,0.19
2019-05-24,2.37,2.35,2.16,2.32,2.75,2.38,0.16
2019-05-25,2.37,2.35,2.16,2.32,2.75,2.38,0.16
2019-05-26,2.37,2.35,2.16,2.32,2.75,2.38,0.16
2019-05-27,2.37,2.35,2.16,2.32,2.75,2.38,0.16
2019-05-28,2.35,2.37,2.12,2.26,2.7,2.39,0.14
2019-05-29,2.35,2.37,2.09,2.25,2.69,2.39,0.16
2019-05-30,2.37,2.38,2.06,2.22,2.65,2.39,0.16
2019-05-31,2.35,2.35,1.95,2.14,2.58,2.4,0.19
2019-06-01,2.35,2.35,1.95,2.14,2.58,2.4,0.19
2019-06-02,2.35,2.35,1.95,2.14,2.58,2.4,0.19
2019-06-03,2.36,2.35,1.82,2.07,2.53,2.38,0.25
2019-06-04,2.34,2.35,1.88,2.12,2.6,2.38,0.24
2019-06-05,2.31,2.35,1.83,2.12,2.63,2.38,0.29
2019-06-06,2.32,2.33,1.88,2.12,2.62,2.37,0.24
2019-06-07,2.3,2.28,1.85,2.09,2.57,2.37,0.24
2019-06-08,2.3,2.28,1.85,2.09,2.57,2.37,0.24
2019-06-09,2.3,2.28,1.85,2.09,2.57,2.37,0.24
2019-06-10,2.3,2.29,1.9,2.15,2.62,2.37,0.25
2019-06-11,2.27,2.27,1.93,2.15,2.62,2.37,0.22
2019-06-12,2.19,2.24,1.88,2.13,2.62,2.37,0.25
2019-06-13,2.24,2.19,1.83,2.1,2.61,2.37,0.27
2019-06-14,2.23,2.2,1.84,2.09,2.59,2.36,0.25
2019-06-15,2.23,2.2,1.84,2.09,2.59,2.36,0.25
2019-06-16,2.23,2.2,1.84,2.09,2.59,2.36,0.25
2019-06-17,2.22,2.23,1.86,2.09,2.58,2.38,0.23
2019-06-18,2.18,2.22,1.86,2.06,2.55,2.37,0.2
2019-06-19,2.14,2.18,1.74,2.03,2.54,2.37,0.29
2019-06-20,2.17,2.14,1.72,2.01,2.53,2.37,0.29
2019-06-21,2.16,2.11,1.77,2.07,2.59,2.38,0.3
2019-06-22,2.16,2.11,1.77,2.07,2.59,2.38,0.3
2019-06-23,2.16,2.11,1.77,2.07,2.59,2.38,0.3
2019-06-24,2.12,2.13,1.72,2.02,2.55,2.38,0.3
2019-06-25,2.11,2.12,1.71,2.0,2.53,2.38,0.29
2019-06-26,2.11,2.15,1.77,2.05,2.57,2.38,0.28
2019-06-27,2.19,2.14,1.74,2.01,2.52,2.38,0.27
2019-06-28,2.18,2.12,1.75,2.0,2.52,2.4,0.25
2019-06-29,2.18,2.12,1.75,2.0,2.52,2.4,0.25
2019-06-30,2.18,2.12,1.75,2.0,2.52,2.4,0.25
2019-07-01,2.17,2.21,1.78,2.03,2.55,2.39,0.25
2019-07-02,2.21,2.2,1.77,1.98,2.51,2.4,0.21
2019-07-03,2.25,2.21,1.77,1.96,2.47,2.41,0.19
2019-07-04,2.25,2.21,1.77,1.96,2.47,2.41,0.19
2019-07-05,2.26,2.23,1.87,2.04,2.54,2.42,0.17
2019-07-06,2.26,2.23,1.87,2.04,2.54,2.42,0.17
2019-07-07,2.26,2.23,1.87,2.04,2.54,2.42,0.17
2019-07-08,2.23,2.26,1.88,2.05,2.53,2.41,0.17
2019-07-09,2.22,2.26,1.92,2.07,2.54,2.41,0.15
2019-07-10,2.18,2.2,1.82,2.07,2.57,2.41,0.25
2019-07-11,2.17,2.17,1.85,2.13,2.65,2.4,0.28
2019-07-12,2.16,2.14,1.84,2.12,2.64,2.38,0.28
2019-07-13,2.16,2.14,1.84,2.12,2.64,2.38,0.28
2019-07-14,2.16,2.14,1.84,2.12,2.64,2.38,0.28
2019-07-15,2.17,2.16,1.83,2.09,2.61,2.4,0.26
2019-07-16,2.16,2.15,1.87,2.13,2.63,2.41,0.26
2019-07-17,2.13,2.14,1.83,2.06,2.57,2.41,0.23
2019-07-18,2.11,2.05,1.77,2.04,2.56,2.41,0.27
2019-07-19,2.11,2.06,1.8,2.05,2.57,2.41,0.25
2019-07-20,2.11,2.06,1.8,2.05,2.57,2.41,0.25
2019-07-21,2.11,2.06,1.8,2.05,2.57,2.41,0.25
2019-07-22,2.13,2.09,1.8,2.05,2.58,2.4,0.25
2019-07-23,2.12,2.06,1.83,2.08,2.61,2.4,0.25
2019-07-24,2.1,2.1,1.83,2.05,2.58,2.4,0.22
2019-07-25,2.16,2.1,1.86,2.08,2.6,2.4,0.22
2019-07-26,2.13,2.12,1.86,2.08,2.59,2.4,0.22
2019-07-27,2.13,2.12,1.86,2.08,2.59,2.4,0.22
2019-07-28,2.13,2.12,1.86,2.08,2.59,2.4,0.22
2019-07-29,2.12,2.12,1.85,2.06,2.59,2.4,0.21
2019-07-30,2.07,2.08,1.85,2.06,2.58,2.39,0.21
2019-07-31,2.01,2.08,1.89,2.02,2.53,2.4,0.13
2019-08-01,2.11,2.07,1.73,1.9,2.44,2.14,0.17
2019-08-02,2.11,2.06,1.72,1.86,2.39,2.14,0.14
2019-08-03,2.11,2.06,1.72,1.86,2.39,2.14,0.14
2019-08-04,2.11,2.06,1.72,1.86,2.39,2.14,0.14
2019-08-05,2.07,2.05,1.59,1.75,2.3,2.13,0.16
2019-08-06,2.05,2.05,1.6,1.73,2.25,2.13,0.13
2019-08-07,2.02,2.02,1.59,1.71,2.22,2.12,0.12
2019-08-08,2.09,2.02,1.62,1.72,2.25,2.12,0.1
2019-08-09,2.05,2.0,1.63,1.74,2.26,2.12,0.11
2019-08-10,2.05,2.0,1.63,1.74,2.26,2.12,0.11
2019-08-11,2.05,2.0,1.63,1.74,2.26,2.12,0.11
2019-08-12,2.09,2.0,1.58,1.65,2.14,2.12,0.07
2019-08-13,2.05,2.0,1.66,1.68,2.15,2.12,0.02
2019-08-14,1.98,1.96,1.58,1.59,2.03,2.12,0.01
2019-08-15,2.08,1.91,1.48,1.52,1.98,2.13,0.04
2019-08-16,2.05,1.87,1.48,1.55,2.01,2.13,0.07
2019-08-17,2.05,1.87,1.48,1.55,2.01,2.13,0.07
2019-08-18,2.05,1.87,1.48,1.55,2.01,2.13,0.07
2019-08-19,2.06,1.94,1.53,1.6,2.08,2.13,0.07
2019-08-20,2.05,1.94,1.5,1.55,2.04,2.13,0.05
2019-08-21,2.03,1.97,1.56,1.59,2.07,2.12,0.03
2019-08-22,2.1,2.0,1.61,1.62,2.11,2.12,0.01
2019-08-23,2.07,1.97,1.51,1.52,2.02,2.12,0.01
2019-08-24,2.07,1.97,1.51,1.52,2.02,2.12,0.01
2019-08-25,2.07,1.97,1.51,1.52,2.02,2.12,0.01
2019-08-26,2.09,2.01,1.54,1.54,2.04,2.12,0.0
2019-08-27,2.07,1.98,1.53,1.49,1.97,2.12,-0.04
2019-08-28,2.07,1.99,1.5,1.47,1.94,2.12,-0.03
2019-08-29,2.1,1.99,1.53,1.5,1.97,2.12,-0.03
2019-08-30,2.1,1.99,1.5,1.5,1.96,2.13,0.0
2019-08-31,2.1,1.99,1.5,1.5,1.96,2.13,0.0
2019-09-01,2.1,1.99,1.5,1.5,1.96,2.13,0.0
2019-09-02,2.1,1.99,1.5,1.5,1.96,2.13,0.0
2019-09-03,2.06,1.98,1.47,1.47,1.95,2.13,0.0
2019-09-04,2.05,1.97,1.43,1.47,1.97,2.13,0.04
2019-09-05,2.05,1.97,1.55,1.57,2.06,2.13,0.02
2019-09-06,2.05,1.96,1.53,1.55,2.02,2.12,0.02
2019-09-07,2.05,1.96,1.53,1.55,2.02,2.12,0.02
2019-09-08,2.05,1.96,1.53,1.55,2.02,2.12,0.02
2019-09-09,2.04,1.96,1.58,1.63,2.11,2.13,0.05
2019-09-10,2.04,1.95,1.67,1.72,2.19,2.13,0.05
2019-09-11,2.01,1.96,1.68,1.75,2.22,2.13,0.07
2019-09-12,1.99,1.95,1.72,1.79,2.22,2.13,0.07
2019-09-13,1.99,1.96,1.79,1.9,2.37,2.14,0.11
2019-09-14,1.99,1.96,1.79,1.9,2.37,2.14,0.11
2019-09-15,1.99,1.96,1.79,1.9,2.37,2.14,0.11
2019-09-16,2.08,1.99,1.74,1.84,2.31,2.25,0.1
2019-09-17,2.1,1.99,1.72,1.81,2.27,2.3,0.09
2019-09-18,1.94,1.95,1.77,1.8,2.25,2.25,0.03
2019-09-19,2.01,1.93,1.74,1.79,2.22,1.9,0.05
2019-09-20,1.95,1.91,1.69,1.74,2.17,1.9,0.05
2019-09-21,1.95,1.91,1.69,1.74,2.17,1.9,0.05
2019-09-22,1.95,1.91,1.69,1.74,2.17,1.9,0.05
2019-09-23,1.94,1.94,1.68,1.72,2.16,1.9,0.04
2019-09-24,1.9,1.92,1.6,1.64,2.09,1.9,0.04
2019-09-25,1.8,1.89,1.68,1.73,2.18,1.9,0.05
2019-09-26,1.91,1.83,1.66,1.7,2.15,1.85,0.04
2019-09-27,1.9,1.8,1.63,1.69,2.13,1.83,0.06
2019-09-28,1.9,1.8,1.63,1.69,2.13,1.83,0.06
2019-09-29,1.9,1.8,1.63,1.69,2.13,1.83,0.06
2019-09-30,1.91,1.88,1.63,1.68,2.12,1.9,0.05
2019-10-01,1.79,1.82,1.56,1.65,2.11,1.88,0.09
2019-10-02,1.75,1.79,1.48,1.6,2.09,1.85,0.12
2019-10-03,1.78,1.7,1.39,1.54,2.04,1.83,0.15
2019-10-04,1.73,1.71,1.4,1.52,2.01,1.82,0.12
2019-10-05,1.73,1.71,1.4,1.52,2.01,1.82,0.12
2019-10-06,1.73,1.71,1.4,1.52,2.01,1.82,0.12
2019-10-07,1.76,1.75,1.46,1.56,2.05,1.82,0.1
2019-10-08,1.69,1.72,1.42,1.54,2.04,1.82,0.12
2019-10-09,1.69,1.69,1.47,1.59,2.08,1.82,0.12
2019-10-10,1.74,1.68,1.53,1.67,2.16,1.82,0.14
2019-10-11,1.76,1.68,1.63,1.76,2.22,1.82,0.13
2019-10-12,1.76,1.68,1.63,1.76,2.22,1.82,0.13
2019-10-13,1.76,1.68,1.63,1.76,2.22,1.82,0.13
2019-10-14,1.76,1.68,1.63,1.76,2.22,1.82,0.13
2019-10-15,1.74,1.67,1.61,1.77,2.23,1.9,0.16
2019-10-16,1.71,1.66,1.58,1.75,2.23,1.9,0.17
2019-10-17,1.74,1.66,1.6,1.76,2.24,1.85,0.16
2019-10-18,1.75,1.66,1.58,1.76,2.25,1.85,0.18
2019-10-19,1.75,1.66,1.58,1.76,2.25,1.85,0.18
2019-10-20,1.75,1.66,1.58,1.76,2.25,1.85,0.18
2019-10-21,1.76,1.67,1.62,1.8,2.28,1.85,0.18
2019-10-22,1.75,1.65,1.6,1.78,2.26,1.85,0.18
2019-10-23,1.74,1.65,1.58,1.77,2.25,1.85,0.19
2019-10-24,1.75,1.67,1.58,1.77,2.26,1.85,0.19
2019-10-25,1.73,1.66,1.63,1.8,2.29,1.83,0.17
2019-10-26,1.73,1.66,1.63,1.8,2.29,1.83,0.17
2019-10-27,1.73,1.66,1.63,1.8,2.29,1.83,0.17
2019-10-28,1.74,1.65,1.64,1.85,2.34,1.83,0.21
2019-10-29,1.66,1.63,1.64,1.84,2.33,1.82,0.2
2019-10-30,1.61,1.62,1.61,1.78,2.26,1.82,0.17
2019-10-31,1.59,1.54,1.52,1.69,2.17,1.58,0.17
2019-11-01,1.58,1.52,1.56,1.73,2.21,1.57,0.17
2019-11-02,1.58,1.52,1.56,1.73,2.21,1.57,0.17
2019-11-03,1.58,1.52,1.56,1.73,2.21,1.57,0.17
2019-11-04,1.58,1.53,1.6,1.79,2.27,1.56,0.19
2019-11-05,1.56,1.56,1.63,1.86,2.34,1.56,0.23
2019-11-06,1.55,1.56,1.61,1.81,2.3,1.55,0.2
2019-11-07,1.57,1.56,1.68,1.92,2.4,1.55,0.24
2019-11-08,1.56,1.55,1.68,1.94,2.43,1.55,0.26
2019-11-09,1.56,1.55,1.68,1.94,2.43,1.55,0.26
2019-11-10,1.56,1.55,1.68,1.94,2.43,1.55,0.26
2019-11-11,1.56,1.55,1.68,1.94,2.43,1.55,0.26
2019-11-12,1.56,1.59,1.66,1.92,2.39,1.55,0.26
2019-11-13,1.56,1.57,1.63,1.88,2.36,1.55,0.25
2019-11-14,1.59,1.57,1.58,1.82,2.31,1.55,0.24
2019-11-15,1.59,1.57,1.61,1.84,2.31,1.55,0.23
2019-11-16,1.59,1.57,1.61,1.84,2.31,1.55,0.23
2019-11-17,1.59,1.57,1.61,1.84,2.31,1.55,0.23
2019-11-18,1.59,1.57,1.6,1.81,2.3,1.55,0.21
2019-11-19,1.58,1.57,1.6,1.79,2.26,1.55,0.19
2019-11-20,1.57,1.57,1.56,1.73,2.2,1.55,0.17
2019-11-21,1.57,1.58,1.6,1.77,2.24,1.55,0.17
2019-11-22,1.58,1.58,1.61,1.77,2.22,1.55,0.16
2019-11-23,1.58,1.58,1.61,1.77,2.22,1.55,0.16
2019-11-24,1.58,1.58,1.61,1.77,2.22,1.55,0.16
2019-11-25,1.6,1.61,1.61,1.76,2.21,1.55,0.15
2019-11-26,1.63,1.6,1.58,1.74,2.18,1.55,0.16
2019-11-27,1.65,1.62,1.63,1.77,2.19,1.55,0.14
2019-11-28,1.65,1.62,1.63,1.77,2.19,1.55,0.14
2019-11-29,1.62,1.59,1.61,1.78,2.21,1.56,0.17
2019-11-30,1.62,1.59,1.61,1.78,2.21,1.56,0.17
2019-12-01,1.62,1.59,1.61,1.78,2.21,1.56,0.17
2019-12-02,1.6,1.6,1.61,1.83,2.28,1.56,0.22
2019-12-03,1.56,1.57,1.53,1.72,2.17,1.55,0.19
2019-12-04,1.59,1.55,1.58,1.77,2.22,1.55,0.19
2019-12-05,1.52,1.54,1.58,1.8,2.24,1.55,0.22
2019-12-06,1.52,1.53,1.61,1.84,2.29,1.55,0.23
2019-12-07,1.52,1.53,1.61,1.84,2.29,1.55,0.23
2019-12-08,1.52,1.53,1.61,1.84,2.29,1.55,0.23
2019-12-09,1.54,1.54,1.63,1.83,2.27,1.55,0.2
2019-12-10,1.53,1.56,1.65,1.85,2.26,1.55,0.2
2019-12-11,1.54,1.57,1.61,1.79,2.23,1.55,0.18
2019-12-12,1.57,1.56,1.66,1.9,2.32,1.55,0.24
2019-12-13,1.55,1.57,1.61,1.82,2.26,1.55,0.21
2019-12-14,1.55,1.57,1.61,1.82,2.26,1.55,0.21
2019-12-15,1.55,1.57,1.61,1.82,2.26,1.55,0.21
2019-12-16,1.57,1.57,1.65,1.89,2.3,1.56,0.24
2019-12-17,1.56,1.56,1.63,1.89,2.31,1.55,0.26
2019-12-18,1.56,1.56,1.63,1.92,2.35,1.55,0.29
2019-12-19,1.54,1.57,1.62,1.92,2.35,1.55,0.3
2019-12-20,1.57,1.58,1.63,1.92,2.34,1.55,0.29
2019-12-21,1.57,1.58,1.63,1.92,2.34,1.55,0.29
2019-12-22,1.57,1.58,1.63,1.92,2.34,1.55,0.29
2019-12-23,1.57,1.59,1.64,1.93,2.35,1.55,0.29
2019-12-24,1.55,1.58,1.62,1.9,2.33,1.55,0.28
2019-12-25,1.55,1.58,1.62,1.9,2.33,1.55,0.28
2019-12-26,1.59,1.58,1.64,1.9,2.33,1.55,0.26
2019-12-27,1.56,1.57,1.59,1.88,2.32,1.55,0.29
2019-12-28,1.56,1.57,1.59,1.88,2.32,1.55,0.29
2019-12-29,1.56,1.57,1.59,1.88,2.32,1.55,0.29
2019-12-30,1.51,1.57,1.58,1.9,2.34,1.55,0.32
2019-12-31,1.48,1.55,1.58,1.92,2.39,1.55,0.34
2020-01-01,1.48,1.55,1.58,1.92,2.39,1.55,0.34
2020-01-02,1.53,1.54,1.58,1.88,2.33,1.55,0.3
2020-01-03,1.52,1.52,1.53,1.8,2.26,1.55,0.27
2020-01-04,1.52,1.52,1.53,1.8,2.26,1.55,0.27
2020-01-05,1.52,1.52,1.53,1.8,2.26,1.55,0.27
2020-01-06,1.54,1.56,1.54,1.81,2.28,1.55,0.27
2020-01-07,1.52,1.54,1.54,1.83,2.31,1.55,0.29
2020-01-08,1.5,1.54,1.58,1.87,2.35,1.55,0.29
2020-01-09,1.53,1.54,1.58,1.85,2.38,1.55,0.27
2020-01-10,1.52,1.54,1.56,1.83,2.28,1.54,0.27
2020-01-11,1.52,1.54,1.56,1.83,2.28,1.54,0.27
2020-01-12,1.52,1.54,1.56,1.83,2.28,1.54,0.27
2020-01-13,1.54,1.57,1.58,1.85,2.3,1.54,0.27
2020-01-14,1.53,1.57,1.58,1.82,2.27,1.54,0.24
2020-01-15,1.53,1.57,1.56,1.79,2.23,1.54,0.23
2020-01-16,1.54,1.55,1.58,1.81,2.26,1.54,0.23
2020-01-17,1.54,1.56,1.58,1.84,2.29,1.55,0.26
2020-01-18,1.54,1.56,1.58,1.84,2.29,1.55,0.26
2020-01-19,1.54,1.56,1.58,1.84,2.29,1.55,0.26
2020-01-20,1.54,1.56,1.58,1.84,2.29,1.55,0.26
2020-01-21,1.52,1.56,1.53,1.78,2.23,1.55,0.25
2020-01-22,1.52,1.55,1.53,1.77,2.22,1.55,0.24
2020-01-23,1.55,1.55,1.51,1.74,2.18,1.55,0.23
2020-01-24,1.54,1.54,1.49,1.7,2.14,1.55,0.21
2020-01-25,1.54,1.54,1.49,1.7,2.14,1.55,0.21
2020-01-26,1.54,1.54,1.49,1.7,2.14,1.55,0.21
2020-01-27,1.53,1.55,1.44,1.61,2.05,1.55,0.17
2020-01-28,1.53,1.57,1.45,1.65,2.1,1.55,0.2
2020-01-29,1.52,1.56,1.42,1.6,2.05,1.55,0.18
2020-01-30,1.59,1.57,1.41,1.57,2.04,1.6,0.16
2020-01-31,1.56,1.55,1.33,1.51,1.99,1.59,0.18
2020-02-01,1.56,1.55,1.33,1.51,1.99,1.59,0.18
2020-02-02,1.56,1.55,1.33,1.51,1.99,1.59,0.18
2020-02-03,1.56,1.57,1.36,1.54,2.01,1.59,0.18
2020-02-04,1.55,1.57,1.41,1.61,2.08,1.59,0.2
2020-02-05,1.55,1.57,1.44,1.66,2.14,1.59,0.22
2020-02-06,1.59,1.57,1.44,1.65,2.11,1.59,0.21
2020-02-07,1.57,1.56,1.41,1.59,2.05,1.58,0.18
2020-02-08,1.57,1.56,1.41,1.59,2.05,1.58,0.18
2020-02-09,1.57,1.56,1.41,1.59,2.05,1.58,0.18
2020-02-10,1.58,1.58,1.37,1.56,2.03,1.58,0.19
2020-02-11,1.57,1.57,1.41,1.59,2.05,1.58,0.18
2020-02-12,1.57,1.58,1.44,1.62,2.09,1.58,0.18
2020-02-13,1.59,1.59,1.44,1.61,2.07,1.58,0.17
2020-02-14,1.6,1.58,1.42,1.59,2.04,1.58,0.17
2020-02-15,1.6,1.58,1.42,1.59,2.04,1.58,0.17
2020-02-16,1.6,1.58,1.42,1.59,2.04,1.58,0.17
2020-02-17,1.6,1.58,1.42,1.59,2.04,1.58,0.17
2020-02-18,1.61,1.58,1.41,1.55,2.0,1.59,0.14
2020-02-19,1.61,1.58,1.42,1.56,2.01,1.59,0.14
2020-02-20,1.61,1.58,1.39,1.52,1.97,1.59,0.13
2020-02-21,1.6,1.56,1.34,1.46,1.9,1.58,0.12
2020-02-22,1.6,1.56,1.34,1.46,1.9,1.58,0.12
2020-02-23,1.6,1.56,1.34,1.46,1.9,1.58,0.12
2020-02-24,1.6,1.53,1.26,1.38,1.84,1.58,0.12
2020-02-25,1.59,1.53,1.2,1.33,1.8,1.58,0.13
2020-02-26,1.59,1.53,1.16,1.33,1.81,1.58,0.17
2020-02-27,1.56,1.45,1.11,1.3,1.79,1.58,0.19
2020-02-28,1.45,1.27,0.86,1.13,1.65,1.58,0.27
2020-02-29,1.45,1.27,0.86,1.13,1.65,1.58,0.27
2020-03-01,1.45,1.27,0.86,1.13,1.65,1.58,0.27
2020-03-02,1.41,1.13,0.84,1.1,1.66,1.59,0.26
2020-03-03,1.11,0.95,0.71,1.02,1.64,1.59,0.31
2020-03-04,1.0,0.72,0.67,1.02,1.67,1.09,0.35
2020-03-05,0.92,0.62,0.59,0.92,1.56,1.09,0.33
2020-03-06,0.79,0.45,0.49,0.74,1.25,1.09,0.25
2020-03-07,0.79,0.45,0.49,0.74,1.25,1.09,0.25
2020-03-08,0.79,0.45,0.49,0.74,1.25,1.09,0.25
2020-03-09,0.57,0.33,0.38,0.54,0.99,1.09,0.16
2020-03-10,0.57,0.44,0.5,0.76,1.28,1.09,0.26
2020-03-11,0.42,0.42,0.5,0.82,1.3,1.09,0.32
2020-03-12,0.41,0.33,0.5,0.88,1.49,1.1,0.38
2020-03-13,0.33,0.28,0.49,0.94,1.56,1.1,0.45
2020-03-14,0.33,0.28,0.49,0.94,1.56,1.1,0.45
2020-03-15,0.33,0.28,0.49,0.94,1.56,1.1,0.45
2020-03-16,0.25,0.24,0.36,0.73,1.34,0.25,0.37
2020-03-17,0.12,0.19,0.47,1.02,1.63,0.25,0.55
2020-03-18,0.04,0.02,0.54,1.18,1.77,0.25,0.64
2020-03-19,0.04,0.04,0.44,1.12,1.78,0.2,0.68
2020-03-20,0.04,0.05,0.37,0.92,1.55,0.15,0.55
2020-03-21,0.04,0.05,0.37,0.92,1.55,0.15,0.55
2020-03-22,0.04,0.05,0.37,0.92,1.55,0.15,0.55
2020-03-23,0.01,0.02,0.28,0.76,1.33,0.15,0.48
2020-03-24,0.01,0.01,0.38,0.84,1.39,0.12,0.46
2020-03-25,0.0,0.0,0.34,0.88,1.45,0.1,0.54
2020-03-26,0.01,0.0,0.3,0.83,1.42,0.1,0.53
2020-03-27,0.01,0.03,0.25,0.72,1.29,0.1,0.47
2020-03-28,0.01,0.03,0.25,0.72,1.29,0.1,0.47
2020-03-29,0.01,0.03,0.25,0.72,1.29,0.1,0.47
2020-03-30,0.04,0.12,0.23,0.7,1.31,0.09,0.47
2020-03-31,0.05,0.11,0.23,0.7,1.35,0.08,0.47
2020-04-01,0.03,0.09,0.23,0.62,1.27,0.06,0.39
2020-04-02,0.09,0.09,0.23,0.63,1.26,0.05,0.4
2020-04-03,0.09,0.1,0.23,0.62,1.24,0.05,0.39
2020-04-04,0.09,0.1,0.23,0.62,1.24,0.05,0.39
2020-04-05,0.09,0.1,0.23,0.62,1.24,0.05,0.39
2020-04-06,0.09,0.15,0.27,0.67,1.27,0.05,0.4
2020-04-07,0.1,0.14,0.28,0.75,1.32,0.05,0.47
2020-04-08,0.14,0.22,0.27,0.77,1.37,0.05,0.5
2020-04-09,0.2,0.25,0.23,0.73,1.35,0.05,0.5
2020-04-10,0.2,0.25,0.23,0.73,1.35,0.05,0.5
2020-04-11,0.2,0.25,0.23,0.73,1.35,0.05,0.5
2020-04-12,0.2,0.25,0.23,0.73,1.35,0.05,0.5
2020-04-13,0.17,0.26,0.25,0.76,1.39,0.05,0.51
2020-04-14,0.17,0.2,0.23,0.76,1.41,0.05,0.53
2020-04-15,0.14,0.14,0.2,0.63,1.27,0.05,0.43
2020-04-16,0.14,0.14,0.2,0.61,1.21,0.05,0.41
2020-04-17,0.12,0.12,0.2,0.65,1.27,0.05,0.45
2020-04-18,0.12,0.12,0.2,0.65,1.27,0.05,0.45
2020-04-19,0.12,0.12,0.2,0.65,1.27,0.05,0.45
2020-04-20,0.1,0.12,0.2,0.63,1.23,0.05,0.43
2020-04-21,0.08,0.11,0.2,0.58,1.17,0.05,0.38
2020-04-22,0.09,0.12,0.22,0.63,1.22,0.05,0.41
2020-04-23,0.09,0.11,0.22,0.61,1.18,0.04,0.39
2020-04-24,0.1,0.12,0.22,0.6,1.17,0.05,0.38
2020-04-25,0.1,0.12,0.22,0.6,1.17,0.05,0.38
2020-04-26,0.1,0.12,0.22,0.6,1.17,0.05,0.38
2020-04-27,0.09,0.12,0.24,0.67,1.25,0.04,0.43
2020-04-28,0.08,0.11,0.2,0.62,1.2,0.04,0.42
2020-04-29,0.1,0.1,0.2,0.63,1.24,0.04,0.43
2020-04-30,0.1,0.09,0.2,0.64,1.28,0.05,0.44
2020-05-01,0.1,0.12,0.2,0.64,1.27,0.05,0.44
2020-05-02,0.1,0.12,0.2,0.64,1.27,0.05,0.44
2020-05-03,0.1,0.12,0.2,0.64,1.27,0.05,0.44
2020-05-04,0.1,0.13,0.19,0.64,1.29,0.05,0.45
2020-05-05,0.09,0.13,0.19,0.66,1.32,0.05,0.47
2020-05-06,0.08,0.12,0.17,0.72,1.41,0.05,0.55
2020-05-07,0.1,0.11,0.13,0.63,1.31,0.05,0.5
2020-05-08,0.1,0.12,0.16,0.69,1.39,0.05,0.53
2020-05-09,0.1,0.12,0.16,0.69,1.39,0.05,0.53
2020-05-10,0.1,0.12,0.16,0.69,1.39,0.05,0.53
2020-05-11,0.09,0.12,0.17,0.73,1.43,0.05,0.56
2020-05-12,0.1,0.13,0.17,0.69,1.38,0.05,0.52
2020-05-13,0.1,0.13,0.16,0.64,1.35,0.05,0.48
2020-05-14,0.09,0.12,0.16,0.63,1.3,0.05,0.47
2020-05-15,0.09,0.12,0.16,0.64,1.32,0.05,0.48
2020-05-16,0.09,0.12,0.16,0.64,1.32,0.05,0.48
2020-05-17,0.09,0.12,0.16,0.64,1.32,0.05,0.48
2020-05-18,0.1,0.13,0.18,0.73,1.44,0.05,0.55
2020-05-19,0.09,0.13,0.17,0.7,1.43,0.05,0.53
2020-05-20,0.08,0.12,0.16,0.68,1.4,0.05,0.52
2020-05-21,0.09,0.12,0.17,0.68,1.4,0.05,0.51
2020-05-22,0.09,0.12,0.17,0.66,1.37,0.05,0.49
2020-05-23,0.09,0.12,0.17,0.66,1.37,0.05,0.49
2020-05-24,0.09,0.12,0.17,0.66,1.37,0.05,0.49
2020-05-25,0.09,0.12,0.17,0.66,1.37,0.05,0.49
2020-05-26,0.1,0.14,0.18,0.69,1.43,0.05,0.51
2020-05-27,0.11,0.15,0.19,0.68,1.44,0.05,0.49
2020-05-28,0.14,0.15,0.17,0.7,1.47,0.05,0.53
2020-05-29,0.13,0.14,0.16,0.65,1.41,0.05,0.49
2020-05-30,0.13,0.14,0.16,0.65,1.41,0.05,0.49
2020-05-31,0.13,0.14,0.16,0.65,1.41,0.05,0.49
2020-06-01,0.12,0.14,0.14,0.66,1.46,0.05,0.52
2020-06-02,0.12,0.15,0.17,0.68,1.48,0.06,0.51
2020-06-03,0.12,0.16,0.19,0.77,1.56,0.06,0.58
2020-06-04,0.13,0.15,0.19,0.82,1.61,0.06,0.63
2020-06-05,0.13,0.15,0.22,0.91,1.68,0.07,0.69
2020-06-06,0.13,0.15,0.22,0.91,1.68,0.07,0.69
2020-06-07,0.13,0.15,0.22,0.91,1.68,0.07,0.69
2020-06-08,0.15,0.17,0.22,0.88,1.65,0.07,0.66
2020-06-09,0.14,0.19,0.2,0.84,1.59,0.07,0.64
2020-06-10,0.13,0.17,0.17,0.75,1.53,0.08,0.58
2020-06-11,0.14,0.17,0.19,0.66,1.41,0.08,0.47
2020-06-12,0.14,0.16,0.19,0.71,1.45,0.08,0.52
2020-06-13,0.14,0.16,0.19,0.71,1.45,0.08,0.52
2020-06-14,0.14,0.16,0.19,0.71,1.45,0.08,0.52
2020-06-15,0.15,0.18,0.19,0.71,1.45,0.09,0.52
2020-06-16,0.14,0.17,0.21,0.75,1.54,0.09,0.54
2020-06-17,0.13,0.17,0.19,0.74,1.52,0.09,0.55
2020-06-18,0.13,0.16,0.19,0.71,1.47,0.09,0.52
2020-06-19,0.13,0.15,0.19,0.7,1.47,0.09,0.51
2020-06-20,0.13,0.15,0.19,0.7,1.47,0.09,0.51
2020-06-21,0.13,0.15,0.19,0.7,1.47,0.09,0.51
2020-06-22,0.14,0.16,0.19,0.71,1.46,0.08,0.52
2020-06-23,0.12,0.16,0.18,0.72,1.49,0.08,0.54
2020-06-24,0.11,0.15,0.19,0.69,1.44,0.08,0.5
2020-06-25,0.13,0.16,0.17,0.68,1.43,0.08,0.51
2020-06-26,0.12,0.14,0.17,0.64,1.37,0.08,0.47
2020-06-27,0.12,0.14,0.17,0.64,1.37,0.08,0.47
2020-06-28,0.12,0.14,0.17,0.64,1.37,0.08,0.47
2020-06-29,0.11,0.14,0.16,0.64,1.39,0.08,0.48
2020-06-30,0.13,0.16,0.16,0.66,1.41,0.08,0.5
2020-07-01,0.12,0.14,0.17,0.69,1.43,0.08,0.52
2020-07-02,0.13,0.14,0.16,0.68,1.43,0.09,0.52
2020-07-03,0.13,0.14,0.16,0.68,1.43,0.09,0.52
2020-07-04,0.13,0.14,0.16,0.68,1.43,0.09,0.52
2020-07-05,0.13,0.14,0.16,0.68,1.43,0.09,0.52
2020-07-06,0.12,0.15,0.16,0.69,1.45,0.09,0.53
2020-07-07,0.12,0.15,0.16,0.65,1.38,0.09,0.49
2020-07-08,0.11,0.15,0.16,0.67,1.39,0.09,0.51
2020-07-09,0.11,0.13,0.16,0.62,1.32,0.09,0.46
2020-07-10,0.1,0.13,0.16,0.65,1.33,0.09,0.49
2020-07-11,0.1,0.13,0.16,0.65,1.33,0.09,0.49
2020-07-12,0.1,0.13,0.16,0.65,1.33,0.09,0.49
2020-07-13,0.11,0.14,0.16,0.64,1.33,0.09,0.48
2020-07-14,0.11,0.15,0.14,0.63,1.3,0.09,0.49
2020-07-15,0.12,0.16,0.16,0.64,1.33,0.1,0.48
2020-07-16,0.12,0.11,0.16,0.62,1.31,0.1,0.46
2020-07-17,0.11,0.11,0.14,0.64,1.33,0.09,0.5
2020-07-18,0.11,0.11,0.14,0.64,1.33,0.09,0.5
2020-07-19,0.11,0.11,0.14,0.64,1.33,0.09,0.5
2020-07-20,0.11,0.13,0.16,0.62,1.32,0.1,0.46
2020-07-21,0.09,0.13,0.14,0.61,1.31,0.1,0.47
2020-07-22,0.09,0.13,0.14,0.6,1.29,0.09,0.46
2020-07-23,0.09,0.12,0.16,0.59,1.24,0.09,0.43
2020-07-24,0.1,0.11,0.14,0.59,1.23,0.09,0.45
2020-07-25,0.1,0.11,0.14,0.59,1.23,0.09,0.45
2020-07-26,0.1,0.11,0.14,0.59,1.23,0.09,0.45
2020-07-27,0.1,0.11,0.15,0.62,1.25,0.1,0.47
2020-07-28,0.09,0.11,0.14,0.59,1.22,0.1,0.45
2020-07-29,0.09,0.11,0.12,0.58,1.24,0.1,0.46
2020-07-30,0.1,0.09,0.11,0.55,1.2,0.1,0.44
2020-07-31,0.09,0.09,0.11,0.55,1.2,0.1,0.44
2020-08-01,0.09,0.09,0.11,0.55,1.2,0.1,0.44
2020-08-02,0.09,0.09,0.11,0.55,1.2,0.1,0.44
2020-08-03,0.09,0.1,0.11,0.56,1.23,0.1,0.45
2020-08-04,0.09,0.09,0.11,0.52,1.19,0.1,0.41
2020-08-05,0.08,0.1,0.11,0.55,1.22,0.1,0.44
2020-08-06,0.07,0.1,0.11,0.55,1.2,0.1,0.44
2020-08-07,0.08,0.1,0.13,0.57,1.23,0.1,0.44
2020-08-08,0.08,0.1,0.13,0.57,1.23,0.1,0.44
2020-08-09,0.08,0.1,0.13,0.57,1.23,0.1,0.44
2020-08-10,0.09,0.11,0.14,0.59,1.25,0.1,0.45
2020-08-11,0.08,0.11,0.16,0.64,1.32,0.1,0.48
2020-08-12,0.08,0.11,0.16,0.69,1.37,0.1,0.53
2020-08-13,0.08,0.1,0.16,0.71,1.42,0.1,0.55
2020-08-14,0.09,0.1,0.14,0.71,1.45,0.1,0.57
2020-08-15,0.09,0.1,0.14,0.71,1.45,0.1,0.57
2020-08-16,0.09,0.1,0.14,0.71,1.45,0.1,0.57
2020-08-17,0.09,0.1,0.14,0.69,1.43,0.1,0.55
2020-08-18,0.08,0.09,0.14,0.67,1.4,0.09,0.53
2020-08-19,0.07,0.11,0.14,0.68,1.42,0.09,0.54
2020-08-20,0.08,0.11,0.13,0.65,1.38,0.09,0.52
2020-08-21,0.07,0.1,0.16,0.64,1.35,0.09,0.48
2020-08-22,0.07,0.1,0.16,0.64,1.35,0.09,0.48
2020-08-23,0.07,0.1,0.16,0.64,1.35,0.09,0.48
2020-08-24,0.09,0.12,0.14,0.65,1.35,0.09,0.51
2020-08-25,0.08,0.11,0.15,0.69,1.39,0.09,0.54
2020-08-26,0.08,0.11,0.16,0.69,1.41,0.09,0.53
2020-08-27,0.09,0.11,0.16,0.74,1.5,0.08,0.58
2020-08-28,0.09,0.1,0.14,0.74,1.52,0.09,0.6
2020-08-29,0.09,0.1,0.14,0.74,1.52,0.09,0.6
2020-08-30,0.09,0.1,0.14,0.74,1.52,0.09,0.6
2020-08-31,0.08,0.11,0.14,0.72,1.49,0.09,0.58
2020-09-01,0.09,0.12,0.13,0.68,1.43,0.09,0.55
2020-09-02,0.1,0.12,0.14,0.66,1.38,0.09,0.52
2020-09-03,0.1,0.11,0.13,0.63,1.34,0.09,0.5
2020-09-04,0.09,0.11,0.14,0.72,1.46,0.09,0.58
2020-09-05,0.09,0.11,0.14,0.72,1.46,0.09,0.58
2020-09-06,0.09,0.11,0.14,0.72,1.46,0.09,0.58
2020-09-07,0.09,0.11,0.14,0.72,1.46,0.09,0.58
2020-09-08,0.1,0.13,0.14,0.69,1.43,0.09,0.55
2020-09-09,0.1,0.12,0.14,0.71,1.45,0.09,0.57
2020-09-10,0.1,0.12,0.14,0.68,1.43,0.09,0.54
2020-09-11,0.1,0.11,0.13,0.67,1.42,0.09,0.54
2020-09-12,0.1,0.11,0.13,0.67,1.42,0.09,0.54
2020-09-13,0.1,0.11,0.13,0.67,1.42,0.09,0.54
2020-09-14,0.1,0.11,0.14,0.68,1.42,0.09,0.54
2020-09-15,0.09,0.11,0.14,0.68,1.43,0.09,0.54
2020-09-16,0.08,0.12,0.14,0.69,1.45,0.09,0.55
2020-09-17,0.09,0.09,0.13,0.69,1.43,0.09,0.56
2020-09-18,0.09,0.1,0.14,0.7,1.45,0.09,0.56
2020-09-19,0.09,0.1,0.14,0.7,1.45,0.09,0.56
2020-09-20,0.09,0.1,0.14,0.7,1.45,0.09,0.56
2020-09-21,0.09,0.1,0.14,0.68,1.43,0.09,0.54
2020-09-22,0.08,0.1,0.13,0.68,1.42,0.09,0.55
2020-09-23,0.08,0.11,0.14,0.68,1.42,0.09,0.54
2020-09-24,0.08,0.1,0.14,0.67,1.4,0.09,0.53
2020-09-25,0.08,0.1,0.12,0.66,1.4,0.09,0.54
2020-09-26,0.08,0.1,0.12,0.66,1.4,0.09,0.54
2020-09-27,0.08,0.1,0.12,0.66,1.4,0.09,0.54
2020-09-28,0.09,0.11,0.14,0.67,1.42,0.09,0.53
2020-09-29,0.07,0.09,0.11,0.66,1.41,0.09,0.55
2020-09-30,0.08,0.1,0.13,0.69,1.46,0.09,0.56
2020-10-01,0.09,0.09,0.14,0.68,1.45,0.09,0.54
2020-10-02,0.1,0.09,0.13,0.7,1.48,0.09,0.57
2020-10-03,0.1,0.09,0.13,0.7,1.48,0.09,0.57
2020-10-04,0.1,0.09,0.13,0.7,1.48,0.09,0.57
2020-10-05,0.09,0.1,0.14,0.78,1.57,0.09,0.64
2020-10-06,0.08,0.1,0.14,0.76,1.56,0.09,0.62
2020-10-07,0.08,0.1,0.16,0.81,1.6,0.09,0.65
2020-10-08,0.09,0.09,0.13,0.78,1.57,0.09,0.65
2020-10-09,0.1,0.1,0.16,0.79,1.58,0.09,0.63
2020-10-10,0.1,0.1,0.16,0.79,1.58,0.09,0.63
2020-10-11,0.1,0.1,0.16,0.79,1.58,0.09,0.63
2020-10-12,0.1,0.1,0.16,0.79,1.58,0.09,0.63
2020-10-13,0.09,0.11,0.16,0.74,1.52,0.09,0.58
2020-10-14,0.1,0.12,0.14,0.73,1.5,0.09,0.59
2020-10-15,0.1,0.11,0.14,0.74,1.52,0.09,0.6
2020-10-16,0.09,0.11,0.14,0.76,1.52,0.09,0.62
2020-10-17,0.09,0.11,0.14,0.76,1.52,0.09,0.62
2020-10-18,0.09,0.11,0.14,0.76,1.52,0.09,0.62
2020-10-19,0.09,0.11,0.16,0.78,1.55,0.09,0.62
2020-10-20,0.08,0.1,0.14,0.81,1.6,0.09,0.67
2020-10-21,0.08,0.1,0.14,0.83,1.62,0.09,0.69
2020-10-22,0.09,0.09,0.16,0.87,1.67,0.09,0.71
2020-10-23,0.08,0.1,0.18,0.85,1.64,0.09,0.67
2020-10-24,0.08,0.1,0.18,0.85,1.64,0.09,0.67
2020-10-25,0.08,0.1,0.18,0.85,1.64,0.09,0.67
2020-10-26,0.08,0.11,0.16,0.81,1.59,0.09,0.65
2020-10-27,0.08,0.1,0.16,0.79,1.57,0.09,0.63
2020-10-28,0.07,0.1,0.16,0.79,1.56,0.09,0.63
2020-10-29,0.08,0.09,0.16,0.85,1.62,0.09,0.69
2020-10-30,0.08,0.09,0.14,0.88,1.65,0.09,0.74
2020-10-31,0.08,0.09,0.14,0.88,1.65,0.09,0.74
2020-11-01,0.08,0.09,0.14,0.88,1.65,0.09,0.74
2020-11-02,0.09,0.09,0.16,0.87,1.63,0.09,0.71
2020-11-03,0.09,0.1,0.17,0.9,1.66,0.09,0.73
2020-11-04,0.08,0.1,0.14,0.78,1.55,0.09,0.64
2020-11-05,0.09,0.1,0.14,0.79,1.54,0.09,0.65
2020-11-06,0.1,0.1,0.16,0.83,1.6,0.09,0.67
2020-11-07,0.1,0.1,0.16,0.83,1.6,0.09,0.67
2020-11-08,0.1,0.1,0.16,0.83,1.6,0.09,0.67
2020-11-09,0.1,0.11,0.17,0.96,1.73,0.09,0.79
2020-11-10,0.09,0.1,0.19,0.98,1.75,0.09,0.79
2020-11-11,0.09,0.1,0.19,0.98,1.75,0.09,0.79
2020-11-12,0.1,0.1,0.17,0.88,1.64,0.09,0.71
2020-11-13,0.1,0.09,0.17,0.89,1.65,0.09,0.72
2020-11-14,0.1,0.09,0.17,0.89,1.65,0.09,0.72
2020-11-15,0.1,0.09,0.17,0.89,1.65,0.09,0.72
2020-11-16,0.09,0.09,0.19,0.91,1.66,0.09,0.72
2020-11-17,0.08,0.09,0.18,0.87,1.62,0.09,0.69
2020-11-18,0.07,0.09,0.16,0.88,1.62,0.09,0.72
2020-11-19,0.08,0.07,0.18,0.86,1.58,0.08,0.68
2020-11-20,0.09,0.07,0.16,0.83,1.53,0.08,0.67
2020-11-21,0.09,0.07,0.16,0.83,1.53,0.08,0.67
2020-11-22,0.09,0.07,0.16,0.83,1.53,0.08,0.67
2020-11-23,0.08,0.08,0.16,0.86,1.56,0.08,0.7
2020-11-24,0.08,0.09,0.16,0.88,1.6,0.08,0.72
2020-11-25,0.07,0.09,0.17,0.88,1.62,0.08,0.71
2020-11-26,0.07,0.09,0.17,0.88,1.62,0.08,0.71
2020-11-27,0.09,0.09,0.16,0.84,1.57,0.08,0.68
2020-11-28,0.09,0.09,0.16,0.84,1.57,0.08,0.68
2020-11-29,0.09,0.09,0.16,0.84,1.57,0.08,0.68
2020-11-30,0.08,0.08,0.16,0.84,1.58,0.09,0.68
2020-12-01,0.07,0.09,0.17,0.92,1.66,0.09,0.75
2020-12-02,0.07,0.09,0.16,0.95,1.7,0.09,0.79
2020-12-03,0.08,0.08,0.16,0.92,1.67,0.09,0.76
2020-12-04,0.07,0.09,0.16,0.97,1.73,0.09,0.81
2020-12-05,0.07,0.09,0.16,0.97,1.73,0.09,0.81
2020-12-06,0.07,0.09,0.16,0.97,1.73,0.09,0.81
2020-12-07,0.09,0.08,0.14,0.94,1.69,0.09,0.8
2020-12-08,0.08,0.09,0.14,0.92,1.67,0.09,0.78
2020-12-09,0.07,0.08,0.16,0.95,1.69,0.09,0.79
2020-12-10,0.07,0.08,0.14,0.92,1.65,0.09,0.78
2020-12-11,0.08,0.08,0.11,0.9,1.63,0.09,0.79
2020-12-12,0.08,0.08,0.11,0.9,1.63,0.09,0.79
2020-12-13,0.08,0.08,0.11,0.9,1.63,0.09,0.79
2020-12-14,0.07,0.09,0.13,0.9,1.63,0.09,0.77
2020-12-15,0.07,0.08,0.11,0.92,1.65,0.09,0.81
2020-12-16,0.08,0.09,0.13,0.92,1.66,0.09,0.79
2020-12-17,0.08,0.08,0.13,0.94,1.68,0.09,0.81
2020-12-18,0.08,0.08,0.13,0.95,1.7,0.09,0.82
2020-12-19,0.08,0.08,0.13,0.95,1.7,0.09,0.82
2020-12-20,0.08,0.08,0.13,0.95,1.7,0.09,0.82
2020-12-21,0.08,0.09,0.13,0.95,1.68,0.09,0.82
2020-12-22,0.07,0.09,0.13,0.93,1.65,0.09,0.8
2020-12-23,0.07,0.09,0.13,0.96,1.7,0.09,0.83
2020-12-24,0.09,0.09,0.13,0.94,1.66,0.09,0.81
2020-12-25,0.09,0.09,0.13,0.94,1.66,0.09,0.81
2020-12-26,0.09,0.09,0.13,0.94,1.66,0.09,0.81
2020-12-27,0.09,0.09,0.13,0.94,1.66,0.09,0.81
2020-12-28,0.09,0.11,0.13,0.94,1.67,0.09,0.81
2020-12-29,0.08,0.1,0.12,0.94,1.67,0.09,0.82
2020-12-30,0.06,0.08,0.12,0.93,1.66,0.09,0.81
2020-12-31,0.08,0.09,0.13,0.93,1.65,0.09,0.8
2021-01-01,0.08,0.09,0.13,0.93,1.65,0.09,0.8
2021-01-02,0.08,0.09,0.13,0.93,1.65,0.09,0.8
2021-01-03,0.08,0.09,0.13,0.93,1.65,0.09,0.8
2021-01-04,0.09,0.09,0.11,0.93,1.66,0.09,0.82
2021-01-05,0.08,0.09,0.13,0.96,1.7,0.09,0.83
2021-01-06,0.09,0.09,0.14,1.04,1.81,0.09,0.9
2021-01-07,0.09,0.09,0.14,1.08,1.85,0.09,0.94
2021-01-08,0.08,0.08,0.14,1.13,1.87,0.09,0.99
2021-01-09,0.08,0.08,0.14,1.13,1.87,0.09,0.99
2021-01-10,0.08,0.08,0.14,1.13,1.87,0.09,0.99
2021-01-11,0.09,0.08,0.14,1.15,1.88,0.09,1.01
2021-01-12,0.09,0.09,0.14,1.15,1.88,0.09,1.01
2021-01-13,0.09,0.09,0.14,1.1,1.82,0.09,0.96
2021-01-14,0.09,0.09,0.16,1.15,1.88,0.09,0.99
2021-01-15,0.08,0.09,0.13,1.11,1.85,0.09,0.98
2021-01-16,0.08,0.09,0.13,1.11,1.85,0.09,0.98
2021-01-17,0.08,0.09,0.13,1.11,1.85,0.09,0.98
2021-01-18,0.08,0.09,0.13,1.11,1.85,0.09,0.98
2021-01-19,0.07,0.09,0.14,1.1,1.84,0.09,0.96
2021-01-20,0.08,0.08,0.13,1.1,1.84,0.09,0.97
2021-01-21,0.07,0.09,0.13,1.12,1.87,0.08,0.99
2021-01-22,0.07,0.08,0.13,1.1,1.85,0.08,0.97
2021-01-23,0.07,0.08,0.13,1.1,1.85,0.08,0.97
2021-01-24,0.07,0.08,0.13,1.1,1.85,0.08,0.97
2021-01-25,0.07,0.09,0.13,1.05,1.8,0.08,0.92
2021-01-26,0.05,0.07,0.11,1.05,1.8,0.08,0.94
2021-01-27,0.05,0.08,0.12,1.04,1.79,0.08,0.92
2021-01-28,0.05,0.07,0.12,1.07,1.81,0.07,0.95
2021-01-29,0.07,0.06,0.11,1.11,1.87,0.07,1.0
2021-01-30,0.07,0.06,0.11,1.11,1.87,0.07,1.0
2021-01-31,0.07,0.06,0.11,1.11,1.87,0.07,1.0
2021-02-01,0.06,0.07,0.11,1.09,1.84,0.08,0.98
2021-02-02,0.04,0.07,0.11,1.12,1.87,0.08,1.01
2021-02-03,0.03,0.04,0.11,1.15,1.92,0.08,1.04
2021-02-04,0.03,0.04,0.11,1.15,1.93,0.08,1.04
2021-02-05,0.02,0.03,0.09,1.19,1.97,0.08,1.1
2021-02-06,0.02,0.03,0.09,1.19,1.97,0.08,1.1
2021-02-07,0.02,0.03,0.09,1.19,1.97,0.08,1.1
2021-02-08,0.04,0.05,0.11,1.19,1.96,0.07,1.08
2021-02-09,0.04,0.04,0.11,1.18,1.95,0.08,1.07
2021-02-10,0.05,0.05,0.11,1.15,1.92,0.08,1.04
2021-02-11,0.05,0.05,0.11,1.16,1.94,0.08,1.05
2021-02-12,0.03,0.04,0.11,1.2,2.01,0.08,1.09
2021-02-13,0.03,0.04,0.11,1.2,2.01,0.08,1.09
2021-02-14,0.03,0.04,0.11,1.2,2.01,0.08,1.09
2021-02-15,0.03,0.04,0.11,1.2,2.01,0.08,1.09
2021-02-16,0.03,0.04,0.13,1.3,2.08,0.08,1.17
2021-02-17,0.03,0.04,0.11,1.29,2.06,0.08,1.18
2021-02-18,0.03,0.03,0.11,1.29,2.08,0.07,1.18
2021-02-19,0.03,0.04,0.11,1.34,2.14,0.07,1.23
2021-02-20,0.03,0.04,0.11,1.34,2.14,0.07,1.23
2021-02-21,0.03,0.04,0.11,1.34,2.14,0.07,1.23
2021-02-22,0.03,0.03,0.11,1.37,2.19,0.07,1.26
2021-02-23,0.03,0.04,0.11,1.37,2.21,0.07,1.26
2021-02-24,0.03,0.03,0.12,1.38,2.24,0.07,1.26
2021-02-25,0.04,0.04,0.17,1.54,2.33,0.07,1.37
2021-02-26,0.04,0.04,0.14,1.44,2.17,0.07,1.3
2021-02-27,0.04,0.04,0.14,1.44,2.17,0.07,1.3
2021-02-28,0.04,0.04,0.14,1.44,2.17,0.07,1.3
2021-03-01,0.03,0.05,0.13,1.45,2.23,0.07,1.32
2021-03-02,0.04,0.04,0.13,1.42,2.21,0.07,1.29
2021-03-03,0.04,0.05,0.14,1.47,2.25,0.07,1.33
2021-03-04,0.03,0.04,0.14,1.54,2.3,0.07,1.4
2021-03-05,0.04,0.04,0.14,1.56,2.28,0.07,1.42
2021-03-06,0.04,0.04,0.14,1.56,2.28,0.07,1.42
2021-03-07,0.04,0.04,0.14,1.56,2.28,0.07,1.42
2021-03-08,0.04,0.05,0.17,1.59,2.31,0.07,1.42
2021-03-09,0.04,0.05,0.17,1.55,2.26,0.07,1.38
2021-03-10,0.03,0.04,0.16,1.53,2.24,0.07,1.37
2021-03-11,0.04,0.04,0.14,1.54,2.29,0.07,1.4
2021-03-12,0.03,0.04,0.14,1.64,2.4,0.07,1.5
2021-03-13,0.03,0.04,0.14,1.64,2.4,0.07,1.5
2021-03-14,0.03,0.04,0.14,1.64,2.4,0.07,1.5
2021-03-15,0.02,0.04,0.14,1.62,2.37,0.07,1.48
2021-03-16,0.01,0.02,0.15,1.62,2.38,0.07,1.47
2021-03-17,0.01,0.02,0.13,1.63,2.42,0.07,1.5
2021-03-18,0.01,0.01,0.16,1.71,2.45,0.07,1.55
2021-03-19,0.01,0.01,0.16,1.74,2.45,0.07,1.58
2021-03-20,0.01,0.01,0.16,1.74,2.45,0.07,1.58
2021-03-21,0.01,0.01,0.16,1.74,2.45,0.07,1.58
2021-03-22,0.02,0.03,0.15,1.69,2.38,0.07,1.54
2021-03-23,0.02,0.01,0.15,1.63,2.34,0.07,1.48
2021-03-24,0.02,0.02,0.14,1.62,2.31,0.07,1.48
2021-03-25,0.02,0.02,0.14,1.63,2.34,0.07,1.49
2021-03-26,0.02,0.02,0.14,1.67,2.37,0.07,1.53
2021-03-27,0.02,0.02,0.14,1.67,2.37,0.07,1.53
2021-03-28,0.02,0.02,0.14,1.67,2.37,0.07,1.53
2021-03-29,0.02,0.03,0.14,1.73,2.43,0.07,1.59
2021-03-30,0.01,0.02,0.16,1.73,2.38,0.07,1.57
2021-03-31,0.01,0.03,0.16,1.74,2.41,0.06,1.58
2021-04-01,0.02,0.02,0.17,1.69,2.34,0.07,1.52
2021-04-02,0.02,0.02,0.19,1.72,2.35,0.07,1.53
2021-04-03,0.02,0.02,0.19,1.72,2.35,0.07,1.53
2021-04-04,0.02,0.02,0.19,1.72,2.35,0.07,1.53
2021-04-05,0.03,0.03,0.17,1.73,2.36,0.07,1.56
2021-04-06,0.02,0.02,0.16,1.67,2.32,0.07,1.51
2021-04-07,0.01,0.02,0.16,1.68,2.35,0.07,1.52
2021-04-08,0.02,0.01,0.14,1.64,2.32,0.07,1.5
2021-04-09,0.02,0.02,0.16,1.67,2.34,0.07,1.51
2021-04-10,0.02,0.02,0.16,1.67,2.34,0.07,1.51
2021-04-11,0.02,0.02,0.16,1.67,2.34,0.07,1.51
2021-04-12,0.02,0.02,0.18,1.69,2.34,0.07,1.51
2021-04-13,0.03,0.03,0.16,1.64,2.32,0.07,1.48
2021-04-14,0.02,0.02,0.16,1.64,2.32,0.07,1.48
2021-04-15,0.02,0.02,0.16,1.56,2.23,0.07,1.4
2021-04-16,0.02,0.02,0.16,1.59,2.26,0.07,1.43
2021-04-17,0.02,0.02,0.16,1.59,2.26,0.07,1.43
2021-04-18,0.02,0.02,0.16,1.59,2.26,0.07,1.43
2021-04-19,0.01,0.02,0.16,1.61,2.29,0.07,1.45
2021-04-20,0.01,0.03,0.15,1.58,2.27,0.07,1.43
2021-04-21,0.0,0.03,0.15,1.57,2.26,0.07,1.42
2021-04-22,0.02,0.03,0.16,1.57,2.24,0.07,1.41
2021-04-23,0.01,0.03,0.16,1.58,2.25,0.07,1.42
2021-04-24,0.01,0.03,0.16,1.58,2.25,0.07,1.42
2021-04-25,0.01,0.03,0.16,1.58,2.25,0.07,1.42
2021-04-26,0.02,0.03,0.18,1.58,2.24,0.07,1.4
2021-04-27,0.01,0.01,0.17,1.63,2.29,0.07,1.46
2021-04-28,0.01,0.01,0.17,1.63,2.29,0.07,1.46
2021-04-29,0.01,0.01,0.16,1.65,2.31,0.06,1.49
2021-04-30,0.01,0.01,0.16,1.65,2.3,0.05,1.49
2021-05-01,0.01,0.01,0.16,1.65,2.3,0.05,1.49
2021-05-02,0.01,0.01,0.16,1.65,2.3,0.05,1.49
2021-05-03,0.02,0.04,0.16,1.63,2.3,0.06,1.47
2021-05-04,0.01,0.02,0.16,1.61,2.27,0.06,1.45
2021-05-05,0.01,0.02,0.16,1.59,2.25,0.06,1.43
2021-05-06,0.01,0.02,0.16,1.58,2.24,0.06,1.42
2021-05-07,0.01,0.02,0.14,1.6,2.28,0.06,1.46
2021-05-08,0.01,0.02,0.14,1.6,2.28,0.06,1.46
2021-05-09,0.01,0.02,0.14,1.6,2.28,0.06,1.46
2021-05-10,0.02,0.02,0.16,1.63,2.32,0.06,1.47
2021-05-11,0.01,0.01,0.16,1.64,2.35,0.06,1.48
2021-05-12,0.01,0.02,0.16,1.69,2.4,0.06,1.53
2021-05-13,0.0,0.02,0.16,1.66,2.39,0.06,1.5
2021-05-14,0.01,0.01,0.16,1.63,2.35,0.06,1.47
2021-05-15,0.01,0.01,0.16,1.63,2.35,0.06,1.47
2021-05-16,0.01,0.01,0.16,1.63,2.35,0.06,1.47
2021-05-17,0.0,0.02,0.16,1.64,2.36,0.06,1.48
2021-05-18,0.0,0.02,0.16,1.64,2.37,0.06,1.48
2021-05-19,0.0,0.01,0.16,1.68,2.38,0.06,1.52
2021-05-20,0.01,0.01,0.15,1.63,2.34,0.06,1.48
2021-05-21,0.0,0.01,0.17,1.63,2.33,0.06,1.46
2021-05-22,0.0,0.01,0.17,1.63,2.33,0.06,1.46
2021-05-23,0.0,0.01,0.17,1.63,2.33,0.06,1.46
2021-05-24,0.01,0.02,0.15,1.61,2.31,0.06,1.46
2021-05-25,0.01,0.02,0.15,1.56,2.26,0.06,1.41
2021-05-26,0.0,0.02,0.14,1.58,2.27,0.06,1.44
2021-05-27,0.0,0.02,0.14,1.61,2.29,0.06,1.47
2021-05-28,0.01,0.01,0.14,1.58,2.26,0.05,1.44
2021-05-29,0.01,0.01,0.14,1.58,2.26,0.05,1.44
2021-05-30,0.01,0.01,0.14,1.58,2.26,0.05,1.44
2021-05-31,0.01,0.01,0.14,1.58,2.26,0.05,1.44
2021-06-01,0.01,0.02,0.16,1.62,2.3,0.06,1.46
2021-06-02,0.01,0.02,0.13,1.59,2.28,0.06,1.46
2021-06-03,0.0,0.02,0.16,1.63,2.3,0.06,1.47
2021-06-04,0.01,0.02,0.14,1.56,2.24,0.06,1.42
2021-06-05,0.01,0.02,0.14,1.56,2.24,0.06,1.42
2021-06-06,0.01,0.02,0.14,1.56,2.24,0.06,1.42
2021-06-07,0.01,0.02,0.16,1.57,2.25,0.06,1.41
2021-06-08,0.01,0.02,0.14,1.53,2.21,0.06,1.39
2021-06-09,0.01,0.03,0.16,1.5,2.17,0.06,1.34
2021-06-10,0.01,0.03,0.14,1.45,2.15,0.06,1.31
2021-06-11,0.01,0.03,0.16,1.47,2.15,0.06,1.31
2021-06-12,0.01,0.03,0.16,1.47,2.15,0.06,1.31
2021-06-13,0.01,0.03,0.16,1.47,2.15,0.06,1.31
2021-06-14,0.01,0.03,0.16,1.51,2.19,0.06,1.35
2021-06-15,0.02,0.03,0.16,1.51,2.2,0.06,1.35
2021-06-16,0.04,0.04,0.21,1.57,2.2,0.06,1.36
2021-06-17,0.05,0.04,0.23,1.52,2.11,0.1,1.29
2021-06-18,0.05,0.05,0.26,1.45,2.01,0.1,1.19
2021-06-19,0.05,0.05,0.26,1.45,2.01,0.1,1.19
2021-06-20,0.05,0.05,0.26,1.45,2.01,0.1,1.19
2021-06-21,0.04,0.05,0.27,1.5,2.11,0.1,1.23
2021-06-22,0.04,0.04,0.25,1.48,2.1,0.1,1.23
2021-06-23,0.04,0.05,0.26,1.5,2.11,0.1,1.24
2021-06-24,0.05,0.05,0.26,1.49,2.1,0.1,1.23
2021-06-25,0.05,0.06,0.28,1.54,2.16,0.1,1.26
2021-06-26,0.05,0.06,0.28,1.54,2.16,0.1,1.26
2021-06-27,0.05,0.06,0.28,1.54,2.16,0.1,1.26
2021-06-28,0.04,0.05,0.25,1.49,2.1,0.1,1.24
2021-06-29,0.04,0.04,0.27,1.49,2.1,0.1,1.22
2021-06-30,0.05,0.05,0.25,1.45,2.06,0.08,1.2
2021-07-01,0.05,0.05,0.25,1.48,2.07,0.1,1.23
2021-07-02,0.05,0.05,0.24,1.44,2.05,0.1,1.2
2021-07-03,0.05,0.05,0.24,1.44,2.05,0.1,1.2
2021-07-04,0.05,0.05,0.24,1.44,2.05,0.1,1.2
2021-07-05,0.05,0.05,0.24,1.44,2.05,0.1,1.2
2021-07-06,0.05,0.05,0.22,1.37,2.0,0.1,1.15
2021-07-07,0.05,0.05,0.22,1.33,1.94,0.1,1.11
2021-07-08,0.06,0.06,0.19,1.3,1.91,0.1,1.11
2021-07-09,0.06,0.06,0.23,1.37,1.99,0.1,1.14
2021-07-10,0.06,0.06,0.23,1.37,1.99,0.1,1.14
2021-07-11,0.06,0.06,0.23,1.37,1.99,0.1,1.14
2021-07-12,0.05,0.05,0.23,1.38,2.0,0.1,1.15
2021-07-13,0.05,0.05,0.26,1.42,2.04,0.1,1.16
2021-07-14,0.06,0.06,0.23,1.37,1.98,0.1,1.14
2021-07-15,0.05,0.05,0.23,1.31,1.92,0.1,1.08
2021-07-16,0.05,0.05,0.25,1.31,1.93,0.1,1.06
2021-07-17,0.05,0.05,0.25,1.31,1.93,0.1,1.06
2021-07-18,0.05,0.05,0.25,1.31,1.93,0.1,1.06
2021-07-19,0.05,0.05,0.21,1.19,1.81,0.1,0.98
2021-07-20,0.05,0.05,0.2,1.23,1.88,0.1,1.03
2021-07-21,0.04,0.05,0.22,1.3,1.94,0.1,1.08
2021-07-22,0.04,0.05,0.2,1.27,1.9,0.1,1.07
2021-07-23,0.05,0.05,0.22,1.3,1.92,0.1,1.08
2021-07-24,0.05,0.05,0.22,1.3,1.92,0.1,1.08
2021-07-25,0.05,0.05,0.22,1.3,1.92,0.1,1.08
2021-07-26,0.05,0.05,0.22,1.29,1.93,0.1,1.07
2021-07-27,0.04,0.05,0.2,1.25,1.89,0.1,1.05
2021-07-28,0.04,0.05,0.2,1.26,1.9,0.1,1.06
2021-07-29,0.05,0.06,0.2,1.28,1.91,0.1,1.08
2021-07-30,0.05,0.06,0.19,1.24,1.89,0.07,1.05
2021-07-31,0.05,0.06,0.19,1.24,1.89,0.07,1.05
2021-08-01,0.05,0.06,0.19,1.24,1.89,0.07,1.05
2021-08-02,0.05,0.05,0.17,1.2,1.86,0.1,1.03
2021-08-03,0.05,0.05,0.17,1.19,1.85,0.1,1.02
2021-08-04,0.05,0.05,0.17,1.19,1.83,0.1,1.02
2021-08-05,0.05,0.05,0.21,1.23,1.86,0.1,1.02
2021-08-06,0.04,0.06,0.21,1.31,1.94,0.1,1.1
2021-08-07,0.04,0.06,0.21,1.31,1.94,0.1,1.1
2021-08-08,0.04,0.06,0.21,1.31,1.94,0.1,1.1
2021-08-09,0.04,0.06,0.23,1.33,1.96,0.1,1.1
2021-08-10,0.05,0.05,0.24,1.36,1.99,0.1,1.12
2021-08-11,0.05,0.05,0.23,1.35,1.99,0.1,1.12
2021-08-12,0.05,0.06,0.23,1.36,2.03,0.1,1.13
2021-08-13,0.04,0.06,0.23,1.29,1.94,0.1,1.06
2021-08-14,0.04,0.06,0.23,1.29,1.94,0.1,1.06
2021-08-15,0.04,0.06,0.23,1.29,1.94,0.1,1.06
2021-08-16,0.04,0.06,0.21,1.26,1.92,0.1,1.05
2021-08-17,0.03,0.07,0.23,1.26,1.92,0.1,1.03
2021-08-18,0.03,0.07,0.23,1.27,1.91,0.09,1.04
2021-08-19,0.04,0.06,0.22,1.24,1.88,0.09,1.02
2021-08-20,0.04,0.05,0.23,1.26,1.87,0.09,1.03
2021-08-21,0.04,0.05,0.23,1.26,1.87,0.09,1.03
2021-08-22,0.04,0.05,0.23,1.26,1.87,0.09,1.03
2021-08-23,0.04,0.05,0.23,1.25,1.87,0.09,1.02
2021-08-24,0.03,0.05,0.24,1.29,1.91,0.09,1.05
2021-08-25,0.04,0.06,0.23,1.35,1.96,0.09,1.12
2021-08-26,0.04,0.05,0.25,1.34,1.94,0.09,1.09
2021-08-27,0.04,0.05,0.22,1.31,1.91,0.08,1.09
2021-08-28,0.04,0.05,0.22,1.31,1.91,0.08,1.09
2021-08-29,0.04,0.05,0.22,1.31,1.91,0.08,1.09
2021-08-30,0.04,0.05,0.2,1.29,1.9,0.08,1.09
2021-08-31,0.03,0.04,0.2,1.3,1.92,0.06,1.1
2021-09-01,0.04,0.05,0.2,1.31,1.92,0.08,1.11
2021-09-02,0.05,0.05,0.2,1.29,1.9,0.08,1.09
2021-09-03,0.04,0.05,0.21,1.33,1.94,0.08,1.12
2021-09-04,0.04,0.05,0.21,1.33,1.94,0.08,1.12
2021-09-05,0.04,0.05,0.21,1.33,1.94,0.08,1.12
2021-09-06,0.04,0.05,0.21,1.33,1.94,0.08,1.12
2021-09-07,0.04,0.05,0.22,1.38,1.99,0.08,1.16
2021-09-08,0.05,0.05,0.22,1.35,1.95,0.08,1.13
2021-09-09,0.07,0.04,0.23,1.3,1.9,0.08,1.07
2021-09-10,0.06,0.05,0.23,1.35,1.94,0.08,1.12
2021-09-11,0.06,0.05,0.23,1.35,1.94,0.08,1.12
2021-09-12,0.06,0.05,0.23,1.35,1.94,0.08,1.12
2021-09-13,0.06,0.06,0.21,1.33,1.91,0.08,1.12
2021-09-14,0.05,0.04,0.21,1.28,1.85,0.08,1.07
2021-09-15,0.04,0.04,0.21,1.31,1.87,0.08,1.1
2021-09-16,0.06,0.04,0.23,1.34,1.88,0.08,1.11
2021-09-17,0.06,0.04,0.23,1.37,1.91,0.08,1.14
2021-09-18,0.06,0.04,0.23,1.37,1.91,0.08,1.14
2021-09-19,0.06,0.04,0.23,1.37,1.91,0.08,1.14
2021-09-20,0.06,0.04,0.23,1.31,1.85,0.08,1.08
2021-09-21,0.05,0.03,0.22,1.33,1.86,0.08,1.11
2021-09-22,0.04,0.03,0.25,1.32,1.84,0.08,1.07
2021-09-23,0.05,0.03,0.27,1.41,1.92,0.08,1.14
2021-09-24,0.06,0.03,0.29,1.47,1.99,0.08,1.18
2021-09-25,0.06,0.03,0.29,1.47,1.99,0.08,1.18
2021-09-26,0.06,0.03,0.29,1.47,1.99,0.08,1.18
2021-09-27,0.06,0.04,0.31,1.48,1.99,0.08,1.17
2021-09-28,0.07,0.04,0.31,1.54,2.07,0.08,1.23
2021-09-29,0.05,0.04,0.3,1.55,2.09,0.08,1.25
2021-09-30,0.07,0.04,0.28,1.52,2.08,0.06,1.24
2021-10-01,0.08,0.04,0.27,1.48,2.04,0.08,1.21
2021-10-02,0.08,0.04,0.27,1.48,2.04,0.08,1.21
2021-10-03,0.08,0.04,0.27,1.48,2.04,0.08,1.21
2021-10-04,0.09,0.04,0.27,1.49,2.05,0.08,1.22
2021-10-05,0.1,0.04,0.28,1.54,2.1,0.08,1.26
2021-10-06,0.06,0.04,0.3,1.53,2.08,0.08,1.23
2021-10-07,0.03,0.05,0.32,1.58,2.13,0.08,1.26
2021-10-08,0.02,0.05,0.32,1.61,2.16,0.08,1.29
2021-10-09,0.02,0.05,0.32,1.61,2.16,0.08,1.29
2021-10-10,0.02,0.05,0.32,1.61,2.16,0.08,1.29
2021-10-11,0.02,0.05,0.32,1.61,2.16,0.08,1.29
2021-10-12,0.03,0.06,0.35,1.59,2.1,0.08,1.24
2021-10-13,0.03,0.05,0.37,1.56,2.05,0.08,1.19
2021-10-14,0.05,0.05,0.36,1.52,2.02,0.08,1.16
2021-10-15,0.04,0.05,0.41,1.59,2.05,0.08,1.18
2021-10-16,0.04,0.05,0.41,1.59,2.05,0.08,1.18
2021-10-17,0.04,0.05,0.41,1.59,2.05,0.08,1.18
2021-10-18,0.05,0.06,0.44,1.59,2.01,0.08,1.15
2021-10-19,0.06,0.05,0.41,1.65,2.09,0.08,1.24
2021-10-20,0.06,0.05,0.4,1.65,2.12,0.08,1.25
2021-10-21,0.06,0.06,0.45,1.68,2.13,0.08,1.23
2021-10-22,0.05,0.06,0.48,1.66,2.08,0.08,1.18
2021-10-23,0.05,0.06,0.48,1.66,2.08,0.08,1.18
2021-10-24,0.05,0.06,0.48,1.66,2.08,0.08,1.18
2021-10-25,0.07,0.06,0.47,1.64,2.09,0.08,1.17
2021-10-26,0.06,0.06,0.47,1.63,2.05,0.08,1.16
2021-10-27,0.06,0.06,0.5,1.54,1.95,0.08,1.04
2021-10-28,0.06,0.06,0.5,1.57,1.96,0.08,1.07
2021-10-29,0.06,0.05,0.48,1.55,1.93,0.07,1.07
2021-10-30,0.06,0.05,0.48,1.55,1.93,0.07,1.07
2021-10-31,0.06,0.05,0.48,1.55,1.93,0.07,1.07
2021-11-01,0.05,0.05,0.5,1.58,1.98,0.08,1.08
2021-11-02,0.05,0.05,0.46,1.56,1.96,0.08,1.1
2021-11-03,0.05,0.05,0.47,1.6,2.0,0.08,1.13
2021-11-04,0.05,0.04,0.41,1.53,1.96,0.08,1.12
2021-11-05,0.05,0.05,0.39,1.45,1.87,0.08,1.06
2021-11-06,0.05,0.05,0.39,1.45,1.87,0.08,1.06
2021-11-07,0.05,0.05,0.39,1.45,1.87,0.08,1.06
2021-11-08,0.04,0.06,0.45,1.51,1.89,0.08,1.06
2021-11-09,0.04,0.04,0.41,1.46,1.83,0.08,1.05
2021-11-10,0.06,0.05,0.51,1.56,1.92,0.08,1.05
2021-11-11,0.06,0.05,0.51,1.56,1.92,0.08,1.05
2021-11-12,0.05,0.05,0.53,1.58,1.95,0.08,1.05
2021-11-13,0.05,0.05,0.53,1.58,1.95,0.08,1.05
2021-11-14,0.05,0.05,0.53,1.58,1.95,0.08,1.05
2021-11-15,0.06,0.05,0.53,1.63,2.01,0.08,1.1
2021-11-16,0.06,0.05,0.54,1.63,2.02,0.08,1.09
2021-11-17,0.06,0.05,0.52,1.6,2.0,0.08,1.08
2021-11-18,0.12,0.05,0.52,1.59,1.97,0.08,1.07
2021-11-19,0.11,0.05,0.52,1.54,1.91,0.08,1.02
2021-11-20,0.11,0.05,0.52,1.54,1.91,0.08,1.02
2021-11-21,0.11,0.05,0.52,1.54,1.91,0.08,1.02
2021-11-22,0.07,0.05,0.63,1.63,1.98,0.08,1.0
2021-11-23,0.06,0.06,0.6,1.67,2.02,0.08,1.07
2021-11-24,0.14,0.06,0.64,1.64,1.96,0.08,1.0
2021-11-25,0.14,0.06,0.64,1.64,1.96,0.08,1.0
2021-11-26,0.11,0.06,0.5,1.48,1.83,0.08,0.98
2021-11-27,0.11,0.06,0.5,1.48,1.83,0.08,0.98
2021-11-28,0.11,0.06,0.5,1.48,1.83,0.08,0.98
2021-11-29,0.07,0.06,0.51,1.52,1.87,0.08,1.01
2021-11-30,0.11,0.05,0.52,1.43,1.78,0.07,0.91
2021-12-01,0.09,0.06,0.56,1.43,1.77,0.08,0.87
2021-12-02,0.05,0.05,0.63,1.44,1.76,0.08,0.81
2021-12-03,0.04,0.06,0.6,1.35,1.69,0.08,0.75
2021-12-04,0.04,0.06,0.6,1.35,1.69,0.08,0.75
2021-12-05,0.04,0.06,0.6,1.35,1.69,0.08,0.75
2021-12-06,0.05,0.05,0.65,1.43,1.75,0.08,0.78
2021-12-07,0.05,0.06,0.7,1.48,1.8,0.08,0.78
2021-12-08,0.04,0.07,0.68,1.52,1.87,0.08,0.84
2021-12-09,0.03,0.06,0.7,1.49,1.87,0.08,0.79
2021-12-10,0.03,0.06,0.67,1.48,1.88,0.08,0.81
2021-12-11,0.03,0.06,0.67,1.48,1.88,0.08,0.81
2021-12-12,0.03,0.06,0.67,1.48,1.88,0.08,0.81
2021-12-13,0.01,0.05,0.66,1.42,1.81,0.08,0.76
2021-12-14,0.02,0.05,0.67,1.44,1.82,0.08,0.77
2021-12-15,0.03,0.05,0.69,1.47,1.86,0.08,0.78
2021-12-16,0.04,0.05,0.64,1.44,1.87,0.08,0.8
2021-12-17,0.03,0.05,0.66,1.41,1.82,0.08,0.75
2021-12-18,0.03,0.05,0.66,1.41,1.82,0.08,0.75
2021-12-19,0.03,0.05,0.66,1.41,1.82,0.08,0.75
2021-12-20,0.03,0.07,0.65,1.43,1.85,0.08,0.78
2021-12-21,0.03,0.07,0.7,1.48,1.89,0.08,0.78
2021-12-22,0.03,0.08,0.68,1.46,1.86,0.08,0.78
2021-12-23,0.04,0.07,0.71,1.5,1.91,0.08,0.79
2021-12-24,0.04,0.07,0.71,1.5,1.91,0.08,0.79
2021-12-25,0.04,0.07,0.71,1.5,1.91,0.08,0.79
2021-12-26,0.04,0.07,0.71,1.5,1.91,0.08,0.79
2021-12-27,0.04,0.06,0.76,1.48,1.88,0.08,0.72
2021-12-28,0.03,0.06,0.74,1.49,1.9,0.08,0.75
2021-12-29,0.01,0.05,0.75,1.55,1.96,0.08,0.8
2021-12-30,0.06,0.05,0.73,1.52,1.93,0.08,0.79
2021-12-31,0.06,0.06,0.73,1.52,1.9,0.07,0.79
2022-01-01,0.06,0.06,0.73,1.52,1.9,0.07,0.79
2022-01-02,0.06,0.06,0.73,1.52,1.9,0.07,0.79
2022-01-03,0.05,0.08,0.78,1.63,2.01,0.08,0.85
2022-01-04,0.06,0.08,0.77,1.66,2.07,0.08,0.89
2022-01-05,0.05,0.09,0.83,1.71,2.09,0.08,0.88
2022-01-06,0.04,0.1,0.88,1.73,2.09,0.08,0.85
2022-01-07,0.05,0.1,0.87,1.76,2.11,0.08,0.89
2022-01-08,0.05,0.1,0.87,1.76,2.11,0.08,0.89
2022-01-09,0.05,0.1,0.87,1.76,2.11,0.08,0.89
2022-01-10,0.05,0.13,0.92,1.78,2.11,0.08,0.86
2022-01-11,0.04,0.11,0.9,1.75,2.08,0.08,0.85
2022-01-12,0.04,0.12,0.92,1.74,2.08,0.08,0.82
2022-01-13,0.05,0.12,0.91,1.7,2.05,0.08,0.79
2022-01-14,0.05,0.13,0.99,1.78,2.12,0.08,0.79
2022-01-15,0.05,0.13,0.99,1.78,2.12,0.08,0.79
2022-01-16,0.05,0.13,0.99,1.78,2.12,0.08,0.79
2022-01-17,0.05,0.13,0.99,1.78,2.12,0.08,0.79
2022-01-18,0.05,0.16,1.06,1.87,2.18,0.08,0.81
2022-01-19,0.05,0.17,1.04,1.83,2.14,0.08,0.79
2022-01-20,0.05,0.17,1.08,1.83,2.14,0.08,0.75
2022-01-21,0.05,0.17,1.01,1.75,2.07,0.08,0.74
2022-01-22,0.05,0.17,1.01,1.75,2.07,0.08,0.74
2022-01-23,0.05,0.17,1.01,1.75,2.07,0.08,0.74
2022-01-24,0.05,0.19,0.99,1.75,2.1,0.08,0.76
2022-01-25,0.05,0.19,1.02,1.78,2.12,0.08,0.76
2022-01-26,0.06,0.19,1.13,1.85,2.16,0.08,0.72
2022-01-27,0.04,0.2,1.18,1.81,2.09,0.08,0.63
2022-01-28,0.04,0.19,1.15,1.78,2.07,0.08,0.63
2022-01-29,0.04,0.19,1.15,1.78,2.07,0.08,0.63
2022-01-30,0.04,0.19,1.15,1.78,2.07,0.08,0.63
2022-01-31,0.03,0.22,1.18,1.79,2.11,0.08,0.61
2022-02-01,0.04,0.19,1.18,1.81,2.12,0.08,0.63
2022-02-02,0.04,0.19,1.16,1.78,2.11,0.08,0.62
2022-02-03,0.03,0.2,1.19,1.82,2.14,0.08,0.63
2022-02-04,0.05,0.23,1.31,1.93,2.23,0.08,0.62
2022-02-05,0.05,0.23,1.31,1.93,2.23,0.08,0.62
2022-02-06,0.05,0.23,1.31,1.93,2.23,0.08,0.62
2022-02-07,0.03,0.27,1.3,1.92,2.22,0.08,0.62
2022-02-08,0.03,0.25,1.35,1.96,2.25,0.08,0.61
2022-02-09,0.04,0.26,1.36,1.94,2.25,0.08,0.58
2022-02-10,0.05,0.4,1.61,2.03,2.3,0.08,0.42
2022-02-11,0.03,0.36,1.5,1.92,2.24,0.08,0.42
2022-02-12,0.03,0.36,1.5,1.92,2.24,0.08,0.42
2022-02-13,0.03,0.36,1.5,1.92,2.24,0.08,0.42
2022-02-14,0.03,0.43,1.58,1.98,2.29,0.08,0.4
2022-02-15,0.02,0.4,1.58,2.05,2.37,0.08,0.47
2022-02-16,0.03,0.38,1.52,2.03,2.34,0.08,0.51
2022-02-17,0.06,0.36,1.49,1.97,2.31,0.08,0.48
2022-02-18,0.03,0.35,1.47,1.92,2.24,0.08,0.45
2022-02-19,0.03,0.35,1.47,1.92,2.24,0.08,0.45
2022-02-20,0.03,0.35,1.47,1.92,2.24,0.08,0.45
2022-02-21,0.03,0.35,1.47,1.92,2.24,0.08,0.45
2022-02-22,0.03,0.37,1.56,1.94,2.24,0.08,0.38
2022-02-23,0.02,0.34,1.58,1.99,2.29,0.08,0.41
2022-02-24,0.05,0.32,1.54,1.96,2.28,0.08,0.42
2022-02-25,0.03,0.33,1.55,1.97,2.29,0.08,0.42
2022-02-26,0.03,0.33,1.55,1.97,2.29,0.08,0.42
2022-02-27,0.03,0.33,1.55,1.97,2.29,0.08,0.42
2022-02-28,0.06,0.35,1.44,1.83,2.17,0.08,0.39
2022-03-01,0.11,0.32,1.31,1.72,2.11,0.08,0.41
2022-03-02,0.13,0.34,1.5,1.86,2.24,0.08,0.36
2022-03-03,0.19,0.38,1.53,1.86,2.24,0.08,0.33
2022-03-04,0.15,0.34,1.5,1.74,2.16,0.08,0.24
2022-03-05,0.15,0.34,1.5,1.74,2.16,0.08,0.24
2022-03-06,0.15,0.34,1.5,1.74,2.16,0.08,0.24
2022-03-07,0.17,0.38,1.55,1.78,2.19,0.08,0.23
2022-03-08,0.16,0.36,1.63,1.86,2.24,0.08,0.23
2022-03-09,0.18,0.38,1.68,1.94,2.29,0.08,0.26
2022-03-10,0.19,0.39,1.72,1.98,2.38,0.08,0.26
2022-03-11,0.17,0.4,1.75,2.0,2.36,0.08,0.25
2022-03-12,0.17,0.4,1.75,2.0,2.36,0.08,0.25
2022-03-13,0.17,0.4,1.75,2.0,2.36,0.08,0.25
2022-03-14,0.23,0.45,1.87,2.14,2.47,0.08,0.27
2022-03-15,0.22,0.46,1.85,2.15,2.49,0.08,0.3
2022-03-16,0.24,0.44,1.95,2.19,2.46,0.08,0.24
2022-03-17,0.2,0.4,1.94,2.2,2.5,0.33,0.26
2022-03-18,0.19,0.42,1.97,2.14,2.42,0.33,0.17
2022-03-19,0.19,0.42,1.97,2.14,2.42,0.33,0.17
2022-03-20,0.19,0.42,1.97,2.14,2.42,0.33,0.17
2022-03-21,0.22,0.54,2.14,2.32,2.55,0.33,0.18
2022-03-22,0.2,0.51,2.18,2.38,2.6,0.33,0.2
2022-03-23,0.15,0.5,2.13,2.32,2.52,0.33,0.19
2022-03-24,0.16,0.52,2.13,2.34,2.51,0.33,0.21
2022-03-25,0.17,0.55,2.3,2.48,2.6,0.33,0.18
2022-03-26,0.17,0.55,2.3,2.48,2.6,0.33,0.18
2022-03-27,0.17,0.55,2.3,2.48,2.6,0.33,0.18
2022-03-28,0.19,0.59,2.35,2.46,2.57,0.33,0.11
2022-03-29,0.18,0.55,2.35,2.41,2.53,0.33,0.06
2022-03-30,0.16,0.55,2.31,2.35,2.48,0.33,0.04
2022-03-31,0.17,0.52,2.28,2.32,2.44,0.33,0.04
2022-04-01,0.15,0.53,2.44,2.39,2.44,0.33,-0.05
2022-04-02,0.15,0.53,2.44,2.39,2.44,0.33,-0.05
2022-04-03,0.15,0.53,2.44,2.39,2.44,0.33,-0.05
2022-04-04,0.18,0.66,2.43,2.42,2.48,0.33,-0.01
2022-04-05,0.18,0.65,2.51,2.54,2.57,0.33,0.03
2022-04-06,0.21,0.67,2.5,2.61,2.63,0.33,0.11
2022-04-07,0.21,0.68,2.47,2.66,2.69,0.33,0.19
2022-04-08,0.2,0.7,2.53,2.72,2.76,0.33,0.19
2022-04-09,0.2,0.7,2.53,2.72,2.76,0.33,0.19
2022-04-10,0.2,0.7,2.53,2.72,2.76,0.33,0.19
2022-04-11,0.22,0.77,2.5,2.79,2.84,0.33,0.29
2022-04-12,0.21,0.74,2.39,2.72,2.82,0.33,0.33
2022-04-13,0.26,0.75,2.37,2.7,2.81,0.33,0.33
2022-04-14,0.37,0.79,2.47,2.83,2.92,0.33,0.36
2022-04-15,0.37,0.79,2.47,2.83,2.92,0.33,0.36
2022-04-16,0.37,0.79,2.47,2.83,2.92,0.33,0.36
2022-04-17,0.37,0.79,2.47,2.83,2.92,0.33,0.36
2022-04-18,0.38,0.81,2.46,2.85,2.95,0.33,0.39
2022-04-19,0.37,0.81,2.61,2.93,3.01,0.33,0.32
2022-04-20,0.35,0.82,2.6,2.85,2.9,0.33,0.25
2022-04-21,0.5,0.83,2.68,2.9,2.94,0.33,0.22
2022-04-22,0.46,0.83,2.72,2.9,2.95,0.33,0.18
2022-04-23,0.46,0.83,2.72,2.9,2.95,0.33,0.18
2022-04-24,0.46,0.83,2.72,2.9,2.95,0.33,0.18
2022-04-25,0.4,0.91,2.63,2.81,2.88,0.33,0.18
2022-04-26,0.38,0.83,2.54,2.77,2.86,0.33,0.23
2022-04-27,0.37,0.82,2.58,2.82,2.91,0.33,0.24
2022-04-28,0.37,0.82,2.63,2.85,2.92,0.33,0.22
2022-04-29,0.37,0.85,2.7,2.89,2.96,0.33,0.19
2022-04-30,0.37,0.85,2.7,2.89,2.96,0.33,0.19
2022-05-01,0.37,0.85,2.7,2.89,2.96,0.33,0.19
2022-05-02,0.41,0.9,2.73,2.99,3.07,0.33,0.26
2022-05-03,0.48,0.91,2.78,2.97,3.03,0.33,0.19
2022-05-04,0.49,0.89,2.66,2.93,3.01,0.33,0.27
2022-05-05,0.49,0.85,2.71,3.05,3.15,0.83,0.34
2022-05-06,0.48,0.85,2.72,3.12,3.23,0.83,0.4
2022-05-07,0.48,0.85,2.72,3.12,3.23,0.83,0.4
2022-05-08,0.48,0.85,2.72,3.12,3.23,0.83,0.4
2022-05-09,0.51,0.92,2.61,3.05,3.19,0.83,0.44
2022-05-10,0.57,0.89,2.62,2.99,3.12,0.83,0.37
2022-05-11,0.59,0.91,2.66,2.91,3.05,0.83,0.25
2022-05-12,0.61,0.96,2.56,2.84,3.0,0.83,0.28
2022-05-13,0.67,1.03,2.61,2.93,3.1,0.83,0.32
2022-05-14,0.67,1.03,2.61,2.93,3.1,0.83,0.32
2022-05-15,0.67,1.03,2.61,2.93,3.1,0.83,0.32
2022-05-16,0.64,1.07,2.58,2.88,3.09,0.83,0.3
2022-05-17,0.61,1.06,2.71,2.98,3.17,0.83,0.27
2022-05-18,0.56,1.03,2.68,2.89,3.07,0.83,0.21
2022-05-19,0.65,1.05,2.63,2.84,3.05,0.83,0.21
2022-05-20,0.63,1.03,2.6,2.78,2.99,0.83,0.18
2022-05-21,0.63,1.03,2.6,2.78,2.99,0.83,0.18
2022-05-22,0.63,1.03,2.6,2.78,2.99,0.83,0.18
2022-05-23,0.55,1.07,2.65,2.86,3.08,0.83,0.21
2022-05-24,0.55,1.06,2.5,2.76,2.98,0.83,0.26
2022-05-25,0.58,1.06,2.48,2.75,2.97,0.83,0.27
2022-05-26,0.71,1.07,2.46,2.75,2.99,0.83,0.29
2022-05-27,0.69,1.08,2.47,2.74,2.97,0.83,0.27
2022-05-28,0.69,1.08,2.47,2.74,2.97,0.83,0.27
2022-05-29,0.69,1.08,2.47,2.74,2.97,0.83,0.27
2022-05-30,0.69,1.08,2.47,2.74,2.97,0.83,0.27
2022-05-31,0.73,1.16,2.53,2.85,3.07,0.83,0.32
2022-06-01,0.77,1.15,2.66,2.94,3.09,0.83,0.28
2022-06-02,0.85,1.17,2.65,2.92,3.09,0.83,0.27
2022-06-03,0.87,1.21,2.66,2.96,3.11,0.83,0.3
2022-06-04,0.87,1.21,2.66,2.96,3.11,0.83,0.3
2022-06-05,0.87,1.21,2.66,2.96,3.11,0.83,0.3
2022-06-06,0.88,1.26,2.73,3.04,3.19,0.83,0.31
2022-06-07,0.87,1.26,2.75,2.98,3.13,0.83,0.23
2022-06-08,0.89,1.28,2.78,3.03,3.18,0.83,0.25
2022-06-09,1.05,1.3,2.83,3.04,3.18,0.83,0.21
2022-06-10,1.1,1.39,3.06,3.15,3.2,0.83,0.09
2022-06-11,1.1,1.39,3.06,3.15,3.2,0.83,0.09
2022-06-12,1.1,1.39,3.06,3.15,3.2,0.83,0.09
2022-06-13,1.13,1.73,3.4,3.43,3.42,0.83,0.03
2022-06-14,1.19,1.83,3.45,3.49,3.45,0.83,0.04
2022-06-15,1.21,1.74,3.2,3.33,3.39,0.83,0.13
2022-06-16,1.19,1.59,3.14,3.28,3.35,1.58,0.14
2022-06-17,1.15,1.63,3.17,3.25,3.3,1.58,0.08
2022-06-18,1.15,1.63,3.17,3.25,3.3,1.58,0.08
2022-06-19,1.15,1.63,3.17,3.25,3.3,1.58,0.08
2022-06-20,1.15,1.63,3.17,3.25,3.3,1.58,0.08
2022-06-21,1.08,1.7,3.21,3.31,3.39,1.58,0.1
2022-06-22,0.98,1.61,3.06,3.16,3.25,1.58,0.1
2022-06-23,1.12,1.65,3.01,3.09,3.21,1.58,0.08
2022-06-24,1.19,1.73,3.04,3.13,3.26,1.58,0.09
2022-06-25,1.19,1.73,3.04,3.13,3.26,1.58,0.09
2022-06-26,1.19,1.73,3.04,3.13,3.26,1.58,0.09
2022-06-27,1.16,1.79,3.08,3.2,3.31,1.58,0.12
2022-06-28,1.12,1.79,3.1,3.2,3.3,1.58,0.1
2022-06-29,1.12,1.78,3.06,3.1,3.22,1.58,0.04
2022-06-30,1.28,1.72,2.92,2.98,3.14,1.58,0.06
2022-07-01,1.27,1.73,2.84,2.88,3.11,1.58,0.04
2022-07-02,1.27,1.73,2.84,2.88,3.11,1.58,0.04
2022-07-03,1.27,1.73,2.84,2.88,3.11,1.58,0.04
2022-07-04,1.27,1.73,2.84,2.88,3.11,1.58,0.04
2022-07-05,1.33,1.9,2.82,2.82,3.05,1.58,0.0
2022-07-06,1.36,1.9,2.97,2.93,3.14,1.58,-0.04
2022-07-07,1.55,1.95,3.03,3.01,3.2,1.58,-0.02
2022-07-08,1.57,1.98,3.12,3.09,3.27,1.58,-0.03
2022-07-09,1.57,1.98,3.12,3.09,3.27,1.58,-0.03
2022-07-10,1.57,1.98,3.12,3.09,3.27,1.58,-0.03
2022-07-11,1.58,2.18,3.07,2.99,3.18,1.58,-0.08
2022-07-12,1.63,2.22,3.03,2.96,3.13,1.58,-0.07
2022-07-13,1.78,2.39,3.13,2.91,3.08,1.58,-0.22
2022-07-14,1.99,2.4,3.15,2.96,3.11,1.58,-0.19
2022-07-15,1.98,2.37,3.13,2.93,3.1,1.58,-0.2
2022-07-16,1.98,2.37,3.13,2.93,3.1,1.58,-0.2
2022-07-17,1.98,2.37,3.13,2.93,3.1,1.58,-0.2
2022-07-18,1.96,2.5,3.15,2.96,3.14,1.58,-0.19
2022-07-19,1.93,2.52,3.23,3.01,3.17,1.58,-0.22
2022-07-20,1.92,2.51,3.25,3.04,3.17,1.58,-0.21
2022-07-21,2.15,2.48,3.1,2.91,3.08,1.58,-0.19
2022-07-22,2.15,2.49,2.98,2.77,3.0,1.58,-0.21
2022-07-23,2.15,2.49,2.98,2.77,3.0,1.58,-0.21
2022-07-24,2.15,2.49,2.98,2.77,3.0,1.58,-0.21
2022-07-25,2.14,2.62,3.0,2.81,3.04,1.58,-0.19
2022-07-26,2.17,2.55,3.02,2.81,3.03,1.58,-0.21
2022-07-27,2.14,2.44,2.96,2.78,3.03,1.58,-0.18
2022-07-28,2.2,2.42,2.85,2.68,3.02,2.33,-0.17
2022-07-29,2.22,2.41,2.89,2.67,3.0,2.32,-0.22
2022-07-30,2.22,2.41,2.89,2.67,3.0,2.32,-0.22
2022-07-31,2.22,2.41,2.89,2.67,3.0,2.32,-0.22
2022-08-01,2.22,2.56,2.9,2.6,2.92,2.33,-0.3
2022-08-02,2.22,2.56,3.06,2.75,3.0,2.33,-0.31
2022-08-03,2.2,2.52,3.1,2.73,2.96,2.33,-0.37
2022-08-04,2.19,2.5,3.03,2.68,2.97,2.33,-0.35
2022-08-05,2.21,2.58,3.24,2.83,3.06,2.33,-0.41
2022-08-06,2.21,2.58,3.24,2.83,3.06,2.33,-0.41
2022-08-07,2.21,2.58,3.24,2.83,3.06,2.33,-0.41
2022-08-08,2.23,2.65,3.21,2.77,3.0,2.33,-0.44
2022-08-09,2.23,2.67,3.28,2.8,3.01,2.33,-0.48
2022-08-10,2.24,2.65,3.23,2.78,3.04,2.33,-0.45
2022-08-11,2.24,2.62,3.23,2.87,3.15,2.33,-0.36
2022-08-12,2.23,2.63,3.25,2.84,3.12,2.33,-0.41
2022-08-13,2.23,2.63,3.25,2.84,3.12,2.33,-0.41
2022-08-14,2.23,2.63,3.25,2.84,3.12,2.33,-0.41
2022-08-15,2.27,2.72,3.2,2.79,3.1,2.33,-0.41
2022-08-16,2.26,2.7,3.25,2.82,3.11,2.33,-0.43
2022-08-17,2.22,2.68,3.28,2.89,3.15,2.33,-0.39
2022-08-18,2.23,2.71,3.22,2.88,3.14,2.33,-0.34
2022-08-19,2.23,2.74,3.25,2.98,3.22,2.33,-0.27
2022-08-20,2.23,2.74,3.25,2.98,3.22,2.33,-0.27
2022-08-21,2.23,2.74,3.25,2.98,3.22,2.33,-0.27
2022-08-22,2.27,2.82,3.32,3.03,3.24,2.33,-0.29
2022-08-23,2.28,2.8,3.29,3.05,3.26,2.33,-0.24
2022-08-24,2.29,2.82,3.36,3.11,3.32,2.33,-0.25
2022-08-25,2.42,2.88,3.35,3.03,3.25,2.33,-0.32
2022-08-26,2.39,2.89,3.37,3.04,3.21,2.33,-0.33
2022-08-27,2.39,2.89,3.37,3.04,3.21,2.33,-0.33
2022-08-28,2.39,2.89,3.37,3.04,3.21,2.33,-0.33
2022-08-29,2.45,2.97,3.42,3.12,3.25,2.33,-0.3
2022-08-30,2.43,2.97,3.46,3.11,3.23,2.33,-0.35
2022-08-31,2.4,2.96,3.45,3.15,3.27,2.33,-0.3
2022-09-01,2.53,2.97,3.51,3.26,3.37,2.33,-0.25
2022-09-02,2.49,2.94,3.4,3.2,3.35,2.33,-0.2
2022-09-03,2.49,2.94,3.4,3.2,3.35,2.33,-0.2
2022-09-04,2.49,2.94,3.4,3.2,3.35,2.33,-0.2
2022-09-05,2.49,2.94,3.4,3.2,3.35,2.33,-0.2
2022-09-06,2.44,3.04,3.5,3.33,3.49,2.33,-0.17
2022-09-07,2.3,3.07,3.45,3.27,3.42,2.33,-0.18
2022-09-08,2.57,3.06,3.48,3.29,3.45,2.33,-0.19
2022-09-09,2.57,3.08,3.56,3.33,3.47,2.33,-0.23
2022-09-10,2.57,3.08,3.56,3.33,3.47,2.33,-0.23
2022-09-11,2.57,3.08,3.56,3.33,3.47,2.33,-0.23
2022-09-12,2.62,3.17,3.58,3.37,3.53,2.33,-0.21
2022-09-13,2.55,3.28,3.75,3.42,3.51,2.33,-0.33
2022-09-14,2.54,3.24,3.78,3.41,3.47,2.33,-0.37
2022-09-15,2.76,3.22,3.87,3.45,3.48,2.33,-0.42
2022-09-16,2.68,3.2,3.85,3.45,3.52,2.33,-0.4
2022-09-17,2.68,3.2,3.85,3.45,3.52,2.33,-0.4
2022-09-18,2.68,3.2,3.85,3.45,3.52,2.33,-0.4
2022-09-19,2.62,3.37,3.95,3.49,3.52,2.33,-0.46
2022-09-20,2.57,3.35,3.96,3.57,3.59,2.33,-0.39
2022-09-21,2.59,3.31,4.02,3.51,3.5,2.33,-0.51
2022-09-22,2.73,3.29,4.11,3.7,3.65,3.08,-0.41
2022-09-23,2.67,3.24,4.2,3.69,3.61,3.08,-0.51
2022-09-24,2.67,3.24,4.2,3.69,3.61,3.08,-0.51
2022-09-25,2.67,3.24,4.2,3.69,3.61,3.08,-0.51
2022-09-26,2.73,3.39,4.27,3.88,3.72,3.08,-0.39
2022-09-27,2.71,3.35,4.3,3.97,3.87,3.08,-0.33
2022-09-28,2.63,3.4,4.07,3.72,3.7,3.08,-0.35
2022-09-29,2.78,3.36,4.16,3.76,3.71,3.08,-0.4
2022-09-30,2.79,3.33,4.22,3.83,3.79,3.08,-0.39
2022-10-01,2.79,3.33,4.22,3.83,3.79,3.08,-0.39
2022-10-02,2.79,3.33,4.22,3.83,3.79,3.08,-0.39
2022-10-03,2.87,3.46,4.12,3.67,3.73,3.08,-0.45
2022-10-04,2.91,3.45,4.1,3.62,3.7,3.08,-0.48
2022-10-05,2.89,3.46,4.15,3.76,3.78,3.08,-0.39
2022-10-06,3.05,3.46,4.23,3.83,3.81,3.08,-0.4
2022-10-07,3.03,3.45,4.3,3.89,3.86,3.08,-0.41
2022-10-08,3.03,3.45,4.3,3.89,3.86,3.08,-0.41
2022-10-09,3.03,3.45,4.3,3.89,3.86,3.08,-0.41
2022-10-10,3.03,3.45,4.3,3.89,3.86,3.08,-0.41
2022-10-11,3.07,3.67,4.3,3.93,3.92,3.08,-0.37
2022-10-12,3.07,3.7,4.28,3.91,3.9,3.08,-0.37
2022-10-13,3.35,3.79,4.47,3.97,3.97,3.08,-0.5
2022-10-14,3.3,3.81,4.48,4.0,3.99,3.08,-0.48
2022-10-15,3.3,3.81,4.48,4.0,3.99,3.08,-0.48
2022-10-16,3.3,3.81,4.48,4.0,3.99,3.08,-0.48
2022-10-17,3.3,3.97,4.45,4.02,4.04,3.08,-0.43
2022-10-18,3.25,4.04,4.43,4.01,4.04,3.08,-0.42
2022-10-19,3.31,4.07,4.55,4.14,4.15,3.08,-0.41
2022-10-20,3.58,4.09,4.62,4.24,4.24,3.08,-0.38
2022-10-21,3.55,4.09,4.49,4.21,4.33,3.08,-0.28
2022-10-22,3.55,4.09,4.49,4.21,4.33,3.08,-0.28
2022-10-23,3.55,4.09,4.49,4.21,4.33,3.08,-0.28
2022-10-24,3.57,4.16,4.5,4.25,4.4,3.08,-0.25
2022-10-25,3.56,4.14,4.42,4.1,4.26,3.08,-0.32
2022-10-26,3.54,4.11,4.39,4.04,4.19,3.08,-0.35
2022-10-27,3.76,4.13,4.3,3.96,4.12,3.08,-0.34
2022-10-28,3.75,4.18,4.41,4.02,4.15,3.08,-0.39
2022-10-29,3.75,4.18,4.41,4.02,4.15,3.08,-0.39
2022-10-30,3.75,4.18,4.41,4.02,4.15,3.08,-0.39
2022-10-31,3.73,4.22,4.51,4.1,4.22,3.08,-0.41
2022-11-01,3.72,4.23,4.54,4.07,4.14,3.08,-0.47
2022-11-02,3.7,4.22,4.61,4.1,4.15,3.08,-0.51
2022-11-03,3.75,4.25,4.71,4.14,4.18,3.83,-0.57
2022-11-04,3.73,4.21,4.66,4.17,4.27,3.83,-0.49
2022-11-05,3.73,4.21,4.66,4.17,4.27,3.83,-0.49
2022-11-06,3.73,4.21,4.66,4.17,4.27,3.83,-0.49
2022-11-07,3.78,4.29,4.72,4.22,4.34,3.83,-0.5
2022-11-08,3.66,4.28,4.67,4.14,4.28,3.83,-0.53
2022-11-09,3.65,4.29,4.61,4.12,4.31,3.83,-0.49
2022-11-10,3.71,4.28,4.34,3.82,4.03,3.83,-0.52
2022-11-11,3.71,4.28,4.34,3.82,4.03,3.83,-0.52
2022-11-12,3.71,4.28,4.34,3.82,4.03,3.83,-0.52
2022-11-13,3.71,4.28,4.34,3.82,4.03,3.83,-0.52
2022-11-14,3.72,4.34,4.4,3.88,4.07,3.83,-0.52
2022-11-15,3.77,4.31,4.37,3.8,3.98,3.83,-0.57
2022-11-16,3.81,4.32,4.35,3.67,3.85,3.83,-0.68
2022-11-17,3.93,4.32,4.43,3.77,3.89,3.83,-0.66
2022-11-18,3.93,4.34,4.51,3.82,3.92,3.83,-0.69
2022-11-19,3.93,4.34,4.51,3.82,3.92,3.83,-0.69
2022-11-20,3.93,4.34,4.51,3.82,3.92,3.83,-0.69
2022-11-21,3.97,4.41,4.48,3.83,3.91,3.83,-0.65
2022-11-22,3.97,4.4,4.47,3.76,3.83,3.83,-0.71
2022-11-23,4.12,4.4,4.46,3.71,3.74,3.83,-0.75
2022-11-24,4.12,4.4,4.46,3.71,3.74,3.83,-0.75
2022-11-25,4.16,4.41,4.42,3.68,3.74,3.83,-0.74
2022-11-26,4.16,4.41,4.42,3.68,3.74,3.83,-0.74
2022-11-27,4.16,4.41,4.42,3.68,3.74,3.83,-0.74
2022-11-28,4.11,4.41,4.46,3.69,3.74,3.83,-0.77
2022-11-29,4.08,4.38,4.48,3.75,3.81,3.83,-0.73
2022-11-30,4.07,4.37,4.38,3.68,3.8,3.83,-0.7
2022-12-01,4.04,4.33,4.25,3.53,3.64,3.83,-0.72
2022-12-02,3.91,4.34,4.28,3.51,3.56,3.83,-0.77
2022-12-03,3.91,4.34,4.28,3.51,3.56,3.83,-0.77
2022-12-04,3.91,4.34,4.28,3.51,3.56,3.83,-0.77
2022-12-05,3.93,4.36,4.41,3.6,3.62,3.83,-0.81
2022-12-06,3.87,4.37,4.34,3.51,3.52,3.83,-0.83
2022-12-07,3.79,4.29,4.26,3.42,3.42,3.83,-0.84
2022-12-08,3.75,4.28,4.31,3.48,3.44,3.83,-0.83
2022-12-09,3.81,4.31,4.33,3.57,3.56,3.83,-0.76
2022-12-10,3.81,4.31,4.33,3.57,3.56,3.83,-0.76
2022-12-11,3.81,4.31,4.33,3.57,3.56,3.83,-0.76
2022-12-12,3.86,4.38,4.39,3.61,3.57,3.83,-0.78
2022-12-13,3.89,4.35,4.22,3.51,3.53,3.83,-0.71
2022-12-14,3.91,4.33,4.23,3.49,3.52,3.83,-0.74
2022-12-15,3.95,4.34,4.23,3.44,3.48,4.33,-0.79
2022-12-16,3.94,4.31,4.17,3.48,3.53,4.33,-0.69
2022-12-17,3.94,4.31,4.17,3.48,3.53,4.33,-0.69
2022-12-18,3.94,4.31,4.17,3.48,3.53,4.33,-0.69
2022-12-19,3.95,4.37,4.25,3.57,3.62,4.33,-0.68
2022-12-20,3.89,4.35,4.25,3.69,3.74,4.33,-0.56
2022-12-21,3.9,4.33,4.21,3.68,3.74,4.33,-0.53
2022-12-22,3.8,4.35,4.24,3.67,3.73,4.33,-0.57
2022-12-23,3.8,4.34,4.31,3.75,3.82,4.33,-0.56
2022-12-24,3.8,4.34,4.31,3.75,3.82,4.33,-0.56
2022-12-25,3.8,4.34,4.31,3.75,3.82,4.33,-0.56
2022-12-26,3.8,4.34,4.31,3.75,3.82,4.33,-0.56
2022-12-27,3.87,4.46,4.32,3.84,3.93,4.33,-0.48
2022-12-28,3.86,4.46,4.31,3.88,3.98,4.33,-0.43
2022-12-29,4.04,4.45,4.34,3.83,3.92,4.33,-0.51
2022-12-30,4.12,4.42,4.41,3.88,3.97,4.33,-0.53
2022-12-31,4.12,4.42,4.41,3.88,3.97,4.33,-0.53
2023-01-01,4.12,4.42,4.41,3.88,3.97,4.33,-0.53
2023-01-02,4.12,4.42,4.41,3.88,3.97,4.33,-0.53
2023-01-03,4.17,4.53,4.4,3.79,3.88,4.33,-0.61
2023-01-04,4.2,4.55,4.36,3.69,3.81,4.33,-0.67
2023-01-05,4.3,4.66,4.45,3.71,3.78,4.33,-0.74
2023-01-06,4.32,4.67,4.24,3.55,3.67,4.33,-0.69
2023-01-07,4.32,4.67,4.24,3.55,3.67,4.33,-0.69
2023-01-08,4.32,4.67,4.24,3.55,3.67,4.33,-0.69
2023-01-09,4.37,4.7,4.19,3.53,3.66,4.33,-0.66
2023-01-10,4.41,4.73,4.24,3.61,3.74,4.33,-0.63
2023-01-11,4.42,4.72,4.2,3.54,3.67,4.33,-0.66
2023-01-12,4.57,4.66,4.12,3.43,3.56,4.33,-0.69
2023-01-13,4.58,4.67,4.22,3.49,3.61,4.33,-0.73
2023-01-14,4.58,4.67,4.22,3.49,3.61,4.33,-0.73
2023-01-15,4.58,4.67,4.22,3.49,3.61,4.33,-0.73
2023-01-16,4.58,4.67,4.22,3.49,3.61,4.33,-0.73
2023-01-17,4.6,4.71,4.18,3.53,3.64,4.33,-0.65
2023-01-18,4.59,4.69,4.06,3.37,3.54,4.33,-0.69
2023-01-19,4.69,4.71,4.09,3.39,3.57,4.33,-0.7
2023-01-20,4.69,4.72,4.14,3.48,3.66,4.33,-0.66
2023-01-21,4.69,4.72,4.14,3.48,3.66,4.33,-0.66
2023-01-22,4.69,4.72,4.14,3.48,3.66,4.33,-0.66
2023-01-23,4.69,4.73,4.21,3.52,3.69,4.33,-0.69
2023-01-24,4.7,4.72,4.12,3.46,3.62,4.33,-0.66
2023-01-25,4.67,4.72,4.11,3.46,3.62,4.33,-0.65
2023-01-26,4.61,4.71,4.17,3.49,3.62,4.33,-0.68
2023-01-27,4.61,4.73,4.19,3.52,3.64,4.33,-0.67
2023-01-28,4.61,4.73,4.19,3.52,3.64,4.33,-0.67
2023-01-29,4.61,4.73,4.19,3.52,3.64,4.33,-0.67
2023-01-30,4.6,4.72,4.25,3.55,3.66,4.33,-0.7
2023-01-31,4.58,4.7,4.21,3.52,3.65,4.33,-0.69
2023-02-01,4.59,4.66,4.09,3.39,3.55,4.33,-0.7
2023-02-02,4.62,4.66,4.09,3.4,3.55,4.58,-0.69
2023-02-03,4.61,4.7,4.3,3.53,3.63,4.58,-0.77
2023-02-04,4.61,4.7,4.3,3.53,3.63,4.58,-0.77
2023-02-05,4.61,4.7,4.3,3.53,3.63,4.58,-0.77
2023-02-06,4.61,4.71,4.44,3.63,3.67,4.58,-0.81
2023-02-07,4.62,4.71,4.47,3.67,3.72,4.58,-0.8
2023-02-08,4.64,4.72,4.45,3.63,3.7,4.58,-0.82
2023-02-09,4.66,4.77,4.48,3.67,3.75,4.57,-0.81
2023-02-10,4.66,4.79,4.5,3.74,3.83,4.58,-0.76
2023-02-11,4.66,4.79,4.5,3.74,3.83,4.58,-0.76
2023-02-12,4.66,4.79,4.5,3.74,3.83,4.58,-0.76
2023-02-13,4.66,4.81,4.52,3.72,3.79,4.58,-0.8
2023-02-14,4.63,4.8,4.6,3.77,3.81,4.58,-0.83
2023-02-15,4.64,4.79,4.62,3.81,3.85,4.58,-0.81
2023-02-16,4.66,4.84,4.62,3.86,3.92,4.58,-0.76
2023-02-17,4.64,4.84,4.6,3.82,3.88,4.58,-0.78
2023-02-18,4.64,4.84,4.6,3.82,3.88,4.58,-0.78
2023-02-19,4.64,4.84,4.6,3.82,3.88,4.58,-0.78
2023-02-20,4.64,4.84,4.6,3.82,3.88,4.58,-0.78
2023-02-21,4.63,4.86,4.67,3.95,3.98,4.58,-0.72
2023-02-22,4.62,4.84,4.66,3.93,3.94,4.58,-0.73
2023-02-23,4.66,4.84,4.66,3.88,3.88,4.58,-0.78
2023-02-24,4.68,4.86,4.78,3.95,3.93,4.58,-0.83
2023-02-25,4.68,4.86,4.78,3.95,3.93,4.58,-0.83
2023-02-26,4.68,4.86,4.78,3.95,3.93,4.58,-0.83
2023-02-27,4.67,4.89,4.78,3.92,3.93,4.57,-0.86
2023-02-28,4.65,4.88,4.81,3.92,3.93,4.57,-0.89
2023-03-01,4.67,4.9,4.89,4.01,3.97,4.58,-0.88
2023-03-02,4.75,4.91,4.89,4.08,4.03,4.57,-0.81
2023-03-03,4.75,4.91,4.86,3.97,3.9,4.57,-0.89
2023-03-04,4.75,4.91,4.86,3.97,3.9,4.57,-0.89
2023-03-05,4.75,4.91,4.86,3.97,3.9,4.57,-0.89
2023-03-06,4.75,4.93,4.89,3.98,3.92,4.57,-0.91
2023-03-07,4.8,5.04,5.0,3.97,3.88,4.57,-1.03
2023-03-08,4.77,5.06,5.05,3.98,3.88,4.57,-1.07
2023-03-09,4.83,5.05,4.9,3.93,3.88,4.57,-0.97
2023-03-10,4.81,5.01,4.6,3.7,3.7,4.57,-0.9
2023-03-11,4.81,5.01,4.6,3.7,3.7,4.57,-0.9
2023-03-12,4.81,5.01,4.6,3.7,3.7,4.57,-0.9
2023-03-13,4.62,4.87,4.03,3.55,3.7,4.58,-0.48
2023-03-14,4.47,4.88,4.2,3.64,3.77,4.58,-0.56
2023-03-15,4.23,4.75,3.93,3.51,3.7,4.58,-0.42
2023-03-16,4.22,4.74,4.14,3.56,3.71,4.58,-0.58
2023-03-17,4.31,4.52,3.81,3.39,3.6,4.58,-0.42
2023-03-18,4.31,4.52,3.81,3.39,3.6,4.58,-0.42
2023-03-19,4.31,4.52,3.81,3.39,3.6,4.58,-0.42
2023-03-20,4.34,4.81,3.92,3.47,3.65,4.58,-0.45
2023-03-21,4.07,4.78,4.17,3.59,3.73,4.58,-0.58
2023-03-22,4.16,4.79,3.96,3.48,3.68,4.58,-0.48
2023-03-23,4.26,4.73,3.76,3.38,3.66,4.83,-0.38
2023-03-24,4.28,4.74,3.76,3.38,3.64,4.83,-0.38
2023-03-25,4.28,4.74,3.76,3.38,3.64,4.83,-0.38
2023-03-26,4.28,4.74,3.76,3.38,3.64,4.83,-0.38
2023-03-27,4.22,4.91,3.94,3.53,3.77,4.83,-0.41
2023-03-28,4.24,4.8,4.02,3.55,3.77,4.83,-0.47
2023-03-29,4.34,4.8,4.08,3.57,3.78,4.83,-0.51
2023-03-30,4.74,4.97,4.1,3.55,3.74,4.83,-0.55
2023-03-31,4.74,4.85,4.06,3.48,3.67,4.83,-0.58
2023-04-01,4.74,4.85,4.06,3.48,3.67,4.83,-0.58
2023-04-02,4.74,4.85,4.06,3.48,3.67,4.83,-0.58
2023-04-03,4.7,4.9,3.97,3.43,3.64,4.83,-0.54
2023-04-04,4.66,4.88,3.84,3.35,3.6,4.83,-0.49
2023-04-05,4.62,4.86,3.79,3.3,3.56,4.83,-0.49
2023-04-06,4.57,4.91,3.82,3.3,3.54,4.83,-0.52
2023-04-07,4.56,4.95,3.97,3.39,3.61,4.83,-0.58
2023-04-08,4.56,4.95,3.97,3.39,3.61,4.83,-0.58
2023-04-09,4.56,4.95,3.97,3.39,3.61,4.83,-0.58
2023-04-10,4.53,5.08,4.0,3.41,3.62,4.83,-0.59
2023-04-11,4.27,5.04,4.03,3.43,3.62,4.83,-0.6
2023-04-12,4.27,5.02,3.95,3.41,3.64,4.83,-0.54
2023-04-13,4.08,5.1,3.96,3.45,3.69,4.83,-0.51
2023-04-14,4.29,5.14,4.08,3.52,3.74,4.83,-0.56
2023-04-15,4.29,5.14,4.08,3.52,3.74,4.83,-0.56
2023-04-16,4.29,5.14,4.08,3.52,3.74,4.83,-0.56
2023-04-17,4.09,5.21,4.18,3.6,3.81,4.83,-0.58
2023-04-18,3.89,5.2,4.19,3.58,3.79,4.83,-0.61
2023-04-19,3.95,5.16,4.24,3.6,3.79,4.83,-0.64
2023-04-20,3.4,5.12,4.14,3.54,3.75,4.83,-0.6
2023-04-21,3.36,5.14,4.17,3.57,3.78,4.83,-0.6
2023-04-22,3.36,5.14,4.17,3.57,3.78,4.83,-0.6
2023-04-23,3.36,5.14,4.17,3.57,3.78,4.83,-0.6
2023-04-24,3.54,5.2,4.12,3.52,3.73,4.83,-0.6
2023-04-25,4.11,5.12,3.86,3.4,3.65,4.83,-0.46
2023-04-26,3.91,5.16,3.9,3.43,3.7,4.83,-0.47
2023-04-27,4.27,5.18,4.07,3.53,3.76,4.83,-0.54
2023-04-28,4.35,5.1,4.04,3.44,3.67,4.83,-0.6
2023-04-29,4.35,5.1,4.04,3.44,3.67,4.83,-0.6
2023-04-30,4.35,5.1,4.04,3.44,3.67,4.83,-0.6
2023-05-01,4.49,5.27,4.14,3.59,3.84,4.83,-0.55
2023-05-02,4.56,5.24,3.97,3.44,3.72,4.83,-0.53
2023-05-03,4.7,5.26,3.89,3.38,3.7,4.83,-0.51
2023-05-04,5.76,5.26,3.75,3.37,3.73,5.08,-0.38
2023-05-05,5.59,5.26,3.92,3.44,3.76,5.08,-0.48
2023-05-06,5.59,5.26,3.92,3.44,3.76,5.08,-0.48
2023-05-07,5.59,5.26,3.92,3.44,3.76,5.08,-0.48
2023-05-08,5.51,5.31,4.0,3.52,3.84,5.08,-0.48
2023-05-09,5.56,5.29,4.01,3.53,3.85,5.08,-0.48
2023-05-10,5.5,5.24,3.9,3.43,3.8,5.08,-0.47
2023-05-11,5.81,5.2,3.89,3.39,3.73,5.08,-0.5
2023-05-12,5.79,5.25,3.98,3.46,3.78,5.08,-0.52
2023-05-13,5.79,5.25,3.98,3.46,3.78,5.08,-0.52
2023-05-14,5.79,5.25,3.98,3.46,3.78,5.08,-0.52
2023-05-15,5.64,5.21,3.99,3.5,3.84,5.08,-0.49
2023-05-16,5.58,5.23,4.06,3.54,3.87,5.08,-0.52
2023-05-17,5.5,5.26,4.12,3.57,3.88,5.08,-0.55
2023-05-18,5.59,5.31,4.24,3.65,3.91,5.08,-0.59
2023-05-19,5.62,5.29,4.28,3.7,3.95,5.08,-0.58
2023-05-20,5.62,5.29,4.28,3.7,3.95,5.08,-0.58
2023-05-21,5.62,5.29,4.28,3.7,3.95,5.08,-0.58
2023-05-22,5.69,5.4,4.29,3.72,3.97,5.08,-0.57
2023-05-23,5.67,5.34,4.26,3.7,3.96,5.08,-0.56
2023-05-24,5.73,5.37,4.31,3.73,3.97,5.08,-0.58
2023-05-25,5.95,5.38,4.5,3.83,4.01,5.08,-0.67
2023-05-26,6.02,5.34,4.54,3.8,3.96,5.08,-0.74
2023-05-27,6.02,5.34,4.54,3.8,3.96,5.08,-0.74
2023-05-28,6.02,5.34,4.54,3.8,3.96,5.08,-0.74
2023-05-29,6.02,5.34,4.54,3.8,3.96,5.08,-0.74
2023-05-30,5.31,5.55,4.46,3.69,3.9,5.08,-0.77
2023-05-31,5.28,5.52,4.4,3.64,3.85,5.08,-0.76
2023-06-01,5.3,5.5,4.33,3.61,3.84,5.08,-0.72
2023-06-02,5.28,5.5,4.5,3.69,3.88,5.08,-0.81
2023-06-03,5.28,5.5,4.5,3.69,3.88,5.08,-0.81
2023-06-04,5.28,5.5,4.5,3.69,3.88,5.08,-0.81
2023-06-05,5.25,5.46,4.46,3.69,3.89,5.08,-0.77
2023-06-06,5.15,5.44,4.51,3.7,3.87,5.08,-0.81
2023-06-07,5.07,5.42,4.56,3.79,3.95,5.08,-0.77
2023-06-08,5.25,5.38,4.52,3.73,3.89,5.08,-0.79
2023-06-09,5.25,5.37,4.59,3.75,3.89,5.08,-0.84
2023-06-10,5.25,5.37,4.59,3.75,3.89,5.08,-0.84
2023-06-11,5.25,5.37,4.59,3.75,3.89,5.08,-0.84
2023-06-12,5.24,5.4,4.55,3.73,3.87,5.08,-0.82
2023-06-13,5.19,5.36,4.67,3.84,3.94,5.08,-0.83
2023-06-14,5.18,5.36,4.74,3.83,3.9,5.08,-0.91
2023-06-15,5.18,5.33,4.62,3.72,3.85,5.07,-0.9
2023-06-16,5.18,5.34,4.7,3.77,3.86,5.08,-0.93
2023-06-17,5.18,5.34,4.7,3.77,3.86,5.08,-0.93
2023-06-18,5.18,5.34,4.7,3.77,3.86,5.08,-0.93
2023-06-19,5.18,5.34,4.7,3.77,3.86,5.08,-0.93
2023-06-20,5.17,5.39,4.68,3.74,3.83,5.07,-0.94
2023-06-21,5.16,5.4,4.68,3.72,3.81,5.07,-0.96
2023-06-22,5.18,5.4,4.77,3.8,3.88,5.07,-0.97
2023-06-23,5.17,5.41,4.71,3.74,3.82,5.07,-0.97
2023-06-24,5.17,5.41,4.71,3.74,3.82,5.07,-0.97
2023-06-25,5.17,5.41,4.71,3.74,3.82,5.07,-0.97
2023-06-26,5.17,5.5,4.65,3.72,3.83,5.07,-0.93
2023-06-27,5.17,5.44,4.74,3.77,3.84,5.07,-0.97
2023-06-28,5.17,5.44,4.71,3.71,3.81,5.07,-1.0
2023-06-29,5.25,5.46,4.87,3.85,3.92,5.07,-1.02
2023-06-30,5.24,5.43,4.87,3.81,3.85,5.08,-1.06
2023-07-01,5.24,5.43,4.87,3.81,3.85,5.08,-1.06
2023-07-02,5.24,5.43,4.87,3.81,3.85,5.08,-1.06
2023-07-03,5.27,5.44,4.94,3.86,3.87,5.08,-1.08
2023-07-04,5.27,5.44,4.94,3.86,3.87,5.08,-1.08
2023-07-05,5.28,5.44,4.94,3.95,3.95,5.08,-0.99
2023-07-06,5.32,5.46,4.99,4.05,4.01,5.08,-0.94
2023-07-07,5.32,5.46,4.94,4.06,4.05,5.08,-0.88
2023-07-08,5.32,5.46,4.94,4.06,4.05,5.08,-0.88
2023-07-09,5.32,5.46,4.94,4.06,4.05,5.08,-0.88
2023-07-10,5.34,5.48,4.85,4.01,4.05,5.07,-0.84
2023-07-11,5.35,5.49,4.88,3.99,4.03,5.08,-0.89
2023-07-12,5.36,5.47,4.72,3.86,3.96,5.08,-0.86
2023-07-13,5.37,5.47,4.59,3.76,3.9,5.08,-0.83
2023-07-14,5.37,5.49,4.74,3.83,3.93,5.08,-0.91
2023-07-15,5.37,5.49,4.74,3.83,3.93,5.08,-0.91
2023-07-16,5.37,5.49,4.74,3.83,3.93,5.08,-0.91
2023-07-17,5.37,5.49,4.74,3.81,3.94,5.08,-0.93
2023-07-18,5.37,5.49,4.74,3.8,3.91,5.08,-0.94
2023-07-19,5.37,5.49,4.74,3.75,3.84,5.08,-0.99
2023-07-20,5.44,5.49,4.8,3.85,3.91,5.08,-0.95
2023-07-21,5.43,5.5,4.82,3.84,3.91,5.08,-0.98
2023-07-22,5.43,5.5,4.82,3.84,3.91,5.08,-0.98
2023-07-23,5.43,5.5,4.82,3.84,3.91,5.08,-0.98
2023-07-24,5.44,5.51,4.81,3.86,3.92,5.08,-0.95
2023-07-25,5.46,5.51,4.85,3.91,3.95,5.08,-0.94
2023-07-26,5.46,5.51,4.82,3.86,3.94,5.08,-0.96
2023-07-27,5.47,5.51,4.91,4.01,4.06,5.33,-0.9
2023-07-28,5.47,5.52,4.87,3.96,4.03,5.33,-0.91
2023-07-29,5.47,5.52,4.87,3.96,4.03,5.33,-0.91
2023-07-30,5.47,5.52,4.87,3.96,4.03,5.33,-0.91
2023-07-31,5.48,5.55,4.88,3.97,4.02,5.33,-0.91
2023-08-01,5.49,5.54,4.92,4.05,4.11,5.33,-0.87
2023-08-02,5.48,5.53,4.88,4.08,4.17,5.33,-0.8
2023-08-03,5.54,5.54,4.9,4.2,4.32,5.33,-0.7
2023-08-04,5.54,5.54,4.78,4.05,4.21,5.33,-0.73
2023-08-05,5.54,5.54,4.78,4.05,4.21,5.33,-0.73
2023-08-06,5.54,5.54,4.78,4.05,4.21,5.33,-0.73
2023-08-07,5.54,5.56,4.76,4.09,4.27,5.33,-0.67
2023-08-08,5.54,5.57,4.74,4.02,4.2,5.33,-0.72
2023-08-09,5.51,5.55,4.79,4.0,4.18,5.33,-0.79
2023-08-10,5.55,5.54,4.82,4.09,4.24,5.33,-0.73
2023-08-11,5.54,5.54,4.89,4.16,4.27,5.33,-0.73
2023-08-12,5.54,5.54,4.89,4.16,4.27,5.33,-0.73
2023-08-13,5.54,5.54,4.89,4.16,4.27,5.33,-0.73
2023-08-14,5.55,5.56,4.96,4.19,4.29,5.33,-0.77
2023-08-15,5.53,5.56,4.92,4.21,4.32,5.33,-0.71
2023-08-16,5.52,5.56,4.97,4.28,4.38,5.33,-0.69
2023-08-17,5.55,5.56,4.94,4.3,4.41,5.33,-0.64
2023-08-18,5.53,5.55,4.92,4.26,4.38,5.33,-0.66
2023-08-19,5.53,5.55,4.92,4.26,4.38,5.33,-0.66
2023-08-20,5.53,5.55,4.92,4.26,4.38,5.33,-0.66
2023-08-21,5.55,5.57,4.97,4.34,4.45,5.33,-0.63
2023-08-22,5.54,5.57,5.02,4.34,4.42,5.33,-0.68
2023-08-23,5.54,5.57,4.95,4.19,4.27,5.33,-0.76
2023-08-24,5.55,5.58,4.98,4.23,4.3,5.33,-0.75
2023-08-25,5.56,5.61,5.03,4.25,4.3,5.33,-0.78
2023-08-26,5.56,5.61,5.03,4.25,4.3,5.33,-0.78
2023-08-27,5.56,5.61,5.03,4.25,4.3,5.33,-0.78
2023-08-28,5.56,5.58,4.98,4.2,4.29,5.33,-0.78
2023-08-29,5.54,5.56,4.87,4.12,4.23,5.33,-0.75
2023-08-30,5.55,5.56,4.9,4.12,4.23,5.33,-0.78
2023-08-31,5.52,5.56,4.85,4.09,4.2,5.33,-0.76
2023-09-01,5.51,5.53,4.87,4.18,4.29,5.33,-0.69
2023-09-02,5.51,5.53,4.87,4.18,4.29,5.33,-0.69
2023-09-03,5.51,5.53,4.87,4.18,4.29,5.33,-0.69
2023-09-04,5.51,5.53,4.87,4.18,4.29,5.33,-0.69
2023-09-05,5.51,5.55,4.94,4.27,4.38,5.33,-0.67
2023-09-06,5.52,5.55,5.01,4.3,4.37,5.33,-0.71
2023-09-07,5.52,5.53,4.94,4.27,4.36,5.33,-0.67
2023-09-08,5.52,5.55,4.98,4.26,4.33,5.33,-0.72
2023-09-09,5.52,5.55,4.98,4.26,4.33,5.33,-0.72
2023-09-10,5.52,5.55,4.98,4.26,4.33,5.33,-0.72
2023-09-11,5.52,5.55,4.97,4.29,4.37,5.33,-0.68
2023-09-12,5.52,5.56,4.98,4.27,4.35,5.33,-0.71
2023-09-13,5.53,5.55,4.96,4.25,4.34,5.33,-0.71
2023-09-14,5.52,5.55,5.0,4.29,4.39,5.33,-0.71
2023-09-15,5.51,5.56,5.02,4.33,4.42,5.33,-0.69
2023-09-16,5.51,5.56,5.02,4.33,4.42,5.33,-0.69
2023-09-17,5.51,5.56,5.02,4.33,4.42,5.33,-0.69
2023-09-18,5.53,5.55,5.05,4.32,4.4,5.33,-0.73
2023-09-19,5.53,5.54,5.08,4.37,4.43,5.33,-0.71
2023-09-20,5.53,5.56,5.12,4.35,4.4,5.33,-0.77
2023-09-21,5.52,5.57,5.12,4.49,4.56,5.33,-0.63
2023-09-22,5.52,5.56,5.1,4.44,4.53,5.33,-0.66
2023-09-23,5.52,5.56,5.1,4.44,4.53,5.33,-0.66
2023-09-24,5.52,5.56,5.1,4.44,4.53,5.33,-0.66
2023-09-25,5.54,5.58,5.09,4.55,4.67,5.33,-0.54
2023-09-26,5.54,5.58,5.04,4.56,4.7,5.33,-0.48
2023-09-27,5.54,5.58,5.1,4.61,4.73,5.33,-0.49
2023-09-28,5.56,5.56,5.04,4.59,4.71,5.33,-0.45
2023-09-29,5.55,5.55,5.03,4.59,4.73,5.33,-0.44
2023-09-30,5.55,5.55,5.03,4.59,4.73,5.33,-0.44
2023-10-01,5.55,5.55,5.03,4.59,4.73,5.33,-0.44
2023-10-02,5.56,5.62,5.12,4.69,4.81,5.33,-0.43
2023-10-03,5.55,5.62,5.15,4.81,4.95,5.33,-0.34
2023-10-04,5.56,5.61,5.05,4.73,4.87,5.33,-0.32
2023-10-05,5.57,5.61,5.03,4.72,4.89,5.33,-0.31
2023-10-06,5.59,5.63,5.08,4.78,4.95,5.33,-0.3
2023-10-07,5.59,5.63,5.08,4.78,4.95,5.33,-0.3
2023-10-08,5.59,5.63,5.08,4.78,4.95,5.33,-0.3
2023-10-09,5.59,5.63,5.08,4.78,4.95,5.33,-0.3
2023-10-10,5.6,5.61,4.96,4.66,4.85,5.33,-0.3
2023-10-11,5.58,5.61,4.99,4.58,4.73,5.33,-0.41
2023-10-12,5.61,5.63,5.06,4.7,4.86,5.33,-0.36
2023-10-13,5.6,5.62,5.04,4.63,4.78,5.33,-0.41
2023-10-14,5.6,5.62,5.04,4.63,4.78,5.33,-0.41
2023-10-15,5.6,5.62,5.04,4.63,4.78,5.33,-0.41
2023-10-16,5.57,5.61,5.09,4.71,4.87,5.33,-0.38
2023-10-17,5.58,5.62,5.19,4.83,4.94,5.33,-0.36
2023-10-18,5.57,5.61,5.19,4.91,5.0,5.33,-0.28
2023-10-19,5.58,5.6,5.14,4.98,5.11,5.33,-0.16
2023-10-20,5.56,5.58,5.07,4.93,5.09,5.33,-0.14
2023-10-21,5.56,5.58,5.07,4.93,5.09,5.33,-0.14
2023-10-22,5.56,5.58,5.07,4.93,5.09,5.33,-0.14
2023-10-23,5.57,5.58,5.05,4.86,5.01,5.33,-0.19
2023-10-24,5.57,5.58,5.02,4.83,4.96,5.33,-0.19
2023-10-25,5.56,5.59,5.08,4.95,5.09,5.33,-0.13
2023-10-26,5.57,5.59,5.02,4.86,5.01,5.33,-0.16
2023-10-27,5.57,5.59,4.99,4.84,5.03,5.33,-0.15
2023-10-28,5.57,5.59,4.99,4.84,5.03,5.33,-0.15
2023-10-29,5.57,5.59,4.99,4.84,5.03,5.33,-0.15
2023-10-30,5.56,5.6,5.03,4.88,5.04,5.33,-0.15
2023-10-31,5.56,5.59,5.07,4.88,5.04,5.33,-0.19
2023-11-01,5.56,5.57,4.95,4.77,4.96,5.33,-0.18
2023-11-02,5.52,5.54,4.98,4.67,4.82,5.33,-0.31
2023-11-03,5.53,5.53,4.83,4.57,4.77,5.33,-0.26
2023-11-04,5.53,5.53,4.83,4.57,4.77,5.33,-0.26
2023-11-05,5.53,5.53,4.83,4.57,4.77,5.33,-0.26
2023-11-06,5.53,5.56,4.93,4.67,4.84,5.33,-0.26
2023-11-07,5.53,5.55,4.91,4.58,4.75,5.33,-0.33
2023-11-08,5.52,5.54,4.93,4.49,4.64,5.33,-0.44
2023-11-09,5.53,5.54,5.03,4.62,4.77,5.33,-0.41
2023-11-10,5.53,5.53,5.04,4.61,4.73,5.33,-0.43
2023-11-11,5.53,5.53,5.04,4.61,4.73,5.33,-0.43
2023-11-12,5.53,5.53,5.04,4.61,4.73,5.33,-0.43
2023-11-13,5.53,5.55,5.02,4.63,4.75,5.33,-0.39
2023-11-14,5.52,5.52,4.8,4.44,4.61,5.33,-0.36
2023-11-15,5.52,5.53,4.9,4.53,4.68,5.33,-0.37
2023-11-16,5.53,5.51,4.83,4.45,4.63,5.33,-0.38
2023-11-17,5.52,5.5,4.88,4.44,4.59,5.33,-0.44
2023-11-18,5.52,5.5,4.88,4.44,4.59,5.33,-0.44
2023-11-19,5.52,5.5,4.88,4.44,4.59,5.33,-0.44
2023-11-20,5.53,5.54,4.89,4.42,4.57,5.33,-0.47
2023-11-21,5.52,5.53,4.86,4.41,4.57,5.33,-0.45
2023-11-22,5.54,5.54,4.89,4.42,4.55,5.33,-0.47
2023-11-23,5.54,5.54,4.89,4.42,4.55,5.33,-0.47
2023-11-24,5.55,5.54,4.92,4.47,4.6,5.33,-0.45
2023-11-25,5.55,5.54,4.92,4.47,4.6,5.33,-0.45
2023-11-26,5.55,5.54,4.92,4.47,4.6,5.33,-0.45
2023-11-27,5.54,5.49,4.84,4.39,4.53,5.33,-0.45
2023-11-28,5.53,5.47,4.73,4.34,4.52,5.33,-0.39
2023-11-29,5.53,5.45,4.64,4.27,4.44,5.33,-0.37
2023-11-30,5.56,5.45,4.73,4.37,4.54,5.33,-0.36
2023-12-01,5.55,5.43,4.56,4.22,4.4,5.33,-0.34
2023-12-02,5.55,5.43,4.56,4.22,4.4,5.33,-0.34
2023-12-03,5.55,5.43,4.56,4.22,4.4,5.33,-0.34
2023-12-04,5.55,5.46,4.64,4.28,4.43,5.33,-0.36
2023-12-05,5.54,5.45,4.57,4.18,4.3,5.33,-0.39
2023-12-06,5.54,5.45,4.6,4.12,4.22,5.33,-0.48
2023-12-07,5.53,5.44,4.58,4.14,4.25,5.33,-0.44
2023-12-08,5.54,5.44,4.71,4.23,4.31,5.33,-0.48
2023-12-09,5.54,5.44,4.71,4.23,4.31,5.33,-0.48
2023-12-10,5.54,5.44,4.71,4.23,4.31,5.33,-0.48
2023-12-11,5.55,5.47,4.71,4.23,4.32,5.33,-0.48
2023-12-12,5.53,5.46,4.73,4.2,4.3,5.33,-0.53
2023-12-13,5.52,5.44,4.46,4.04,4.19,5.33,-0.42
2023-12-14,5.54,5.43,4.37,3.92,4.03,5.33,-0.45
2023-12-15,5.54,5.44,4.44,3.91,4.0,5.33,-0.53
2023-12-16,5.54,5.44,4.44,3.91,4.0,5.33,-0.53
2023-12-17,5.54,5.44,4.44,3.91,4.0,5.33,-0.53
2023-12-18,5.52,5.46,4.43,3.95,4.05,5.33,-0.48
2023-12-19,5.51,5.43,4.41,3.93,4.03,5.33,-0.48
2023-12-20,5.5,5.44,4.34,3.86,3.98,5.33,-0.48
2023-12-21,5.54,5.42,4.33,3.89,4.03,5.33,-0.44
2023-12-22,5.54,5.44,4.31,3.9,4.05,5.33,-0.41
2023-12-23,5.54,5.44,4.31,3.9,4.05,5.33,-0.41
2023-12-24,5.54,5.44,4.31,3.9,4.05,5.33,-0.41
2023-12-25,5.54,5.44,4.31,3.9,4.05,5.33,-0.41
2023-12-26,5.53,5.45,4.26,3.89,4.04,5.33,-0.37
2023-12-27,5.55,5.44,4.2,3.79,3.95,5.33,-0.41
2023-12-28,5.57,5.45,4.26,3.84,3.98,5.33,-0.42
2023-12-29,5.6,5.4,4.23,3.88,4.03,5.33,-0.35
2023-12-30,5.6,5.4,4.23,3.88,4.03,5.33,-0.35
2023-12-31,5.6,5.4,4.23,3.88,4.03,5.33,-0.35
2024-01-01,5.6,5.4,4.23,3.88,4.03,5.33,-0.35
2024-01-02,5.55,5.46,4.33,3.95,4.08,5.33,-0.38
2024-01-03,5.54,5.48,4.33,3.91,4.05,5.33,-0.42
2024-01-04,5.56,5.48,4.38,3.99,4.13,5.33,-0.39
2024-01-05,5.54,5.47,4.4,4.05,4.21,5.33,-0.35
2024-01-06,5.54,5.47,4.4,4.05,4.21,5.33,-0.35
2024-01-07,5.54,5.47,4.4,4.05,4.21,5.33,-0.35
2024-01-08,5.54,5.49,4.36,4.01,4.17,5.33,-0.35
2024-01-09,5.53,5.47,4.36,4.02,4.18,5.33,-0.34
2024-01-10,5.53,5.46,4.37,4.04,4.2,5.33,-0.33
2024-01-11,5.54,5.46,4.26,3.98,4.18,5.33,-0.28
2024-01-12,5.55,5.45,4.14,3.96,4.2,5.33,-0.18
2024-01-13,5.55,5.45,4.14,3.96,4.2,5.33,-0.18
2024-01-14,5.55,5.45,4.14,3.96,4.2,5.33,-0.18
2024-01-15,5.55,5.45,4.14,3.96,4.2,5.33,-0.18
2024-01-16,5.54,5.45,4.22,4.07,4.3,5.33,-0.15
2024-01-17,5.54,5.47,4.34,4.1,4.31,5.33,-0.24
2024-01-18,5.53,5.45,4.34,4.14,4.37,5.33,-0.2
2024-01-19,5.54,5.45,4.39,4.15,4.36,5.33,-0.24
2024-01-20,5.54,5.45,4.39,4.15,4.36,5.33,-0.24
2024-01-21,5.54,5.45,4.39,4.15,4.36,5.33,-0.24
2024-01-22,5.53,5.46,4.37,4.11,4.32,5.33,-0.26
2024-01-23,5.53,5.45,4.31,4.14,4.38,5.33,-0.17
2024-01-24,5.52,5.44,4.34,4.18,4.41,5.33,-0.16
2024-01-25,5.54,5.44,4.28,4.14,4.38,5.33,-0.14
2024-01-26,5.54,5.44,4.34,4.15,4.38,5.33,-0.19
2024-01-27,5.54,5.44,4.34,4.15,4.38,5.33,-0.19
2024-01-28,5.54,5.44,4.34,4.15,4.38,5.33,-0.19
2024-01-29,5.53,5.42,4.29,4.08,4.31,5.33,-0.21
2024-01-30,5.53,5.42,4.36,4.06,4.28,5.33,-0.3
2024-01-31,5.53,5.42,4.27,3.99,4.22,5.33,-0.28
2024-02-01,5.49,5.42,4.2,3.87,4.1,5.33,-0.33
2024-02-02,5.49,5.43,4.36,4.03,4.22,5.33,-0.33
2024-02-03,5.49,5.43,4.36,4.03,4.22,5.33,-0.33
2024-02-04,5.49,5.43,4.36,4.03,4.22,5.33,-0.33
2024-02-05,5.49,5.42,4.46,4.17,4.35,5.33,-0.29
2024-02-06,5.48,5.44,4.39,4.09,4.29,5.33,-0.3
2024-02-07,5.47,5.43,4.41,4.09,4.31,5.33,-0.32
2024-02-08,5.49,5.44,4.46,4.15,4.36,5.33,-0.31
2024-02-09,5.49,5.44,4.48,4.17,4.37,5.33,-0.31
2024-02-10,5.49,5.44,4.48,4.17,4.37,5.33,-0.31
2024-02-11,5.49,5.44,4.48,4.17,4.37,5.33,-0.31
2024-02-12,5.49,5.43,4.46,4.17,4.37,5.33,-0.29
2024-02-13,5.48,5.45,4.64,4.31,4.46,5.33,-0.33
2024-02-14,5.48,5.43,4.56,4.27,4.45,5.33,-0.29
2024-02-15,5.49,5.43,4.56,4.24,4.42,5.33,-0.32
2024-02-16,5.48,5.44,4.64,4.3,4.45,5.33,-0.34
2024-02-17,5.48,5.44,4.64,4.3,4.45,5.33,-0.34
2024-02-18,5.48,5.44,4.64,4.3,4.45,5.33,-0.34
2024-02-19,5.48,5.44,4.64,4.3,4.45,5.33,-0.34
2024-02-20,5.49,5.44,4.59,4.27,4.44,5.33,-0.32
2024-02-21,5.5,5.44,4.64,4.32,4.49,5.33,-0.32
2024-02-22,5.49,5.45,4.69,4.33,4.47,5.33,-0.36
2024-02-23,5.49,5.46,4.67,4.26,4.37,5.33,-0.41
2024-02-24,5.49,5.46,4.67,4.26,4.37,5.33,-0.41
2024-02-25,5.49,5.46,4.67,4.26,4.37,5.33,-0.41
2024-02-26,5.5,5.47,4.69,4.28,4.4,5.33,-0.41
2024-02-27,5.5,5.45,4.7,4.31,4.44,5.33,-0.39
2024-02-28,5.5,5.45,4.64,4.27,4.4,5.33,-0.37
2024-02-29,5.53,5.45,4.64,4.25,4.38,5.33,-0.39
2024-03-01,5.54,5.42,4.54,4.19,4.33,5.33,-0.35
2024-03-02,5.54,5.42,4.54,4.19,4.33,5.33,-0.35
2024-03-03,5.54,5.42,4.54,4.19,4.33,5.33,-0.35
2024-03-04,5.51,5.48,4.61,4.22,4.36,5.33,-0.39
2024-03-05,5.5,5.47,4.54,4.13,4.27,5.33,-0.41
2024-03-06,5.5,5.47,4.55,4.11,4.24,5.33,-0.44
2024-03-07,5.51,5.47,4.5,4.09,4.25,5.33,-0.41
2024-03-08,5.51,5.46,4.48,4.09,4.26,5.33,-0.39
2024-03-09,5.51,5.46,4.48,4.09,4.26,5.33,-0.39
2024-03-10,5.51,5.46,4.48,4.09,4.26,5.33,-0.39
2024-03-11,5.5,5.48,4.51,4.1,4.26,5.33,-0.41
2024-03-12,5.52,5.48,4.58,4.16,4.31,5.33,-0.42
2024-03-13,5.52,5.48,4.61,4.19,4.35,5.33,-0.42
2024-03-14,5.52,5.48,4.68,4.29,4.44,5.33,-0.39
2024-03-15,5.52,5.48,4.72,4.31,4.43,5.33,-0.41
2024-03-16,5.52,5.48,4.72,4.31,4.43,5.33,-0.41
2024-03-17,5.52,5.48,4.72,4.31,4.43,5.33,-0.41
2024-03-18,5.52,5.48,4.73,4.34,4.46,5.33,-0.39
2024-03-19,5.52,5.48,4.68,4.3,4.44,5.33,-0.38
2024-03-20,5.5,5.47,4.59,4.27,4.45,5.33,-0.32
2024-03-21,5.51,5.48,4.62,4.27,4.44,5.33,-0.35
2024-03-22,5.51,5.46,4.59,4.22,4.39,5.33,-0.37
2024-03-23,5.51,5.46,4.59,4.22,4.39,5.33,-0.37
2024-03-24,5.51,5.46,4.59,4.22,4.39,5.33,-0.37
2024-03-25,5.51,5.46,4.54,4.25,4.42,5.33,-0.29
2024-03-26,5.5,5.46,4.56,4.24,4.4,5.33,-0.32
2024-03-27,5.5,5.45,4.54,4.2,4.36,5.33,-0.34
2024-03-28,5.49,5.46,4.59,4.2,4.34,5.33,-0.39
2024-03-29,5.49,5.46,4.59,4.2,4.34,5.33,-0.39
2024-03-30,5.49,5.46,4.59,4.2,4.34,5.33,-0.39
2024-03-31,5.49,5.46,4.59,4.2,4.34,5.33,-0.39
2024-04-01,5.49,5.44,4.72,4.33,4.47,5.33,-0.39
2024-04-02,5.49,5.42,4.7,4.36,4.51,5.33,-0.34
2024-04-03,5.47,5.42,4.68,4.36,4.51,5.33,-0.32
2024-04-04,5.47,5.41,4.65,4.31,4.47,5.33,-0.34
2024-04-05,5.47,5.43,4.73,4.39,4.54,5.33,-0.34
2024-04-06,5.47,5.43,4.73,4.39,4.54,5.33,-0.34
2024-04-07,5.47,5.43,4.73,4.39,4.54,5.33,-0.34
2024-04-08,5.48,5.43,4.78,4.42,4.55,5.33,-0.36
2024-04-09,5.48,5.43,4.74,4.36,4.5,5.33,-0.38
2024-04-10,5.49,5.45,4.97,4.55,4.64,5.33,-0.42
2024-04-11,5.48,5.45,4.93,4.56,4.65,5.33,-0.37
2024-04-12,5.48,5.45,4.88,4.5,4.61,5.33,-0.38
2024-04-13,5.48,5.45,4.88,4.5,4.61,5.33,-0.38
2024-04-14,5.48,5.45,4.88,4.5,4.61,5.33,-0.38
2024-04-15,5.49,5.45,4.93,4.63,4.74,5.33,-0.3
2024-04-16,5.49,5.45,4.97,4.67,4.77,5.33,-0.3
2024-04-17,5.49,5.45,4.93,4.59,4.71,5.33,-0.34
2024-04-18,5.49,5.46,4.98,4.64,4.74,5.33,-0.34
2024-04-19,5.49,5.45,4.97,4.62,4.72,5.33,-0.35
2024-04-20,5.49,5.45,4.97,4.62,4.72,5.33,-0.35
2024-04-21,5.49,5.45,4.97,4.62,4.72,5.33,-0.35
2024-04-22,5.49,5.42,4.97,4.62,4.72,5.33,-0.35
2024-04-23,5.49,5.45,4.86,4.61,4.73,5.33,-0.25
2024-04-24,5.49,5.46,4.89,4.65,4.78,5.33,-0.24
2024-04-25,5.48,5.47,4.96,4.7,4.82,5.33,-0.26
2024-04-26,5.48,5.46,4.96,4.67,4.78,5.33,-0.29
2024-04-27,5.48,5.46,4.96,4.67,4.78,5.33,-0.29
2024-04-28,5.48,5.46,4.96,4.67,4.78,5.33,-0.29
2024-04-29,5.48,5.45,4.97,4.63,4.75,5.33,-0.34
2024-04-30,5.48,5.46,5.04,4.69,4.79,5.33,-0.35
2024-05-01,5.47,5.46,4.96,4.63,4.74,5.33,-0.33
2024-05-02,5.51,5.46,4.87,4.58,4.72,5.33,-0.29
2024-05-03,5.51,5.45,4.81,4.5,4.66,5.33,-0.31
2024-05-04,5.51,5.45,4.81,4.5,4.66,5.33,-0.31
2024-05-05,5.51,5.45,4.81,4.5,4.66,5.33,-0.31
2024-05-06,5.51,5.45,4.82,4.49,4.64,5.33,-0.33
2024-05-07,5.51,5.45,4.82,4.47,4.61,5.33,-0.35
2024-05-08,5.51,5.45,4.84,4.48,4.64,5.33,-0.36
2024-05-09,5.51,5.46,4.8,4.45,4.6,5.33,-0.35
2024-05-10,5.51,5.47,4.87,4.5,4.64,5.33,-0.37
2024-05-11,5.51,5.47,4.87,4.5,4.64,5.33,-0.37
2024-05-12,5.51,5.47,4.87,4.5,4.64,5.33,-0.37
2024-05-13,5.5,5.45,4.85,4.48,4.63,5.33,-0.37
2024-05-14,5.5,5.44,4.81,4.45,4.59,5.33,-0.36
2024-05-15,5.49,5.45,4.73,4.36,4.52,5.33,-0.37
2024-05-16,5.51,5.45,4.78,4.38,4.52,5.33,-0.4
2024-05-17,5.5,5.46,4.83,4.42,4.56,5.33,-0.41
2024-05-18,5.5,5.46,4.83,4.42,4.56,5.33,-0.41
2024-05-19,5.5,5.46,4.83,4.42,4.56,5.33,-0.41
2024-05-20,5.5,5.45,4.82,4.44,4.58,5.33,-0.38
2024-05-21,5.5,5.45,4.82,4.41,4.55,5.33,-0.41
2024-05-22,5.49,5.45,4.86,4.43,4.55,5.33,-0.43
2024-05-23,5.51,5.46,4.91,4.47,4.58,5.33,-0.44
2024-05-24,5.56,5.46,4.93,4.46,4.57,5.33,-0.47
2024-05-25,5.56,5.46,4.93,4.46,4.57,5.33,-0.47
2024-05-26,5.56,5.46,4.93,4.46,4.57,5.33,-0.47
2024-05-27,5.56,5.46,4.93,4.46,4.57,5.33,-0.47
2024-05-28,5.5,5.46,4.94,4.54,4.66,5.33,-0.4
2024-05-29,5.5,5.46,4.96,4.61,4.74,5.33,-0.35
2024-05-30,5.48,5.46,4.92,4.55,4.69,5.33,-0.37
2024-05-31,5.48,5.46,4.89,4.51,4.65,5.33,-0.38
2024-06-01,5.48,5.46,4.89,4.51,4.65,5.33,-0.38
2024-06-02,5.48,5.46,4.89,4.51,4.65,5.33,-0.38
2024-06-03,5.49,5.52,4.82,4.41,4.55,5.33,-0.41
2024-06-04,5.48,5.52,4.77,4.33,4.48,5.33,-0.44
2024-06-05,5.48,5.51,4.72,4.29,4.44,5.33,-0.43
2024-06-06,5.48,5.51,4.72,4.28,4.43,5.33,-0.44
2024-06-07,5.47,5.52,4.87,4.43,4.55,5.33,-0.44
2024-06-08,5.47,5.52,4.87,4.43,4.55,5.33,-0.44
2024-06-09,5.47,5.52,4.87,4.43,4.55,5.33,-0.44
2024-06-10,5.47,5.52,4.87,4.47,4.59,5.33,-0.4
2024-06-11,5.46,5.52,4.81,4.39,4.53,5.33,-0.42
2024-06-12,5.47,5.51,4.75,4.31,4.47,5.33,-0.44
2024-06-13,5.47,5.51,4.68,4.24,4.4,5.33,-0.44
2024-06-14,5.47,5.51,4.67,4.2,4.34,5.33,-0.47
2024-06-15,5.47,5.51,4.67,4.2,4.34,5.33,-0.47
2024-06-16,5.47,5.51,4.67,4.2,4.34,5.33,-0.47
2024-06-17,5.45,5.52,4.75,4.28,4.4,5.33,-0.47
2024-06-18,5.4,5.5,4.69,4.22,4.36,5.33,-0.47
2024-06-19,5.4,5.5,4.69,4.22,4.36,5.33,-0.47
2024-06-20,5.42,5.5,4.7,4.25,4.39,5.33,-0.45
2024-06-21,5.42,5.49,4.7,4.25,4.39,5.33,-0.45
2024-06-22,5.42,5.49,4.7,4.25,4.39,5.33,-0.45
2024-06-23,5.42,5.49,4.7,4.25,4.39,5.33,-0.45
2024-06-24,5.42,5.5,4.71,4.25,4.38,5.33,-0.46
2024-06-25,5.43,5.49,4.65,4.23,4.36,5.33,-0.42
2024-06-26,5.44,5.5,4.71,4.32,4.45,5.33,-0.39
2024-06-27,5.48,5.49,4.7,4.29,4.43,5.33,-0.41
2024-06-28,5.47,5.48,4.71,4.36,4.51,5.33,-0.35
2024-06-29,5.47,5.48,4.71,4.36,4.51,5.33,-0.35
2024-06-30,5.47,5.48,4.71,4.36,4.51,5.33,-0.35
2024-07-01,5.48,5.47,4.77,4.48,4.64,5.33,-0.29
2024-07-02,5.48,5.47,4.74,4.43,4.6,5.33,-0.31
2024-07-03,5.49,5.47,4.71,4.36,4.53,5.33,-0.35
2024-07-04,5.49,5.47,4.71,4.36,4.53,5.33,-0.35
2024-07-05,5.48,5.46,4.6,4.28,4.47,5.33,-0.32
2024-07-06,5.48,5.46,4.6,4.28,4.47,5.33,-0.32
2024-07-07,5.48,5.46,4.6,4.28,4.47,5.33,-0.32
2024-07-08,5.48,5.46,4.62,4.28,4.46,5.33,-0.34
2024-07-09,5.45,5.46,4.62,4.3,4.49,5.33,-0.32
2024-07-10,5.46,5.46,4.62,4.28,4.47,5.33,-0.34
2024-07-11,5.48,5.44,4.5,4.2,4.41,5.33,-0.3
2024-07-12,5.47,5.43,4.45,4.18,4.39,5.33,-0.27
2024-07-13,5.47,5.43,4.45,4.18,4.39,5.33,-0.27
2024-07-14,5.47,5.43,4.45,4.18,4.39,5.33,-0.27
2024-07-15,5.48,5.43,4.44,4.23,4.46,5.33,-0.21
2024-07-16,5.48,5.43,4.43,4.17,4.38,5.33,-0.26
2024-07-17,5.47,5.43,4.42,4.16,4.37,5.33,-0.26
2024-07-18,5.48,5.43,4.46,4.2,4.41,5.33,-0.26
2024-07-19,5.48,5.43,4.49,4.25,4.45,5.33,-0.24
2024-07-20,5.48,5.43,4.49,4.25,4.45,5.33,-0.24
2024-07-21,5.48,5.43,4.49,4.25,4.45,5.33,-0.24
2024-07-22,5.49,5.43,4.5,4.26,4.48,5.33,-0.24
2024-07-23,5.49,5.41,4.4,4.25,4.48,5.33,-0.15
2024-07-24,5.5,5.4,4.37,4.28,4.54,5.33,-0.09
2024-07-25,5.49,5.39,4.41,4.27,4.5,5.33,-0.14
2024-07-26,5.49,5.38,4.36,4.2,4.45,5.33,-0.16
2024-07-27,5.49,5.38,4.36,4.2,4.45,5.33,-0.16
2024-07-28,5.49,5.38,4.36,4.2,4.45,5.33,-0.16
2024-07-29,5.5,5.41,4.36,4.17,4.42,5.33,-0.19
2024-07-30,5.5,5.4,4.35,4.15,4.4,5.33,-0.2
2024-07-31,5.49,5.41,4.29,4.09,4.35,5.33,-0.2
2024-08-01,5.55,5.37,4.16,3.99,4.27,5.33,-0.17
2024-08-02,5.54,5.29,3.88,3.8,4.11,5.33,-0.08
2024-08-03,5.54,5.29,3.88,3.8,4.11,5.33,-0.08
2024-08-04,5.54,5.29,3.88,3.8,4.11,5.33,-0.08
2024-08-05,5.52,5.35,3.89,3.78,4.06,5.33,-0.11
2024-08-06,5.5,5.34,3.99,3.9,4.18,5.33,-0.09
2024-08-07,5.5,5.34,4.0,3.96,4.26,5.33,-0.04
2024-08-08,5.55,5.34,4.04,3.99,4.28,5.33,-0.05
2024-08-09,5.54,5.33,4.05,3.94,4.23,5.33,-0.11
2024-08-10,5.54,5.33,4.05,3.94,4.23,5.33,-0.11
2024-08-11,5.54,5.33,4.05,3.94,4.23,5.33,-0.11
2024-08-12,5.53,5.33,4.01,3.9,4.19,5.33,-0.11
2024-08-13,5.48,5.32,3.93,3.85,4.16,5.33,-0.08
2024-08-14,5.49,5.32,3.94,3.83,4.12,5.33,-0.11
2024-08-15,5.53,5.34,4.08,3.92,4.18,5.33,-0.16
2024-08-16,5.53,5.33,4.06,3.89,4.15,5.33,-0.17
2024-08-17,5.53,5.33,4.06,3.89,4.15,5.33,-0.17
2024-08-18,5.53,5.33,4.06,3.89,4.15,5.33,-0.17
2024-08-19,5.51,5.31,4.06,3.86,4.11,5.33,-0.2
2024-08-20,5.48,5.29,3.99,3.82,4.07,5.33,-0.17
2024-08-21,5.45,5.26,3.92,3.79,4.06,5.33,-0.13
2024-08-22,5.51,5.28,3.99,3.86,4.13,5.33,-0.13
2024-08-23,5.51,5.25,3.9,3.81,4.1,5.33,-0.09
2024-08-24,5.51,5.25,3.9,3.81,4.1,5.33,-0.09
2024-08-25,5.51,5.25,3.9,3.81,4.1,5.33,-0.09
2024-08-26,5.49,5.24,3.91,3.82,4.11,5.33,-0.09
2024-08-27,5.49,5.23,3.83,3.83,4.13,5.33,0.0
2024-08-28,5.47,5.21,3.83,3.84,4.13,5.33,0.01
2024-08-29,5.4,5.22,3.87,3.87,4.15,5.33,0.0
2024-08-30,5.41,5.21,3.91,3.91,4.2,5.33,0.0
2024-08-31,5.41,5.21,3.91,3.91,4.2,5.33,0.0
2024-09-01,5.41,5.21,3.91,3.91,4.2,5.33,0.0
2024-09-02,5.41,5.21,3.91,3.91,4.2,5.33,0.0
2024-09-03,5.38,5.19,3.88,3.84,4.13,5.33,-0.04
2024-09-04,5.33,5.18,3.76,3.77,4.06,5.33,0.01
2024-09-05,5.3,5.15,3.75,3.73,4.02,5.33,-0.02
2024-09-06,5.28,5.13,3.66,3.72,4.03,5.33,0.06
2024-09-07,5.28,5.13,3.66,3.72,4.03,5.33,0.06
2024-09-08,5.28,5.13,3.66,3.72,4.03,5.33,0.06
2024-09-09,5.25,5.11,3.68,3.7,4.0,5.33,0.02
2024-09-10,5.18,5.06,3.59,3.65,3.97,5.33,0.06
2024-09-11,5.21,5.1,3.62,3.65,3.96,5.33,0.03
2024-09-12,5.18,5.06,3.64,3.68,4.0,5.33,0.04
2024-09-13,5.15,4.97,3.57,3.66,3.98,5.33,0.09
2024-09-14,5.15,4.97,3.57,3.66,3.98,5.33,0.09
2024-09-15,5.15,4.97,3.57,3.66,3.98,5.33,0.09
2024-09-16,5.11,4.96,3.56,3.63,3.94,5.33,0.07
2024-09-17,5.05,4.95,3.59,3.65,3.96,5.33,0.06
2024-09-18,4.91,4.84,3.61,3.7,4.03,5.33,0.09
2024-09-19,4.89,4.8,3.59,3.73,4.06,4.83,0.14
2024-09-20,4.87,4.75,3.55,3.73,4.07,4.83,0.18
2024-09-21,4.87,4.75,3.55,3.73,4.07,4.83,0.18
2024-09-22,4.87,4.75,3.55,3.73,4.07,4.83,0.18
2024-09-23,4.85,4.72,3.57,3.75,4.09,4.83,0.18
2024-09-24,4.78,4.69,3.49,3.74,4.09,4.83,0.25
2024-09-25,4.79,4.69,3.53,3.79,4.14,4.83,0.26
2024-09-26,4.9,4.68,3.6,3.79,4.12,4.83,0.19
2024-09-27,4.9,4.68,3.55,3.75,4.1,4.83,0.2
2024-09-28,4.9,4.68,3.55,3.75,4.1,4.83,0.2
2024-09-29,4.9,4.68,3.55,3.75,4.1,4.83,0.2
2024-09-30,4.93,4.73,3.66,3.81,4.14,4.83,0.15
2024-10-01,4.96,4.71,3.61,3.74,4.08,4.83,0.13
2024-10-02,4.92,4.69,3.63,3.79,4.14,4.83,0.16
2024-10-03,4.99,4.68,3.7,3.85,4.18,4.83,0.15
2024-10-04,5.01,4.73,3.93,3.98,4.26,4.83,0.05
2024-10-05,5.01,4.73,3.93,3.98,4.26,4.83,0.05
2024-10-06,5.01,4.73,3.93,3.98,4.26,4.83,0.05
2024-10-07,5.0,4.77,3.99,4.03,4.3,4.83,0.04
2024-10-08,4.96,4.75,3.98,4.04,4.32,4.83,0.06
2024-10-09,4.93,4.75,3.99,4.06,4.34,4.83,0.07
2024-10-10,4.98,4.75,3.98,4.09,4.38,4.83,0.11
2024-10-11,4.97,4.73,3.95,4.08,4.39,4.83,0.13
2024-10-12,4.97,4.73,3.95,4.08,4.39,4.83,0.13
2024-10-13,4.97,4.73,3.95,4.08,4.39,4.83,0.13
2024-10-14,4.97,4.73,3.95,4.08,4.39,4.83,0.13
2024-10-15,4.93,4.73,3.95,4.03,4.32,4.83,0.08
2024-10-16,4.91,4.72,3.93,4.02,4.3,4.83,0.09
2024-10-17,4.93,4.74,3.96,4.09,4.39,4.83,0.13
2024-10-18,4.92,4.73,3.95,4.08,4.38,4.83,0.13
2024-10-19,4.92,4.73,3.95,4.08,4.38,4.83,0.13
2024-10-20,4.92,4.73,3.95,4.08,4.38,4.83,0.13
2024-10-21,4.92,4.73,4.02,4.19,4.49,4.83,0.17
2024-10-22,4.89,4.72,4.03,4.2,4.49,4.83,0.17
2024-10-23,4.88,4.73,4.07,4.24,4.51,4.83,0.17
2024-10-24,4.87,4.7,4.07,4.21,4.47,4.83,0.14
2024-10-25,4.89,4.73,4.11,4.25,4.51,4.83,0.14
2024-10-26,4.89,4.73,4.11,4.25,4.51,4.83,0.14
2024-10-27,4.89,4.73,4.11,4.25,4.51,4.83,0.14
2024-10-28,4.88,4.7,4.12,4.28,4.53,4.83,0.16
2024-10-29,4.88,4.7,4.11,4.28,4.52,4.83,0.17
2024-10-30,4.87,4.67,4.15,4.29,4.49,4.83,0.14
2024-10-31,4.76,4.64,4.16,4.28,4.47,4.83,0.12
2024-11-01,4.75,4.61,4.21,4.37,4.57,4.83,0.16
2024-11-02,4.75,4.61,4.21,4.37,4.57,4.83,0.16
2024-11-03,4.75,4.61,4.21,4.37,4.57,4.83,0.16
2024-11-04,4.75,4.65,4.17,4.31,4.5,4.83,0.14
2024-11-05,4.72,4.64,4.19,4.26,4.44,4.83,0.07
2024-11-06,4.68,4.64,4.27,4.42,4.6,4.83,0.15
2024-11-07,4.69,4.63,4.21,4.31,4.52,4.83,0.1
2024-11-08,4.7,4.63,4.26,4.3,4.47,4.58,0.04
2024-11-09,4.7,4.63,4.26,4.3,4.47,4.58,0.04
2024-11-10,4.7,4.63,4.26,4.3,4.47,4.58,0.04
2024-11-11,4.7,4.63,4.26,4.3,4.47,4.58,0.04
2024-11-12,4.7,4.63,4.34,4.43,4.58,4.58,0.09
2024-11-13,4.69,4.6,4.27,4.44,4.63,4.58,0.17
2024-11-14,4.7,4.61,4.34,4.43,4.58,4.58,0.09
2024-11-15,4.7,4.6,4.31,4.43,4.6,4.58,0.12
2024-11-16,4.7,4.6,4.31,4.43,4.6,4.58,0.12
2024-11-17,4.7,4.6,4.31,4.43,4.6,4.58,0.12
2024-11-18,4.7,4.63,4.29,4.42,4.61,4.58,0.13
2024-11-19,4.67,4.62,4.27,4.39,4.57,4.58,0.12
2024-11-20,4.68,4.62,4.31,4.41,4.59,4.58,0.1
2024-11-21,4.72,4.63,4.34,4.43,4.61,4.58,0.09
2024-11-22,4.72,4.63,4.37,4.41,4.6,4.58,0.04
2024-11-23,4.72,4.63,4.37,4.41,4.6,4.58,0.04
2024-11-24,4.72,4.63,4.37,4.41,4.6,4.58,0.04
2024-11-25,4.74,4.62,4.21,4.27,4.45,4.58,0.06
2024-11-26,4.74,4.61,4.21,4.3,4.48,4.58,0.09
2024-11-27,4.76,4.6,4.19,4.25,4.44,4.58,0.06
2024-11-28,4.76,4.6,4.19,4.25,4.44,4.58,0.06
2024-11-29,4.76,4.58,4.13,4.18,4.36,4.58,0.05
2024-11-30,4.76,4.58,4.13,4.18,4.36,4.58,0.05
2024-12-01,4.76,4.58,4.13,4.18,4.36,4.58,0.05
2024-12-02,4.75,4.51,4.17,4.19,4.36,4.58,0.02
2024-12-03,4.66,4.49,4.17,4.23,4.4,4.58,0.06
2024-12-04,4.65,4.47,4.13,4.19,4.35,4.58,0.06
2024-12-05,4.59,4.46,4.15,4.17,4.33,4.58,0.02
2024-12-06,4.57,4.42,4.1,4.15,4.34,4.58,0.05
2024-12-07,4.57,4.42,4.1,4.15,4.34,4.58,0.05
2024-12-08,4.57,4.42,4.1,4.15,4.34,4.58,0.05
2024-12-09,4.56,4.42,4.13,4.2,4.39,4.58,0.07
2024-12-10,4.53,4.41,4.15,4.22,4.41,4.58,0.07
2024-12-11,4.49,4.38,4.15,4.26,4.48,4.58,0.11
2024-12-12,4.43,4.35,4.18,4.32,4.55,4.58,0.14
2024-12-13,4.43,4.34,4.25,4.4,4.61,4.58,0.15
2024-12-14,4.43,4.34,4.25,4.4,4.61,4.58,0.15
2024-12-15,4.43,4.34,4.25,4.4,4.61,4.58,0.15
2024-12-16,4.43,4.37,4.25,4.39,4.6,4.58,0.14
2024-12-17,4.46,4.38,4.25,4.4,4.59,4.58,0.15
2024-12-18,4.44,4.36,4.35,4.5,4.65,4.58,0.15
2024-12-19,4.42,4.35,4.32,4.57,4.74,4.33,0.25
2024-12-20,4.43,4.34,4.3,4.52,4.72,4.33,0.22
2024-12-21,4.43,4.34,4.3,4.52,4.72,4.33,0.22
2024-12-22,4.43,4.34,4.3,4.52,4.72,4.33,0.22
2024-12-23,4.44,4.36,4.3,4.59,4.78,4.33,0.29
2024-12-24,4.44,4.4,4.29,4.59,4.76,4.33,0.3
2024-12-25,4.44,4.4,4.29,4.59,4.76,4.33,0.3
2024-12-26,4.45,4.35,4.3,4.58,4.76,4.33,0.28
2024-12-27,4.44,4.31,4.31,4.62,4.82,4.33,0.31
2024-12-28,4.44,4.31,4.31,4.62,4.82,4.33,0.31
2024-12-29,4.44,4.31,4.31,4.62,4.82,4.33,0.31
2024-12-30,4.43,4.37,4.24,4.55,4.77,4.33,0.31
2024-12-31,4.4,4.37,4.25,4.58,4.78,4.33,0.33
