cik,sic2,op_income_loss_cy2025q1,revenues_cy2025q1,revenues_cy2026q1,opmargin_cy2025q1_level,prior_year_opmargin_level_rank,gross_profit_cy2025q1,gross_profit_cy2026q1,ocf_cy2025q1,ocf_cy2026q1,assets_cy2024q4i,assets_cy2025q1i,assets_cy2025q4i,assets_cy2026q1i
0000001800,28,1693000000.00,10358000000.00,11164000000.00,0.163449,187.0,,,1417000000.00,1315000000.00,81414000000.00,81448000000.00,86713000000.00,110429000000.00
0000002098,34,2426000.00,45958000.00,52301000.00,0.052787,2222.0,17917000.00,20785000.00,-3337000.00,-2233000.00,162170586.00,163039000.00,170998000.00,195243000.00
0000002488,36,806000000.00,7438000000.00,10253000000.00,0.108362,554.0,3736000000.00,5416000000.00,939000000.00,2955000000.00,69226000000.00,71550000000.00,76926000000.00,79642000000.00
0000002969,28,-2328000000.00,2916200000.00,3171800000.00,-0.798299,317.0,,,,,40017200000.00,38872900000.00,41240700000.00,41644700000.00
0000003197,35,61870000.00,176697000.00,205919000.00,0.350147,729.0,62162000.00,63919000.00,-11696000.00,-13100000.00,759699000.00,957095000.00,893769000.00,1027375000.00
0000003453,44,82100000.00,782000000.00,757800000.00,0.104987,2498.0,,,89000000.00,94000000.00,4595400000.00,4527000000.00,4635600000.00,4583000000.00
0000003545,01,-153085000.00,17980000.00,5340000.00,-8.514182,2703.0,-149697000.00,-4588000.00,,,397596000.00,243165000.00,194962000.00,199857000.00
0000003570,49,961000000.00,5444000000.00,5868000000.00,0.176525,1952.0,,,1228000000.00,1080000000.00,43858000000.00,43546000000.00,47882000000.00,46845000000.00
0000004127,36,97300000.00,953200000.00,943700000.00,0.102077,556.0,391600000.00,385300000.00,,,8331100000.00,7885700000.00,7867900000.00,7896000000.00
0000004281,33,494000000.00,1942000000.00,2313000000.00,0.254377,2282.0,,,253000000.00,453000000.00,10519000000.00,10772000000.00,11179000000.00,13067000000.00
0000004904,49,1284000000.00,5463000000.00,6020000000.00,0.235036,1921.0,,,1450000000.00,1519000000.00,103078000000.00,104394600000.00,114460000000.00,117776000000.00
0000005981,28,-4310000.00,115800000.00,123568000.00,-0.037219,263.0,30191000.00,38417000.00,-20576000.00,-35442000.00,636721000.00,631588000.00,596537000.00,665243000.00
0000006176,35,3850000.00,104265000.00,108327000.00,0.036925,833.0,,,-5280000.00,1647000.00,530896000.00,536193000.00,495355000.00,497207000.00
0000006201,45,-270000000.00,12551000000.00,13912000000.00,-0.021512,2082.0,,,2456000000.00,4223000000.00,61783000000.00,62609000000.00,61774000000.00,63738000000.00
0000006281,36,677944000.00,2640068000.00,3623465000.00,0.256790,530.0,1611610000.00,2439798000.00,,,47967546000.00,47344487000.00,47991190000.00,47949095000.00
0000006951,36,2169000000.00,7100000000.00,7910000000.00,0.305493,525.0,3485000000.00,3947000000.00,,,33338000000.00,33632000000.00,37644000000.00,40286000000.00
0000006955,35,30820000.00,145528000.00,154807000.00,0.211781,756.0,73431000.00,71815000.00,,,775351000.00,776627000.00,818061000.00,795495000.00
0000007431,30,98500000.00,382700000.00,409900000.00,0.257382,687.0,149900000.00,155300000.00,41000000.00,32100000.00,1842700000.00,1854400000.00,1924700000.00,1985900000.00
0000007536,50,158553000.00,6814017000.00,9473548000.00,0.023269,2190.0,773992000.00,1090460000.00,351679000.00,699752000.00,21757707000.00,21400842000.00,29078138000.00,35953970000.00
0000007623,35,2485.00,5140955.00,6640285.00,0.000483,855.0,1496509.00,1911460.00,-101805.00,148395.00,21240684.00,21004594.00,22477555.00,24563832.00
0000008063,37,13137000.00,205936000.00,230619000.00,0.063792,1651.0,60849000.00,75133000.00,20642000.00,10606000.00,648764000.00,662242000.00,706678000.00,747143000.00
0000008146,35,571000.00,37708000.00,39364000.00,0.015143,850.0,11951000.00,14425000.00,4395000.00,3021000.00,145595000.00,150324000.00,137566000.00,139856000.00
0000008858,50,143251000.00,5315423000.00,7119779000.00,0.026950,2187.0,587853000.00,739061000.00,,,11942931000.00,11712330000.00,13153175000.00,13489294000.00
0000009092,38,49425000.00,222211000.00,202277000.00,0.222424,1070.0,95437000.00,84327000.00,33027000.00,33893000.00,816413000.00,899596000.00,973577000.00,970808000.00
0000009326,28,51015000.00,250519000.00,270709000.00,0.203637,180.0,88168000.00,101084000.00,36457000.00,40061000.00,1575371000.00,1617555000.00,1686252000.00,1693742000.00
0000010048,13,773000.00,3569000.00,2535000.00,0.216587,1786.0,,,,,26010000.00,24377000.00,21467000.00,21547000.00
0000010329,25,2455000.00,82162000.00,80340000.00,0.029880,2408.0,46830000.00,45165000.00,-52000.00,-5468000.00,341170000.00,335786000.00,323819000.00,316154000.00
0000010456,38,58000000.00,2625000000.00,2701000000.00,0.022095,1178.0,861000000.00,891000000.00,-193000000.00,213000000.00,25782000000.00,21304000000.00,20055000000.00,19846000000.00
0000010795,38,383000000.00,4480000000.00,4714000000.00,0.085491,1137.0,,,,,54665000000.00,54467000000.00,54841000000.00,50832000000.00
0000012040,58,3516000.00,53359000.00,56515000.00,0.065893,2431.0,,,,,146876000.00,143307000.00,142071000.00,144763000.00
0000012208,38,23700000.00,585400000.00,592100000.00,0.040485,1166.0,306000000.00,309400000.00,129900000.00,108100000.00,9364100000.00,9526900000.00,10576500000.00,9790000000.00
0000012239,62,-32882000.00,7240000.00,35805000.00,-4.541713,2685.0,,,1235000.00,-28942000.00,47125000.00,52335000.00,112907000.00,85320000.00
0000012927,37,461000000.00,19496000000.00,22217000000.00,0.023646,1664.0,2417000000.00,2546000000.00,-1616000000.00,-179000000.00,156363000000.00,156494000000.00,168235000000.00,164787000000.00
0000013156,79,1975296.00,7784933.00,7662561.00,0.253733,945.0,,,1168692.00,2544086.00,41010731.00,27816794.00,27500619.00,27042819.00
0000014177,20,-3187000.00,50639000.00,50044000.00,-0.062936,2085.0,11071000.00,8781000.00,,,153376000.00,152443000.00,144605000.00,145341000.00
0000014846,67,-2731000.00,24106000.00,24605000.00,-0.113291,918.0,,,246000.00,2086000.00,713463000.00,703913000.00,709813000.00,698409000.00
0000014930,35,56300000.00,1221800000.00,1378100000.00,0.046080,829.0,,,-27400000.00,-64100000.00,5677700000.00,5857000000.00,5312200000.00,5505800000.00
0000015357,20,-138129.00,308464.00,427061.00,-0.447796,2430.0,76105.00,158036.00,,,1472820.00,1414133.00,1378672.00,1337350.00
0000015615,16,36189000.00,2847718000.00,3828801000.00,0.012708,2394.0,,,78365000.00,98854000.00,8975275000.00,8861938000.00,9923542000.00,10441515000.00
0000016040,28,162000000.00,936000000.00,904000000.00,0.173077,185.0,241000000.00,210000000.00,,,3642000000.00,3784000000.00,3757000000.00,3897000000.00
0000016058,73,196369000.00,2166982000.00,2351002000.00,0.090619,1271.0,,,,,8548499000.00,8580078000.00,8933289000.00,11602847000.00
0000016160,02,635670000.00,1417685000.00,666951000.00,0.448386,2467.5,716115000.00,119283000.00,,,2490099000.00,3081569000.00,3144064000.00,3139261000.00
0000016732,20,161000000.00,2475000000.00,2366000000.00,0.065051,2023.0,,,,,15910000000.00,14828000000.00,15348000000.00,15142000000.00
0000017843,33,137800000.00,727000000.00,811500000.00,0.189546,2342.0,200800000.00,251800000.00,,,3326700000.00,3361800000.00,3504300000.00,3679100000.00
0000018230,35,2579000000.00,14249000000.00,17415000000.00,0.180995,766.0,,,1289000000.00,1870000000.00,87764000000.00,84974000000.00,98585000000.00,95550000000.00
0000018255,56,3443000.00,170242000.00,171104000.00,0.020224,2354.0,,,3868000.00,8049000.00,452361000.00,440806000.00,421419000.00,439180000.00
0000018498,56,-28145000.00,473973000.00,487025000.00,-0.059381,2472.0,221181000.00,228919000.00,-101036000.00,-102772000.00,1335536000.00,1404591000.00,1392978000.00,1384029000.00
0000018926,48,107000000.00,3182000000.00,2899000000.00,0.033627,29.0,,,1095000000.00,1323000000.00,33496000000.00,33538000000.00,34342000000.00,30622000000.00
0000019584,80,94758000.00,646943000.00,657513000.00,0.146470,974.0,,,32744000.00,88219000.00,1668575000.00,1726515000.00,1538189000.00,1535815000.00
0000019745,49,86800000.00,298700000.00,353100000.00,0.290593,1889.0,,,85000000.00,118000000.00,3577000000.00,3664600000.00,3994800000.00,4095900000.00
0000019871,35,409694.00,7245635.00,6851517.00,0.056544,822.0,1657741.00,958459.00,-2020548.00,-649487.00,23370174.00,24071057.00,23301439.00,23869377.00
0000020212,79,135000000.00,643000000.00,663000000.00,0.209953,946.0,,,247000000.00,295000000.00,7275900000.00,7347100000.00,7485000000.00,7485000000.00
0000021344,20,3659000000.00,11129000000.00,12472000000.00,0.328781,1877.0,6966000000.00,7852000000.00,-5202000000.00,2021000000.00,100549000000.00,101716000000.00,104816000000.00,104217000000.00
0000021665,28,1076000000.00,4911000000.00,5324000000.00,0.219100,178.0,2987000000.00,3226000000.00,600000000.00,747000000.00,16046000000.00,16647000000.00,16330000000.00,16610000000.00
0000022701,17,-2167348.00,12636638.00,7194449.00,-0.171513,2562.0,4431325.00,1591248.00,-3403349.00,-5164097.00,45712732.00,44427672.00,48244120.00,40120052.00
0000023194,13,126168000.00,512854000.00,587354000.00,0.246012,1776.0,,,174746000.00,271965000.00,6382097000.00,6601547000.00,7007062000.00,7239696000.00
0000023197,36,-1532000.00,126787000.00,106004000.00,-0.012083,598.0,38945000.00,36066000.00,,,770561000.00,751144000.00,703829000.00,693483000.00
0000023217,20,239400000.00,2841000000.00,2787800000.00,0.084266,2011.0,710300000.00,657700000.00,,,21018100000.00,20744500000.00,19540300000.00,19212300000.00
0000023795,67,7873000.00,35811000.00,41173000.00,0.219849,854.0,26920000.00,31005000.00,10311000.00,14604000.00,1181644000.00,1243903000.00,1263902000.00,1299667000.00
0000024741,33,445000000.00,3452000000.00,4144000000.00,0.128911,2419.0,1214000000.00,1528000000.00,151000000.00,362000000.00,27735000000.00,27394000000.00,30976000000.00,31253000000.00
0000025232,67,165228000.00,250328000.00,263109000.00,0.660046,716.0,,,44758000.00,40460000.00,8802146000.00,8663360000.00,8890132000.00,9087843000.00
0000025445,34,37300000.00,330300000.00,387700000.00,0.112928,2170.0,,,-19100000.00,-14000000.00,2386500000.00,2428700000.00,3116400000.00,3640400000.00
0000025743,28,-1281000.00,393000.00,724000.00,-3.259542,366.0,,,,,38822000.00,38236000.00,37656000.00,37581000.00
0000026058,36,16285000.00,125769000.00,139230000.00,0.129483,549.0,46549000.00,54986000.00,15518000.00,17295000.00,765427000.00,765528000.00,764311000.00,777155000.00
0000026172,35,1134000000.00,8174000000.00,8398000000.00,0.138733,792.0,2155000000.00,2243000000.00,-3000000.00,309000000.00,31540000000.00,32531000000.00,33992000000.00,34445000000.00
0000026324,35,129205000.00,805645000.00,913687000.00,0.160375,778.0,292464000.00,331483000.00,-38765000.00,-5655000.00,4985704000.00,4951791000.00,5221292000.00,5270081000.00
0000026780,37,8000000.00,1781000000.00,1868000000.00,0.004492,1670.0,,,-37000000.00,-195000000.00,7486000000.00,7800000000.00,7808000000.00,6078000000.00
0000027419,53,1472000000.00,23846000000.00,25443000000.00,0.061729,2449.0,,,275000000.00,716000000.00,57769000000.00,56185000000.00,59490000000.00,58010000000.00
0000027430,49,28400000.00,252100000.00,338700000.00,0.112654,1986.0,,,43200000.00,68700000.00,3355200000.00,,3730800000.00,3717300000.00
0000027904,45,569000000.00,14040000000.00,15854000000.00,0.040527,2056.0,,,2378000000.00,2432000000.00,75372000000.00,77342000000.00,81317000000.00,84431000000.00
0000027996,27,48100000.00,536500000.00,538100000.00,0.089655,1715.0,281047000.00,,50300000.00,52700000.00,2831000000.00,2573817000.00,2863600000.00,2556300000.00
0000028823,35,29600000.00,841100000.00,891800000.00,0.035192,837.0,202400000.00,213100000.00,15700000.00,31700000.00,3543500000.00,3625600000.00,3854400000.00,3829900000.00
0000029002,36,1296000.00,332113000.00,405467000.00,0.003902,592.0,104694000.00,128792000.00,56743000.00,64313000.00,2386281000.00,2356341000.00,2448100000.00,2497728000.00
0000029332,22,11000.00,62990000.00,59380000.00,0.000175,2494.0,16902000.00,19288000.00,,,175872000.00,185446000.00,175158000.00,179243000.00
0000029534,53,576113000.00,10435979000.00,10786965000.00,0.055204,2458.0,3231288000.00,3410472000.00,847155000.00,716188000.00,31132733000.00,30987661000.00,30963730000.00,31699653000.00
0000029905,35,296309000.00,1866059000.00,2053623000.00,0.158789,779.0,745500000.00,798135000.00,,,12509160000.00,12648548000.00,13422423000.00,13506680000.00
0000029989,73,452600000.00,3690400000.00,6242900000.00,0.122643,1245.0,,,-786800000.00,-553200000.00,29620700000.00,28113700000.00,54415300000.00,49964700000.00
0000030305,37,4975000.00,192481000.00,209022000.00,0.025847,1663.0,50451000.00,56233000.00,771000.00,11239000.00,1126273000.00,1128350000.00,1186415000.00,1185333000.00
0000030697,58,83126000.00,523472000.00,540637000.00,0.158797,2322.0,,,85415000.00,59389000.00,5034843000.00,4919482000.00,4956561000.00,4924622000.00
0000031107,34,3231165.00,63312774.00,59676538.00,0.051035,2223.0,14187472.00,11929681.00,-1848184.00,3479333.00,235308747.00,232329678.00,216676616.00,217093114.00
0000031235,38,-13000000.00,247000000.00,265000000.00,-0.052632,1231.0,46000000.00,57000000.00,-38000000.00,-30000000.00,2001000000.00,1937000000.00,1617000000.00,1557000000.00
0000031462,28,555300000.00,3695000000.00,4066100000.00,0.150284,191.0,,,369400000.00,445900000.00,22387800000.00,22366400000.00,24696300000.00,25040600000.00
0000031791,38,72230000.00,664762000.00,711118000.00,0.108655,1128.0,,,128155000.00,115230000.00,12392478000.00,12360724000.00,12168411000.00,11996590000.00
0000033185,73,235800000.00,1442000000.00,1648900000.00,0.163523,1216.0,,,223900000.00,241900000.00,11759400000.00,11854800000.00,11864200000.00,11942000000.00
0000033213,13,496250000.00,1739850000.00,3378736000.00,0.285226,1766.0,,,1741167000.00,3055047000.00,39830255000.00,39703364000.00,41792874000.00,41692278000.00
0000033488,39,3652000.00,55479000.00,55785000.00,0.065827,2291.0,,,3791000.00,6142000.00,226330000.00,222074000.00,222109000.00,227550000.00
0000033533,36,1751122.00,10302719.00,11422655.00,0.169967,538.0,2948384.00,4229345.00,,,60191285.00,72839495.00,85166300.00,96003648.00
0000034067,33,6513000.00,159290000.00,135595000.00,0.040888,2534.0,41199000.00,25443000.00,4488000.00,-2379000.00,671337000.00,670640000.00,635831000.00,648409000.00
0000034285,73,-382000.00,4746000.00,5551000.00,-0.080489,1438.0,641000.00,770000.00,959000.00,-505000.00,11556000.00,9914000.00,8845000.00,9831000.00
0000034903,67,108133000.00,309154000.00,341084000.00,0.349771,791.0,,,179044000.00,184594000.00,8524757000.00,8621850000.00,9130460000.00,9096770000.00
0000036840,67,3821000.00,7258000.00,7634000.00,0.526454,735.0,,,,,156883000.00,156213000.00,148997000.00,148648000.00
0000037472,25,-5060000.00,113972000.00,115125000.00,-0.044397,2510.0,25336000.00,26045000.00,,,271547000.00,266126000.00,290194000.00,290171000.00
0000037785,28,58200000.00,791400000.00,758600000.00,0.073541,226.0,316700000.00,246600000.00,,,11653300000.00,11800900000.00,9687200000.00,9419500000.00
0000037996,37,319000000.00,40659000000.00,43253000000.00,0.007846,1669.0,,,3679000000.00,1316000000.00,285196000000.00,284539000000.00,289160000000.00,282434000000.00
0000038264,61,-1821758.00,3122933.00,12961114.00,-0.583348,103.0,-178761.00,9071812.00,,,13492305.00,12338296.00,892946117.00,608512726.00
0000038725,36,44101000.00,455247000.00,500437000.00,0.096873,557.0,163903000.00,174969000.00,-19468000.00,-40875000.00,1820606000.00,1928900000.00,1944385000.00,1996565000.00
0000038777,62,145600000.00,2111400000.00,2294900000.00,0.068959,2218.0,,,,,32390000000.00,31989800000.00,32549100000.00,34109800000.00
0000039911,56,260000000.00,3463000000.00,3497000000.00,0.075079,2309.0,1448000000.00,1417000000.00,-140000000.00,213000000.00,11885000000.00,11565000000.00,12632000000.00,12137000000.00
0000040533,37,1268000000.00,12223000000.00,13481000000.00,0.103739,1634.0,,,-148000000.00,2155000000.00,55880000000.00,57249000000.00,57249000000.00,59029000000.00
0000040570,73,-23220000.00,24495000.00,19481000.00,-0.947949,1590.0,8360000.00,7415000.00,,,92789000.00,61770000.00,58943000.00,59664000.00
0000040704,20,891400000.00,4842200000.00,4436700000.00,0.184090,1958.0,1639100000.00,1366900000.00,,,33396100000.00,32706200000.00,32549000000.00,32403100000.00
0000041719,26,4000000.00,824000000.00,796000000.00,0.004854,2347.0,,,,,3993000000.00,4061000000.00,3893000000.00,3896000000.00
0000042888,35,144013000.00,528284000.00,540144000.00,0.272605,744.0,277733000.00,280641000.00,125416000.00,120248000.00,3139212000.00,3008314000.00,3274270000.00,3334768000.00
0000043196,48,92000000.00,782000000.00,768000000.00,0.117647,20.0,,,132000000.00,1000000.00,10542000000.00,10438000000.00,10440000000.00,10319000000.00
0000045876,89,29261000.00,547907000.00,549803000.00,0.053405,2467.5,,,6600000.00,21536000.00,2634511000.00,2689008000.00,2708671000.00,2704109000.00
0000045919,73,-40000.00,41561000.00,37264000.00,-0.000962,1365.0,,,-818000.00,-575000.00,101782000.00,100585000.00,91826000.00,90405000.00
0000046080,39,170700000.00,1006100000.00,1113100000.00,0.169665,2198.0,,,138100000.00,337700000.00,6340300000.00,6040000000.00,5552000000.00,5930300000.00
0000046129,38,8779000.00,132803000.00,138915000.00,0.066105,1146.0,42752000.00,45375000.00,13928000.00,6173000.00,575781000.00,586899000.00,577595000.00,577663000.00
0000046619,37,248152000.00,1097820000.00,1375713000.00,0.226041,1618.0,,,,,7890711000.00,8092176000.00,9043696000.00,9592213000.00
0000046765,13,42163000.00,1016039000.00,932362000.00,0.041497,1872.0,,,,,5816621000.00,7242263000.00,6459096000.00,6336267000.00
0000047111,20,369221000.00,2805419000.00,3104167000.00,0.131610,1987.0,944267000.00,1222731000.00,396682000.00,468806000.00,12946861000.00,13967764000.00,13741297000.00,13841293000.00
0000047217,35,654000000.00,13220000000.00,14408000000.00,0.049470,826.0,2739000000.00,3016000000.00,,,38930000000.00,38799000000.00,41535000000.00,42936000000.00
0000048287,25,24400000.00,599800000.00,1347500000.00,0.040680,2390.0,238400000.00,499900000.00,12600000.00,-171800000.00,1875100000.00,1858100000.00,4885000000.00,4772600000.00
0000048898,36,230400000.00,1365200000.00,1516700000.00,0.168766,539.0,442600000.00,505300000.00,37400000.00,86600000.00,6847700000.00,6922100000.00,8228800000.00,8417700000.00
0000049071,63,2014000000.00,32112000000.00,39648000000.00,0.062718,2461.0,,,331000000.00,1254000000.00,46479000000.00,50930000000.00,48909000000.00,55280000000.00
0000049826,35,951000000.00,3839000000.00,4016000000.00,0.247721,749.0,,,592000000.00,623000000.00,15067000000.00,15468000000.00,16148000000.00,16264000000.00
0000050493,54,21640338.00,1331273155.00,1307863099.00,0.016255,2476.0,310976634.00,325258628.00,,,2493272016.00,2506421683.00,2570728364.00,2594915653.00
0000050725,34,90886000.00,426684000.00,421860000.00,0.213005,2094.0,198347000.00,191989000.00,,,2325152000.00,2343941000.00,2054802000.00,2066273000.00
0000050863,36,-301000000.00,12667000000.00,13577000000.00,-0.023763,601.0,4672000000.00,5347000000.00,813000000.00,1096000000.00,196485000000.00,192242000000.00,211429000000.00,205332000000.00
0000051253,28,-903000000.00,2843000000.00,2741000000.00,-0.317622,288.0,1035000000.00,1018000000.00,127000000.00,257000000.00,28723000000.00,28265000000.00,25539000000.00,25144000000.00
0000052827,67,59000.00,82922000.00,276787000.00,0.000712,907.0,,,27699000.00,34583000.00,3474419000.00,3351353000.00,3404653000.00,7745428000.00
0000053456,49,72000000.00,566000000.00,666000000.00,0.127208,1976.0,,,205000000.00,57000000.00,9913000000.00,10057000000.00,55904000000.00,11444000000.00
0000054187,65,113110.00,5632151.00,5314751.00,0.020083,2071.0,,,,,88346401.00,87855809.00,88383256.00,90221176.00
0000055135,73,10800000.00,1164900000.00,1040700000.00,0.009271,1358.0,236500000.00,196400000.00,23900000.00,-25400000.00,2632300000.00,2594900000.00,2250600000.00,2255000000.00
0000055242,35,44060000.00,486399000.00,592585000.00,0.090584,812.0,156365000.00,207978000.00,,,2435805000.00,2490503000.00,2595556000.00,2730747000.00
0000055785,26,631000000.00,4054000000.00,4163000000.00,0.155649,2212.0,1509000000.00,1534000000.00,327000000.00,745000000.00,16546000000.00,16305000000.00,17098000000.00,17184000000.00
0000056047,44,105546000.00,785659000.00,844099000.00,0.134341,2465.0,,,36541000.00,97650000.00,5851952000.00,6014601000.00,6008045000.00,6119203000.00
0000056978,36,-84667000.00,161986000.00,242621000.00,-0.522681,645.0,40384000.00,119704000.00,,,1251445000.00,1145264000.00,1114640000.00,1185984000.00
0000057515,20,49877000.00,457836000.00,453368000.00,0.108941,1998.0,105962000.00,107216000.00,,,1239858000.00,1276612000.00,1328859000.00,1356055000.00
0000059255,28,50100000.00,538600000.00,560100000.00,0.093019,216.0,122500000.00,103000000.00,-155900000.00,-46100000.00,2800200000.00,2757200000.00,2632300000.00,2610000000.00
0000059527,35,164918000.00,1004388000.00,1121434000.00,0.164198,774.0,365448000.00,399132000.00,185693000.00,102170000.00,3520142000.00,3625074000.00,3777577000.00,3900395000.00
0000060519,24,120000000.00,724000000.00,574000000.00,0.165746,2395.0,197000000.00,115000000.00,64000000.00,-38000000.00,2556000000.00,2570000000.00,2627000000.00,2581000000.00
0000060667,52,2494000000.00,20930000000.00,23078000000.00,0.119159,2340.0,6986000000.00,7543000000.00,3379000000.00,3350000000.00,43102000000.00,45372000000.00,54144000000.00,54941000000.00
0000060714,28,4468000.00,143432000.00,169487000.00,0.031151,238.0,14384000.00,35794000.00,6836000.00,51797000.00,1187188000.00,1175938000.00,1173539000.00,1191357000.00
0000061004,36,41000.00,918000.00,1085000.00,0.044662,575.0,,,340000.00,501000.00,43145000.00,43302000.00,46776000.00,48123000.00
0000061986,35,5300000.00,470900000.00,494600000.00,0.011255,851.0,89800000.00,95300000.00,12900000.00,27400000.00,1660000000.00,1763800000.00,1818200000.00,1842900000.00
0000062234,78,-20412000.00,148766000.00,154404000.00,-0.137209,2387.0,,,-35329000.00,-15221000.00,1044528000.00,1017957000.00,1014532000.00,992058000.00
0000062709,64,2005000000.00,7061000000.00,7597000000.00,0.283954,2294.0,,,-622000000.00,-688000000.00,56481000000.00,57015000000.00,58710000000.00,58552000000.00
0000062996,34,286000000.00,1801000000.00,1918000000.00,0.158801,2130.0,644000000.00,686000000.00,-158000000.00,-79000000.00,5016000000.00,5107000000.00,5201000000.00,5233000000.00
0000063276,39,-52980000.00,826629000.00,862171000.00,-0.064092,2443.0,408096000.00,386780000.00,24814000.00,-22943000.00,6544084000.00,6206440000.00,6640382000.00,6329635000.00
0000063330,65,-1779000.00,5804000.00,3405000.00,-0.306513,2331.0,,,157000.00,-2015000.00,50139000.00,47232000.00,47968000.00,47872000.00
0000063754,20,225200000.00,1605500000.00,1873900000.00,0.140268,1979.0,604000000.00,708900000.00,115500000.00,50900000.00,13070300000.00,12899800000.00,13200400000.00,16346300000.00
0000063908,58,2648000000.00,5956000000.00,6517000000.00,0.444594,2088.0,,,2428000000.00,2412000000.00,55182000000.00,56329000000.00,59515000000.00,60037000000.00
0000064040,73,1578000000.00,3777000000.00,4171000000.00,0.417792,1068.0,,,953000000.00,1037000000.00,60221000000.00,59889000000.00,61200000000.00,60792000000.00
0000064463,61,-7177000.00,5936000.00,9394000.00,-1.209063,112.0,338000.00,491000.00,-177000.00,-6372000.00,88040000.00,90049000.00,187944000.00,190420000.00
0000064803,59,3374000000.00,94588000000.00,100426000000.00,0.035670,474.0,,,4556000000.00,4249000000.00,253215000000.00,255585000000.00,253538000000.00,252974000000.00
0000065596,62,10496000.00,28919000.00,23470000.00,0.362945,2029.0,,,-34461000.00,-26105000.00,519668000.00,534187000.00,759042000.00,597142000.00
0000065770,36,-14040000.00,589000.00,935000.00,-23.837012,1687.0,39000.00,363000.00,-14098000.00,-16443000.00,121161000.00,116743000.00,103119000.00,110204000.00
0000065984,49,700104000.00,2846874000.00,3187626000.00,0.245920,1914.0,,,536188000.00,828964000.00,64790032000.00,66620409000.00,71890730000.00,75804140000.00
0000066004,49,11557000.00,44301000.00,48714000.00,0.260874,1905.0,,,13782000.00,11731000.00,1255174000.00,1278961000.00,1365737000.00,1386038000.00
0000066382,25,-82200000.00,876200000.00,926600000.00,-0.093814,2552.0,332400000.00,352900000.00,,,4036200000.00,3895400000.00,3946400000.00,3951600000.00
0000066570,38,77761000.00,421340000.00,463632000.00,0.184556,1083.0,193395000.00,219581000.00,61833000.00,75687000.00,2205784000.00,2235885000.00,2554374000.00,2563986000.00
0000066740,38,1246000000.00,5954000000.00,6030000000.00,0.209271,1074.0,,,-79000000.00,574000000.00,39868000000.00,39951000000.00,37733000000.00,35436000000.00
0000067716,14,112863000.00,674833000.00,605977000.00,0.167246,509.0,,,217472000.00,149208000.00,7038818000.00,6961474000.00,7622206000.00,7683936000.00
0000067887,35,109051000.00,934022000.00,1051947000.00,0.116754,803.0,256618000.00,287555000.00,,,4181848000.00,4307055000.00,4551893000.00,4902598000.00
0000068505,36,582000000.00,2528000000.00,2714000000.00,0.230222,533.0,1300000000.00,1362000000.00,510000000.00,451000000.00,14595000000.00,14433000000.00,19389000000.00,19080000000.00
0000068622,48,388000000.00,1222000000.00,1051000000.00,0.317512,2.0,,,453000000.00,264000000.00,17362000000.00,17571000000.00,15820000000.00,15717000000.00
0000069422,65,2350000.00,16824000.00,20372000.00,0.139681,2013.0,,,,,110594000.00,103241000.00,101137000.00,103508000.00
0000069488,30,17201000.00,161667000.00,164580000.00,0.106398,692.0,50219000.00,56545000.00,10131000.00,26204000.00,860815000.00,883842000.00,852576000.00,836734000.00
0000069633,36,11146000.00,43961000.00,49167000.00,0.253543,532.0,25127000.00,29489000.00,,,202684000.00,190863000.00,212823000.00,222009000.00
0000070145,49,317252000.00,729950000.00,858373000.00,0.434622,1813.0,,,,,8301448000.00,8479963000.00,9205872000.00,9127604000.00
0000070318,80,943000000.00,5223000000.00,5368000000.00,0.180548,970.0,,,815000000.00,1641000000.00,28936000000.00,29237000000.00,29677000000.00,31203000000.00
0000070487,87,8596000.00,33551000.00,34803000.00,0.256207,1750.0,,,6646000.00,7180000.00,132539000.00,135175000.00,134878000.00,134559000.00
0000070866,35,-21000000.00,612000000.00,606000000.00,-0.034314,865.0,,,-42000000.00,42000000.00,4452000000.00,4336000000.00,3921000000.00,3923000000.00
0000071557,48,2414901.00,17880769.00,18432680.00,0.135056,19.0,,,4962822.00,6972954.00,273657002.00,268588411.00,277976171.00,273517730.00
0000071691,27,58634000.00,635910000.00,712236000.00,0.092205,1713.0,,,99088000.00,92236000.00,2841479000.00,2735065000.00,2997090000.00,2859351000.00
0000071829,73,13528000.00,64777000.00,75070000.00,0.208840,1183.0,,,8828000.00,21111000.00,393682000.00,390010000.00,441758000.00,437890000.00
0000072162,28,3148000.00,40272000.00,40569000.00,0.078168,225.0,12163000.00,13252000.00,-47475000.00,-3542000.00,578258000.00,520025000.00,464220000.00,461192000.00
0000072205,24,2742219.00,14757337.00,12410560.00,0.185821,2368.0,4631416.00,3630197.00,,,67327081.00,65542959.00,65946538.00,63619264.00
0000072331,35,168750000.00,682938000.00,740847000.00,0.247094,750.0,,,,,5871526000.00,6062038000.00,5960922000.00,5964418000.00
0000072444,28,-14935000.00,20876000.00,39227000.00,-0.715415,316.0,,,-9599000.00,-2054000.00,166389000.00,158559000.00,186079000.00,180055000.00
0000072573,38,291000.00,131769000.00,142402000.00,0.002208,1197.0,71350000.00,81593000.00,-7214000.00,6956000.00,729231000.00,747178000.00,742621000.00,734010000.00
0000072741,49,926394000.00,4118355000.00,4504363000.00,0.224943,1926.0,,,1040595000.00,1324326000.00,59594529000.00,60194678000.00,63786711000.00,64707601000.00
0000073290,28,-1210000.00,1119000.00,987000.00,-1.081323,330.0,19000.00,-44000.00,,,7274000.00,7376000.00,6034000.00,4878000.00
0000073756,13,73472000.00,674523000.00,692429000.00,0.108924,1831.0,135011000.00,127270000.00,-80718000.00,-59118000.00,2336347000.00,2275023000.00,2667254000.00,2643195000.00
0000074046,39,13904000.00,115501000.00,126329000.00,0.120380,2241.0,33022000.00,33728000.00,,,353747000.00,369543000.00,388127000.00,408790000.00
0000074208,67,122195000.00,421948000.00,425849000.00,0.289597,814.0,,,156216000.00,128743000.00,10897586000.00,10745412000.00,10605674000.00,10333774000.00
0000074303,28,43700000.00,1644200000.00,1583000000.00,0.026578,240.0,148700000.00,75800000.00,-86000000.00,-48600000.00,7579100000.00,7655000000.00,7325800000.00,7353800000.00
0000075252,50,19791000.00,673884000.00,627780000.00,0.029369,2185.0,526013000.00,,-35066000.00,,4656156000.00,4856424000.00,2451761000.00,2415982000.00
0000075288,23,36206000.00,392861000.00,391402000.00,0.092160,2470.0,252286000.00,243883000.00,-3942000.00,7902000.00,1289805000.00,1339706000.00,1308958000.00,1337853000.00
0000075677,26,280300000.00,2141000000.00,2367800000.00,0.130920,2235.0,454700000.00,452900000.00,339100000.00,329300000.00,8833200000.00,8969800000.00,10725500000.00,10777900000.00
0000076282,34,18900000.00,405400000.00,421000000.00,0.046621,2229.0,68100000.00,72700000.00,,,1365100000.00,1419600000.00,1419600000.00,1436500000.00
0000076334,34,1108000000.00,4960000000.00,5486000000.00,0.223387,2090.0,,,,,28271463000.00,28917808000.00,30511000000.00,30679000000.00
0000076605,37,65569000.00,1003420000.00,997172000.00,0.065346,1650.0,228591000.00,226860000.00,40077000.00,-14008000.00,3020954000.00,3186777000.00,3076174000.00,3218443000.00
0000077360,35,203100000.00,1010400000.00,1036700000.00,0.201010,757.0,403300000.00,433400000.00,-38900000.00,-67400000.00,6446500000.00,6747200000.00,6868800000.00,7072000000.00
0000077476,20,2583000000.00,17919000000.00,19443000000.00,0.144149,1977.0,9993000000.00,10731000000.00,-973000000.00,41000000.00,99467000000.00,101737000000.00,107399000000.00,110646000000.00
0000077543,15,65325000.00,1246633000.00,1389458000.00,0.052401,963.0,134401000.00,154633000.00,22863000.00,146863000.00,4242710000.00,4454298000.00,5160422000.00,5137579000.00
0000078128,49,338905000.00,783626000.00,861759000.00,0.432483,1814.0,,,299517000.00,265405000.00,32830000000.00,18327161000.00,19464845000.00,19780115000.00
0000078239,23,-332200000.00,1983600000.00,2025100000.00,-0.167473,2598.0,1161700000.00,1186200000.00,-71400000.00,-46500000.00,11033200000.00,10672400000.00,11681000000.00,11341600000.00
0000078890,47,119100000.00,1246700000.00,1375100000.00,0.095532,843.0,,,-60200000.00,28700000.00,6623100000.00,6583600000.00,7339200000.00,7275400000.00
0000079661,65,1264000.00,12210000.00,16497000.00,0.103522,2032.0,,,,,39646000.00,45365000.00,43611000.00,46612000.00
0000079879,28,607000000.00,3684000000.00,3930000000.00,0.164767,186.0,,,-18000000.00,33000000.00,19433000000.00,21140000000.00,22098000000.00,22150000000.00
0000080035,16,13130000.00,148541000.00,176278000.00,0.088393,2312.0,48671000.00,55220000.00,5655000.00,6047000.00,573877000.00,592451000.00,653621000.00,661829000.00
0000080172,34,9070000.00,103639000.00,118649000.00,0.087515,2188.0,18111000.00,17478000.00,12460000.00,31347000.00,453397000.00,455299000.00,500730000.00,469312000.00
0000080420,36,58919000.00,278631000.00,296615000.00,0.211459,536.0,83432000.00,87936000.00,,,912675000.00,965368000.00,1094368000.00,1180039000.00
0000080424,28,4558000000.00,19776000000.00,21235000000.00,0.230481,174.0,,,,,122639000000.00,122984000000.00,127286000000.00,128378000000.00
0000081061,54,1344000000.00,15934000000.00,16256000000.00,0.084348,2374.0,,,2076000000.00,2248000000.00,37601000000.00,38398000000.00,40989000000.00,41323000000.00
0000081362,29,27624000.00,442914000.00,480479000.00,0.062369,2379.0,161260000.00,176735000.00,-3050000.00,3786000.00,2610649000.00,2664429000.00,2797936000.00,2801927000.00
0000082020,14,39894000.00,91253000.00,87833000.00,0.437180,506.0,46156000.00,41752000.00,39434000.00,32062000.00,543163000.00,585255000.00,681044000.00,713837000.00
0000082473,67,222396.00,2205763.00,2193509.00,0.100825,895.0,,,279826.00,-41160.00,14193580.00,14027617.00,13980021.00,13616664.00
0000083246,60,1042000000.00,924000000.00,1048000000.00,1.127706,1965.0,,,817000000.00,1439000000.00,170731000000.00,172441000000.00,172410000000.00,174749000000.00
0000084748,28,-300000.00,190500000.00,200500000.00,-0.001575,251.0,57000000.00,64600000.00,11700000.00,5800000.00,1481100000.00,1510400000.00,1429900000.00,1426500000.00
0000084839,73,142648000.00,822504000.00,906424000.00,0.173431,1208.0,,,146892000.00,118367000.00,2819695000.00,2948558000.00,3140523000.00,3160234000.00
0000085535,67,123111000.00,193436000.00,469125000.00,0.636443,720.0,134254000.00,314894000.00,136369000.00,293562000.00,3392130000.00,3458318000.00,9537524000.00,9489706000.00
0000087802,38,-2089500.00,942300.00,1227100.00,-2.217447,1672.0,344300.00,469900.00,-1522200.00,-993500.00,11560800.00,10570100.00,12607600.00,11103500.00
0000088000,62,1719000.00,19023000.00,18293000.00,0.090364,2191.0,,,-14480000.00,-6769000.00,2028176000.00,2072649000.00,1996811000.00,2234344000.00
0000088121,51,38000000.00,2316000000.00,2400000000.00,0.016408,2286.0,142000000.00,217000000.00,-20000000.00,-54000000.00,7665000000.00,7633000000.00,8246000000.00,8430000000.00
0000088205,35,66600000.00,482600000.00,566800000.00,0.138002,793.0,,,-10900000.00,30600000.00,2714500000.00,3137500000.00,3604600000.00,3879500000.00
0000088941,36,35967000.00,251060000.00,291018000.00,0.143261,543.0,131289000.00,151464000.00,27824000.00,36183000.00,1419264000.00,1431955000.00,1410337000.00,1438943000.00
0000089089,72,251687000.00,1074167000.00,1096454000.00,0.234309,2164.0,291417000.00,286451000.00,311147000.00,333793000.00,17379438000.00,17316088000.00,18654512000.00,18574749000.00
0000089439,33,206262000.00,1000165000.00,1193005000.00,0.206228,2329.0,,,113559000.00,79741000.00,3290906000.00,3231304000.00,3733029000.00,3942363000.00
0000090168,37,-781000.00,19027000.00,26444000.00,-0.041047,1675.0,1570000.00,5661000.00,,,80982000.00,78829000.00,74941000.00,78195000.00
0000091142,36,184000000.00,963900000.00,945600000.00,0.190891,537.0,375400000.00,365700000.00,38700000.00,129400000.00,3240000000.00,3267700000.00,3142800000.00,3650300000.00
0000091388,20,321000000.00,3771000000.00,3800000000.00,0.085123,2010.0,510000000.00,511000000.00,-166000000.00,-65000000.00,11054000000.00,11146000000.00,12177000000.00,12002000000.00
0000091440,34,313400000.00,1243200000.00,1308300000.00,0.252091,2075.0,,,298500000.00,368700000.00,7896800000.00,8069000000.00,8412300000.00,8516400000.00
0000091767,26,126860000.00,1709228000.00,1676442000.00,0.074221,2281.0,353687000.00,345628000.00,-208094000.00,-367928000.00,12507790000.00,12680593000.00,11162334000.00,11070019000.00
0000092122,49,2010000000.00,7775000000.00,8397000000.00,0.258521,1907.0,,,1250000000.00,1226000000.00,145180000000.00,148109000000.00,155720000000.00,157031000000.00
0000092380,45,-223000000.00,6428000000.00,7249000000.00,-0.034692,2087.0,,,860000000.00,1418000000.00,33750000000.00,33212000000.00,29061000000.00,29355000000.00
0000093314,28,-5521720.00,246385.00,985076.00,-22.410942,446.0,,,-4298018.00,-5280132.00,9399523.00,8520057.00,6901227.00,9036483.00
0000093389,37,24462000.00,413379000.00,451166000.00,0.059176,1653.0,124722000.00,139173000.00,-60220000.00,-41929000.00,1814126000.00,1926091000.00,1995241000.00,2048299000.00
0000094049,28,28288000.00,593255000.00,604509000.00,0.047683,233.0,75463000.00,64851000.00,6942000.00,16934000.00,2304648000.00,2389683000.00,2357702000.00,2333337000.00
0000094845,23,191600000.00,1526800000.00,1742500000.00,0.125491,2413.0,947600000.00,1078300000.00,52500000.00,211500000.00,6375500000.00,6848800000.00,6848800000.00,6574800000.00
0000095029,34,8472000.00,135738000.00,141356000.00,0.062414,2215.0,29895000.00,28078000.00,11145000.00,18750000.00,384034000.00,379003000.00,341997000.00,349111000.00
0000095953,28,-2040000.00,17835000.00,19415000.00,-0.114382,274.0,3068000.00,2811000.00,-700000.00,-5428000.00,147250000.00,152542000.00,111937000.00,102614000.00
0000096021,51,681000000.00,19598000000.00,20519000000.00,0.034748,2260.0,3581000000.00,3812000000.00,,,25318000000.00,26347000000.00,27181000000.00,27983000000.00
0000096271,49,168000000.00,649000000.00,802000000.00,0.258860,1906.0,,,131000000.00,297000000.00,13107000000.00,13362000000.00,14071000000.00,14309000000.00
0000096536,35,2019602.00,10564834.00,11173201.00,0.191163,761.0,4528873.00,4491480.00,,,62861732.00,70146613.00,72844118.00,75452711.00
0000096869,65,-4166000.00,8209000.00,9503000.00,-0.507492,2566.0,1228000.00,2045000.00,-1345000.00,3310000.00,607998000.00,614555000.00,630469000.00,634159000.00
0000096943,38,75800000.00,414258000.00,548262000.00,0.182978,1085.0,255431000.00,307426000.00,,,7097914000.00,7163290000.00,6947239000.00,6783002000.00
0000097134,35,19600000.00,290000000.00,297900000.00,0.067586,818.0,120000000.00,113600000.00,-400000.00,-31200000.00,1190100000.00,1180300000.00,1268900000.00,1276600000.00
0000097210,38,120803000.00,685680000.00,1282494000.00,0.176180,1088.0,415336000.00,780949000.00,161637000.00,265124000.00,3708714000.00,3705837000.00,4183599000.00,4433827000.00
0000097216,35,69000000.00,1229000000.00,1734000000.00,0.056143,823.0,247000000.00,206000000.00,-21000000.00,-31000000.00,5730000000.00,5840000000.00,6139000000.00,10188000000.00
0000097476,36,1324000000.00,4069000000.00,4825000000.00,0.325387,524.0,2313000000.00,2799000000.00,849000000.00,1520000000.00,35509000000.00,33757000000.00,34585000000.00,34393000000.00
0000097745,38,1716000000.00,10364000000.00,11005000000.00,0.165573,1092.0,,,723000000.00,1192000000.00,97321000000.00,99041000000.00,110343000000.00,113281000000.00
0000098222,44,75047000.00,333444000.00,326222000.00,0.225066,2339.0,,,80411000.00,19179000.00,2074904000.00,2066166000.00,2386911000.00,2340670000.00
0000098362,35,144000000.00,1140300000.00,1231300000.00,0.126283,798.0,,,58600000.00,39300000.00,6411000000.00,6570400000.00,6676800000.00,6881500000.00
0000098677,20,23060000.00,148455000.00,151541000.00,0.155333,1971.0,52450000.00,51294000.00,3602000.00,11494000.00,1147181000.00,1141700000.00,1253982000.00,1247757000.00
0000099780,37,99800000.00,585400000.00,492000000.00,0.170482,1625.0,,,76500000.00,97800000.00,8832200000.00,8664700000.00,8424400000.00,8330700000.00
0000100122,49,66787000.00,365736000.00,338267000.00,0.182610,1948.0,,,128429000.00,130828000.00,7521523000.00,7816316000.00,8139270000.00,8256502000.00
0000100378,35,1947000.00,81242000.00,96694000.00,0.023965,845.0,21706000.00,27131000.00,,,307360000.00,332882000.00,384015000.00,391019000.00
0000100493,20,100000000.00,13074000000.00,13653000000.00,0.007649,2051.0,600000000.00,962000000.00,,,37310000000.00,36280000000.00,36019000000.00,35165000000.00
0000100517,45,607000000.00,13213000000.00,14608000000.00,0.045940,2049.0,,,3710000000.00,4799000000.00,74083000000.00,76111000000.00,76448000000.00,80941000000.00
0000100591,17,24342000.00,193660000.00,290954000.00,0.125695,2239.0,36863000.00,61114000.00,35293000.00,113384000.00,836227000.00,792155000.00,1186354000.00,1286438000.00
0000100726,22,-13860000.00,146557000.00,130037000.00,-0.094571,2578.0,-445000.00,9117000.00,,,439659000.00,446540000.00,382913000.00,392374000.00
0000100885,40,2371000000.00,6027000000.00,6217000000.00,0.393396,2404.0,,,2210000000.00,2440000000.00,67715000000.00,68492000000.00,69698000000.00,69644000000.00
0000101538,33,357992.00,7000005.00,6784069.00,0.051142,2524.0,2371730.00,1109467.00,-1729291.00,-12059669.00,34642602.00,39496778.00,153925669.00,148049485.00
0000101594,13,-3088000.00,2193000.00,1604000.00,-1.408117,2633.0,,,-4544000.00,-2452000.00,49667000.00,55835000.00,40630000.00,55191000.00
0000101829,37,2035000000.00,20306000000.00,22076000000.00,0.100217,1635.0,,,1305000000.00,1855000000.00,162861000000.00,164864000000.00,171079000000.00,170431000000.00
0000101984,36,-3754000.00,92326000.00,79036000.00,-0.040660,602.0,26083000.00,20600000.00,8984000.00,-781000.00,323354000.00,310611000.00,273997000.00,255142000.00
0000102729,34,128314000.00,969314000.00,1029197000.00,0.132376,2155.0,291102000.00,316878000.00,65130000.00,103473000.00,3329972000.00,3375423000.00,3369329000.00,3435165000.00
0000102752,87,24504000.00,256045000.00,324580000.00,0.095702,1798.0,,,-46632000.00,-62264000.00,1742630000.00,1732982000.00,2028578000.00,3310663000.00
0000103595,54,13725000.00,563669000.00,572587000.00,0.024349,2463.0,162181000.00,160806000.00,,,1002122000.00,995573000.00,1027249000.00,1008439000.00
0000103730,36,815000.00,715236000.00,839242000.00,0.001139,593.0,135554000.00,176612000.00,16098000.00,63669000.00,4110696000.00,4200242000.00,4234160000.00,4262555000.00
0000104169,53,7135000000.00,165609000000.00,177751000000.00,0.043083,2479.0,,,5411000000.00,4738000000.00,260823000000.00,262372000000.00,284668000000.00,289607000000.00
0000104918,49,125000000.00,617000000.00,570000000.00,0.202593,1942.0,,,184000000.00,179000000.00,7941000000.00,7966000000.00,8359000000.00,8408000000.00
0000105016,50,112188000.00,1531086000.00,1533010000.00,0.073273,2152.0,429623000.00,427555000.00,-177644000.00,-18905000.00,4479523000.00,4454353000.00,4414805000.00,4649497000.00
0000105132,28,23280000.00,146104000.00,161671000.00,0.159339,188.0,79716000.00,89941000.00,,,447324000.00,458262000.00,459662000.00,473742000.00
0000105319,72,-20201000.00,186571000.00,168261000.00,-0.108275,2528.0,132876000.00,118672000.00,14998000.00,-33547000.00,550276000.00,696873000.00,946758000.00,881071000.00
0000105418,54,21772000.00,1200776000.00,1255912000.00,0.018132,2474.0,298238000.00,330247000.00,4856000.00,30248000.00,2090582000.00,2063212000.00,2027359000.00,2026868000.00
0000105634,17,318756000.00,3867372000.00,4628233000.00,0.082422,2274.0,722718000.00,863950000.00,108471000.00,558000.00,7716473000.00,8078872000.00,9291399000.00,9508107000.00
0000105744,13,-63000.00,38000.00,39000.00,-1.657895,2644.0,,,-30000.00,-65000.00,4594000.00,4565000.00,4560000.00,4541000.00
0000105770,38,107000000.00,698000000.00,844900000.00,0.153295,1104.0,231900000.00,296400000.00,129400000.00,89900000.00,3643400000.00,3618200000.00,4270000000.00,4109800000.00
0000106040,35,760000000.00,2294000000.00,3337000000.00,0.331299,732.0,912000000.00,1676000000.00,,,25456000000.00,16368000000.00,15611000000.00,15045000000.00
0000106532,51,7031000.00,68030000.00,68005000.00,0.103351,2209.0,30375000.00,30066000.00,4129000.00,17431000.00,324086000.00,299295000.00,319667000.00,296258000.00
0000106535,67,179000000.00,1763000000.00,1727000000.00,0.101531,894.0,335000000.00,318000000.00,70000000.00,52000000.00,16536000000.00,16520000000.00,16613000000.00,16401000000.00
0000106640,36,184000000.00,3621000000.00,3273000000.00,0.050815,571.0,607000000.00,415000000.00,-721000000.00,-827000000.00,16301000000.00,16514000000.00,16001000000.00,16177000000.00
0000107263,49,1094000000.00,3048000000.00,3030000000.00,0.358924,1845.0,,,1433000000.00,1603000000.00,54532000000.00,54924000000.00,58573000000.00,59569000000.00
0000107687,37,7800000.00,620200000.00,657400000.00,0.012577,1667.0,83100000.00,85600000.00,,,2298000000.00,2194000000.00,2127200000.00,2051500000.00
0000107815,49,345600000.00,1179100000.00,1323500000.00,0.293105,1887.0,,,391700000.00,481300000.00,17199600000.00,17376200000.00,19696400000.00,19939400000.00
0000107833,49,112000000.00,498700000.00,564300000.00,0.224584,1927.0,,,192900000.00,172100000.00,7495700000.00,7508100000.00,8054600000.00,8056900000.00
0000108516,33,20868000.00,304524000.00,378677000.00,0.068527,2504.0,89247000.00,109474000.00,57131000.00,61938000.00,1657017000.00,1682004000.00,1753333000.00,1823538000.00
0000108985,49,6283000.00,18456000.00,20074000.00,0.340431,1859.0,,,6005000.00,5368000.00,633473000.00,641752000.00,680888000.00,689804000.00
0000109177,36,19500000.00,675700000.00,708900000.00,0.028859,582.0,253400000.00,270300000.00,,,3614600000.00,3537000000.00,3422900000.00,3473900000.00
0000109563,50,129402000.00,1166749000.00,1251453000.00,0.110908,2125.0,355290000.00,380804000.00,,,3044641000.00,3115663000.00,3159322000.00,2988711000.00
0000110471,31,21000000.00,412300000.00,457600000.00,0.050934,2383.0,196100000.00,217800000.00,-83800000.00,-83200000.00,1674400000.00,1691100000.00,1709300000.00,1640000000.00
0000202058,38,525000000.00,5132000000.00,5744000000.00,0.102299,1131.0,,,-42000000.00,-95000000.00,42001000000.00,41248000000.00,41195000000.00,41380000000.00
0000205402,50,138200000.00,2949800000.00,3314900000.00,0.046851,2171.0,575000000.00,653500000.00,182700000.00,119000000.00,4307200000.00,4550600000.00,4927400000.00,5159000000.00
0000215466,10,62156000.00,360062000.00,856192000.00,0.172626,63.0,,,67635000.00,340836000.00,2301747000.00,4066893000.00,4695682000.00,15261327000.00
0000216228,35,150900000.00,913000000.00,1211900000.00,0.165279,773.0,323200000.00,428800000.00,,,4731300000.00,4833700000.00,6310400000.00,11131600000.00
0000216877,70,-187000.00,1966000.00,2223000.00,-0.095117,2499.0,,,,,29377000.00,30248000.00,30291000.00,31649000.00
0000275053,28,6172000.00,113248000.00,122892000.00,0.054500,232.0,81597000.00,89977000.00,2609000.00,-1846000.00,240855000.00,252702000.00,261146000.00,261458000.00
0000275880,73,109233000.00,1554360000.00,1491176000.00,0.070275,1285.0,,,-11787000.00,-3700000.00,5487962000.00,5449144000.00,5769534000.00,6012108000.00
0000276720,49,-1327000.00,3995000.00,5169000.00,-0.332165,2276.0,1527000.00,2784000.00,,,149688000.00,149656000.00,168069000.00,166636000.00
0000277135,50,672000000.00,4306000000.00,4742000000.00,0.156061,2092.0,1710000000.00,1896000000.00,646000000.00,739000000.00,8829000000.00,8658000000.00,8962000000.00,9473000000.00
0000277509,37,65700000.00,463800000.00,625600000.00,0.141656,1629.0,130800000.00,179400000.00,36700000.00,101300000.00,1765200000.00,1879400000.00,2392600000.00,2454400000.00
0000277638,07,-1584000.00,434836000.00,435775000.00,-0.003643,1727.0,,,-4391000.00,-17978000.00,1407551000.00,1398500000.00,1496800000.00,1612555000.00
0000277948,40,1041000000.00,3423000000.00,3482000000.00,0.304119,2521.0,,,1255000000.00,1272000000.00,42764000000.00,43199000000.00,43682000000.00,44232000000.00
0000278165,73,-426000.00,7979000.00,7680000.00,-0.053390,1420.0,2183000.00,2255000.00,1018000.00,-70000.00,43589000.00,35110000.00,26176000.00,25550000.00
0000310142,28,53530000.00,392325000.00,435834000.00,0.136443,197.0,,,-8978000.00,-13617000.00,2023794000.00,2092668000.00,2244137000.00,2287588000.00
0000310764,38,837000000.00,5866000000.00,6020000000.00,0.142687,1108.0,3744000000.00,3810000000.00,250000000.00,581000000.00,42971000000.00,46006000000.00,47844000000.00,46291000000.00
0000312257,51,260456.00,15026015.00,12176573.00,0.017334,2283.0,3920264.00,3122621.00,-977407.00,-233760.00,27346373.00,25136372.00,19581021.00,12110883.00
0000313616,38,1274000000.00,5741000000.00,5951000000.00,0.221913,1071.0,3511000000.00,3591000000.00,1299000000.00,1322000000.00,77542000000.00,79116000000.00,83464000000.00,83544000000.00
0000313927,28,295300000.00,1467100000.00,1469300000.00,0.201281,181.0,659600000.00,681400000.00,185700000.00,174800000.00,8883100000.00,8955900000.00,8912400000.00,9006500000.00
0000314203,10,-7640000.00,35696000.00,74049000.00,-0.214030,66.0,10070000.00,31495000.00,-1932000.00,12103000.00,664623000.00,730597000.00,820218000.00,972597000.00
0000314227,28,-754465.00,1576558.00,1654227.00,-0.478552,301.0,951745.00,831776.00,-275698.00,295551.00,9693738.00,9957777.00,7034301.00,7462220.00
0000314808,13,143000000.00,620700000.00,465400000.00,0.230385,1780.0,,,155900000.00,75000000.00,4419800000.00,4386800000.00,5304800000.00,5363700000.00
0000315213,73,38882000.00,1351907000.00,1300179000.00,0.028761,1329.0,499045000.00,479909000.00,-59347000.00,-112339000.00,2854405000.00,2696953000.00,2856276000.00,2703702000.00
0000315293,64,1461000000.00,4729000000.00,5034000000.00,0.308945,2262.0,,,140000000.00,430000000.00,48965000000.00,50304000000.00,50784000000.00,51429000000.00
0000315374,38,-3068000.00,40867000.00,47618000.00,-0.075073,1252.0,7829000.00,10331000.00,997000.00,2138000.00,255831000.00,262474000.00,261535000.00,259487000.00
0000315958,73,25367.00,4871412.00,4986878.00,0.005207,1360.0,,,-837587.00,-452056.00,24912498.00,24435712.00,26237315.00,25149169.00
0000317540,20,189820000.00,1579977000.00,1846668000.00,0.120141,1990.0,627104000.00,727080000.00,198171000.00,205273000.00,5313139000.00,5403738000.00,4302998000.00,4392708000.00
0000318154,28,1178000000.00,8149000000.00,8618000000.00,0.144558,193.0,,,1391000000.00,2189000000.00,91839000000.00,89367000000.00,90586000000.00,92504000000.00
0000318300,60,31377000.00,21967000.00,22363000.00,1.428370,1807.0,,,34276000.00,34516000.00,9254247000.00,9246000000.00,9649630000.00,9648087000.00
0000318833,76,-6003000.00,198655000.00,215056000.00,-0.030218,2467.5,47266000.00,50155000.00,-28661000.00,-9095000.00,528365000.00,515214000.00,485453000.00,479409000.00
0000320121,73,-9022000.00,30616000.00,47742000.00,-0.294683,1518.0,12182000.00,17375000.00,6106000.00,8656000.00,158235000.00,158061000.00,139864000.00,139895000.00
0000320193,35,29589000000.00,95359000000.00,111184000000.00,0.310291,736.0,44867000000.00,54781000000.00,,,344085000000.00,331233000000.00,379297000000.00,371082000000.00
0000350698,55,336000000.00,6690400000.00,6552100000.00,0.050221,1839.0,1219900000.00,1211100000.00,-52500000.00,22200000.00,13001700000.00,13325600000.00,14392200000.00,14623300000.00
0000350894,62,157097000.00,551344000.00,622183000.00,0.284935,2065.0,192563000.00,224289000.00,146480000.00,221576000.00,2684606000.00,2566042000.00,,
0000351998,38,-377000.00,6176000.00,3250000.00,-0.061043,1237.0,3188000.00,1609000.00,109000.00,-2227000.00,24970000.00,24513000.00,20176000.00,17624000.00
0000352541,49,257000000.00,1128000000.00,1184000000.00,0.227837,1924.0,,,249000000.00,368000000.00,22714000000.00,22851000000.00,24991000000.00,24813000000.00
0000352915,80,454825000.00,4099720000.00,4495182000.00,0.110941,977.0,,,360048000.00,401628000.00,14469749000.00,14875430000.00,15527593000.00,15681142000.00
0000352955,13,112150.00,348184.00,170660.00,0.322100,1757.0,,,118664.00,-52331.00,18847237.00,22285768.00,22285768.00,22315798.00
0000352991,65,5103.00,10585.00,12011.00,0.482097,1827.0,,,,,629013.00,644509.00,670151.00,654955.00
0000354707,49,62420000.00,744070000.00,746447000.00,0.083890,2000.0,,,49665000.00,61031000.00,8931416000.00,8766181000.00,8922879000.00,8914203000.00
0000354950,52,5133000000.00,39856000000.00,41765000000.00,0.128789,2333.0,13459000000.00,13781000000.00,4325000000.00,6032000000.00,96119000000.00,99157000000.00,105095000000.00,107904000000.00
0000354963,48,-6092000.00,87898000.00,92153000.00,-0.069308,41.0,,,20524000.00,24371000.00,1740273000.00,1825453000.00,1910762000.00,1952962000.00
0000355811,37,112987106.00,576773090.00,675443125.00,0.195895,1622.0,191733587.00,228626913.00,148505521.00,137083229.00,2760820975.00,2782549228.00,2928592834.00,2997636194.00
0000355948,50,-2743000.00,53804000.00,55472000.00,-0.050981,2252.0,16673000.00,17680000.00,4601000.00,-2650000.00,195225000.00,189810000.00,201766000.00,199799000.00
0000356037,73,-994000.00,13147000.00,16012000.00,-0.075607,1434.0,4207000.00,4472000.00,,,67523000.00,67122000.00,69154000.00,70317000.00
0000356309,49,279949000.00,569199000.00,641350000.00,0.491830,1789.0,,,,,7193965000.00,7265584000.00,7906211000.00,7943255000.00
0000700923,16,34290000.00,833620000.00,1000380000.00,0.041134,2353.0,96901000.00,134440000.00,83286000.00,84749000.00,1488804000.00,1522061000.00,1644079000.00,1673424000.00
0000701719,59,3118421.00,48255829.00,98380890.00,0.064623,469.0,11968024.00,20620416.00,1131057.00,21156439.00,77870489.00,79664327.00,96022747.00,107968543.00
0000701985,59,209000000.00,1424000000.00,1378000000.00,0.146770,460.0,646000000.00,587000000.00,188000000.00,244000000.00,4872000000.00,4881000000.00,5069000000.00,4963000000.00
0000702165,40,1146000000.00,2993000000.00,2998000000.00,0.382893,2414.0,,,950000000.00,344000000.00,43682000000.00,43800000000.00,45236000000.00,45113000000.00
0000703351,58,156900000.00,1425100000.00,1470200000.00,0.110098,2369.0,,,,,2560300000.00,2571900000.00,2749200000.00,2772300000.00
0000703604,50,20097000.00,478029000.00,495995000.00,0.042041,2176.0,163980000.00,163339000.00,-4762000.00,-20359000.00,1727255000.00,1762912000.00,1748621000.00,1790004000.00
0000704440,38,-1245005.00,9635075.00,11764624.00,-0.129216,1290.0,6046335.00,7231389.00,-237467.00,14663.00,27218515.00,27216167.00,28200179.00,28591838.00
0000704532,38,63134000.00,266607000.00,291949000.00,0.236805,1065.0,143233000.00,146389000.00,91980000.00,26322000.00,2117091000.00,2115052000.00,2367741000.00,2396366000.00
0000706698,38,3153000.00,9710000.00,8722000.00,0.324717,1048.0,5538000.00,5282000.00,4464000.00,3109000.00,122538000.00,122519000.00,122542000.00,124382000.00
0000707549,35,1561759000.00,4720175000.00,5841488000.00,0.330869,733.0,2313686000.00,2910527000.00,,,19839916000.00,19968310000.00,21391171000.00,20791910000.00
0000708821,35,-15750000.00,103859000.00,123973000.00,-0.151648,901.0,48342000.00,54501000.00,-17171000.00,-16644000.00,1380727000.00,1381549000.00,1369144000.00,1391145000.00
0000709005,58,501639.00,3760198.00,3904046.00,0.133408,2343.0,,,123855.00,322499.00,16769247.00,16288490.00,15894484.00,15684445.00
0000711377,28,5400000.00,221000000.00,211200000.00,0.024434,241.0,110300000.00,99000000.00,,,4054092000.00,4036336000.00,3359953000.00,3359000000.00
0000711404,38,184800000.00,1002300000.00,1081500000.00,0.184376,1084.0,679100000.00,735400000.00,,,12222200000.00,12413600000.00,12424200000.00,12482300000.00
0000712034,27,-6700000.00,317400000.00,343700000.00,-0.021109,1718.0,99600000.00,106800000.00,5500000.00,3500000.00,2228400000.00,2268600000.00,2253000000.00,2281900000.00
0000714256,38,825530.00,23434096.00,27798534.00,0.035228,1171.0,21599129.00,25874945.00,-1998884.00,-2465407.00,88091992.00,96378581.00,72944071.00,69277117.00
0000715787,22,23227000.00,297413000.00,331037000.00,0.078097,2384.0,110963000.00,126723000.00,11739000.00,13538000.00,1170816000.00,1191798000.00,1206522000.00,1205788000.00
0000715957,49,1223000000.00,4076000000.00,5019000000.00,0.300049,1883.0,,,1183000000.00,882000000.00,102415000000.00,104555000000.00,115857000000.00,118578000000.00
0000716133,48,10700000.00,276400000.00,283600000.00,0.038712,28.0,,,14400000.00,93300000.00,4462400000.00,4342000000.00,4234500000.00,4138400000.00
0000716634,78,-6891000.00,40169000.00,45124000.00,-0.171550,2435.0,,,-7702000.00,-2466000.00,471011000.00,440969000.00,434929000.00,431480000.00
0000716643,72,5021000.00,56957000.00,52407000.00,0.088154,2292.0,,,,,530111000.00,511248000.00,588314000.00,556598000.00
0000717423,13,143894000.00,665711000.00,733552000.00,0.216151,1787.0,,,,,9667479000.00,9820300000.00,9832626000.00,10035634000.00
0000717605,28,44200000.00,456500000.00,501500000.00,0.096824,211.0,102400000.00,134700000.00,-28500000.00,19000000.00,2725600000.00,2779200000.00,2704000000.00,2723900000.00
0000717954,72,31214000.00,602219000.00,622505000.00,0.051832,2328.0,,,,,2701752000.00,2733362000.00,2752698000.00,2800398000.00
0000718332,51,855000.00,2966000.00,3223000.00,0.288267,2076.0,,,,,16115000.00,15711000.00,17547000.00,18581000.00
0000718937,38,-57401000.00,42589000.00,93522000.00,-1.347789,1600.0,28005000.00,68859000.00,-5734000.00,-21695000.00,509524000.00,457364000.00,451678000.00,451118000.00
0000719135,38,-3051000.00,9430000.00,12490000.00,-0.323542,1468.0,5665000.00,7925000.00,-702000.00,-572000.00,64842000.00,60160000.00,66840000.00,63025000.00
0000719733,36,-459000.00,111974000.00,89571000.00,-0.004099,596.0,8607000.00,7183000.00,,,327829000.00,328557000.00,325267000.00,322863000.00
0000719955,57,290713000.00,1730113000.00,1805456000.00,0.168031,2225.0,765809000.00,793426000.00,118949000.00,156323000.00,5301607000.00,5157315000.00,5411912000.00,5059548000.00
0000720154,87,-2938000.00,124323000.00,117652000.00,-0.023632,1851.0,,,,,772907000.00,765966000.00,734336000.00,702418000.00
0000720515,49,76219000.00,778612000.00,841203000.00,0.097891,1995.0,,,214492000.00,163699000.00,,,9397657000.00,9482652000.00
0000721693,73,-1162390.00,20625.00,108353.00,-56.358303,2750.0,8819.00,54670.00,64627345.00,-125927.00,121234786.00,130747730.00,157642666.00,159653613.00
0000722313,36,-1613000.00,13406000.00,11797000.00,-0.120319,614.0,3078000.00,4702000.00,-2930000.00,-1561000.00,72435000.00,73533000.00,71919000.00,76640000.00
0000722572,36,-1966553.00,8009619.00,3444183.00,-0.245524,624.0,1353880.00,553444.00,,,54450368.00,49711734.00,53028467.00,50384684.00
0000723125,36,1773000000.00,8053000000.00,23860000000.00,0.220166,534.0,2963000000.00,17755000000.00,,,71461000000.00,73053000000.00,85971000000.00,101509000000.00
0000723254,23,609853000.00,2609159000.00,2841444000.00,0.233735,2295.0,1319341000.00,1448456000.00,,,9366529000.00,9611136000.00,10132881000.00,10233721000.00
0000723531,87,691800000.00,1509000000.00,1808900000.00,0.458449,1737.0,,,,,10554700000.00,11221600000.00,16518900000.00,17511400000.00
0000725394,73,-3938773.00,4574276.00,2567104.00,-0.861070,1587.0,1404959.00,780444.00,,,21075072.00,21747779.00,17587222.00,17718035.00
0000727273,49,-7533000.00,2954000.00,1632000.00,-2.550102,2665.0,,,-3644000.00,-5510000.00,134494000.00,145576000.00,140914000.00,146120000.00
0000727346,67,-421746.00,10486939.00,7288602.00,-0.040216,910.0,,,1035411.00,-2289812.00,33446964.00,34543180.00,32577993.00,30012190.00
0000727510,28,-14401000.00,94188000.00,86537000.00,-0.152896,279.0,14406000.00,9000000.00,129000.00,-16315000.00,47169000.00,45521000.00,402142000.00,428874000.00
0000728385,38,-1342953.00,3221011.00,4239934.00,-0.416935,1498.0,1234346.00,1382706.00,-254335.00,-2206853.00,10261220.00,9301752.00,9237718.00,21395398.00
0000728391,49,98381000.00,477700000.00,521920000.00,0.205947,1939.0,,,122465000.00,222064000.00,7139025000.00,7757177000.00,7757177000.00,8022772000.00
0000729580,36,25023000.00,152238000.00,178491000.00,0.164368,540.0,58819000.00,69598000.00,8147000.00,13828000.00,949789000.00,584417000.00,935200000.00,951920000.00
0000730349,20,-161000.00,1591000.00,1557000.00,-0.101194,2107.0,589000.00,469000.00,148000.00,-279000.00,3823000.00,3755000.00,3384000.00,3133000.00
0000730464,82,90509000.00,466055000.00,487030000.00,0.194202,2151.0,,,,,2722955000.00,2789759000.00,2614713000.00,2737427000.00
0000731766,63,9119000000.00,109575000000.00,111721000000.00,0.083222,2426.0,,,5456000000.00,8912000000.00,298278000000.00,309790000000.00,309581000000.00,312644000000.00
0000731802,49,628939000.00,1950502000.00,1962402000.00,0.322450,1870.0,,,,,26497093000.00,26980381000.00,29798395000.00,30380096000.00
0000732712,48,7978000000.00,33485000000.00,34440000000.00,0.238256,6.0,,,7782000000.00,7984000000.00,384711000000.00,380364000000.00,404258000000.00,417882000000.00
0000732717,48,5754000000.00,30626000000.00,31506000000.00,0.187880,13.0,,,9049000000.00,,394795000000.00,397467000000.00,420198000000.00,421188000000.00
0000732834,13,469517000.00,1610453000.00,778047000.00,0.291543,1760.0,,,1401191000.00,1119509000.00,22305581000.00,22818102000.00,24522162000.00,25603450000.00
0000733590,67,-635000.00,12008000.00,12341000.00,-0.052881,913.0,,,-7426000.00,-2938000.00,1070545000.00,1083540000.00,1132520000.00,1128805000.00
0000737758,35,174800000.00,1317900000.00,1424700000.00,0.132635,795.0,436700000.00,482700000.00,,,3696700000.00,3788100000.00,3702500000.00,3706600000.00
0000744218,28,-62739000.00,695000.00,15000.00,-90.271942,2714.0,,,-54372000.00,-65588000.00,792340000.00,739471000.00,582983000.00,511254000.00
0000744825,80,-1299000.00,6112000.00,7084000.00,-0.212533,1021.0,942000.00,1288000.00,2503000.00,2149000.00,60197000.00,63311000.00,55479000.00,54725000.00
0000745308,65,16894000.00,94197000.00,99044000.00,0.179348,1991.0,35604000.00,37940000.00,29016000.00,42241000.00,1538574000.00,1547387000.00,1518426000.00,1517748000.00
0000745732,56,606470000.00,4984971000.00,6010476000.00,0.121660,2255.0,,,409715000.00,836009000.00,14905332000.00,14304616000.00,15548737000.00,15554572000.00
0000746514,65,6233447.00,20688894.00,24161127.00,0.301294,1931.0,,,5477629.00,2306957.00,393508658.00,385217652.00,505331191.00,497302684.00
0000746515,47,265858000.00,2666419000.00,2782962000.00,0.099706,840.0,,,342622000.00,309234000.00,4754458000.00,4756650000.00,4893638000.00,4781680000.00
0000746598,39,67190000.00,382590000.00,435237000.00,0.175619,2194.0,195059000.00,225469000.00,,,1588700000.00,1698115000.00,1825200000.00,1831951000.00
0000746838,73,5100000.00,432100000.00,437600000.00,0.011803,1354.0,107500000.00,112500000.00,33300000.00,-4400000.00,1872300000.00,1840300000.00,1846200000.00,1732400000.00
0000747540,50,-2544.00,7231738.00,8193907.00,-0.000352,2219.0,2045702.00,2408409.00,-124278.00,1090562.00,25444525.00,24948137.00,27120253.00,27282085.00
0000748268,73,-12478000.00,1629662.00,15471000.00,-7.656802,2659.0,-850000.00,1965000.00,-15907000.00,-31945000.00,55604000.00,59655848.00,273677000.00,281885000.00
0000749251,87,278032000.00,1534130000.00,1511041000.00,0.181231,1770.0,1065297000.00,1086307000.00,313512000.00,391039000.00,8534671000.00,8479761000.00,8085400000.00,7655273000.00
0000750004,73,170000000.00,774000000.00,790000000.00,0.219638,1175.0,,,185000000.00,139000000.00,5421000000.00,5455000000.00,6462000000.00,6365000000.00
0000751365,25,-94000.00,33754000.00,30692000.00,-0.002785,2454.0,16020000.00,12695000.00,-19031000.00,-9354000.00,191946000.00,183782000.00,174179000.00,175478000.00
0000751978,36,-149000.00,93968000.00,112969000.00,-0.001586,595.0,44365000.00,62366000.00,20128000.00,-3942000.00,641118000.00,665038000.00,785831000.00,804881000.00
0000752714,73,45567000.00,195416000.00,198542000.00,0.233179,1165.0,96436000.00,96890000.00,53882000.00,42366000.00,2277584000.00,2242287000.00,2357117000.00,2378150000.00
0000755001,49,46200000.00,170800000.00,216900000.00,0.270492,1898.0,,,52100000.00,50100000.00,1794500000.00,1890700000.00,2134200000.00,2155800000.00
0000761648,67,4149000.00,7415000.00,6871000.00,0.559541,730.0,,,2258000.00,2329000.00,216931000.00,186763000.00,165195000.00,163446000.00
0000763744,37,81317000.00,1045590000.00,1090517000.00,0.077771,1643.0,251749000.00,273665000.00,42718000.00,-33459000.00,2894739000.00,3099998000.00,3175987000.00,3216796000.00
0000764065,10,-543000000.00,4629000000.00,4922000000.00,-0.117304,65.0,,,-351000000.00,-325000000.00,20947000000.00,20836000000.00,20012000000.00,20115000000.00
0000764180,21,1788000000.00,5259000000.00,5428000000.00,0.339989,2217.0,3249000000.00,3506000000.00,2720000000.00,2324000000.00,35177000000.00,35760000000.00,35017000000.00,34584000000.00
0000764622,49,57222000.00,1032280000.00,1149597000.00,0.055433,2016.0,,,401895000.00,235296000.00,26102760000.00,27236478000.00,30031599000.00,30690627000.00
0000764630,36,22732.00,164657.00,2260.00,0.138057,547.0,125352.00,-11977.00,-18332.00,-56218.00,65417.00,181519.00,54557.00,75000.00
0000766421,45,-197000000.00,3137000000.00,3300000000.00,-0.062799,2104.0,,,459000000.00,421000000.00,19768000000.00,19818000000.00,20361000000.00,20298000000.00
0000766792,35,-320000.00,6332000.00,1844000.00,-0.050537,873.0,1734000.00,147000.00,-2262000.00,-852000.00,31686000.00,31080000.00,27509000.00,26214000.00
0000766829,49,35896000.00,167599000.00,183293000.00,0.214178,1934.0,,,43181000.00,43706000.00,4658309000.00,4728810000.00,5149566000.00,5353304000.00
0000769397,73,233000000.00,1633000000.00,1934000000.00,0.142682,1230.0,1473000000.00,1759000000.00,564000000.00,893000000.00,10833000000.00,10585000000.00,12467000000.00,11932000000.00
0000769520,35,129521000.00,730623000.00,839908000.00,0.177275,768.0,292578000.00,323190000.00,141134000.00,65606000.00,7283151000.00,7401381000.00,6315166000.00,5421987000.00
0000771266,36,-3907957.00,519847.00,411378.00,-7.517514,683.0,,,-3414201.00,-810746.00,70765766.00,65036412.00,108394257.00,102436507.00
0000771497,73,82300000.00,2111700000.00,2290000000.00,0.038973,1316.0,,,,,5217400000.00,5310700000.00,5289000000.00,5647000000.00
0000771999,26,-3726000.00,4954000.00,4331000.00,-0.752119,2635.0,,,168000.00,-133000.00,106453000.00,92435000.00,67630000.00,71267000.00
0000773840,37,2002000000.00,8925000000.00,9143000000.00,0.224314,1620.0,3462000000.00,,597000000.00,-650000000.00,75196000000.00,75218000000.00,73681000000.00,73988000000.00
0000775158,37,175400000.00,2312800000.00,2317800000.00,0.075839,1646.0,399900000.00,311900000.00,-394900000.00,-161000000.00,9423100000.00,9761400000.00,10072400000.00,9961100000.00
0000778164,28,-8997000.00,226540000.00,224680000.00,-0.039715,265.0,-1807000.00,9219000.00,-18231000.00,4209000.00,401438000.00,402209000.00,388786000.00,386293000.00
0000779152,73,138740000.00,585087000.00,636245000.00,0.237127,1160.0,,,,,2911770000.00,2932018000.00,3060044000.00,3050557000.00
0000779544,58,-4617000.00,39725000.00,36584000.00,-0.116224,2586.0,,,,,154640000.00,141891000.00,130438000.00,131762000.00
0000780571,38,76213000.00,607151000.00,586982000.00,0.125526,1116.0,217219000.00,236319000.00,72117000.00,85501000.00,3407623000.00,3503142000.00,3720707000.00,3978204000.00
0000783325,49,937500000.00,3149500000.00,3434200000.00,0.297666,1884.0,,,1162600000.00,1218400000.00,47363200000.00,48232100000.00,51518300000.00,51734000000.00
0000784199,38,2145000.00,98978000.00,116337000.00,0.021671,1179.0,63577000.00,75448000.00,-16953000.00,1154000.00,789101000.00,791163000.00,884796000.00,883157000.00
0000784539,50,9094000.00,100132000.00,117836000.00,0.090820,2137.0,29508000.00,36227000.00,,,198762000.00,199757000.00,229578000.00,239057000.00
0000784977,49,168000000.00,928000000.00,879000000.00,0.181034,1949.0,,,231000000.00,268000000.00,12544000000.00,12695000000.00,13230000000.00,13204000000.00
0000785786,36,48791000.00,980170.00,1163757.00,49.778100,138.0,97751000.00,119176000.00,,,3071317000.00,3085740000.00,3185967000.00,3360969000.00
0000787250,49,28200000.00,254300000.00,341100000.00,0.110893,1988.0,,,34900000.00,70000000.00,3417400000.00,3489400000.00,3781000000.00,3773500000.00
0000788329,39,4901000.00,168349000.00,194480000.00,0.029112,2327.0,58866000.00,75488000.00,,,612868000.00,624474000.00,600133000.00,618273000.00
0000788784,49,797000000.00,3222000000.00,3848000000.00,0.247362,1913.0,,,1049000000.00,1271000000.00,54640000000.00,55575000000.00,57576000000.00,57945000000.00
0000788816,49,162081000.00,677576000.00,737056000.00,0.239207,1919.0,,,36880000.00,94702000.00,16477538000.00,16495479000.00,17149799000.00,17031313000.00
0000788920,38,3640000.00,17414000.00,19949000.00,0.209027,1075.0,5798000.00,6133000.00,,,60374000.00,64273000.00,62256000.00,74977000.00
0000788965,49,13875000.00,117724000.00,101807000.00,0.117860,1982.0,,,38419000.00,20496000.00,369120000.00,366097000.00,408053000.00,448632000.00
0000789019,73,32000000000.00,70066000000.00,82886000000.00,0.456712,1056.0,48147000000.00,56058000000.00,37044000000.00,46679000000.00,533898000000.00,562624000000.00,665302000000.00,694228000000.00
0000789460,51,-6600000.00,9452500000.00,9685000000.00,-0.000698,2304.0,230400000.00,271200000.00,114400000.00,-46400000.00,6731800000.00,6589100000.00,5863900000.00,6803000000.00
0000789570,70,385057000.00,4277082000.00,4454718000.00,0.090028,2279.0,,,547079000.00,567789000.00,42231627000.00,41903113000.00,41373786000.00,41402158000.00
0000789933,12,7682000.00,65571000.00,62775000.00,0.117155,2352.0,9654000.00,14291000.00,5023000.00,12374000.00,631687000.00,634187000.00,661228000.00,685656000.00
0000790051,30,183600000.00,1095800000.00,1052100000.00,0.167549,689.0,,,1800000.00,-44700000.00,5816600000.00,5450900000.00,6263000000.00,5989700000.00
0000790526,80,-24101000.00,471399000.00,575631000.00,-0.051127,1008.0,,,41481000.00,78972000.00,3286690000.00,3336264000.00,3758563000.00,3885389000.00
0000790816,67,15161000.00,121516000.00,127004000.00,0.124765,887.0,73925000.00,74985000.00,6315000.00,10208000.00,3492213000.00,3423786000.00,3586240000.00,3587847000.00
0000791908,28,5929000.00,15912000.00,12318000.00,0.372612,154.0,,,2198000.00,6121000.00,221277000.00,212750000.00,272698000.00,271858000.00
0000791963,62,41376000.00,367825000.00,445095000.00,0.112488,2175.0,,,-91740000.00,-189982000.00,3382726000.00,3572182000.00,3722415000.00,3815278000.00
0000792987,35,20500000.00,329400000.00,396300000.00,0.062234,819.0,92400000.00,99100000.00,20500000.00,40700000.00,1043600000.00,1056000000.00,1367200000.00,1428900000.00
0000793074,42,-5832000.00,712114000.00,808610000.00,-0.008190,2424.0,,,29370000.00,83450000.00,3052237000.00,2986649000.00,2888674000.00,3256196000.00
0000793171,28,-1082312.00,511584.00,446295.00,-2.115610,352.0,376757.00,342497.00,,,4446823.00,4575227.00,4886276.00,4374716.00
0000793306,13,4343000.00,83692000.00,81490000.00,0.051893,1867.0,,,-1727000.00,831000.00,101896000.00,105584000.00,99072000.00,118950000.00
0000793524,67,-239577.00,559776.00,136319.00,-0.427987,925.0,,,-641271.00,-759931.00,4039647.00,3768086.00,2251745.00,3080627.00
0000793952,37,160499000.00,1329209000.00,1172531000.00,0.120748,1632.0,,,141534000.00,-228021000.00,11881579000.00,12382381000.00,8044815000.00,7245661000.00
0000794367,53,94000000.00,4793000000.00,4892000000.00,0.019612,2503.0,,,-64000000.00,292000000.00,16402000000.00,16089000000.00,16238000000.00,16306000000.00
0000795403,34,87700000.00,558000000.00,677300000.00,0.157168,2132.0,272500000.00,326100000.00,55200000.00,17900000.00,2397000000.00,2500700000.00,2881200000.00,2939800000.00
0000796343,73,2163000000.00,5714000000.00,6398000000.00,0.378544,1082.0,5092000000.00,5734000000.00,2482000000.00,2958000000.00,30230000000.00,29955000000.00,29496000000.00,29704000000.00
0000796505,36,1682000.00,40621000.00,34391000.00,0.041407,576.0,13961000.00,11161000.00,,,303230000.00,310857000.00,268050000.00,263547000.00
0000798081,38,-4634000.00,46746000.00,47416000.00,-0.099131,1270.0,15644000.00,14885000.00,-4841000.00,5801000.00,212531000.00,218128000.00,209933000.00,212338000.00
0000798354,73,1395000000.00,5130000000.00,5027000000.00,0.271930,1138.0,,,648000000.00,599000000.00,77176000000.00,80402000000.00,80133000000.00,80548000000.00
0000798359,67,4746000.00,67093000.00,65069000.00,0.070738,898.0,,,25429000.00,21423000.00,1913707000.00,1893084000.00,1926167000.00,1887586000.00
0000798783,67,9034000.00,24548000.00,24529000.00,0.368014,780.0,,,11611000.00,11950000.00,580862000.00,573482000.00,564907000.00,563763000.00
0000799233,42,-14898000.00,219420000.00,176256000.00,-0.067897,2509.0,,,25843000.00,23153000.00,1334192000.00,1344711000.00,1191617000.00,1180919000.00
0000799288,56,-2370000.00,227752000.00,205123000.00,-0.010406,2398.0,132726000.00,111512000.00,-22463000.00,-74180000.00,765481000.00,760495000.00,751066000.00,905700000.00
0000799292,15,140924000.00,976093000.00,920707000.00,0.144376,951.0,,,64887000.00,135731000.00,4549796000.00,4585223000.00,4777125000.00,4788386000.00
0000801337,60,361154000.00,704798000.00,735866000.00,0.512422,2428.0,,,94890000.00,288747000.00,79025073000.00,80279750000.00,84073663000.00,85584588000.00
0000802481,20,404482000.00,4463009000.00,4532633000.00,0.090630,2007.0,554873000.00,345490000.00,126891000.00,140818000.00,10650576000.00,10963759000.00,10343530000.00,10202688000.00
0000803578,73,-2065000.00,43000.00,485000.00,-48.023256,2745.0,43000.00,221000.00,-2511000.00,-1948000.00,4601000.00,12363000.00,10477000.00,10910000.00
0000804328,36,3120000000.00,10979000000.00,10599000000.00,0.284179,526.0,,,,,55575000000.00,55372000000.00,53034000000.00,57136000000.00
0000805928,38,-1661000.00,48560000.00,61457000.00,-0.034205,1221.0,34933000.00,46189000.00,-13179000.00,1565000.00,203728000.00,196165000.00,221687000.00,289488000.00
0000807863,35,11365000.00,51929000.00,54841000.00,0.218857,754.0,,,,,395959000.00,425340000.00,446453000.00,356938000.00
0000807882,58,48283000.00,265731000.00,254264000.00,0.181699,2301.0,,,,,2773904000.00,2579544000.00,2021627000.00,2005374000.00
0000810136,36,55717000.00,210992000.00,209940000.00,0.264072,528.0,77906000.00,65757000.00,,,1704671000.00,1703032000.00,1901419000.00,1930826000.00
0000810332,45,52900000.00,394800000.00,527400000.00,0.133992,2001.0,,,53800000.00,57800000.00,2767800000.00,214952000.00,3276600000.00,3265000000.00
0000811156,49,494000000.00,2447000000.00,2730000000.00,0.201880,1944.0,,,1000000000.00,705000000.00,35920000000.00,36295000000.00,39941000000.00,40285000000.00
0000811222,80,543934.00,2915567.00,2222280.00,0.186562,968.0,1840533.00,1318055.00,-491420.00,-16730.00,23925679.00,25330628.00,29086945.00,30290708.00
0000811596,33,41400000.00,777400000.00,1106800000.00,0.053254,2522.0,,,57000000.00,87900000.00,2409900000.00,2439600000.00,2564800000.00,2789900000.00
0000811641,28,1117624.00,8067174.00,10357295.00,0.138540,196.0,3353972.00,4657444.00,1573836.00,3573031.00,45100477.00,45621579.00,42532447.00,44108374.00
0000812011,79,577772000.00,1295558000.00,1205175000.00,0.445964,940.0,,,,,5519907000.00,5749945000.00,5600002000.00,5685950000.00
0000812074,32,18000000.00,1567000000.00,1540000000.00,0.011487,2548.0,280000000.00,199000000.00,-171000000.00,-294000000.00,8654000000.00,8729000000.00,9243000000.00,8950000000.00
0000813298,56,-3497000.00,105533000.00,103335000.00,-0.033137,2427.0,47582000.00,45752000.00,-12030000.00,-8821000.00,380955000.00,380077000.00,366947000.00,366120000.00
0000813672,73,361520000.00,1242366000.00,1474220000.00,0.290993,1132.0,,,487021000.00,355782000.00,8974482000.00,9013486000.00,10153148000.00,12098354000.00
0000813716,20,-43273.00,460816.00,1161353.00,-0.093905,2101.0,270294.00,463382.00,-468328.00,-59108.00,1532332.00,1743264.00,2514031.00,2518043.00
0000814453,30,21000000.00,1566000000.00,1549000000.00,0.013410,695.0,503000000.00,513000000.00,-213000000.00,-233000000.00,11004000000.00,11279000000.00,10715000000.00,10859000000.00
0000814547,73,245648000.00,498735000.00,691677000.00,0.492542,1050.0,,,,,1706608000.00,1835753000.00,1854160000.00,2048249000.00
0000814586,20,1574000.00,46091000.00,63012000.00,0.034150,2036.0,11035000.00,17351000.00,-150000.00,4378000.00,90547000.00,93667000.00,105610000.00,120505000.00
0000814676,32,129651.00,7505921.00,7028748.00,0.017273,2544.0,1231001.00,606878.00,-1252723.00,-291957.00,18876946.00,19208908.00,29511738.00,29111861.00
0000815097,44,543000000.00,5810000000.00,6165000000.00,0.093460,2515.0,,,925000000.00,1263000000.00,49057000000.00,48535000000.00,51687000000.00,51567000000.00
0000815556,52,393900000.00,1959400000.00,2201700000.00,0.201031,2257.0,883900000.00,982900000.00,262200000.00,378400000.00,4698000000.00,4870900000.00,5052900000.00,5209800000.00
0000816761,73,66000000.00,418000000.00,444000000.00,0.157895,1219.0,248000000.00,276000000.00,8000000.00,401000000.00,1704000000.00,1752000000.00,1779000000.00,2142000000.00
0000817720,36,-26300000.00,266600000.00,294200000.00,-0.098650,612.0,115800000.00,133300000.00,,,2527500000.00,2554300000.00,2563300000.00,2522400000.00
0000818479,38,63000000.00,879000000.00,880000000.00,0.071672,1145.0,466000000.00,427000000.00,7000000.00,40000000.00,5753000000.00,6050000000.00,5429000000.00,5229000000.00
0000818686,28,519000000.00,3891000000.00,3982000000.00,0.133385,199.0,1877000000.00,1972000000.00,-105000000.00,-40000000.00,39326000000.00,38415000000.00,40748000000.00,40040000000.00
0000819793,22,28263000.00,288774000.00,311333000.00,0.097872,2359.0,96486000.00,99794000.00,2119000.00,5643000.00,1648696000.00,1688076000.00,1718709000.00,1736787000.00
0000820313,36,1024800000.00,4811000000.00,7620100000.00,0.213012,535.0,1644000000.00,2800200000.00,764900000.00,1121500000.00,21440200000.00,22902100000.00,36236900000.00,42133800000.00
0000821130,48,-29627000.00,26984000.00,52012000.00,-1.097947,56.0,,,159273000.00,23826000.00,10448981000.00,10365000000.00,4678088000.00,3964687000.00
0000821189,13,1859000000.00,5669000000.00,6921000000.00,0.327924,1755.0,,,2289000000.00,2966000000.00,47186000000.00,46982000000.00,51799000000.00,53378000000.00
0000821483,13,-15776000.00,1745036000.00,1823750000.00,-0.009041,1900.0,,,-1399000.00,-40707000.00,3829371000.00,3753255000.00,3833689000.00,4209519000.00
0000822370,28,-980000.00,2406000.00,1982000.00,-0.407315,296.0,2181000.00,1814000.00,279000.00,-344000.00,23602000.00,22478000.00,21436000.00,18696000.00
0000822818,49,111619000.00,1431950000.00,1459537000.00,0.077949,2002.0,,,1605000.00,6297000.00,7377278000.00,7246387000.00,7624056000.00,7552566000.00
0000823277,51,-171953000.00,7796191000.00,8353791000.00,-0.022056,2323.0,76315000.00,25818000.00,,,19576088000.00,20099361000.00,20743613000.00,20908534000.00
0000823768,49,1013000000.00,6018000000.00,6227000000.00,0.168328,1957.0,,,1208000000.00,1501000000.00,44567000000.00,44486000000.00,45835000000.00,45700000000.00
0000825542,28,349700000.00,1389700000.00,1459500000.00,0.251637,167.0,542100000.00,610500000.00,,,3170200000.00,3536700000.00,3034000000.00,3412000000.00
0000827052,49,2134000000.00,3811000000.00,4103000000.00,0.559958,1768.0,,,1224000000.00,1427000000.00,85579000000.00,88420000000.00,94026000000.00,94475000000.00
0000827099,49,-246804.00,173037.00,403517.00,-1.426308,2646.0,44274.00,-259467.00,-161907.00,-237177.00,21142.00,548665.00,1484775.00,430416.00
0000827187,25,1850000.00,393261000.00,318987000.00,0.004704,2445.0,240535000.00,184615000.00,-2626000.00,-7751000.00,860810000.00,836791000.00,680060000.00,641008000.00
0000828146,35,-849000.00,2664000.00,3074000.00,-0.318694,917.0,949000.00,1336000.00,-271000.00,-543000.00,13116000.00,12472000.00,11738000.00,11142000.00
0000829224,58,601000000.00,8761600000.00,9531500000.00,0.068595,2425.0,,,,,31893100000.00,31633100000.00,32228300000.00,30557500000.00
0000829323,73,-1769787.00,26708032.00,7927553.00,-0.066264,1430.0,21087091.00,3663888.00,-366912.00,1589931.00,32195931.00,31692191.00,24867850.00,23238213.00
0000831259,10,1303000000.00,5728000000.00,6234000000.00,0.227479,61.0,,,1058000000.00,1495000000.00,54848000000.00,56022000000.00,58167000000.00,58840000000.00
0000831641,87,39603000.00,1322113000.00,1220157000.00,0.029954,1826.0,214182000.00,214091000.00,,,4179184000.00,4184304000.00,4264727000.00,4362231000.00
0000832101,35,142000000.00,814300000.00,886900000.00,0.174383,771.0,368900000.00,398100000.00,105700000.00,103700000.00,6745300000.00,6795100000.00,6927000000.00,6918600000.00
0000832428,48,27475000.00,524393000.00,516868000.00,0.052394,26.0,,,-3309000.00,3506000.00,5198575000.00,5116189000.00,5008628000.00,4917048000.00
0000832988,59,48100000.00,1541600000.00,1553600000.00,0.031201,476.0,598800000.00,556500000.00,-175300000.00,-144700000.00,5726600000.00,5451900000.00,5952100000.00,5728900000.00
0000833640,36,6718000.00,105529000.00,108308000.00,0.063660,568.0,58235000.00,56938000.00,26386000.00,20045000.00,828826000.00,814400000.00,772207000.00,770687000.00
0000835011,51,-747000.00,121653000.00,106427000.00,-0.006140,2310.0,43330000.00,33582000.00,44684000.00,6955000.00,1405785000.00,1378202000.00,1235864000.00,1031299000.00
0000836157,35,32124000.00,187064000.00,157715000.00,0.171727,772.0,62488000.00,42349000.00,,,771001000.00,814185000.00,828400000.00,837681000.00
0000837465,39,103100000.00,629600000.00,687500000.00,0.163755,2206.0,283600000.00,326700000.00,-85200000.00,-169000000.00,7636100000.00,7693900000.00,7286000000.00,3180500000.00
0000838875,20,-869978.00,7541583.00,8256153.00,-0.115357,2117.0,4759108.00,5029064.00,-1337263.00,794947.00,109017140.00,108244573.00,107735599.00,105350214.00
0000839087,38,-1218000.00,19462000.00,19356000.00,-0.062583,1240.0,11358000.00,11576000.00,-566000.00,-12625000.00,82938000.00,77914000.00,88349000.00,82983000.00
0000842023,28,38708000.00,316181000.00,311415000.00,0.122424,204.0,214556000.00,208288000.00,,,2670424000.00,2644259000.00,2522699000.00,2550601000.00
0000842162,37,181600000.00,5560300000.00,5822800000.00,0.032660,1660.0,359200000.00,450300000.00,-127700000.00,98100000.00,14027500000.00,14623300000.00,14843100000.00,15453600000.00
0000842633,34,7150000.00,152460000.00,168280000.00,0.046898,2227.0,32830000.00,36870000.00,9190000.00,-19380000.00,1324180000.00,1393750000.00,1485080000.00,2297130000.00
0000843006,87,-677000.00,5476000.00,5327000.00,-0.123630,1911.0,4273000.00,3951000.00,747000.00,871000.00,50638000.00,47283000.00,41992000.00,41587000.00
0000844059,65,2325000.00,10306000.00,10594000.00,0.225597,1967.0,,,4503000.00,9670000.00,728485000.00,717123000.00,735145000.00,750389000.00
0000844985,38,-1477499.00,119333.00,111000.00,-12.381311,2696.0,-257700.00,-526819.00,-1437760.00,-788710.00,1800530.00,,3999649.00,2792078.00
0000845819,48,-929645.00,2168714.00,1905062.00,-0.428662,52.0,651893.00,805604.00,269037.00,-39650.00,5625345.00,4587018.00,2464279.00,2286471.00
0000846913,35,-952000.00,6382000.00,6080000.00,-0.149170,900.0,2959000.00,2644000.00,1508000.00,-847000.00,48797000.00,46709000.00,47179000.00,44487000.00
0000849145,73,1403000.00,13459000.00,12725000.00,0.104243,1260.0,,,2617000.00,-2679000.00,81309000.00,86683000.00,88439000.00,84989000.00
0000849146,28,4053000.00,58440000.00,43716000.00,0.069353,228.0,47327000.00,34544000.00,,,68527000.00,77237000.00,61169000.00,62127000.00
0000849395,32,18000000.00,6756000000.00,7370000000.00,0.002664,2557.0,1837000000.00,2045000000.00,-659000000.00,-616000000.00,50613000000.00,51921000000.00,58329000000.00,58167000000.00
0000851205,38,26092000.00,216036000.00,268437000.00,0.120776,1119.0,144323000.00,190939000.00,40502000.00,45093000.00,1992850000.00,1932503000.00,2016555000.00,2005618000.00
0000851310,36,7036000.00,84878000.00,121695000.00,0.082895,562.0,46480000.00,63615000.00,83605000.00,31690000.00,796506000.00,773748000.00,718483000.00,705306000.00
0000851520,87,44432000.00,145507000.00,166303000.00,0.305360,1743.0,,,7274000.00,-975000.00,777270000.00,763239000.00,777519000.00,687381000.00
0000851968,22,96000000.00,2525800000.00,2728700000.00,0.038008,2446.0,583300000.00,641900000.00,3700000.00,110100000.00,12736500000.00,13408500000.00,13687300000.00,13791100000.00
0000853816,42,39419000.00,1152502000.00,1171291000.00,0.034203,2364.0,,,55698000.00,78211000.00,1813311000.00,1716178000.00,1635935000.00,1602198000.00
0000854775,35,13727000.00,104503000.00,130743000.00,0.131355,796.0,64933000.00,83675000.00,,,796113000.00,781024000.00,918437000.00,974227000.00
0000855658,36,6974000.00,120150000.00,170897000.00,0.058044,569.0,81728000.00,117632000.00,31892000.00,50255000.00,843903000.00,823650000.00,883120000.00,898979000.00
0000856982,38,41033000.00,355351000.00,381877000.00,0.115472,1126.0,172020000.00,184797000.00,40572000.00,40681000.00,2418603000.00,2467973000.00,2685922000.00,2719284000.00
0000856984,38,-12039.00,645419.00,728685.00,-0.018653,1209.0,429944.00,470803.00,-49549.00,-200242.00,1799552.00,1667895.00,2171006.00,1889027.00
0000857005,73,223464000.00,636366000.00,774303000.00,0.351156,1094.0,530104000.00,660685000.00,,,6075364000.00,6162431000.00,6427263000.00,6537260000.00
0000858470,13,702000000.00,1904000000.00,1947000000.00,0.368697,1748.0,,,1144000000.00,1646000000.00,21625000000.00,23951000000.00,24241000000.00,24627000000.00
0000858877,35,3202000000.00,14149000000.00,15841000000.00,0.226306,752.0,9278000000.00,10080000000.00,,,121375000000.00,119782000000.00,123371000000.00,125546000000.00
0000860731,73,89173000.00,565165000.00,613503000.00,0.157782,1220.0,267081000.00,296434000.00,56158000.00,107262000.00,5180015000.00,5192134000.00,5638908000.00,4798619000.00
0000861459,16,-39751000.00,699547000.00,912465000.00,-0.056824,2491.0,83849000.00,109905000.00,3647000.00,-30872000.00,3025655000.00,2907100000.00,4030393000.00,3779639000.00
0000861884,50,274400000.00,3484700000.00,4026000000.00,0.078744,2146.0,,,64500000.00,151400000.00,10021800000.00,10365000000.00,10373300000.00,10809300000.00
0000862651,73,-413080.00,10030052.00,3896246.00,-0.041184,1409.0,,,-3374578.00,-2811642.00,31571595.00,29944542.00,21496855.00,17509432.00
0000862861,62,-1946000.00,4849000.00,4712000.00,-0.401320,2594.0,1926000.00,3574000.00,-1423000.00,-12293000.00,75733000.00,78015000.00,1219455000.00,959702000.00
0000863110,49,5546000.00,25886000.00,27774000.00,0.214247,1933.0,,,10958000.00,8636000.00,798623000.00,808852000.00,851229000.00,866938000.00
0000863436,36,11759000.00,631764000.00,677280000.00,0.018613,587.0,63180000.00,69234000.00,31503000.00,47028000.00,2134444000.00,2135619000.00,2071715000.00,2096193000.00
0000864749,38,97500000.00,840600000.00,939900000.00,0.115989,1125.0,560800000.00,646300000.00,155600000.00,274700000.00,9488300000.00,8898900000.00,9312000000.00,8991000000.00
0000865752,20,569745000.00,1854558000.00,2353291000.00,0.307213,1890.0,1047962000.00,1293349000.00,507600000.00,604986000.00,7719089000.00,8227028000.00,9988945000.00,10843533000.00
0000866273,17,-5000000.00,200161000.00,206709000.00,-0.024980,2389.0,12850000.00,17153000.00,,,513845000.00,613740000.00,650204000.00,616550000.00
0000866729,27,-23900000.00,335400000.00,329100000.00,-0.071258,1720.0,,,,,2036800000.00,1961300000.00,1994400000.00,1780800000.00
0000866787,55,866174000.00,4464339000.00,4840950000.00,0.194021,1779.0,2353523000.00,2524574000.00,,,17465762000.00,18621983000.00,19665585000.00,20916463000.00
0000866829,13,8172000.00,278064000.00,287946000.00,0.029389,1879.0,27538000.00,8828000.00,16442000.00,61786000.00,2597080000.00,2635023000.00,2615904000.00,2568089000.00
0000867038,13,-41000.00,1195000.00,1321000.00,-0.034310,1917.0,,,272000.00,367000.00,27574000.00,28061000.00,27451000.00,27841000.00
0000867840,38,-2038285.00,4185968.00,8708631.00,-0.486933,1519.0,417975.00,2056534.00,,,17510591.00,19622274.00,22895553.00,33686207.00
0000868278,28,-3663000.00,1431000.00,1169000.00,-2.559748,359.0,526000.00,295000.00,-3381000.00,-748000.00,63200000.00,50111000.00,59871000.00,58467000.00
0000868780,37,80074000.00,507692000.00,528770000.00,0.157722,1627.0,207708000.00,190155000.00,51237000.00,43759000.00,2424521000.00,2427751000.00,2493078000.00,2435131000.00
0000868857,87,257571000.00,3771613000.00,3801143000.00,0.068292,1810.0,290761000.00,296500000.00,,,11818827000.00,11781867000.00,11940036000.00,12007347000.00
0000871763,73,28200000.00,4090300000.00,4510400000.00,0.006894,1359.0,698300000.00,723000000.00,-153200000.00,-126300000.00,8201000000.00,8037200000.00,9160100000.00,8391300000.00
0000872589,28,591700000.00,3028700000.00,3605400000.00,0.195364,184.0,,,1045100000.00,1078900000.00,37759400000.00,37545200000.00,40558700000.00,40868800000.00
0000872912,38,642000.00,19784000.00,24994000.00,0.032450,1172.0,16939000.00,21258000.00,2203000.00,857000.00,76589000.00,87319000.00,123632000.00,124838000.00
0000873303,28,-300386000.00,744856000.00,730803000.00,-0.403281,295.0,473959000.00,,-583437000.00,-202683000.00,3963173000.00,3465387000.00,3349703000.00,3178934000.00
0000874015,28,-146860000.00,131612000.00,246091000.00,-1.115856,333.0,,,-150775000.00,-792819000.00,3003675000.00,2812948000.00,3523836000.00,3449969000.00
0000874238,16,56076000.00,430949000.00,825675000.00,0.130122,2263.0,94840000.00,194296000.00,84883000.00,165568000.00,2016774000.00,2034539000.00,2633831000.00,2783672000.00
0000874396,34,1099000.00,140085000.00,143508000.00,0.007845,2253.0,50637000.00,54169000.00,16711000.00,33759000.00,634310000.00,594593000.00,572555000.00,527861000.00
0000874499,13,12014000.00,197034000.00,437532000.00,0.060974,1860.0,,,177280000.00,292918000.00,2865697000.00,2947585000.00,3029540000.00,3075411000.00
0000874716,28,316534000.00,998427000.00,1140820000.00,0.317033,158.0,623379000.00,722739000.00,237962000.00,266248000.00,3293443000.00,3213689000.00,3350759000.00,3385497000.00
0000875320,28,630100000.00,2770200000.00,2986900000.00,0.227457,176.0,,,818900000.00,1428100000.00,22533200000.00,22880500000.00,25643000000.00,26484400000.00
0000875355,01,1432000.00,12443000.00,14436000.00,0.115085,1822.0,3889000.00,2861000.00,1737000.00,,99985000.00,100514000.00,105607000.00,103344000.00
0000875582,34,-332933.00,19072066.00,21996785.00,-0.017457,2280.0,6795584.00,7857886.00,,,94037655.00,93695214.00,104029392.00,104897921.00
0000875657,36,3399000.00,50746000.00,47445000.00,0.066981,566.0,12745000.00,10110000.00,3368000.00,2256000.00,220451000.00,223753000.00,216912000.00,220632000.00
0000876167,73,32426000.00,238015000.00,247799000.00,0.136235,1233.0,191784000.00,203935000.00,68947000.00,98626000.00,2526966000.00,2462418000.00,2457658000.00,2394774000.00
0000876343,28,-6505000.00,1502000.00,1725000.00,-4.330892,383.0,,,-4886000.00,-8078000.00,113218000.00,111753000.00,112584000.00,109533000.00
0000876523,59,34248000.00,306316000.00,446881000.00,0.111806,464.0,178452000.00,260038000.00,,,1499133000.00,1829628000.00,1987480000.00,2126757000.00
0000876883,73,18285000.00,651740000.00,704143000.00,0.028056,1331.0,,,-60013000.00,-26486000.00,3908221000.00,3982354000.00,4214547000.00,4243037000.00
0000877212,35,195000000.00,1308000000.00,1495000000.00,0.149083,786.0,645000000.00,742000000.00,178000000.00,176000000.00,7968000000.00,7899000000.00,8502000000.00,8332000000.00
0000879101,67,180484000.00,536624000.00,558016000.00,0.336332,799.0,,,223813000.00,242986000.00,20309896000.00,19731252000.00,19688250000.00,19585446000.00
0000879169,87,205168000.00,1052898000.00,1272676000.00,0.194860,1763.0,,,266067000.00,369351000.00,5444322000.00,5749365000.00,6957973000.00,7339113000.00
0000879407,28,381202000.00,542709000.00,73737000.00,0.702406,142.0,,,,,1013694000.00,1573498000.00,1604181000.00,2268265000.00
0000879526,37,314551000.00,380890000.00,303229000.00,0.825832,1601.0,19003000.00,-10575000.00,-272000.00,-33652000.00,1411529000.00,1415193000.00,1171181000.00,1229128000.00
0000879585,48,2667000.00,179294000.00,182219000.00,0.014875,31.0,,,35905000.00,29781000.00,1727103000.00,1707449000.00,1673254000.00,1674653000.00
0000880117,20,28197000.00,260907000.00,281779000.00,0.108073,1999.0,55893000.00,53771000.00,,,545253000.00,589976000.00,617729000.00,650669000.00
0000880266,35,49400000.00,2050500000.00,2342900000.00,0.024092,844.0,520600000.00,581400000.00,-212200000.00,-410400000.00,11190600000.00,11480800000.00,11927800000.00,12040900000.00
0000880631,62,34162000.00,108082000.00,159470000.00,0.316075,2050.0,,,6370000.00,17957000.00,1033540000.00,1022856000.00,1512941000.00,1783828000.00
0000880984,87,604000.00,3098000.00,2227000.00,0.194964,1762.0,2326000.00,1785000.00,271000.00,53000.00,10596000.00,11134000.00,13334000.00,13128000.00
0000882095,28,2237000000.00,6667000000.00,6960000000.00,0.335533,157.0,,,1757000000.00,2544000000.00,58995000000.00,56434000000.00,59023000000.00,56278000000.00
0000882508,36,-1981000.00,4325000.00,5051000.00,-0.458035,638.0,1877000.00,1842000.00,-2126000.00,721000.00,51933000.00,49077000.00,44804000.00,32391000.00
0000882835,38,525800000.00,1882800000.00,2095300000.00,0.279265,1054.0,1293700000.00,1453800000.00,528700000.00,592100000.00,31334700000.00,31418800000.00,34577000000.00,34550800000.00
0000883107,28,256000.00,14625000.00,12957000.00,0.017504,245.0,3382000.00,3337000.00,-7221000.00,1517000.00,50002000.00,57016000.00,50055000.00,47794000.00
0000883237,62,36595000.00,217932000.00,199535000.00,0.167919,2129.0,,,-3787000.00,35901000.00,3994494000.00,3687689000.00,4291200000.00,4562083000.00
0000883241,73,376426000.00,1604266000.00,2275985000.00,0.234641,1164.0,1285919000.00,1646135000.00,,,13041089000.00,23756517000.00,47237928000.00,46889027000.00
0000883569,38,-6747000.00,233293000.00,224761000.00,-0.028921,1217.0,142992000.00,134703000.00,-60356000.00,-21764000.00,763567000.00,686018000.00,689254000.00,654544000.00
0000883902,34,-18847000.00,1175334000.00,1209347000.00,-0.016035,2278.0,236535000.00,160099000.00,-136128000.00,-107587000.00,6685146000.00,6661481000.00,6208736000.00,6154226000.00
0000883984,38,12888000.00,604702000.00,530225000.00,0.021313,1181.0,210109000.00,206226000.00,51327000.00,38909000.00,4203931000.00,4184581000.00,4050508000.00,4013763000.00
0000884144,73,-2015000.00,34854000.00,42757000.00,-0.057813,1423.0,24608000.00,30470000.00,1996000.00,2709000.00,436638000.00,498941000.00,531419000.00,518678000.00
0000884614,49,700000000.00,2666000000.00,2685000000.00,0.262566,1904.0,,,,,15412000000.00,15746000000.00,15815000000.00,16119000000.00
0000884624,38,-48873000.00,193646000.00,196708000.00,-0.252383,1426.0,121619000.00,139546000.00,-18391000.00,-17610000.00,893294000.00,823144000.00,850647000.00,886601000.00
0000884887,44,945000000.00,3999000000.00,4452000000.00,0.236309,2332.0,,,1627000000.00,1834000000.00,37070000000.00,37452000000.00,41619000000.00,41990000000.00
0000885245,56,43546000.00,272121000.00,288735000.00,0.160024,2233.0,126976000.00,133476000.00,30976000.00,49318000.00,913173000.00,977329000.00,991279000.00,1048789000.00
0000885307,52,-770487.00,9054951.00,10537210.00,-0.085090,2573.0,1815708.00,1649265.00,,,26745212.00,27625395.00,23245598.00,21880761.00
0000885508,65,-3595000.00,5043000.00,3791000.00,-0.712869,2605.0,,,-13495000.00,-15595000.00,532606000.00,534581000.00,563428000.00,532493000.00
0000885568,49,18982000.00,323610000.00,410850000.00,0.058657,2014.0,,,51765000.00,-75716000.00,2165042000.00,2113614000.00,2381286000.00,2413957000.00
0000885590,28,276000000.00,2259000000.00,2524000000.00,0.122178,205.0,,,211000000.00,230000000.00,26523000000.00,26421000000.00,26366000000.00,24498000000.00
0000885639,53,60000000.00,3233000000.00,3167000000.00,0.018559,2506.0,,,-92000000.00,-74000000.00,13559000000.00,13639000000.00,13362000000.00,13165000000.00
0000885725,38,921000000.00,4663000000.00,5203000000.00,0.197512,1078.0,3210000000.00,3614000000.00,541000000.00,348000000.00,39395000000.00,40140000000.00,43673000000.00,44351000000.00
0000885978,80,19642000.00,183788000.00,198286000.00,0.106873,978.0,31065000.00,32752000.00,-4675000.00,3808000.00,1167467000.00,1179687000.00,1204010000.00,1242057000.00
0000886128,36,-35810000.00,37406000.00,35589000.00,-0.957333,656.0,,,,,907535000.00,883843000.00,978478000.00,1003380000.00
0000886163,28,-36216000.00,45333000.00,51722000.00,-0.798888,318.0,,,-25445000.00,48691000.00,941774000.00,905435000.00,1560637000.00,1532105000.00
0000886206,87,-1455000.00,59612000.00,59647000.00,-0.024408,1855.0,45746000.00,45273000.00,,,239906000.00,221340000.00,221263000.00,206489000.00
0000886346,35,35586000.00,239210000.00,281505000.00,0.148765,787.0,,,22835000.00,21916000.00,1430345000.00,1435439000.00,1712178000.00,1714652000.00
0000886744,28,-16704000.00,39603000.00,51837000.00,-0.421786,298.0,,,-47979000.00,-62906000.00,593781000.00,562450000.00,570540000.00,534120000.00
0000887359,28,-12792000.00,52598000.00,68425000.00,-0.243203,285.0,36273000.00,49266000.00,6600000.00,16383000.00,432722000.00,424587000.00,487969000.00,485627000.00
0000887396,13,-3956000.00,9002000.00,5103000.00,-0.439458,2133.0,,,1613000.00,-970000.00,123868000.00,123683000.00,65873000.00,77995000.00
0000887596,58,51959000.00,927197000.00,978833000.00,0.056039,2447.0,,,78919000.00,96724000.00,3041760000.00,3110864000.00,3261672000.00,3297341000.00
0000887733,51,93324000.00,833537000.00,906152000.00,0.111961,2199.0,273083000.00,299564000.00,,,3535855000.00,3629617000.00,3643427000.00,3745528000.00
0000887905,67,49589000.00,49031000.00,95411000.00,1.011381,704.0,,,29571000.00,30763000.00,1786142000.00,1775509000.00,2062060000.00,2102374000.00
0000887936,87,78707000.00,898282000.00,983345000.00,0.087619,1801.0,289354000.00,306827000.00,-465210000.00,-310023000.00,3596830000.00,3347702000.00,3490528000.00,3506530000.00
0000888981,39,-85800.00,479000.00,389700.00,-0.179123,2570.0,273700.00,190600.00,369700.00,-27000.00,13921400.00,14031500.00,14037600.00,14339000.00
0000889348,37,-1186302.00,15400608.00,17359940.00,-0.077030,1679.0,1649475.00,4479891.00,-2721614.00,-424703.00,67982002.00,65360731.00,75244501.00,77305314.00
0000889900,13,16945000.00,1280537000.00,1117331000.00,0.013233,1888.0,,,208141000.00,63858000.00,5833466000.00,5765426000.00,5570466000.00,5360519000.00
0000890564,73,46600000.00,968300000.00,968300000.00,0.048126,1306.0,275400000.00,266600000.00,16800000.00,18500000.00,3429000000.00,3698400000.00,3677300000.00,4027900000.00
0000891014,28,-160100000.00,491800000.00,546900000.00,-0.325539,290.0,119600000.00,131100000.00,-4400000.00,32100000.00,3393900000.00,3401200000.00,3469000000.00,3465300000.00
0000891103,73,172593000.00,831178000.00,863934000.00,0.207649,1185.0,,,193117000.00,194358000.00,4465771000.00,3889885000.00,4460811000.00,4407937000.00
0000891482,70,738000.00,75058000.00,74421000.00,0.009832,2358.0,,,-7088000.00,-3793000.00,673334000.00,657199000.00,649809000.00,630505000.00
0000891532,49,-3736000.00,13919000.00,11126000.00,-0.268410,2224.0,657000.00,-2881000.00,-2104000.00,-3784000.00,97248000.00,92853000.00,88034000.00,81691000.00
0000892553,34,152300000.00,1001500000.00,884800000.00,0.152072,2138.0,339800000.00,251400000.00,-60000000.00,-248000000.00,9123900000.00,9313300000.00,9806400000.00,9691600000.00
0000893538,13,276000000.00,845000000.00,1479000000.00,0.326627,1756.0,,,483000000.00,640000000.00,8577000000.00,8787665000.00,9253000000.00,19144000000.00
0000894405,42,6630000.00,967077000.00,998786000.00,0.006856,2406.0,,,-23397000.00,8538000.00,2429731000.00,2406884000.00,2452662000.00,2458396000.00
0000894556,28,-3458456.00,969382.00,344915.00,-3.567692,372.0,,,-713918.00,-2059341.00,5477690.00,9051751.00,14183519.00,12240333.00
0000894627,13,26194000.00,110329000.00,62599000.00,0.237417,1778.0,,,32706000.00,-39226000.00,954950000.00,927103000.00,913375000.00,920662000.00
0000894871,48,7362000.00,31815000.00,20406000.00,0.231400,9.0,15669000.00,7081000.00,3662000.00,1961000.00,116352000.00,114645000.00,112603000.00,108250000.00
0000895126,13,-268000000.00,2196000000.00,4397000000.00,-0.122040,1960.0,,,1096000000.00,2402000000.00,27894000000.00,27934000000.00,28287000000.00,29521000000.00
0000895417,67,109492000.00,387334000.00,397622000.00,0.282681,817.0,,,193390000.00,194232000.00,5645652000.00,5642364000.00,5745393000.00,5748668000.00
0000895419,36,-194500000.00,185400000.00,150200000.00,-1.049083,658.0,-22500000.00,-40000000.00,,,7741400000.00,7574200000.00,3445100000.00,3147300000.00
0000895447,56,11965000.00,277715000.00,270730000.00,0.043084,2336.0,95777000.00,90101000.00,-9637000.00,23079000.00,1124133000.00,1140158000.00,1201743000.00,1159075000.00
0000896156,25,10997000.00,142695000.00,135835000.00,0.077066,2345.0,87356000.00,80686000.00,,,732573000.00,738740000.00,714766000.00,723259000.00
0000896264,28,15671000.00,249539000.00,250218000.00,0.062800,231.0,197094000.00,190782000.00,15482000.00,9759000.00,748193000.00,746596000.00,742915000.00,738966000.00
0000896429,35,6899000.00,75427000.00,78693000.00,0.091466,810.0,,,,,303045000.00,370524000.00,381943000.00,389003000.00
0000896622,30,113448000.00,887305000.00,982868000.00,0.127857,691.0,,,82742000.00,118694000.00,4432278000.00,4527088000.00,5252719000.00,5097783000.00
0000896878,73,3720000000.00,7754000000.00,8558000000.00,0.479752,1051.0,,,,,31682000000.00,36593000000.00,34282000000.00,39330000000.00
0000897077,35,44462000.00,390950000.00,417149000.00,0.113728,804.0,102841000.00,104805000.00,14201000.00,-23512000.00,1450279000.00,1504694000.00,1606616000.00,1727444000.00
0000897448,28,-16755000.00,42017000.00,45132000.00,-0.398767,294.0,25130000.00,17769000.00,-12459000.00,6388000.00,685349000.00,655677000.00,670775000.00,645764000.00
0000897723,36,91616000.00,1984080000.00,4013271000.00,0.046176,574.0,176235000.00,353791000.00,,,4812022000.00,4966632000.00,9801028000.00,9669089000.00
0000898173,55,741466000.00,4136924000.00,4560539000.00,0.179231,1785.0,2121485000.00,2347211000.00,755120000.00,1032913000.00,14893741000.00,15293875000.00,16538253000.00,16937178000.00
0000898293,36,245000000.00,6728000000.00,8282000000.00,0.036415,577.0,576000000.00,746000000.00,,,17771000000.00,17396000000.00,19276000000.00,20628000000.00
0000898437,38,-4284000.00,26168000.00,29612000.00,-0.163711,1330.0,14681000.00,18997000.00,-130000.00,-4846000.00,202740000.00,190605000.00,190270000.00,179387000.00
0000899460,28,22293000.00,78354000.00,90171000.00,0.284516,162.0,,,-6377000.00,-5365000.00,393843000.00,410141000.00,792182000.00,744403000.00
0000899629,67,15324000.00,104394000.00,102992000.00,0.146790,880.0,,,25893000.00,31359000.00,4371203000.00,4735676000.00,4837152000.00,4532655000.00
0000899751,33,11799000.00,490708000.00,505073000.00,0.024045,2545.0,68644000.00,71449000.00,-38591000.00,-46526000.00,1584953000.00,1722012000.00,1672660000.00,1714821000.00
0000899923,28,-29000000.00,195900000.00,200400000.00,-0.148035,278.0,134200000.00,137600000.00,-16300000.00,-15700000.00,1027600000.00,1006100000.00,706600000.00,673700000.00
0000901491,58,23965000.00,518309000.00,478609000.00,0.046237,2462.0,,,31336000.00,7224000.00,888952000.00,898088000.00,837508000.00,831927000.00
0000903129,37,17061000.00,353854000.00,393706000.00,0.048215,1657.0,86465000.00,97227000.00,-13344000.00,-5043000.00,1247556000.00,1344246000.00,1396429000.00,1430294000.00
0000906553,70,199887000.00,991565000.00,997355000.00,0.201587,2182.0,,,256393000.00,134336000.00,6391815000.00,6469010000.00,6574690000.00,6612911000.00
0000906709,28,-44535000.00,10460000.00,10861000.00,-4.257648,381.0,,,-49053000.00,-44298000.00,303850000.00,256241000.00,280406000.00,763271000.00
0000907254,67,47774000.00,71856000.00,78259000.00,0.664857,714.0,,,30374000.00,29286000.00,2126404000.00,2131486000.00,2162678000.00,2156852000.00
0000908255,37,237000000.00,3515000000.00,3533000000.00,0.067425,1649.0,639000000.00,677000000.00,82000000.00,152000000.00,13993000000.00,13830000000.00,13769000000.00,13653000000.00
0000908315,59,13596600.00,21919700.00,20849700.00,0.620291,456.0,,,15078400.00,11877300.00,26844500.00,37062500.00,24884100.00,35598200.00
0000908937,48,387000000.00,2068000000.00,2091000000.00,0.187137,14.0,1076000000.00,1105000000.00,242000000.00,271000000.00,27521000000.00,27426000000.00,27237000000.00,27147000000.00
0000909724,31,262000.00,19036000.00,19652000.00,0.013763,2434.0,10718000.00,11993000.00,-536000.00,906000.00,74924000.00,77916000.00,86633000.00,81523000.00
0000909832,53,2530000000.00,63205000000.00,69597000000.00,0.040028,2483.0,,,,,73386000000.00,75482000000.00,82790000000.00,86430000000.00
0000910329,20,-1262000.00,115728000.00,76044000.00,-0.010905,2061.0,84245000.00,51756000.00,3406000.00,260000.00,284213000.00,280011000.00,247973000.00,252046000.00
0000910406,20,-121079000.00,390351000.00,338357000.00,-0.310180,2270.0,84650000.00,70392000.00,,,1960543000.00,1844055000.00,1477410000.00,1162721000.00
0000910606,67,273538000.00,380912000.00,412453000.00,0.718113,710.0,,,161031000.00,152729000.00,12391961000.00,12560070000.00,13001283000.00,13046484000.00
0000910638,73,-36763000.00,94540000.00,95538000.00,-0.388862,1546.0,32689000.00,34343000.00,-33786000.00,-7212000.00,608846000.00,583355000.00,521728000.00,513116000.00
0000911147,70,7140000.00,130443000.00,137239000.00,0.054737,2317.0,,,-4624000.00,-1252000.00,1199839000.00,1186097000.00,1147271000.00,1122835000.00
0000911177,49,3143000.00,417101000.00,457328000.00,0.007535,2039.0,,,50123000.00,62253000.00,3230068000.00,3205870000.00,3303326000.00,3270449000.00
0000912061,51,-345000.00,10737000.00,9206000.00,-0.032132,2330.0,7905000.00,6903000.00,484000.00,-797000.00,55359000.00,53179000.00,38428000.00,31950000.00
0000912093,36,8500000.00,284800000.00,406800000.00,0.029846,580.0,160700000.00,234100000.00,,,1725100000.00,1933200000.00,2777800000.00,2527800000.00
0000912562,33,28655000.00,246357000.00,356287000.00,0.116315,2440.0,69853000.00,78871000.00,13684000.00,-41167000.00,1419410000.00,1439418000.00,1393603000.00,2787495000.00
0000912615,56,128227000.00,1329501000.00,1481345000.00,0.096447,2285.0,489064000.00,542566000.00,33032000.00,15484000.00,4519480000.00,4457076000.00,5007613000.00,4764768000.00
0000912728,47,4763000.00,613281000.00,582046000.00,0.007766,879.0,,,27615000.00,45738000.00,2802641000.00,2803842000.00,2718944000.00,2695879000.00
0000912766,82,-13191000.00,236162000.00,272612000.00,-0.055856,2380.0,,,57777000.00,61932000.00,1862060000.00,1858205000.00,2206350000.00,2281147000.00
0000913142,33,72626000.00,624861000.00,696375000.00,0.116227,2442.0,245840000.00,258088000.00,7441000.00,-18666000.00,3327938000.00,3270513000.00,3543621000.00,3459424000.00
0000913241,31,53499000.00,553534000.00,653096000.00,0.096650,2334.0,226267000.00,357420000.00,-18832000.00,-55337000.00,1411771000.00,1427201000.00,1914277000.00,1954960000.00
0000913277,39,-6762000.00,60433000.00,61938000.00,-0.111893,2507.0,20794000.00,22763000.00,-2073000.00,-4133000.00,294094000.00,292837000.00,249028000.00,243264000.00
0000914156,38,23126000.00,148148000.00,154202000.00,0.156101,1099.0,42151000.00,44362000.00,13810000.00,3204000.00,628995000.00,642642000.00,655077000.00,674684000.00
0000914208,62,277300000.00,1529200000.00,1744500000.00,0.181337,2124.0,,,-84600000.00,212600000.00,27008900000.00,28143600000.00,27094000000.00,26834600000.00
0000914475,28,23600000.00,572600000.00,814500000.00,0.041216,237.0,,,64800000.00,145800000.00,3718700000.00,3687700000.00,4631500000.00,4906200000.00
0000915840,15,13369000.00,565339000.00,409846000.00,0.023648,965.0,85998000.00,48700000.00,,,2600528000.00,2654745000.00,2639713000.00,2757480000.00
0000915912,67,496395000.00,745880000.00,770279000.00,0.665516,713.0,,,415903000.00,418933000.00,21000737000.00,21215714000.00,22192137000.00,22126953000.00
0000915913,28,19761000.00,1076881000.00,1428731000.00,0.018350,244.0,156299000.00,500966000.00,547207000.00,346244000.00,16609649000.00,16999258000.00,16374211000.00,15139578000.00
0000916076,14,179000000.00,1162000000.00,1362000000.00,0.154045,510.0,315000000.00,310000000.00,218000000.00,227000000.00,18170000000.00,17724000000.00,18711000000.00,20497000000.00
0000916365,52,249137000.00,3466952000.00,3592046000.00,0.071861,2401.0,1255422000.00,1301185000.00,216775000.00,91120000.00,9805485000.00,10385317000.00,10933679000.00,11662097000.00
0000916540,20,28400000.00,1380594000.00,1550821000.00,0.020571,2042.0,311351000.00,404921000.00,248960000.00,152958000.00,10070473000.00,10032043000.00,10298782000.00,10641061000.00
0000917251,67,78696000.00,169160000.00,200807000.00,0.465216,748.0,,,126657000.00,145156000.00,8486446000.00,8800577000.00,9797612000.00,10180243000.00
0000917520,38,-15497000.00,382653000.00,391918000.00,-0.040499,1224.0,,,-11257000.00,9803000.00,4037424000.00,4052751000.00,3602001000.00,3577726000.00
0000918541,35,-4789000.00,105688000.00,118452000.00,-0.045313,872.0,,,-3345000.00,-8621000.00,456893000.00,460724000.00,440784000.00,453426000.00
0000918965,50,22339000.00,704847000.00,766790000.00,0.031693,2183.0,100202000.00,107124000.00,,,1702529000.00,1725208000.00,1741671000.00,1805756000.00
0000919012,56,-85181000.00,1089599000.00,1195285000.00,-0.078176,2493.0,322421000.00,456172000.00,-54672000.00,-65222000.00,3830775000.00,3767354000.00,4009680000.00,4080870000.00
0000920148,80,326000000.00,3345100000.00,3537600000.00,0.097456,981.0,948000000.00,1013800000.00,18500000.00,191500000.00,18379000000.00,17603800000.00,18392700000.00,19087100000.00
0000920371,34,102319000.00,538895000.00,587964000.00,0.189868,2113.0,250566000.00,265891000.00,7563000.00,35547000.00,2736168000.00,2822956000.00,3073626000.00,3043407000.00
0000920522,67,257081000.00,464583000.00,484756000.00,0.553359,731.0,323468000.00,341187000.00,281503000.00,287169000.00,12927359000.00,13186258000.00,13159009000.00,13095487000.00
0000921082,67,135349000.00,200383000.00,214034000.00,0.675452,712.0,,,46324000.00,62849000.00,6029355000.00,6075236000.00,6273838000.00,6596901000.00
0000921299,28,-14920000.00,2739000.00,3738000.00,-5.447244,394.0,,,2719000.00,-13887000.00,214525000.00,165213000.00,119594000.00,109629000.00
0000921582,38,16734000.00,86667000.00,81379000.00,0.193084,1079.0,53176000.00,45811000.00,6951000.00,4029000.00,830398000.00,848304000.00,894031000.00,893151000.00
0000921638,67,106784000.00,316618000.00,581778000.00,0.337264,797.0,,,82336000.00,264489000.00,5189020000.00,5644508000.00,6093898000.00,5946734000.00
0000922224,49,678000000.00,2504000000.00,2774000000.00,0.270767,1896.0,,,513000000.00,557000000.00,41069000000.00,41809000000.00,45244000000.00,46304000000.00
0000922358,59,87290000.00,560847000.00,524559000.00,0.155640,459.0,,,,,1518965000.00,1495719000.00,1543309000.00,1467850000.00
0000922621,64,151376000.00,989399000.00,1011911000.00,0.152998,2448.0,,,118118000.00,91892000.00,2888614000.00,2968228000.00,3355481000.00,3376678000.00
0000923120,37,83600000.00,762100000.00,587500000.00,0.109697,1633.0,138600000.00,69500000.00,,,4287500000.00,4267000000.00,4295600000.00,4339700000.00
0000923601,73,-1062000.00,1993000.00,2400000.00,-0.532865,1560.0,-6000.00,-677000.00,-3108000.00,,18302000.00,10461000.00,12724000.00,18455000.00
0000923796,15,60984000.00,604647000.00,705213000.00,0.100859,956.0,,,71225000.00,156481000.00,3632080000.00,3632465000.00,3843622000.00,3812238000.00
0000924168,36,-268000.00,616000.00,949000.00,-0.435065,636.0,194000.00,221000.00,-272000.00,69000.00,5612000.00,5428000.00,5109000.00,5952000.00
0000924719,32,4387000.00,22698000.00,21572000.00,0.193277,2335.0,6975000.00,4303000.00,2217000.00,3130000.00,67991000.00,74657000.00,87729000.00,92195000.00
0000926282,36,-3968000.00,247744000.00,286086000.00,-0.016017,600.0,95176000.00,112988000.00,43181000.00,12670000.00,1171419000.00,1193239000.00,1204493000.00,1185067000.00
0000926326,35,-11619000.00,269668000.00,309880000.00,-0.043086,871.0,110936000.00,140363000.00,25924000.00,54500000.00,2120960000.00,2151470000.00,1974720000.00,2004107000.00
0000926423,38,-658000.00,7902000.00,9672000.00,-0.083270,1255.0,3331000.00,4097000.00,4068000.00,-1346000.00,36720000.00,36226000.00,49266000.00,50763000.00
0000927003,36,30600000.00,404600000.00,511000000.00,0.075630,564.0,150500000.00,200900000.00,28900000.00,-6000000.00,2261900000.00,2302200000.00,2545800000.00,2592900000.00
0000927066,80,438937000.00,3223529000.00,3415548000.00,0.136167,975.0,,,180009000.00,320831000.00,17285268000.00,17119030000.00,17480103000.00,17499365000.00
0000928054,28,5567000.00,55362000.00,70051000.00,0.100556,210.0,12449000.00,15541000.00,7313000.00,21000.00,170796000.00,170237000.00,220049000.00,231843000.00
0000928340,49,4610763.00,33715385.00,29973700.00,0.136755,1970.0,12306287.00,10916013.00,11760251.00,6543681.00,243313181.00,250368965.00,257565345.00,260155522.00
0000929008,50,240900000.00,5343700000.00,6080100000.00,0.045081,2173.0,,,28000000.00,221400000.00,15061400000.00,15515100000.00,16494900000.00,16964700000.00
0000929351,78,-142300000.00,330600000.00,306900000.00,-0.430430,2595.0,,,-63500000.00,73200000.00,7167300000.00,2173200000.00,1913200000.00,1788700000.00
0000930420,73,11631000.00,330028000.00,330364000.00,0.035242,1320.0,88260000.00,90068000.00,249000.00,-4055000.00,357834000.00,368195000.00,365638000.00,384770000.00
0000931015,37,-36100000.00,1535800000.00,1658700000.00,-0.023506,1671.0,245000000.00,334800000.00,83200000.00,-320200000.00,5525200000.00,5450400000.00,4893700000.00,5241500000.00
0000931148,36,-18210000.00,111839000.00,125101000.00,-0.162823,617.0,-1709000.00,-14990000.00,-32186000.00,-14934000.00,1224274000.00,1207753000.00,1028789000.00,997201000.00
0000932021,36,-187389.00,1001944.00,101529.00,-0.187025,620.0,53991.00,92232.00,,,8599152.00,4911818.00,45629.00,42399.00
0000932696,59,60103000.00,2103556000.00,2127986000.00,0.028572,477.0,406477000.00,462151000.00,78050000.00,32383000.00,7448578000.00,7922573000.00,9087372000.00,10055277000.00
0000933034,37,7085000.00,144082000.00,137632000.00,0.049173,1656.0,23105000.00,22661000.00,,,355895000.00,387392000.00,392245000.00,399547000.00
0000933036,73,62615000.00,1176363000.00,1219729000.00,0.053228,1301.0,550129000.00,586462000.00,147993000.00,170660000.00,2649662000.00,3043130000.00,3276081000.00,3128117000.00
0000933972,36,-3785510.00,543100.00,551155.00,-6.970190,682.0,138283.00,348412.00,-3494477.00,-2508341.00,19183833.00,15978163.00,11405348.00,11006484.00
0000933974,35,-18194000.00,143338000.00,144795000.00,-0.126931,897.0,62783000.00,62035000.00,,,2042771000.00,2034015000.00,2074435000.00,1903889000.00
0000934549,67,38305000.00,124422000.00,54239000.00,0.307864,806.0,58937000.00,12055000.00,2425000.00,3403000.00,756394000.00,801606000.00,770956000.00,755871000.00
0000934612,40,1820000000.00,5693000000.00,5970000000.00,0.319691,2501.0,,,1947000000.00,2295000000.00,96170000000.00,96916000000.00,97889000000.00,98105000000.00
0000935036,73,58516000.00,394565000.00,425749000.00,0.148305,1225.0,,,78221000.00,64247000.00,3025293000.00,3203262000.00,3104907000.00,3104622000.00
0000935419,58,8171000.00,65876000.00,68722000.00,0.124036,2349.0,,,,,586218000.00,589756000.00,590262000.00,574392000.00
0000935703,53,384100000.00,4639700000.00,4975800000.00,0.082786,2415.0,1649500000.00,,,,18644000000.00,18291200000.00,13466200000.00,13823800000.00
0000936395,36,32842000.00,1125878000.00,1570739000.00,0.029170,581.0,452838000.00,691554000.00,,,5572902000.00,5659366000.00,5892359000.00,6039449000.00
0000936468,37,2372000000.00,17963000000.00,18021000000.00,0.132049,1630.0,2323000000.00,2078000000.00,1409000000.00,220000000.00,55617000000.00,56669000000.00,59840000000.00,59238000000.00
0000937556,38,78000000.00,372000000.00,403600000.00,0.209677,1073.0,234000000.00,250800000.00,31100000.00,45300000.00,2625700000.00,2293100000.00,1698900000.00,1642700000.00
0000939767,28,186859000.00,555447000.00,610812000.00,0.336412,156.0,,,211437000.00,251845000.00,2947690000.00,2837247000.00,2844423000.00,2593593000.00
0000940944,58,418200000.00,3158000000.00,3345300000.00,0.132426,2344.0,673000000.00,703600000.00,,,12940200000.00,12560900000.00,12940200000.00,12888800000.00
0000943452,37,474000000.00,2610000000.00,2950000000.00,0.181609,1624.0,900000000.00,1061000000.00,191000000.00,199000000.00,18702000000.00,19096000000.00,22069000000.00,23196000000.00
0000943819,38,426268000.00,1291736000.00,1431406000.00,0.329996,1046.0,766409000.00,890979000.00,,,7141334000.00,7566822000.00,8503370000.00,8784285000.00
0000944075,35,-893673.00,3965920.00,3700309.00,-0.225338,908.0,1997894.00,1897519.00,-732970.00,-768856.00,27345781.00,27159317.00,14437340.00,13900557.00
0000944695,63,186400000.00,1603200000.00,1701400000.00,0.116267,2382.0,,,38900000.00,118800000.00,15274500000.00,15470300000.00,16945900000.00,16527700000.00
0000944809,28,-67168000.00,149952000.00,124196000.00,-0.447930,299.0,42620000.00,45755000.00,-34554000.00,-19310000.00,2200212000.00,2128327000.00,1931944000.00,1856796000.00
0000945114,50,18200000.00,321000000.00,350400000.00,0.056698,2163.0,112100000.00,121900000.00,3400000.00,6400000.00,520700000.00,536700000.00,580800000.00,581100000.00
0000945841,50,77538000.00,1071526000.00,1138014000.00,0.072362,2153.0,312369000.00,329870000.00,27224000.00,25740000.00,3368184000.00,3712449000.00,3626126000.00,3999306000.00
0000945983,50,4778000.00,138044000.00,182376000.00,0.034612,2179.0,23396000.00,26500000.00,8457000.00,16826000.00,469179000.00,370053000.00,460233000.00,458838000.00
0000946563,38,-4676752.00,8295173.00,7177397.00,-0.563792,1538.0,-1911.00,-838408.00,-1475185.00,-1368129.00,160724202.00,149307449.00,142630289.00,137595357.00
0000946644,28,-3619000.00,16000.00,22000.00,-226.187500,2768.0,,,-2361000.00,-2719000.00,8608000.00,6248000.00,5782000.00,8585000.00
0000948320,80,-1181717.00,50887899.00,50162956.00,-0.023222,1004.0,42751437.00,44237457.00,3068387.00,444624.00,76096297.00,73614333.00,70411319.00,70124668.00
0000948708,73,-5210000.00,4621000.00,4221000.00,-1.127462,1599.0,3363000.00,3310000.00,-602000.00,-3752000.00,48046000.00,43364000.00,24971000.00,25794000.00
0000949157,33,42800000.00,633900000.00,649200000.00,0.067519,2505.0,57300000.00,118800000.00,72300000.00,68400000.00,2120000000.00,2132800000.00,2269300000.00,2654900000.00
0000949870,20,33776000.00,453867000.00,433930000.00,0.074418,2017.0,219263000.00,213961000.00,1939000.00,-20435000.00,1250018000.00,1240224000.00,1193595000.00,1171049000.00
0001000228,50,175000000.00,3168000000.00,3368000000.00,0.055240,2166.0,1000000000.00,1070000000.00,37000000.00,-97000000.00,10218000000.00,10480000000.00,11215000000.00,11304000000.00
0001000623,26,-430600000.00,484800000.00,479600000.00,-0.888201,2640.0,72600000.00,84900000.00,-15900000.00,1000000.00,2447900000.00,2052300000.00,2051600000.00,2034700000.00
0001000694,28,515513000.00,666655000.00,139514000.00,0.773283,140.0,,,-185502000.00,-32423000.00,1560418000.00,1292992000.00,1176512000.00,1043162000.00
0001000697,38,151745000.00,662000000.00,1267000000.00,0.229222,1067.0,,,260000000.00,-3000000.00,4553795000.00,4591576000.00,5077000000.00,24531000000.00
0001000753,73,68000000.00,1863000000.00,1895000000.00,0.036500,1317.0,310000000.00,302000000.00,-443000000.00,-67000000.00,2597000000.00,2143000000.00,2203000000.00,2196000000.00
0001001115,38,-10281000.00,18023000.00,19742000.00,-0.570438,1543.0,1748000.00,694000.00,,,159939000.00,148964000.00,144618000.00,136716000.00
0001001233,28,-29628000.00,6437000.00,1442000.00,-4.602765,386.0,,,-26149000.00,-19282000.00,101635000.00,86166000.00,59745000.00,59965000.00
0001001250,28,306000000.00,3550000000.00,3712000000.00,0.086197,219.0,2661000000.00,2836000000.00,,,19760000000.00,19886000000.00,19634000000.00,19664000000.00
0001001316,28,8622000.00,120856000.00,204918000.00,0.071341,227.0,,,-28715000.00,-17894000.00,577690000.00,656689000.00,1063253000.00,1528837000.00
0001001614,13,49502000.00,102457000.00,113881000.00,0.483149,1738.0,,,50381000.00,47176000.00,993501000.00,994944000.00,1169578000.00,1180081000.00
0001001838,10,1535500000.00,3121900000.00,4251400000.00,0.491848,60.0,,,721400000.00,1694500000.00,18713500000.00,19791200000.00,21381400000.00,21929900000.00
0001002590,59,125372000.00,743045000.00,766715000.00,0.168727,458.0,259885000.00,,,,986752000.00,1059466000.00,1054029000.00,1164226000.00
0001002638,73,209090000.00,1254363000.00,1282504000.00,0.166690,1213.0,898254000.00,937273000.00,,,13731713000.00,13754826000.00,13570162000.00,13325101000.00
0001002910,49,430000000.00,2097000000.00,2176000000.00,0.205055,1940.0,,,431000000.00,421000000.00,44598000000.00,45665000000.00,48476000000.00,49846000000.00
0001003078,50,62246000.00,891717000.00,917774000.00,0.069805,2157.0,365230000.00,377588000.00,,,2473522000.00,2462178000.00,2487066000.00,2450817000.00
0001004724,65,-318000.00,7190000.00,21162000.00,-0.044228,2108.0,,,236000.00,-890000.00,60465000.00,59279000.00,67809000.00,67283000.00
0001004980,49,1220000000.00,5983000000.00,6881000000.00,0.203911,1941.0,,,2848000000.00,2430000000.00,133660000000.00,135443000000.00,141611000000.00,141953000000.00
0001005101,61,-1572000.00,5522000.00,7189000.00,-0.284679,100.0,4874000.00,6791000.00,,,32998000.00,33469000.00,27799000.00,28051000.00
0001005210,59,158413000.00,587663000.00,551206000.00,0.269564,457.0,,,,,2384626000.00,2399899000.00,2395780000.00,2426635000.00
0001005284,36,69664000.00,166277000.00,142211000.00,0.418964,521.0,128143000.00,106090000.00,30562000.00,108876000.00,1832333000.00,1864487000.00,1963762000.00,1894716000.00
0001005757,73,29383000.00,299453000.00,313732000.00,0.098122,1265.0,,,11469000.00,-1163000.00,1500687000.00,1419004000.00,1544607000.00,1481395000.00
0001006028,28,-584000.00,489000.00,506000.00,-1.194274,335.0,283000.00,269000.00,,,574000.00,1057000.00,788000.00,1558000.00
0001006045,38,-205000.00,11896000.00,11799000.00,-0.017233,1206.0,5055000.00,4741000.00,-1149000.00,-1335000.00,29135000.00,34236000.00,29151000.00,28274000.00
0001006281,28,-4145000.00,10113000.00,33750000.00,-0.409868,297.0,,,-5058000.00,22025000.00,73417000.00,73892000.00,82346000.00,102336000.00
0001006655,13,1586000.00,22561000.00,20168000.00,0.070298,1857.0,,,,,160217000.00,156394000.00,169265000.00,169760000.00
0001006837,34,3400000.00,274200000.00,364800000.00,0.012400,2250.0,45500000.00,53500000.00,-14100000.00,45500000.00,891100000.00,868000000.00,950100000.00,936800000.00
0001007019,20,888615.00,23320061.00,22126156.00,0.038105,2033.0,3730172.00,3487068.00,,,38881683.00,39728984.00,41153601.00,39094318.00
0001007587,48,-2243000.00,25414000.00,32318000.00,-0.088258,43.0,,,-1277000.00,-8259000.00,155081000.00,151434000.00,151500000.00,154565000.00
0001009829,39,-3757000.00,113253000.00,106676000.00,-0.033174,2399.0,39013000.00,35606000.00,-1700000.00,21795000.00,444869000.00,405871000.00,442197000.00,400446000.00
0001009891,37,-746000.00,12135000.00,11606000.00,-0.061475,1676.0,2034000.00,2602000.00,1525000.00,-1298000.00,51011000.00,48388000.00,58329000.00,59216000.00
0001010086,28,-2255398.00,7040815.00,6242580.00,-0.320332,289.0,,,7061876.00,-8663895.00,244337026.00,247067209.00,219467434.00,219387858.00
0001012019,55,91869000.00,1850830000.00,1684185000.00,0.049637,1840.0,357760000.00,343800000.00,153526000.00,60401000.00,4617547000.00,4687941000.00,4430536000.00,4516055000.00
0001013237,73,185492000.00,570660000.00,611019000.00,0.325048,1112.0,,,,,4048585000.00,4241442000.00,4220784000.00,4219830000.00
0001013488,58,14950000.00,347973000.00,358118000.00,0.042963,2471.0,,,4621000.00,42983000.00,1041064000.00,1019847000.00,1015455000.00,999067000.00
0001013857,73,126989000.00,475633000.00,429973000.00,0.266989,1141.0,373183000.00,323219000.00,204228000.00,212251000.00,1768273000.00,1321950000.00,1631844000.00,1550998000.00
0001013871,49,1134000000.00,8585000000.00,10256000000.00,0.132091,1975.0,,,855000000.00,-169000000.00,24022000000.00,24991000000.00,29140000000.00,40053000000.00
0001013880,73,24189000.00,534228000.00,496175000.00,0.045278,1309.0,,,21592000.00,27535000.00,1753380000.00,1726236000.00,1499082000.00,1412615000.00
0001013934,82,39794000.00,303590000.00,305928000.00,0.131078,2204.0,,,67656000.00,87374000.00,2049735000.00,2074213000.00,2038540000.00,2078376000.00
0001014473,73,271200000.00,402300000.00,428900000.00,0.674124,1041.0,,,291300000.00,272400000.00,1406500000.00,1447700000.00,1325900000.00,1297200000.00
0001014739,80,79188000.00,1332972000.00,1350654000.00,0.059407,992.0,263052000.00,262014000.00,-7214000.00,-12110000.00,3421743000.00,3308513000.00,3455769000.00,3380100000.00
0001014763,35,-3162871.00,106207.00,161.00,-29.780250,2725.0,87974.00,-602.00,-1224578.00,-983421.00,28820199.00,26353076.00,20871108.00,22081583.00
0001016281,72,31564000.00,107069000.00,106120000.00,0.294801,2122.0,37842000.00,38640000.00,13792000.00,14898000.00,1279580000.00,1275229000.00,1345905000.00,1348318000.00
0001017303,35,-15000.00,13053000.00,14415000.00,-0.001149,856.0,6359000.00,7253000.00,-161000.00,-946000.00,44034000.00,44164000.00,44769000.00,47887000.00
0001017655,73,-159129.00,4377790.00,5326545.00,-0.036349,1403.0,1020076.00,1060588.00,-477568.00,-130865.00,8440058.00,7845324.00,8277764.00,8391614.00
0001018164,50,23903000.00,157732000.00,194346000.00,0.151542,2095.0,,,41013000.00,56677000.00,3297196000.00,3274633000.00,3936315000.00,3506185000.00
0001018724,59,18405000000.00,155667000000.00,181519000000.00,0.118233,462.0,,,17015000000.00,26032000000.00,624894000000.00,643256000000.00,818042000000.00,916630000000.00
0001018840,56,101533000.00,1097311000.00,1113821000.00,0.092529,2288.0,,,-4000000.00,44256000.00,3299887000.00,3096176000.00,3541874000.00,3452964000.00
0001018963,33,146900000.00,1144400000.00,1151500000.00,0.128364,2420.0,235800000.00,262900000.00,-92500000.00,128200000.00,5230600000.00,5184000000.00,5099600000.00,5234100000.00
0001019849,55,329400000.00,7953800000.00,7863600000.00,0.041414,1847.0,1321400000.00,1299400000.00,291000000.00,215000000.00,17120900000.00,16931900000.00,17597700000.00,18318200000.00
0001020214,38,-5853000.00,43239000.00,53661000.00,-0.135364,1298.0,,,-844000.00,-3049000.00,200917000.00,206776000.00,221859000.00,222908000.00
0001020569,67,254294000.00,1592529000.00,1936149000.00,0.159679,875.0,,,197299000.00,338550000.00,18717115000.00,19362087000.00,21125019000.00,21486815000.00
0001020710,50,40515000.00,476569000.00,521658000.00,0.085014,2140.0,150265000.00,168606000.00,2973000.00,29569000.00,1349494000.00,1382512000.00,1685155000.00,1724782000.00
0001020859,51,15000000.00,8059000000.00,7723000000.00,0.001861,2299.0,1082000000.00,1049000000.00,,,7731000000.00,7617000000.00,7245000000.00,7187000000.00
0001021561,51,-9903000.00,364490000.00,320608000.00,-0.027169,2326.0,246961000.00,214463000.00,389000.00,-3919000.00,1468914000.00,1391411000.00,1405313000.00,1376798000.00
0001021635,49,133300000.00,747700000.00,752600000.00,0.178280,1950.0,,,15900000.00,175500000.00,13716000000.00,13953200000.00,14370500000.00,14472100000.00
0001021860,35,152000000.00,2103000000.00,2052000000.00,0.072278,816.0,447000000.00,379000000.00,135000000.00,-26000000.00,11361000000.00,11273000000.00,11291000000.00,11143000000.00
0001021917,65,-547711.00,92808.00,563431.00,-5.901549,2694.0,92808.00,205045.00,,,17015056.00,17232270.00,17278356.00,18216478.00
0001022079,80,346000000.00,2652000000.00,2895000000.00,0.130468,976.0,,,314000000.00,278000000.00,16153000000.00,15797000000.00,16225000000.00,16673000000.00
0001022321,46,21973000.00,398311000.00,446555000.00,0.055165,2541.0,,,24805000.00,81738000.00,7037692000.00,5211859000.00,4860703000.00,4836714000.00
0001022505,73,-61000.00,1894000.00,1576000.00,-0.032207,1399.0,941000.00,843000.00,,,3734000.00,4064000.00,2978000.00,2620000.00
0001022652,36,-424000.00,31673000.00,34338000.00,-0.013387,599.0,14983000.00,16597000.00,-3467000.00,1715000.00,99999000.00,92996000.00,93807000.00,84157000.00
0001022671,33,275144000.00,4369195000.00,5204858000.00,0.062974,2514.0,486544000.00,763223000.00,152603000.00,148316000.00,14935233000.00,15930428000.00,16419780000.00,16720219000.00
0001023024,28,26194000.00,197122000.00,237462000.00,0.132882,200.0,,,34991000.00,58375000.00,1284469000.00,1292428000.00,1440377000.00,1421970000.00
0001023128,55,406300000.00,9178300000.00,9271400000.00,0.044267,1843.0,1410400000.00,1421700000.00,322100000.00,-108400000.00,23122600000.00,23480200000.00,25107200000.00,25749700000.00
0001023313,87,-87591000.00,89876000.00,85454000.00,-0.974576,2572.0,,,26723000.00,25578000.00,503862000.00,439806000.00,404034000.00,409069000.00
0001023459,73,2712000.00,22432000.00,24291000.00,0.120899,1248.0,13127000.00,16143000.00,,,196916000.00,201427000.00,137831000.00,146484000.00
0001023994,50,-1831982.00,566354.00,285313.00,-3.234694,2676.0,-323755.00,-200833.00,-1308920.00,-1909521.00,6071524.00,49165227.00,36035707.00,35400776.00
0001024305,28,-280400000.00,1299100000.00,1281600000.00,-0.215842,282.0,832400000.00,791900000.00,,,11724300000.00,11470500000.00,11077100000.00,10228900000.00
0001024478,38,408000000.00,2001000000.00,2239000000.00,0.203898,1077.0,972000000.00,1125000000.00,,,10944000000.00,10993000000.00,11230000000.00,11256000000.00
0001024795,34,17000000.00,195500000.00,228400000.00,0.086957,2189.0,59900000.00,74900000.00,19000000.00,23900000.00,1505400000.00,1526300000.00,1514500000.00,1511700000.00
0001026655,30,2839000.00,61447000.00,58583000.00,0.046202,694.0,11783000.00,11978000.00,6099000.00,-9229000.00,209550000.00,223591000.00,228132000.00,242350000.00
0001027838,38,-4542000.00,61268000.00,75267000.00,-0.074133,1251.0,45346000.00,57614000.00,417000.00,-339000.00,297924000.00,280242000.00,273942000.00,272116000.00
0001029199,60,75200000.00,915500000.00,1011800000.00,0.082141,2616.0,,,1700000.00,-122000000.00,5834500000.00,6053500000.00,6488700000.00,6332000000.00
0001030192,10,1401254.00,7278536.00,14482286.00,0.192519,62.0,3698086.00,9564898.00,2414492.00,8786197.00,44021630.00,48067150.00,116238730.00,125969531.00
0001030894,36,128800000.00,2648600000.00,4047000000.00,0.048629,573.0,273900000.00,437200000.00,130300000.00,356300000.00,5988200000.00,5834900000.00,7213100000.00,8260000000.00
0001031203,55,233900000.00,5505300000.00,5407100000.00,0.042486,1846.0,891900000.00,877900000.00,158700000.00,92400000.00,9824200000.00,9887000000.00,10349600000.00,10062400000.00
0001031235,67,723667.00,3126304.00,3173754.00,0.231477,847.0,,,1069899.00,979931.00,65515024.00,65139599.00,64072646.00,63703755.00
0001031296,49,754000000.00,3765000000.00,4202000000.00,0.200266,1946.0,,,637000000.00,148000000.00,52044000000.00,52771000000.00,55904000000.00,56917000000.00
0001031308,73,115184000.00,370542000.00,424181000.00,0.310853,1120.0,304883000.00,350407000.00,219415000.00,193408000.00,3399807000.00,3402934000.00,3555167000.00,3523715000.00
0001032220,73,152968000.00,1361786000.00,1305967000.00,0.112329,1254.0,338821000.00,342264000.00,,,4058760000.00,4199772000.00,4208300000.00,4239174000.00
0001034054,67,334910000.00,664248000.00,703438000.00,0.504194,738.0,510582000.00,532102000.00,301175000.00,255085000.00,11417336000.00,10442917000.00,11575012000.00,11720844000.00
0001034670,37,254000000.00,2578000000.00,2753000000.00,0.098526,1637.0,478000000.00,526000000.00,77000000.00,-76000000.00,7804000000.00,8114000000.00,8644000000.00,8468000000.00
0001034760,73,-816431.00,33510039.00,40576030.00,-0.024364,1394.0,4778521.00,5597626.00,-3227591.00,-922487.00,71580516.00,71363856.00,79812285.00,85978075.00
0001034842,28,12773000.00,53333000.00,58818000.00,0.239495,170.0,,,-893000.00,2725000.00,163976000.00,175972000.00,513594000.00,504608000.00
0001035201,49,22345000.00,182701000.00,197334000.00,0.122304,1978.0,,,38421000.00,49387000.00,5180283000.00,5257751000.00,5671165000.00,5779749000.00
0001035267,38,578100000.00,2253400000.00,2770800000.00,0.256546,1059.0,1457700000.00,1830500000.00,581600000.00,911900000.00,18743200000.00,19220400000.00,20458700000.00,20111000000.00
0001035983,17,209098000.00,1831286000.00,2865332000.00,0.114181,2244.0,403416000.00,754412000.00,-87950000.00,388828000.00,4711088000.00,4569218000.00,6441169000.00,6938346000.00
0001036044,35,-5468000.00,5269000.00,7413000.00,-1.037768,932.0,132000.00,1291000.00,-3280000.00,-2835000.00,163225000.00,158735000.00,151337000.00,147634000.00
0001037868,38,454829000.00,1731971000.00,1928437000.00,0.262608,1057.0,,,417545000.00,451516000.00,14631169000.00,14877096000.00,16067543000.00,16309535000.00
0001037976,65,120000000.00,5746400000.00,6386500000.00,0.020883,2069.0,,,-767600000.00,-755000000.00,16763800000.00,16631100000.00,17801100000.00,17888300000.00
0001038074,36,-32080000.00,177714000.00,213500000.00,-0.180515,618.0,97777000.00,126998000.00,48128000.00,4934000.00,1222674000.00,1229496000.00,1269317000.00,1266461000.00
0001038277,38,-65016.00,3238900.00,2378924.00,-0.020073,1210.0,2032037.00,1150948.00,-5119.00,-72442.00,17160968.00,17565637.00,17836632.00,17187873.00
0001039280,73,1553398.00,20520677.00,21295535.00,0.075699,1279.0,8741773.00,11028642.00,,,59070129.00,58143579.00,62686147.00,71923376.00
0001039399,36,3269000.00,171356000.00,226144000.00,0.019077,586.0,64523000.00,86794000.00,23539000.00,44961000.00,1146215000.00,1156167000.00,1224362000.00,1255850000.00
0001039684,49,1220000000.00,8043000000.00,9618000000.00,0.151685,1962.0,,,904000000.00,934000000.00,64069000000.00,64263000000.00,66641000000.00,68203000000.00
0001040470,38,-1119000.00,18307000.00,10313000.00,-0.061124,1238.0,7183000.00,3368000.00,,,142280000.00,145607000.00,148734000.00,157046000.00
0001040829,67,116121000.00,587280000.00,664572000.00,0.197727,860.0,,,98219000.00,169244000.00,5217573000.00,5239107000.00,6181183000.00,6193781000.00
0001040896,73,-348000.00,4894000.00,5524000.00,-0.071107,1432.0,4392000.00,5025000.00,750000.00,445000.00,20933000.00,24561000.00,24481000.00,27109000.00
0001040971,67,136016000.00,239846000.00,253080000.00,0.567097,728.0,,,6710000.00,-17588000.00,10470099000.00,11410623000.00,11082607000.00,11758750000.00
0001041061,58,548000000.00,1787000000.00,2059000000.00,0.306659,2186.0,,,404000000.00,416000000.00,6727000000.00,6659000000.00,8197000000.00,8211000000.00
0001041514,60,366000.00,161450000.00,183051000.00,0.002267,2623.0,,,10663000.00,37570000.00,640574000.00,649198000.00,704644000.00,674954000.00
0001041803,53,65270000.00,1363886000.00,1495528000.00,0.047856,2473.0,,,,,2087682000.00,2092665000.00,2393898000.00,2436758000.00
0001041859,56,-24117000.00,242125000.00,215225000.00,-0.099606,2520.0,70783000.00,53351000.00,-42958000.00,-53766000.00,747552000.00,779602000.00,670299000.00,729176000.00
0001041934,38,-6309000.00,14267000.00,17812000.00,-0.442209,1505.0,5993000.00,8146000.00,-5342000.00,-2972000.00,89407000.00,81091000.00,78997000.00,72059000.00
0001042046,63,197000000.00,1856000000.00,1854000000.00,0.106142,2397.0,,,342000000.00,474000000.00,30836000000.00,30294000000.00,32642000000.00,32353000000.00
0001042893,35,21850000.00,240415000.00,239031000.00,0.090885,811.0,,,31090000.00,19840000.00,1197483000.00,1196003000.00,1268307000.00,1287677000.00
0001043277,47,176853000.00,4046740000.00,4012934000.00,0.043703,863.0,,,106531000.00,68599000.00,5297926000.00,5226114000.00,5058381000.00,5235419000.00
0001043337,37,-4306000.00,149057000.00,160847000.00,-0.028888,1673.0,,,10897000.00,,621556000.00,657359000.00,551116000.00,511971000.00
0001043509,55,145000000.00,3651300000.00,3688500000.00,0.039712,1848.0,566400000.00,598800000.00,195800000.00,35500000.00,5895700000.00,5875700000.00,5970700000.00,6117600000.00
0001043961,38,-859000.00,4929000.00,6711000.00,-0.174275,1345.0,2140000.00,2725000.00,-44000.00,64000.00,16996000.00,17785000.00,21317000.00,20803000.00
0001044777,73,17182000.00,63366000.00,65947000.00,0.271155,1139.0,47091000.00,48514000.00,29366000.00,28172000.00,338734000.00,333810000.00,397702000.00,383146000.00
0001045450,67,101607000.00,175033000.00,181252000.00,0.580502,726.0,,,99369000.00,113367000.00,5616507000.00,5532549000.00,5699762000.00,5682812000.00
0001045609,67,878413000.00,2139665000.00,2297723000.00,0.410538,758.0,,,1160753000.00,1288136000.00,95328909000.00,95993391000.00,98724256000.00,98133451000.00
0001045810,36,21638000000.00,44062000000.00,81615000000.00,0.491081,520.0,26668000000.00,61157000000.00,27414000000.00,50344000000.00,111601000000.00,125254000000.00,206803000000.00,259474000000.00
0001046102,73,189500000.00,1108600000.00,1234600000.00,0.170936,1211.0,,,156800000.00,224100000.00,11807000000.00,11887300000.00,12143000000.00,12397200000.00
0001046257,20,276000000.00,1813000000.00,1792000000.00,0.152234,1973.0,466000000.00,401000000.00,77000000.00,33000000.00,7444000000.00,7468000000.00,7897000000.00,7928000000.00
0001046311,70,79932000.00,332860000.00,340575000.00,0.240137,2154.0,,,20467000.00,-23174000.00,2530527000.00,2577588000.00,2918203000.00,2944586000.00
0001046568,82,51727000.00,213004000.00,221743000.00,0.242845,2116.0,,,65127000.00,69389000.00,1237034000.00,1268544000.00,1247717000.00,1288773000.00
0001047127,36,31523000.00,1321575000.00,1684701000.00,0.023853,584.0,157583000.00,239032000.00,24149000.00,145087000.00,6944328000.00,6921241000.00,8136309000.00,8298634000.00
0001047335,80,30767000.00,373697000.00,381821000.00,0.082331,987.0,,,39255000.00,62533000.00,1524429000.00,1548821000.00,1526419000.00,1524094000.00
0001047340,01,44900000.00,1098400000.00,1044100000.00,0.040878,1861.0,92200000.00,89000000.00,46100000.00,44100000.00,3096200000.00,3154100000.00,3059000000.00,3402400000.00
0001047862,49,1125000000.00,4798000000.00,5095000000.00,0.234473,1922.0,,,837000000.00,174000000.00,70562000000.00,70691000000.00,74603000000.00,74741000000.00
0001048268,17,92695000.00,833960000.00,974284000.00,0.111150,2248.0,208869000.00,254787000.00,,,1265009000.00,1364559000.00,1658377000.00,1994038000.00
0001048286,70,948000000.00,6263000000.00,6654000000.00,0.151365,2232.0,,,647000000.00,858000000.00,26182000000.00,26651000000.00,27540000000.00,27857000000.00
0001048477,28,223893000.00,745145000.00,766208000.00,0.300469,161.0,,,174394000.00,220651000.00,6988940000.00,7147007000.00,7594022000.00,8591016000.00
0001048695,35,158897000.00,731123000.00,811700000.00,0.217333,755.0,590164000.00,660800000.00,,,5900641000.00,5906577000.00,6291682000.00,6497472000.00
0001048911,45,1292000000.00,22160000000.00,24000000000.00,0.058303,2040.0,,,,,85481000000.00,85043000000.00,89181000000.00,94733000000.00
0001049502,38,111000000.00,936000000.00,1078000000.00,0.118590,1121.0,444000000.00,507000000.00,141000000.00,53000000.00,8590000000.00,8556000000.00,8796000000.00,8728000000.00
0001049521,36,-17344000.00,211358000.00,235759000.00,-0.082060,610.0,57110000.00,69050000.00,,,2401455000.00,2414417000.00,2502104000.00,2481287000.00
0001049606,34,5869000.00,40272000.00,40569000.00,0.145734,2143.0,12163000.00,13252000.00,-137000.00,-1157000.00,163044000.00,162206000.00,156194000.00,156362000.00
0001050377,50,14522000.00,701046000.00,721866000.00,0.020715,2193.0,127311000.00,132737000.00,-52387000.00,14267000.00,1299354000.00,1247503000.00,1350925000.00,1425018000.00
0001050446,61,-5921412000.00,111066000.00,124300000.00,-53.314354,415.0,77095000.00,83354000.00,-2389000.00,13989000.00,25843685000.00,43919760000.00,61641082000.00,54268750000.00
0001050797,23,46508000.00,778452000.00,779013000.00,0.059744,2508.0,396057000.00,394962000.00,-32038000.00,-77542000.00,2975265000.00,2707415000.00,2928493000.00,2563586000.00
0001050915,17,239081000.00,6233334000.00,7874787000.00,0.038355,2321.0,834037000.00,1107329000.00,243198000.00,391744000.00,18683894000.00,19134546000.00,24926901000.00,25746618000.00
0001051470,67,521000000.00,1061000000.00,1010000000.00,0.491046,742.0,,,641000000.00,509000000.00,32736000000.00,31760000000.00,31518000000.00,31391000000.00
0001051512,48,-33934000.00,290433000.00,309450000.00,-0.116839,45.0,,,185609000.00,67461000.00,13682232000.00,8036815000.00,8398303000.00,8211327000.00
0001051627,36,-10275000.00,19356000.00,26924000.00,-0.530843,647.0,-1241000.00,7978000.00,-3346000.00,-11684000.00,339314000.00,333477000.00,433751000.00,444598000.00
0001052752,65,26424000.00,52330000.00,57844000.00,0.504949,1818.0,,,28677000.00,33113000.00,1973680000.00,1969635000.00,2173368000.00,2179763000.00
0001053507,67,1254100000.00,2562800000.00,2737500000.00,0.489348,743.0,,,1295000000.00,1400600000.00,61077400000.00,62055600000.00,63190400000.00,63234600000.00
0001053706,81,25548000.00,181851000.00,200975000.00,0.140489,2467.5,,,-79994000.00,-113889000.00,571439000.00,590442000.00,628873000.00,662414000.00
0001054102,38,1829000.00,11515000.00,9032000.00,0.158836,1095.0,7370000.00,5904000.00,1235000.00,283000.00,14792000.00,14494000.00,33838000.00,33409000.00
0001054905,28,42500000.00,440800000.00,453200000.00,0.096416,212.0,125100000.00,123500000.00,28300000.00,17600000.00,1734700000.00,1774600000.00,1832400000.00,1819800000.00
0001056288,62,131772000.00,423540000.00,478957000.00,0.311121,2054.0,,,14299000.00,28848000.00,2084684000.00,2002053000.00,2229337000.00,2143807000.00
0001056358,28,-833000.00,26563000.00,24917000.00,-0.031359,260.0,19736000.00,18861000.00,-1368000.00,1126000.00,36056000.00,36669000.00,29993000.00,29883000.00
0001056696,73,63172000.00,262787000.00,282215000.00,0.240392,1158.0,,,75260000.00,84045000.00,757551000.00,708221000.00,839388000.00,740538000.00
0001056903,49,45546000.00,148013000.00,169191000.00,0.307716,1878.0,,,45061000.00,71638000.00,2500209000.00,2545453000.00,2715092000.00,2734140000.00
0001057060,55,22741000.00,631515000.00,527412000.00,0.036010,1850.0,189511000.00,181286000.00,,,2634345000.00,2673101000.00,2428319000.00,2441561000.00
0001057352,73,-43000000.00,732000000.00,897000000.00,-0.058743,1425.0,579000000.00,701000000.00,53000000.00,152000000.00,9257000000.00,10428100000.00,10538000000.00,10164000000.00
0001057379,87,4403000.00,77865000.00,68797000.00,0.056547,1816.0,,,4194000.00,-5066000.00,193309000.00,191760000.00,206447000.00,204390000.00
0001058090,58,479250000.00,2875253000.00,3088242000.00,0.166681,2315.0,,,557075000.00,651350000.00,9204374000.00,9044094000.00,8994531000.00,8803219000.00
0001058290,73,853000000.00,5115000000.00,5413000000.00,0.166764,1212.0,,,400000000.00,274000000.00,19966000000.00,19967000000.00,20692000000.00,20500000000.00
0001058623,48,-14774000.00,187349000.00,164447000.00,-0.078858,42.0,,,-3824000.00,-19565000.00,1118649000.00,1071851000.00,940960000.00,903429000.00
0001059556,73,846000000.00,1924000000.00,2079000000.00,0.439709,1060.0,,,757000000.00,939000000.00,15505000000.00,15096000000.00,15830000000.00,14732000000.00
0001060391,49,804000000.00,4593000000.00,4699000000.00,0.175049,1954.0,,,1025000000.00,1227000000.00,32402000000.00,33103000000.00,34366000000.00,34600000000.00
0001060822,23,26102000.00,629827000.00,681113000.00,0.041443,2525.0,291090000.00,293873000.00,-48644000.00,6417000.00,2433167000.00,2331800000.00,2565470000.00,2484155000.00
0001060955,87,226970000.00,2015320000.00,2033999000.00,0.112622,1793.0,,,268240000.00,167006000.00,16634822000.00,16641279000.00,16269782000.00,16319022000.00
0001061069,49,-1151000.00,16068000.00,17658000.00,-0.071633,2079.0,,,-982000.00,-1258000.00,86186000.00,87631000.00,87381000.00,87549000.00
0001061219,49,1761000000.00,15417000000.00,14386000000.00,0.114225,1985.0,,,2314000000.00,1469000000.00,77168000000.00,75406000000.00,77902000000.00,80559000000.00
0001061983,28,-155631000.00,1579000.00,19355000.00,-98.563015,2729.0,,,-131617000.00,-145457000.00,1401673000.00,1264051000.00,1424537000.00,1273478000.00
0001062231,37,42700000.00,1411300000.00,2378900000.00,0.030256,1661.0,173900000.00,225400000.00,55900000.00,-64400000.00,5059900000.00,5139400000.00,6670200000.00,11272100000.00
0001062822,28,-25679000.00,1262000.00,21102000.00,-20.347861,442.0,,,-43778000.00,-14730000.00,298420000.00,297671000.00,184987000.00,268819000.00
0001063761,67,727616000.00,1473012000.00,1757093000.00,0.493965,740.0,,,827218000.00,833378000.00,32405691000.00,32501143000.00,40606466000.00,39639081000.00
0001064728,12,31900000.00,937000000.00,973300000.00,0.034045,2475.0,,,119900000.00,30000000.00,5953700000.00,5783700000.00,5807200000.00,5710000000.00
0001065059,14,20500000.00,73100000.00,76700000.00,0.280438,507.0,32900000.00,31500000.00,36500000.00,-35100000.00,1093400000.00,1293900000.00,2445900000.00,2433200000.00
0001065088,73,611000000.00,2585000000.00,3089000000.00,0.236364,1162.0,1888000000.00,2287000000.00,755000000.00,969000000.00,19365000000.00,18954000000.00,17437000000.00,17893000000.00
0001065280,78,3346999000.00,10542801000.00,12249757000.00,0.317468,2034.0,,,2789199000.00,5290205000.00,53630374000.00,52087644000.00,55596993000.00,61015914000.00
0001065696,50,267000000.00,3327000000.00,3469000000.00,0.080252,2145.0,1313000000.00,1331000000.00,-3000000.00,-56000000.00,14955000000.00,15469000000.00,15137000000.00,15139000000.00
0001066194,73,27000.00,21009000.00,22499000.00,0.001285,1362.0,14286000.00,16505000.00,,,111257000.00,106220000.00,146767000.00,139685000.00
0001066923,73,-30636543.00,542131.00,212612.00,-56.511328,2751.0,71026.00,73203.00,,,35481676.00,23641060.00,53287334.00,51887766.00
0001067294,58,14857000.00,821147000.00,797367000.00,0.018093,2496.0,,,,,2149557000.00,2139049000.00,2103812000.00,2087877000.00
0001067701,73,804000000.00,3719000000.00,3985000000.00,0.216187,1177.0,1356000000.00,1469000000.00,1425000000.00,1514000000.00,28163000000.00,28050000000.00,29866000000.00,29888000000.00
0001068148,34,19000000.00,405400000.00,421000000.00,0.046867,2228.0,68100000.00,72700000.00,,,1392000000.00,1438600000.00,1448500000.00,1465500000.00
0001068689,73,-342278.00,1166589.00,1017380.00,-0.293401,1516.0,793439.00,166529.00,-164330.00,-169833.00,6013953.00,5780837.00,6392467.00,5453464.00
0001069183,34,-8793000.00,603633000.00,807345000.00,-0.014567,2277.0,365739000.00,477286000.00,25794000.00,-31517000.00,4474588000.00,6083159000.00,7000313000.00,7066849000.00
0001069202,35,168000000.00,1072600000.00,1135100000.00,0.156629,781.0,340900000.00,351300000.00,-35800000.00,16100000.00,3620000000.00,3455400000.00,4081800000.00,4292700000.00
0001069258,37,6600000.00,302600000.00,371000000.00,0.021811,1665.0,73600000.00,89600000.00,-29200000.00,-27400000.00,1950900000.00,2004900000.00,2467200000.00,4042700000.00
0001069394,28,-69157.00,7473692.00,8296997.00,-0.009253,253.0,1951564.00,1889306.00,-544294.00,-1818177.00,59968579.00,61689258.00,61832379.00,63931563.00
0001069533,49,10399942.00,36462097.00,45457009.00,0.285226,1892.0,,,,,335172472.00,326421287.00,341043733.00,337104818.00
0001069878,24,81663000.00,339993000.00,343403000.00,0.240190,2316.0,137731000.00,139022000.00,-154013000.00,-118425000.00,1373967000.00,1641199000.00,1453441000.00,1729814000.00
0001069899,28,33515000.00,347825000.00,383543000.00,0.096356,213.0,104568000.00,125675000.00,,,1285509000.00,1317260000.00,1405553000.00,1445118000.00
0001070050,73,-2656000.00,217000.00,1457000.00,-12.239631,2697.0,89000.00,811000.00,-1801000.00,-913000.00,8986000.00,6911000.00,9393000.00,9136000.00
0001070081,28,970225000.00,1176096000.00,272551000.00,0.824954,139.0,,,870103000.00,-59042000.00,1705024000.00,2655387000.00,2898767000.00,2869104000.00
0001070423,46,356000000.00,11477000000.00,12470000000.00,0.031019,2563.0,,,639000000.00,418000000.00,26562000000.00,27059000000.00,30169000000.00,31636000000.00
0001070494,28,19290000.00,244317000.00,268062000.00,0.078955,222.0,,,20323000.00,33981000.00,1187756000.00,1132364000.00,1564195000.00,1605230000.00
0001070750,67,285000000.00,1594000000.00,1645000000.00,0.178795,864.0,,,305000000.00,342000000.00,13048000000.00,12947000000.00,13049000000.00,13154000000.00
0001071739,63,1534000000.00,46620000000.00,49944000000.00,0.032904,2497.0,5288000000.00,5650000000.00,1510000000.00,4366000000.00,82445000000.00,87044000000.00,76747000000.00,81175000000.00
0001072379,28,-17311000.00,375000.00,494000.00,-46.162667,519.0,,,-9418000.00,-12509000.00,26728000.00,27505000.00,81290000.00,80051000.00
0001072627,63,-714000.00,28349000.00,38959000.00,-0.025186,2553.0,12152000.00,17335000.00,-1798000.00,-8000.00,186616000.00,192117000.00,231499000.00,232212000.00
0001075531,47,1062000000.00,4762000000.00,5532000000.00,0.223016,783.0,,,3283000000.00,3215000000.00,27708000000.00,27191000000.00,29264000000.00,27720000000.00
0001075736,48,1150000.00,16057000.00,20710000.00,0.071620,24.0,,,1238000.00,2037000.00,64938000.00,67449000.00,77686000.00,91281000.00
0001076930,36,32421000.00,233366000.00,257707000.00,0.138928,546.0,104354000.00,113578000.00,31684000.00,51606000.00,1388511000.00,1385456000.00,1807106000.00,1799055000.00
0001078271,35,10377000.00,284505000.00,316874000.00,0.036474,834.0,175409000.00,195544000.00,,,1080944000.00,1073077000.00,1168666000.00,1170060000.00
0001080014,28,41428000.00,88632000.00,97994000.00,0.467416,147.0,73315000.00,75833000.00,48617000.00,35282000.00,1301060000.00,1254390000.00,1635165000.00,1836587000.00
0001080340,67,1368634.00,2273713.00,2067644.00,0.601938,725.0,,,1180943.00,1258734.00,67360816.00,65787420.00,62350731.00,64255078.00
0001080657,67,2512542.00,4125184.00,3772800.00,0.609074,724.0,,,-118905.00,-957203.00,142569650.00,135424916.00,122052874.00,111246775.00
0001081316,49,1383000000.00,6366000000.00,6672000000.00,0.217248,1932.0,,,2021000000.00,1363000000.00,140140000000.00,142269000000.00,148327000000.00,152029000000.00
0001081745,73,-684559.00,4247345.00,3909182.00,-0.161173,1476.0,2827200.00,2482059.00,-27053.00,-228433.00,18574956.00,17964014.00,17305572.00,16460289.00
0001081938,28,-677585.00,335319.00,627462.00,-2.020718,351.0,-502607.00,-409453.00,-601381.00,-243656.00,10835697.00,11234360.00,7018404.00,6580734.00
0001082554,28,382800000.00,794400000.00,781500000.00,0.481873,146.0,701900000.00,648100000.00,461200000.00,463300000.00,7364000000.00,7743900000.00,7880000000.00,6714200000.00
0001083301,61,-59628000.00,34405000.00,34012000.00,-1.733120,117.0,6960000.00,20449000.00,56487000.00,-17591000.00,787511000.00,841162000.00,6558182000.00,7008786000.00
0001083446,87,20583000.00,620390000.00,965100000.00,0.033178,1825.0,,,16627000.00,68056000.00,1354894000.00,1331256000.00,2218661000.00,2358827000.00
0001083490,65,-1055549.00,9787786.00,679834.00,-0.107843,2159.0,-101138.00,-192113.00,-7381207.00,-3547146.00,174699505.00,162697019.00,141308172.00,136537023.00
0001083522,20,-921000.00,4230000.00,12432000.00,-0.217730,2195.0,1395000.00,3898000.00,-1874000.00,-848000.00,8523000.00,9834000.00,15230000.00,17092000.00
0001084048,48,14469000.00,272816000.00,267641000.00,0.053036,25.0,,,20613000.00,29953000.00,3704334000.00,3515875000.00,3663306000.00,3394285000.00
0001084267,73,-2145454.00,12613.00,18440.00,-170.098628,2771.0,-18855.00,14086.00,-1318996.00,-1249949.00,6518315.00,6378079.00,5759490.00,4691330.00
0001084765,73,-49725000.00,129438000.00,107930000.00,-0.384161,1545.0,45374000.00,38579000.00,,,424873000.00,375625000.00,289273000.00,274114000.00
0001084869,59,-193430000.00,331454000.00,293014000.00,-0.583580,502.0,104999000.00,97297000.00,,,1137770000.00,806217000.00,893060000.00,679888000.00
0001084961,61,129343000.00,392775000.00,475411000.00,0.329306,74.0,,,45283000.00,82326000.00,4789729000.00,4969586000.00,5339800000.00,5450561000.00
0001084991,13,9507000.00,41383000.00,48467000.00,0.229732,1781.0,,,21267000.00,23035000.00,492528000.00,501691000.00,586786000.00,588915000.00
0001085277,28,-139852.00,5000.00,5000.00,-27.970400,452.0,5000.00,5000.00,-31720.00,-822.00,158217.00,149554.00,127567.00,119419.00
0001085392,49,260881000.00,1602003000.00,1848257000.00,0.162847,1959.0,,,397022000.00,398252000.00,18960391000.00,19712480000.00,20906793000.00,21558711000.00
0001086600,12,94278000.00,540468000.00,516017000.00,0.174438,2305.0,,,145686000.00,105509000.00,2915730000.00,2902735000.00,2853788000.00,2855708000.00
0001087294,28,1291947.00,11713055.00,9131317.00,0.110300,208.0,,,3898517.00,387025.00,75583410.00,69935878.00,76823992.00,70995020.00
0001088034,60,-239584.00,22009050.00,25465774.00,-0.010886,2625.0,4809143.00,5136883.00,1374210.00,946724.00,107208447.00,109620138.00,134890214.00,120192403.00
0001088413,35,1362904.00,14315798.00,3471399.00,0.095203,808.0,2737818.00,-1459144.00,,,50568204.00,49712996.00,40393556.00,38874743.00
0001088856,28,3416000.00,157214000.00,164903000.00,0.021728,242.0,,,4770000.00,-16772000.00,840553000.00,846455000.00,836651000.00,814881000.00
0001089063,59,366116000.00,3174677000.00,5164504000.00,0.115324,463.0,1165086000.00,1683262000.00,178046000.00,276517000.00,10458694000.00,10434582000.00,17411499000.00,17832944000.00
0001089819,49,78977000.00,295244000.00,333934000.00,0.267497,1901.0,,,55254000.00,60968000.00,7369606000.00,7875164000.00,7875164000.00,7935045000.00
0001089872,78,-1014000.00,23840000.00,24313000.00,-0.042534,2290.0,20905000.00,20906000.00,1298000.00,1493000.00,141217000.00,148503000.00,154649000.00,154554000.00
0001090396,79,942627.00,3535933.00,3914339.00,0.266585,943.0,2603610.00,2661055.00,734810.00,444090.00,13520422.00,14014915.00,14365994.00,14899921.00
0001090727,42,1666000000.00,21546000000.00,21202000000.00,0.077323,2324.0,,,2318000000.00,2224000000.00,70070000000.00,68466000000.00,73090000000.00,71809000000.00
0001090872,38,300000000.00,1668000000.00,1835000000.00,0.179856,1086.0,,,,,11914000000.00,12158000000.00,12813000000.00,13065000000.00
0001091667,48,3237000000.00,13735000000.00,13597000000.00,0.235675,7.0,,,4236000000.00,4304000000.00,150020000000.00,150954000000.00,154213000000.00,154644000000.00
0001092699,73,25956000.00,181549000.00,192121000.00,0.142970,1229.0,124635000.00,132904000.00,39983000.00,55629000.00,1031230000.00,1109050000.00,1169859000.00,1161208000.00
0001093557,38,133700000.00,1036000000.00,1191900000.00,0.129054,1115.0,589000000.00,750300000.00,183800000.00,525600000.00,6484500000.00,6751700000.00,6339900000.00,6633300000.00
0001093691,36,-178456000.00,133674000.00,163513000.00,-1.335009,659.0,-73861000.00,-21607000.00,-105568000.00,-150041000.00,3602846000.00,3633406000.00,2594568000.00,2368184000.00
0001094285,38,259300000.00,1449900000.00,1560100000.00,0.178840,1087.0,,,242600000.00,234000000.00,14200500000.00,15048500000.00,15285300000.00,15493000000.00
0001095146,61,4410000.00,72629000.00,37183000.00,0.060720,86.0,8131000.00,2177000.00,4198000.00,1360000.00,78033000.00,75779000.00,69465000.00,58112000.00
0001095565,73,4378000.00,73485000.00,81203000.00,0.059577,1291.0,,,27074000.00,27136000.00,510766000.00,524036000.00,520374000.00,527441000.00
0001095651,67,25301000.00,97677000.00,110854000.00,0.259027,828.0,,,8901000.00,-8599000.00,6899379000.00,6929355000.00,7249275000.00,7381851000.00
0001095981,38,-3536000.00,1059000.00,1028000.00,-3.338999,1705.0,,,-6172000.00,-6238000.00,6633000.00,12056000.00,16325000.00,19916000.00
0001096056,28,7600000.00,97000000.00,83900000.00,0.078351,224.0,21400000.00,21900000.00,5400000.00,-4100000.00,382400000.00,385200000.00,369700000.00,392400000.00
0001096275,37,-4256306.00,2240005.00,3312800.00,-1.900132,1719.0,396221.00,853946.00,-3839918.00,-8234754.00,25736660.00,26663002.00,30714074.00,27880801.00
0001096343,63,282524000.00,3548176000.00,3550605000.00,0.079625,2433.0,,,376192000.00,15912000.00,61897982000.00,64599055000.00,68905050000.00,68602357000.00
0001096752,28,49000000.00,516600000.00,519500000.00,0.094851,215.0,236900000.00,216900000.00,,,3702400000.00,3772800000.00,3767900000.00,3533200000.00
0001097149,38,131100000.00,979262000.00,1040087000.00,0.133876,1111.0,680108000.00,736587000.00,52676000.00,151042000.00,6214600000.00,6102820000.00,6233693000.00,6314173000.00
0001097864,36,-573700000.00,1445700000.00,1513300000.00,-0.396832,634.0,293800000.00,583100000.00,602300000.00,239100000.00,14089800000.00,13253900000.00,12524100000.00,12010800000.00
0001098009,28,-85319.00,56148.00,26143.00,-1.519538,344.0,49817.00,22533.00,,,281630.00,266993.00,193105.00,167105.00
0001098972,28,-13311000.00,24066000.00,33736000.00,-0.553104,309.0,,,-25618000.00,-35950000.00,226271000.00,200201000.00,226798000.00,186456000.00
0001099160,48,-302361.00,48912465.00,42588735.00,-0.006182,33.0,,,-3474505.00,-3484433.00,549206825.00,539259398.00,299287976.00,281508379.00
0001099219,63,1415000000.00,18569000000.00,19074000000.00,0.076202,2441.0,,,4262000000.00,2687000000.00,677457000000.00,688316000000.00,745166000000.00,743211000000.00
0001099369,73,-308587.00,1018972.00,1003109.00,-0.302841,1522.0,869685.00,834977.00,,,3628765.00,3238792.00,2965236.00,2674928.00
0001099590,73,763000000.00,5935000000.00,8845000000.00,0.128559,1241.0,2771000000.00,3862000000.00,1031000000.00,2075000000.00,25196000000.00,27682000000.00,42667000000.00,46934000000.00
0001099800,38,394800000.00,1412700000.00,1648600000.00,0.279465,1053.0,1111100000.00,1286000000.00,280400000.00,43800000.00,13055300000.00,13022300000.00,13697200000.00,13321200000.00
0001100682,87,74669000.00,984168000.00,995830000.00,0.075870,1806.0,,,171697000.00,41077000.00,7528345000.00,7582366000.00,7135422000.00,7730308000.00
0001101239,67,458000000.00,2225000000.00,2444000000.00,0.205843,857.0,,,809000000.00,717000000.00,35085000000.00,36079000000.00,40141000000.00,40898000000.00
0001101302,30,122300000.00,773200000.00,811900000.00,0.158174,690.0,356500000.00,380800000.00,140400000.00,183000000.00,8394600000.00,8431400000.00,8350500000.00,8475100000.00
0001101433,73,-437235.00,4824356.00,5530272.00,-0.090631,1448.0,2108501.00,2518067.00,125768.00,384672.00,7561521.00,6886637.00,5773230.00,5374351.00
0001102238,65,-813000.00,12008000.00,12341000.00,-0.067705,2126.0,,,-7408000.00,876000.00,1032802000.00,1044999000.00,1097325000.00,1088894000.00
0001102993,73,-16944000.00,64700000.00,56956000.00,-0.261886,1509.0,,,-3096000.00,9544000.00,607778000.00,596220000.00,454667000.00,457582000.00
0001103982,20,680000000.00,9313000000.00,10080000000.00,0.073016,2019.0,2430000000.00,2803000000.00,1092000000.00,467000000.00,68497000000.00,68927000000.00,71487000000.00,71122000000.00
0001104038,61,-593000.00,4455000.00,1772000.00,-0.133109,97.0,1490000.00,960000.00,-404000.00,-711000.00,16067000.00,17095000.00,13018000.00,12116000.00
0001104485,13,229281000.00,602098000.00,5029000.00,0.380803,1747.0,,,407426000.00,323615000.00,5603822000.00,5674614000.00,5409375000.00,5514846000.00
0001104506,28,-248140000.00,92823000.00,305964000.00,-2.673260,360.0,,,-262088000.00,-222738000.00,2025231000.00,1802735000.00,2264558000.00,2075863000.00
0001104657,34,27195000.00,420330000.00,549824000.00,0.064699,2210.0,76179000.00,81835000.00,15502000.00,-4307000.00,1697632000.00,1752357000.00,1802801000.00,1877399000.00
0001106644,28,-758618.00,1136287.00,983536.00,-0.667629,313.0,-136061.00,285487.00,-73676.00,-55292.00,14887524.00,14217073.00,30999464.00,45143790.00
0001107843,73,51755000.00,159899000.00,175638000.00,0.323673,1113.0,130973000.00,145648000.00,109588000.00,95294000.00,973537000.00,996471000.00,1095081000.00,1094636000.00
0001108109,80,284000000.00,3159000000.00,2965000000.00,0.089902,984.0,,,120000000.00,-297000000.00,14054000000.00,13890000000.00,13204000000.00,13180000000.00
0001108426,49,71889000.00,482792000.00,504982000.00,0.148903,1964.0,,,141257000.00,153188000.00,11211733000.00,11390620000.00,12059285000.00,12138370000.00
0001108524,73,1942000000.00,9829000000.00,11133000000.00,0.197579,1195.0,7564000000.00,8563000000.00,6476000000.00,6701000000.00,102928000000.00,98610000000.00,112305000000.00,106680000000.00
0001109116,48,-52770000.00,91851000.00,196971000.00,-0.574517,53.0,,,-15244000.00,21784000.00,487278000.00,435822000.00,387511000.00,436392000.00
0001109242,60,17672000.00,62818000.00,71742000.00,0.281321,2590.0,,,26358000.00,23877000.00,7677925000.00,7729035000.00,7869185000.00,7839227000.00
0001109262,59,-177648.00,2820.00,537519.00,-62.995745,2731.0,-22003.00,405933.00,-162949.00,290746.00,469026.00,,1581923.00,1381158.00
0001109354,38,31800000.00,801400000.00,823400000.00,0.039681,1168.0,391200000.00,379800000.00,65000000.00,71200000.00,5806700000.00,5933100000.00,6241400000.00,6130700000.00
0001109357,49,1536000000.00,6714000000.00,7242000000.00,0.228776,1923.0,,,1200000000.00,1724000000.00,107784000000.00,109484000000.00,116570000000.00,117545000000.00
0001109448,62,236369000.00,1098124000.00,1214731000.00,0.215248,2100.0,,,148816000.00,460631000.00,9071927000.00,9377218000.00,9277776000.00,9206393000.00
0001110607,35,-75000.00,5250000.00,8174000.00,-0.014286,861.0,,,-766000.00,414000.00,18740000.00,19232000.00,19814000.00,21601000.00
0001110803,38,164000000.00,1041000000.00,1091000000.00,0.157541,1097.0,683000000.00,721000000.00,240000000.00,289000000.00,6303000000.00,6182000000.00,6644000000.00,6559000000.00
0001111485,38,-10674000.00,37895000.00,30893000.00,-0.281673,1447.0,28329000.00,23498000.00,-8832000.00,-10891000.00,318563000.00,313044000.00,311814000.00,303993000.00
0001111711,49,759400000.00,2149500000.00,2322300000.00,0.353291,1849.0,,,686400000.00,442300000.00,31788100000.00,33105100000.00,35858700000.00,36601000000.00
0001111741,10,1827506.00,13696401.00,18047699.00,0.133430,64.0,3362197.00,6906133.00,1825105.00,2038148.00,38523947.00,40726803.00,57596586.00,58824602.00
0001111928,36,1827000.00,227793000.00,265497000.00,0.008020,590.0,89812000.00,99499000.00,13445000.00,-5463000.00,2289264000.00,2317348000.00,2424280000.00,2421642000.00
0001113169,62,596300000.00,1763900000.00,1857000000.00,0.338058,2037.0,,,632900000.00,824300000.00,13472000000.00,13993700000.00,14341800000.00,14393000000.00
0001113232,35,29159000.00,192563000.00,198956000.00,0.151426,784.0,88768000.00,80581000.00,39795000.00,18139000.00,1348781000.00,1340618000.00,1361351000.00,1374544000.00
0001114483,38,49552000.00,437392000.00,439580000.00,0.113290,1127.0,120318000.00,109595000.00,31276000.00,24695000.00,3077971000.00,3297703000.00,3410577000.00,3411719000.00
0001114925,35,-3579000.00,28500000.00,30177000.00,-0.125579,896.0,12403000.00,13005000.00,,,134223000.00,124189000.00,121731000.00,120017000.00
0001114936,73,-20990.00,411.00,351187.00,-51.070560,2748.0,-1724.00,15152.00,-58117.00,-269248.00,,,1748847.00,1521485.00
0001114995,36,-9569000.00,74277000.00,74250000.00,-0.128829,615.0,36681000.00,36459000.00,-11143000.00,3980000.00,489080000.00,479825000.00,545186000.00,502524000.00
0001116132,31,253700000.00,1584600000.00,1920600000.00,0.160103,2264.0,1205800000.00,1476500000.00,,,7251900000.00,7306200000.00,6531000000.00,6466700000.00
0001116463,38,-17750000.00,29931000.00,27925000.00,-0.593031,1547.0,12299000.00,11804000.00,-19733000.00,-13895000.00,479659000.00,457607000.00,403168000.00,379169000.00
0001116942,36,50260000.00,648668000.00,845976000.00,0.077482,563.0,130972000.00,181181000.00,-10655000.00,21743000.00,3472494000.00,3454599000.00,3840331000.00,3981030000.00
0001117057,20,-621526.00,840333.00,6357593.00,-0.739619,2600.0,54853.00,1529932.00,-345273.00,4580433.00,25416978.00,26117101.00,10209878.00,16879805.00
0001117171,36,-2864019.00,34938901.00,69617992.00,-0.081972,609.0,4801734.00,1039868.00,-9621121.00,22284680.00,302218144.00,311464641.00,426181636.00,491005544.00
0001117297,73,4912000.00,269842000.00,346137000.00,0.018203,1343.0,27862000.00,41336000.00,,,409647000.00,417235000.00,493033000.00,704344000.00
0001119643,28,-349819.00,73974.00,27246.00,-4.728945,389.0,59131.00,18975.00,-405006.00,-327791.00,599495.00,775179.00,584558.00,616518.00
0001120193,62,547000000.00,2096000000.00,2137000000.00,0.260973,2074.0,1237000000.00,1407000000.00,663000000.00,689000000.00,30395000000.00,30647000000.00,31053000000.00,27301000000.00
0001120970,28,-7038748.00,785815.00,313456.00,-8.957258,407.0,,,-4962518.00,-5823158.00,91309881.00,169604637.00,169604637.00,218133533.00
0001121484,35,5639000.00,159938000.00,145363000.00,0.035257,836.0,,,9295000.00,-1885000.00,1005108000.00,990735000.00,883431000.00,862156000.00
0001121788,38,332824000.00,1535099000.00,1753489000.00,0.216809,1072.0,884545000.00,1042289000.00,420788000.00,535988000.00,9630527000.00,9787622000.00,10993669000.00,10952438000.00
0001122904,35,-12799000.00,162060000.00,158819000.00,-0.078977,885.0,56326000.00,64302000.00,-8744000.00,1644000.00,850230000.00,814196000.00,836271000.00,801931000.00
0001122976,28,700000.00,826600000.00,847400000.00,0.000847,250.0,263200000.00,272600000.00,-51100000.00,-34500000.00,5811100000.00,5811200000.00,6025600000.00,5944800000.00
0001123360,73,371959000.00,1820318000.00,2969682000.00,0.204337,1188.0,,,555124000.00,-288821000.00,46890255000.00,47616106000.00,53338484000.00,64254841000.00
0001123494,38,-49668000.00,21774000.00,20755000.00,-2.281069,1680.0,12184000.00,12244000.00,2986000.00,-662000.00,126644000.00,79801000.00,80071000.00,77938000.00
0001124105,28,2273000.00,22058000.00,22519000.00,0.103047,209.0,21164000.00,,-129000.00,3180000.00,125406000.00,129790000.00,219763000.00,162015000.00
0001124198,16,91000000.00,3982000000.00,3663000000.00,0.022853,2378.0,140000000.00,13000000.00,-286000000.00,110000000.00,9143000000.00,8423000000.00,8236000000.00,7920000000.00
0001124524,28,-7194000.00,41040000.00,47798000.00,-0.175292,280.0,18641000.00,21913000.00,-4342000.00,3735000.00,703492000.00,699844000.00,764989000.00,763609000.00
0001124796,36,-9610000.00,51668000.00,80181000.00,-0.185995,619.0,13799000.00,26513000.00,-20000.00,9683000.00,270241000.00,289996000.00,315210000.00,515699000.00
0001125345,28,-42624000.00,13192000.00,20775000.00,-3.231049,365.0,,,-46890000.00,-35811000.00,261655000.00,224565000.00,256846000.00,217873000.00
0001125376,80,101373000.00,1173041000.00,1389196000.00,0.086419,985.0,,,72220000.00,100154000.00,4669356000.00,4759846000.00,5462970000.00,5611761000.00
0001127475,73,-191629.00,27604.00,38672.00,-6.942074,2632.0,2750.00,,,,36551.00,52754.00,52030.00,81756.00
0001127537,38,-14563000.00,22538000.00,20586000.00,-0.646153,1551.0,16342000.00,16044000.00,-13222000.00,-10097000.00,162850000.00,150736000.00,129291000.00,119966000.00
0001128928,20,85133000.00,1554230000.00,1571577000.00,0.054775,2030.0,,,135634000.00,107857000.00,3400447000.00,4326946000.00,4183861000.00,4180630000.00
0001130310,49,649000000.00,2920000000.00,2975000000.00,0.222260,1929.0,,,410000000.00,282000000.00,43768000000.00,44486000000.00,46534000000.00,47837000000.00
0001130464,49,205000000.00,805200000.00,780700000.00,0.254595,1909.0,,,227800000.00,176200000.00,10022600000.00,10061200000.00,10869800000.00,10820000000.00
0001130713,59,-23211000.00,231748000.00,247755000.00,-0.100156,495.0,58132000.00,59198000.00,-50921000.00,-11796000.00,401954000.00,363725000.00,425478000.00,404454000.00
0001132105,59,-19613000.00,249103000.00,256078000.00,-0.078734,492.0,75643000.00,75783000.00,-60234000.00,-55370000.00,852102000.00,929669000.00,762582000.00,838003000.00
0001133062,73,2170000.00,50731000.00,57444000.00,0.042775,1311.0,16571000.00,18568000.00,,,111246000.00,114314000.00,176116000.00,154188000.00
0001133311,73,3804000.00,23140000.00,24273000.00,0.164391,1215.0,18968000.00,19037000.00,3284000.00,3851000.00,54722000.00,49202000.00,45192000.00,50867000.00
0001133421,38,573000000.00,9468000000.00,9881000000.00,0.060520,1152.0,,,-1565000000.00,-1656000000.00,49359000000.00,48468000000.00,51377000000.00,50007000000.00
0001136869,38,292300000.00,1909100000.00,2086700000.00,0.153109,1106.0,,,382800000.00,359400000.00,21365300000.00,22183900000.00,23091700000.00,22721600000.00
0001136893,73,347000000.00,2532000000.00,3295000000.00,0.137046,1232.0,879000000.00,1108000000.00,,,33784000000.00,32841000000.00,33488000000.00,43484000000.00
0001137091,35,24634000.00,135446000.00,128592000.00,0.181873,764.0,40294000.00,29424000.00,8811000.00,19130000.00,328182000.00,372728000.00,424745000.00,430682000.00
0001137789,35,431000000.00,2160000000.00,3112000000.00,0.199537,759.0,,,,,7959000000.00,7564000000.00,8708000000.00,8892000000.00
0001138118,65,276000000.00,8875000000.00,10527000000.00,0.031099,2067.0,,,-546000000.00,-825000000.00,24383000000.00,26366000000.00,30877000000.00,30170000000.00
0001138476,80,314419.00,1818814.00,1497704.00,0.172870,971.0,,,330726.00,228027.00,12432803.00,12656926.00,13463446.00,13765051.00
0001138723,38,1047000.00,113243000.00,104845000.00,0.009246,1190.0,31627000.00,25294000.00,,,478382000.00,484291000.00,448009000.00,447602000.00
0001139685,87,-772180.00,553820.00,353375.00,-1.394280,2628.0,165795.00,62884.00,-488293.00,-1288960.00,3584408.00,,4137357.00,5803347.00
0001140102,73,1483000.00,7472000.00,6523000.00,0.198474,1194.0,,,1854000.00,250000.00,94013000.00,93737000.00,88227000.00,91130000.00
0001140215,20,-1742000.00,10029000.00,7142000.00,-0.173696,2161.0,3402000.00,697000.00,-5362000.00,-5844000.00,25140000.00,24519000.00,23341000.00,18686000.00
0001140536,64,432000000.00,2223000000.00,2412000000.00,0.194332,2388.0,,,-35000000.00,-10000000.00,27681000000.00,28064000000.00,29530000000.00,29637000000.00
0001140859,51,1036190000.00,75453673000.00,78355916000.00,0.013733,2287.0,3059809000.00,3588339000.00,,,69054314000.00,71193874000.00,78361214000.00,81652100000.00
0001141103,73,-977000.00,293408000.00,241057000.00,-0.003330,1368.0,58658000.00,,5681000.00,4767000.00,589251000.00,576235000.00,448951000.00,451073000.00
0001141197,13,150000.00,8736000.00,40222000.00,0.017170,1886.0,,,5928000.00,10535000.00,128349000.00,145575000.00,375869000.00,370083000.00
0001141284,36,-1812000.00,721000.00,958000.00,-2.513176,669.0,251000.00,235000.00,-2174000.00,-1902000.00,8225000.00,7107000.00,9530000.00,12832000.00
0001141391,73,4149000000.00,7250000000.00,8398000000.00,0.572276,1043.0,,,2380000000.00,2999000000.00,48081000000.00,48470000000.00,54157000000.00,52449000000.00
0001142417,48,220000000.00,1234000000.00,1396000000.00,0.178282,15.0,,,337000000.00,289000000.00,11468000000.00,11414000000.00,10846000000.00,18103000000.00
0001142750,73,12507000.00,689533000.00,1378361000.00,0.018138,1344.0,198120000.00,368836000.00,92671000.00,562452000.00,2415727000.00,2395123000.00,2094107000.00,2604373000.00
0001144215,36,110200000.00,1006300000.00,1055700000.00,0.109510,553.0,468000000.00,520400000.00,,,3864300000.00,4581700000.00,4652100000.00,4558500000.00
0001144879,73,-18943000.00,52921000.00,126637000.00,-0.357949,1533.0,,,,,1543169000.00,1707347000.00,5229344000.00,6246818000.00
0001144980,55,234300000.00,4148500000.00,4113000000.00,0.056478,1835.0,724200000.00,726900000.00,225000000.00,223200000.00,10337000000.00,10221000000.00,11618200000.00,11302800000.00
0001145197,38,88800000.00,569000000.00,761700000.00,0.156063,1100.0,409000000.00,529100000.00,63800000.00,113800000.00,3087700000.00,3517300000.00,3190400000.00,2987200000.00
0001145255,62,3451000.00,9276000.00,8133000.00,0.372035,2022.0,,,,,153298000.00,155533000.00,159555000.00,160540000.00
0001145986,50,-299341000.00,78723000.00,37884000.00,-3.802459,2680.0,22812000.00,4276000.00,5632000.00,34145000.00,895144000.00,554976000.00,406679000.00,410476000.00
0001156039,63,3170000000.00,48891000000.00,50181000000.00,0.064838,2457.0,,,1017000000.00,4332000000.00,116889000000.00,119717000000.00,121494000000.00,125827000000.00
0001156041,13,-1604185.00,102345.00,132965.00,-15.674288,2718.0,,,-1121444.00,-3759807.00,4114688.00,7164923.00,34330929.00,45625526.00
0001156375,62,1108000000.00,1642300000.00,1880100000.00,0.674664,1853.0,,,1116600000.00,1259900000.00,137447000000.00,157831600000.00,198424200000.00,201993500000.00
0001157408,82,130786000.00,613376000.00,629873000.00,0.213223,2134.0,249290000.00,231565000.00,,,2070781000.00,2207944000.00,2306550000.00,2446936000.00
0001157601,28,-79311000.00,137250000.00,311337000.00,-0.577858,312.0,,,-88891000.00,-167435000.00,1042247000.00,996629000.00,1259589000.00,1227327000.00
0001158114,36,-8937000.00,99859000.00,151144000.00,-0.089496,611.0,30544000.00,43916000.00,-50915000.00,-85353000.00,547032000.00,644668000.00,1168423000.00,1565879000.00
0001158172,73,-2066000.00,85709000.00,85322000.00,-0.024105,1393.0,,,9062000.00,12500000.00,430247000.00,421531000.00,407709000.00,400170000.00
0001158449,55,-131000000.00,2583000000.00,2614000000.00,-0.050716,1903.0,1109000000.00,1180000000.00,-156000000.00,-19000000.00,10798000000.00,10617000000.00,11826000000.00,11799000000.00
0001158463,45,-174000000.00,2140000000.00,2240000000.00,-0.081308,2119.0,,,114000000.00,120000000.00,16841000000.00,17101000000.00,16570000000.00,16611000000.00
0001158780,28,-5400000.00,427000.00,167000.00,-12.646370,424.0,136000.00,56000.00,,,30861000.00,37407000.00,30596000.00,26057000.00
0001159036,28,141535000.00,264861000.00,376708000.00,0.534375,144.0,,,154221000.00,180078000.00,2063477000.00,2196532000.00,2525323000.00,2672719000.00
0001160420,28,-110544.00,71764.00,176275.00,-1.540382,345.0,14052.00,67577.00,-31175.00,-55037.00,666181.00,,594826.00,776868.00
0001160791,10,-7792000.00,12354000.00,43943000.00,-0.630727,68.0,-1452000.00,19045000.00,-828000.00,14850000.00,145874000.00,147656000.00,184062000.00,196424000.00
0001162194,28,-26970000.00,20222000.00,21146000.00,-1.333696,340.0,11049000.00,11308000.00,-30283000.00,-46597000.00,612345000.00,579597000.00,567754000.00,639114000.00
0001163609,20,4181338.00,117913309.00,225528754.00,0.035461,2035.0,5906304.00,-5536996.00,-39947126.00,-82758258.00,541893618.00,582423876.00,842782234.00,885757710.00
0001163739,13,101805000.00,736186000.00,783548000.00,0.138287,1821.0,,,87735000.00,113339000.00,4504301000.00,5038663000.00,4789657000.00,4385636000.00
0001165002,62,-68000.00,23252000.00,24966000.00,-0.002924,2268.0,,,-4900000.00,-2567000.00,149989000.00,134988000.00,162298000.00,150375000.00
0001166003,47,151000000.00,1954000000.00,2096000000.00,0.077277,853.0,,,142000000.00,183000000.00,7712000000.00,7879000000.00,8194000000.00,8183000000.00
0001166691,48,5658000000.00,29887000000.00,31457000000.00,0.189313,12.0,,,8294000000.00,6891000000.00,266211000000.00,267770000000.00,272631000000.00,260002000000.00
0001166708,39,-45238.00,1529203.00,2115244.00,-0.029583,2392.0,504030.00,982129.00,-115729.00,686637.00,5766915.00,5583600.00,5221366.00,5796450.00
0001167419,61,-233874000.00,161387000.00,167219000.00,-1.449150,115.0,,,-122060000.00,-182651000.00,3935307000.00,3719017000.00,3936767000.00,3438020000.00
0001169138,73,-183520.00,66023.00,55906.00,-2.779637,1697.0,10873.00,25980.00,-113990.00,-126578.00,23137.00,19476.00,242685.00,119922.00
0001169445,73,8160000.00,87208000.00,86271000.00,0.093569,1268.0,,,5760000.00,15452000.00,395824000.00,388842000.00,402528000.00,407539000.00
0001171155,47,3334000.00,214007000.00,214135000.00,0.015579,876.0,,,,,386761000.00,414502000.00,439447000.00,431211000.00
0001171326,87,328575.00,961954.00,737844.00,0.341570,1741.0,789683.00,593990.00,424451.00,-320552.00,9386317.00,9459464.00,12233330.00,11713585.00
0001171759,58,9061000.00,392351000.00,378261000.00,0.023094,2492.0,,,19574000.00,6975000.00,641314000.00,606229000.00,563527000.00,543845000.00
0001173489,73,-4382000.00,24245000.00,27024000.00,-0.180738,1487.0,20758000.00,23295000.00,-7404000.00,-4885000.00,308948000.00,309991000.00,388256000.00,388226000.00
0001173514,35,21300000.00,910400000.00,795200000.00,0.023396,846.0,177700000.00,124800000.00,-36400000.00,-32900000.00,2029200000.00,2055300000.00,2020600000.00,1958100000.00
0001175454,73,427124000.00,1005667000.00,1260987000.00,0.424717,1066.0,,,-74151000.00,-56620000.00,17957031000.00,18547780000.00,26408135000.00,26664790000.00
0001176334,51,14402000.00,192543000.00,187674000.00,0.074799,2236.0,,,-6019000.00,-13777000.00,538509000.00,533410000.00,522418000.00,537129000.00
0001177394,50,304459000.00,14531707000.00,17161198000.00,0.020951,2192.0,998006000.00,1252146000.00,-747997000.00,-895866000.00,30274479000.00,28796066000.00,34250898000.00,35083705000.00
0001177609,53,50847000.00,970527000.00,1285602000.00,0.052391,2464.0,,,132662000.00,227224000.00,4339574000.00,4452802000.00,4937019000.00,5055003000.00
0001177648,28,-24527000.00,14926000.00,17159000.00,-1.643240,347.0,,,,,348642000.00,322993000.00,329503000.00,314704000.00
0001177702,42,70168000.00,787575000.00,806226000.00,0.089094,2313.0,,,109073000.00,139634000.00,3166857000.00,3365221000.00,3482681000.00,3563637000.00
0001179929,63,433000000.00,11147000000.00,10796000000.00,0.038845,2490.0,,,190000000.00,1082000000.00,15630000000.00,16386000000.00,15564000000.00,16391000000.00
0001180262,51,122800000.00,1221700000.00,1317200000.00,0.100516,2211.0,956500000.00,1026100000.00,200000.00,113800000.00,2728100000.00,2684300000.00,2785900000.00,2875200000.00
0001185348,61,74577000.00,269619000.00,314533000.00,0.276601,75.0,,,-52580000.00,24937000.00,4931155000.00,5148069000.00,5103322000.00,5206830000.00
0001190370,23,200673.00,796369.00,808666.00,0.251985,2275.0,,,,,1861965.00,2017980.00,2470337.00,2536028.00
0001192448,38,-20678000.00,106664000.00,150571000.00,-0.193861,1366.0,82348000.00,117232000.00,-18521000.00,-12526000.00,974756000.00,966178000.00,893487000.00,893326000.00
0001193311,49,352000000.00,1548000000.00,1724000000.00,0.227390,1925.0,,,194000000.00,537000000.00,40451000000.00,41787000000.00,47795000000.00,49846000000.00
0001196298,38,566000.00,4877000.00,5212000.00,0.116055,1123.0,3154000.00,2993000.00,322000.00,-1671000.00,11210000.00,11778000.00,13641000.00,13794000.00
0001200375,28,-20486000.00,7543000.00,15248000.00,-2.715896,361.0,,,-13798000.00,-13150000.00,149011000.00,128887000.00,147797000.00,129370000.00
0001201792,82,12246000.00,164551000.00,174738000.00,0.074421,2247.0,,,36998000.00,63304000.00,570103000.00,578661000.00,521418000.00,537914000.00
0001206264,25,13200000.00,1604700000.00,1801500000.00,0.008226,2436.0,580500000.00,776900000.00,106400000.00,246500000.00,5980400000.00,11329700000.00,11600700000.00,11539600000.00
0001210677,73,7617000.00,354588000.00,385201000.00,0.021481,1337.0,,,19471000.00,49431000.00,3922893000.00,3871691000.00,3833802000.00,3754164000.00
0001210708,73,-1724000.00,31866000.00,50061000.00,-0.054102,1421.0,16398000.00,20555000.00,-802000.00,-1396000.00,52583000.00,113231000.00,113231000.00,108513000.00
0001211583,28,-808000.00,8751000.00,15108000.00,-0.092332,270.0,,,-4318000.00,2379000.00,44946000.00,46403000.00,70551000.00,71822000.00
0001211805,73,-1060000.00,1479000.00,2394000.00,-0.716700,1574.0,420000.00,940000.00,-1268000.00,-2069000.00,10059000.00,8751000.00,10204000.00,8487000.00
0001213037,28,-14382000.00,109000.00,41000.00,-131.944954,2753.0,,,-12794000.00,-12288000.00,97190000.00,84807000.00,61884000.00,49172000.00
0001213809,28,-2002475.00,393572.00,1110956.00,-5.087951,391.0,,,-1949731.00,-1963334.00,9930275.00,7894878.00,9945725.00,7809573.00
0001217234,80,-13374000.00,84685000.00,117700000.00,-0.157926,1017.0,,,-26584000.00,4333000.00,491050000.00,489638000.00,413228000.00,411062000.00
0001218683,61,576678.00,13814373.00,4820303.00,0.041745,89.0,5923930.00,1006494.00,-510385.00,-17132375.00,61440495.00,57863935.00,57441666.00,48390485.00
0001219601,34,365000000.00,2887000000.00,3259000000.00,0.126429,2160.0,,,14000000.00,-54000000.00,13848000000.00,13841000000.00,14272000000.00,14305000000.00
0001224133,73,-1871000.00,11402000.00,10618000.00,-0.164094,1479.0,,,-2622000.00,-514000.00,43200000.00,40633000.00,39680000.00,38546000.00
0001224608,63,104600000.00,1004100000.00,1029600000.00,0.104173,2402.0,,,136700000.00,148800000.00,37849300000.00,37436300000.00,38790600000.00,38963400000.00
0001227636,38,-11014000.00,31975000.00,34454000.00,-0.344457,1473.0,15738000.00,16154000.00,-16993000.00,-9421000.00,140903000.00,141988000.00,141551000.00,125440000.00
0001227654,14,-3100000.00,494600000.00,453200000.00,-0.006268,512.0,76800000.00,83000000.00,,,1720900000.00,1531900000.00,1526700000.00,1365300000.00
0001228627,28,-9929000.00,4370000.00,2157000.00,-2.272082,355.0,,,-8994000.00,-12727000.00,36862000.00,48167000.00,50243000.00,66787000.00
0001230058,65,-1517000.00,440000.00,20383000.00,-3.447727,2677.0,,,-1651000.00,20922000.00,90967000.00,88746000.00,85749000.00,97777000.00
0001230524,87,-4834.00,1333.00,1715.00,-3.626407,2675.0,1333.00,1715.00,,,48998.00,50266.00,53307.00,54932.00
0001232524,28,-55900000.00,897800000.00,1068900000.00,-0.062263,267.0,,,429800000.00,408200000.00,12012257000.00,11534682000.00,11659300000.00,11859600000.00
0001232582,67,61534000.00,277359000.00,267732000.00,0.221857,852.0,,,-24992000.00,29523000.00,3160985000.00,3082421000.00,2833632000.00,2605309000.00
0001235468,73,6803000.00,116375000.00,120732000.00,0.058458,1293.0,47429000.00,55870000.00,,,333206000.00,358795000.00,369144000.00,400411000.00
0001235912,38,-13437000.00,12348000.00,14769000.00,-1.088192,1589.0,10312000.00,12881000.00,-12767000.00,-12164000.00,133414000.00,129589000.00,104794000.00,99728000.00
0001236275,50,-39300000.00,13500000.00,1730200000.00,-2.911111,2673.0,5400000.00,409300000.00,36500000.00,70600000.00,5098300000.00,5113196000.00,15887300000.00,16660200000.00
0001237831,38,97004000.00,598121000.00,759854000.00,0.162181,1093.0,,,177300000.00,202364000.00,5251750000.00,4711148000.00,5302761000.00,5439555000.00
0001254699,59,29000000.00,1905000000.00,1769000000.00,0.015223,482.0,634000000.00,589000000.00,46000000.00,-98000000.00,9889000000.00,9675000000.00,8456000000.00,7990000000.00
0001257640,28,38400000.00,489800000.00,509800000.00,0.078399,223.0,106800000.00,83300000.00,-102400000.00,-51300000.00,1913500000.00,1946000000.00,1816800000.00,1798300000.00
0001260221,37,991000000.00,2150000000.00,2544000000.00,0.460930,1610.0,1274000000.00,1511000000.00,,,21515000000.00,21905000000.00,23757000000.00,25442000000.00
0001261333,73,60255000.00,763654000.00,830235000.00,0.078904,1276.0,606385000.00,658965000.00,251439000.00,321688000.00,4012705000.00,3947403000.00,4229550000.00,3984005000.00
0001261654,82,16853000.00,207447000.00,221402000.00,0.081240,2242.0,,,,,753756000.00,720443000.00,833961000.00,852185000.00
0001262039,35,453800000.00,1539700000.00,1849600000.00,0.294733,737.0,1246600000.00,1485100000.00,863300000.00,1077100000.00,9763100000.00,10407000000.00,10389200000.00,9883500000.00
0001262823,28,-32000000.00,2846000000.00,2652000000.00,-0.011244,254.0,232000000.00,112000000.00,-77000000.00,-94000000.00,20750000000.00,20711000000.00,19961000000.00,19707000000.00
0001262976,27,40541000.00,789468000.00,886209000.00,0.051352,1716.0,,,,,1917918000.00,1878316000.00,2094367000.00,2054906000.00
0001265521,28,-415408.00,4542.00,1005519.00,-91.459269,2716.0,3182.00,550489.00,-45577.00,34376.00,9951773.00,9808644.00,390043.00,516600.00
0001267565,28,21687000.00,177757000.00,193520000.00,0.122004,206.0,97324000.00,117246000.00,55398000.00,57113000.00,1663591000.00,1631388000.00,1656834000.00,1651955000.00
0001269026,38,-2383000.00,369000.00,380000.00,-6.457995,2373.0,123000.00,144000.00,-1301000.00,-2491000.00,9413000.00,11449000.00,9506000.00,7811000.00
0001270436,62,107000.00,28740000.00,57902000.00,0.003723,2261.0,,,-6372000.00,-31208000.00,971149000.00,978050000.00,700585000.00,684137000.00
0001271833,48,3220000000.00,13735000000.00,13597000000.00,0.234438,8.0,,,4291000000.00,4351000000.00,148371000000.00,149127000000.00,151982000000.00,152670000000.00
0001272842,36,-3096000.00,12013000.00,11511000.00,-0.257721,626.0,5160000.00,4973000.00,-1025000.00,-759000.00,48443000.00,46116000.00,45337000.00,43391000.00
0001274494,36,221244000.00,844568000.00,1044240000.00,0.261961,529.0,344403000.00,486131000.00,-607982000.00,-214866000.00,12124361000.00,12116665000.00,13321310000.00,13351097000.00
0001274737,80,-3365000.00,15498000.00,17306000.00,-0.217125,1022.0,9123000.00,10205000.00,-10671000.00,-10417000.00,44689000.00,40294000.00,58022000.00,51957000.00
0001275158,58,-6387000.00,123794000.00,123786000.00,-0.051594,2565.0,,,4033000.00,6016000.00,324648000.00,319450000.00,261671000.00,246315000.00
0001275187,38,-9974000.00,72004000.00,78423000.00,-0.138520,1300.0,38857000.00,41479000.00,,,291550000.00,285415000.00,269681000.00,260678000.00
0001276187,49,2491000000.00,21020000000.00,27771000000.00,0.118506,1981.0,,,2917000000.00,3378000000.00,125380000000.00,126425000000.00,141286000000.00,147482000000.00
0001278021,62,88382000.00,208576000.00,233380000.00,0.423740,1994.0,,,29629000.00,-75329000.00,1789216000.00,1878096000.00,1934886000.00,2301536000.00
0001278027,20,35846000.00,425402000.00,408936000.00,0.084264,2012.0,90087000.00,79889000.00,52745000.00,23587000.00,2994052000.00,2953810000.00,2834795000.00,2836349000.00
0001280058,73,19705000.00,269936000.00,281140000.00,0.072999,1282.0,155121000.00,166559000.00,1388000.00,51459000.00,2496000000.00,2102400000.00,2390682000.00,2109298000.00
0001280263,36,-25858000.00,85872000.00,100357000.00,-0.301123,629.0,51536000.00,58589000.00,14801000.00,-25626000.00,688968000.00,701918000.00,798600000.00,794838000.00
0001280452,36,168759000.00,637554000.00,804185000.00,0.264698,527.0,353230000.00,445065000.00,256387000.00,250253000.00,3515822000.00,3705143000.00,4194199000.00,4448866000.00
0001282224,72,-1773527.00,12169711.00,12803937.00,-0.145733,2559.0,,,-1703425.00,-2041711.00,58437279.00,58575201.00,58330160.00,53268172.00
0001282637,28,159869000.00,700946000.00,669717000.00,0.228076,175.0,236023000.00,220879000.00,120313000.00,124033000.00,3129541000.00,3232924000.00,3492465000.00,3504308000.00
0001282648,13,3391000.00,47475000.00,39174000.00,0.071427,1852.0,,,12731000.00,2105000.00,431048000.00,506248000.00,460678000.00,412368000.00
0001283699,48,4800000000.00,20886000000.00,23107000000.00,0.229819,10.0,,,6847000000.00,7222000000.00,208035000000.00,214633000000.00,219237000000.00,214667000000.00
0001285550,38,-6163000.00,8485000.00,12128000.00,-0.726341,1561.0,5132000.00,7756000.00,-6172000.00,-7967000.00,39189000.00,30070000.00,97747000.00,93416000.00
0001285785,28,338500000.00,2620900000.00,2998000000.00,0.129154,203.0,488400000.00,235600000.00,42900000.00,104200000.00,22924000000.00,23165700000.00,24480100000.00,24568500000.00
0001286139,73,8966000.00,183110000.00,206781000.00,0.048965,1304.0,116550000.00,132253000.00,50703000.00,47282000.00,373883000.00,532666000.00,511522000.00,491858000.00
0001286613,82,3413000.00,117506000.00,143957000.00,0.029045,2293.0,,,-8378000.00,4566000.00,436556000.00,427432000.00,493164000.00,486734000.00
0001286681,51,210095000.00,1112056000.00,1150594000.00,0.188925,2136.0,443147000.00,464512000.00,179076000.00,161955000.00,1737013000.00,1877619000.00,1716459000.00,1844488000.00
0001287098,87,-12295000.00,10390000.00,9651000.00,-1.183349,2607.0,8893000.00,8082000.00,-14411000.00,-8169000.00,239470000.00,229961000.00,202507000.00,194473000.00
0001287213,35,3202000.00,115067000.00,137797000.00,0.027827,842.0,28139000.00,37771000.00,-1337000.00,-994000.00,589983000.00,621040000.00,626701000.00,630291000.00
0001288403,13,-8244000.00,129867000.00,150019000.00,-0.063480,1935.0,,,-3196000.00,2551000.00,1098930000.00,1024946000.00,955807000.00,959152000.00
0001288469,36,-46094000.00,95933000.00,137188000.00,-0.480481,643.0,53831000.00,78884000.00,-11400000.00,-8872000.00,864639000.00,855281000.00,796396000.00,771267000.00
0001288847,73,-5428000.00,279705000.00,305319000.00,-0.019406,1390.0,153732000.00,170527000.00,48384000.00,63916000.00,2051214000.00,2089924000.00,1790070000.00,1865310000.00
0001289340,38,-5929000.00,7472000.00,6291000.00,-0.793496,1565.0,4064000.00,3794000.00,-1779000.00,-3442000.00,46724000.00,45705000.00,52251000.00,54030000.00
0001289419,62,114100000.00,581900000.00,644800000.00,0.196082,2115.0,,,91000000.00,91500000.00,3548900000.00,3586300000.00,3590200000.00,3986300000.00
0001289460,58,134733000.00,1447648000.00,1633166000.00,0.093070,2393.0,,,237740000.00,259080000.00,3190779000.00,3191133000.00,3549472000.00,3574730000.00
0001289490,67,388730000.00,819997000.00,856027000.00,0.474063,746.0,,,481404000.00,489855000.00,28847926000.00,28993918000.00,29264046000.00,29099370000.00
0001289848,87,32732000.00,404141000.00,451767000.00,0.080992,1803.0,,,-106827000.00,-162168000.00,1343617000.00,1363566000.00,1526683000.00,1589125000.00
0001289945,48,6018000.00,36294000.00,33226000.00,0.165813,16.0,,,2253000.00,2443000.00,217103000.00,204476000.00,206111000.00,193893000.00
0001290900,37,1408000.00,169795000.00,171495000.00,0.008292,1668.0,17793000.00,19815000.00,15172000.00,-1561000.00,424573000.00,419823000.00,391714000.00,412549000.00
0001294133,38,-7656000.00,82280000.00,85109000.00,-0.093048,1264.0,36372000.00,37863000.00,-16790000.00,-6685000.00,296185000.00,308412000.00,298625000.00,285926000.00
0001295514,20,-617789.00,513930.00,434087.00,-1.202088,2639.0,132532.00,-136263.00,-421316.00,-464418.00,2916434.00,4975551.00,4048772.00,4171503.00
0001297184,28,37293000.00,170528000.00,171171000.00,0.218691,179.0,85251000.00,70322000.00,35077000.00,47840000.00,1577470000.00,1626276000.00,1629299000.00,1648162000.00
0001297937,79,-299376.00,2002021.00,2296347.00,-0.149537,993.0,,,,,18700538.00,18270953.00,19208517.00,19215739.00
0001297989,73,78415000.00,501019000.00,570351000.00,0.156511,1222.0,193314000.00,222081000.00,3243000.00,1719000.00,1618403000.00,1676411000.00,1702235000.00,1676379000.00
0001297996,67,196861000.00,1407637000.00,1635173000.00,0.139852,883.0,,,399085000.00,532421000.00,45283616000.00,45080562000.00,49410468000.00,48859973000.00
0001299130,38,-428934000.00,37153000.00,37178000.00,-11.545070,2691.0,-1371000.00,12841000.00,-44056000.00,-44691000.00,1260447000.00,860789000.00,784083000.00,782365000.00
0001299969,65,1737000.00,12639000.00,17446000.00,0.137432,2015.0,,,543000.00,-5777000.00,64867000.00,62807000.00,84962000.00,81686000.00
0001300514,70,609000000.00,2862000000.00,3585000000.00,0.212788,2174.0,,,526000000.00,731000000.00,20666000000.00,21247000000.00,21920000000.00,21176000000.00
0001301787,50,10724000.00,709226000.00,731149000.00,0.015121,2197.0,111129000.00,116397000.00,-33908000.00,-57226000.00,1577717000.00,1633470000.00,1549279000.00,1598090000.00
0001304161,87,-98322.00,2417044.00,2702943.00,-0.040679,1863.0,818726.00,902041.00,-301590.00,-365311.00,16077494.00,13903541.00,13548426.00,11499398.00
0001306830,28,165000000.00,2389000000.00,2337000000.00,0.069067,229.0,474000000.00,468000000.00,37000000.00,76000000.00,22838000000.00,23197000000.00,21695000000.00,21735000000.00
0001307748,67,-7715000.00,73771000.00,82581000.00,-0.104580,916.0,,,20181000.00,20199000.00,2635950000.00,2605505000.00,2788647000.00,2885478000.00
0001307954,28,42000000.00,1410000000.00,1420000000.00,0.029787,239.0,201000000.00,183000000.00,-74000000.00,-53000000.00,7114000000.00,7232000000.00,7015000000.00,7131000000.00
0001308027,30,-337970.00,12657.00,6147.00,-26.702220,2706.0,4307.00,4272.00,-86042.00,-41047.00,553304.00,549903.00,452450.00,438027.00
0001308208,42,15680000.00,382390000.00,367575000.00,0.041005,2357.0,,,84308000.00,33402000.00,1786837000.00,1800205000.00,1771988000.00,1724248000.00
0001308547,67,107763000.00,369561000.00,395630000.00,0.291597,813.0,333724000.00,350899000.00,,,3158602000.00,3229036000.00,3192123000.00,3249494000.00
0001309108,73,157300000.00,636600000.00,673800000.00,0.247094,1155.0,,,-481600000.00,-330800000.00,13321600000.00,13964400000.00,14399500000.00,15425300000.00
0001309402,28,-62260000.00,601515000.00,445804000.00,-0.103505,273.0,3039000.00,87946000.00,-55041000.00,-39501000.00,1782174000.00,1666572000.00,1584887000.00,1586753000.00
0001310383,67,-144000.00,3268000.00,3041000.00,-0.044064,911.0,,,-173000.00,-37000.00,70818000.00,69845000.00,69279000.00,68360000.00
0001310630,28,-103741.00,41.00,253.00,-2530.268293,2793.0,25.00,229.00,-100870.00,-55933.00,435005.00,461819.00,212890.00,209707.00
0001311370,62,54635000.00,669164000.00,779399000.00,0.081647,2202.0,,,-217526000.00,-219267000.00,4793993000.00,4232067000.00,4936272000.00,4240648000.00
0001314102,38,-48837000.00,24453000.00,696000.00,-1.997178,1623.0,,,-53120000.00,-80549000.00,418465000.00,362564000.00,363996000.00,288217000.00
0001314196,73,-848679.00,2321536.00,1656344.00,-0.365568,1537.0,,,-155842.00,-1338207.00,12679529.00,12504191.00,12296593.00,14977308.00
0001314727,36,-61224000.00,259756000.00,281526000.00,-0.235698,623.0,113609000.00,124649000.00,,,963605000.00,792178000.00,947875000.00,839482000.00
0001315061,13,382000.00,1487000.00,1251000.00,0.256893,1773.0,,,704000.00,468000.00,13319000.00,13295000.00,12235000.00,12813000.00
0001315098,73,-255000000.00,1035000000.00,1442000000.00,-0.246377,1503.0,,,444000000.00,629000000.00,7175003000.00,7452249000.00,9557000000.00,9827000000.00
0001315257,24,27000000.00,456500000.00,455300000.00,0.059146,2535.0,,,-22700000.00,46300000.00,1890200000.00,1890800000.00,1886800000.00,1880300000.00
0001316835,52,184441000.00,3657496000.00,3287077000.00,0.050428,2429.0,1115241000.00,928966000.00,132328000.00,87454000.00,10583086000.00,11447615000.00,11237530000.00,11303094000.00
0001317630,49,242000000.00,440000000.00,473000000.00,0.550000,1771.0,,,146000000.00,183000000.00,13721000000.00,14010000000.00,14834000000.00,15205000000.00
0001317685,35,74483000.00,389573000.00,426887000.00,0.191191,760.0,145021000.00,157189000.00,45426000.00,79869000.00,2832105000.00,,2885888000.00,2887748000.00
0001317945,34,4050000.00,23330000.00,23093000.00,0.173596,2123.0,14072000.00,13085000.00,1555000.00,608000.00,105891000.00,102754000.00,104954000.00,101305000.00
0001318008,56,-19872000.00,184343000.00,193348000.00,-0.107799,2526.0,55315000.00,61343000.00,-22084000.00,-28095000.00,634881000.00,599100000.00,644171000.00,618739000.00
0001318220,49,390210000.00,2228176000.00,2370631000.00,0.175125,1953.0,,,541539000.00,545598000.00,19817809000.00,20254497000.00,21129363000.00,21186355000.00
0001318484,56,489000.00,201728000.00,230858000.00,0.002424,2377.0,,,-10969000.00,20875000.00,462769000.00,437408000.00,471171000.00,496191000.00
0001318605,37,399000000.00,19335000000.00,22387000000.00,0.020636,1666.0,3153000000.00,4720000000.00,2156000000.00,3937000000.00,122070000000.00,125111000000.00,137806000000.00,143724000000.00
0001319161,79,168000000.00,1484000000.00,1732000000.00,0.113208,952.0,,,,,9146000000.00,9568000000.00,10011000000.00,10612000000.00
0001319947,56,-7907000.00,686909000.00,696350000.00,-0.011511,2400.0,294481000.00,315318000.00,-20366000.00,-22033000.00,2009224000.00,2093318000.00,1949905000.00,1998196000.00
0001320350,38,-5790000.00,14159000.00,13428000.00,-0.408927,1496.0,,,-6938000.00,-4271000.00,66297000.00,72959000.00,71430000.00,66223000.00
0001320414,80,112745000.00,1353172000.00,1421476000.00,0.083319,986.0,,,-3457000.00,37860000.00,5607951000.00,5696003000.00,5851589000.00,6042083000.00
0001320760,87,2645000.00,98959000.00,55346000.00,0.026728,1828.0,9210000.00,8806000.00,20637000.00,-14928000.00,96568000.00,113539000.00,184935000.00,153577000.00
0001320854,37,3871000.00,96290000.00,64308000.00,0.040201,1658.0,14394000.00,10810000.00,12794000.00,-4318000.00,224216000.00,250468000.00,290049000.00,287998000.00
0001321655,73,176048000.00,883855000.00,1632583000.00,0.199182,1193.0,710885000.00,1416785000.00,310263000.00,899165000.00,6340884000.00,6736917000.00,8900392000.00,10199183000.00
0001321732,38,40350000.00,324140000.00,374758000.00,0.124483,1117.0,215883000.00,253411000.00,48970000.00,86971000.00,1533181000.00,1593307000.00,1826519000.00,1898438000.00
0001323468,51,55887000.00,4592197000.00,5321800000.00,0.012170,2289.0,255241000.00,332167000.00,-51590000.00,-104700000.00,3788198000.00,3818565000.00,3850717000.00,4312489000.00
0001323885,38,-5954000.00,123620000.00,141249000.00,-0.048164,1228.0,92628000.00,109311000.00,-11026000.00,-3996000.00,609328000.00,591631000.00,654179000.00,643988000.00
0001324404,28,455000000.00,1663000000.00,1986000000.00,0.273602,165.0,572000000.00,746000000.00,586000000.00,496000000.00,13466000000.00,13308000000.00,14088000000.00,14608000000.00
0001324424,47,-70000000.00,2988000000.00,3426000000.00,-0.023427,891.0,,,2952000000.00,3931000000.00,22388000000.00,26114000000.00,24452000000.00,26459000000.00
0001324759,28,43130.00,184492.00,43697.00,0.233777,173.0,112712.00,21985.00,-13234.00,-3420.00,222664.00,243087.00,611315.00,577926.00
0001325618,38,5432000.00,19511000.00,21979000.00,0.278407,1055.0,14843000.00,16814000.00,4292000.00,8290000.00,98326000.00,101729435.00,108776000.00,114389000.00
0001325702,36,-5278000.00,44722000.00,46208000.00,-0.118018,613.0,9362000.00,7194000.00,-4669.00,1556.00,379316000.00,373867000.00,351529000.00,335465000.00
0001325964,30,-4905381.00,22917.00,29167.00,-214.049876,2774.0,20889.00,,-3490131.00,-4061179.00,37807983.00,35639560.00,79185249.00,85913064.00
0001326110,28,-64429000.00,16517000.00,44206000.00,-3.900769,375.0,,,-85905000.00,-75359000.00,382933000.00,303759000.00,501898000.00,646637000.00
0001326200,44,-9770000.00,71269000.00,114429000.00,-0.137086,2601.0,,,2902000.00,15692000.00,1056602000.00,1038530000.00,1138108000.00,1251988000.00
0001326205,28,-1413000.00,330000.00,317000.00,-4.281818,382.0,154000.00,55000.00,-730000.00,-1223000.00,9078000.00,8747000.00,9712000.00,9185000.00
0001326380,57,-10800000.00,732400000.00,835300000.00,-0.014746,2409.0,252800000.00,340300000.00,192500000.00,337400000.00,5875400000.00,7502600000.00,10388400000.00,10974300000.00
0001326706,38,-1852000.00,1025000.00,653000.00,-1.806829,1612.0,369000.00,-55000.00,-1343000.00,-4312000.00,3629000.00,44105000.00,41124000.00,39871000.00
0001326732,28,-43183000.00,32732000.00,4516000.00,-1.319290,339.0,,,-16220000.00,-67628000.00,951945000.00,904689000.00,875495000.00,736846000.00
0001326801,73,17555000000.00,42314000000.00,56311000000.00,0.414875,1069.0,,,24026000000.00,32226000000.00,276054000000.00,280213000000.00,366021000000.00,395250000000.00
0001327567,35,219000000.00,2289000000.00,3002000000.00,0.095675,807.0,1670000000.00,2028000000.00,,,20951700000.00,22002800000.00,24979000000.00,46266000000.00
0001327811,73,39000000.00,2240000000.00,2542000000.00,0.017411,1346.0,,,457000000.00,696000000.00,17977000000.00,17212000000.00,18074000000.00,16091000000.00
0001327978,67,76676000.00,116385000.00,145135000.00,0.658813,717.0,,,201031000.00,-162598000.00,5731249000.00,5584866000.00,7268524000.00,7480613000.00
0001328581,50,54519000.00,1536494000.00,1498614000.00,0.035483,2178.0,,,-28476000.00,-15982000.00,3369383000.00,3481644000.00,3241943000.00,3341624000.00
0001329606,49,-412778.00,441940.00,783705.00,-0.934014,2618.0,411878.00,-13930.00,-776047.00,-836618.00,8684271.00,8965691.00,12412289.00,13913864.00
0001332174,62,9023634.00,11133496.00,8655661.00,0.810494,1794.0,,,-40542051.00,365590630.00,,,,
0001332349,80,29576000.00,813864000.00,764856000.00,0.036340,996.0,223087000.00,216359000.00,23402000.00,20887000.00,6335562000.00,6205691000.00,5952243000.00,5897812000.00
0001333274,26,6733000.00,506974000.00,489304000.00,0.013281,2337.0,,,-2989000.00,-85666000.00,2262932000.00,2336167000.00,2041420000.00,1963836000.00
0001333493,64,4798000.00,113119000.00,88018000.00,0.042416,2568.0,41735000.00,36732000.00,77121000.00,35765000.00,1155425000.00,1137162000.00,1262468000.00,1201107000.00
0001333822,36,110000.00,10872000.00,1064000.00,0.010118,589.0,1003000.00,6000.00,,,10400000.00,23186000.00,14231000.00,16260000.00
0001334036,30,222974000.00,937333000.00,921457000.00,0.237881,688.0,541549000.00,522945000.00,-67235000.00,-80934000.00,4812153000.00,5066116000.00,4174750000.00,4343414000.00
0001334325,38,1087684.00,7017459.00,6904012.00,0.154997,1102.0,4497281.00,4578049.00,,,56897298.00,60590144.00,65621579.00,67338780.00
0001334978,73,44990000.00,334180000.00,373864000.00,0.134628,1235.0,,,14925000.00,3229000.00,4804263000.00,3990886000.00,3828875000.00,3723456000.00
0001335258,79,114769000.00,3382117000.00,3793029000.00,0.033934,964.0,,,1321251000.00,2338835000.00,19638771000.00,21827118000.00,22912533000.00,26068092000.00
0001336047,49,244400000.00,618600000.00,623100000.00,0.395086,1829.0,,,243900000.00,245900000.00,9779400000.00,9849600000.00,10513400000.00,10109200000.00
0001336920,73,530000000.00,4245000000.00,4400000000.00,0.124853,1242.0,,,58000000.00,301000000.00,13010000000.00,13197000000.00,13493000000.00,15387000000.00
0001337013,38,618000.00,34716000.00,33684000.00,0.017802,1182.0,19167000.00,19682000.00,1780000.00,970000.00,103614000.00,104282000.00,100560000.00,98657000.00
0001337298,28,-19463000.00,17538000.00,31952000.00,-1.109762,332.0,-15188000.00,-15858000.00,-5395000.00,-19996000.00,247691000.00,233417000.00,200322000.00,178997000.00
0001337634,79,26838000.00,397607000.00,446045000.00,0.067499,959.0,,,158321000.00,298416000.00,5093585000.00,,5054053000.00,5353641000.00
0001338474,13,185000.00,625000.00,365000.00,0.296000,1759.0,,,502000.00,80000.00,5698000.00,5552000.00,5569000.00,5991000.00
0001339005,38,-5460607.00,341264.00,424889.00,-16.001122,2710.0,,,-4765214.00,-4143508.00,12445002.00,13277803.00,20724177.00,16495245.00
0001340476,73,-322000.00,41295000.00,42432000.00,-0.007798,1372.0,14542000.00,13001000.00,3684000.00,1207000.00,118220000.00,111867000.00,102504000.00,95241000.00
0001341439,73,4358000000.00,14130000000.00,17190000000.00,0.308422,1122.0,,,,,148483000000.00,161378000000.00,204984000000.00,245240000000.00
0001341766,20,52031000.00,329276000.00,782615000.00,0.158016,1969.0,172373000.00,378067000.00,103367000.00,73723000.00,1766881000.00,1859518000.00,5119621000.00,5157593000.00
0001342423,01,-3345000.00,35119000.00,23926000.00,-0.095248,1943.0,,,,,301370000.00,296627000.00,307530000.00,293848000.00
0001342916,10,-342964.00,43708.00,33821.00,-7.846710,126.0,43708.00,33821.00,,,1386058.00,1641095.00,1389564.00,1388535.00
0001342958,36,-982050.00,3124713.00,4314236.00,-0.314285,630.0,1133836.00,604047.00,-5754761.00,,27736573.00,30256336.00,19328527.00,19133867.00
0001345016,72,29460000.00,358534000.00,361457000.00,0.082168,2300.0,,,97995000.00,57816000.00,983567000.00,985203000.00,958478000.00,1013298000.00
0001345126,25,3441000.00,453775000.00,426855000.00,0.007583,2439.0,196032000.00,189358000.00,-29348000.00,23914000.00,3297422000.00,3366948000.00,3039184000.00,2963844000.00
0001347178,28,-41028000.00,50041000.00,51718000.00,-0.819888,319.0,,,-33147000.00,-50218000.00,656204000.00,631936000.00,488948000.00,433525000.00
0001348362,28,-2751012.00,174000.00,20000.00,-15.810414,432.0,174000.00,20000.00,,,9793774.00,8677570.00,6050807.00,6487303.00
0001349436,13,12189000.00,42604000.00,49777000.00,0.286100,1765.0,,,20331000.00,19759000.00,581511000.00,588259000.00,644021000.00,652130000.00
0001349706,36,-410000.00,1592000.00,1736000.00,-0.257538,625.0,730000.00,813000.00,-620000.00,-889000.00,2745000.00,2856000.00,3227000.00,4961000.00
0001350102,36,-1746430.00,15624.00,51944.00,-111.778674,2757.0,,,-1550030.00,-2020240.00,7146426.00,6172992.00,6331903.00,19754766.00
0001350593,34,69900000.00,364300000.00,384400000.00,0.191875,2109.0,128000000.00,144500000.00,,,1619200000.00,1670600000.00,1846800000.00,1884800000.00
0001351636,73,-1204000.00,28349000.00,24178000.00,-0.042471,1412.0,16594000.00,11260000.00,-141000.00,207000.00,136793000.00,136309000.00,135754000.00,125725000.00
0001352010,73,99330000.00,1301692000.00,1400061000.00,0.076308,1277.0,,,24162000.00,-36360000.00,4750473000.00,4723612000.00,4902136000.00,4703451000.00
0001352190,13,99000.00,467000.00,271000.00,0.211991,1790.0,,,357000.00,38000.00,4557000.00,4430000.00,4371000.00,4696000.00
0001352952,73,-461900.00,2283.00,87917.00,-202.321507,2775.0,2031.00,30670.00,72608.00,-118233.00,8672137.00,7374723.00,1230330.00,715272.00
0001354866,36,1696000.00,26190000.00,29049000.00,0.064758,567.0,15924000.00,17401000.00,-3777000.00,-4424000.00,71922000.00,77450000.00,84488000.00,79900000.00
0001355096,59,14000000.00,2105000000.00,1957000000.00,0.006651,484.0,719000000.00,669000000.00,-60000000.00,-189000000.00,9243000000.00,8981000000.00,7643000000.00,7075000000.00
0001355790,28,-215000.00,2129000.00,2315000.00,-0.100986,271.0,,,227000.00,121000.00,5173000.00,5624000.00,4819000.00,5133000.00
0001355839,73,-1333927.00,5518038.00,6354751.00,-0.241739,1502.0,,,1744783.00,-195712.00,15872530.00,31138424.00,26040517.00,29532933.00
0001355848,78,-3079000.00,9504000.00,7238000.00,-0.323969,2581.0,,,-1822000.00,-2856000.00,85467000.00,71701000.00,70907000.00,63569000.00
0001356090,28,-22596000.00,1341000.00,23252000.00,-16.850112,437.0,,,-16325000.00,-43827000.00,145266000.00,128787000.00,155505000.00,138627000.00
0001356115,67,5532000.00,29074000.00,22875000.00,0.190273,862.0,,,7076000.00,-498000.00,1224839000.00,1179554000.00,1074652000.00,1026646000.00
0001356576,28,-10256000.00,149824000.00,207705000.00,-0.068454,268.0,,,30599000.00,66524000.00,1368073000.00,1347290000.00,1452648000.00,1500725000.00
0001357615,16,202000000.00,2018000000.00,1923000000.00,0.100099,2303.0,300000000.00,265000000.00,98000000.00,,6663000000.00,6847000000.00,6584000000.00,6625000000.00
0001357671,45,-1996381.00,291884.00,203727.00,-6.839638,2698.0,251908.00,202298.00,-710506.00,-1308704.00,2262349.00,,18141947.00,12127759.00
0001357874,28,-22112000.00,29000.00,10838000.00,-762.482759,2786.0,,,-19052000.00,-11937000.00,136388000.00,124411000.00,154416000.00,143891000.00
0001360214,28,-11232000.00,47831000.00,44203000.00,-0.234827,284.0,32307000.00,27045000.00,19668000.00,-8992000.00,388971000.00,364164000.00,399482000.00,419543000.00
0001360442,72,-101614.00,184473.00,192898.00,-0.550834,2624.0,116967.00,126179.00,4129.00,-13443.00,1710516.00,1718693.00,2227107.00,2187663.00
0001360565,73,142000.00,5273000.00,5365000.00,0.026930,1332.0,2195000.00,2043000.00,632000.00,523000.00,15306000.00,15212000.00,12899000.00,13226000.00
0001361538,16,70400000.00,1648100000.00,1559900000.00,0.042716,2350.0,170700000.00,134700000.00,66200000.00,-122600000.00,4195900000.00,4217488000.00,4407800000.00,4213600000.00
0001361658,70,156000000.00,934000000.00,961000000.00,0.167024,2221.0,,,121000000.00,38000000.00,6735000000.00,6764000000.00,6760000000.00,6840000000.00
0001362004,87,38390000.00,487618000.00,437500000.00,0.078730,1804.0,,,-33034000.00,-3142000.00,2066353000.00,2075098000.00,2050171000.00,2052976000.00
0001362190,73,-940000.00,9733000.00,10553000.00,-0.096579,1452.0,7738000.00,8252000.00,-44000.00,1260000.00,29766000.00,33120000.00,32230000.00,35100000.00
0001362468,45,65002000.00,699074000.00,732432000.00,0.092983,2028.0,,,191406000.00,268062000.00,4429853000.00,4503862000.00,4209401000.00,4414617000.00
0001364397,13,83000.00,438000.00,255000.00,0.189498,1799.0,,,283000.00,27000.00,4363000.00,4185000.00,3579000.00,3992000.00
0001364954,82,-29002000.00,121387000.00,63262000.00,-0.238922,2579.0,67414000.00,37888000.00,24526000.00,4105000.00,868951000.00,438769000.00,278014000.00,244102000.00
0001365135,73,177400000.00,983600000.00,982700000.00,0.180358,1203.0,,,148200000.00,109000000.00,8370500000.00,8337900000.00,8305900000.00,8100200000.00
0001366868,48,-8501000.00,60032000.00,70064000.00,-0.141608,46.0,,,51864000.00,35227000.00,1710237000.00,1729151000.00,2326265000.00,2377467000.00
0001367644,28,49900000.00,222200000.00,156100000.00,0.224572,177.0,,,-11200000.00,-33800000.00,1389700000.00,1426100000.00,1318600000.00,1320400000.00
0001367993,73,-15255.00,263638.00,1017548.00,-0.057863,1424.0,38351.00,129297.00,-15351.00,655.00,29930.00,4572.00,37731.00,969733.00
0001368265,49,-126298000.00,103764000.00,117556000.00,-1.217166,2638.0,,,23428000.00,-8362000.00,1243891000.00,1116592000.00,1056716000.00,1036841000.00
0001368458,59,69373000.00,883146000.00,903382000.00,0.078552,467.0,458817000.00,475772000.00,,,2710768000.00,2705873000.00,2850778000.00,2853290000.00
0001368514,28,34881000.00,114802000.00,114493000.00,0.303836,160.0,61097000.00,80750000.00,-19675000.00,58249000.00,488678000.00,510569000.00,624242000.00,665184000.00
0001368757,67,9996000.00,20766000.00,22214000.00,0.481364,745.0,,,6750000.00,8837000.00,532799000.00,532879000.00,557560000.00,562095000.00
0001369290,38,-3520254.00,9831814.00,10113288.00,-0.358047,1480.0,6609630.00,6901606.00,-2676899.00,-2197336.00,42244079.00,40867327.00,38636573.00,36753687.00
0001369568,28,63367000.00,141421000.00,149390000.00,0.448073,148.0,,,60043000.00,59587000.00,851411000.00,908872000.00,1103979000.00,1147610000.00
0001370053,28,-27539000.00,27771000.00,25556000.00,-0.991646,325.0,,,-10700000.00,-25919000.00,483834000.00,422053000.00,364395000.00,329684000.00
0001370450,87,7036000.00,152386000.00,155114000.00,0.046172,1819.0,57661000.00,63156000.00,3311000.00,-24365000.00,464863000.00,471158000.00,544211000.00,511684000.00
0001370637,73,-3873000.00,612204000.00,631277000.00,-0.006326,1370.0,444403000.00,455598000.00,49183000.00,80742000.00,2417782000.00,2120802000.00,2827254000.00,2681053000.00
0001370946,32,407000000.00,2530000000.00,2265000000.00,0.160870,2365.0,725000000.00,510000000.00,-49000000.00,-154000000.00,14075000000.00,14266000000.00,12980000000.00,13091000000.00
0001371285,63,-1473000.00,341975000.00,384049000.00,-0.004307,2539.0,,,15964000.00,14594000.00,806853000.00,837162000.00,915044000.00,921580000.00
0001371451,28,-672423.00,35091022.00,38376992.00,-0.019162,255.0,547332.00,6472286.00,,,71949869.00,67719949.00,87400516.00,93942328.00
0001371489,87,3396000.00,59583000.00,61183000.00,0.056996,1815.0,,,978000.00,-672000.00,204515000.00,202365000.00,211001000.00,202787000.00
0001372299,28,-14501000.00,1481000.00,1533000.00,-9.791357,411.0,,,-19357000.00,-21794000.00,82442000.00,64460000.00,43516000.00,56905000.00
0001372612,73,6338000.00,276272000.00,305941000.00,0.022941,1336.0,215599000.00,243206000.00,127059000.00,140191000.00,1667520000.00,1641369000.00,1546060000.00,1421648000.00
0001373715,73,451000000.00,3088000000.00,3770000000.00,0.146049,1226.0,2437000000.00,2830000000.00,1677000000.00,1670000000.00,20383000000.00,20972000000.00,26038000000.00,24381000000.00
0001374567,25,-1000.00,5846000.00,6549000.00,-0.000171,2452.0,1603000.00,1836000.00,,,9486000.00,9076000.00,11141000.00,11176000.00
0001374881,50,442387.00,1446847.00,820780.00,0.305759,2021.0,802496.00,301142.00,,,2540233.00,2681956.00,2135512.00,2399250.00
0001375365,35,146780000.00,4599913000.00,10243014000.00,0.031909,839.0,440218000.00,1018680000.00,,,9728348000.00,10738525000.00,28001610000.00,23452029000.00
0001376139,29,-131000000.00,1646000000.00,1980000000.00,-0.079587,2551.0,,,-195000000.00,64000000.00,4263000000.00,4251000000.00,3706000000.00,3861000000.00
0001376231,73,-275517.00,933328.00,580071.00,-0.295198,1520.0,220942.00,138574.00,-333358.00,2574493.00,2753410.00,2325524.00,1593684.00,4067822.00
0001376321,73,-579000.00,1652000.00,383000.00,-0.350484,1532.0,160000.00,27000.00,-984000.00,-292000.00,9686000.00,9541000.00,9678000.00,9463000.00
0001376339,38,8251000.00,88205000.00,58991000.00,0.093543,1133.0,71647000.00,41623000.00,5299000.00,1879000.00,263915000.00,270420000.00,342653000.00,308676000.00
0001376793,07,-228000.00,122000.00,3000.00,-1.868852,2583.0,97000.00,3000.00,,,718000.00,576000.00,55000.00,66000.00
0001377149,36,-134710.00,2239347.00,2191342.00,-0.060156,605.0,,,267881.00,-126166.00,3621587.00,3913633.00,4640595.00,4791231.00
0001377630,73,-23900000.00,34900000.00,34000000.00,-0.684814,1572.0,,,6000000.00,18100000.00,568600000.00,503800000.00,490600000.00,468700000.00
0001378325,38,-5382000.00,2783000.00,2792000.00,-1.933884,1616.0,1494000.00,1329000.00,-4986000.00,-6066000.00,16803000.00,,18164000.00,25945000.00
0001378590,73,-745000.00,3875000.00,3917000.00,-0.192258,1491.0,2616000.00,2520000.00,,,15545000.00,17019000.00,15736000.00,15324000.00
0001378950,55,-15146000.00,147378000.00,131961000.00,-0.102770,1936.0,47347000.00,42942000.00,5505000.00,7261000.00,210574000.00,216455000.00,184856000.00,191562000.00
0001380106,38,-11661000.00,7205000.00,8002000.00,-1.618459,1607.0,404000.00,371000.00,-9065000.00,-15058000.00,98169000.00,85434000.00,74852000.00,62363000.00
0001381531,26,66000000.00,1860000000.00,1678000000.00,0.035484,2319.0,,,32000000.00,-43000000.00,7316000000.00,7307000000.00,6658000000.00,6592000000.00
0001382101,28,-68514000.00,17399000.00,14523000.00,-3.937813,376.0,,,-67883000.00,-42259000.00,387207000.00,321430000.00,173830000.00,241988000.00
0001382574,28,-3571317.00,10258.00,56325.00,-348.149444,2780.0,673.00,53850.00,-2956457.00,-2919255.00,104853805.00,84178330.00,84178330.00,80661705.00
0001383312,73,344900000.00,1811700000.00,1953600000.00,0.190374,1200.0,,,,,8230600000.00,8299600000.00,8639500000.00,8779200000.00
0001383650,49,826000000.00,2989000000.00,3600000000.00,0.276347,1895.0,,,665000000.00,910000000.00,17453000000.00,17094000000.00,17437000000.00,17106000000.00
0001384101,80,2904000.00,114473000.00,139071000.00,0.025368,998.0,79508000.00,101159000.00,5362000.00,35215000.00,1300035000.00,1315411000.00,1406019000.00,1436400000.00
0001384195,13,22355881.00,79091207.00,73671664.00,0.282659,1767.0,,,28371008.00,25894701.00,1408099474.00,1505610274.00,1411899249.00,1254715354.00
0001384905,73,10340000.00,612056000.00,644199000.00,0.016894,1347.0,431606000.00,464769000.00,149662000.00,164046000.00,1779873000.00,1631592000.00,1481455000.00,1421629000.00
0001385157,50,748000000.00,4143000000.00,4744000000.00,0.180545,2081.0,1459000000.00,1745000000.00,,,22441000000.00,23656000000.00,25552000000.00,25679000000.00
0001385662,13,116000.00,517000.00,300000.00,0.224371,1784.0,,,392000.00,40000.00,5161000.00,5006000.00,3767000.00,4260000.00
0001385818,28,2421000.00,18452000.00,12411000.00,0.131205,201.0,12806000.00,7599000.00,,,116227000.00,124201000.00,122000000.00,111689000.00
0001385849,14,-26193000.00,16898000.00,35838000.00,-1.550065,515.0,,,-18831000.00,8323000.00,611969000.00,650792000.00,1411852000.00,1458663000.00
0001386044,61,-162980.00,109332.00,2224925.00,-1.490689,116.0,68232.00,778728.00,,,44698089.00,,33216657.00,30902578.00
0001386278,61,60745000.00,558874000.00,656247000.00,0.108692,83.0,,,108721000.00,95061000.00,5434282000.00,5727885000.00,5985236000.00,6650615000.00
0001386301,73,556922.00,12661363.00,12121561.00,0.043986,1310.0,6267080.00,6265532.00,,,42788993.00,45227380.00,44243880.00,45945915.00
0001386570,28,4772000.00,30481000.00,31474000.00,0.156557,189.0,19331000.00,19976000.00,7883000.00,-1194000.00,68278000.00,81337000.00,106406000.00,114329000.00
0001387467,36,-10658000.00,164635000.00,163792000.00,-0.064737,606.0,35177000.00,34530000.00,,,1133944000.00,1116368000.00,1002293000.00,976413000.00
0001388295,73,-929533.00,128518.00,180117.00,-7.232707,2645.0,128518.00,114557.00,-616575.00,-32378.00,314847.00,179231.00,123780.00,245199.00
0001388658,38,-32556000.00,158677000.00,199390000.00,-0.205172,1378.0,109216000.00,141353000.00,-7891000.00,-26173000.00,931449000.00,926098000.00,1020042000.00,1006365000.00
0001389170,49,543300000.00,4561500000.00,4094700000.00,0.119106,1980.0,,,954400000.00,739500000.00,22734100000.00,22800300000.00,25218400000.00,27107300000.00
0001391135,28,-328386.00,9123850.00,9158206.00,-0.035992,261.0,2217393.00,-1706080.00,351751.00,458860.00,47619830.00,47757736.00,19272548.00,14451380.00
0001392380,28,-20139000.00,29109000.00,42948000.00,-0.691848,314.0,,,-24048000.00,-21140000.00,583941000.00,718929000.00,718929000.00,653503000.00
0001392694,48,-7579902.00,10577429.00,15983983.00,-0.716611,54.0,,,-6963484.00,-4550799.00,23976005.00,15664039.00,8515846.00,9501458.00
0001393052,73,233732000.00,759043000.00,882948000.00,0.307930,1124.0,585219000.00,662024000.00,877158000.00,1127116000.00,7339756000.00,7765077000.00,8979343000.00,9129558000.00
0001393311,67,464006000.00,1183184000.00,1217741000.00,0.392167,765.0,,,705063000.00,694801000.00,19754934000.00,19615446000.00,20208604000.00,19850409000.00
0001393434,28,-63917000.00,10698000.00,10785000.00,-5.974668,398.0,,,-44671000.00,-65993000.00,457935000.00,405920000.00,808057000.00,732529000.00
0001393584,73,-30411000.00,66833000.00,54883000.00,-0.455030,1552.0,,,-25108000.00,-983000.00,435968000.00,419468000.00,323787000.00,325967000.00
0001393781,35,-947122.00,3621473.00,3665660.00,-0.261529,912.0,955386.00,1000600.00,-334816.00,-309650.00,18109284.00,18303335.00,16619371.00,16899810.00
0001393883,73,-9281000.00,32301000.00,29693000.00,-0.287329,1514.0,,,2248000.00,8411000.00,221371000.00,212069000.00,188243000.00,191996000.00
0001394056,35,-2351191.00,5206810.00,8069610.00,-0.451561,922.0,2369210.00,4167559.00,-1135596.00,,36933982.00,37105793.00,52821543.00,51172447.00
0001394638,82,-238664.00,210665.00,377522.00,-1.132908,2650.0,29576.00,54797.00,,,1067861.00,1000000.00,544929.00,250180.00
0001395937,28,-83757000.00,20042000.00,64864000.00,-4.179074,379.0,,,-95162000.00,-50345000.00,724816000.00,640707000.00,529706000.00,472668000.00
0001395942,55,51700000.00,460100000.00,527900000.00,0.112367,1817.0,,,122600000.00,159600000.00,4622300000.00,4806400000.00,4724300000.00,4899500000.00
0001396009,14,226400000.00,1634600000.00,1755900000.00,0.138505,511.0,365300000.00,422700000.00,251500000.00,241100000.00,17104800000.00,16712100000.00,16700400000.00,16672900000.00
0001396536,73,-1789628.00,4952185.00,2722027.00,-0.361381,1536.0,1313659.00,1610368.00,-4673425.00,-1361911.00,34958677.00,34087340.00,63409415.00,122917062.00
0001396814,28,1990000.00,168923000.00,177376000.00,0.011781,247.0,,,35459000.00,25680000.00,1553516000.00,1586669000.00,1264917000.00,1208534000.00
0001397016,38,2237000.00,10730000.00,9627000.00,0.208481,1076.0,3361000.00,3392000.00,,,24806000.00,27477000.00,30211000.00,30860000.00
0001397183,73,-835559.00,1474576.00,1494174.00,-0.566644,1563.0,288211.00,495208.00,-125966.00,-927120.00,5179516.00,4528325.00,6427790.00,7858491.00
0001397187,23,438625000.00,2370660000.00,2471603000.00,0.185022,2338.0,1383126000.00,1338818000.00,-118954000.00,214440000.00,7603292000.00,7430543000.00,8456743000.00,8531441000.00
0001398659,87,183702000.00,1214926000.00,1296072000.00,0.151204,1775.0,428994000.00,471668000.00,40436000.00,-23535000.00,4987153000.00,4894958000.00,5843267000.00,5617239000.00
0001398733,28,-19365000.00,8720000.00,14446000.00,-2.220757,354.0,,,-23400000.00,-14806000.00,101424000.00,102234000.00,160425000.00,141125000.00
0001398805,36,-15544000.00,6324000.00,3128000.00,-2.457938,667.0,501000.00,-415000.00,-1760000.00,-2268000.00,61459000.00,46755000.00,42732000.00,39952000.00
0001399520,58,10729000.00,211129000.00,212816000.00,0.050817,2455.0,,,8540000.00,21667000.00,960080000.00,956022000.00,884196000.00,877208000.00
0001400891,48,-25434000.00,807101000.00,884200000.00,-0.031513,37.0,,,-60944000.00,-92540000.00,5571696000.00,5268093000.00,5126003000.00,4887856000.00
0001401257,35,8804000.00,193279000.00,208700000.00,0.045551,830.0,58361000.00,60991000.00,9326000.00,1627000.00,815954000.00,790110000.00,752455000.00,763065000.00
0001401521,63,25124000.00,72202000.00,71224000.00,0.347968,2168.0,,,26443000.00,-5736000.00,1216112000.00,1159646000.00,1072732000.00,997006000.00
0001401667,28,3984000.00,46007000.00,44814000.00,0.086596,218.0,,,3612000.00,15416000.00,213333000.00,196181000.00,216302000.00,192699000.00
0001401914,28,-4581118.00,25427.00,152455.00,-180.167460,2761.0,,,-5470543.00,-5520644.00,22101131.00,18618941.00,32474563.00,27828414.00
0001402057,59,361400000.00,5199100000.00,5679800000.00,0.069512,468.0,1122300000.00,1190000000.00,287200000.00,274800000.00,14678400000.00,15018500000.00,16028200000.00,16453400000.00
0001402328,28,-1295750.00,8901341.00,8088765.00,-0.145568,277.0,2730426.00,2180990.00,-1695002.00,-2072100.00,30560392.00,29187105.00,30079167.00,27930375.00
0001402436,73,357900000.00,1513900000.00,1647100000.00,0.236409,1161.0,747100000.00,801800000.00,272200000.00,299700000.00,19044700000.00,20404900000.00,20711700000.00,20327700000.00
0001402829,16,833000.00,188653000.00,216301000.00,0.004416,2407.0,23015000.00,25879000.00,-3443000.00,4925000.00,417317000.00,414652000.00,414652000.00,478723000.00
0001403161,73,5435000000.00,9594000000.00,11230000000.00,0.566500,1044.0,,,,,91888000000.00,92853000000.00,96814000000.00,95049000000.00
0001403568,59,401777000.00,2848367000.00,3163857000.00,0.141055,461.0,1114219000.00,1267620000.00,220021000.00,261894000.00,6001693000.00,5986689000.00,6999294000.00,6895245000.00
0001404655,73,-27480000.00,714137000.00,880995000.00,-0.038480,1406.0,599030000.00,735301000.00,161570000.00,198825000.00,3795833000.00,3896316000.00,3854151000.00,3829258000.00
0001404804,37,-10756.00,359746.00,155597.00,-0.029899,1674.0,140968.00,80613.00,-109115.00,19107.00,1116455.00,1054462.00,754386.00,889321.00
0001405495,67,131832000.00,210507000.00,205416000.00,0.626259,721.0,,,-19989000.00,16081000.00,1835529000.00,1861844000.00,2064290000.00,2071198000.00
0001406666,48,-6081000.00,220242000.00,279984000.00,-0.027611,36.0,122708000.00,159296000.00,17212000.00,14634000.00,939267000.00,917119000.00,1058522000.00,951408000.00
0001407704,79,-74470.00,27487.00,49192.00,-2.709281,1534.0,16423.00,8225.00,-48202.00,-84926.00,4552.00,2750.00,106213.00,95449.00
0001408075,26,221000000.00,2120000000.00,2156000000.00,0.104245,2249.0,,,-174000000.00,-113000000.00,11144000000.00,11497000000.00,11775000000.00,11690000000.00
0001408198,73,377000000.00,745800000.00,850800000.00,0.505497,1049.0,,,301700000.00,306800000.00,5445439000.00,5344374000.00,5702500000.00,5545300000.00
0001408710,36,78856000.00,871799000.00,1214293000.00,0.090452,558.0,102183000.00,144339000.00,,,2542405000.00,2619301000.00,3268598000.00,3508986000.00
0001409171,59,-5735000.00,594336000.00,522381000.00,-0.009649,486.0,90935000.00,89283000.00,6195000.00,-23092000.00,1813938000.00,1797687000.00,1616928000.00,1614774000.00
0001409947,13,128000.00,796000.00,464000.00,0.160804,1811.0,,,494000.00,11000.00,6875000.00,6640000.00,6486000.00,7031000.00
0001410098,28,20125000.00,39081657.00,127427000.00,0.514947,145.0,37485000.00,105122000.00,19737000.00,42382000.00,118846000.00,149582766.00,826142000.00,815637000.00
0001410384,73,2189000.00,189735000.00,216506000.00,0.011537,1355.0,100990000.00,127914000.00,43531000.00,56321000.00,1294795000.00,1349856000.00,1276277000.00,1246347000.00
0001410428,72,-3158000.00,7023000.00,6638000.00,-0.449665,2613.0,1319000.00,2353000.00,-4178000.00,-4602000.00,25352000.00,24827000.00,11217000.00,24992000.00
0001410636,49,371000000.00,1134000000.00,1203000000.00,0.327160,1869.0,,,331000000.00,305000000.00,32830000000.00,33156000000.00,35442000000.00,35264000000.00
0001411057,87,-129234.00,14931.00,11205.00,-8.655415,2704.0,-4465.00,8160.00,,,,14886.00,22131.00,1544.00
0001411207,37,249000000.00,766000000.00,1406000000.00,0.325065,1614.0,378000000.00,406000000.00,181000000.00,156000000.00,5336000000.00,5366000000.00,6082000000.00,8703000000.00
0001411579,78,-145900000.00,862500000.00,1045400000.00,-0.169159,2432.0,,,-370000000.00,-128500000.00,8247500000.00,8053000000.00,8017800000.00,7684800000.00
0001411690,38,-8465000.00,6457000.00,6687000.00,-1.310980,1598.0,,,-2764000.00,-5716000.00,76670000.00,78414000.00,73584000.00,64804000.00
0001412408,73,-3287000.00,115936000.00,130935000.00,-0.028352,1397.0,,,14850000.00,23922000.00,388415000.00,400395000.00,663790000.00,666141000.00
0001412502,67,5689000.00,42180000.00,44147000.00,0.134874,884.0,,,3325000.00,12819000.00,937772000.00,941184000.00,978628000.00,1003311000.00
0001413329,21,3544000000.00,9301000000.00,10146000000.00,0.381034,2177.0,6270000000.00,6905000000.00,-350000000.00,-399000000.00,61784000000.00,65079000000.00,69185000000.00,68913000000.00
0001413447,36,723000000.00,2835000000.00,3181000000.00,0.255026,531.0,1560000000.00,1788000000.00,565000000.00,793000000.00,24385000000.00,25180000000.00,26560000000.00,27113000000.00
0001414382,35,-9162.00,175.00,790.00,-52.354286,2743.0,120.00,593.00,,,20025.00,19192.00,41943.00,22819.00
0001414953,20,89565.00,817748.00,961484.00,0.109526,1997.0,320743.00,493634.00,-70867.00,38848.00,576162.00,1009080.00,1191046.00,1203289.00
0001415404,48,-88132000.00,3869758000.00,3667489000.00,-0.022775,35.0,,,206755000.00,238284000.00,60938687000.00,60571527000.00,43016355000.00,41375692000.00
0001417663,38,601000.00,9333000.00,9619000.00,0.064395,1147.0,7375000.00,7431000.00,-1517000.00,397000.00,30119000.00,30855000.00,37343000.00,37097000.00
0001417926,38,-1199528.00,1637185.00,2015225.00,-0.732677,1562.0,,,-3545534.00,-1916575.00,46077014.00,31744110.00,20220124.00,24656147.00
0001418121,67,50859000.00,327702000.00,337741000.00,0.155199,877.0,,,49139000.00,48857000.00,4969920000.00,4948178000.00,4902178000.00,4894225000.00
0001418135,20,801000000.00,3635000000.00,3976000000.00,0.220358,1945.0,1985000000.00,2098000000.00,209000000.00,281000000.00,53430000000.00,53699000000.00,55459000000.00,73140000000.00
0001418819,48,60388000.00,214878000.00,219057000.00,0.281034,4.0,,,61081000.00,71615000.00,2671471000.00,2610341000.00,2531009000.00,2532289000.00
0001419275,87,-4401000.00,2769000.00,2535000.00,-1.589382,2637.0,1369000.00,1121000.00,-15581000.00,-2065000.00,122276000.00,108073000.00,13101000.00,9899000.00
0001419612,36,-102726000.00,219480000.00,310501000.00,-0.468043,641.0,17536000.00,68281000.00,33823000.00,24428000.00,2646453000.00,2525173000.00,2182194000.00,2260508000.00
0001419793,35,-930951.00,1404671.00,2002880.00,-0.662754,927.0,504654.00,554128.00,-221342.00,1512492.00,4990539.00,4081087.00,5746408.00,5065164.00
0001419951,73,-716138.00,312744.00,346707.00,-2.289854,1686.0,140777.00,186019.00,-1099807.00,-1778062.00,25280215.00,26930730.00,43022474.00,11753446.00
0001420520,36,-5463000.00,4000.00,11000.00,-1365.750000,2789.0,4000.00,-115000.00,-4782000.00,-4607000.00,29124000.00,26252000.00,21093000.00,43621000.00
0001420800,38,-46769000.00,558834000.00,589151000.00,-0.083690,1256.0,332229000.00,365485000.00,-1596000.00,23951000.00,4718777000.00,4875034000.00,3834737000.00,3832256000.00
0001421517,35,-12562000.00,8065000.00,9706000.00,-1.557595,936.0,4458000.00,2702000.00,10678000.00,21037000.00,242792000.00,225394000.00,231514000.00,208988000.00
0001422143,28,-64700000.00,14108000.00,18265000.00,-4.586050,385.0,,,-71927000.00,-85854000.00,760159000.00,743764000.00,738363000.00,652551000.00
0001422892,47,-1181764.00,363070.00,403684.00,-3.254921,1023.0,302763.00,49832.00,,,19119339.00,18389538.00,21621799.00,21918929.00
0001422930,73,-11903000.00,63825000.00,62567000.00,-0.186494,1488.0,38237000.00,36473000.00,15621000.00,17295000.00,739519000.00,668602000.00,680195000.00,659441000.00
0001423221,33,40921000.00,452478000.00,462367000.00,0.090438,2480.0,,,,,2220489000.00,2308266000.00,1978163000.00,1993175000.00
0001423902,49,409803000.00,917116000.00,1123579000.00,0.446839,1808.0,,,530793000.00,469903000.00,13144785000.00,12456877000.00,14998420000.00,14924502000.00
0001424768,38,-12806.00,436378.00,458540.00,-0.029346,1218.0,358534.00,375153.00,-26909.00,99422.00,998117.00,940831.00,830420.00,854071.00
0001424929,37,-250587000.00,355030000.00,368657000.00,-0.705819,1695.0,109679000.00,106388000.00,680000.00,-16061000.00,2234788000.00,1938489000.00,1671749000.00,1661797000.00
0001425205,28,-121221000.00,49324000.00,71430000.00,-2.457647,357.0,,,-103694000.00,-72074000.00,910426000.00,966740000.00,913170000.00,925665000.00
0001425287,37,-9079000.00,1145000.00,4329000.00,-7.929258,2681.0,-1079000.00,-7482000.00,-12487000.00,-16515000.00,37408000.00,115483951.00,117892000.00,102736000.00
0001425292,28,34589000.00,142866000.00,180048000.00,0.242108,169.0,,,55391000.00,75775000.00,1018724000.00,1013954000.00,969455000.00,1018184000.00
0001425355,61,560746.00,778027.00,593897.00,0.720728,71.0,,,-3646585.00,-1799772.00,20473436.00,19849016.00,190365000.00,118746058.00
0001425450,38,-10981000.00,52411000.00,59362000.00,-0.209517,1386.0,38262000.00,43390000.00,-4156000.00,-3287000.00,473209000.00,470250000.00,508630000.00,502190000.00
0001425627,27,-1953107.00,86617.00,79003.00,-22.548772,2728.0,50964.00,44918.00,-1705497.00,-2591201.00,11171203.00,12686819.00,6621222.00,3785714.00
0001427570,28,-198998.00,198581.00,31591.00,-1.002100,326.0,154419.00,16645.00,-203533.00,-1435964.00,1381561.00,1443083.00,6497177.00,10185446.00
0001428336,73,83078000.00,330844000.00,354641000.00,0.251109,1154.0,224311000.00,256312000.00,64738000.00,97526000.00,3448550000.00,3416273000.00,3380332000.00,3306186000.00
0001428439,48,-57730000.00,1020672000.00,1248879000.00,-0.056561,39.0,445045000.00,564936000.00,138732000.00,199140000.00,4303933000.00,4179874000.00,4433483000.00,4352634000.00
0001429260,28,-22317000.00,13139000.00,16038000.00,-1.698531,348.0,,,-19563000.00,203851000.00,144223000.00,178071000.00,185548000.00,356874000.00
0001429393,36,-1380413.00,430087.00,940466.00,-3.209613,673.0,104289.00,444751.00,-707142.00,-49503.00,3397110.00,3459184.00,3112234.00,5859719.00
0001429764,36,-21381000.00,20718000.00,20779000.00,-1.032001,657.0,7069000.00,6639000.00,-13026000.00,671000.00,215026000.00,199078000.00,147453000.00,133164000.00
0001430306,28,-16054000.00,2429000.00,6878000.00,-6.609304,400.0,,,-16579000.00,-42318000.00,162890000.00,192870000.00,277171000.00,257912000.00
0001432133,73,-1577000.00,46984000.00,44626000.00,-0.033565,1401.0,32736000.00,32108000.00,-1047000.00,656000.00,181305000.00,172798000.00,164697000.00,159766000.00
0001433195,73,33783000.00,217702000.00,262214000.00,0.155180,1223.0,,,38465000.00,34298000.00,626678000.00,564733000.00,688967000.00,580560000.00
0001433270,13,271472000.00,1352707000.00,1945126000.00,0.200688,1796.0,,,457739000.00,859058000.00,13010050000.00,13049321000.00,13245407000.00,15349446000.00
0001433551,50,-455226.00,197940.00,334766.00,-2.299818,2666.0,-384955.00,-78936.00,,,4715159.00,4462563.00,4970474.00,4951094.00
0001433607,38,-11460000.00,1529000.00,3398000.00,-7.495095,2647.0,292000.00,687000.00,-8792000.00,-12337000.00,46807000.00,38672000.00,69404000.00,56471000.00
0001433660,35,-33000000.00,854000000.00,936000000.00,-0.038642,868.0,,,34000000.00,119000000.00,3413800000.00,7999300000.00,8191000000.00,8163000000.00
0001434070,13,379000.00,1304000.00,1145000.00,0.290644,1761.0,,,481000.00,441000.00,10857000.00,10873000.00,10328000.00,10744000.00
0001434316,28,-41280000.00,1629000.00,1299000.00,-25.340700,451.0,,,-33809000.00,-30822000.00,440694000.00,398670000.00,318937000.00,284916000.00
0001434588,82,88023000.00,289310000.00,308760000.00,0.304251,2080.0,,,67631000.00,88208000.00,1018425000.00,1031448000.00,992305000.00,967894000.00
0001434621,61,-7109000.00,239728000.00,327267000.00,-0.029654,95.0,78981000.00,100757000.00,-210000.00,11552000.00,767674000.00,777103000.00,855692000.00,863884000.00
0001434728,49,1255000.00,12457000.00,13286000.00,0.100747,1989.0,,,7477000.00,4475000.00,405137000.00,443918000.00,482913000.00,485093000.00
0001434868,28,-22096000.00,64995000.00,80104000.00,-0.339965,292.0,,,-22628000.00,-27722000.00,343821000.00,324029000.00,465886000.00,462529000.00
0001435064,17,4616824.00,27250269.00,18061367.00,0.169423,2203.0,12165455.00,6847204.00,,,46689423.00,46237150.00,60330549.00,70736374.00
0001436126,87,-1012000.00,161615000.00,169034000.00,-0.006262,1838.0,40892000.00,44732000.00,5645000.00,2809000.00,523038000.00,526789000.00,578781000.00,572670000.00
0001436208,24,11591000.00,35670000.00,34366000.00,0.324951,2237.0,,,4908000.00,6951000.00,534194000.00,544606000.00,580337000.00,591472000.00
0001437107,48,-37000000.00,8979000000.00,8893000000.00,-0.004121,32.0,,,553000000.00,-208000000.00,104560000000.00,101679000000.00,100085000000.00,97837000000.00
0001437226,87,-1853000.00,48317000.00,41083000.00,-0.038351,1862.0,12892000.00,11025000.00,-2922000.00,-3162000.00,111484000.00,110076000.00,111840000.00,107994000.00
0001437402,28,-36349000.00,74114000.00,94473000.00,-0.490447,302.0,,,-38457000.00,-32237000.00,435754000.00,410194000.00,501604000.00,504507000.00
0001437578,83,62272000.00,665527000.00,712222000.00,0.093568,2451.0,155737000.00,163490000.00,86178000.00,107721000.00,3850319000.00,3823357000.00,3889603000.00,3791740000.00
0001437750,61,-378895.00,8226.00,705.00,-46.060661,368.0,-3640.00,-24278.00,,,224165.00,1028163.00,680255.00,670303.00
0001437925,73,-106017.00,42723053.00,50103870.00,-0.002481,1367.0,24195961.00,28144240.00,7739637.00,5155437.00,213717593.00,213953767.00,118078800.00,111867270.00
0001438133,38,-120878000.00,234422000.00,247221000.00,-0.515643,1525.0,118407000.00,136788000.00,-18278000.00,11054000.00,967658000.00,922143000.00,881112000.00,1153394000.00
0001438231,73,-12079000.00,9368000.00,7579000.00,-1.289389,1602.0,6085000.00,4537000.00,-5486000.00,-1847000.00,75766000.00,66520000.00,52958000.00,48510000.00
0001438423,36,-1932000.00,13138000.00,14872000.00,-0.147054,616.0,6753000.00,7843000.00,1440000.00,570000.00,77789000.00,80230000.00,84609000.00,83191000.00
0001438472,62,22293000.00,327077000.00,369690000.00,0.068158,2220.0,91884000.00,128593000.00,11191000.00,60874000.00,973651000.00,,1259425000.00,1444180000.00
0001438533,28,-42674000.00,81732000.00,127199000.00,-0.522121,306.0,,,-42194000.00,-40366000.00,594125000.00,548799000.00,605191000.00,555188000.00
0001438943,16,-591407.00,695701.00,915380.00,-0.850088,2642.0,3851.00,,-428101.00,-982050.00,6192715.00,54448319.00,123236692.00,121974746.00
0001439222,28,-106629000.00,8726000.00,20746000.00,-12.219688,421.0,,,-111489000.00,-118920000.00,1663199000.00,1555518000.00,1297225000.00,1184990000.00
0001439264,61,62240.00,641023.00,803742.00,0.097095,84.0,322019.00,473066.00,176329.00,374329.00,4035441.00,4412871.00,5835969.00,5467872.00
0001439288,35,63400000.00,388800000.00,433000000.00,0.163066,775.0,181000000.00,205800000.00,42900000.00,46100000.00,2648500000.00,2608300000.00,2679400000.00,2684400000.00
0001439725,80,-9136000.00,17958000.00,25555000.00,-0.508743,1031.0,,,-8602000.00,-10168000.00,97244000.00,86241000.00,87476000.00,94637000.00
0001441236,26,-4000000.00,378200000.00,360300000.00,-0.010576,2363.0,,,1500000.00,500000.00,1679200000.00,1633900000.00,1588300000.00,1569800000.00
0001441683,73,-834000.00,166426000.00,202180000.00,-0.005011,1369.0,122386000.00,147769000.00,44966000.00,48827000.00,621039000.00,592899000.00,691395000.00,623363000.00
0001441816,73,-53554000.00,549014000.00,687616000.00,-0.097546,1453.0,390973000.00,496175000.00,109929000.00,201631000.00,3430293000.00,3624420000.00,3758848000.00,3692691000.00
0001442145,73,330100000.00,753000000.00,782600000.00,0.438380,1061.0,,,444700000.00,390400000.00,4264700000.00,5122100000.00,6195500000.00,4598400000.00
0001442236,49,-8161000.00,68430000.00,61735000.00,-0.119261,2105.0,10931000.00,9665000.00,-1058000.00,190000.00,175645000.00,165659000.00,145551000.00,147981000.00
0001443863,80,-937946.00,134899.00,214539.00,-6.952950,1729.0,,,-689623.00,-432971.00,385941.00,6801082.00,2147212.00,2324865.00
0001445305,73,-24750000.00,206280000.00,247306000.00,-0.119983,1464.0,157938000.00,198761000.00,-7358000.00,26476000.00,1368469000.00,1293634000.00,1493571000.00,1425378000.00
0001446847,28,-29108000.00,41143000.00,106506000.00,-0.707484,315.0,,,19954000.00,5121000.00,350908000.00,327213000.00,396901000.00,434566000.00
0001447028,28,-25699000.00,1764000.00,179126000.00,-14.568594,428.0,,,-13391000.00,-8110000.00,131707000.00,117010000.00,94618000.00,277164000.00
0001447362,80,-27928000.00,87988000.00,83679000.00,-0.317407,1026.0,,,-6036000.00,-22129000.00,531235000.00,501715000.00,578556000.00,547805000.00
0001447669,73,23082000.00,1172463000.00,1406907000.00,0.019687,1341.0,581567000.00,684244000.00,191042000.00,153206000.00,9865472000.00,9814715000.00,9770890000.00,9576805000.00
0001448431,73,-2102000.00,21928000.00,19844000.00,-0.095859,1451.0,13344000.00,,3864000.00,-467000.00,171168000.00,167768000.00,176918000.00,167264000.00
0001449349,38,-863532.00,26748.00,36068.00,-32.283984,2736.0,-9083.00,-8018.00,-455198.00,-429861.00,2233456.00,3301867.00,1867583.00,2950505.00
0001449792,36,-2346000.00,6217000.00,4010000.00,-0.377352,632.0,148000.00,582000.00,1502000.00,-887000.00,65951000.00,47476000.00,35455000.00,33021000.00
0001450704,49,-6442481.00,37340291.00,19458110.00,-0.172534,2144.0,4758434.00,5723230.00,-35.00,-3315302.00,241040684.00,248206910.00,113492931.00,111790673.00
0001451505,13,64000000.00,906000000.00,1081000000.00,0.070640,1856.0,,,26000000.00,164000000.00,19371000000.00,19019000000.00,15642000000.00,15151000000.00
0001451809,36,-28108000.00,60314000.00,113567000.00,-0.466028,639.0,30336000.00,66955000.00,15034000.00,31185000.00,884959000.00,872105000.00,1294699000.00,1292857000.00
0001453593,38,1063000.00,32904000.00,20884000.00,0.032306,1173.0,20243000.00,11971000.00,1278000.00,-2114000.00,93837000.00,95833000.00,94145000.00,78000000.00
0001453687,28,-21889000.00,1100000.00,78000.00,-19.899091,441.0,,,-23108000.00,-22135000.00,435023000.00,409130000.00,296411000.00,288391000.00
0001454938,73,-44436000.00,286357000.00,265983000.00,-0.155177,1475.0,82650000.00,83616000.00,-966000.00,-34871000.00,549213000.00,1688040000.00,1327974000.00,1201762000.00
0001455863,67,22217000.00,628980000.00,629870000.00,0.035322,904.0,,,30202000.00,39868000.00,7735954000.00,7825379000.00,8121598000.00,8083640000.00
0001456189,37,1429282.00,15367864.00,19507486.00,0.093005,1639.0,6721013.00,8574427.00,768124.00,4550476.00,46488946.00,45343500.00,52045957.00,49557740.00
0001457919,13,46000.00,436000.00,254000.00,0.105505,1833.0,,,280000.00,-25000.00,4230000.00,4137000.00,3828000.00,4151000.00
0001459200,73,29647000.00,238822000.00,265193000.00,0.124138,1243.0,,,24057000.00,50635000.00,2038208000.00,2077431000.00,2136591000.00,1643637000.00
0001459839,38,-7480000.00,47290000.00,52588000.00,-0.158173,1322.0,37695000.00,41944000.00,-4911000.00,-2362000.00,230437000.00,227280000.00,238555000.00,242718000.00
0001460329,73,-7076000.00,55210000.00,44852000.00,-0.128165,1467.0,,,2112000.00,5112000.00,93617000.00,77494000.00,89133000.00,72271000.00
0001462056,73,-8771000.00,34613000.00,38666000.00,-0.253402,1506.0,19256000.00,23529000.00,4943000.00,3360000.00,168558000.00,170164000.00,191826000.00,192666000.00
0001462223,73,-3826000.00,1262000.00,29094000.00,-3.031696,1699.0,,,-1839000.00,-385000.00,6956000.00,11772295.00,13181000.00,15588000.00
0001462418,73,3245000.00,43439000.00,47584000.00,0.074702,1280.0,13325000.00,13111000.00,-4972000.00,4453000.00,143606000.00,145659000.00,139801000.00,142154000.00
0001463000,01,-709401.00,7150183.00,9155658.00,-0.099214,1947.0,3363747.00,3957634.00,-1004580.00,2534524.00,45638098.00,,62736536.00,65842240.00
0001463101,36,31922000.00,356084000.00,282900000.00,0.089647,560.0,168241000.00,100393000.00,48414000.00,102871000.00,3249676000.00,3106086000.00,3509792000.00,2723923000.00
0001463972,36,-8774419.00,1580941.00,1391324.00,-5.550124,680.0,-265118.00,-377911.00,-3453623.00,-5555245.00,39405258.00,35762138.00,40071807.00,38371715.00
0001464521,38,-17502000.00,37205000.00,52587000.00,-0.470421,1512.0,27941000.00,42164000.00,-13166000.00,-30104000.00,118704000.00,,359452000.00,344025000.00
0001464790,62,-61477000.00,186063000.00,352060000.00,-0.330410,2588.0,,,184000.00,38073000.00,1783263000.00,1511003000.00,1706592000.00,1854213000.00
0001466258,38,818900000.00,4688500000.00,4969400000.00,0.174661,1090.0,,,339500000.00,626200000.00,20146700000.00,20117400000.00,21420700000.00,22754800000.00
0001466593,49,83999000.00,337335000.00,342859000.00,0.249008,1912.0,,,39469000.00,70611000.00,3652082000.00,3696794000.00,3964279000.00,4152809000.00
0001467373,73,2244714000.00,16659301000.00,18044066000.00,0.134742,1234.0,,,,,59868070000.00,59869756000.00,64698463000.00,67064216000.00
0001467623,73,183800000.00,624700000.00,629500000.00,0.294221,1130.0,508000000.00,501400000.00,153800000.00,204500000.00,3325200000.00,2957300000.00,2844900000.00,3030900000.00
0001467761,36,-371121.00,125.00,2121989.00,-2968.968000,2794.0,-625.00,1494244.00,-371058.00,66588.00,307035.00,357894.00,10771135.00,11839963.00
0001467858,37,3352000000.00,44020000000.00,43624000000.00,0.076147,1644.0,,,6061000000.00,2950000000.00,279761000000.00,282104000000.00,281284000000.00,280974000000.00
0001468327,59,-19700000.00,69600000.00,89900000.00,-0.283046,501.0,,,8300000.00,-3800000.00,240000000.00,245300000.00,221000000.00,212700000.00
0001468328,80,30514000.00,337708000.00,363611000.00,0.090356,983.0,107677000.00,115873000.00,18949000.00,52365000.00,1412634000.00,1407584000.00,1437308000.00,1435700000.00
0001468929,38,-777000.00,2806000.00,2650000.00,-0.276907,1444.0,1188000.00,1061000.00,-400000.00,-504000.00,10983000.00,10437000.00,10461000.00,11598000.00
0001469367,36,-114888000.00,504271000.00,722231000.00,-0.227830,622.0,,,-104206000.00,10623000.00,19897884000.00,20377855000.00,22610596000.00,22765093000.00
0001469443,13,530000.00,1200000.00,1100000.00,0.441667,1740.0,,,-1588000.00,-1099000.00,13517000.00,12990000.00,6546000.00,5323000.00
0001471727,20,-1088000.00,7159000.00,3439000.00,-0.151977,2142.0,2383000.00,1275000.00,384000.00,,15801000.00,15288000.00,27053000.00,43364000.00
0001473334,25,-193360.00,2635718.00,1781721.00,-0.073361,2537.0,1204234.00,882469.00,-322617.00,-641744.00,9917403.00,11928226.00,35547329.00,47140007.00
0001473490,59,-709151.00,35704.00,44747.00,-19.861948,684.0,12411.00,,-474516.00,-244808.00,39057.00,164222.00,4048700.00,4142706.00
0001474098,67,-7237000.00,320266000.00,345656000.00,-0.022597,909.0,,,50341000.00,84051000.00,5693338000.00,5650621000.00,5348174000.00,5304170000.00
0001474167,51,-833145.00,13712528.00,17927892.00,-0.060758,2356.0,2049799.00,1381171.00,-186316.00,-1067066.00,54311892.00,57191944.00,65477518.00,62369011.00
0001474432,35,-31171000.00,778485000.00,1052896000.00,-0.040041,869.0,536153000.00,723332000.00,283936000.00,180164000.00,3963942000.00,3810365000.00,4674259000.00,4749947000.00
0001474735,36,83638000.00,942121000.00,1059365000.00,0.088776,561.0,371986000.00,410236000.00,58152000.00,119285000.00,5109331000.00,5060454000.00,5573679000.00,5593263000.00
0001474903,73,-1772000.00,20883000.00,20881000.00,-0.084854,1442.0,7560000.00,7410000.00,1064000.00,4000.00,150111000.00,152260000.00,57837000.00,53376000.00
0001476045,67,8308000.00,68635000.00,67504000.00,0.121046,890.0,,,4190000.00,13336000.00,1254681000.00,1226310000.00,1170381000.00,1243274000.00
0001476840,73,-1487000.00,36074000.00,33969000.00,-0.041221,1410.0,18242000.00,16171000.00,7856000.00,118000.00,173680000.00,189236000.00,185989000.00,190597000.00
0001477294,38,122200000.00,911300000.00,934800000.00,0.134094,1110.0,,,119200000.00,122500000.00,7143300000.00,7177138000.00,6751700000.00,6815000000.00
0001477333,73,-53247000.00,479087000.00,639755000.00,-0.111143,1460.0,363511000.00,455597000.00,145784000.00,158330000.00,3301162000.00,3721259000.00,6036256000.00,6163977000.00
0001477449,80,-120611000.00,629369000.00,613845000.00,-0.191638,1020.0,,,15919000.00,9516000.00,3516524000.00,3444445000.00,2858300000.00,2807261000.00
0001477720,73,-43904000.00,187267000.00,205095000.00,-0.234446,1501.0,168040000.00,179681000.00,6764000.00,40244000.00,891415000.00,877133000.00,844088000.00,805512000.00
0001477815,58,-28537000.00,166304000.00,161521000.00,-0.171595,2592.0,,,-13128000.00,-17163000.00,856758000.00,834320000.00,788104000.00,912691000.00
0001478242,87,496000000.00,3829000000.00,4151000000.00,0.129538,1783.0,,,568000000.00,618000000.00,26899000000.00,27322000000.00,29944000000.00,29675000000.00
0001478320,28,-29604000.00,52443000.00,70874000.00,-0.564499,310.0,,,-28484000.00,-9537000.00,539376000.00,510852000.00,512736000.00,505943000.00
0001479615,28,-28409000.00,142000.00,422000.00,-200.063380,2765.0,88000.00,411000.00,-12309000.00,-15603000.00,202635000.00,185298000.00,131442000.00,115123000.00
0001479681,73,80661000.00,211789000.00,216485000.00,0.380855,1081.0,118338000.00,91730000.00,50965000.00,75518000.00,655320000.00,761916000.00,918525000.00,957318000.00
0001481582,50,2300000.00,1135700000.00,1566500000.00,0.002025,2213.0,204400000.00,288800000.00,-41200000.00,-179200000.00,2439500000.00,2523600000.00,2404700000.00,3723600000.00
0001481792,27,19600000.00,629400000.00,581000000.00,0.031141,1717.0,,,-89000000.00,-93700000.00,1299000000.00,1246500000.00,1252900000.00,1230900000.00
0001482554,73,184904.00,354791.00,1051217.00,0.521163,1047.0,,,,,1986949.00,2314328.00,3594657.00,4176027.00
0001484612,38,-16399000.00,29752000.00,27863000.00,-0.551190,1535.0,11066000.00,12095000.00,-25663000.00,-12844000.00,275795000.00,301211000.00,264496000.00,249454000.00
0001484769,78,-25421000.00,416286000.00,1573867000.00,-0.061066,2311.0,,,161402000.00,,1077428000.00,1215545000.00,4095013000.00,3980718000.00
0001484778,59,-5434000.00,71291000.00,81671000.00,-0.076223,491.0,56371000.00,64660000.00,5743000.00,4754000.00,171225000.00,172500000.00,167245000.00,172373000.00
0001486159,13,337996000.00,1215047000.00,1665635000.00,0.278175,1769.0,,,656893000.00,507467000.00,13032007000.00,13058608000.00,13074274000.00,13236854000.00
0001486957,35,96630000.00,682258000.00,860217000.00,0.141633,790.0,,,50650000.00,92600000.00,2869924000.00,3054008000.00,4271495000.00,4324910000.00
0001487197,20,-738000.00,2930000.00,5632000.00,-0.251877,2230.0,900000.00,1033000.00,-506000.00,-2382000.00,3318000.00,5337000.00,12830000.00,14834000.00
0001487952,36,-60000.00,71741000.00,84353000.00,-0.000836,594.0,27045000.00,32874000.00,5249000.00,-596000.00,450935000.00,453841000.00,455889000.00,453840000.00
0001488139,17,13692000.00,352829000.00,401460000.00,0.038806,2320.0,51919000.00,56464000.00,-28304000.00,35396000.00,4158508000.00,4169941000.00,4537094000.00,4641287000.00
0001488917,38,2140000.00,15684000.00,18575000.00,0.136445,1109.0,12229000.00,14643000.00,,,52274000.00,52451000.00,54910000.00,59474000.00
0001489393,28,114000000.00,7677000000.00,7197000000.00,0.014850,246.0,,,-579000000.00,-269000000.00,35746000000.00,35189000000.00,34003000000.00,33958000000.00
0001489874,07,1513000.00,20088000.00,17902000.00,0.075319,1725.0,,,-150000.00,-42000.00,24900000.00,22752000.00,20283000.00,18064000.00
0001489993,38,-10304000.00,5661000.00,12074000.00,-1.820173,1613.0,4646000.00,9941000.00,-9723000.00,-17728000.00,,,48149000.00,73596000.00
0001490281,73,1884000.00,117187000.00,117200000.00,0.016077,1350.0,106298000.00,106049000.00,-22000.00,-9958000.00,612690000.00,608153000.00,670406000.00,595854000.00
0001490978,28,-50889000.00,59551000.00,58587000.00,-0.854545,320.0,31124000.00,29547000.00,144063000.00,-14834000.00,823226000.00,743032000.00,726160000.00,634187000.00
0001492422,28,-83328000.00,166797000.00,268295000.00,-0.499577,303.0,,,-53410000.00,-60966000.00,885051000.00,807285000.00,1075257000.00,1082532000.00
0001492691,42,66663000.00,1824362000.00,1850223000.00,0.036540,2361.0,,,109429000.00,142540000.00,12698532000.00,12606072000.00,11955436000.00,11946756000.00
0001493137,38,-280548.00,2277034.00,2293812.00,-0.123208,1286.0,908566.00,987074.00,-100357.00,-129365.00,8724769.00,9218948.00,6686568.00,6739038.00
0001493594,36,34870000.00,235887000.00,288955000.00,0.147825,542.0,130156000.00,164433000.00,,,1843630000.00,1918857000.00,2105528000.00,2014577000.00
0001493761,36,1536000.00,63901000.00,42172000.00,0.024037,583.0,23367000.00,11294000.00,40452000.00,29377000.00,298861000.00,247024000.00,269054000.00,209927000.00
0001494259,73,50654000.00,212235000.00,243555000.00,0.238669,1159.0,197892000.00,224621000.00,67879000.00,69849000.00,824536000.00,689115000.00,661897000.00,519613000.00
0001494558,82,138000.00,2314000.00,2799000.00,0.059637,2258.0,1336000.00,1686000.00,-923000.00,-1189000.00,17371000.00,,20796000.00,20064000.00
0001494582,65,-798000.00,27730000.00,28249000.00,-0.028777,2099.0,18649000.00,17472000.00,2555000.00,3862000.00,728345729.00,730840415.00,713073000.00,696159000.00
0001494891,38,-2646000.00,8344000.00,3394000.00,-0.317114,1466.0,4354000.00,991000.00,-2677000.00,-3753000.00,62165000.00,60210000.00,53039000.00,51546000.00
0001495231,73,-655852.00,7968363.00,6573232.00,-0.082307,1440.0,,,2008132.00,-3988329.00,62220274.00,59341031.00,57477716.00,55536489.00
0001495320,31,-17857000.00,51652000.00,55702000.00,-0.345717,2610.0,22767000.00,28831000.00,-17902000.00,-5250000.00,306690000.00,267940000.00,234005000.00,219243000.00
0001495932,65,-10376000.00,954906000.00,1005541000.00,-0.010866,2089.0,76135000.00,75347000.00,39838000.00,20571000.00,390722000.00,435783000.00,442480000.00,467166000.00
0001496443,73,2489066.00,18598149.00,28038424.00,0.133834,1236.0,11690828.00,18218945.00,-6033177.00,18785758.00,179028197.00,205118026.00,276253203.00,312725628.00
0001497645,67,19827000.00,184478000.00,185053000.00,0.107476,893.0,,,25850000.00,28102000.00,2896230000.00,2897459000.00,2776030000.00,2754564000.00
0001498828,67,49152000.00,199328000.00,235917000.00,0.246589,835.0,,,-224369000.00,-226217000.00,9208793000.00,9287355000.00,9733644000.00,10332644000.00
0001499200,49,750000000.00,2938000000.00,3549000000.00,0.255276,1908.0,,,666000000.00,883000000.00,14163000000.00,13991000000.00,13759000000.00,13434000000.00
0001499832,48,7133000.00,98675000.00,96781000.00,0.072288,23.0,22859000.00,21204000.00,-66000.00,4195000.00,580414000.00,544516000.00,528618000.00,516057000.00
0001500198,38,-2680016.00,1386550.00,1862050.00,-1.932866,1615.0,771061.00,990264.00,,,6494450.00,4456691.00,8577602.00,7568605.00
0001500217,67,71972000.00,108607000.00,110592000.00,0.662683,715.0,67302000.00,66926000.00,36869000.00,38593000.00,3273365000.00,2967788000.00,2921276000.00,2900567000.00
0001500412,36,-8741000.00,15732000.00,25060000.00,-0.555619,649.0,8389000.00,10891000.00,1406000.00,-11173000.00,104278000.00,,184680000.00,259521000.00
0001500435,38,-45208000.00,134308000.00,99065000.00,-0.336599,1472.0,43149000.00,4306000.00,-57186000.00,-36618000.00,543678000.00,462510000.00,427983000.00,381355000.00
0001500881,10,-15626000.00,18239000.00,18301000.00,-0.856736,69.0,-23000.00,-64000.00,-7735000.00,-21426000.00,392722000.00,362607000.00,430422000.00,451663000.00
0001501585,37,161000000.00,2734000000.00,3099000000.00,0.058888,1654.0,,,-395000000.00,-390000000.00,12141000000.00,12103000000.00,12749000000.00,12533000000.00
0001501697,28,-9443000.00,900000.00,2500000.00,-10.492222,414.0,,,-12368000.00,-19599000.00,146447000.00,130013000.00,290461000.00,270281000.00
0001501989,28,22621000.00,50917000.00,10258000.00,0.444272,149.0,,,-21043000.00,-25549000.00,120533000.00,98497000.00,151566000.00,359358000.00
0001502292,63,-4432000.00,15875000.00,11547000.00,-0.279181,2609.0,,,-15260000.00,-8309000.00,281656000.00,277074000.00,239283000.00,236610000.00
0001502557,82,-314842.00,609285.00,22452.00,-0.516740,2615.0,510680.00,-58239.00,,,1205834.00,804280.00,1005265.00,610280.00
0001503274,38,-26366000.00,30333000.00,36415000.00,-0.869218,1570.0,14838000.00,15566000.00,-13888000.00,-18107000.00,406533000.00,396512000.00,418766000.00,366672000.00
0001503802,28,-33256000.00,30015000.00,35066000.00,-1.107979,331.0,,,-38984000.00,-22728000.00,164418000.00,127711000.00,108416000.00,131417000.00
0001504776,38,2471000.00,223782000.00,242447000.00,0.011042,1189.0,125980000.00,131041000.00,29358000.00,24511000.00,676490000.00,682755000.00,720919000.00,736409000.00
0001505155,73,-1052000.00,63655000.00,48690000.00,-0.016527,1384.0,45607000.00,36756000.00,8305000.00,5603000.00,529522000.00,456972000.00,413177000.00,402660000.00
0001505497,80,-4807534.00,25000.00,23170.00,-192.301360,2773.0,22091.00,15785.00,-2778786.00,-3807792.00,12279799.00,10326821.00,4079635.00,4640279.00
0001505952,73,-14346000.00,80111000.00,79403000.00,-0.179077,1485.0,59443000.00,58543000.00,3951000.00,5170000.00,214340000.00,189680000.00,235533000.00,196573000.00
0001506293,73,-35477000.00,854988000.00,1007514000.00,-0.041494,1411.0,,,363706000.00,328023000.00,5342660000.00,5282696000.00,5492132000.00,4645279000.00
0001506307,49,1145000000.00,4241000000.00,4828000000.00,0.269983,1899.0,,,1162000000.00,1491000000.00,71407000000.00,72318000000.00,72748000000.00,73072000000.00
0001506492,38,-3060000.00,1904000.00,2403000.00,-1.607143,1606.0,1067000.00,1684000.00,-2536000.00,-3112000.00,9864000.00,7006000.00,6118000.00,6961000.00
0001506929,10,-1216270.00,697.00,460005.00,-1745.007174,2790.0,542.00,163912.00,,,39745600.00,39405040.00,39310019.00,38939962.00
0001507079,52,64229000.00,1160740000.00,1152278000.00,0.055335,2421.0,508168000.00,507451000.00,71164000.00,109248000.00,5050478000.00,5368264000.00,5469358000.00,5576303000.00
0001507605,61,-541063000.00,213884000.00,174614000.00,-2.529703,123.0,,,-215488000.00,-247489000.00,6801317000.00,6444446000.00,7286899000.00,4949269000.00
0001510295,29,687000000.00,31517000000.00,34200000000.00,0.021798,2437.0,,,-64000000.00,1121000000.00,78858000000.00,81633000000.00,83955000000.00,88187000000.00
0001510964,28,11000.00,3606000.00,3195000.00,0.003050,249.0,1658000.00,1562000.00,-81000.00,101000.00,7927000.00,7761000.00,6962000.00,6722000.00
0001511737,36,226861000.00,664170000.00,788199000.00,0.341571,523.0,295874000.00,370711000.00,,,1183718000.00,1298268000.00,1608185000.00,1715477000.00
0001511820,51,-1204905.00,868046.00,462957.00,-1.388066,2656.0,720264.00,353653.00,-710507.00,-425883.00,3782245.00,3754250.00,3149614.00,3253268.00
0001512673,73,329302000.00,5771796000.00,6056847000.00,0.057054,1295.0,2289603000.00,2909239000.00,133336000.00,965595000.00,36777595000.00,36395567000.00,39549887000.00,39986081000.00
0001514183,28,-1094121.00,18026.00,18026.00,-60.696827,699.0,16566.00,-2662.00,-1640300.00,-822623.00,7411840.00,5899969.00,7605100.00,7018132.00
0001514416,73,-4687000.00,174241000.00,208784000.00,-0.026900,1395.0,71512000.00,77914000.00,-3083000.00,8768000.00,989166000.00,964374000.00,1052627000.00,984196000.00
0001514443,73,-1356159.00,7173557.00,3431890.00,-0.189050,1490.0,601379.00,,-1787620.00,-610055.00,9815194.00,9359235.00,8240479.00,7872861.00
0001514705,33,30200000.00,436000000.00,455100000.00,0.069266,2502.0,,,25800000.00,72700000.00,1668200000.00,1668400000.00,1789900000.00,1734500000.00
0001514991,48,64197000.00,555233000.00,542127000.00,0.115622,21.0,,,108805000.00,67467000.00,4362221000.00,4331826000.00,3936881000.00,3873690000.00
0001515139,73,-5191.00,41667.00,83333.00,-0.124583,1465.0,41667.00,53333.00,339619.00,-373042.00,35682.00,409306.00,1025791.00,998123.00
0001515673,28,-143000000.00,139000000.00,136000000.00,-1.028777,327.0,,,-166000000.00,-197000000.00,1503000000.00,1311927000.00,1532000000.00,1296000000.00
0001517022,28,13514000.00,57336000.00,53544000.00,0.235698,172.0,,,-13587000.00,-21207000.00,220670000.00,310185000.00,376565000.00,362520000.00
0001517175,51,22735000.00,950748000.00,1059010000.00,0.023913,2273.0,225995000.00,257368000.00,49566000.00,38258000.00,1858691000.00,1838576000.00,2028007000.00,1989767000.00
0001517228,36,-16300000.00,388100000.00,471800000.00,-0.041999,603.0,197600000.00,233700000.00,-186900000.00,-226600000.00,8747500000.00,7507400000.00,9371000000.00,5443000000.00
0001517302,62,86535000.00,277147000.00,303012000.00,0.312235,2053.0,,,157874000.00,181757000.00,1618756000.00,1370310000.00,1577292000.00,1441195000.00
0001517375,73,-11202000.00,109289000.00,121497000.00,-0.102499,1456.0,84451000.00,93506000.00,18104000.00,25216000.00,428341000.00,424657000.00,523062000.00,508598000.00
0001518461,36,-1890018.00,3599099.00,5349446.00,-0.525136,646.0,1187870.00,2566866.00,-2008947.00,-3140825.00,43220482.00,42063035.00,51479179.00,59743739.00
0001519061,28,-29000000.00,784800000.00,724700000.00,-0.036952,262.0,63800000.00,61700000.00,-110200000.00,-232900000.00,2644100000.00,2655000000.00,2280200000.00,2309300000.00
0001519472,17,-1155504.00,6927469.00,14830617.00,-0.166800,2558.0,1419071.00,3046568.00,-601134.00,-4187144.00,38629891.00,38591425.00,91287054.00,106193906.00
0001519751,24,97000000.00,1033100000.00,1011300000.00,0.093892,2495.0,,,-83400000.00,-119200000.00,6561800000.00,6584800000.00,6520600000.00,6545800000.00
0001520006,13,389151000.00,1013958000.00,671637000.00,0.383794,1746.0,,,727879000.00,470546000.00,10850109000.00,11082041000.00,11710569000.00,12174489000.00
0001520118,61,-814192.00,281318.00,618676.00,-2.894205,124.0,,,,,2815774.00,1892220.00,460888.00,321787.00
0001520262,28,13792000.00,306510000.00,392911000.00,0.044997,235.0,,,98811000.00,-165743000.00,2055567000.00,2081977000.00,2486993000.00,4258076000.00
0001520358,20,1578000.00,35255000.00,52766000.00,0.044760,2031.0,9184000.00,12427000.00,6005000.00,5010000.00,47062000.00,52725000.00,85698000.00,87529000.00
0001521036,28,102067000.00,372764000.00,377333000.00,0.273811,164.0,237700000.00,230922000.00,107563000.00,125127000.00,1980340000.00,2055224000.00,2227399000.00,2346587000.00
0001521332,37,448000000.00,4825000000.00,5086000000.00,0.092850,1640.0,,,273000000.00,-143000000.00,23458000000.00,23102000000.00,23413000000.00,25203000000.00
0001522540,73,-18538000.00,139073000.00,165798000.00,-0.133297,1469.0,98679000.00,117592000.00,9987000.00,-3367000.00,1463204000.00,1349627000.00,1525033000.00,1476713000.00
0001522727,49,69391000.00,245234000.00,331275000.00,0.282958,1894.0,,,54651000.00,86103000.00,2745601000.00,2713120000.00,2619931000.00,3734442000.00
0001522767,28,-910000.00,37906000.00,39481000.00,-0.024007,257.0,15089000.00,15276000.00,1293000.00,949000.00,206989000.00,208000000.00,202565000.00,201185000.00
0001524025,56,-22689000.00,107611000.00,124718000.00,-0.210843,2585.0,21285000.00,36072000.00,-8119000.00,-3879000.00,342463000.00,334151000.00,310760000.00,317125000.00
0001524472,35,231000000.00,2069000000.00,2125000000.00,0.111648,805.0,768000000.00,803000000.00,33000000.00,108000000.00,16493000000.00,16559000000.00,17634000000.00,16954000000.00
0001525221,45,33548000.00,350530000.00,388705000.00,0.095707,2027.0,,,-603000.00,-8250000.00,2125246000.00,2172192000.00,2311261000.00,2405284000.00
0001525306,50,54339.00,4024993.00,4801298.00,0.013500,2201.0,2272833.00,3023384.00,-360922.00,398920.00,6884472.00,19047.00,6664139.00,8998047.00
0001525769,58,63200000.00,567700000.00,559200000.00,0.111326,2366.0,,,95800000.00,113800000.00,4015800000.00,4064700000.00,4116600000.00,4135800000.00
0001526113,67,-27874000.00,132415000.00,109286000.00,-0.210505,920.0,,,59167000.00,39676000.00,6955764000.00,5789334000.00,4347203000.00,4152300000.00
0001526520,73,-15500000.00,398200000.00,382400000.00,-0.038925,1407.0,,,101700000.00,117800000.00,2561000000.00,2756000000.00,2625400000.00,2725500000.00
0001527352,38,-2011225.00,41015.00,14950.00,-49.036328,2747.0,27457.00,13133.00,-1426214.00,-1712988.00,4222732.00,2900111.00,4635319.00,3694633.00
0001527541,67,12142000.00,24354000.00,24007000.00,0.498563,739.0,,,4440000.00,4467000.00,653702000.00,624755000.00,601734000.00,594007000.00
0001527702,48,-604226.00,57632816.00,97919836.00,-0.010484,34.0,1934958.00,2080698.00,-1906969.00,-175447.00,79007738.00,42020365.00,51087935.00,44526126.00
0001527753,80,-17696000.00,20605000.00,15472000.00,-0.858821,1036.0,,,-17961000.00,-22478000.00,270268000.00,273308000.00,334164000.00,325395000.00
0001527762,61,-853427.00,25065.00,507546.00,-34.048554,135.0,-42347.00,218025.00,-800059.00,-803233.00,35691313.00,,46595073.00,49661667.00
0001528287,38,-5147000.00,22524000.00,22068000.00,-0.228512,1404.0,17342000.00,18048000.00,-7482000.00,-5900000.00,94647000.00,110205000.00,105565000.00,98898000.00
0001528356,49,13476000.00,136807000.00,142312000.00,0.098504,1992.0,37363000.00,29821000.00,15349000.00,-6515000.00,369843000.00,384378000.00,389380000.00,376457000.00
0001528396,73,4468000.00,293508000.00,372541000.00,0.015223,1353.0,182698000.00,236645000.00,,,2542789000.00,2488071000.00,2691745000.00,2535132000.00
0001529113,73,-8203000.00,484000.00,27696000.00,-16.948347,2713.0,335000.00,5146000.00,-15242000.00,-10454000.00,24291000.00,27127000.00,81246000.00,78342000.00
0001529628,14,-7050000.00,65558000.00,93111000.00,-0.107538,513.0,2772000.00,6108000.00,8724000.00,3043000.00,341546000.00,326908000.00,340014000.00,335665000.00
0001529864,61,171904000.00,745541000.00,875142000.00,0.230576,77.0,426182000.00,528959000.00,391144000.00,474540000.00,5266131000.00,5457258000.00,6468432000.00,6877251000.00
0001530804,28,-61000000.00,738000000.00,760000000.00,-0.082656,269.0,99000000.00,44000000.00,-32000000.00,-68000000.00,6038000000.00,6069000000.00,6217000000.00,6057000000.00
0001530950,20,182200000.00,1952100000.00,2042900000.00,0.093335,2006.0,545800000.00,617600000.00,,,12819600000.00,12799100000.00,12984300000.00,12977200000.00
0001530979,59,2507000.00,97250000.00,78099000.00,0.025779,479.0,37670000.00,33271000.00,-2938000.00,5522000.00,247393000.00,265304000.00,225407000.00,214921000.00
0001531152,53,203645000.00,5153483000.00,5661500000.00,0.039516,2484.0,,,208093000.00,139958000.00,7065305000.00,7157672000.00,7510475000.00,7928998000.00
0001531177,38,-13859000.00,17508000.00,19698000.00,-0.791581,1564.0,15094000.00,16978000.00,-11605000.00,-7029000.00,142839000.00,129680000.00,115300000.00,109702000.00
0001532286,13,5629000.00,150466000.00,88392000.00,0.037410,1873.0,,,-5277000.00,-9951000.00,360076000.00,359181000.00,339464000.00,326040000.00
0001533758,48,-40187000.00,366064000.00,324914000.00,-0.109781,44.0,,,3764000.00,-999000.00,3471377000.00,3415840000.00,1997242000.00,1903620000.00
0001533924,13,-3994000.00,72050000.00,37464000.00,-0.055434,1930.0,,,25501000.00,4474000.00,747076000.00,753639000.00,600900000.00,581106000.00
0001534154,73,-4378299.00,296256.00,480151.00,-14.778769,2707.0,,,-5358306.00,-3416791.00,14471377.00,9969754.00,9981930.00,6442340.00
0001534504,29,-511200000.00,7066400000.00,7904300000.00,-0.072342,2546.0,,,-661400000.00,-323700000.00,12703200000.00,13027600000.00,13019900000.00,14718600000.00
0001534525,28,-942409.00,593261.00,806923.00,-1.588523,346.0,,,-1001892.00,-536377.00,6901443.00,5791217.00,8363847.00,7908991.00
0001534675,32,59329000.00,222288000.00,249012000.00,0.266901,2256.0,97525000.00,95834000.00,46898000.00,6715000.00,1016648000.00,1138289000.00,1260392000.00,1360450000.00
0001534708,61,-4757000.00,1247000.00,2696000.00,-3.814755,127.0,,,-1256000.00,-3624000.00,66515000.00,63753000.00,70217000.00,70256000.00
0001534969,80,-9250000.00,38000.00,14000.00,-243.421053,2778.0,,,-7553000.00,-8774000.00,72575000.00,118184000.00,101933000.00,93544000.00
0001535955,28,-2090184.00,93864.00,119397.00,-22.268218,445.0,,,-1969257.00,-2257137.00,22510501.00,20499726.00,17005612.00,25358166.00
0001537054,48,35187000.00,230307000.00,226319000.00,0.152783,18.0,,,32472000.00,-7236000.00,1229231000.00,1238388000.00,1303772000.00,1281194000.00
0001537435,35,-594244.00,7277770.00,6335769.00,-0.081652,886.0,3221040.00,2589662.00,-1173403.00,-3108121.00,31092259.00,29725828.00,36990103.00,34464758.00
0001538379,73,-2803000.00,84574000.00,82483000.00,-0.033143,1400.0,67482000.00,63033000.00,19860000.00,30374000.00,678429000.00,639264000.00,525911000.00,479922000.00
0001539838,13,1673000000.00,4048000000.00,4240000000.00,0.413291,1742.0,,,2355000000.00,1828000000.00,67292000000.00,70066000000.00,71059000000.00,70080000000.00
0001540684,14,-9823557.00,25175.00,74386.00,-390.210804,2781.0,-62675.00,72043.00,-4403577.00,-10630115.00,57854608.00,60799545.00,87697452.00,87446641.00
0001541401,67,25788000.00,180066000.00,190325000.00,0.143214,881.5,,,83146000.00,68910000.00,4510287000.00,4114380000.00,4468961000.00,4405724000.00
0001542447,67,2578000.00,10100000.00,8738000.00,0.255248,831.0,,,1335000.00,1390000.00,397986000.00,393909000.00,372476000.00,337030000.00
0001543151,73,1228000000.00,11533000000.00,13203000000.00,0.106477,1258.0,,,2324000000.00,2351000000.00,51244000000.00,52822000000.00,61802000000.00,59885000000.00
0001544522,73,-10416000.00,196273000.00,228633000.00,-0.053069,1419.0,166395000.00,193945000.00,57973000.00,62389000.00,1611884000.00,1541180000.00,1602712000.00,1605382000.00
0001546296,73,-705341.00,1504586.00,1548076.00,-0.468794,1555.0,,,-284131.00,-362246.00,7981801.00,7738783.00,17867569.00,17529907.00
0001546417,58,57231000.00,1049594000.00,1059673000.00,0.054527,2450.0,,,73465000.00,75299000.00,3384805000.00,3305370000.00,3171907000.00,3114432000.00
0001546853,73,-194693.00,585712.00,606106.00,-0.332404,1527.0,,,,,1848344.00,1689159.00,1780941.00,1937112.00
0001547459,54,17553000.00,335769000.00,337376000.00,0.052277,2417.0,101748000.00,102443000.00,,,648879000.00,664590000.00,668556000.00,684701000.00
0001549346,73,10201000.00,242620000.00,199170000.00,0.042045,1314.0,,,25247000.00,17370000.00,1309156000.00,1324218000.00,1355936000.00,1311198000.00
0001549595,28,-62864000.00,18453000.00,6252000.00,-3.406709,370.0,,,-61087000.00,-71914000.00,669343000.00,615043000.00,688135000.00,636130000.00
0001549966,62,4837000.00,31392000.00,31406000.00,0.154084,2141.0,,,-24714000.00,-30725000.00,194432000.00,159926000.00,166607000.00,132979000.00
0001550913,67,-5830470.00,4273646.00,5441504.00,-1.364285,937.0,,,,,236359236.00,237142131.00,238052301.00,239440124.00
0001551152,28,3733000000.00,13343000000.00,15002000000.00,0.279772,163.0,,,1635000000.00,3829000000.00,135161000000.00,136165000000.00,133960000000.00,136463000000.00
0001551306,80,24170000.00,324038000.00,328504000.00,0.074590,988.0,75795000.00,83071000.00,49808000.00,45949000.00,607102000.00,730285000.00,742435000.00,698337000.00
0001552000,46,1366000000.00,3124000000.00,3038000000.00,0.437260,2149.0,,,1246000000.00,1347000000.00,37511000000.00,38972000000.00,43005000000.00,42933000000.00
0001552033,73,254400000.00,1095700000.00,1245700000.00,0.232180,1167.0,,,52500000.00,84200000.00,10984800000.00,10949100000.00,11112900000.00,12047300000.00
0001552275,29,296000000.00,5179000000.00,10690000000.00,0.057154,2385.5,,,156000000.00,454000000.00,14375000000.00,14342000000.00,28362000000.00,30258000000.00
0001552797,46,47599000.00,249930000.00,297466000.00,0.190449,2372.0,,,31550000.00,170376000.00,2041559000.00,2395454000.00,2779268000.00,2908700000.00
0001553079,67,25788000.00,180066000.00,190325000.00,0.143214,881.5,,,83146000.00,68910000.00,4510287000.00,4114380000.00,4468961000.00,4405724000.00
0001553788,20,-1658303.00,68606.00,4224.00,-24.171399,2733.0,25544.00,1848.00,-808046.00,-930492.00,2759185.00,2508841.00,965694.00,769953.00
0001555017,87,-26664.00,14100.00,43326.00,-1.891064,2651.0,2455.00,31666.00,,,,63858.00,113523.00,108586.00
0001555279,38,-11026000.00,11777000.00,13381000.00,-0.936232,1576.0,5541000.00,6882000.00,-15019000.00,1205000.00,159476000.00,196027000.00,190071000.00,186695000.00
0001556739,73,-3034000.00,181371000.00,167684000.00,-0.016728,1385.0,119288000.00,109256000.00,-10481000.00,1473000.00,712165000.00,703734000.00,688587000.00,693738000.00
0001557376,28,-1394000.00,1149000.00,2581000.00,-1.213229,336.0,893000.00,2055000.00,,,1550000.00,1435000.00,2571000.00,3886000.00
0001557746,28,-18084000.00,1455000.00,1996000.00,-12.428866,422.0,,,-13057000.00,-18149000.00,220327000.00,198094000.00,160460000.00,198720000.00
0001557798,35,-966300.00,1948215.00,4310521.00,-0.495992,924.0,57983.00,697489.00,,,776760.00,4524845.00,2690261.00,2784501.00
0001558569,87,-1638389.00,1057510.00,156009.00,-1.549289,2636.0,,,-1095845.00,-3361846.00,9350230.00,6843256.00,9531410.00,6609658.00
0001559053,28,-65581000.00,2828000.00,51084000.00,-23.189887,448.0,,,-53363000.00,28877000.00,547108000.00,495336000.00,326804000.00,349894000.00
0001559432,13,-3583000.00,84325000.00,28276000.00,-0.042490,1920.0,,,30610000.00,33408000.00,1030841000.00,1033305000.00,1354903000.00,1321787000.00
0001559720,73,38000000.00,2272000000.00,2678000000.00,0.016725,1348.0,,,1789000000.00,1708000000.00,20959000000.00,25056000000.00,22208000000.00,26828000000.00
0001559865,73,49500000.00,228792000.00,247923000.00,0.216354,1176.0,,,37643000.00,31210000.00,1857611000.00,1917501000.00,2243296000.00,2296011000.00
0001560258,38,-3822000.00,6719000.00,9584000.00,-0.568835,1541.0,5706000.00,8364000.00,-4355000.00,-3008000.00,20471000.00,16041000.00,18667000.00,15482000.00
0001560293,38,-3677000.00,726000.00,1379000.00,-5.064738,1730.0,323000.00,945000.00,-2483000.00,-2960000.00,9843000.00,13394000.00,10760000.00,12838000.00
0001560327,73,-101000.00,210253000.00,209691000.00,-0.000480,1364.0,150773000.00,144942000.00,29757000.00,39817000.00,1652034000.00,1644810000.00,1726464000.00,1719643000.00
0001560385,48,-67000000.00,447000000.00,711000000.00,-0.149888,47.0,,,,,13001000000.00,13285000000.00,15398000000.00,15892000000.00
0001561032,67,13024000.00,86443000.00,86285000.00,0.150666,878.0,28587000.00,33367000.00,-21229000.00,9013000.00,1946023000.00,1831885000.00,1711772000.00,1698062000.00
0001561550,73,-12420000.00,761553000.00,1006426000.00,-0.016309,1383.0,603925000.00,797198000.00,271541000.00,334622000.00,5785339000.00,6010381000.00,6643844000.00,6952012000.00
0001561680,15,76886000.00,740928000.00,521389000.00,0.103770,954.0,,,-31157000.00,-47964000.00,4891115000.00,4825239000.00,4977535000.00,4962324000.00
0001561921,38,-10472000.00,18520000.00,19059000.00,-0.565443,1539.0,12512000.00,12520000.00,-9725000.00,-11170000.00,86570000.00,77251000.00,81418000.00,69891000.00
0001562088,73,23594000.00,230743000.00,291967000.00,0.102252,1261.0,164096000.00,213096000.00,105631000.00,150771000.00,1301728000.00,1403146000.00,1992182000.00,2057994000.00
0001562151,20,-1540000.00,14460000.00,18264000.00,-0.106501,2110.0,6648000.00,7913000.00,113000.00,2357000.00,218159000.00,211451000.00,215477000.00,243063000.00
0001562733,28,1947703.00,8170534.00,5492705.00,0.238381,171.0,6164021.00,3970795.00,-822781.00,-2044678.00,16343101.00,15656042.00,10164376.00,6461591.00
0001563190,65,-54000000.00,1356000000.00,2704000000.00,-0.039823,2106.0,,,23000000.00,-157000000.00,1178000000.00,1542600000.00,1540000000.00,8117000000.00
0001563665,38,-1670000.00,45000.00,226000.00,-37.111111,2737.0,,,-758000.00,-937000.00,4442000.00,3415000.00,2677000.00,1798000.00
0001563922,49,-25788000.00,50462000.00,34811000.00,-0.511038,2489.0,,,-9632000.00,5295000.00,3245045000.00,3235829000.00,3078520000.00,3060772000.00
0001564408,73,-193846000.00,1363217000.00,1528791000.00,-0.142197,1470.0,,,151610000.00,326779000.00,7936348000.00,7589200000.00,7677802000.00,7501571000.00
0001564902,79,16888000.00,286949000.00,278294000.00,0.058854,960.0,,,25715000.00,66798000.00,2573578000.00,2570802000.00,2616274000.00,2607502000.00
0001565687,73,-5702000.00,129067000.00,146037000.00,-0.044179,1414.0,96406000.00,110511000.00,,,800587000.00,813505000.00,795179000.00,709140000.00
0001566011,29,-543200000.00,7057100000.00,7899800000.00,-0.076972,2549.0,,,-590000000.00,-371200000.00,11231800000.00,11553100000.00,11706300000.00,13349300000.00
0001566044,28,-9197000.00,202000.00,86000.00,-45.529703,517.0,,,-11461000.00,-4081000.00,66905000.00,56423000.00,30160000.00,25873000.00
0001566610,61,-2659000.00,1305000.00,5253000.00,-2.037548,120.0,709000.00,3957000.00,-1070000.00,-4687000.00,20635000.00,18368000.00,411164000.00,321664000.00
0001566826,38,-2364118.00,2591824.00,3214280.00,-0.912144,1575.0,1645227.00,2236788.00,-1651686.00,-1647091.00,14221337.00,25216898.00,20306558.00,18505508.00
0001567683,49,0.00,298000000.00,354000000.00,0.000000,2043.5,,,95000000.00,401000000.00,14329000000.00,14647000000.00,16655000000.00,16931000000.00
0001568100,73,-10327000.00,119805000.00,120967000.00,-0.086198,1445.0,100621000.00,101947000.00,30670000.00,44283000.00,927266000.00,926798000.00,990515000.00,936592000.00
0001568385,73,-252000.00,14190000.00,13963000.00,-0.017759,1387.0,4272000.00,4309000.00,-350000.00,-196000.00,41970000.00,40785000.00,39685000.00,37261000.00
0001568651,63,297123000.00,3046263000.00,4647194000.00,0.097537,2411.0,,,878542000.00,2618980000.00,4840496000.00,5843769000.00,6325411000.00,9289646000.00
0001569187,65,7857000.00,50182000.00,52317000.00,0.156570,2003.0,,,107000.00,,2512863000.00,2465226000.00,2596510000.00,2472851000.00
0001569345,73,-1755000.00,205500000.00,219479000.00,-0.008540,1373.0,142869000.00,143031000.00,83776000.00,70376000.00,1184199000.00,1189508000.00,1205061000.00,1061847000.00
0001570562,28,-15172000.00,68522000.00,73137000.00,-0.221418,283.0,46655000.00,48897000.00,-15632000.00,-9952000.00,232569000.00,213361000.00,225868000.00,220646000.00
0001570585,48,60700000.00,1171200000.00,1274600000.00,0.051827,27.0,,,129200000.00,107600000.00,25439700000.00,25970600000.00,22595900000.00,21877700000.00
0001570827,62,92908000.00,219602000.00,387989000.00,0.423074,1996.0,,,81094000.00,120954000.00,2547591000.00,2583486000.00,4247850000.00,4141565000.00
0001570937,38,-855678.00,5875523.00,7203459.00,-0.145634,1308.0,146588.00,537100.00,994869.00,892822.00,27752058.00,28033225.00,36052112.00,38778134.00
0001571123,73,121000000.00,1877000000.00,1906000000.00,0.064465,1289.0,,,100000000.00,127000000.00,5246000000.00,5211000000.00,5354000000.00,5338000000.00
0001571949,62,1221000000.00,3229000000.00,3666000000.00,0.378136,2020.0,,,966000000.00,1326000000.00,139428000000.00,142870000000.00,136887000000.00,179177000000.00
0001571996,35,1165000000.00,23378000000.00,43842000000.00,0.049833,825.0,4937000000.00,7782000000.00,2796000000.00,4081000000.00,79746000000.00,86869000000.00,101286000000.00,114913000000.00
0001573221,59,-12771000.00,160033000.00,189715000.00,-0.079802,493.0,120023000.00,141334000.00,-28270000.00,-16623000.00,423095000.00,400367000.00,409033000.00,385912000.00
0001574085,67,36740000.00,215820000.00,208983000.00,0.170234,870.0,,,15146000.00,21948000.00,2136059000.00,2098029000.00,1861732000.00,1849497000.00
0001574094,28,-3110000.00,197000.00,563000.00,-15.786802,431.0,103000.00,479000.00,-3381000.00,-3709000.00,8118000.00,16014000.00,8095000.00,13964000.00
0001575515,54,226332000.00,2236436000.00,2329179000.00,0.101202,2351.0,886363000.00,917276000.00,299089000.00,235287000.00,3640699000.00,3738258000.00,4158649000.00,4269374000.00
0001575828,13,10323000.00,390872000.00,367573000.00,0.026410,1882.0,,,41509000.00,25284000.00,2333541000.00,2293086000.00,2259435000.00,2244902000.00
0001575965,67,258834000.00,395235000.00,419985000.00,0.654886,718.0,,,252492000.00,270229000.00,13075949000.00,12132521000.00,12909609000.00,13765406000.00
0001576280,80,-111041000.00,203471000.00,301665000.00,-0.545734,1032.0,,,-62689000.00,-65623000.00,1485609000.00,1344226000.00,2013659000.00,1915291000.00
0001576427,73,48167000.00,451434000.00,424639000.00,0.106698,1257.0,236976000.00,222742000.00,62341000.00,48207000.00,2266449000.00,2127945000.00,2201207000.00,2072050000.00
0001576873,14,-10645081.00,979977.00,7811229.00,-10.862582,679.0,-2689960.00,737749.00,,-2700000.00,88288853.00,76457250.00,123342477.00,119428228.00
0001576942,59,-9708000.00,325016000.00,340277000.00,-0.029869,487.0,143558000.00,148838000.00,,,472638000.00,484748000.00,507815000.00,506039000.00
0001577445,73,-4560000.00,2065000.00,82000.00,-2.208232,1683.0,538000.00,21000.00,-2233000.00,-4254000.00,23679000.00,39843000.00,28979000.00,24641000.00
0001578732,65,-17711000.00,145038000.00,171467000.00,-0.122113,2167.0,,,-52841000.00,-27571000.00,869800000.00,802024000.00,827180000.00,754963000.00
0001579091,73,110000000.00,897000000.00,1019000000.00,0.122631,1246.0,671000000.00,738000000.00,298000000.00,268000000.00,4115000000.00,4292000000.00,3687000000.00,3535000000.00
0001579157,56,-4438000.00,57933000.00,64035000.00,-0.076606,2488.0,29163000.00,32392000.00,-11817000.00,-8911000.00,222735000.00,217957000.00,225041000.00,219792000.00
0001579214,73,35800000.00,147700000.00,155400000.00,0.242383,1157.0,,,12600000.00,28700000.00,1048700000.00,1183000000.00,1212800000.00,1243600000.00
0001579241,73,196400000.00,941900000.00,1033600000.00,0.208515,1184.0,,,104500000.00,101300000.00,4487800000.00,4564100000.00,5223700000.00,5312100000.00
0001579428,28,-56982000.00,121463000.00,191203000.00,-0.469131,300.0,,,-43375000.00,-20700000.00,568498000.00,596671000.00,689805000.00,713607000.00
0001579733,20,21769000.00,162189000.00,187155000.00,0.134220,1984.0,62513000.00,53009000.00,5274000.00,-18555000.00,359332000.00,376889000.00,518738000.00,492644000.00
0001579877,67,13900000.00,390700000.00,429600000.00,0.035577,903.0,,,33600000.00,75300000.00,5215200000.00,5132300000.00,5311600000.00,5238100000.00
0001579878,73,39749000.00,228199000.00,333439000.00,0.174186,1207.0,208747000.00,264773000.00,97177000.00,97308000.00,1793148000.00,,2348207000.00,2290788000.00
0001580560,73,-10988000.00,133452000.00,188112000.00,-0.082337,1441.0,,,-80794000.00,-15848000.00,1122446000.00,1060348000.00,1253313000.00,1162379000.00
0001580670,15,169000.00,351420000.00,319736000.00,0.000481,967.0,,,-127148000.00,-55549000.00,3758534000.00,3888659000.00,3927242000.00,4010165000.00
0001580808,35,8778000.00,66137000.00,75000000.00,0.132724,794.0,52695000.00,59724000.00,17204000.00,2231000.00,432815000.00,606223000.00,629813000.00,634420000.00
0001580905,15,69800000.00,684800000.00,660500000.00,0.101928,955.0,223700000.00,212300000.00,92100000.00,102300000.00,2059900000.00,1999300000.00,2068000000.00,2229800000.00
0001581091,65,5367000.00,74467000.00,70228000.00,0.072072,2047.0,,,5661000.00,-1844000.00,581594000.00,571391000.00,582475000.00,572345000.00
0001581552,13,5649350.00,20859931.00,14753200.00,0.270823,1772.0,,,16084817.00,6453134.00,353768647.00,347996584.00,328754000.00,325031203.00
0001581760,73,2189000.00,103624000.00,143123000.00,0.021124,1339.0,83549000.00,110563000.00,12060000.00,17209000.00,441580000.00,455422000.00,959688000.00,1040874000.00
0001581990,46,355000000.00,11477000000.00,12470000000.00,0.030931,2564.0,,,638000000.00,418000000.00,27756000000.00,28252000000.00,31276000000.00,32760000000.00
0001582961,73,37642000.00,210703000.00,257905000.00,0.178650,1204.0,129444000.00,144710000.00,64090000.00,46921000.00,1639015000.00,1641668000.00,1837705000.00,2570387000.00
0001582982,73,2019000.00,27632000.00,31270000.00,0.073067,1281.0,,,5113000.00,3611000.00,71614000.00,73556000.00,87598000.00,86719000.00
0001583107,28,-14434000.00,15388000.00,17699000.00,-0.938004,323.0,,,43039000.00,73279000.00,354161000.00,343582000.00,485570000.00,472313000.00
0001583708,73,-87483000.00,229029000.00,276657000.00,-0.381973,1544.0,172497000.00,198692000.00,52274000.00,38493000.00,2406625000.00,2383951000.00,2438102000.00,2356295000.00
0001584549,01,-440000.00,39680000.00,50238000.00,-0.011089,1891.0,14179000.00,20986000.00,-6376000.00,,389306000.00,377104000.00,423096000.00,400884000.00
0001585364,28,46900000.00,1043900000.00,969200000.00,0.044928,236.0,392300000.00,325500000.00,-64500000.00,-113600000.00,9647700000.00,9759800000.00,8535200000.00,7983300000.00
0001585389,67,17239000.00,65449000.00,78310000.00,0.263396,824.0,41985000.00,44882000.00,10550000.00,24237000.00,2042067000.00,2114401000.00,2432172000.00,2421403000.00
0001585521,73,241592000.00,1174715000.00,1239006000.00,0.205660,1187.0,896313000.00,964719000.00,489261000.00,521610000.00,10988421000.00,10951896000.00,11960416000.00,12162017000.00
0001585608,28,-9421000.00,2214000.00,20272000.00,-4.255194,380.0,,,-7314000.00,8830000.00,53425000.00,51460000.00,38323000.00,37434000.00
0001585689,70,536000000.00,2695000000.00,2937000000.00,0.198887,2184.0,,,452000000.00,618000000.00,16522000000.00,16043000000.00,16774000000.00,16385000000.00
0001587523,36,4000000.00,132200000.00,153100000.00,0.030257,579.0,53300000.00,67100000.00,1300000.00,-700000.00,1118200000.00,1097100000.00,1051100000.00,1053900000.00
0001588014,73,-151582.00,926536.00,1024620.00,-0.163601,1478.0,,,-364421.00,-201594.00,7419793.00,8716280.00,10882561.00,10848007.00
0001588978,38,-27438000.00,69162000.00,83132000.00,-0.396721,1495.0,44161000.00,53947000.00,-16980000.00,-38127000.00,534017000.00,519375000.00,508081000.00,487062000.00
0001589149,50,-3881507.00,7333710.00,16275981.00,-0.529269,2604.0,3486663.00,6814884.00,-4161414.00,1318528.00,63087617.00,67519865.00,55169056.00,53925543.00
0001589150,28,-113349.00,59065.00,59065.00,-1.919055,350.0,,,,,191416.00,169482.00,237076.00,260194.00
0001589526,37,33711000.00,358851000.00,352635000.00,0.093941,1638.0,70854000.00,70647000.00,,,535222000.00,543698000.00,642342000.00,689364000.00
0001590418,38,-1271527.00,190255.00,47973.00,-6.683278,2587.0,30544.00,15244.00,-1220049.00,-1148500.00,4080313.00,2667407.00,8885514.00,7797266.00
0001590560,28,-39331000.00,1567000.00,3562000.00,-25.099553,450.0,,,-44100000.00,-38243000.00,556536000.00,605403000.00,824908000.00,778706000.00
0001590584,70,-5516000.00,144044000.00,172667000.00,-0.038294,2422.0,29429000.00,40161000.00,-8445000.00,-9744000.00,405072000.00,423752000.00,477411000.00,491605000.00
0001590714,28,77400000.00,593700000.00,840000000.00,0.130369,202.0,250500000.00,322700000.00,26000000.00,-66600000.00,4873900000.00,4794600000.00,5101400000.00,5737800000.00
0001590877,28,12127000.00,89012000.00,6393000.00,0.136240,198.0,,,33629000.00,-76186000.00,465989000.00,490929000.00,453032000.00,341894000.00
0001590895,70,488000000.00,2794000000.00,2870000000.00,0.174660,2208.0,,,218000000.00,204000000.00,32590000000.00,32398000000.00,31639000000.00,31664000000.00
0001590955,73,185100000.00,530500000.00,571900000.00,0.348916,1098.0,445900000.00,484500000.00,182500000.00,213800000.00,5859900000.00,4572600000.00,7598700000.00,4821800000.00
0001590976,37,17367000.00,228662000.00,235698000.00,0.075951,1645.0,45724000.00,41277000.00,,,738676000.00,758766000.00,715705000.00,1006801000.00
0001591698,73,127030000.00,454548000.00,502286000.00,0.279464,1135.0,324695000.00,363188000.00,,,5293774000.00,5167966000.00,6972784000.00,5444375000.00
0001591890,61,-2274000.00,6811000.00,232000.00,-0.333872,101.0,,,-2923000.00,-6229000.00,109469000.00,100309000.00,163844000.00,95681000.00
0001591956,61,-5188000.00,2817000.00,1916000.00,-1.841676,119.0,,,-4078000.00,-3718000.00,43228000.00,34275000.00,25120000.00,21739000.00
0001593001,35,-1565569.00,1264.00,2709023.00,-1238.583070,2788.0,,,,,1761987.00,9486155.00,129618033.00,128977431.00
0001593184,73,-192615.00,515147.00,426175.00,-0.373903,1540.0,406031.00,348288.00,37695.00,26629.00,508535.00,482623.00,410986.00,337070.00
0001593549,73,-677540.00,312657.00,124785.00,-2.167039,1681.0,-481147.00,-485236.00,-9012.00,114087.00,47591411.00,46215247.00,48099032.00,47657271.00
0001594805,73,203000000.00,2360000000.00,3170000000.00,0.086017,1273.0,1169000000.00,1546000000.00,367000000.00,481000000.00,13924000000.00,13400000000.00,15189000000.00,14121000000.00
0001595974,73,-1364000.00,155771000.00,164371000.00,-0.008756,1374.0,,,2561000.00,-120766000.00,2854768000.00,2674650000.00,3164375000.00,2946507000.00
0001596532,35,858800000.00,2004800000.00,2709000000.00,0.428372,719.0,1276100000.00,1676800000.00,641700000.00,1693500000.00,14043900000.00,14514600000.00,19448600000.00,21656500000.00
0001596961,73,3800000.00,244700000.00,260400000.00,0.015529,1351.0,67200000.00,71600000.00,-6900000.00,-27600000.00,755200000.00,738900000.00,673600000.00,721700000.00
0001596993,44,14691787.00,75888175.00,153270708.00,0.193598,2376.0,,,,,1820059163.00,1778660280.00,1777739333.00,1871692717.00
0001597033,73,91395000.00,702126000.00,760326000.00,0.130169,1239.0,,,-80603000.00,,4634929000.00,4678325000.00,4502128000.00,4332512000.00
0001597672,26,-15093000.00,352584000.00,319065000.00,-0.042807,2410.0,24054000.00,-7593000.00,39616000.00,31937000.00,2129657000.00,2117531000.00,1758355000.00,1667381000.00
0001597846,87,-688933.00,352755.00,405386.00,-1.953007,2653.0,259113.00,292637.00,-240942.00,-928413.00,6473923.00,6319391.00,5091388.00,21888786.00
0001598665,63,42436000.00,211520000.00,212658000.00,0.200624,2296.0,,,837000.00,24864000.00,2468924000.00,2213097000.00,2195822000.00,2020984000.00
0001598981,36,-7713025.00,20113938.00,22094389.00,-0.383467,633.0,,,-4324675.00,-6014032.00,65887047.00,63168534.00,57715234.00,77946276.00
0001599117,67,-193975.00,2000.00,42767.00,-96.987500,2758.0,2000.00,42767.00,-148528.00,-130038.00,3414562.00,3254505.00,2859843.00,2775377.00
0001599407,87,-1414900.00,2770791.00,1168408.00,-0.510648,2120.0,,,755750.00,858196.00,33647738.00,32305185.00,34163656.00,33273437.00
0001599617,35,29000000.00,599000000.00,1183000000.00,0.048414,827.0,138000000.00,193000000.00,-16000000.00,-95000000.00,1621000000.00,1651000000.00,3924000000.00,3927000000.00
0001600222,82,19665000.00,223406000.00,222461000.00,0.088024,2240.0,,,,,,,549572000.00,546394000.00
0001600347,87,-311731.00,55301.00,60902.00,-5.636987,2688.0,28160.00,38981.00,-350195.00,-320248.00,4069044.00,2903894.00,1592962.00,1540389.00
0001600620,28,21847000.00,62465000.00,77705000.00,0.349748,155.0,,,1300000.00,32560000.00,550645000.00,504850000.00,751587000.00,723997000.00
0001600626,67,-12300000.00,28706000.00,25664000.00,-0.428482,926.0,,,20216000.00,-9749000.00,2676232000.00,2595197000.00,1352824000.00,1328187000.00
0001600641,59,-6255000.00,22545000.00,22388000.00,-0.277445,500.0,16322000.00,16665000.00,-96000.00,1059000.00,145758000.00,142513000.00,132107000.00,121847000.00
0001600983,36,-6828000.00,2917000.00,6016000.00,-2.340761,664.0,-668000.00,465000.00,-6375000.00,-11604000.00,28185000.00,29810000.00,41258000.00,59575000.00
0001601046,38,207000000.00,1306000000.00,1717000000.00,0.158499,1096.0,,,,,9387000000.00,10535000000.00,11481000000.00,11738000000.00
0001601548,87,34298000.00,1015923000.00,1254128000.00,0.033760,1824.0,,,-95464000.00,-129910000.00,3228843000.00,3103480000.00,3272174000.00,3189469000.00
0001601830,28,-191368000.00,14745000.00,6472000.00,-12.978501,425.0,,,-131957000.00,-81101000.00,1448598000.00,1305234000.00,1474130000.00,1339522000.00
0001603015,73,-17224000.00,98642000.00,127434000.00,-0.174611,1483.0,39810000.00,50055000.00,-5596000.00,-21197000.00,378769000.00,,733095000.00,723320000.00
0001603145,49,-233000000.00,282000000.00,275000000.00,-0.826241,2608.0,,,90000000.00,-5000000.00,20292000000.00,21402000000.00,19595000000.00,19513000000.00
0001604464,28,38802000.00,98149000.00,516000.00,0.395338,151.0,,,-28138000.00,-3073000.00,109098000.00,62038000.00,20235000.00,19997000.00
0001604665,28,46607000.00,237629000.00,305675000.00,0.196133,183.0,54081000.00,93759000.00,45781000.00,110198000.00,1287956000.00,1371352000.00,1256533000.00,1235698000.00
0001604821,80,-79177000.00,501830000.00,696644000.00,-0.157777,1016.0,,,44452000.00,40171000.00,1660735000.00,1732366000.00,2398344000.00,2614398000.00
0001604868,52,-9874000.00,35703000.00,38391000.00,-0.276559,2606.0,9707000.00,9740000.00,-3829000.00,-5048000.00,174352000.00,164232000.00,147040000.00,139578000.00
0001605331,67,213723.00,1058543.00,4143529.00,0.201903,859.0,,,,,2222315.00,2918521.00,6200240.00,9048733.00
0001605888,73,-9449746.00,102808807.00,249886893.00,-0.091916,1450.0,11186122.00,21426053.00,14568690.00,-9886791.00,119751676.00,106474493.00,113229836.00,981048790.00
0001606163,17,7911000.00,133108000.00,138859000.00,0.059433,2302.0,36719000.00,31170000.00,2241000.00,-7810000.00,352129000.00,336370000.00,381130000.00,376972000.00
0001606268,49,24844000.00,142257000.00,159029000.00,0.174642,1955.0,46864000.00,26411000.00,24950000.00,9392000.00,344939000.00,347402000.00,331289000.00,322982000.00
0001606498,38,10300000.00,167500000.00,182200000.00,0.061493,1150.0,89800000.00,94200000.00,25700000.00,-12300000.00,1154200000.00,1107800000.00,1073700000.00,1050100000.00
0001606757,36,11716000.00,374607000.00,352922000.00,0.031275,578.0,26896000.00,27815000.00,,,1074436000.00,1074555000.00,1083471000.00,1104305000.00
0001606909,44,2926000.00,122802000.00,170580000.00,0.023827,2571.0,,,-4356000.00,4494000.00,936457000.00,917988805.00,928096000.00,950695000.00
0001607962,38,-4853000.00,5034000.00,3923000.00,-0.964044,1578.0,2122000.00,1342000.00,-5493000.00,-3675000.00,30487000.00,28809000.00,22900000.00,33419000.00
0001609151,73,-9320000.00,55809000.00,65500000.00,-0.166998,1481.0,39945000.00,47539000.00,-219000.00,-5705000.00,188926000.00,188310000.00,207968000.00,204285000.00
0001609253,13,186000000.00,912000000.00,119000000.00,0.203947,1795.0,,,186000000.00,99000000.00,7135000000.00,6827000000.00,7403000000.00,7149000000.00
0001609550,38,-1485000.00,201317000.00,204583000.00,-0.007376,1201.0,170608000.00,176912000.00,-6703000.00,12849000.00,808383000.00,730809000.00,907317000.00,911376000.00
0001609711,73,247300000.00,1194300000.00,1266900000.00,0.207067,1186.0,,,404700000.00,471500000.00,8235400000.00,7838800000.00,8034900000.00,8154400000.00
0001609804,28,31200000.00,477700000.00,459500000.00,0.065313,230.0,98100000.00,79200000.00,400000.00,-12400000.00,1857300000.00,1968200000.00,1907600000.00,1930700000.00
0001610853,61,-4011000.00,49000.00,3621000.00,-81.857143,503.0,-72000.00,3441000.00,-3536000.00,-4831000.00,3542000.00,3484000.00,303929000.00,200708000.00
0001611046,70,-197567.00,429096.00,151840.00,-0.460426,2614.0,49546.00,16108.00,-811255.00,-80962.00,1055559.00,,679447.00,576250.00
0001611052,73,-36245000.00,310632000.00,359283000.00,-0.116681,1462.0,245706000.00,287790000.00,66028000.00,76756000.00,2101371000.00,1948714000.00,2239065000.00,2108448000.00
0001611115,80,-8396000.00,54963000.00,78048000.00,-0.152757,1014.0,31900000.00,48693000.00,-16118000.00,-11834000.00,150892000.00,,305406000.00,302798000.00
0001611647,20,-11497000.00,263249000.00,297644000.00,-0.043673,2073.0,103788000.00,120674000.00,4807000.00,40329000.00,1574878000.00,1559024000.00,1777775000.00,1839179000.00
0001613780,28,-26600000.00,800000.00,900000.00,-33.250000,455.0,,,-19700000.00,-49100000.00,65658000.00,50562000.00,233700000.00,266400000.00
0001614178,73,1118000.00,109483000.00,107917000.00,0.010212,1356.0,82378000.00,78722000.00,37725000.00,37430000.00,610078000.00,572356000.00,621776000.00,499484000.00
0001615063,73,1600000.00,60400000.00,57200000.00,0.026490,1333.0,,,25500000.00,26700000.00,438400000.00,458900000.00,439900000.00,421200000.00
0001615165,73,-21634000.00,22463000.00,20259000.00,-0.963095,1591.0,,,-17044000.00,-11494000.00,198060000.00,199647000.00,182280000.00,155199000.00
0001616000,70,35864000.00,288927000.00,295408000.00,0.124128,2245.0,,,54766000.00,45031000.00,2831616000.00,2889541000.00,2808675000.00,2770836000.00
0001616533,36,18488000.00,365519000.00,342999000.00,0.050580,572.0,104648000.00,93702000.00,,,1583015000.00,1811344000.00,1598195000.00,1749757000.00
0001616543,38,-13488000.00,6257000.00,11711000.00,-2.155666,1659.0,1505000.00,6940000.00,-16080000.00,-32025000.00,100438000.00,87211000.00,126269000.00,102857000.00
0001616707,59,-122000000.00,2730000000.00,2931000000.00,-0.044689,489.0,837000000.00,880000000.00,-96000000.00,-52000000.00,3459000000.00,3419000000.00,3440000000.00,2870000000.00
0001616862,28,176000000.00,1262000000.00,1254000000.00,0.139461,195.0,,,26000000.00,68000000.00,7249000000.00,7411000000.00,7599000000.00,7558000000.00
0001617406,70,7000000.00,630000000.00,622000000.00,0.011111,2355.0,,,86000000.00,59000000.00,9161000000.00,8901000000.00,7700000000.00,7658000000.00
0001617553,73,-11669000.00,110065000.00,107547000.00,-0.106019,1458.0,98410000.00,95573000.00,-9914000.00,-3485000.00,664060000.00,629376000.00,569743000.00,551248000.00
0001617640,73,-9000000.00,598000000.00,708000000.00,-0.015050,1382.0,459000000.00,519000000.00,104000000.00,200000000.00,5829000000.00,5746000000.00,5685000000.00,5226000000.00
0001618732,73,48645000.00,638983000.00,703066000.00,0.076129,1278.0,555992000.00,610787000.00,,,2988990000.00,3096630000.00,3276933000.00,3418628000.00
0001618755,58,435000000.00,2109000000.00,2264000000.00,0.206259,2266.5,,,118000000.00,227000000.00,24632000000.00,24881000000.00,25615000000.00,24880000000.00
0001618756,58,435000000.00,2109000000.00,2264000000.00,0.206259,2266.5,,,118000000.00,227000000.00,24632000000.00,24881000000.00,25615000000.00,24880000000.00
0001618835,28,327000.00,845000.00,899000.00,0.386982,152.0,,,560000.00,2301000.00,23789000.00,12877000.00,20274000.00,7442000.00
0001619856,28,-42913000.00,2353000.00,2397000.00,-18.237569,439.0,,,-36725000.00,-26984000.00,313313000.00,273656000.00,175367000.00,148998000.00
0001620393,67,7423000.00,63216000.00,63544000.00,0.117423,892.0,,,28322000.00,23334000.00,1907420000.00,1881748000.00,1886419000.00,1872512000.00
0001620533,58,2842000.00,320898000.00,366737000.00,0.008856,2511.0,,,31222000.00,8489000.00,1696971000.00,1727464000.00,1896209000.00,1917632000.00
0001621434,13,17161000.00,59252000.00,59359000.00,0.289627,1764.0,,,64835000.00,62560000.00,1218906000.00,1238835000.00,1335554000.00,1338416000.00
0001621906,10,-2668774.00,41221.00,27351.00,-64.743068,438.0,,,-2186106.00,-1043509.00,33916238.00,31492226.00,34446941.00,33127792.00
0001622345,36,-1101000.00,1723000.00,1728000.00,-0.639002,651.0,320000.00,1135000.00,-584000.00,-2191000.00,17546000.00,16592000.00,10437000.00,11447000.00
0001622536,49,-106000000.00,390000000.00,1129000000.00,-0.271795,2231.0,,,119000000.00,461000000.00,6106000000.00,5865000000.00,10905000000.00,10993000000.00
0001623526,28,111240000.00,158569000.00,6229000.00,0.701524,143.0,,,131827000.00,-60582000.00,271555000.00,406888000.00,418434000.00,443277000.00
0001623925,49,177223000.00,291129000.00,314211000.00,0.608744,1754.0,,,198942000.00,238624000.00,5761748000.00,5752118000.00,5884116000.00,6405864000.00
0001624326,38,-5446000.00,8000.00,22000.00,-680.750000,2785.0,,,-1581000.00,-2620000.00,30660000.00,52823000.00,38812000.00,45419000.00
0001624512,82,-2908000.00,22423000.00,22442000.00,-0.129688,2485.0,8043000.00,6939000.00,-4680000.00,-5049000.00,115305000.00,,97543000.00,90668000.00
0001625278,73,700000.00,209200000.00,222200000.00,0.003346,1361.0,,,26700000.00,35700000.00,437600000.00,475000000.00,461100000.00,432000000.00
0001625297,28,66000000.00,266000000.00,317000000.00,0.248120,168.0,221000000.00,277000000.00,75000000.00,-9000000.00,1316000000.00,1375000000.00,1201000000.00,1197000000.00
0001625641,73,-12610000.00,36653000.00,41882000.00,-0.344037,1531.0,27150000.00,31083000.00,-10498000.00,-11684000.00,180320000.00,168030000.00,173639000.00,162372000.00
0001625941,67,110191000.00,144402000.00,154043000.00,0.763085,709.0,,,20552000.00,23395000.00,7581011000.00,7509709000.00,7798427000.00,7765134000.00
0001626450,73,-2410000.00,82370000.00,86842000.00,-0.029258,1398.0,65386000.00,66651000.00,401000.00,18374000.00,340289000.00,286288000.00,308791000.00,324258000.00
0001627475,73,38690000.00,192706000.00,195483000.00,0.200772,1192.0,150900000.00,150842000.00,36965000.00,23019000.00,1211613000.00,1240066000.00,1299580000.00,1241952000.00
0001628369,65,45300000.00,2284600000.00,2535800000.00,0.019828,2072.0,,,-162000000.00,-243500000.00,7549200000.00,7407500000.00,7676600000.00,7648100000.00
0001628808,38,-11166000.00,2621000.00,5337000.00,-4.260206,1724.0,1853000.00,3832000.00,-8283000.00,-8583000.00,70234000.00,60864000.00,77475000.00,73456000.00
0001628908,87,-1622000.00,483649000.00,496246000.00,-0.003354,1836.0,,,4565000.00,-984000.00,2544411000.00,2653451000.00,1899236000.00,1878847000.00
0001630627,38,-15582000.00,52570000.00,47198000.00,-0.296405,1457.0,41893000.00,37407000.00,4198000.00,7240000.00,217094000.00,205846000.00,190581000.00,184102000.00
0001630805,34,-1843000.00,148598000.00,214414000.00,-0.012403,2271.0,,,-8477000.00,17789000.00,726987000.00,719713000.00,662938000.00,757845000.00
0001631574,28,-49804000.00,9175000.00,38246000.00,-5.428229,393.0,,,-63039000.00,-59553000.00,352207000.00,288343000.00,638499000.00,583544000.00
0001632970,67,94537000.00,540603000.00,650774000.00,0.174873,866.0,,,60616000.00,81067000.00,4488057000.00,4464051000.00,5426226000.00,5598658000.00
0001633369,73,-3307287.00,143885.00,92909.00,-22.985627,2723.0,50171.00,58493.00,,,,,,1121579.00
0001633917,73,1530000000.00,7791000000.00,8353000000.00,0.196380,1196.0,,,1160000000.00,1134000000.00,78725000000.00,81274000000.00,80173000000.00,80546000000.00
0001633931,17,177489000.00,1233278000.00,1445860000.00,0.143916,2226.0,351473000.00,400253000.00,152589000.00,160736000.00,4735426000.00,4596296000.00,6605312000.00,6711163000.00
0001635077,80,-1491925.00,18991.00,21140.00,-78.559581,2755.0,-4488.00,3750.00,-2510782.00,-2641845.00,2123483.00,16479677.00,13672404.00,20640687.00
0001636222,58,38261000.00,171094000.00,183725000.00,0.223626,2254.0,,,25294000.00,61381000.00,716246000.00,696804000.00,693409000.00,648886000.00
0001636422,73,-20171000.00,79413000.00,70756000.00,-0.254001,1507.0,,,280000.00,18511000.00,858929000.00,891542000.00,502643000.00,412202000.00
0001636519,79,32342000.00,424197000.00,432199000.00,0.076243,958.0,,,,,1412448000.00,1504498000.00,1544740000.00,1509347000.00
0001637147,73,-5384000.00,6759000.00,5251000.00,-0.796568,1581.0,3206000.00,2787000.00,-4641000.00,-3021000.00,13532000.00,9849000.00,7586000.00,10476000.00
0001637207,79,79202000.00,276662000.00,337236000.00,0.286277,942.0,,,133927000.00,147521000.00,3069708000.00,3091922000.00,3103395000.00,3104641000.00
0001637757,49,0.00,298000000.00,354000000.00,0.000000,2043.5,,,90000000.00,120000000.00,14320000000.00,14636000000.00,16444000000.00,16893000000.00
0001637873,73,-14431000.00,182697000.00,204192000.00,-0.078989,1436.0,,,66624000.00,76510000.00,984149000.00,1152339000.00,1085611000.00,1235381000.00
0001637880,49,36938000.00,375200000.00,375000000.00,0.098449,1993.0,,,120771000.00,-1615000.00,5132311000.00,5194091000.00,5243160000.00,5248639000.00
0001638290,37,4114000.00,75960000.00,78206000.00,0.054160,1655.0,15765000.00,19542000.00,,,250115000.00,261886000.00,259678000.00,277852000.00
0001638826,73,-49536000.00,215692000.00,268824000.00,-0.229661,1499.0,148396000.00,193791000.00,-14570000.00,-1565000.00,1768648000.00,1727396000.00,1745057000.00,1747390000.00
0001639068,65,47802.00,383512.00,593738.00,0.124643,2024.0,,,-128846.00,-60067.00,20941585.00,21018324.00,23534370.00,23571900.00
0001639300,53,56186000.00,576767000.00,658928000.00,0.097415,2396.0,237031000.00,275964000.00,28702000.00,45501000.00,2561145000.00,2706979000.00,2954953000.00,2993899000.00
0001639438,58,15710000.00,331826000.00,438270000.00,0.047344,2459.0,,,38577000.00,64065000.00,1169669000.00,1228363000.00,1360027000.00,1422934000.00
0001639691,38,48617000.00,316855000.00,362258000.00,0.153436,1103.0,216254000.00,243749000.00,23966000.00,15216000.00,2506389000.00,2558746000.00,2606053000.00,2516351000.00
0001639723,73,-15894000.00,157461000.00,220231000.00,-0.100939,1454.0,111793000.00,163055000.00,4551000.00,-6798000.00,1083954000.00,,1708761000.00,1714177000.00
0001639825,39,-32400000.00,624000000.00,630900000.00,-0.051923,2423.0,318100000.00,327300000.00,,,2109800000.00,2064800000.00,2164600000.00,2017400000.00
0001640147,73,-447257000.00,1042074000.00,1390951000.00,-0.429199,1549.0,693288000.00,926451000.00,228373000.00,243223000.00,9033938000.00,8157407000.00,9132495000.00,8554256000.00
0001640266,28,-34693000.00,6473000.00,2593000.00,-5.359648,392.0,,,-37895000.00,-33419000.00,393050000.00,353240000.00,252281000.00,219325000.00
0001640384,61,-5099840.00,2371337.00,2108967.00,-2.150618,122.0,,,-2899008.00,-3288533.00,44047225.00,39121241.00,51316226.00,41752353.00
0001640428,73,7997000.00,166632000.00,190852000.00,0.047992,1307.0,,,23306000.00,29598000.00,210530000.00,232145000.00,326913000.00,323972000.00
0001640967,67,-6978000.00,11955000.00,17529000.00,-0.583689,930.0,,,-8430000.00,-5325000.00,87293000.00,,70081000.00,63899000.00
0001641281,28,-12115000.00,1222000.00,26000.00,-9.914075,412.0,,,-13365000.00,-8023000.00,99632000.00,85862000.00,56748000.00,48027000.00
0001641614,27,14104000.00,122761000.00,147108000.00,0.114890,1712.0,40696000.00,44124000.00,5593000.00,13648000.00,349657000.00,351913000.00,403191000.00,386454000.00
0001642380,28,-6799000.00,2138000.00,32000.00,-3.180075,364.0,1325000.00,15000.00,-5839000.00,-7639000.00,35081000.00,60360000.00,25756000.00,40427000.00
0001642896,73,-33255000.00,366884000.00,478844000.00,-0.090642,1449.0,283715000.00,361143000.00,52612000.00,81413000.00,2024302000.00,2073617000.00,2540674000.00,2614070000.00
0001643154,01,-2010000.00,38121000.00,33510000.00,-0.052727,1916.0,18878000.00,15921000.00,3121000.00,1014000.00,271043000.00,272526000.00,255986000.00,255838000.00
0001643303,36,-41892000.00,14401000.00,29725000.00,-2.908965,671.0,5841000.00,12127000.00,-7479000.00,-7079000.00,902540000.00,,638224000.00,573207000.00
0001643615,87,-10575000.00,177834000.00,168518000.00,-0.059466,1874.0,,,5504000.00,-11637000.00,990353000.00,992161000.00,981296000.00,948023000.00
0001643721,87,251906.00,1728744.00,1128797.00,0.145716,1777.0,810869.00,605453.00,,,910777.00,1119446.00,1018008.00,1105556.00
0001643953,25,-14479000.00,104171000.00,95730000.00,-0.138993,2580.0,41046000.00,35195000.00,-23070000.00,2989000.00,307845000.00,293772000.00,296259000.00,271987000.00
0001644378,87,7560000.00,166668000.00,145629000.00,0.045360,1820.0,,,,,692732000.00,649741000.00,687121000.00,684626000.00
0001644903,28,-485816.00,4749426.00,5640059.00,-0.102289,272.0,2959364.00,3256922.00,,,11542977.00,10937719.00,11782124.00,12252849.00
0001645113,38,-37865000.00,154994000.00,174055000.00,-0.244300,1417.0,116473000.00,135126000.00,-35665000.00,-13517000.00,1240784000.00,1248809000.00,804326000.00,787926000.00
0001645460,28,-12299000.00,421000.00,5686000.00,-29.213777,453.0,,,-8172000.00,-10942000.00,32191000.00,22254000.00,42212000.00,30877000.00
0001645590,35,-1109000000.00,7627000000.00,10678000000.00,-0.145404,899.0,,,,,70327000000.00,67854000000.00,75768000000.00,79512000000.00
0001645873,67,4736000.00,11793000.00,11703000.00,0.401594,762.0,,,3050000.00,4104000.00,507829000.00,506802000.00,476457000.00,484284000.00
0001646188,36,-10310000.00,4248000.00,50122000.00,-2.427024,665.0,1488000.00,24658000.00,-6659000.00,-51298000.00,109622000.00,104600639.00,1132841000.00,2439370000.00
0001647088,73,119434000.00,559551000.00,548628000.00,0.213446,1180.0,300366000.00,285675000.00,206627000.00,191058000.00,6034911000.00,5961676000.00,5816167000.00,5810656000.00
0001647639,61,-4496000.00,213371000.00,308214000.00,-0.021071,94.0,,,-13486000.00,-133297000.00,2366958000.00,2296277000.00,2974805000.00,2961681000.00
0001648087,34,-2966419.00,2511324.00,1985191.00,-1.181217,2648.0,289054.00,-394045.00,-546475.00,-1025491.00,10006215.00,9704940.00,31823595.00,30724380.00
0001648960,48,-1433961.00,83.00,73.00,-17276.638554,2799.0,,,-1190485.00,-1251131.00,5371458.00,8508527.00,7197408.00,4945011.00
0001649744,56,-12352000.00,102704000.00,98594000.00,-0.120268,2538.0,53355000.00,56634000.00,-56463000.00,-13418000.00,452442000.00,463705000.00,402609000.00,380650000.00
0001649904,28,-47004000.00,32704000.00,60112000.00,-1.437255,341.0,,,-40351000.00,-44185000.00,392273000.00,386685000.00,480196000.00,442316000.00
0001650164,73,43000000.00,1337000000.00,1630000000.00,0.032162,1323.0,346000000.00,447000000.00,79000000.00,132000000.00,2408000000.00,2564000000.00,3145000000.00,3094000000.00
0001650372,73,-12456000.00,1356716000.00,1786971000.00,-0.009181,1375.0,1137041000.00,1524209000.00,652681000.00,567475000.00,5446305000.00,5883716000.00,6160381000.00,5650923000.00
0001650648,28,-53621000.00,14000.00,3047000.00,-3830.071429,2795.0,,,-47758000.00,-68125000.00,560384000.00,515729000.00,566711000.00,512905000.00
0001650664,28,-76163000.00,4658000.00,2831000.00,-16.351009,435.0,,,-47799000.00,-23061000.00,341589000.00,263652000.00,186534000.00,149338000.00
0001650696,20,-218019.00,11654159.00,13941552.00,-0.018707,2064.0,4881540.00,4643239.00,-1274744.00,-3832660.00,19259001.00,21493031.00,19217837.00,74876917.00
0001650729,50,-29500000.00,939400000.00,940100000.00,-0.031403,2238.0,309800000.00,318800000.00,-129600000.00,-122100000.00,3070800000.00,3258400000.00,3219600000.00,3457500000.00
0001651308,28,11102000.00,1117279000.00,1513438000.00,0.009937,248.0,952277000.00,1346223000.00,44082000.00,201336000.00,5920910000.00,5841526000.00,8188573000.00,8553619000.00
0001651562,73,-14400000.00,179300000.00,195700000.00,-0.080312,1437.0,97900000.00,108600000.00,33500000.00,14600000.00,930300000.00,951200000.00,1000000000.00,1000500000.00
0001651721,67,-1475781.00,2381595.00,2184204.00,-0.619661,931.0,,,718214.00,451160.00,106563790.00,116681861.00,97264681.00,88275458.00
0001652044,73,30606000000.00,90234000000.00,109896000000.00,0.339185,1107.0,,,36150000000.00,45790000000.00,450256000000.00,475374000000.00,595281000000.00,703919000000.00
0001652130,28,-120807000.00,16627000.00,15048000.00,-7.265712,406.0,,,-148930000.00,-117346000.00,1191015000.00,986163000.00,842127000.00,758779000.00
0001652535,36,-1172000.00,244465000.00,256068000.00,-0.004794,597.0,28522000.00,32258000.00,18977000.00,-2917000.00,995564000.00,1006613000.00,942879000.00,972502000.00
0001653087,28,-44695000.00,3700000.00,1046000.00,-12.079730,420.0,,,-60783000.00,-49813000.00,468303000.00,408303000.00,293237000.00,239916000.00
0001653482,73,-34610000.00,214509000.00,264158000.00,-0.161345,1477.0,189474000.00,226670000.00,106302000.00,149197000.00,1399263000.00,1441990000.00,1722747000.00,1705533000.00
0001653558,73,32625000.00,224630000.00,249558000.00,0.145239,1227.0,,,9956000.00,23839000.00,1826860000.00,1891658000.00,2398804000.00,2466206000.00
0001653653,70,154353000.00,497861000.00,507319000.00,0.310032,2103.0,,,126227000.00,139833000.00,4045531000.00,4085953000.00,4167073000.00,4223260000.00
0001655210,20,-64370000.00,68731000.00,58206000.00,-0.936550,2620.0,-6926000.00,1985000.00,-26146000.00,-5028000.00,678146000.00,643830000.00,614747000.00,579464000.00
0001655759,28,71400000.00,188800000.00,15600000.00,0.378178,153.0,,,-88900000.00,-69200000.00,1091400000.00,1001100000.00,717900000.00,647500000.00
0001655923,28,-3404962.00,2928654.00,3533798.00,-1.162637,334.0,,,-2044280.00,-11797992.00,50736938.00,48608419.00,79730235.00,69248341.00
0001656472,28,-4072000.00,32262000.00,45210000.00,-0.126217,275.0,13734000.00,19153000.00,-2096000.00,10898000.00,1166312000.00,1153827000.00,1197140000.00,1172109000.00
0001657214,65,-837661.00,548624.00,956836.00,-1.526840,2655.0,274444.00,637093.00,-116409.00,-324884.00,30682068.00,30756729.00,32335890.00,32468128.00
0001657573,73,-15391000.00,150971000.00,205138000.00,-0.101947,1455.0,56331000.00,78488000.00,-3691000.00,14623000.00,680129000.00,690110000.00,703720000.00,740263000.00
0001657788,13,33577000.00,84209000.00,65544000.00,0.398734,1744.0,,,54153000.00,49430000.00,1119915000.00,1325867709.00,1229340000.00,1193740000.00
0001658247,28,-111405000.00,361000.00,10734000.00,-308.601108,2777.0,,,-88452000.00,-124703000.00,1434592000.00,1361327000.00,1126257000.00,1401323000.00
0001658566,13,504463000.00,1376451000.00,1388146000.00,0.366495,1749.0,,,898032000.00,815076000.00,16897900000.00,17076443000.00,17912185000.00,17994450000.00
0001659166,38,165300000.00,993100000.00,1069400000.00,0.166448,1091.0,637500000.00,675500000.00,241700000.00,234800000.00,17016100000.00,17137000000.00,11737700000.00,11584100000.00
0001660134,73,39000000.00,688000000.00,765000000.00,0.056686,1297.0,533000000.00,595000000.00,241000000.00,277000000.00,9437000000.00,9365000000.00,9710000000.00,9347000000.00
0001660280,73,-17711000.00,239137000.00,262058000.00,-0.074062,1433.0,186677000.00,205389000.00,87407000.00,87971000.00,1742119000.00,1693577000.00,1747667000.00,1620321000.00
0001660334,28,-8130000.00,3439000.00,5023000.00,-2.364059,356.0,,,-12677000.00,-9163000.00,54134000.00,42178000.00,47131000.00,38786000.00
0001660734,73,226718000.00,11915000.00,19097000.00,19.027948,668.0,594000.00,430000.00,287698000.00,205874000.00,11103403000.00,9033535000.00,9814420000.00,9723054000.00
0001661181,28,-26746000.00,86693000.00,37228000.00,-0.308514,287.0,62970000.00,,-19935000.00,21127000.00,497886000.00,467394000.00,598730000.00,519992000.00
0001661458,67,-653000.00,9305000.00,9394000.00,-0.070177,914.0,,,1114000.00,1009000.00,336740000.00,334571000.00,320245000.00,318486000.00
0001661779,61,1700211.00,30364357.00,25049691.00,0.055994,87.0,10064933.00,6858881.00,5884277.00,-2351559.00,52489743.00,56847101.00,71403797.00,87884358.00
0001662579,28,-29164000.00,7238000.00,6152000.00,-4.029290,377.0,,,-33285000.00,-29944000.00,349602000.00,319524000.00,359075000.00,328861000.00
0001662684,36,-9443805.00,2448606.00,4846430.00,-3.856809,674.0,206345.00,1417292.00,-9626160.00,-8704916.00,62927187.00,93804070.00,128967704.00,105508841.00
0001662972,67,502131000.00,2055172000.00,1937666000.00,0.244326,838.0,,,572454000.00,473810000.00,116238241000.00,112931218000.00,98603508000.00,93596539000.00
0001662991,73,49895000.00,104912000.00,135539000.00,0.475589,1052.0,,,52479000.00,88978000.00,298372000.00,298074000.00,400229000.00,454305000.00
0001664703,36,-19070000.00,326021000.00,751054000.00,-0.058493,604.0,88707000.00,225544000.00,-110682000.00,73610000.00,2657354000.00,2607984000.00,4396711000.00,4664729000.00
0001664710,28,152040000.00,211192000.00,32000.00,0.719914,141.0,,,161171000.00,-3529000.00,615886000.00,784561000.00,338021000.00,312293000.00
0001665300,73,-4814000.00,688000.00,542000.00,-6.997093,2634.0,359000.00,384000.00,-3335000.00,-2727000.00,114781000.00,112034000.00,120868000.00,99726000.00
0001665918,51,224000000.00,9351000000.00,9610000000.00,0.023955,2272.0,1614000000.00,1653000000.00,391000000.00,294000000.00,13436000000.00,13651000000.00,13943000000.00,14164000000.00
0001665988,38,4869000.00,123876000.00,132089000.00,0.039305,1169.0,83056000.00,90769000.00,-19331000.00,8934000.00,727956000.00,691414000.00,683559000.00,650539000.00
0001666071,73,-11115000.00,56435000.00,34319000.00,-0.196952,1492.0,,,-6706000.00,-5642000.00,392711000.00,369073000.00,285641000.00,263909000.00
0001666134,73,3575000.00,166931000.00,183155000.00,0.021416,1338.0,126007000.00,139150000.00,46742000.00,46296000.00,1825036000.00,1781148000.00,1759519000.00,1455518000.00
0001666138,36,-51822000.00,701725000.00,731377000.00,-0.073849,608.0,185117000.00,136116000.00,,,2961745000.00,2851922000.00,2788581000.00,2848376000.00
0001667011,36,-7708000.00,16532000.00,22936000.00,-0.466247,640.0,15006000.00,19686000.00,2860000.00,-7062000.00,106135000.00,98319000.00,115031000.00,139876000.00
0001667313,73,160000.00,7757000.00,7992000.00,0.020627,1340.0,,,,,37092000.00,37831000.00,33823000.00,34304000.00
0001668010,56,-1996560.00,1871701.00,1315984.00,-1.066709,2649.0,872455.00,45381.00,-4507347.00,-4711070.00,19890327.00,44489380.00,44489380.00,47319165.00
0001668243,28,-36914000.00,20254000.00,50959000.00,-1.822554,349.0,17924000.00,46820000.00,-42024000.00,-45316000.00,285711000.00,247618000.00,200455000.00,253690000.00
0001668397,87,113523000.00,558570000.00,706604000.00,0.203239,1758.0,,,125836000.00,151788000.00,2100866000.00,1897369000.00,1975472000.00,2129613000.00
0001669779,55,20842000.00,1413524000.00,1354605000.00,0.014745,1866.0,,,-232479000.00,-65583000.00,4863277000.00,5147210000.00,5044334000.00,5136287000.00
0001669811,73,45800000.00,201100000.00,205500000.00,0.227747,1170.0,,,-37700000.00,-5600000.00,841600000.00,852800000.00,800400000.00,840800000.00
0001670076,45,-46000000.00,912000000.00,992000000.00,-0.050439,2096.0,,,-86000000.00,40000000.00,6153000000.00,6481000000.00,7220000000.00,7017000000.00
0001670592,39,21671000.00,351128000.00,380414000.00,0.061718,2297.0,201722000.00,210211000.00,-80296000.00,-32649000.00,1286120000.00,1237866000.00,1235418000.00,1218618000.00
0001671858,28,-37177000.00,7973000.00,22681000.00,-4.662862,387.0,,,-40742000.00,-44946000.00,351153000.00,327318000.00,327652000.00,287571000.00
0001671927,28,-3616000.00,93881000.00,106677000.00,-0.038517,264.0,,,435000.00,-13775000.00,1009506000.00,1028008000.00,1067269000.00,1072095000.00
0001671933,73,54452000.00,616021000.00,688857000.00,0.088393,1272.0,,,291433000.00,391805000.00,6111951000.00,5705441000.00,6153220000.00,5734384000.00
0001672013,39,114547000.00,703372000.00,752975000.00,0.162854,2207.0,337162000.00,355260000.00,-120254000.00,-143663000.00,2180206000.00,2402627000.00,2342699000.00,2599902000.00
0001673358,58,399000000.00,2981000000.00,3271000000.00,0.133848,2341.0,,,452000000.00,550000000.00,11121000000.00,11002000000.00,10783000000.00,10837000000.00
0001673743,73,13137000.00,123825000.00,182307000.00,0.106093,1259.0,100233000.00,154233000.00,4925000.00,43083000.00,673259000.00,,744761000.00,728771000.00
0001674101,36,290700000.00,2036000000.00,2649500000.00,0.142780,544.0,,,303300000.00,766800000.00,9132500000.00,9451100000.00,12212400000.00,13400100000.00
0001674227,73,-333997.00,720299.00,744899.00,-0.463692,1554.0,136863.00,374109.00,-404621.00,-252749.00,6345811.00,7156907.00,7896088.00,7776392.00
0001674335,24,-184951000.00,776006000.00,722125000.00,-0.238337,2611.0,112083000.00,92714000.00,-83494000.00,-91215000.00,2620169000.00,2418915000.00,2102814000.00,2077268000.00
0001674356,67,4084212.00,12456749.00,3213850.00,0.327871,802.0,,,861561.00,-1477281.00,542819059.00,495229538.00,351540758.00,283999615.00
0001674416,28,-148424000.00,865000.00,1458000.00,-171.588439,2759.0,,,-53947000.00,-108897000.00,2242034000.00,2166102000.00,2265243000.00,2725820000.00
0001674632,38,-18642000.00,17639000.00,27626000.00,-1.056863,1588.0,8971000.00,16437000.00,-19975000.00,-23832000.00,149645000.00,338024000.00,328743000.00,304417000.00
0001674862,51,51000000.00,479000000.00,482000000.00,0.106472,2205.0,147000000.00,147000000.00,,,5231000000.00,5233000000.00,4519000000.00,4499000000.00
0001674910,29,66900000.00,403200000.00,503800000.00,0.165923,2269.0,150500000.00,187000000.00,,,2349800000.00,2452600000.00,3402100000.00,3421100000.00
0001674930,80,-19795000.00,73463000.00,71138000.00,-0.269455,1024.0,28346000.00,21490000.00,-4431000.00,7097000.00,1219964000.00,1205744000.00,1213525000.00,1156369000.00
0001676047,38,-1413497.00,667432.00,433399.00,-2.117814,1647.0,251981.00,,-1336972.00,-563104.00,7469955.00,6152181.00,7547935.00,6892302.00
0001676163,38,-5921853.00,5120610.00,11101366.00,-1.156474,1592.0,1087208.00,5327221.00,-6103374.00,-2311936.00,42385213.00,63456961.00,74226217.00,90546889.00
0001676238,73,-40222000.00,162059000.00,210999000.00,-0.248194,1504.0,111202000.00,138663000.00,24144000.00,28126000.00,870998000.00,889134000.00,1113757000.00,1091039000.00
0001677576,65,33964000.00,71722000.00,68996000.00,0.473551,1830.0,,,54242000.00,56031000.00,2378047000.00,2352587000.00,2370858000.00,2393980000.00
0001679049,44,59173000.00,183394000.00,325476000.00,0.322655,2246.0,,,69947000.00,141061000.00,2636397000.00,2542397000.00,2668642000.00,2871343000.00
0001679268,13,-1163000.00,11631000.00,22030000.00,-0.099991,1951.0,,,2711000.00,-3032000.00,384031000.00,374354000.00,334894000.00,344736000.00
0001679788,61,705806000.00,2034295000.00,1412982000.00,0.346954,73.0,,,852694000.00,182744000.00,22541951000.00,21731006000.00,29671832000.00,28848792000.00
0001680062,35,25777000.00,172347000.00,231263000.00,0.149565,785.0,82550000.00,107238000.00,5282000.00,-29538000.00,1855721000.00,1933768000.00,2872185000.00,3065898000.00
0001680247,13,9501000.00,359416000.00,270685000.00,0.026435,1881.0,,,54689000.00,2733000.00,1223645000.00,1246199000.00,1290890000.00,1409410000.00
0001680378,28,-1663000.00,485000.00,493000.00,-3.428866,371.0,313000.00,338000.00,-1557000.00,-1929000.00,3278000.00,3626000.00,12843000.00,11063000.00
0001680873,51,1154000.00,298428000.00,312002000.00,0.003867,2298.0,50959000.00,50526000.00,6948000.00,15288000.00,549991000.00,581850000.00,541529000.00,545882000.00
0001681459,35,278100000.00,2233600000.00,2492700000.00,0.124508,800.0,,,441700000.00,332500000.00,9869200000.00,9971800000.00,10118200000.00,10086100000.00
0001681622,36,22100000.00,212900000.00,216000000.00,0.103805,555.0,76700000.00,72600000.00,,,1332200000.00,1357600000.00,1098000000.00,1089400000.00
0001682149,73,-9431000.00,629000.00,3416000.00,-14.993641,2708.0,69000.00,111000.00,-6024000.00,-8727000.00,100625000.00,95673000.00,274704000.00,250113000.00
0001682265,73,-1017226.00,734515.00,1021085.00,-1.384895,1604.0,94656.00,56239.00,-322465.00,,2449974.00,2229675.00,3807247.00,3963538.00
0001682639,28,-3030693.00,14720.00,244271.00,-205.889470,2766.0,14672.00,244271.00,-4442846.00,-4196652.00,3667759.00,5983953.00,51764256.00,70065963.00
0001682745,47,57385000.00,31447000.00,27315000.00,1.824816,702.0,,,62965000.00,40841000.00,1614489000.00,1643100000.00,1645662000.00,1655998000.00
0001682852,28,-1050000000.00,108000000.00,389000000.00,-9.722222,410.0,,,-1037000000.00,-630000000.00,14142000000.00,12704000000.00,12338000000.00,11488000000.00
0001683606,73,6460000.00,179024000.00,180223000.00,0.036085,1318.0,,,29455000.00,39808000.00,1111865000.00,1083683000.00,1062418000.00,1053413000.00
0001684144,28,-64548000.00,6500000.00,8799000.00,-9.930462,413.0,4407000.00,5484000.00,-6648000.00,-5257000.00,207360000.00,142993000.00,127039000.00,121533000.00
0001687932,23,19062000.00,153624000.00,144427000.00,0.124082,2416.0,110357000.00,98693000.00,5336000.00,1687000.00,417699000.00,432896000.00,450216000.00,437471000.00
0001688126,73,-475887.00,2856.00,4047.00,-166.627101,2769.0,2856.00,4047.00,-152824.00,34318.00,1763.00,6933.00,220999.00,33436.00
0001688757,38,-16946000.00,41377000.00,59877000.00,-0.409551,1497.0,27808000.00,42335000.00,-20725000.00,-4310000.00,346831000.00,333364000.00,357167000.00,351037000.00
0001689375,28,-21790000.00,20558000.00,875000.00,-1.059928,329.0,,,-38507000.00,-41695000.00,526321000.00,486479000.00,377378000.00,335518000.00
0001690680,65,-17519000.00,665494000.00,846519000.00,-0.026325,2097.0,,,-179404000.00,-247598000.00,4710120000.00,4847743000.00,5019167000.00,5279057000.00
0001690820,55,394000000.00,4232000000.00,6432000000.00,0.093100,1823.0,929000000.00,1271000000.00,232000000.00,107000000.00,8484000000.00,8878000000.00,13201000000.00,13771000000.00
0001692063,42,42100000.00,1401800000.00,1398500000.00,0.030033,2371.0,,,91700000.00,92900000.00,4933700000.00,4978500000.00,4840100000.00,4923000000.00
0001692415,38,-8551956.00,50277.00,145954.00,-170.096784,2770.0,28687.00,-47814.00,-8745214.00,-7846276.00,63563158.00,55149342.00,24742585.00,21499726.00
0001692427,13,4289000.00,50005000.00,45637000.00,0.085771,1841.0,,,-1645000.00,1280000.00,152812000.00,155118000.00,181199000.00,174583000.00
0001692787,49,19280000.00,443263000.00,409976000.00,0.043496,2026.0,,,176830000.00,180431000.00,6814937000.00,7030683000.00,7095611000.00,7110743000.00
0001692819,49,-120000000.00,3933000000.00,5640000000.00,-0.030511,2060.0,,,599000000.00,1199000000.00,37770000000.00,38228000000.00,41550000000.00,41308000000.00
0001692951,67,945000.00,40666000.00,47525000.00,0.023238,906.0,,,-5463000.00,-1212000.00,1943855000.00,1858235000.00,2190466000.00,2161682000.00
0001693256,13,15541000.00,374384000.00,365958000.00,0.041511,1871.0,55770000.00,65280000.00,-5061000.00,10242000.00,1366282000.00,1545211000.00,1595612000.00,1706875000.00
0001693317,49,-289000000.00,1586000000.00,2584000000.00,-0.182219,2150.0,,,372000000.00,739000000.00,19334000000.00,18862000000.00,24267000000.00,22683000000.00
0001693736,73,-10000000.00,716000000.00,989000000.00,-0.013966,1379.0,200000000.00,287000000.00,-51000000.00,-200000000.00,4816000000.00,,5987000000.00,6357000000.00
0001694028,13,18172000.00,977461000.00,1021184000.00,0.018591,1885.0,,,192118000.00,8400000.00,3296394000.00,3355822000.00,3558305000.00,4443482000.00
0001694426,29,-125800000.00,2641900000.00,2653100000.00,-0.047617,2527.0,,,-62400000.00,461100000.00,6665800000.00,6882100000.00,6847700000.00,7569900000.00
0001695963,61,954569.00,4698227.00,3174006.00,0.203176,78.0,3107922.00,2673914.00,1492121.00,382694.00,521851543.00,524435765.00,380854013.00,376578710.00
0001696088,13,-974980.00,7877153.00,6037969.00,-0.123773,1961.0,,,3428971.00,1599712.00,161502477.00,157309640.00,148290348.00,146627518.00
0001696556,20,-9187000.00,50603000.00,72720000.00,-0.181551,2165.0,19093000.00,29678000.00,-14476000.00,-12840000.00,,,116419000.00,205691000.00
0001697500,35,22055000.00,126332000.00,196239000.00,0.174580,770.0,,,25722000.00,79014000.00,1130458000.00,1129790000.00,2143106000.00,2995925000.00
0001698514,13,20941000.00,303102000.00,404586000.00,0.069089,1858.0,37455000.00,51831000.00,20485000.00,30745000.00,1773678000.00,1769323000.00,1851519000.00,1923930000.00
0001698538,67,312614.00,9040180.00,10223590.00,0.034581,905.0,,,885605.00,1489242.00,158041421.00,157011261.00,152918071.00,152321356.00
0001698990,13,135822000.00,350300000.00,358511000.00,0.387731,1745.0,,,224490000.00,197616000.00,2820835000.00,2868614000.00,2903092000.00,2944478000.00
0001699031,80,-153607000.00,31837000.00,40785000.00,-4.824795,1694.0,,,-95012000.00,-86989000.00,2983307000.00,2847605000.00,2922015000.00,2803474000.00
0001699039,13,1000000.00,135200000.00,159100000.00,0.007396,1893.0,,,10600000.00,-3400000.00,381600000.00,376500000.00,419300000.00,459200000.00
0001699136,35,68612000.00,280319000.00,388349000.00,0.244764,751.0,,,41545000.00,128271000.00,1739328000.00,1769067000.00,1871617000.00,2458081000.00
0001699150,35,302500000.00,1716800000.00,1847200000.00,0.176200,769.0,765500000.00,792400000.00,256400000.00,199700000.00,18009800000.00,18379400000.00,18297200000.00,18218200000.00
0001699350,38,-4294000.00,10132000.00,16708000.00,-0.423806,1500.0,7791000.00,12986000.00,-6477000.00,-12358000.00,43080000.00,,169907000.00,160361000.00
0001701108,28,-14731000.00,5874000.00,258000.00,-2.507831,358.0,,,-4002000.00,15864000.00,110543000.00,77709000.00,68919000.00,59021000.00
0001701758,57,-14954000.00,138373000.00,138196000.00,-0.108070,2531.0,74370000.00,71974000.00,-41377000.00,-35356000.00,532250000.00,483740000.00,534682000.00,500973000.00
0001701963,73,-1172761.00,199347.00,17300.00,-5.883013,2066.0,191124.00,17300.00,-641445.00,143986.00,3535560.00,2728607.00,2061062.00,1658953.00
0001702744,20,54721000.00,359655000.00,326013000.00,0.152149,1974.0,130137000.00,103033000.00,,,2434437000.00,2427180000.00,2450627000.00,2125704000.00
0001702780,48,343458000.00,2152282000.00,2065368000.00,0.159579,17.0,,,187483000.00,170283000.00,31701370000.00,31684888000.00,30703838000.00,27872413000.00
0001702924,34,-3922000.00,765000.00,1111000.00,-5.126797,2690.0,595000.00,691000.00,-3069000.00,-1246000.00,15121000.00,17972000.00,15418000.00,16722000.00
0001703056,73,319252000.00,1267491000.00,1278529000.00,0.251877,1153.0,,,466626000.00,638093000.00,16050957000.00,15830065000.00,15818511000.00,15912648000.00
0001703057,28,-62660000.00,4235000.00,8315000.00,-14.795750,429.0,,,-11554000.00,-33523000.00,1360553000.00,1344208000.00,1356950000.00,1307112000.00
0001703956,17,8260000.00,93958000.00,106796000.00,0.087912,2265.0,36182000.00,41258000.00,,,912885000.00,878790000.00,883726000.00,898042000.00
0001704292,28,-56311000.00,106487000.00,99611000.00,-0.528806,307.0,,,-61699000.00,-11912000.00,1185753000.00,1173330000.00,1172384000.00,1095737000.00
0001704711,39,-23198000.00,190739000.00,200919000.00,-0.121622,2518.0,,,-22262000.00,10150000.00,707254000.00,648401000.00,685234000.00,625870000.00
0001704715,12,-40175000.00,531957000.00,524987000.00,-0.075523,2576.0,,,22181000.00,29046000.00,2438708000.00,2400500000.00,2280626000.00,2282437000.00
0001704720,58,-21400000.00,103200000.00,96200000.00,-0.207364,2597.0,,,9100000.00,-21200000.00,2228900000.00,2096400000.00,1308900000.00,1239600000.00
0001705110,73,20003000.00,245913000.00,238150000.00,0.081342,1275.0,232898000.00,228457000.00,-3113000.00,-17903000.00,1830735000.00,1805534000.00,1680368000.00,1625265000.00
0001705843,28,-41571000.00,1034000.00,1681000.00,-40.204062,505.0,,,-11827000.00,-11486000.00,350069000.00,335045000.00,305047000.00,324202000.00
0001706946,47,-88448000.00,461000.00,227000.00,-191.861171,2772.0,,,-75918000.00,-53501000.00,961225000.00,903933000.00,803179000.00,750229000.00
0001707910,58,-1697357.00,1693261.00,5211447.00,-1.002419,2652.0,,,464606.00,362250.00,7789123.00,8064577.00,13181090.00,14151475.00
0001707919,37,-6173536.00,2143058.00,1212160.00,-2.880713,1731.0,321527.00,237128.00,-4954514.00,-2806429.00,132566314.00,129341972.00,74429290.00,73250455.00
0001707925,28,2184000000.00,8112000000.00,8781000000.00,0.269231,166.0,,,2161000000.00,2240000000.00,80147000000.00,82704000000.00,86817000000.00,86315000000.00
0001708035,28,-981000.00,143109000.00,214952000.00,-0.006855,252.0,19098000.00,36414000.00,10256000.00,16938000.00,1802321000.00,1786922000.00,1260978000.00,1246617000.00
0001708055,73,-19610000.00,181279000.00,162606000.00,-0.108176,1459.0,82370000.00,69691000.00,-3535000.00,-21996000.00,1162554000.00,1137477000.00,1212255000.00,1159702000.00
0001708341,79,-5251623.00,2275135.00,1553264.00,-2.308269,1312.0,,,-2184087.00,-661019.00,112687259.00,117861406.00,89780577.00,68059707.00
0001709164,36,2313000.00,133372000.00,121963000.00,0.017342,588.0,32771000.00,36192000.00,6620000.00,3304000.00,415067000.00,418020000.00,397624000.00,370132000.00
0001709628,73,-2436000.00,738000.00,1315000.00,-3.300813,1707.0,330000.00,710000.00,-2401000.00,-2513000.00,615000.00,7998000.00,10122000.00,7775000.00
0001709682,73,12405000.00,422232000.00,461622000.00,0.029380,1328.0,85536000.00,103063000.00,55635000.00,23815000.00,3501967000.00,3542908000.00,3441454000.00,3547306000.00
0001709941,28,-16446000.00,1451000.00,2772000.00,-11.334252,417.0,,,-17363000.00,-24046000.00,358234000.00,343841000.00,294889000.00,397654000.00
0001710155,38,26137000.00,510324000.00,543880000.00,0.051216,1156.0,,,32239000.00,61705000.00,2007771000.00,2010352000.00,1983678000.00,2020483000.00
0001710340,28,-470000.00,17282000.00,24266000.00,-0.027196,258.0,9861000.00,14735000.00,2090000.00,7405000.00,76123000.00,84032000.00,92114000.00,97710000.00
0001710350,61,-52368312.00,25105120.00,27924756.00,-2.085961,121.0,,,17401915.00,-1094839.00,538247664.00,485248574.00,1174418132.00,1180684752.00
0001710366,12,-53910000.00,1017406000.00,1084278000.00,-0.052988,2560.0,,,-109638000.00,119400000.00,2879543000.00,6251946000.00,6130053000.00,6055921000.00
0001711141,28,-1907545.00,9398261.00,9377002.00,-0.202968,281.0,2073290.00,4624650.00,-1836212.00,395001.00,42976976.00,,36402878.00,41850032.00
0001711269,49,291600000.00,1374500000.00,1443700000.00,0.212150,1937.0,,,449600000.00,362500000.00,32282100000.00,32454200000.00,33948500000.00,34481500000.00
0001711279,28,36252000.00,88183000.00,116357000.00,0.411100,150.0,,,30969000.00,80382000.00,1055838000.00,1074416000.00,1333794000.00,1396967000.00
0001711799,67,35034000.00,51828000.00,52737000.00,0.675967,711.0,,,15520000.00,18691000.00,2596977000.00,2657511000.00,2730573000.00,2823339000.00
0001711929,67,246967000.00,400265000.00,392280000.00,0.617009,722.0,,,85246000.00,54214000.00,20991989000.00,19624544000.00,18917862000.00,18744559000.00
0001712189,70,-1076000.00,69897000.00,72781000.00,-0.015394,2391.0,17964000.00,6883000.00,3939000.00,7040000.00,725774000.00,562520000.00,530205000.00,539540000.00
0001712463,26,-8000000.00,91200000.00,101200000.00,-0.087719,2478.0,30900000.00,34900000.00,-1300000.00,4400000.00,1104200000.00,1119500000.00,1124900000.00,1107100000.00
0001712762,87,-2627139.00,1853597.00,1351527.00,-1.417319,2630.0,,,-1641775.00,-3227240.00,6513667.00,5547283.00,10960772.00,7945252.00
0001713210,80,-720404.00,289037.00,273658.00,-2.492428,1530.0,156286.00,159409.00,-1453874.00,-394770.00,3240020.00,25184729.00,24591278.00,24909282.00
0001713407,67,35106000.00,35520000.00,36274000.00,0.988345,705.0,,,8612000.00,7037000.00,1821263000.00,2006109000.00,2030537000.00,2104175000.00
0001713445,73,3903000.00,392361000.00,663411000.00,0.009947,1357.0,,,127578000.00,312253000.00,2336595000.00,2437024000.00,3239173000.00,3484283000.00
0001713683,73,-25411000.00,678034000.00,850475000.00,-0.037477,1405.0,522056000.00,657823000.00,,,5005968000.00,5339628000.00,6753828000.00,7098079000.00
0001713863,28,-5913000.00,362000.00,179000.00,-16.334254,434.0,,,,,83042000.00,108096000.00,99315000.00,91990000.00
0001714562,79,-4106235.00,7439124.00,14503721.00,-0.551978,1027.0,3157925.00,5572281.00,-8582365.00,-6419263.00,78730447.00,67779864.00,79302381.00,68214519.00
0001716166,38,-3918000.00,3016000.00,5141000.00,-1.299072,1595.0,1509000.00,3059000.00,-3796000.00,-6010000.00,15284000.00,11282000.00,25152000.00,25043000.00
0001716621,38,-3575000.00,143000.00,432000.00,-25.000000,2726.0,132000.00,390000.00,-2338000.00,-2796000.00,27770000.00,24800000.00,15860000.00,35085000.00
0001716947,28,-1967512.00,1319772.00,960999.00,-1.490797,342.0,,,-1707412.00,-3500925.00,5597232.00,4611874.00,7452479.00,2167803.00
0001717115,73,-68689000.00,255737000.00,348116000.00,-0.268592,1511.0,,,-105624000.00,-73277000.00,926116000.00,1543137000.00,2274838000.00,2135091000.00
0001718224,58,-292196.00,3231073.00,2843634.00,-0.090433,2582.0,,,-306739.00,-97650.00,11996797.00,11003980.00,10745052.00,9978880.00
0001718227,16,27289000.00,571650000.00,769196000.00,0.047737,2348.0,71350000.00,98853000.00,,,2567916000.00,2753526000.00,3358587000.00,3438757000.00
0001718500,28,583109.00,6922367.00,7294030.00,0.084235,220.0,4966428.00,5041821.00,,,13709699.00,12950947.00,16239654.00,15181026.00
0001718512,35,125800000.00,847600000.00,851100000.00,0.148419,788.0,344600000.00,338000000.00,7300000.00,30200000.00,6786300000.00,6885800000.00,7151400000.00,7115000000.00
0001718939,73,-2162986.00,545471.00,756832.00,-3.965355,1722.0,,,-1540477.00,-1857732.00,8599824.00,6626032.00,11238409.00,9737384.00
0001720116,73,4211000.00,22003000.00,25830000.00,0.191383,1199.0,,,5001000.00,6585000.00,98531000.00,99089000.00,112012000.00,112634000.00
0001720420,73,13329000.00,140736000.00,164407000.00,0.094709,1267.0,,,,,272498000.00,274731000.00,295797000.00,297247000.00
0001720592,73,-3620000.00,77325000.00,80794000.00,-0.046815,1416.0,58661000.00,61487000.00,2503000.00,16823000.00,1571908000.00,1535392000.00,1199749000.00,1140803000.00
0001720635,35,130000000.00,809300000.00,1242000000.00,0.160633,777.0,313700000.00,445600000.00,60200000.00,85200000.00,6734900000.00,6726300000.00,6851900000.00,6961600000.00
0001720893,28,-10099000.00,168000.00,206000.00,-60.113095,698.0,,,-12043000.00,-11809000.00,38338000.00,38566000.00,44916000.00,34025000.00
0001721484,28,-5181000.00,381000.00,398000.00,-13.598425,427.0,275000.00,264000.00,-4697000.00,-4370000.00,25558000.00,20848000.00,10261000.00,21210000.00
0001722482,38,147400000.00,1581400000.00,1581400000.00,0.093209,1134.0,534900000.00,500700000.00,109300000.00,58700000.00,12114500000.00,12326400000.00,11794700000.00,11663000000.00
0001722684,70,112000000.00,316000000.00,327000000.00,0.354430,2077.0,,,59000000.00,42000000.00,4223000000.00,4249000000.00,4182000000.00,4248000000.00
0001722731,73,407845.00,5976948.00,15214492.00,0.068236,1287.0,2859559.00,11631154.00,385516.00,35789946.00,33768927.00,30069668.00,64051886.00,72807161.00
0001723059,28,-205092.00,22189.00,500537.00,-9.242958,408.0,20588.00,319353.00,-26069.00,-411970.00,281024.00,365718.00,422474.00,789032.00
0001723128,28,100347000.00,695420000.00,722519000.00,0.144297,194.0,255891000.00,320113000.00,7408000.00,-26743000.00,3501445000.00,3365249000.00,3678280000.00,3540218000.00
0001724521,28,-122000000.00,28000000.00,17000000.00,-4.357143,384.0,,,-132000000.00,-138000000.00,1150000000.00,1156000000.00,1139000000.00,997000000.00
0001724965,13,43451000.00,513059000.00,472310000.00,0.084690,1842.0,,,268241000.00,174001000.00,6191795000.00,6132565000.00,5552057000.00,5272720000.00
0001725255,80,23170000.00,777882000.00,819799000.00,0.029786,997.0,,,95527000.00,93722000.00,4486947000.00,4437350000.00,4316577000.00,4424007000.00
0001725430,38,-2560329.00,902138.00,1060802.00,-2.838068,1693.0,341368.00,535381.00,,,8683975.00,9584527.00,17653042.00,14862792.00
0001726445,38,-20731000.00,4205000.00,2793000.00,-4.930083,1728.0,2061000.00,982000.00,-11417000.00,-15435000.00,366597000.00,347261000.00,296083000.00,272132000.00
0001726711,28,-5608115.00,1018.00,12159.00,-5508.953831,2796.0,284.00,2868.00,-11713395.00,-4578712.00,32144390.00,31222036.00,16516781.00,13906812.00
0001726978,64,6614000.00,75583000.00,93076000.00,0.087506,2530.0,,,15484000.00,22868000.00,397653000.00,412556000.00,414864000.00,392813000.00
0001728117,28,-36810000.00,9889000.00,16955000.00,-3.722318,373.0,,,-39724000.00,-38721000.00,315292000.00,280589000.00,172249000.00,128899000.00
0001728688,73,5061000.00,54135000.00,57518000.00,0.093489,1269.0,,,,,726229000.00,646359000.00,595931000.00,636420000.00
0001728951,67,79618000.00,129354000.00,158798000.00,0.615505,723.0,,,77163000.00,99761000.00,5798682000.00,6056913000.00,6863023000.00,7153123000.00
0001729149,80,3841000.00,59129000.00,75414000.00,0.064960,989.0,33279000.00,42827000.00,2854000.00,8071000.00,177069000.00,178079000.00,199154000.00,197361000.00
0001729637,28,-1681096.00,238528.00,4272583.00,-7.047793,403.0,140676.00,-1522989.00,,,6340514.00,7309647.00,18443410.00,20401351.00
0001730168,36,5829000000.00,15004000000.00,22187000000.00,0.388496,522.0,10197000000.00,15415000000.00,,,165358000000.00,164630000000.00,169903000000.00,179158000000.00
0001730430,28,13272000.00,137785000.00,214266000.00,0.096324,214.0,,,22324000.00,50199000.00,580553000.00,599326000.00,763633000.00,825280000.00
0001730463,28,-65240000.00,8982000.00,26218000.00,-7.263416,405.0,,,-75565000.00,-65317000.00,782725000.00,746338000.00,589068000.00,527065000.00
0001730773,20,-971521.00,960758.00,250259.00,-1.011203,2629.0,91644.00,8747.00,-392550.00,-48670.00,2554599.00,2050518.00,1386234.00,1337714.00
0001731348,28,-759931000.00,185780000.00,206732000.00,-4.090489,378.0,52011000.00,54954000.00,,,3403146000.00,,2074327000.00,2074722000.00
0001733998,49,154354000.00,494284000.00,490403000.00,0.312278,1876.0,,,179610000.00,116127000.00,5234316000.00,5706892000.00,6167041000.00,6418967000.00
0001734722,73,-16412000.00,356624000.00,418382000.00,-0.046020,1415.0,292767000.00,341454000.00,119002000.00,131928000.00,2865270000.00,2644442000.00,3179200000.00,2904700000.00
0001734750,73,-5238000.00,206000.00,510000.00,-25.427184,2727.0,,,-4303000.00,-4288000.00,11320000.00,7766000.00,5600000.00,604483000.00
0001735041,35,4808696.00,21677564.00,25538345.00,0.221828,753.0,6660950.00,8759262.00,1244666.00,-1186337.00,115576195.00,118649597.00,115772341.00,136552848.00
0001735438,28,-41596000.00,1926000.00,293000.00,-21.597092,443.0,,,-36828000.00,17810000.00,269751000.00,224014000.00,244430000.00,244655000.00
0001736297,36,11285000.00,159442000.00,308361000.00,0.070778,565.0,119411000.00,235141000.00,10504000.00,74598000.00,1054508000.00,1121694000.00,1531823000.00,1659215000.00
0001736730,28,-13100000.00,858000.00,1294000.00,-15.268065,430.0,,,-14286000.00,-10981000.00,78307000.00,62773000.00,117808000.00,105457000.00
0001737523,80,-618418.00,2137075.00,22842.00,-0.289376,1025.0,343493.00,-790.00,-824072.00,-147671.00,10433848.00,9479939.00,9252784.00,9040130.00
0001737706,13,18000000.00,335000000.00,358000000.00,0.053731,1864.0,,,-27000000.00,-22000000.00,4156000000.00,4063000000.00,3947000000.00,3992000000.00
0001738177,36,-9604000.00,33742000.00,44557000.00,-0.284630,627.0,14611000.00,22651000.00,-4823000.00,-4378000.00,173728000.00,159286000.00,137141000.00,138445000.00
0001738827,13,-16500000.00,154000000.00,144700000.00,-0.107143,1956.0,,,-37600000.00,300000.00,456300000.00,379100000.00,340300000.00,331500000.00
0001739410,28,-9670000.00,212000.00,212000.00,-45.613208,518.0,,,-10205000.00,-7978000.00,68108000.00,57983000.00,62261000.00,54472000.00
0001739445,34,41000000.00,547600000.00,571700000.00,0.074872,2200.0,107900000.00,120900000.00,-700000.00,71900000.00,4915500000.00,4933900000.00,4985200000.00,5002300000.00
0001739566,20,5700000.00,352100000.00,361300000.00,0.016189,2045.0,82400000.00,91900000.00,-20200000.00,-12200000.00,2722900000.00,2779067000.00,2793600000.00,2786100000.00
0001739940,63,1971000000.00,65502000000.00,68494000000.00,0.030091,2500.0,,,1920000000.00,1131000000.00,155881000000.00,150658000000.00,157919000000.00,153266000000.00
0001740332,50,136000000.00,1770000000.00,1912000000.00,0.076836,2148.0,511000000.00,551000000.00,-65000000.00,-145000000.00,8199000000.00,8074000000.00,8433000000.00,8207000000.00
0001740604,61,2349000.00,1774664000.00,3773573000.00,0.001324,92.0,,,8219000.00,-29477000.00,,,4548667000.00,5892241000.00
0001740742,73,-2014158.00,647765.00,243413.00,-3.109396,1703.0,119592.00,40967.00,-2347420.00,,26899873.00,27118600.00,9955306.00,11861926.00
0001741489,87,42275.00,602378.00,985022.00,0.070180,1809.0,443157.00,599891.00,33927.00,-356091.00,1840861.00,1941967.00,2034540.00,2754556.00
0001743725,73,-2037000.00,100415000.00,104100000.00,-0.020286,1392.0,36997000.00,36232000.00,9351000.00,8391000.00,592192000.00,590899000.00,612890000.00,605016000.00
0001743745,50,-3475000.00,1469000.00,448000.00,-2.365555,2668.0,721000.00,217000.00,-3445000.00,-4830000.00,28631000.00,38104000.00,74931000.00,56216000.00
0001743759,35,-2263000.00,369750000.00,354512000.00,-0.006120,858.0,102362000.00,116029000.00,18750000.00,29728000.00,1235829000.00,1239457000.00,1253784000.00,1177340000.00
0001743881,28,-104372000.00,116633000.00,194515000.00,-0.894875,322.0,,,-199235000.00,-197279000.00,919338000.00,881638000.00,936025000.00,1370981000.00
0001743907,45,56246000.00,326649000.00,338366000.00,0.172191,1983.0,,,16431000.00,29711000.00,1630177000.00,1592026000.00,1680464000.00,1683607000.00
0001744489,79,4436000000.00,23621000000.00,25168000000.00,0.187799,947.0,,,,,197046000000.00,195833000000.00,202089000000.00,205217000000.00
0001745999,28,-119286000.00,7470000.00,31738000.00,-15.968675,433.0,,,-103884000.00,-128513000.00,1103824000.00,1466920000.00,1481177000.00,1480798000.00
0001746618,59,14688000.00,296709000.00,342880000.00,0.049503,472.0,154286000.00,180615000.00,45145000.00,49420000.00,665547000.00,713905000.00,765001000.00,821401000.00
0001747079,70,-1810000.00,368694000.00,755722000.00,-0.004909,2375.0,,,42001000.00,-145021000.00,5860137000.00,7491730000.00,11230376000.00,10930062000.00
0001748137,36,-1370970.00,2014105.00,2023718.00,-0.680684,652.0,514508.00,927823.00,,,4018118.00,5711691.00,10113366.00,25664322.00
0001748790,39,313000000.00,3333000000.00,5914000000.00,0.093909,2259.0,654000000.00,1190000000.00,,,16165000000.00,18042000000.00,37046000000.00,37582000000.00
0001748824,62,31900000.00,119900000.00,167000000.00,0.266055,2070.0,,,-48800000.00,-44900000.00,703200000.00,677300000.00,677000000.00,715400000.00
0001749723,49,-12519000.00,472282000.00,226953000.00,-0.026507,2059.0,,,-7237000.00,-118902000.00,12923225000.00,13082391000.00,10555623000.00,10394338000.00
0001750106,65,-3932118.00,1068303.00,980778.00,-3.680714,2679.0,290774.00,275110.00,-3756154.00,-1491037.00,96761977.00,90464745.00,136587114.00,131741859.00
0001750155,01,-5348000.00,12262000.00,11159000.00,-0.436144,2121.0,6230000.00,5204000.00,-2768000.00,-2779000.00,113442000.00,108023000.00,75273000.00,70687000.00
0001750704,73,-2058000.00,23002000.00,49798000.00,-0.089470,1446.0,,,-7478000.00,-3274000.00,,,489940000.00,490468000.00
0001751008,73,839982000.00,1158974000.00,1842449000.00,0.724763,1040.0,,,831712000.00,1291393000.00,5869259000.00,5706701000.00,7259610000.00,7707705000.00
0001753162,65,-4424000.00,93135000.00,86401000.00,-0.047501,2112.0,,,-5733000.00,-99000.00,75397000.00,81017000.00,78044000.00,72099000.00
0001753539,36,-11979000.00,29544000.00,20774000.00,-0.405463,635.0,,,27245000.00,-2356000.00,254146000.00,284865000.00,386246000.00,371748000.00
0001754170,50,-6647000.00,65776000.00,70614000.00,-0.101055,2308.0,17965000.00,18881000.00,-45221000.00,-26663000.00,604723000.00,646053000.00,640472000.00,668066000.00
0001754195,28,33326000.00,297760000.00,286754000.00,0.111922,207.0,183219000.00,170081000.00,51129000.00,55706000.00,2870269000.00,2887641000.00,2696098000.00,2781947000.00
0001755101,55,-117420.00,7834.00,716661.00,-14.988512,2715.0,7817.00,130124.00,,,258423.00,203709.00,2851767.00,2818503.00
0001755347,78,-10773.00,29355.00,15774.00,-0.366990,2589.0,24173.00,11451.00,-2048.00,4595.00,136352.00,133944.00,128735.00,131968.00
0001755953,61,-134953000.00,12338000.00,62118000.00,-10.937996,131.0,,,-44653000.00,-42510000.00,1106398000.00,8979000.00,1246512000.00,1303995000.00
0001756064,48,-1785000.00,2249000.00,2347000.00,-0.793686,55.0,73000.00,47000.00,-1416000.00,-4410000.00,3498000.00,,2501000.00,5893000.00
0001756262,38,27443000.00,143537000.00,173933000.00,0.191191,1080.0,88228000.00,101161000.00,-2855000.00,24533000.00,804076000.00,837530000.00,1068373000.00,1434820000.00
0001756390,28,2486000.00,127997000.00,116933000.00,0.019422,243.0,39561000.00,44882000.00,5939000.00,-19411000.00,900431000.00,916730000.00,907929000.00,872092000.00
0001757073,38,39000000.00,616900000.00,705500000.00,0.063219,1148.0,336000000.00,390100000.00,300000.00,-3300000.00,5350500000.00,5466400000.00,5679000000.00,5578000000.00
0001757715,36,-3341000.00,63000.00,18000.00,-53.031746,2735.0,50000.00,10000.00,-3868000.00,-363000.00,49542000.00,49818000.00,29565000.00,22198000.00
0001758009,73,-8286000.00,39000.00,3691000.00,-212.461538,2776.0,13000.00,-721000.00,-4431000.00,-9423000.00,153559000.00,242533000.00,1618920000.00,1620534000.00
0001758021,30,7820000.00,103624000.00,116947000.00,0.075465,693.0,40762000.00,41526000.00,7726000.00,7191000.00,294522000.00,312216000.00,287686000.00,282682000.00
0001758488,79,16837000.00,219630000.00,247631000.00,0.076661,957.0,,,10107000.00,9094000.00,746423000.00,708715000.00,707095000.00,709882000.00
0001758730,62,204101000.00,509677000.00,617764000.00,0.400452,2005.0,,,60207000.00,103829000.00,7267993000.00,7369961000.00,8189557000.00,8295749000.00
0001758766,73,-21148000.00,32512000.00,29000000.00,-0.650468,1568.0,10538000.00,10859000.00,8536000.00,-8317000.00,437359000.00,405081000.00,308887000.00,281880000.00
0001759186,61,-4056984.00,62874.00,113771.00,-64.525623,444.0,17718.00,68615.00,-2366167.00,-1758887.00,8908660.00,13453067.00,16153921.00,19786693.00
0001759425,28,-15183000.00,111585000.00,159882000.00,-0.136067,276.0,,,-1961000.00,-228763000.00,670754000.00,690245000.00,842813000.00,890916000.00
0001759509,73,-28849000.00,1450172000.00,1650489000.00,-0.019894,1391.0,,,287234000.00,307679000.00,5435069000.00,5667998000.00,9030053000.00,8889967000.00
0001759631,37,-19722000.00,489000.00,2832000.00,-40.331288,2741.0,12000.00,210000.00,-14004000.00,-12726000.00,263046000.00,240976000.00,203559000.00,190751000.00
0001759774,67,6281000.00,22150000.00,26648000.00,0.283567,815.0,,,10818000.00,10937000.00,646818000.00,654018000.00,759057000.00,792543000.00
0001759824,50,800000.00,423000000.00,410500000.00,0.001891,2214.0,115000000.00,109300000.00,-17500000.00,20800000.00,1480400000.00,1504500000.00,1336300000.00,1334600000.00
0001760026,59,134960.00,1364341.00,2639353.00,0.098920,466.0,943894.00,1766491.00,57109.00,102124.00,3821429.00,3980768.00,4488694.00,5009582.00
0001760233,59,-3167665.00,22277013.00,21357404.00,-0.142194,497.0,3581636.00,4245239.00,-688470.00,-36697.00,35483716.00,33901878.00,31841058.00,31018113.00
0001760689,36,15265000.00,116491000.00,60612000.00,0.131040,548.0,43016000.00,19156000.00,7169000.00,-22796000.00,951867000.00,982932000.00,1005448000.00,987496000.00
0001760965,23,31369000.00,423001000.00,613322000.00,0.074158,2486.0,,,77625000.00,46261000.00,1650539000.00,1675679000.00,2582672000.00,2650075000.00
0001761612,28,-70204000.00,9977000.00,887000.00,-7.036584,402.0,,,-86370000.00,-65925000.00,956868000.00,883894000.00,717597000.00,652396000.00
0001762303,38,-11827000.00,18514000.00,19251000.00,-0.638814,1550.0,15681000.00,15728000.00,-10309000.00,-10072000.00,79711000.00,69556000.00,56392000.00,51544000.00
0001763925,13,-144323.00,338222.00,112076.00,-0.426711,2127.0,,,32796.00,16375.00,10513436.00,10459620.00,9583036.00,9567275.00
0001764046,73,-20800000.00,593700000.00,585500000.00,-0.035035,1402.0,,,171200000.00,134700000.00,11490200000.00,11492700000.00,11069400000.00,10927100000.00
0001766368,34,1577000.00,135579000.00,144780000.00,0.011632,2251.0,,,8333000.00,-2756000.00,445570000.00,447702000.00,563640000.00,578072000.00
0001766400,80,12650000.00,209842000.00,285364000.00,0.060283,991.0,,,-21229000.00,-3405000.00,679521000.00,743623000.00,968179000.00,956484000.00
0001766502,59,76900000.00,3116000000.00,3357200000.00,0.024679,480.0,923800000.00,1011400000.00,86400000.00,108500000.00,3014500000.00,3060300000.00,3366400000.00,3303700000.00
0001767042,49,89186000.00,329642000.00,345759000.00,0.270554,1897.0,,,114328000.00,71182000.00,4435123000.00,4436122000.00,4318017000.00,4494642000.00
0001767258,34,11120000.00,103805000.00,117354000.00,0.107124,2172.0,43896000.00,51230000.00,3228000.00,7379000.00,285607000.00,294822000.00,382526000.00,394447000.00
0001768224,28,-16826000.00,29382000.00,2061000.00,-0.572664,311.0,,,-35138000.00,-19441000.00,344069000.00,331785000.00,271148000.00,245411000.00
0001768267,73,17352000.00,78010000.00,64192000.00,0.222433,1174.0,60181000.00,47296000.00,,,617528000.00,665546000.00,602043000.00,616951000.00
0001769624,62,-44202000.00,4781000.00,5030000.00,-9.245346,2709.0,,,-16178000.00,-2807000.00,50578000.00,45448000.00,35505000.00,34281000.00
0001769628,73,-27000000.00,982000000.00,2078000000.00,-0.027495,1396.0,,,61000000.00,2984000000.00,17833000000.00,21860383000.00,49302000000.00,55573000000.00
0001770501,79,-18542364.00,718722.00,3900603.00,-25.799077,2724.0,,,-9036985.00,-8517982.00,178417515.00,212882187.00,370555035.00,461347955.00
0001770787,38,-39328000.00,154883000.00,150843000.00,-0.253921,1428.0,105445000.00,106178000.00,34351000.00,26120000.00,918636000.00,903393000.00,1041365000.00,1015759000.00
0001771514,67,8571000.00,23355000.00,24598000.00,0.366988,782.0,,,10987000.00,10740000.00,1258729000.00,1247818000.00,1239651000.00,1397043000.00
0001771515,54,-22508000.00,1125567000.00,1166352000.00,-0.019997,2517.0,342445000.00,345199000.00,58938000.00,52558000.00,3173821000.00,3271437000.00,3091099000.00,2958009000.00
0001771706,28,2000000.00,24500000.00,106200000.00,0.081633,221.0,12400000.00,59300000.00,-3400000.00,11900000.00,278862918.00,277046864.00,817200000.00,928800000.00
0001771910,28,-28464000.00,23033000.00,20851000.00,-1.235792,337.0,,,-56334000.00,-29710000.00,321980000.00,272539000.00,323150000.00,291496000.00
0001772016,20,95100000.00,588000000.00,598700000.00,0.161735,1968.0,189800000.00,161700000.00,,,885200000.00,947500000.00,1060300000.00,1025400000.00
0001772177,58,-4589000.00,64894000.00,80018000.00,-0.070715,2575.0,,,,,403769000.00,410372000.00,443511000.00,460980000.00
0001772720,49,-1698000.00,23834000.00,23420000.00,-0.071243,2078.0,,,-9124000.00,-2697000.00,898479000.00,877987000.00,837273000.00,824368000.00
0001772921,55,16271000.00,483521000.00,442293000.00,0.033651,1854.0,,,,,1611546000.00,1643664000.00,1442035000.00,1375816000.00
0001773751,80,57897000.00,586010000.00,608104000.00,0.098799,980.0,430689000.00,396787000.00,109090000.00,89356000.00,707539000.00,891711000.00,2154705000.00,2267043000.00
0001774675,73,-11267000.00,99148000.00,94498000.00,-0.113638,1461.0,,,31298000.00,28940000.00,1106069000.00,1022486000.00,963118000.00,853011000.00
0001775194,61,-3587233.00,3160480.00,4557099.00,-1.135028,111.0,1559106.00,4350734.00,,,17529249.00,15067314.00,271144765.00,200373683.00
0001776661,73,-14621000.00,821792000.00,869601000.00,-0.017792,1388.0,,,-39627000.00,23728000.00,3106517000.00,3013353000.00,2793415000.00,2564850000.00
0001776909,78,79000.00,15090000.00,15161000.00,0.005235,2243.0,,,1922000.00,1210000.00,86182000.00,85252000.00,75731000.00,69156000.00
0001777319,87,-1709745.00,7162322.00,6220325.00,-0.238714,1972.0,1781602.00,1824107.00,-2953508.00,-879816.00,26654456.00,27819282.00,25028253.00,23788049.00
0001777393,36,-53840000.00,97640000.00,101819000.00,-0.551413,648.0,27986000.00,29622000.00,-32968000.00,-36560000.00,898175000.00,897608000.00,792245000.00,720989000.00
0001777835,61,11668000.00,211831000.00,148917000.00,0.055082,88.0,,,-176521000.00,-109707000.00,876751000.00,570468000.00,797637000.00,595795000.00
0001777921,73,3287000.00,93064000.00,117242000.00,0.035320,1319.0,69165000.00,85369000.00,495000.00,24260000.00,519055000.00,598848000.00,789181000.00,734190000.00
0001778129,01,12243000.00,64303000.00,65539000.00,0.190395,1792.0,34681000.00,34602000.00,8004000.00,8487000.00,607231000.00,600734000.00,557379000.00,549098000.00
0001779128,80,-5685000.00,35948000.00,67384000.00,-0.158145,1018.0,7053000.00,14117000.00,-246000.00,3885000.00,256675000.00,250550000.00,325472000.00,327618000.00
0001779474,73,2647000.00,44612000.00,43558000.00,0.059334,1292.0,,,5664000.00,-1289000.00,181866000.00,183829000.00,190667000.00,186408000.00
0001780201,59,-8118000.00,64155000.00,57531000.00,-0.126537,496.0,25841000.00,25948000.00,8322000.00,6900000.00,108198000.00,114341000.00,89364000.00,100485000.00
0001781162,37,-6185000.00,322000.00,3215000.00,-19.208075,2717.0,322000.00,1817000.00,-4175000.00,-5814000.00,9952000.00,11727000.00,40319000.00,45863000.00
0001781335,36,411000000.00,3350000000.00,3566000000.00,0.122687,550.0,,,190000000.00,413000000.00,11316000000.00,11178000000.00,10653000000.00,10542000000.00
0001781755,64,56017000.00,413405000.00,532235000.00,0.135502,2477.0,,,-63983000.00,-6073000.00,3534731000.00,3548707000.00,3862220000.00,5942628000.00
0001782107,28,-12570829.00,101630.00,21457.00,-123.692109,2749.0,45832.00,-1655.00,-1999680.00,-2121481.00,28181563.00,18775711.00,24926638.00,14832086.00
0001782170,73,12233000.00,361624000.00,452802000.00,0.033828,1321.0,,,80783000.00,81892000.00,1012871000.00,1100586000.00,1458713000.00,1385783000.00
0001782430,67,20206000.00,37333000.00,39984000.00,0.541237,734.0,,,18966000.00,17494000.00,787589000.00,834847000.00,885225000.00,878631000.00
0001783180,35,629000000.00,5218000000.00,5341000000.00,0.120544,801.0,,,483000000.00,79000000.00,37403000000.00,36447000000.00,37190000000.00,37186000000.00
0001783183,28,-78863000.00,28519000.00,58301000.00,-2.765279,362.0,24795000.00,46305000.00,-84930000.00,-15647000.00,378318000.00,294208000.00,259149000.00,305120000.00
0001783328,28,-36250000.00,2171000.00,982000.00,-16.697374,436.0,,,-37586000.00,-24279000.00,371118000.00,332709000.00,228789000.00,201991000.00
0001784058,75,-49366.00,30265.00,23736.00,-1.631125,2658.0,11621.00,17279.00,-23528.00,-58326.00,17129.00,13808.00,22140.00,22565.00
0001784254,48,-4683000.00,28030000.00,31386000.00,-0.167071,48.0,,,2057000.00,-2035000.00,325501000.00,317655000.00,291058000.00,274901000.00
0001784440,73,426798.00,1227070.00,750946.00,0.347819,1101.0,896145.00,485596.00,328309.00,-552107.00,873788.00,1394959.00,1707181.00,2330239.00
0001784535,73,-1266000.00,104745000.00,121123000.00,-0.012086,1377.0,65448000.00,90848000.00,-11178000.00,13022000.00,813968000.00,802283000.00,797423000.00,806582000.00
0001784570,37,-78017000.00,9599000.00,10133000.00,-8.127617,2684.0,7861000.00,5832000.00,-58262000.00,-95360000.00,666372000.00,,2106265000.00,2013102000.00
0001785056,36,-6312000.00,1356000.00,5141000.00,-4.654867,677.0,-304000.00,1609000.00,-3545000.00,-2587000.00,34170000.00,37816000.00,46843000.00,60644000.00
0001785279,28,-27820000.00,4127000.00,1248000.00,-6.740974,401.0,,,-22842000.00,-21175000.00,324599000.00,297866000.00,221103000.00,196953000.00
0001785424,73,-536000.00,71946000.00,79021000.00,-0.007450,1371.0,14349000.00,18199000.00,3438000.00,12212000.00,93171000.00,88535000.00,107866000.00,103999000.00
0001786117,67,2269000.00,14206000.00,18406000.00,0.159721,874.0,,,5828000.00,4360000.00,604995000.00,647397000.00,715874000.00,745126000.00
0001786352,73,-28946000.00,358217000.00,406563000.00,-0.080806,1439.0,291005000.00,331855000.00,,,9674206000.00,9632636000.00,10126434000.00,10078806000.00
0001786842,38,130100000.00,741100000.00,750600000.00,0.175550,1089.0,,,110400000.00,46500000.00,4310500000.00,4293300000.00,4368800000.00,4131300000.00
0001787306,28,-24529000.00,65846000.00,105398000.00,-0.372521,293.0,,,-30380000.00,2239000.00,348889000.00,344105000.00,432973000.00,460003000.00
0001788060,37,-26289000.00,34507000.00,35246000.00,-0.761845,1696.0,5585000.00,-1546000.00,-14354000.00,-39712000.00,247596000.00,,1050454000.00,1023719000.00
0001788230,20,-2451177.00,1091983.00,1712225.00,-2.244703,2664.0,271885.00,1169079.00,-2031264.00,-2453221.00,28000026.00,27063523.00,108758070.00,42770188.00
0001788451,64,12539000.00,94888000.00,193099000.00,0.132145,2481.0,,,10810000.00,31209000.00,395881000.00,,515337000.00,619364000.00
0001788882,63,23700000.00,349400000.00,393500000.00,0.067831,2453.0,,,26800000.00,9300000.00,1495700000.00,1585500000.00,1674500000.00,1684900000.00
0001788999,73,-16440000.00,114033000.00,114206000.00,-0.144169,1471.0,,,-22258000.00,-18015000.00,667760000.00,633476000.00,615829000.00,606946000.00
0001789029,37,-30418000.00,3368000.00,6262000.00,-9.031473,2687.0,310000.00,1941000.00,-30792000.00,-25848000.00,147489000.00,114549000.00,179701000.00,147300000.00
0001789832,13,237400000.00,382000000.00,390100000.00,0.621466,1735.0,,,202400000.00,253300000.00,4151000000.00,4263600000.00,4388300000.00,4317200000.00
0001789940,58,1113000.00,282240000.00,330959000.00,0.003943,2516.0,,,20138000.00,34456000.00,1514356000.00,1544138000.00,1742029000.00,1774055000.00
0001790169,51,-1619000.00,6866000.00,7274000.00,-0.235800,2567.0,535000.00,3146000.00,-2661000.00,-3847000.00,26227000.00,22395000.00,130235000.00,45190000.00
0001792044,28,-2882200000.00,3254300000.00,3517000000.00,-0.885659,321.0,1161200000.00,1157200000.00,535500000.00,388300000.00,41500900000.00,38474900000.00,37193100000.00,36834600000.00
0001792580,13,-89000000.00,2377000000.00,2532000000.00,-0.037442,1918.0,,,873000000.00,1056000000.00,19254000000.00,19614000000.00,20390000000.00,22294000000.00
0001792781,56,16027000.00,265965000.00,245800000.00,0.060260,2318.0,101402000.00,86818000.00,-18015000.00,11179000.00,488441000.00,451378000.00,400340000.00,402523000.00
0001792789,73,155000000.00,3032000000.00,4036000000.00,0.051121,1302.0,,,635000000.00,594000000.00,12845000000.00,13572000000.00,19659000000.00,19711000000.00
0001792849,13,90379000.00,272311000.00,215885000.00,0.331896,1753.0,,,157052000.00,54201000.00,3063288000.00,3093081000.00,3213714000.00,3126620000.00
0001793229,73,9742000.00,231330000.00,244678000.00,0.042113,1313.0,,,-30056000.00,-45779000.00,5150827000.00,5084524000.00,4888458000.00,4839299000.00
0001793659,79,14922000.00,262407000.00,370361000.00,0.056866,961.0,,,28712000.00,20114000.00,379466000.00,387017000.00,658512000.00,677285000.00
0001794515,73,50300000.00,305700000.00,310200000.00,0.164540,1214.0,258400000.00,259200000.00,119200000.00,114700000.00,6467600000.00,6406000000.00,6439500000.00,6369700000.00
0001794669,73,25000000.00,848000000.00,1121000000.00,0.029481,1327.0,,,96000000.00,134000000.00,5041000000.00,5003700000.00,8713000000.00,8757000000.00
0001794783,64,22059000.00,408160000.00,430933000.00,0.054045,2555.0,,,,,1279167000.00,1295833000.00,1352259000.00,1334710000.00
0001795139,01,42482000.00,279540000.00,300190000.00,0.151971,1805.0,143275000.00,143645000.00,74219000.00,75799000.00,2537012000.00,2569082000.00,2790056000.00,2831606000.00
0001795250,79,-78609000.00,280574000.00,386412000.00,-0.280172,1010.0,,,6348000.00,136241000.00,4515300000.00,4447618000.00,4209908000.00,4222686000.00
0001795586,61,9137000.00,518744000.00,647387000.00,0.017614,91.0,458326000.00,580313000.00,-25751000.00,87479000.00,1461037000.00,,1964605000.00,1950383000.00
0001796209,73,84000000.00,1719000000.00,1982000000.00,0.048866,1305.0,542000000.00,620000000.00,62000000.00,85000000.00,8152000000.00,8098000000.00,8936000000.00,8966000000.00
0001799191,80,-9911000.00,104406000.00,147441000.00,-0.094927,1011.0,,,-4988000.00,-2215000.00,172717000.00,164002000.00,164656000.00,168230000.00
0001799448,28,-19243000.00,311000.00,2830000.00,-61.874598,701.0,,,-20909000.00,-23128000.00,70094000.00,150699000.00,88533000.00,64558000.00
0001800227,73,24124000.00,481686000.00,422893000.00,0.050082,1303.0,,,,,9688644000.00,7187125000.00,7194917000.00,6820217000.00
0001800637,07,-3701000.00,538000.00,13286000.00,-6.879182,2693.0,90000.00,10397000.00,-6720000.00,1043000.00,54022000.00,45624000.00,106677000.00,127524000.00
0001800667,73,-22970000.00,122407000.00,153977000.00,-0.187653,1489.0,92226000.00,120377000.00,28792000.00,38356000.00,1129906000.00,1156229000.00,1341377000.00,1373208000.00
0001801169,65,-56000000.00,1153000000.00,720000000.00,-0.048569,2114.0,99000000.00,72000000.00,-279000000.00,-246000000.00,3126000000.00,3277000000.00,2407000000.00,2349000000.00
0001801170,63,-1274000.00,462331000.00,749189000.00,-0.002756,2536.0,,,-16293000.00,107895000.00,580742000.00,583717000.00,541011000.00,697728000.00
0001801368,10,-34778000.00,60810000.00,90649000.00,-0.571913,67.0,,,-63198000.00,-1909000.00,2333558000.00,2368124000.00,3864160000.00,3840203000.00
0001801602,73,-427000.00,5516000.00,5444000.00,-0.077411,1435.0,4310000.00,3586000.00,-86000.00,-229000.00,6825000.00,6875000.00,4629000.00,4280000.00
0001801661,73,-15473000.00,21897000.00,29105000.00,-0.706626,1573.0,,,-10931000.00,-6736000.00,374268000.00,359879000.00,293455000.00,287348000.00
0001802156,79,9679000.00,2617000.00,2162000.00,3.698510,703.0,,,5818000.00,-21689000.00,403397000.00,412449000.00,345634000.00,322403000.00
0001802255,59,13005000.00,329308000.00,336595000.00,0.039492,473.0,64349000.00,76309000.00,17550000.00,6062000.00,320810000.00,333998000.00,412658000.00,426941000.00
0001802457,28,-32623000.00,5430000.00,477000.00,-6.007919,399.0,,,-8439000.00,-4867000.00,378027000.00,348977000.00,157660000.00,135075000.00
0001802665,28,56245000.00,184733000.00,215387000.00,0.304466,159.0,152739000.00,170875000.00,33987000.00,27760000.00,999200000.00,1055535000.00,1271631000.00,1271824000.00
0001802768,28,534182000.00,568247000.00,630576000.00,0.940052,137.0,,,596076000.00,718233000.00,18222715000.00,17608256000.00,19620780000.00,19815415000.00
0001802974,07,6900000.00,380300000.00,290900000.00,0.018144,1726.0,28400000.00,20500000.00,,,997800000.00,1010500000.00,997700000.00,1008200000.00
0001803599,73,168867000.00,2372222000.00,2500391000.00,0.071185,1284.0,855899000.00,849657000.00,1408000.00,-83220000.00,11991438000.00,11895119000.00,10761086000.00,10674622000.00
0001803696,48,22835000.00,87670000.00,104772000.00,0.260465,5.0,,,57139000.00,58488000.00,1097961000.00,1087057000.00,1039303000.00,1002390000.00
0001803737,80,15900000.00,259900000.00,264800000.00,0.061177,990.0,,,17900000.00,35200000.00,1226000000.00,1235900000.00,1167100000.00,1178900000.00
0001803901,80,-1085000.00,52182000.00,61679000.00,-0.020793,1003.0,23281000.00,,-1239000.00,-4418000.00,138677000.00,134245000.00,134863000.00,136192000.00
0001803914,59,-6260000.00,28875000.00,30236000.00,-0.216797,498.0,19822000.00,20692000.00,-7620000.00,-8057000.00,284704000.00,270575000.00,292372000.00,285782000.00
0001803977,79,-4232044.00,251936.00,77570.00,-16.798092,2705.0,134742.00,75679.00,-759635.00,-660882.00,120836.00,201918.00,183516.00,1952826.00
0001804176,38,-18468000.00,21225000.00,26530000.00,-0.870106,1571.0,13380000.00,18285000.00,-11677000.00,-13894000.00,256082000.00,318412000.00,296533000.00,285922000.00
0001804745,75,54757000.00,447612000.00,484441000.00,0.122331,2052.0,,,76334000.00,57179000.00,5251795000.00,5292825000.00,4159920000.00,3457060000.00
0001805077,36,-52932000.00,10457000.00,56963000.00,-5.061872,678.0,-24539000.00,-44427000.00,-28924000.00,-119735000.00,260318000.00,263283000.00,885197000.00,799324000.00
0001805385,35,-14389000.00,32007000.00,46328000.00,-0.449558,921.0,19150000.00,23599000.00,-2539000.00,-3179000.00,268059000.00,255982000.00,304409000.00,304639000.00
0001805521,37,-43831000.00,316000.00,512000.00,-138.705696,2767.0,-21065000.00,-11378000.00,-20295000.00,-31472000.00,425400000.00,410584000.00,277862000.00,250141000.00
0001805526,61,-883000.00,287172.00,2664000.00,-3.074812,125.0,,,-785000.00,-9817000.00,4376000.00,4158049.00,307410000.00,229716000.00
0001805651,73,16780000.00,83507000.00,77029000.00,0.200941,1191.0,,,1733000.00,-2075000.00,259515000.00,239560000.00,218379000.00,201916000.00
0001805833,73,-13126000.00,74513000.00,37234000.00,-0.176157,1484.0,,,-15949000.00,-26134000.00,459129000.00,419154000.00,404972000.00,320325000.00
0001806201,61,762000.00,24393000.00,20491000.00,0.031238,90.0,18309000.00,15637000.00,-3838000.00,-764000.00,296368000.00,304223000.00,236679000.00,231087000.00
0001806347,20,-13069000.00,213796000.00,308825000.00,-0.061128,2084.0,29073000.00,45768000.00,-22121000.00,-11763000.00,1101780000.00,1138704000.00,1175978000.00,1115801000.00
0001806837,73,4486000.00,177062000.00,196646000.00,0.025336,1335.0,112994000.00,124869000.00,14805000.00,37975000.00,1166791000.00,1154144000.00,1270835000.00,1214368000.00
0001806952,28,-57367000.00,7000.00,2000.00,-8195.285714,2798.0,,,-54738000.00,-38510000.00,490859000.00,429798000.00,340052000.00,350626000.00
0001807166,73,-687722.00,30690.00,83332.00,-22.408667,2722.0,,,,,2136202.00,3809216.00,1997983.00,1492366.00
0001807616,70,-19376.00,8883.00,13255.00,-2.181245,2667.0,1382.00,5981.00,-8387.00,4570.00,86932.00,71077.00,21494.00,22105.00
0001807887,36,-1572525.00,2290282.00,915553.00,-0.686608,653.0,900491.00,-388451.00,-1157220.00,-1842774.00,17152147.00,16035299.00,9449602.00,10905197.00
0001808665,28,-13233000.00,26488000.00,9933000.00,-0.499585,304.0,,,-12538000.00,8563000.00,284732000.00,286426000.00,266970000.00,211299000.00
0001808834,73,56342000.00,668428000.00,742674000.00,0.084290,1274.0,,,209929000.00,171699000.00,1513767000.00,1469913000.00,1610408000.00,2042512000.00
0001809104,73,-8000000.00,548000000.00,534000000.00,-0.014599,1380.0,171000000.00,156000000.00,73000000.00,79000000.00,8193000000.00,7913000000.00,4568000000.00,4339000000.00
0001809519,73,23380000.00,202970000.00,194006000.00,0.115189,1253.0,,,9413000.00,11838000.00,1388067000.00,1295271000.00,1404058000.00,2021251000.00
0001809750,01,-2926000.00,2718000.00,3341000.00,-1.076527,2603.0,88000.00,,-3332000.00,251000.00,11915000.00,8535000.00,20596000.00,17479000.00
0001809987,38,8700000.00,202000000.00,257600000.00,0.043069,1163.0,96100000.00,119100000.00,35600000.00,18900000.00,2636000000.00,2625600000.00,3588100000.00,3535900000.00
0001810019,73,-38400000.00,665400000.00,678100000.00,-0.057710,1422.0,126900000.00,119100000.00,12600000.00,5100000.00,3054100000.00,2966100000.00,2799800000.00,2765400000.00
0001810806,73,-127935000.00,435000000.00,508238000.00,-0.294103,1517.0,321043000.00,156601000.00,13026000.00,71286000.00,6737407000.00,6645955000.00,6837606000.00,6521741000.00
0001811063,28,-59004000.00,3084000.00,83228000.00,-19.132296,440.0,990000.00,,-42627000.00,5069000.00,540626000.00,492489000.00,594822000.00,610241000.00
0001811074,67,150073000.00,195983000.00,236818000.00,0.765745,708.0,,,156726000.00,162008000.00,1248020000.00,1353292000.00,1623278000.00,1751453000.00
0001811210,37,-691933000.00,235048000.00,282465000.00,-2.943794,1736.0,,,-428613000.00,-1185659000.00,9647931000.00,9217969000.00,8386981000.00,7483168000.00
0001811935,59,29408000.00,540406000.00,773727000.00,0.054418,470.0,,,48400000.00,72581000.00,664422000.00,,947639000.00,967196000.00
0001812360,87,-1546980.00,3169920.00,5168036.00,-0.488019,2102.0,,,-1337591.00,-577898.00,41708071.00,47011380.00,44577873.00,45786134.00
0001812364,28,-84869000.00,7679000.00,3000000.00,-11.052090,416.0,,,-73210000.00,-51112000.00,871296000.00,799362000.00,621331000.00,699613000.00
0001812477,61,-34841000.00,47651000.00,36992000.00,-0.731170,107.0,276000.00,-26305000.00,-18841000.00,-64687000.00,663132000.00,,1296344000.00,1066711000.00
0001812727,64,-1407142.00,4236220.00,3826792.00,-0.332169,2621.0,,,197830.00,-571174.00,17315077.00,16823487.00,13548421.00,13787522.00
0001814114,38,-18921000.00,868000.00,110000.00,-21.798387,2720.0,,,-16616000.00,-22168000.00,76173000.00,59051000.00,114857000.00,100658000.00
0001814287,62,21026964.00,44139346.00,59390288.00,0.476377,1963.0,37030939.00,53082903.00,-61590694.00,91686413.00,874164752.00,856509285.00,902240258.00,829794585.00
0001815442,28,-74426000.00,22100000.00,34365000.00,-3.367692,369.0,,,-79150000.00,-88840000.00,978035000.00,918312000.00,1742812000.00,1669016000.00
0001816017,48,-28288000.00,23876000.00,15834000.00,-1.184788,57.0,8712000.00,6305000.00,-8429000.00,-26211000.00,193575000.00,208846000.00,210992000.00,182856000.00
0001816431,38,-25112000.00,842000.00,258000.00,-29.824228,2732.0,486000.00,74000.00,-26154000.00,-25638000.00,247871000.00,271222000.00,245607000.00,213348000.00
0001816581,35,-23830000.00,32632000.00,48578000.00,-0.730265,928.0,13483000.00,20838000.00,-4879000.00,-7281000.00,276148000.00,268587000.00,349516000.00,381512000.00
0001816708,38,-2671000.00,21104000.00,22456000.00,-0.126564,1288.0,11326000.00,12239000.00,-5925000.00,-5049000.00,49515000.00,51397000.00,85631000.00,86757000.00
0001816937,15,-10735000.00,123000.00,1556000.00,-87.276423,2756.0,-1995000.00,-3353000.00,-14785000.00,-7098000.00,75047000.00,72410000.00,69259000.00,61658000.00
0001817004,55,-5753872.00,16272673.00,21059130.00,-0.353591,2063.0,,,-5771840.00,-2148891.00,22378122.00,26027118.00,11063353.00,12263129.00
0001817358,59,69265000.00,1351409000.00,1442003000.00,0.051254,471.0,458869000.00,479348000.00,157472000.00,160606000.00,4900963000.00,5180423000.00,5277036000.00,5503600000.00
0001817760,36,-3138000.00,23000.00,20000.00,-136.434783,2764.0,22000.00,16000.00,-3338000.00,-1572000.00,8904000.00,5910000.00,2288000.00,9477000.00
0001818093,38,-12023000.00,69580000.00,64910000.00,-0.172794,1342.0,48580000.00,44439000.00,2996000.00,-5554000.00,685683000.00,673820000.00,499803000.00,473233000.00
0001818331,80,-4551000.00,87115000.00,102254000.00,-0.052241,1009.0,58476000.00,68211000.00,10182000.00,-32408000.00,419380000.00,446430000.00,523710000.00,506301000.00
0001818382,28,-23184000.00,517000.00,495000.00,-44.843327,516.0,,,-28601000.00,-25104000.00,137872000.00,162553000.00,116366000.00,110557000.00
0001818383,73,116000.00,264309000.00,310004000.00,0.000439,1363.0,,,23701000.00,-1556000.00,262447000.00,239983000.00,383831000.00,367715000.00
0001818643,13,39160000.00,115747000.00,298680000.00,0.338324,1752.0,,,18102000.00,103801000.00,1029070000.00,1134672000.00,1806769000.00,1977747000.00
0001818644,37,-6800000.00,64000.00,101000.00,-106.250000,2760.0,-32000.00,-100000.00,-7803000.00,-8555000.00,27120000.00,28796000.00,90893000.00,82052000.00
0001819142,36,-23273000.00,5793000.00,6711000.00,-4.017435,676.0,4557000.00,1215000.00,-22833000.00,-19800000.00,329785000.00,305982000.00,272646000.00,253519000.00
0001819253,28,9690000.00,48992000.00,44935000.00,0.197787,182.0,,,6467000.00,3902000.00,122370000.00,123379000.00,107613000.00,89032000.00
0001819404,82,-16585000.00,47595000.00,48735000.00,-0.348461,2593.0,27611000.00,32274000.00,-6444000.00,-1780000.00,92507000.00,83032000.00,76166000.00,72967000.00
0001819438,36,-18146000.00,599000.00,128000.00,-30.293823,2671.0,-8147000.00,-7038000.00,-18238000.00,-13459000.00,71813000.00,53581000.00,51172000.00,48572000.00
0001819493,37,-9269000.00,5879000.00,11225000.00,-1.576629,1710.0,1211000.00,4334000.00,-4756000.00,-1588000.00,98333000.00,87681000.00,60363000.00,54417000.00
0001819516,45,-80766000.00,177530000.00,168922000.00,-0.454943,2487.0,,,-47924000.00,-99631000.00,1158011000.00,1090982000.00,968814000.00,916242000.00
0001819576,28,-35425000.00,3120000.00,132865000.00,-11.354167,418.0,,,-30679000.00,52990000.00,230313000.00,227429000.00,327934000.00,401533000.00
0001819790,28,-26280000.00,78335000.00,162054000.00,-0.335482,291.0,,,-20651000.00,-24652000.00,376991000.00,500750000.00,562158000.00,581135000.00
0001819796,62,15330000.00,125846000.00,124778000.00,0.121816,2169.0,,,33264000.00,51723000.00,612731000.00,579818000.00,813762000.00,688775000.00
0001819810,37,-14317000.00,61395000.00,96972000.00,-0.233195,1684.0,9041000.00,25808000.00,-45081000.00,-6666000.00,292617000.00,314099000.00,1449137000.00,1511128000.00
0001819928,73,6763000.00,165061000.00,180825000.00,0.040973,1315.0,,,37663000.00,4171000.00,1276210000.00,1248995000.00,1354082000.00,1274407000.00
0001819974,36,-4022000.00,61296000.00,160686000.00,-0.065616,607.0,14257000.00,32152000.00,55967000.00,27900000.00,311805000.00,326763000.00,733907000.00,732901000.00
0001819989,61,-38088000.00,48959000.00,34838000.00,-0.777957,108.0,,,-47238000.00,91531000.00,855446000.00,913792000.00,4291908000.00,6393585000.00
0001819994,37,-59188000.00,122569000.00,200348000.00,-0.482895,1690.0,35247000.00,76493000.00,-54225000.00,-50332000.00,1184342000.00,1254973000.00,2324478000.00,2819941000.00
0001820144,73,25392000.00,93938000.00,129941000.00,0.270306,1140.0,,,23793000.00,33466000.00,479090000.00,679445000.00,531031000.00,470924000.00
0001820190,28,-27898000.00,5004000.00,8613000.00,-5.575140,396.0,17700000.00,25700000.00,6007000.00,-1107000.00,92953000.00,78976000.00,364981000.00,293635000.00
0001820721,36,27284000.00,302363000.00,223412000.00,0.090236,559.0,76428000.00,63004000.00,-13059000.00,-29421000.00,1425999000.00,1425758000.00,1451792000.00,1475027000.00
0001820872,47,55000000.00,621000000.00,840000000.00,0.088567,848.0,,,53000000.00,-15000000.00,3624000000.00,3785000000.00,4916000000.00,5079000000.00
0001820875,73,-3745000.00,1224000.00,950000.00,-3.059641,1702.0,1074000.00,790000.00,-979000.00,-2210000.00,31803000.00,29252000.00,32430000.00,32993000.00
0001820953,61,-8393000.00,783135000.00,1038765000.00,-0.010717,93.0,,,,,10481077000.00,10436187000.00,12956899000.00,13141580000.00
0001821159,75,-33400000.00,75287000.00,109531000.00,-0.443636,2556.0,9323000.00,12957000.00,-10246000.00,-35368000.00,803761000.00,855981000.00,964830000.00,920347000.00
0001821175,73,-93195.00,1758453.00,4031289.00,-0.052998,1418.0,1293067.00,3514152.00,376802.00,1649847.00,6268221.00,6063855.00,11968066.00,13880041.00
0001821769,36,-25304000.00,14018000.00,8598000.00,-1.805108,663.0,,,-13533000.00,-16362000.00,389978000.00,370830000.00,500469000.00,481367000.00
0001821806,59,-48379000.00,177134000.00,184744000.00,-0.273121,499.0,43946000.00,53346000.00,,,966993000.00,1042956000.00,649439000.00,715460000.00
0001822359,80,-13997438.00,96033055.00,75550484.00,-0.145756,1013.0,,,9216729.00,-4657807.00,455621132.00,430792998.00,217103012.00,209226863.00
0001822462,28,-22913000.00,5952000.00,3267000.00,-3.849630,374.0,,,-23968000.00,-25266000.00,283982000.00,258691000.00,198103000.00,222167000.00
0001822492,34,15015000.00,359343000.00,370073000.00,0.041785,2234.0,,,-655000.00,-19533000.00,2330503000.00,2330917000.00,2356194000.00,2360979000.00
0001822791,28,-4076000.00,81000.00,15000.00,-50.320988,660.0,,,-5011000.00,-4528000.00,27337000.00,25314000.00,18131000.00,21665000.00
0001822928,37,19343000.00,153044000.00,147330000.00,0.126388,1631.0,64088000.00,60736000.00,-7850000.00,-2857000.00,1133320000.00,1144161000.00,1163953000.00,1178809000.00
0001822966,34,-35327000.00,13375000.00,565000.00,-2.641271,2672.0,7002000.00,21000.00,-22786000.00,-314678000.00,544673000.00,618098000.00,1412512000.00,1148327000.00
0001823239,28,-49162000.00,46850000.00,65837000.00,-1.049349,328.0,7725000.00,33701000.00,-9390000.00,8665000.00,1008244000.00,959751000.00,770577000.00,713217000.00
0001823466,73,-13762000.00,27511000.00,20025000.00,-0.500236,1558.0,,,3286000.00,3020000.00,326197000.00,299685000.00,255138000.00,213437000.00
0001823584,50,3529000.00,700000.00,600000.00,5.041429,1594.0,,,,,401723000.00,349396000.00,434061000.00,387103000.00
0001823587,65,-6823000.00,5593000.00,8725000.00,-1.219918,2641.0,,,-5050000.00,-3918000.00,556556000.00,553671000.00,593176000.00,764466000.00
0001823878,73,-2741000.00,62709000.00,58410000.00,-0.043710,1413.0,,,3300000.00,3718000.00,322955000.00,313775000.00,290618000.00,282425000.00
0001824893,28,-9551000.00,983000.00,5000000.00,-9.716175,409.0,,,-9279000.00,-12495000.00,48467000.00,114829000.00,98726000.00,120709000.00
0001824920,73,-75679000.00,7566000.00,64668000.00,-10.002511,2683.0,,,-33025000.00,-151024000.00,508388000.00,850074000.00,6570358000.00,6693713000.00
0001825024,65,-11537000.00,160698000.00,80075000.00,-0.071793,2128.0,10507000.00,5557000.00,-10176000.00,9046000.00,313053000.00,274478000.00,154771000.00,149771000.00
0001825079,35,-11524000.00,9320000.00,13816000.00,-1.236481,935.0,697000.00,2381000.00,-12349000.00,-17978000.00,89180000.00,91318000.00,105348000.00,92404000.00
0001825452,73,-785541.00,2811943.00,1866865.00,-0.279359,1513.0,1707120.00,918135.00,-145049.00,-843404.00,9592697.00,9446646.00,11360858.00,8991272.00
0001826000,50,-11024000.00,15774000.00,15702000.00,-0.698872,2619.0,,,-10137000.00,-5143000.00,196424000.00,174142000.00,106802000.00,99371000.00
0001826011,73,-4907000.00,3379000.00,2696000.00,-1.452205,1608.0,2773000.00,2175000.00,-4974000.00,-5501000.00,25674078.00,33680214.00,31631000.00,31474000.00
0001826397,61,-1802000.00,273000.00,2511000.00,-6.600733,129.0,79023.00,,-2173000.00,-1349000.00,10763983.00,16823818.00,194963000.00,157090000.00
0001826470,59,16359000.00,1493399000.00,1496732000.00,0.010954,483.0,569968000.00,574425000.00,-15454000.00,-30969000.00,5194430000.00,5121136000.00,5173425000.00,5084586000.00
0001826600,49,410000.00,42603000.00,46428000.00,0.009624,2038.0,,,9140000.00,15846000.00,349015000.00,354226000.00,435460000.00,467780000.00
0001826660,35,3972734.00,15289578.00,16312169.00,0.259833,747.0,5641631.00,5823300.00,2039728.00,519501.00,128019463.00,133677892.00,140637048.00,147289706.00
0001826667,38,-7329000.00,9167000.00,8899000.00,-0.799498,1566.0,7672000.00,7669000.00,-4499000.00,-6480000.00,23971000.00,28625000.00,35331000.00,70979000.00
0001826681,73,-6931000.00,1710000.00,3538000.00,-4.053216,1723.0,,,-7516000.00,-10239000.00,56253000.00,63301000.00,95712000.00,92552000.00
0001826889,59,-3674000.00,72363000.00,54284000.00,-0.050772,490.0,51549000.00,38999000.00,2342000.00,-1039000.00,174556000.00,152539000.00,147035000.00,143130000.00
0001827090,73,7623000.00,106004000.00,106915000.00,0.071912,1283.0,,,17352000.00,11694000.00,1575104000.00,1561011000.00,1556582000.00,1500368000.00
0001828016,73,67800000.00,706000000.00,744700000.00,0.096034,1266.0,,,18800000.00,22800000.00,3639200000.00,3576600000.00,3718900000.00,3686900000.00
0001828161,36,-10560000.00,20803000.00,17265000.00,-0.507619,644.0,-3447000.00,-1227000.00,-8483000.00,-12772000.00,89928000.00,84061000.00,111812000.00,97849000.00
0001828318,36,-42560000.00,5098000.00,7600000.00,-8.348372,686.0,261000.00,1552000.00,-16907000.00,-33072000.00,527169000.00,499045000.00,878975000.00,833893000.00
0001828536,36,-20893000.00,8534000.00,21879000.00,-2.448207,666.0,4876000.00,4788000.00,-2730000.00,-53797000.00,183889000.00,217441000.00,312876000.00,298037000.00
0001828748,73,-489463.00,621179.00,1275522.00,-0.787958,1579.0,-6913.00,340766.00,-45148.00,-43183.00,4162840.00,3908251.00,4754814.00,4819332.00
0001828791,73,-4859000.00,70642000.00,88538000.00,-0.068783,1431.0,,,-4452000.00,2925000.00,440804000.00,394515000.00,474663000.00,439005000.00
0001828805,36,-2087000.00,1255000.00,1222000.00,-1.662948,662.0,,,,,6757858.00,19361740.00,42570000.00,42517000.00
0001828962,35,29341000.00,162634000.00,159471000.00,0.180411,767.0,98348000.00,92698000.00,61166000.00,26853000.00,693035000.00,681654000.00,580806000.00,543764000.00
0001828972,48,-13742000.00,36021000.00,31572000.00,-0.381500,51.0,,,1344000.00,2685000.00,221398000.00,203249000.00,188139000.00,169110000.00
0001829280,73,-1394665.00,7056116.00,6851095.00,-0.197653,1493.0,,,448180.00,-547986.00,47169843.00,48600082.00,44130895.00,38813589.00
0001829311,61,-913000.00,1517422.00,11041000.00,-0.601678,106.0,304716.00,,,,7934925.00,7500676.00,11487275000.00,9894256000.00
0001829794,61,-2122416.00,462332.00,225702.00,-4.590675,128.0,-42260.00,63078.00,-3571888.00,-3498488.00,6226503.00,21728839.00,372436094.00,217819210.00
0001829864,73,34238000.00,277792000.00,306266000.00,0.123250,1244.0,,,36276000.00,46304000.00,953298000.00,985464000.00,1050765000.00,981632000.00
0001830033,28,-37721000.00,1580000.00,4127000.00,-23.874051,449.0,,,-38868000.00,-42654000.00,798385000.00,787338000.00,922666000.00,886007000.00
0001830043,73,44650000.00,247101000.00,212383000.00,0.180695,1202.0,,,43245000.00,77225000.00,2524887000.00,2508292000.00,1425078000.00,1472905000.00
0001830072,52,-334504.00,16041672.00,3498681.00,-0.020852,2523.0,6855460.00,755549.00,,,43869572.00,40506481.00,33997288.00,31306588.00
0001830081,73,-36383269.00,23706790.00,25459796.00,-1.534719,1609.0,,,-14492109.00,-16607630.00,195312807.00,391122483.00,336846798.00,311210061.00
0001830214,28,-80972000.00,38230000.00,19474000.00,-2.118022,353.0,,,-51521000.00,-46686000.00,1377449000.00,1293463000.00,1119696000.00,1033075000.00
0001831096,73,-2555000.00,3209000.00,3418000.00,-0.796198,1580.0,,,,,138487000.00,137190000.00,135488000.00,111784000.00
0001831097,80,-22110000.00,1532782000.00,1420460000.00,-0.014425,1002.0,,,-31987000.00,23728000.00,1733983000.00,1932861000.00,1271290000.00,1504938000.00
0001831651,36,4312000.00,80361000.00,140557000.00,0.053658,570.0,28140000.00,41010000.00,15558000.00,-41448000.00,793080000.00,788421000.00,904101000.00,1030895000.00
0001831868,38,-3822000.00,293000.00,495000.00,-13.044369,2699.0,293000.00,449000.00,-2654000.00,-2761000.00,4658000.00,14200000.00,14158000.00,11263000.00
0001831915,38,-14975000.00,41457000.00,44135000.00,-0.361218,1482.0,20157000.00,21254000.00,-125000.00,-2736000.00,499500000.00,482596000.00,461542000.00,449113000.00
0001832038,28,-16922000.00,11304000.00,13744000.00,-1.496992,343.0,,,-21129000.00,-41712000.00,129515000.00,103744000.00,276883000.00,241742000.00
0001832161,59,-1967000.00,1000.00,102000.00,-1967.000000,2792.0,-142000.00,-313000.00,,,1231697.00,2297529.00,3876000.00,3766000.00
0001832332,80,51801000.00,559224000.00,647915000.00,0.092630,982.0,183558000.00,205428000.00,-8632000.00,4349000.00,1663394000.00,1660740000.00,2012379000.00,2022048000.00
0001832466,63,-5393000.00,926932000.00,1235197000.00,-0.005818,2540.0,,,16616000.00,128682000.00,782063000.00,895617000.00,1065786000.00,1261608000.00
0001832483,35,-15006000.00,440000.00,2984000.00,-34.104545,2730.0,-1469000.00,-9001000.00,-9463000.00,-41422000.00,139601000.00,216594616.00,367751000.00,340804000.00
0001832511,80,-38088000.00,373225000.00,386390000.00,-0.102051,1012.0,,,-33466000.00,-27467000.00,783420000.00,783870000.00,656641000.00,674157000.00
0001833197,30,-4931000.00,111420000.00,117315000.00,-0.044256,696.0,32881000.00,37157000.00,-46882000.00,-47720000.00,794207000.00,824585000.00,823223000.00,856405000.00
0001833498,38,-896000.00,6707000.00,3991000.00,-0.133592,1294.0,3168000.00,2027000.00,-1505000.00,-3728000.00,12095000.00,20722000.00,21405000.00,17734000.00
0001833756,38,59000000.00,799000000.00,846000000.00,0.073842,1143.0,181000000.00,212000000.00,-138000000.00,-66000000.00,4184000000.00,4096000000.00,4486000000.00,4211000000.00
0001833769,38,-10902000.00,2137000.00,3903000.00,-5.101544,1732.0,883000.00,1979000.00,-9249000.00,-9008000.00,58901000.00,53377000.00,55262000.00,60339000.00
0001833835,73,10319000.00,401000000.00,442723000.00,0.025733,1334.0,,,52479000.00,63866000.00,4809334000.00,4713432000.00,4803633000.00,4658380000.00
0001834376,80,-10158000.00,218142000.00,251943000.00,-0.046566,1007.0,40747000.00,61020000.00,,,524784000.00,536648000.00,527482000.00,547394000.00
0001834488,73,1824000.00,118197000.00,133675000.00,0.015432,1352.0,90519000.00,101924000.00,19677000.00,17471000.00,1338847000.00,1352077000.00,1409906000.00,1395316000.00
0001834584,59,154000000.00,7908000000.00,8504000000.00,0.019474,481.0,2316000000.00,2297000000.00,354000000.00,184000000.00,15344000000.00,15986000000.00,17787000000.00,17399000000.00
0001834622,35,33511000.00,228841000.00,255216000.00,0.146438,789.0,105253000.00,118701000.00,-5850000.00,-150637000.00,2990624000.00,2984597000.00,3150984000.00,3135583000.00
0001835022,28,-7676922.00,257884.00,251147.00,-29.768896,454.0,,,-2828275.00,-6208530.00,44347016.00,38404996.00,49950245.00,53271099.00
0001835632,36,270600000.00,1895300000.00,2417800000.00,0.142774,545.0,952400000.00,1260800000.00,332900000.00,638800000.00,20204500000.00,20023700000.00,22285300000.00,26944500000.00
0001835830,73,-23750000.00,279827000.00,358005000.00,-0.084874,1443.0,212127000.00,268893000.00,14362000.00,34279000.00,1273308000.00,1347311000.00,1580604000.00,1523617000.00
0001836754,82,3665997.00,18577565.00,21368706.00,0.197335,2147.0,,,,,62069876.00,67099260.00,73115533.00,75459848.00
0001836833,36,-22771000.00,66265000.00,94150000.00,-0.343635,631.0,36603000.00,50401000.00,17346000.00,15440000.00,633796000.00,658390000.00,1145686000.00,1251431000.00
0001836875,36,-5586614.00,934304.00,1393120.00,-5.979439,681.0,,,-1808781.00,-6001453.00,16797812.00,16477411.00,17393081.00,13968726.00
0001836981,73,-21208000.00,34757000.00,34435000.00,-0.610179,1567.0,7388000.00,11721000.00,-6664000.00,-18001000.00,343776000.00,396268000.00,894547000.00,861664000.00
0001837014,73,-41289000.00,41344000.00,38683000.00,-0.998670,1593.0,,,-12169000.00,-4543000.00,420176000.00,366065000.00,320925000.00,300236000.00
0001837240,35,-20473000.00,549651000.00,676480000.00,-0.037247,867.0,110792000.00,149952000.00,,,1715622000.00,1964185000.00,2994058000.00,3495455000.00
0001837254,28,-32100.00,1590256.00,1645524.00,-0.020185,256.0,866764.00,961133.00,175993.00,-424559.00,7169660.00,,9108302.00,7213952.00
0001838163,73,-4154092.00,10000.00,104311.00,-415.409200,2783.0,10000.00,,-2627862.00,-3724697.00,18149868.00,17938478.00,15303500.00,16310492.00
0001838406,13,-100097000.00,272498000.00,376546000.00,-0.367331,2086.0,,,16453000.00,71989000.00,2231088000.00,3123946000.00,3939257000.00,4171532000.00
0001838615,62,-8410000.00,57087000.00,73105000.00,-0.147319,2438.0,,,-30169000.00,,1255833000.00,1212807000.00,1176448000.00,1138216000.00
0001838987,17,-3726000.00,78413000.00,72793000.00,-0.047518,2418.0,27376000.00,44687000.00,-2627000.00,-25656000.00,144466000.00,143198000.00,241187000.00,262086000.00
0001839285,73,-1398000.00,3704000.00,9855000.00,-0.377430,1542.0,1070000000.00,,-5557000.00,-6864000.00,1961000.00,11785000.00,22736000.00,80162000.00
0001839341,61,-47038000.00,79525000.00,115244000.00,-0.591487,104.0,8213000.00,30106000.00,-45041000.00,249877000.00,1475946000.00,1498060000.00,2347644000.00,3069564000.00
0001839530,73,5984000.00,191979000.00,197132000.00,0.031170,1325.0,41334000.00,45235000.00,-43719000.00,-5045000.00,390421000.00,98977000.00,902097000.00,871441000.00
0001839839,34,25300000.00,210500000.00,222700000.00,0.120190,2162.0,81900000.00,75200000.00,48300000.00,36200000.00,1301300000.00,1271800000.00,1305000000.00,1309100000.00
0001840102,73,-127716.00,298050.00,243850.00,-0.428505,1548.0,143274.00,80392.00,12777.00,-90558.00,1559296.00,1566731.00,1555601.00,1567873.00
0001840233,28,-13851000.00,2930000.00,12648000.00,-4.727304,388.0,,,28978000.00,-22343000.00,71075000.00,103716000.00,154685000.00,163487000.00
0001840317,73,-5767483.00,14262.00,180417.00,-404.395106,2782.0,1932.00,157750.00,-3698741.00,-5191022.00,21093895.00,20007029.00,28220625.00,29859164.00
0001840425,38,-2917826.08,761271.53,484057.41,-3.832832,1711.0,168685.60,160281.03,-64069.29,-1001956.92,175239579.00,174550197.00,171238247.00,172187773.00
0001840502,73,-6262000.00,427493000.00,466395000.00,-0.014648,1381.0,119307000.00,129577000.00,48111000.00,108655000.00,1718658000.00,1650782000.00,1609839000.00,1555120000.00
0001840572,79,62185000.00,339882000.00,342231000.00,0.182961,949.0,,,,,3239985000.00,3195717000.00,3267881000.00,3266213000.00
0001840780,01,-15734000.00,11605000.00,13337000.00,-1.355795,2631.0,1461000.00,1534000.00,-9553000.00,-6070000.00,428035000.00,447197000.00,410493000.00,414168000.00
0001840877,38,-5107000.00,46000.00,39000.00,-111.021739,2763.0,,,-3725000.00,-6061000.00,11538000.00,10385000.00,8558000.00,29822000.00
0001841156,73,15689000.00,275235000.00,358441000.00,0.057002,1296.0,66024000.00,86232000.00,50441000.00,30452000.00,576247000.00,590888000.00,667885000.00,698604000.00
0001841761,59,-3508000.00,43547000.00,36224000.00,-0.080557,494.0,23064000.00,19855000.00,-6872000.00,-683000.00,65010000.00,59838000.00,53094000.00,51065000.00
0001841925,36,-38933000.00,54077000.00,55457000.00,-0.719955,654.0,,,-29001000.00,-22126000.00,941386000.00,909022000.00,840786000.00,869563000.00
0001841968,62,11226000.00,67667000.00,75024000.00,0.165901,2131.0,,,-4729000.00,17082000.00,869275000.00,877351000.00,928302000.00,909734000.00
0001842022,49,148000000.00,303000000.00,336000000.00,0.488449,1791.0,,,247000000.00,280000000.00,9935000000.00,10080000000.00,10080000000.00,10155000000.00
0001842279,49,-1942000.00,85407000.00,73375000.00,-0.022738,2057.0,,,29679000.00,12916000.00,881077000.00,884923000.00,959469000.00,1060602000.00
0001842566,73,-1714357.00,5503028.00,6353298.00,-0.311530,1523.0,2235004.00,3165845.00,-2097844.00,814484.00,13707454.00,12931066.00,19475330.00,19122834.00
0001842939,28,-1506751.00,510353.00,391764.00,-2.952370,363.0,269823.00,237025.00,-752953.00,-485291.00,1473980.00,3337234.00,2367027.00,1642393.00
0001843656,67,-111211.00,923223.00,1636154.00,-0.120460,919.0,253323.00,208706.00,-132745.00,-101965.00,15040664.00,15723265.00,16652523.00,17120277.00
0001843724,28,-31053000.00,9483000.00,12020000.00,-3.274597,367.0,,,-21101000.00,-9268000.00,174683000.00,125835000.00,100207000.00,105209000.00
0001843973,45,-14736000.00,88125000.00,96350000.00,-0.167217,2180.0,,,-10464000.00,-617000.00,538290000.00,466756000.00,439996000.00,449322000.00
0001844392,80,-2250000.00,5418000.00,4444000.00,-0.415282,1028.0,,,-115000.00,-477000.00,12878000.00,13718000.00,10904000.00,10915000.00
0001844452,38,-10077000.00,62524000.00,186730000.00,-0.161170,1326.0,,,19419000.00,-54768000.00,355404000.00,500014000.00,757154000.00,1717947000.00
0001844505,38,-1042000.00,2798000.00,6530000.00,-0.372409,1486.0,1812000.00,2672000.00,-3536000.00,-3654000.00,6087000.00,10864678.00,23021000.00,22028000.00
0001844862,36,-24029000.00,6016000.00,3073000.00,-3.994182,675.0,,,-26291000.00,-18753000.00,448250000.00,419390000.00,455092000.00,554728000.00
0001844971,61,-2389000.00,19242000.00,20834000.00,-0.124155,96.0,,,-5726000.00,-11403000.00,64855000.00,56714000.00,53555000.00,46115000.00
0001845123,13,-3625251.00,644600.00,9343517.00,-5.624032,2689.0,,,-1859544.00,2899458.00,83086591.00,81991691.00,101296320.00,101359501.00
0001845257,80,1604000.00,332970000.00,403476000.00,0.004817,1000.0,,,-3092000.00,33109000.00,2118298000.00,2104672000.00,2203933000.00,2145882000.00
0001845815,73,29319000.00,246617000.00,261595000.00,0.118885,1250.0,,,53716000.00,51831000.00,7930380000.00,7550162000.00,8956589000.00,8598006000.00
0001846069,73,-27013000.00,54176000.00,61669000.00,-0.498616,1557.0,,,368000.00,1247000.00,513953000.00,494962000.00,486803000.00,452516000.00
0001846084,45,3109000.00,66601000.00,76566000.00,0.046681,2048.0,,,106000.00,9012000.00,166739000.00,165326000.00,203052000.00,205272000.00
0001846253,87,-18844000.00,4154000.00,14427000.00,-4.536351,2682.0,,,-15872000.00,-4914000.00,325558000.00,306182000.00,300914000.00,293650000.00
0001846576,23,-211000.00,124901000.00,159902000.00,-0.001689,2561.0,84459000.00,108298000.00,9235000.00,-3204000.00,509787000.00,522314000.00,579996000.00,563442000.00
0001847064,73,-9315476.00,3050785.00,8158417.00,-3.053469,1701.0,,,-6432267.00,-4128167.00,74893841.00,66154244.00,59678408.00,54354878.00
0001847367,28,-101528000.00,17389000.00,1741000.00,-5.838634,397.0,,,-80355000.00,-87082000.00,340992000.00,261298000.00,411940000.00,671588000.00
0001847590,87,1135000.00,112931000.00,126479000.00,0.010050,1832.0,,,12034000.00,11578000.00,505881000.00,528749000.00,579682000.00,589768000.00
0001847986,36,-5914000.00,13356000.00,9704000.00,-0.442797,637.0,3928000.00,1710000.00,-4500000.00,-8784000.00,75214000.00,74224000.00,86549000.00,75695000.00
0001848334,13,-63995.00,6159.00,3917.00,-10.390485,2711.0,-3599.00,-6860.00,,,333563.00,315108.00,73416.00,105410.00
0001848416,01,15002000.00,209809000.00,208178000.00,0.071503,1837.0,99581000.00,98976000.00,1786000.00,18587000.00,1994100000.00,1968982000.00,1741594000.00,1708348000.00
0001849253,64,100235000.00,690166000.00,795229000.00,0.145233,2460.0,,,-142825000.00,-167411000.00,9649918000.00,9890039000.00,10564171000.00,11011638000.00
0001849380,87,-2224000.00,137000.00,96000.00,-16.233577,2721.0,-224000.00,-380000.00,-1854000.00,-1542000.00,3727000.00,1732000.00,2151000.00,1507000.00
0001849635,73,-39535000.00,821200.00,871200.00,-48.142962,2746.0,,,-9737800.00,17890000.00,938287500.00,918917100.00,2629687600.00,2236354100.00
0001849820,35,-5913763.00,165256.00,159575.00,-35.785466,2734.0,,,-6649394.00,-7005769.00,22685087.00,48481073.00,42609695.00,40209438.00
0001850902,28,-4964000.00,9795000.00,11077000.00,-0.506789,305.0,3007000.00,3784000.00,-4103000.00,-3359000.00,118769000.00,113993000.00,103584000.00,98657000.00
0001851003,73,-16113000.00,264419000.00,396304000.00,-0.060937,1427.0,,,34799000.00,49734000.00,1111373000.00,1087565000.00,1503524000.00,1447197000.00
0001851491,20,-1896747.00,4340544.00,4149346.00,-0.436984,2412.0,1214760.00,1072944.00,-720777.00,-1799602.00,,,25024750.00,25581550.00
0001851961,36,-7740000.00,496000.00,1920000.00,-15.604839,707.0,88000.00,947000.00,-7951000.00,-7429000.00,19897000.00,17476000.00,15644000.00,22378000.00
0001852244,47,-56000000.00,2977000000.00,3298000000.00,-0.018811,888.0,,,29000000.00,31000000.00,11266000000.00,11322000000.00,12262000000.00,12194000000.00
0001852575,67,-1774095.00,7349358.00,7824813.00,-0.241395,923.0,,,-1293662.00,1258932.00,529129280.00,526965404.00,534441184.00,523995690.00
0001852973,20,-2917118.00,7224957.00,7782208.00,-0.403756,2367.0,899802.00,838891.00,-1372605.00,-122872.00,60006083.00,58397557.00,52573331.00,50946579.00
0001853070,45,2526000.00,25483000.00,997000.00,0.099125,2025.0,,,-312000.00,-2573000.00,46299000.00,23408000.00,11954000.00,7906000.00
0001853145,73,14205000.00,142273000.00,147465000.00,0.099843,1262.0,,,30678000.00,24602000.00,1421268000.00,1414100000.00,1371794000.00,1368278000.00
0001853513,75,52967000.00,261656000.00,277913000.00,0.202430,2008.0,,,87550000.00,79660000.00,3101796000.00,3090584000.00,3173138000.00,3206042000.00
0001853825,73,-307696.00,159625.00,2179208.00,-1.927618,1648.0,83655.00,512880.00,-1250573.00,-3226706.00,5102464.00,3179967.00,66841910.00,79411128.00
0001853962,10,-15776000.00,14048000.00,52390000.00,-1.123007,70.0,2906000.00,16078000.00,-22701000.00,-45080000.00,655629000.00,658968000.00,703420000.00,1176250000.00
0001854139,20,-6387000.00,38023000.00,46090000.00,-0.167977,2158.0,19035000.00,22289000.00,-2925000.00,1641000.00,67951000.00,61974000.00,63620000.00,57926000.00
0001854445,73,-1584663.00,1422235.00,510000.00,-1.114206,1597.0,1020026.00,584099.00,-130000.00,,22254696.00,20244730.00,16019471.00,3754517.00
0001854963,61,-1991495.00,1932352.00,1975439.00,-1.030607,110.0,,,-1140730.00,-1078657.00,13218287.00,6655102.00,17207024.00,15687691.00
0001854964,67,6493000.00,13209000.00,12309000.00,0.491559,741.0,,,10162000.00,10394000.00,431536000.00,427544000.00,420829000.00,417631000.00
0001855447,36,-3977000.00,18839000.00,25197000.00,-0.211105,621.0,7173000.00,10794000.00,-530000.00,-9252000.00,72911000.00,70639000.00,78037000.00,74852000.00
0001855457,48,-2456000.00,72142000.00,65819000.00,-0.034044,38.0,,,2845000.00,4711000.00,455833000.00,445134000.00,410545000.00,396112000.00
0001855467,36,-7828000.00,2511000.00,970000.00,-3.117483,672.0,1020000.00,184000.00,,,37271000.00,36534000.00,32724000.00,34854000.00
0001855509,37,-1679094.00,3612291.00,3964706.00,-0.464828,1689.0,537114.00,196337.00,-1736276.00,-1661001.00,25887905.00,23550268.00,16234369.00,23217086.00
0001855747,73,-7980000.00,26845000.00,30843000.00,-0.297262,1521.0,19000000.00,23365000.00,20116000.00,7352000.00,178085000.00,187473000.00,170045000.00,161259000.00
0001856314,73,37404000.00,211368000.00,253003000.00,0.176962,1205.0,,,98347000.00,190356000.00,1194932000.00,1111334000.00,1303392000.00,1422188000.00
0001856437,56,20000000.00,1353000000.00,1560000000.00,0.014782,2360.0,474000000.00,585000000.00,-150000000.00,-137000000.00,4532000000.00,4580000000.00,5013000000.00,4770000000.00
0001856485,26,44000000.00,821000000.00,755000000.00,0.053593,2306.0,,,23000000.00,-10000000.00,2604000000.00,2763000000.00,2763000000.00,2834000000.00
0001856525,50,171000000.00,1911000000.00,1910000000.00,0.089482,2139.0,510000000.00,520000000.00,77000000.00,82000000.00,5870000000.00,6278000000.00,6085000000.00,6324000000.00
0001856725,28,-12013000.00,172000.00,1708000.00,-69.843023,1042.0,,,-8149000.00,-6497000.00,36634000.00,24125000.00,58621000.00,51879000.00
0001857086,39,-1234224.00,5389230.00,5020262.00,-0.229017,2584.0,3437711.00,2682996.00,-449119.00,-122196.00,17142196.00,20718673.00,20181136.00,19602827.00
0001857154,54,-20269000.00,375184000.00,367034000.00,-0.054024,2547.0,,,-20834000.00,20166000.00,3072030000.00,3089323000.00,2592959000.00,2386555000.00
0001857475,01,67905000.00,2099404000.00,2342175000.00,0.032345,1865.0,182193000.00,184993000.00,,,4446363000.00,4516936000.00,4396124000.00,4449066000.00
0001857816,59,28323000.00,271906000.00,359488000.00,0.104165,465.0,63726000.00,85846000.00,9433000.00,-21735000.00,1070475000.00,1091037000.00,1202459000.00,1230218000.00
0001857853,36,3412000.00,143283000.00,94066000.00,0.023813,585.0,59459000.00,43015000.00,-20837000.00,17896000.00,830677000.00,825600000.00,675976000.00,661650000.00
0001858685,28,-4547000.00,8588000.00,10084000.00,-0.529460,308.0,,,-4117000.00,-70000.00,22101000.00,16588000.00,28564000.00,24787000.00
0001859199,65,-2422258.00,925635.00,841062.00,-2.616861,2669.0,518667.00,552265.00,-2267103.00,-3123752.00,11994458.00,18538659.00,21717331.00,17637105.00
0001860160,37,-58544000.00,55855000.00,80879000.00,-1.048143,1700.0,2220000.00,17461000.00,-56537000.00,-62545000.00,407332000.00,,1824934000.00,1491990000.00
0001860543,38,13552000.00,130106000.00,155429000.00,0.104161,1129.0,56131000.00,60166000.00,17391000.00,22521000.00,652713000.00,656293000.00,770031000.00,879736000.00
0001860742,38,-83000000.00,1137000000.00,1244000000.00,-0.072999,1249.0,,,-25000000.00,32000000.00,13469000000.00,13428000000.00,14022000000.00,13780000000.00
0001861107,38,-14207000.00,20491000.00,26494000.00,-0.693329,1559.0,18007000.00,23122000.00,-11403000.00,-19297000.00,225412000.00,213471000.00,195803000.00,178078000.00
0001861622,45,-3171273.00,3474638.00,1681236.00,-0.912692,2622.0,-115514.00,-234223.00,-2180208.00,-3038616.00,10797323.00,18458622.00,25684076.00,39406232.00
0001861795,73,-184786000.00,59191000.00,55929000.00,-3.121860,1704.0,43760000.00,41650000.00,26066000.00,11564000.00,1089389000.00,808657000.00,735492000.00,514738000.00
0001863990,38,-4617000.00,1170000.00,1614000.00,-3.946154,1714.0,,,-3176000.00,-1688000.00,15478000.00,16416000.00,35474000.00,32835000.00
0001864531,80,-1831318.00,3321485.00,3160185.00,-0.551355,1033.0,1859971.00,1198111.00,-440493.00,-2452191.00,19992488.00,19395686.00,22413019.00,19016419.00
0001864943,34,-1280859.00,33212548.00,30501460.00,-0.038566,2307.0,8900258.00,8160691.00,-1651686.00,-325713.00,75461415.00,68462232.00,69537581.00,68150602.00
0001865107,59,-5383000.00,128657000.00,132464000.00,-0.041840,488.0,73656000.00,83629000.00,-1875000.00,-3828000.00,385204000.00,396569000.00,397382000.00,397687000.00
0001865200,78,-33591563.00,47440640.00,115105066.00,-0.708076,2627.0,,,-9760444.00,1887859.00,111380567.00,1027658.00,241411563.00,213085387.00
0001865506,17,-13511398.00,8783695.00,13184944.00,-1.538236,2660.0,,,-2263438.00,-852842.00,60976116.00,47447889.00,56928444.00,56531993.00
0001865631,38,-17004000.00,1539000.00,995000.00,-11.048733,2686.0,,,-12179000.00,-10041000.00,161740000.00,268606000.00,247019000.00,235644000.00
0001865782,80,50739000.00,2878129000.00,3613721000.00,0.017629,999.0,338369000.00,482222000.00,101598000.00,122943000.00,5926140000.00,5846945000.00,6413311000.00,6213314000.00
0001866175,13,172227000.00,950172000.00,1182830000.00,0.181259,1802.0,,,337114000.00,409191000.00,9160649000.00,9872334000.00,12443207000.00,11998244000.00
0001866368,73,7082000.00,126864000.00,221228000.00,0.055824,1299.0,92940000.00,145547000.00,24500000.00,17675000.00,1169572000.00,1285322000.00,3031929000.00,3026855000.00
0001866581,58,31072000.00,355152000.00,464412000.00,0.087489,2403.0,,,36884000.00,84724000.00,2501085000.00,2765220000.00,3009314000.00,3105294000.00
0001866633,73,37497000.00,87138000.00,88467000.00,0.430317,1064.0,69068000.00,71567000.00,40943000.00,45827000.00,602201000.00,629647000.00,663815000.00,678739000.00
0001866757,39,-3523000.00,93884000.00,99504000.00,-0.037525,2405.0,55042000.00,54068000.00,-7127000.00,-18792000.00,281245000.00,269650000.00,200903000.00,183432000.00
0001866816,38,528452.00,7069042.00,6513366.00,0.074756,1142.0,2308618.00,960792.00,299290.00,469611.00,26006454.00,26296308.00,24314108.00,23501164.00
0001867066,28,-3324000.00,13139000.00,15961000.00,-0.252987,286.0,,,-2832000.00,2909000.00,80241000.00,84962000.00,94589000.00,91534000.00
0001867096,28,-3090000.00,60119000.00,83127000.00,-0.051398,266.0,,,-10031000.00,9870000.00,323060000.00,315453000.00,383527000.00,392013000.00
0001868159,67,56000000.00,1292000000.00,1297000000.00,0.043344,902.0,,,139000000.00,130000000.00,18661000000.00,18768000000.00,19185000000.00,19048000000.00
0001868275,49,451000000.00,6788000000.00,11122000000.00,0.066441,2009.0,,,107000000.00,425000000.00,52926000000.00,52252000000.00,57249000000.00,96911000000.00
0001868419,73,-10097505.00,3870050.00,3268620.00,-2.609141,1692.0,677763.00,688358.00,-2745109.00,-2889834.00,25562849.00,31527131.00,33452336.00,31446130.00
0001868726,28,8476000.00,96978000.00,99369000.00,0.087401,217.0,67356000.00,71660000.00,-2917000.00,7499000.00,1767723000.00,1770924000.00,1497487000.00,1460194000.00
0001869198,79,107670000.00,706041000.00,788700000.00,0.152498,950.0,,,183856000.00,198793000.00,7152537000.00,7313084000.00,8007951000.00,8105870000.00
0001870144,28,-1630560.00,940.00,2680.00,-1734.638298,2791.0,,,-1400101.00,-1562212.00,10615312.00,12282118.00,7766415.00,9559371.00
0001870600,39,-10643000.00,77252000.00,62881000.00,-0.137770,2533.0,42605000.00,32903000.00,-75188000.00,-16070000.00,495060000.00,692399000.00,360342000.00,362675000.00
0001870940,80,-1589000.00,39371000.00,39389000.00,-0.040360,1006.0,,,868000.00,5271000.00,212781000.00,203260000.00,187304000.00,191999000.00
0001871509,58,10381000.00,176437000.00,182623000.00,0.058837,2444.0,,,9450000.00,17554000.00,1500086000.00,1499296000.00,1606534000.00,1617836000.00
0001871638,36,-38021000.00,1007000.00,2738000.00,-37.756703,2712.0,680000.00,1576000.00,-15944000.00,-12630000.00,78495000.00,100203000.00,102211000.00,70752000.00
0001872525,73,-535000.00,28694000.00,31249000.00,-0.018645,1389.0,8482000.00,9643000.00,-5891000.00,1180000.00,55148000.00,52161000.00,49348000.00,53157000.00
0001872789,38,62900000.00,259000000.00,221800000.00,0.242857,1062.0,164100000.00,127800000.00,,,1149500000.00,1120200000.00,1063700000.00,1029300000.00
0001873213,82,-6855.00,5000.00,5000.00,-1.371000,2657.0,,,,,11191.00,28136.00,16046.00,11032.00
0001873529,83,48842000.00,668244000.00,672522000.00,0.073090,2482.0,,,98444000.00,31058000.00,3645467000.00,3718058000.00,3747890000.00,3441643000.00
0001873722,73,-305838.00,641.00,436.00,-477.126365,2784.0,641.00,436.00,-96091.00,-79537.00,1226851.00,1187465.00,1281404.00,1203225.00
0001873951,73,23797000.00,52407000.00,55534000.00,0.454081,1058.0,28825000.00,32743000.00,19772000.00,25472000.00,89441000.00,,347734000.00,379768000.00
0001874097,73,-5215033.00,47152.00,104573.00,-110.600462,2762.0,,,-6513068.00,-8403609.00,30095349.00,24349037.00,50053215.00,60957892.00
0001874178,37,-655000000.00,1240000000.00,1381000000.00,-0.528226,1691.0,206000000.00,119000000.00,-188000000.00,-703000000.00,15410000000.00,15505000000.00,14864000000.00,14233000000.00
0001874315,36,-9515000.00,3387000.00,6107000.00,-2.809271,670.0,,,-4722000.00,158000.00,61691000.00,61402000.00,151303000.00,188063000.00
0001874875,59,920865.00,25837090.00,29930342.00,0.035641,475.0,14145298.00,16017775.00,-23891.00,-2201403.00,19966964.00,19077473.00,23821437.00,24392349.00
0001875444,57,5421000.00,311372000.00,314276000.00,0.017410,2362.0,115587000.00,114435000.00,46515000.00,-9704000.00,1206316000.00,1264942000.00,1394746000.00,1377520000.00
0001876042,61,92940000.00,578573000.00,694133000.00,0.160637,81.0,,,56593000.00,21076000.00,45834409000.00,,78713207000.00,80536778000.00
0001877322,35,109845000.00,678138000.00,745597000.00,0.161980,776.0,255202000.00,275112000.00,35410000.00,46915000.00,4033975000.00,4217542000.00,4766094000.00,5624669000.00
0001877939,87,-1486007.00,11664365.00,14291961.00,-0.127397,1915.0,4554616.00,5062220.00,-2502640.00,1290696.00,37837435.00,41106504.00,41902844.00,41824639.00
0001878848,61,29215000.00,144823000.00,144795000.00,0.201729,79.0,,,,,,,7027577000.00,7264897000.00
0001878897,65,-5349000.00,253403000.00,214333000.00,-0.021109,2093.0,,,-5617000.00,-19342000.00,493888000.00,493943000.00,444409000.00,435214000.00
0001879016,10,-27004000.00,735000.00,858000.00,-36.740136,134.0,442000.00,505000.00,-25471000.00,-42310000.00,374932000.00,414388000.00,483273000.00,594311000.00
0001879293,35,11907.00,780500.00,2382375.00,0.015256,849.0,256080.00,698293.00,139650.00,130339.00,713218.00,850134.00,949053.00,976630.00
0001879726,48,-6072920.00,238494.00,359372.00,-25.463618,59.0,-1628478.00,-1050073.00,-3207213.00,-5645038.00,37745567.00,33984265.00,66090711.00,51593045.00
0001880319,28,77807000.00,72030000.00,125069000.00,1.080203,136.0,28153000.00,50787000.00,23746000.00,-88961000.00,2416394000.00,2405146000.00,2653007000.00,3164378000.00
0001880343,59,-1889877.00,60214.00,469053.00,-31.386007,966.0,-2576.00,433395.00,-1354626.00,-3115776.00,4412325.00,99759847.00,34213786.00,31164465.00
0001880613,73,-3924000.00,8157000.00,6680000.00,-0.481059,1556.0,2393000.00,2262000.00,-2708000.00,-1050000.00,26006000.00,23817000.00,20156000.00,19259000.00
0001881487,13,16000000.00,600300000.00,449600000.00,0.026653,1880.0,,,38700000.00,9300000.00,2988100000.00,3020900000.00,2573100000.00,2550600000.00
0001882781,61,-100611.00,13.00,17523.00,-7739.307692,2797.0,13.00,9361.00,,,20.00,37213.00,659713.00,676065.00
0001882850,67,24704000.00,6261000.00,16450000.00,3.945696,700.0,,,19541000.00,25370000.00,1257604000.00,1410138000.00,2081151000.00,2118198000.00
0001883085,61,47685000.00,289989000.00,317944000.00,0.164437,80.0,,,34427000.00,43184000.00,1291072000.00,1278365000.00,1545914000.00,1648643000.00
0001883313,59,10403000.00,370145000.00,403195000.00,0.028105,478.0,,,419000.00,18198000.00,1885495000.00,1859188000.00,2010887000.00,2019750000.00
0001883685,79,-46331000.00,1408806000.00,1646076000.00,-0.032887,972.0,,,-119016000.00,-48437000.00,4283725000.00,4515813000.00,4530784000.00,4307532000.00
0001883814,16,5015000.00,239486000.00,172405000.00,0.020941,2381.0,21480000.00,-4756000.00,6429000.00,-133865000.00,1203649000.00,1202929000.00,989280000.00,928078000.00
0001884164,73,-177623.00,206870.00,675161.00,-0.858621,1586.0,,,-153238.00,75232.00,1551742.00,1478602.00,868764.00,904547.00
0001886362,79,-392551.00,1564.00,6320.00,-250.991688,2779.0,1564.00,-97148.00,-227936.00,-328055.00,1081319.00,808996.00,1653942.00,1315933.00
0001886894,73,-4100838.00,20110872.00,27294654.00,-0.203911,1494.0,5847527.00,11656441.00,764549.00,10207831.00,62193364.00,64497227.00,59307138.00,56841764.00
0001887944,16,-8880000.00,122110000.00,88033000.00,-0.072721,2513.0,4696000.00,10898000.00,-38184000.00,-7533000.00,233864000.00,227677000.00,218763000.00,202266000.00
0001888447,49,65716000.00,315090000.00,433439000.00,0.208563,1938.0,,,154809000.00,60022000.00,2883215000.00,2917443000.00,4131461000.00,4135099000.00
0001891027,73,-7724000.00,64512000.00,73673000.00,-0.119730,1463.0,44677000.00,60020000.00,1969000.00,7111000.00,238744000.00,,378302000.00,375117000.00
0001891101,20,-5432000.00,89974000.00,109227000.00,-0.060373,2083.0,32472000.00,36088000.00,-4141000.00,6764000.00,227382000.00,222890000.00,209243000.00,217040000.00
0001891856,58,-2176000.00,57337000.00,53897000.00,-0.037951,2550.0,,,2154000.00,2685000.00,240415000.00,232363000.00,259856000.00,259079000.00
0001892316,80,-118819.00,777720.00,187392.00,-0.152779,1015.0,757276.00,184055.00,,,2198729.00,2025417.00,2102584.00,1748643.00
0001892322,73,-1190353.00,3587026.00,1245844.00,-0.331850,1526.0,543774.00,74045.00,-2000791.00,,13965034.00,10223007.00,13061477.00,11771769.00
0001892492,61,-1416166.00,9913987.00,7561965.00,-0.142845,98.0,813259.00,215261.00,999824.00,-4691568.00,50848355.00,47633715.00,250193124.00,340632698.00
0001893262,67,7796000.00,8270000.00,29672000.00,0.942684,706.0,,,5506000.00,11738000.00,603996000.00,920547000.00,1503518000.00,1573595000.00
0001894954,36,-1147868.00,2049331.00,1565847.00,-0.560118,650.0,501567.00,396076.00,-1228934.00,-1127808.00,9107388.00,9242433.00,8071362.00,7530279.00
0001895249,17,-3273443.00,8988343.00,8172553.00,-0.364188,2602.0,3013733.00,1865042.00,-2825807.00,-2810836.00,12756542.00,12754661.00,36170124.00,39822015.00
0001895262,13,187339000.00,874487000.00,785690000.00,0.214227,1788.0,,,271060000.00,273290000.00,7964768000.00,7909961000.00,7529767000.00,7477717000.00
0001895618,73,-1391695.00,23732.00,1809367.00,-58.642129,2752.0,,,-1297485.00,-2493586.00,17024536.00,16103555.00,13421545.00,15820709.00
0001897762,50,200864000.00,12280843000.00,13962981000.00,0.016356,2196.0,828762000.00,926016000.00,-200430000.00,-977877000.00,18779690000.00,18628470000.00,21244384000.00,20946043000.00
0001898496,73,27342000.00,224077000.00,226574000.00,0.122021,1247.0,,,15384000.00,40032000.00,2563708000.00,2566503000.00,3240288000.00,3217325000.00
0001898718,47,177852000.00,1367407000.00,1457576000.00,0.130065,820.0,,,189343000.00,128743000.00,,,7482045000.00,7340635000.00
0001898766,13,-868979.00,23271.00,208257.00,-37.341713,2742.0,14009.00,-106063.00,,,13212303.00,13770810.00,14165013.00,35724147.00
0001898795,37,-20666000.00,2743000.00,5115000.00,-7.534087,2678.0,,,-17490000.00,-12994000.00,147960000.00,128254000.00,146411000.00,127623000.00
0001899287,36,-9671000.00,11284000.00,28536000.00,-0.857054,655.0,-2361000.00,5740000.00,-14126000.00,-37275000.00,121125000.00,118472000.00,156891000.00,130784000.00
0001901203,20,805198.00,4823448.00,5828544.00,0.166934,1966.0,2357346.00,4364848.00,-165415.00,-3599863.00,50752737.00,73647206.00,44728600.00,39119987.00
0001901440,87,109000000.00,705000000.00,758000000.00,0.154610,1774.0,,,154000000.00,219000000.00,2800000000.00,2878000000.00,2921000000.00,2955000000.00
0001902314,36,2013000.00,12732000.00,14686000.00,0.158106,541.0,,,1607000.00,2118000.00,36560000.00,37765000.00,68383000.00,79295000.00
0001902733,73,-1513000.00,144137000.00,159414000.00,-0.010497,1376.0,86442000.00,100938000.00,54320000.00,81405000.00,1610381000.00,1650942000.00,1648106000.00,1607830000.00
0001903508,87,-5900000.00,39311000.00,50123000.00,-0.150085,1928.0,,,-8624000.00,-11660000.00,174461000.00,,202552000.00,242520000.00
0001905956,73,-43409.00,666521.00,1500907.00,-0.065128,1429.0,486283.00,6415.00,,,19096220.00,30417481.00,24229770.00,21590419.00
0001906324,28,32600000.00,692800000.00,619800000.00,0.047055,234.0,,,65600000.00,-33000000.00,6423600000.00,6461600000.00,5769300000.00,5628700000.00
0001907982,73,-11291000.00,15001000.00,2858000.00,-0.752683,1577.0,13877000.00,1818000.00,-19279000.00,-44960000.00,199853000.00,325600000.00,915813000.00,1199815000.00
0001909747,28,-1871000.00,63846000.00,66432000.00,-0.029305,259.0,25775000.00,29877000.00,7529000.00,8612000.00,440320000.00,433617000.00,422342000.00,435135000.00
0001910139,73,-117000000.00,438000000.00,558000000.00,-0.267123,1510.0,207000000.00,275000000.00,109000000.00,75000000.00,12579000000.00,12498000000.00,12492000000.00,8735000000.00
0001914496,67,3030000.00,12216000.00,14880000.00,0.248035,832.0,,,5187000.00,8289000.00,609012000.00,640182000.00,863056000.00,928942000.00
0001915657,46,81000000.00,6370000000.00,7123000000.00,0.012716,2574.0,,,-89000000.00,457000000.00,16643000000.00,16542000000.00,16510000000.00,18172000000.00
0001918080,49,-164000.00,1520000.00,1447000.00,-0.107895,2098.0,858000.00,766000.00,12000.00,-5242000.00,4130000.00,3360.00,29623000.00,24768000.00
0001920406,61,-4073000.00,170749.00,2760000.00,-23.853727,133.0,,,-5588000.00,-30989000.00,28197000.00,4994288.00,745527000.00,1100269000.00
0001921865,28,-7952000.00,1102000.00,4180000.00,-7.215971,404.0,327000.00,1666000.00,-3170000.00,-17760000.00,94348000.00,90873659.00,498020000.00,587669000.00
0001921963,37,64900000.00,416500000.00,477500000.00,0.155822,1628.0,110500000.00,136800000.00,28700000.00,38100000.00,1190300000.00,1228100000.00,1350700000.00,1841800000.00
0001922335,73,-473334.00,1857774.00,2273520.00,-0.254786,1508.0,589156.00,971255.00,158231.00,1361945.00,3679332.00,3722550.00,2772917.00,3944519.00
0001922446,13,-188113000.00,62515000.00,27144000.00,-3.009086,2670.0,,,84858000.00,168732000.00,3956810000.00,,6168959000.00,6236217000.00
0001923780,30,-2574658.00,3437727.00,4961778.00,-0.748942,697.0,390658.00,-494653.00,-1010467.00,-1401161.00,13875685.00,16494218.00,20442378.00,30790621.00
0001927958,37,-3081000.00,11795000.00,8901000.00,-0.261212,1685.0,6933000.00,2365000.00,-9753000.00,-17404000.00,700999000.00,,774139000.00,759115000.00
0001928446,13,42535000.00,122931000.00,128264000.00,0.346007,1751.0,,,76091000.00,58348000.00,1036479000.00,1087436000.00,1168071000.00,1193873000.00
0001929017,65,625000.00,7681000.00,10241000.00,0.081370,2041.0,,,1539000.00,1356000.00,326168000.00,,490605000.00,484961000.00
0001929561,47,-30000000.00,1433000000.00,1425000000.00,-0.020935,889.0,,,-2000000.00,-7000000.00,3414000000.00,3304000000.00,3277000000.00,3268000000.00
0001930313,80,24202074.00,47328701.00,43060562.00,0.511361,941.0,37733084.00,30346734.00,1928621.00,9231938.00,266083154.00,284605789.00,380447946.00,388019576.00
0001932393,38,629000000.00,4777000000.00,5131000000.00,0.131673,1114.0,2012000000.00,1977000000.00,250000000.00,290000000.00,33089000000.00,33586000000.00,36906000000.00,37125000000.00
0001933567,38,-2295098.00,895655.00,1607883.00,-2.562480,1688.0,756180.00,1389517.00,-1603655.00,-1229757.00,4757572.00,3029809.00,6404036.00,8745706.00
0001934245,39,-1971000.00,1210000.00,991000.00,-1.628926,2662.0,852000.00,628000.00,-1564000.00,-1095000.00,9766000.00,8230000.00,3299000.00,2636000.00
0001935799,70,-15732000.00,17796000.00,33117000.00,-0.884019,2643.0,,,-11031000.00,-64530000.00,599905000.00,,620763000.00,652916000.00
0001936258,28,-68925000.00,2978000.00,3040000.00,-23.144728,447.0,,,-36468000.00,-30604000.00,864620000.00,818413000.00,769284000.00,732643000.00
0001936804,75,-2958000.00,102595000.00,131168000.00,-0.028832,2135.0,,,-9265000.00,-7936000.00,246728000.00,276681000.00,253196000.00,258965000.00
0001937653,28,-25613000.00,27110000.00,2408000.00,-0.944781,324.0,,,-3407000.00,-45718000.00,463091000.00,425522000.00,346527000.00,478215000.00
0001937891,57,-747753.00,1792525.00,1184616.00,-0.417151,2612.0,488330.00,1020656.00,203985.00,-391580.00,7349651.00,18478621.00,11172586.00,11299702.00
0001937987,79,-6339000.00,1708000.00,5376000.00,-3.711358,1603.0,,,945000.00,-2752000.00,61231000.00,56720000.00,66702000.00,62359000.00
0001938046,80,-4576374.00,109306.00,67864.00,-41.867546,2740.0,62064.00,29001.00,-2274781.00,-1311343.00,15370511.00,21753857.00,16089573.00,14449223.00
0001938109,61,-598948.00,743309.00,707342.00,-0.805786,109.0,,,,,4137152.00,3964305.00,10626936.00,48872601.00
0001938338,48,-943672.00,4341720.00,10425009.00,-0.217350,49.0,,,-971833.00,-307455.00,56956229.00,56289085.00,103145841.00,100762297.00
0001940243,61,-20916.00,1200.00,14052.00,-17.430000,132.0,,,,,226764.00,208215.00,195804.00,167124.00
0001941365,25,37100000.00,660300000.00,618000000.00,0.056187,2370.0,202200000.00,156600000.00,-31400000.00,-133000000.00,2929800000.00,2955800000.00,3100400000.00,3116700000.00
0001943289,73,-19632000.00,14092000.00,17755000.00,-1.393131,1605.0,11076000.00,15338000.00,-1135000.00,-11022000.00,142345000.00,138135000.00,122642000.00,111450000.00
0001943896,73,-93091000.00,278481000.00,387068000.00,-0.334281,1528.0,217998000.00,311783000.00,39655000.00,81689000.00,1422974000.00,1474606000.00,2766536000.00,2768247000.00
0001944013,34,101100000.00,557600000.00,696400000.00,0.181313,2118.0,,,-46200000.00,-29500000.00,2641900000.00,2622100000.00,3853400000.00,4051700000.00
0001944048,28,558000000.00,3741000000.00,3909000000.00,0.149158,192.0,2168000000.00,2302000000.00,428000000.00,489000000.00,25601000000.00,26257000000.00,27076000000.00,26854000000.00
0001944558,13,5380000.00,66171000.00,67410000.00,0.081304,1844.0,,,17489000.00,24024000.00,810893000.00,975236000.00,893350000.00,882587000.00
0001945619,67,-193644.00,67871.00,25895.00,-2.853118,1001.0,10708.00,545645.00,-90423.00,-254064.00,190417.00,165676.00,10608843.00,8707552.00
0001946563,28,-1910938.00,163552.00,162092.00,-11.683978,419.0,90280.00,76377.00,-1597366.00,-2741559.00,5759345.00,5977867.00,5366211.00,6763346.00
0001946573,61,-1042000.00,580000.00,1607000.00,-1.796552,118.0,,,-865000.00,-23285000.00,3677992.00,2563591.00,730608000.00,620761000.00
0001947210,79,-3661000.00,5195000.00,3366000.00,-0.704716,1030.0,,,-3608000.00,-2991000.00,16625000.00,12820000.00,18519000.00,39283000.00
0001947861,35,-1161094.00,1106819.00,41605.00,-1.049037,933.0,175300.00,2920.00,-594171.00,-1605615.00,11311819.00,9826866.00,20410686.00,21523173.00
0001948455,21,-10585441.00,26190725.00,18685501.00,-0.404168,2626.0,4775905.00,1990925.00,,,132042434.00,115727726.00,84401162.00,75911057.00
0001948864,54,-409675.00,20259606.00,18245038.00,-0.020221,2519.0,7851910.00,6933845.00,1092748.00,-199615.00,34112517.00,34085209.00,33497719.00,29703162.00
0001951667,50,-960448.00,479799.00,92700.00,-2.001772,2663.0,56256.00,19867.00,1768126.00,-2457939.00,15379454.00,11858464.00,11858464.00,50995045.00
0001952073,79,27327000.00,242465000.00,246260000.00,0.112705,953.0,,,,,1588438000.00,1739412000.00,1823385000.00,1957273000.00
0001952853,37,-2706110.00,14901722.00,12714996.00,-0.181597,1682.0,4224650.00,5075581.00,-3339474.00,-1376738.00,54889518.00,46350349.00,51432811.00,44285647.00
0001953988,37,-920609.00,1172260.00,457316.00,-0.785328,1698.0,194365.00,122607.00,,,2437329.00,2118386.00,1141800.00,1465781.00
0001955520,14,-82653000.00,353471000.00,410131000.00,-0.233832,514.0,-9595000.00,-2772000.00,-125277000.00,-58550000.00,2851202000.00,3280707000.00,3650113000.00,3817863000.00
0001956741,28,-716803.00,557915.00,543694.00,-1.284789,338.0,311132.00,-419259.00,,,6127218.00,6385719.00,101105378.00,67389018.00
0001956744,61,-647375.00,1089634.00,1184675.00,-0.594122,105.0,266535.00,318241.00,-206514.00,-539039.00,6307303.00,5810762.00,211433083.00,252704052.00
0001956955,36,-3267811.00,2042300.00,8095836.00,-1.600064,661.0,496807.00,2654107.00,-1193628.00,-17412987.00,16107575.00,17280416.00,182708414.00,339703053.00
0001957132,36,144946000.00,1222638000.00,1412806000.00,0.118552,552.0,603226000.00,694968000.00,-54856000.00,-156280000.00,4394159000.00,,5349434000.00,5018262000.00
0001958086,13,4417000.00,123585000.00,121797000.00,0.035741,1875.0,,,6660000.00,3965000.00,585130000.00,586243000.00,584010000.00,587728000.00
0001958140,79,-44452000.00,47211000.00,72007000.00,-0.941560,1034.0,,,95770000.00,62481000.00,1523846000.00,1681439000.00,1614957000.00,1687256000.00
0001959023,49,-1263862.00,18170.00,3958124.00,-69.557622,2754.0,6370.00,1332456.00,-551874.00,-2016375.00,12753792.00,13105776.00,35476561.00,35730032.00
0001960355,73,-2513433.00,1218053.00,1190597.00,-2.063484,1678.0,433159.00,502335.00,-1510557.00,-1626727.00,6789095.00,,5857716.00,5150557.00
0001960847,42,-407117.00,3811610.00,4106943.00,-0.106810,2542.0,,,-884443.00,-790793.00,4985912.00,12462673.00,10995741.00,10253730.00
0001961847,59,-1369305.00,478100.00,931911.00,-2.864056,504.0,41500.00,21847.00,,,10699743.00,7328850.00,47336667.00,47134489.00
0001962481,20,-645171.00,3170863.00,2606795.00,-0.203469,2181.0,529856.00,400660.00,-1937207.00,-2095942.00,12855875.00,14111183.00,14459692.00,17174005.00
0001963088,61,-1072174.00,2543103.00,4201852.00,-0.421601,102.0,,,,,56014642.00,60892833.00,77615158.00,73915806.00
0001963685,35,-5082000.00,1167000.00,1501000.00,-4.354756,1037.0,365000.00,665000.00,,,52883000.00,58630000.00,350362000.00,383398000.00
0001964738,38,152000000.00,2070000000.00,2007000000.00,0.073430,1144.0,1114000000.00,1097000000.00,29000000.00,-189000000.00,14457000000.00,14527000000.00,14294000000.00,14097000000.00
0001964789,61,-147650000.00,21815000.00,71017000.00,-6.768279,130.0,,,-33849000.00,-27222000.00,1518860000.00,1571883000.00,2753720000.00,2609744000.00
0001964979,38,-7282000.00,5580000.00,2947000.00,-1.305018,1596.0,4161000.00,1229000.00,-9469000.00,-3221000.00,32813000.00,38414000.00,15772000.00,13995000.00
0001965040,80,-520100000.00,651300000.00,636500000.00,-0.798557,1035.0,,,-124200000.00,-17000000.00,3579200000.00,3121100000.00,2715700000.00,2683400000.00
0001965052,61,-890000.00,4589000.00,14122000.00,-0.193942,99.0,,,1786000.00,-6813000.00,673018000.00,0.00,713032000.00,706466000.00
0001967649,51,-8570000.00,665249000.00,659437000.00,-0.012882,2314.0,,,,,2906900000.00,2906900000.00,2884021000.00,2873194000.00
0001967680,38,322000000.00,1332000000.00,1422000000.00,0.241742,1063.0,805000000.00,854000000.00,157000000.00,182000000.00,6406000000.00,6645000000.00,7693000000.00,7653000000.00
0001968487,33,18300000.00,687400000.00,769800000.00,0.026622,2543.0,81200000.00,76100000.00,,,1739300000.00,1799700000.00,2150000000.00,2315500000.00
0001968915,37,62000000.00,796000000.00,878000000.00,0.077889,1642.0,172000000.00,188000000.00,40000000.00,53000000.00,3768000000.00,3748000000.00,3817000000.00,3801000000.00
0001971213,48,14000000.00,776000000.00,807000000.00,0.018041,30.0,,,5000000.00,43000000.00,5885000000.00,5779000000.00,5949000000.00,5776000000.00
0001972234,35,-9179277.00,500000.00,67836.00,-18.358554,2702.0,176612.00,3689.00,-1354246.00,-7512685.00,2690502.00,,3623962.00,11503129.00
0001972529,42,-4194693.00,45844322.00,41678009.00,-0.091499,2532.0,278120.00,-1865268.00,,,163714710.00,178040543.00,153061836.00,143738258.00
0001973062,73,-406695.00,35663.00,306032.00,-11.403836,2692.0,,,-194035.00,-777818.00,,,6146439.00,5307287.00
0001973266,79,237364000.00,1268800000.00,1596876000.00,0.187078,948.0,,,162824000.00,694541000.00,15111782000.00,15010070000.00,15495821000.00,16022802000.00
0001974138,35,93000000.00,979000000.00,1043000000.00,0.094995,809.0,,,123000000.00,-9000000.00,5535000000.00,5739000000.00,5668000000.00,5641000000.00
0001976900,82,-49859.00,247705.00,365054.00,-0.201284,2554.0,,,,,2305337.00,2210134.00,2085584.00,1832831.00
0001978111,80,-3812.00,1653.00,4996.00,-2.306110,1474.0,,,,,58599.00,59233.00,49063.00,55591.00
0001980088,13,51672000.00,226768000.00,285925000.00,0.227863,1782.0,,,142519000.00,170313000.00,2338214000.00,2242102000.00,3777308000.00,3693309000.00
0001981535,61,-926000.00,742000.00,12058000.00,-1.247978,113.0,131795.00,,-514000.00,-10646000.00,2571000.00,2777729.00,2431766000.00,1744038000.00
0001981599,49,-12713000.00,550081000.00,723174000.00,-0.023111,2058.0,20328000.00,35758000.00,16676000.00,-35038000.00,2074390000.00,1992617000.00,2407706000.00,2321630000.00
0001981792,67,47930000.00,199328000.00,235917000.00,0.240458,841.0,,,-224924000.00,-229404000.00,9211236000.00,9289379000.00,10639461000.00,11248115000.00
0001983736,73,2002962.00,3681520.00,3903231.00,0.544058,1045.0,,,109542.00,-1284193.00,4106701.00,6343073.00,16315862.00,24717581.00
0001984060,13,15331000.00,297591000.00,265583000.00,0.051517,1868.0,54528000.00,6332000.00,-7450000.00,18996000.00,1972652000.00,2294780000.00,2228428000.00,2298578000.00
0001984086,28,-25910000.00,219000.00,26523000.00,-118.310502,2744.0,,,-23343000.00,-25633000.00,456554000.00,434020000.00,596187000.00,569688000.00
0001985554,73,1302.00,13165.00,8405.00,0.098899,1263.0,10165.00,8405.00,,,83718.00,80013.00,78823.00,68561.00
0001990354,73,65209000.00,256435000.00,313874000.00,0.254291,1149.0,,,64249000.00,84913000.00,4577004000.00,4619178000.00,5785100000.00,5838993000.00
0001992243,36,-25598000.00,53452000.00,177647000.00,-0.478897,642.0,17781000.00,29084000.00,-44814000.00,-72874000.00,1335846000.00,1431705000.00,1372108000.00,1337078000.00
0001993004,49,124727000.00,466630000.00,497570000.00,0.267293,1902.0,,,153392000.00,159414000.00,7997524000.00,8101411000.00,8459691000.00,8582506000.00
0001994214,79,-286271.00,186937.00,403800.00,-1.531377,1038.0,10549.00,355944.00,47638.00,-180699.00,16657.00,,14090905.00,19109530.00
0001994373,73,-9391.00,1200.00,5600.00,-7.825833,2661.0,1200.00,5600.00,-9697.00,5120.00,21113.00,28040.00,12617.00,12949.00
0001995807,67,25037000.00,43951000.00,51005000.00,0.569657,727.0,,,15913000.00,41120000.00,1032479000.00,1037105000.00,1366056000.00,1362236000.00
0001995920,73,-20724.00,5895.00,20151.00,-3.515522,1708.0,5885.00,20151.00,,,162518.00,145546.00,140865.00,128531.00
0001996192,47,-329507.00,497276.00,1327733.00,-0.662624,929.0,378101.00,979539.00,,,9837126.00,9939763.00,24300208.00,17780651.00
0001996810,36,43000000.00,8032000000.00,9339000000.00,0.005354,591.0,1470000000.00,1781000000.00,1161000000.00,5188000000.00,51485000000.00,51559000000.00,63016000000.00,75612000000.00
0001997859,27,-26634000.00,325707000.00,320872000.00,-0.081773,1721.0,,,-18652000.00,-11847000.00,1935334000.00,1936910000.00,1595510000.00,1593745000.00
0001999001,79,-321027000.00,202057000.00,225627000.00,-1.588794,1039.0,,,-178036000.00,-83159000.00,9130516000.00,9163917000.00,7799202000.00,7708879000.00
0001999261,73,-11980.00,15000.00,25249.00,-0.798667,1582.0,15000.00,25249.00,,,177354.00,214017.00,142617.00,144362.00
0002000178,37,26144000.00,114659000.00,156088000.00,0.228015,1617.0,59706000.00,79241000.00,28360000.00,30915000.00,1450618000.00,1478805000.00,2029875000.00,2298355000.00
0002001184,80,48140000.00,1277150000.00,1420494000.00,0.037693,995.0,,,150244000.00,236335000.00,5242909000.00,5494400000.00,5584034000.00,5663518000.00
0002001557,67,-261198000.00,224000.00,1443000.00,-1166.062500,2787.0,,,-14696000.00,-34031000.00,905289000.00,660419000.00,599187000.00,591483000.00
0002003750,47,-125266.00,71892.00,647.00,-1.742419,939.0,27014.00,279.00,,,1101263.00,775682.00,373547.00,239063.00
0002005951,26,553000000.00,7656000000.00,7712000000.00,0.072231,2284.0,1577000000.00,1268000000.00,235000000.00,204000000.00,43759000000.00,44649000000.00,45157000000.00,45170000000.00
0002007596,64,5730000.00,53823000.00,72841000.00,0.106460,2512.0,,,15645000.00,22719000.00,323428000.00,330530000.00,372335000.00,371177000.00
0002007825,73,-6950000.00,8303000.00,9461000.00,-0.837047,1584.0,3377000.00,1991000.00,-6972000.00,-19159000.00,157937.00,170882.00,115313000.00,612611000.00
0002007855,49,1080000000.00,2894000000.00,4599000000.00,0.373186,1834.0,,,1114000000.00,763000000.00,43491000000.00,45051000000.00,53446000000.00,56300000000.00
0002009312,79,353037.00,1328371.00,1469378.00,0.265767,944.0,,,-81193.00,385085.00,5211893.00,12784340.00,34751338.00,43108317.00
0002009684,79,-32702000.00,16069000.00,12737000.00,-2.035099,1118.0,,,-20478000.00,-10348000.00,743556000.00,718414000.00,650122000.00,541805000.00
0002010982,73,-17270.00,51101.00,50085.00,-0.337958,1529.0,42905.00,42007.00,8185.00,-9330.00,11718.00,14580.00,6760.00,7469.00
0002011134,87,13917.00,37633.00,26744.00,0.369808,1739.0,37633.00,19038.00,-128.00,-89264.00,93005.00,79936.00,410759.00,400046.00
0002011208,38,-4005690.00,184802.00,1220129.00,-21.675577,2719.0,61566.00,830429.00,-941751.00,-1177977.00,4949943.00,3686590.00,19114804.00,16736600.00
0002011286,73,110000000.00,3491000000.00,3478000000.00,0.031510,1324.0,,,,,11919000000.00,12004000000.00,11198000000.00,11170000000.00
0002011514,38,-21780000.00,556000.00,494000.00,-39.172662,2738.0,,,-21489000.00,-28680000.00,80699000.00,58792000.00,22997000.00,294722000.00
0002011641,50,507000000.00,7213000000.00,7472000000.00,0.070290,2156.0,2216000000.00,2318000000.00,874000000.00,772000000.00,16530000000.00,17265000000.00,17152000000.00,17789000000.00
0002012383,62,1698000000.00,5276000000.00,6698000000.00,0.321835,2046.0,,,-1128000000.00,-980000000.00,138615000000.00,141942000000.00,169998000000.00,170237000000.00
0002013745,29,-48700000.00,993900000.00,1029700000.00,-0.048999,2529.0,-81400000.00,-87500000.00,-29300000.00,-86200000.00,2758200000.00,2823600000.00,2688900000.00,2755000000.00
0002013807,35,-3560667.00,11392078.00,8666261.00,-0.312556,915.0,663313.00,-1450577.00,,,31935730.00,32852344.00,42043749.00,28126708.00
0002014596,80,80319000.00,500752000.00,569555000.00,0.160397,973.0,,,11699000.00,21019000.00,2521164000.00,2729238000.00,2858388000.00,2889760000.00
0002015845,15,50984000.00,826629000.00,1036953000.00,0.061677,962.0,92493000.00,130729000.00,7128000.00,143675000.00,1288463000.00,1355847000.00,1728731000.00,1847747000.00
0002016167,73,-125055.00,70500.00,99899.00,-1.773830,1619.0,53048.00,88976.00,,,9837.00,271102.00,187511.00,170828.00
0002017206,65,45634000.00,82698000.00,194929000.00,0.551815,1797.0,,,713733000.00,797301000.00,5465290000.00,7152356000.00,9258107000.00,9570049000.00
0002017758,65,123822.00,5709426.00,4907470.00,0.021687,2068.0,261917.00,186028.00,-844832.00,-3292646.00,3429513.00,3429954.00,10015073.00,8223905.00
0002018064,48,-492904000.00,103887000.00,106048000.00,-4.744617,58.0,59727000.00,58022000.00,12235000.00,-57000.00,2266487000.00,1506120000.00,937308000.00,877860000.00
0002019410,80,-57952000.00,120915000.00,216174000.00,-0.479279,1029.0,,,-31338000.00,32876000.00,343734000.00,,1125663000.00,1162388000.00
0002020795,48,145700000.00,293900000.00,987500000.00,0.495747,1.0,,,8600000.00,260900000.00,5282100000.00,,12036700000.00,13111400000.00
0002021728,36,-28470000.00,99512000.00,193406000.00,-0.286096,628.0,41604000.00,86176000.00,-54937000.00,12335000.00,,,2326037000.00,4948378000.00
0002022308,82,-295907.00,816016.00,519198.00,-0.362624,2596.0,405366.00,260898.00,-288266.00,-602380.00,1845349.00,1770101.00,15544455.00,12345822.00
0002022626,28,-32013000.00,566000.00,1034000.00,-56.560071,685.0,,,-41165000.00,-47852000.00,481719000.00,456169000.00,353772000.00,318054000.00
0002023554,35,-1881000000.00,1695000000.00,5950000000.00,-1.109735,934.0,382000000.00,4662000000.00,,,14234000000.00,12960000000.00,12998000000.00,17075000000.00
0002024306,15,-27187.00,5913863.00,12683589.00,-0.004597,969.0,1469366.00,1294532.00,392835.00,1652296.00,8965038.00,13268364.00,40033702.00,54708321.00
0002025410,37,128923000.00,1435588000.00,1626857000.00,0.089805,1641.0,,,-23986000.00,-119555000.00,6213601000.00,6496074000.00,6557411000.00,6704773000.00
0002026053,62,10391280.00,52304589.00,57506503.00,0.198669,2111.0,,,65070316.00,87896146.00,,,1701201529.00,990476336.00
0002026478,48,-11572780.00,45301707.00,51658491.00,-0.255460,50.0,19462136.00,19928728.00,-15725959.00,-2642837.00,146072863.00,278207316.00,239843078.00,226257855.00
0002028336,13,-2069088.00,326455.00,802353.00,-6.338050,2695.0,,,-2830194.00,-6397454.00,9182847.00,9927940.00,14136873.00,86484525.00
0002028707,73,-11404000.00,868000.00,1002000.00,-13.138249,2701.0,154000.00,1813000.00,-13081000.00,-23644000.00,254219522.00,256632790.00,80582000.00,145376000.00
0002029014,73,-11734.00,300.00,8860.00,-39.113333,2739.0,,,,,53512.00,74793.00,51934.00,54182.00
0002029118,13,-87979000.00,85165000.00,154872000.00,-1.033042,2599.0,,,74229000.00,58427000.00,915466000.00,953917000.00,1240852000.00,2099487000.00
0002030763,51,-31348368.00,10863443.00,1559563.00,-2.885675,2674.0,692641.00,170221.00,-1347449.00,-3413129.00,57332650.00,58063100.00,30459449.00,30127690.00
0002030781,73,-184965000.00,230468000.00,280142000.00,-0.802563,1583.0,127655000.00,181112000.00,-96807000.00,38241000.00,7411916000.00,7414478000.00,7597561000.00,7525891000.00
0002030954,73,-4762000.00,739000.00,853000.00,-6.443843,2577.0,553000.00,546000.00,-6785000.00,-1102000.00,6424000.00,10794000.00,11966000.00,7980000.00
0002032341,73,-4038000.00,1260000.00,1415000.00,-3.204762,1706.0,1064000.00,1223000.00,-1273000.00,-2598000.00,1947000.00,,1458000.00,4527000.00
0002032545,73,-1238376.00,1449377.00,1106143.00,-0.854420,1585.0,615940.00,427235.00,-1561698.00,-1679880.00,5082549.00,8455666.00,5775701.00,5710395.00
0002032609,28,6994.00,44824.00,188756.00,0.156032,190.0,19689.00,59068.00,-4832.00,-71811.00,21248.00,19595.00,644365.00,558759.00
0002032966,73,-9440000.00,234215000.00,488029000.00,-0.040305,1408.0,43669000.00,161301000.00,32792000.00,9925000.00,2207739000.00,2180280000.00,4396309000.00,4332136000.00
0002033383,73,-1316000.00,1954000.00,1879000.00,-0.673490,1569.0,1090000.00,948000.00,-229000.00,-2224000.00,5548000.00,,7536000.00,4944000.00
0002033770,73,-1736261.00,352498.00,12214.00,-4.925591,1733.0,335420.00,9548.00,-1721469.00,93806.00,3096772.00,,10697684.00,7774911.00
0002034288,82,3466.00,10100.00,5000.00,0.343168,2062.0,,,,,12731.00,17197.00,24577.00,19049.00
0002035149,35,35325000.00,192350000.00,209530000.00,0.183650,763.0,,,42549000.00,78708000.00,1588949000.00,1605810000.00,1646351000.00,1897834000.00
0002035832,28,-18143000.00,1447000.00,3227000.00,-12.538355,423.0,,,-17482000.00,-24242000.00,,,264885000.00,576801000.00
0002035989,32,-16000000.00,2081000000.00,2178000000.00,-0.007689,2569.0,222000000.00,211000000.00,-856000000.00,-896000000.00,23805000000.00,,24249000000.00,24269000000.00
0002038118,49,216000000.00,468000000.00,492000000.00,0.461538,1800.0,,,243000000.00,234000000.00,12565000000.00,12690000000.00,13889000000.00,13983000000.00
0002039497,61,25600000.00,103900000.00,407800000.00,0.246391,76.0,54500000.00,155600000.00,18400000.00,-116800000.00,201792000.00,214288000.00,332700000.00,6215000000.00
0002040127,37,9963000.00,100124000.00,151210000.00,0.099507,1636.0,39451000.00,63865000.00,-13584000.00,209000.00,773960000.00,875393000.00,1104096000.00,1417738000.00
0002041385,38,73800000.00,481800000.00,534600000.00,0.153176,1105.0,243400000.00,272300000.00,72000000.00,19100000.00,4719400000.00,,3821600000.00,3696800000.00
0002041610,48,550000000.00,7192000000.00,7347000000.00,0.076474,22.0,,,180000000.00,185000000.00,46172000000.00,0.00,43342000000.00,44488000000.00
0002042022,61,2043376.00,16767516.00,21923451.00,0.121865,82.0,9836272.00,12808027.00,-2933953.00,3228873.00,229132863.00,,651352198.00,796297355.00
0002042694,20,153200000.00,1613700000.00,1626100000.00,0.094937,2004.0,521000000.00,464900000.00,,,11194500000.00,10982000000.00,10602800000.00,10590400000.00
0002046042,61,89266000.00,154943000.00,176439000.00,0.576122,72.0,,,51680000.00,39640000.00,1654283000.00,,2087373000.00,2084105000.00
0002046386,38,571000000.00,6644000000.00,7352000000.00,0.085942,1136.0,1824000000.00,1841000000.00,682000000.00,412000000.00,35978000000.00,,38484000000.00,39014000000.00
0002048519,35,14394000.00,249186000.00,455545000.00,0.057764,821.0,53306000.00,87389000.00,-26561000.00,-17739000.00,1088124000.00,1117091000.00,2008279000.00,2007115000.00
0002050338,65,24685.00,378318.00,778949.00,0.065249,2055.0,275171.00,659008.00,,,,,2642438.00,5669618.00
0002051380,59,42000.00,23331000.00,25928000.00,0.001800,485.0,2240000.00,2766000.00,1280000.00,-1660000.00,13704000.00,15390000.00,131262000.00,128549000.00
0002052568,17,16554000.00,505953000.00,1037893000.00,0.032718,2325.0,111704000.00,186154000.00,29461000.00,120112000.00,2352500000.00,,2679396000.00,3483108000.00
0002053641,42,-316026.00,692143.00,805298.00,-0.456591,2617.0,-32407.00,157365.00,-297091.00,-1248639.00,1831350.00,,13705022.00,13350768.00
0002054696,73,15700000.00,965900000.00,1072700000.00,0.016254,1349.0,,,-153600000.00,-63600000.00,6372800000.00,,6802000000.00,6749300000.00
0002055592,61,-48027000.00,35322000.00,50272000.00,-1.359691,114.0,,,-18414000.00,-54432000.00,1593928000.00,,1801847000.00,1521816000.00
0002057381,73,-12444.00,1902.00,21042.00,-6.542587,2591.0,,,,,,,120927.00,126211.00
0002057463,48,58000000.00,266000000.00,256000000.00,0.218045,11.0,,,119000000.00,78000000.00,3382000000.00,,3234000000.00,3251000000.00
0002063196,73,-45358000.00,157736000.00,201592000.00,-0.287556,1515.0,109513000.00,148255000.00,25592000.00,-53913000.00,858506000.00,,1772292000.00,1691007000.00
0002063863,48,-369000.00,5446000.00,4430000.00,-0.067756,40.0,1259000.00,827000.00,-1536000.00,-2489000.00,7726000.00,9355000.00,11943000.00,9919000.00
0002064124,61,8072000.00,84510000.00,167007000.00,0.095515,85.0,,,-140273000.00,-37818000.00,1159578000.00,,2317523000.00,2730893000.00
0002064307,14,8300000.00,32300000.00,20300000.00,0.256966,508.0,11900000.00,7100000.00,3900000.00,1800000.00,156000000.00,,407800000.00,977000000.00
0002064947,13,15715000.00,97910000.00,200977000.00,0.160505,1812.0,,,43212000.00,95103000.00,1350587000.00,,3700020000.00,3752471000.00
0002065708,73,52647000.00,208067000.00,240746000.00,0.253029,1151.0,,,11227000.00,-3867000.00,398687000.00,,565140000.00,608570000.00
0002067129,64,15627000.00,29353000.00,37795000.00,0.532382,2091.0,,,14315000.00,16691000.00,48152000.00,,65299000.00,85296000.00
0002067767,37,820623.00,27238782.00,29843739.00,0.030127,1662.0,2676629.00,3167780.00,-5376344.00,-20867206.00,31635740.00,,48417557.00,64474020.00
0002067876,48,499000000.00,1706000000.00,1687000000.00,0.292497,3.0,,,478000000.00,585000000.00,12049000000.00,,12333000000.00,12506000000.00
0002068385,73,-1161248.00,325092.00,294014.00,-3.572060,1709.0,11710.00,-231802.00,-1328105.00,-7449588.00,32146452.00,,133140150.00,313886244.00
0002068577,58,2251000.00,44820000.00,55454000.00,0.050223,2456.0,,,3433000.00,6791000.00,212912000.00,,336436000.00,347236000.00
0002069604,80,2550000.00,59037000.00,62695000.00,0.043193,994.0,9856000.00,6380000.00,5859000.00,5026000.00,,,178183000.00,179857000.00
0002069785,73,-22077000.00,12302000.00,41530000.00,-1.794586,1621.0,,,-21164000.00,-17100000.00,120824000.00,,263659000.00,238999000.00
0002070849,80,-2315000.00,58963000.00,108388000.00,-0.039262,1005.0,37972000.00,79096000.00,2625000.00,15430000.00,302059000.00,,632654000.00,700727000.00
0002071288,80,25541000.00,245001000.00,252537000.00,0.104249,979.0,,,-13962000.00,2932000.00,,,1764557000.00,1763353000.00
0002074176,13,155000000.00,245000000.00,511000000.00,0.632653,1734.0,,,201000000.00,328000000.00,5069000000.00,,12671000000.00,12048000000.00
0002076148,73,-76622.00,48993.00,348516.00,-1.563938,1611.0,2985.00,206634.00,-66894.00,-728292.00,236168.00,,526395.00,267430.00
0002077709,73,-1017179.00,3173522.00,2548642.00,-0.320521,1524.0,2513784.00,2005648.00,-423755.00,-2878872.00,6445520.00,,6965621.00,22668415.00
0002078008,37,123000000.00,2024000000.00,2212000000.00,0.060771,1652.0,,,40000000.00,36000000.00,,,4485000000.00,4909000000.00
0002078416,79,-17282000.00,47059000.00,63620000.00,-0.367241,1019.0,,,-16458000.00,-8618000.00,1585026000.00,,1888893000.00,1884075000.00
0002079720,20,803000.00,2980000.00,3508000.00,0.269463,1910.0,1338000.00,1386000.00,904000.00,1305000.00,3731000.00,,4970000.00,22860000.00
0002080126,36,22400000.00,186224000.00,378709000.00,0.120285,551.0,68165000.00,131196000.00,,,,,1697131000.00,1853341000.00
0002081043,28,-20370000.00,1555000.00,954000.00,-13.099678,426.0,,,-17841000.00,-21090000.00,159387000.00,,292723000.00,264877000.00
0002083632,73,73904000.00,382804000.00,386501000.00,0.193060,1198.0,283242000.00,297678000.00,125509000.00,115445000.00,,,8696251000.00,8633863000.00
0002085187,57,17700000.00,532764000.00,578096000.00,0.033223,2346.0,236643000.00,256510000.00,3710000.00,28853000.00,,,1811755000.00,1808463000.00
0002086587,37,-6631000.00,106252000.00,116343000.00,-0.062408,1677.0,24602000.00,22150000.00,-79496000.00,-84455000.00,,,1475385000.00,2049054000.00
0002088896,34,-26302000.00,20804000.00,43423000.00,-1.264276,2654.0,,,-41860000.00,-67252000.00,,,1211271000.00,1196012000.00
0002089661,29,296000000.00,5179000000.00,10690000000.00,0.057154,2385.5,,,156000000.00,454000000.00,14375000000.00,,28362000000.00,30258000000.00
0002093101,28,-7452000.00,1573000.00,19635000.00,-4.737444,390.0,,,-11103000.00,-31143000.00,,,8353000.00,292360000.00
0002093536,37,60205000.00,380079000.00,458858000.00,0.158401,1626.0,162911000.00,234843000.00,20762000.00,36469000.00,,,6596434000.00,6639729000.00
0002097163,35,-12765000.00,699000.00,2832000.00,-18.261803,2700.0,,,-16293000.00,-7035000.00,,,70604000.00,319040000.00
0002100782,28,-48154000.00,8818000.00,7224000.00,-5.460875,395.0,,,-53176000.00,-80388000.00,,,330182000.00,625737000.00
0002101698,34,2858000.00,46387000.00,56007000.00,0.061612,2216.0,8611000.00,11848000.00,5305000.00,6921000.00,,,175646000.00,187247000.00
0002104052,49,29261000.00,547907000.00,549803000.00,0.053405,2018.0,,,6600000.00,21536000.00,,,2708671000.00,2704109000.00
0002104204,38,-8553000.00,13091000.00,26035000.00,-0.653350,1553.0,6389000.00,14457000.00,-13068000.00,-20347000.00,,,139992000.00,186451000.00
0002108121,67,-3729000.00,2590000.00,1071000.00,-1.439768,938.0,,,-4385000.00,-2213000.00,39575000.00,,34984000.00,34514000.00
