CERT,NAME,ASSET,DEP,NETINC,ROA,ROE,NTLNLSR,NPERFV,P3ASSET,P9ASSET,RBC1AAJ,RBCT1J,RBCRWAJ,LNATRES,ELNATR,NIMY,LNLSNET,LNCRCD,LNCONOTH,LNRENRES,EQ,LNLSGR,DRLNLS,CRLNLS
14,STATE STREET BANK&TRUST CO,368219000,277920000,732000,0.8164995370938417,10.55,0.08160119681755333,0.06164809529111752,0,0,6.044314710808947,19630000,15.872939092540678,176000,12000,1.0365671844081212,44684000,0,0,1610000,28020000,44860000,9000,0
35,AUBURNBANK,996268,911417,1578,0.6397988971780734,7.96,0.04551285071340505,0.06012438420184127,750,80,10.523021446792429,106924,16.047237402702656,6750,-10,3.18644496427894,554190,0,8110,233984,81725,560940,100,36
39,ROBERTSON BANKING CO,474020,416928,2468,2.0992642368051717,22.76,0.01873904936802556,0.07362558541833678,987,0,10.064851662350241,47801,15.106627172974257,4713,0,4.135268561276841,309384,0,2165,142192,45043,314097,20,5
41,PHENIX-GIRARD BANK,321186,309933,716,0.9075051371951944,220.48,0.04043186283490533,0.1133299707957383,760,95,11.633765682430093,41654,0,1214,12,2.724523026261301,79986,0,436,25047,3318,81200,11,3
49,BANK OF EVERGREEN,75979,67230,129,0.6726852002737672,6.96,0.025649246553382497,0.07370457626449413,705,0,13.618924139390892,10294,0,516,5,3.2407793435059338,30429,0,1523,8938,7643,30945,6,4
50,COMMUNITY SPIRIT BANK,211940,193601,1208,2.2933461163332094,32.5,0.05028972055925127,0.02406341417382278,95,0,9.564924713790862,20461,0,1797,50,4.449966350882642,135617,0,6565,28488,15229,137414,26,9
51,BANK OF VERNON,378727,314137,1136,1.2242879986636293,7.43,0.7298544953968482,0.6278929149492907,3970,3,17.91544444145429,66572,0,2534,327,4.3388295237421275,253223,1531,4586,55326,62747,255757,459,9
52,CITIZENS BANK OF WINFIELD,271298,218045,160,0.23605086896226138,2.82,0.290568093642172,0.35606602333964865,1239,836,18.34369518109586,56886,0,978,38,2.124046132410295,90408,0,11119,13686,23710,91386,114,48
54,EXCHANGE BANK OF ALABAMA,376573,327365,828,0.8730194294269756,7.46,0.045716784519899224,0.08471133087077407,148,7,14.360084897694222,56630,0,2530,0,3.4643180763365526,192569,2171,3649,79225,45281,195099,23,0
58,UNITED BANK,1393915,1160390,4651,1.3346160109443677,9.77,-0.019118337387445058,1.0453291628255668,8495,760,14.70408139646619,209638,21.616048194315876,14655,2005,4.58809160090665,869562,2194,16093,159183,194406,884217,55,97
70,PEOPLES EXCHANGE BANK,97134,86422,111,0.46494824309253413,4.5,0.25291986956561013,1.753248090267054,918,339,12.878661087866108,12312,0,689,0,3.938222212288505,54499,0,2209,16686,10059,55188,40,5
72,CENTRAL STATE BANK,686711,618523,3405,2.0137949388986227,22.39,0.0035367791878228695,0.16469810444277141,3056,713,10.073427667592608,67922,0,5509,195,4.306993437959062,460348,627,3543,148204,62547,465857,49,45
77,BANKSOUTH,211470,170103,633,1.2025275876071269,6.33,0,0.017496571617723552,303,0,19.299422959682794,40837,0,2815,0,3.498477612587962,161487,0,164,44619,40374,164302,0,0
81,WARREN BANK&TRUST CO,156282,112776,17,0.04447133070647287,0.35,0.2786719838562437,0.8286302965152736,462,0,14.722563292989536,22662,0,878,86,2.4813388322710384,83280,0,6405,12247,19549,84158,65,7
88,GENERATIONS BANK,988451,857880,2810,1.1506413750778652,11.47,-0.0011788655923762761,1.3414929015196504,10595,3502,10.826588422644141,106194,14.959402591189743,6978,300,3.847342567364662,685663,0,14120,227240,99458,692641,24,26
89,SIGNATURE BANK OF ARKANSAS,1378939,1204428,3024,0.9067004080751506,10.03,0.049368324184127635,0.052939252570273224,183,0,9.346339731761521,126377,12.323309673863807,13348,670,3.542977902329214,1128907,1135,2539,357151,122400,1142255,156,19
90,COMMERCIAL BANK&TRUST CO,369358,342769,608,0.6667781619185226,12.8,0.3814510745650157,1.7359851417865595,4210,61,10.907191032582881,40187,0,2455,295,2.7667049964546155,234178,0,20128,60380,19880,236633,280,60
93,RIVERSIDE BANK,68626,55215,136,0.8333141854889977,6.89,-0.02435658033612081,0.6921574913298167,0,449,10.246662276237801,6846,17.0752108552708,503,0,4.44650927060016,46846,0,2178,1888,10200,47349,0,3
99,BANK OF DELIGHT,184298,149183,981,2.1295185790184896,15.94,0.04586104104563173,0.4281109941507775,918,0,13.588718187377227,25111,0,1159,0,4.229674435153887,156802,0,3821,37688,25111,157961,18,0
105,BANK OF CAVE CITY,195453,165693,483,0.9996585017540591,19.99,0.05750975206486495,0.9674960220615697,1519,329,8.234749163357396,15822,21.243937739633854,827,3,3.9571460617367036,131779,338,3521,12492,10093,132606,34,15
107,MERCHANTS&PLANTERS BANK,48626,45255,92,0.7277113675239028,12,0,0.12544729157240983,78,0,11.533895406161337,5732,0,134,0,3.3294097864469485,18465,0,612,6934,3277,18599,2,2
109,HORATIO STATE BANK,307798,275048,381,0.49590730047784765,4.8,1.0224463833115423,0.7313237902780395,5383,391,11.29202777487731,34606,0,4231,590,3.6259740792037616,250623,0,32846,27460,31867,254854,741,89
110,BANK OZK,39165415,31925666,171959,1.776796931122383,11.92,0.24910301368409643,0.5419679582100687,21750,0,13.846363697667762,5233873,14.426068080463061,488150,38417,4.230809055826648,30619723,0,3759224,7997142,5831336,31107873,20203,1185
131,SEACOAST NATIONAL BANK,15723411,12581505,31980,0.8282171618806835,5.83,0.2710015621672886,0.49771643061419685,17124,64,10.505872083206198,1554228,15.102023937384523,140267,9400,3.508359630194418,10318770,0,105643,4735710,2208632,10459037,8277,1239
147,CENTURY BANK&TRUST,364121,325655,1419,1.5908383852822223,16.8,-0.004144208080687731,0.11095212855067409,100,0,12.689010089692257,46205,0,2252,30,3.8720827685806114,195197,0,1851,91612,33772,197449,2,4
148,BANK OF MADISON,432028,389083,1534,1.4764924641374273,16.37,0.0013480154684775009,0.1719795939152092,283,0,10.940488433111959,45533,14.770935587603887,4436,15,4.024790882839719,293724,0,2056,69118,38630,298160,2,1
149,BANK OF HAZLEHURST,131984,118783,765,2.3032022791165034,24.24,-0.345910330982653,0.1462298460419445,243,0,13.466343548678427,17893,32.71088781927415,1905,0,4.809792800003093,45020,0,4476,8916,12761,46925,0,42
155,BANK OF ALAPAHA,238458,220003,385,0.6464368317879016,9.64,-0.023806386063061416,0.36652156773939226,1561,437,9.974774235642716,24002,20.172059275365744,2936,0,3.366510473907554,113636,0,6358,7814,16643,116572,0,7
160,EXCHANGE BANK,406002,329572,1224,1.2228169246254248,11.51,0,0.1246299279313895,482,31,12.373208023287004,49818,0,3558,10,3.993890647840423,240445,0,1592,69863,43109,244003,0,0
169,FIRST NB OF GRIFFIN,370907,326201,1593,1.742049779099777,23.89,0.02478007681823814,0.06174054412561639,86,87,10.47746571411938,37794,19.512712910392498,1729,168,4.348834029804611,143273,414,1232,56002,27918,145002,19,10
170,PEOPLES BANK OF GEORGIA,208146,189751,673,1.3275961977092554,15.95,0.06883560275711173,0.43190837200810966,1679,261,9.16395981724518,18874,0,1697,170,5.099276674119753,166800,0,9629,23749,17279,168497,39,11
172,UNITED BANK,2151530,1863056,15481,2.830892311208892,24.21,0.0677818604808795,0.203250709959889,4913,0,13.223700373314221,286355,27.363965161515015,17301,515,5.109448047588015,909935,3044,52353,273135,265957,927236,378,223
175,COMMERCIAL BANK,430703,396434,3188,2.9534242768140446,40.81,-0.014647722279185588,0.01346635616654632,2060,0,9.893246802106848,42074,0,5431,90,4.943591186331089,295710,0,5458,99717,31190,301141,4,15
178,TALBOT STATE BANK,52301,45599,-180,-1.396891915488039,-27.73,0,1.9196573679279554,2379,424,9.102325050420488,4784,20.710870920806485,199,0,3.390621039290241,31368,0,51,629,2605,31567,0,0
183,MERCHANTS&CITIZENS BANK,141495,127183,130,0.376471951029687,4.43,0.17786077947486606,0.03816389271705714,600,11,13.534799603290356,18560,24.6759985824938,936,0,3.185483388326544,44861,0,3187,6563,12118,45797,26,6
197,ALLIANCE BANK,437022,387647,2431,2.2488410628572355,24.57,0.012361491207889378,0.005949357240596583,257,0,12.533397055142123,55073,0,4524,60,4.229801279992831,290368,0,351,100213,41406,294892,10,1
210,TRI-COUNTY BANK&TRUST CO,290946,238114,221,0.30336255428525344,4.11,0,0.23646999786902037,268,688,9.524771804839622,27809,0,2835,60,2.61590530073636,211418,0,513,114057,21957,214253,0,0
214,WASHINGTON STATE BANK,568129,501612,1990,1.390674791748197,20.06,-0.00491168182125162,0.5864865197868794,4606,363,12.042504698900384,73233,20.971634835546695,4620,150,3.347081370355244,324387,0,1551,33961,39137,329007,7,11
226,GUTHRIE COUNTY STATE BANK,280281,216327,505,0.731195250850648,8.77,-0.008277403378560146,0.6718257748473854,536,1788,11.978170896971028,32704,18.409403633027914,1777,0,2.5721421291361617,141895,147,3376,21681,22991,143672,0,3
228,AMERICAN STATE BANK,1454637,1198506,4116,1.1202267125489682,11.06,-0.009935322555515496,1.8782692864267856,5214,5438,10.079206517502568,147918,12.284493807353975,14750,1275,2.8495176055609943,1322255,2547,8194,250790,149720,1337005,347,380
230,COMMUNITY STATE BANK,323705,280541,1114,1.3666636507646845,18.88,0.22404756702192158,0.40314483866483375,2056,285,10.58928070339538,33963,0,2201,0,3.1911300940208727,156655,47,911,39919,24055,158856,93,2
231,COMMERCIAL SAVINGS BANK,321210,271400,1094,1.3675277779079886,18.82,0.0016696790459453932,0.1597086018492575,2031,181,8.134202040642641,25806,13.277087875628022,2206,36,2.8650162762898166,238809,0,1730,40625,24056,241015,1,0
232,SOLON STATE BANK,128317,86520,876,2.7312160692781062,13.2,-0.004972001417020404,9.356515504570712,1853,3098,22.861436168142074,29363,0,462,0,4.628955647399914,80573,0,1049,32152,27067,81035,0,1
234,POCAHONTAS STATE BANK,122509,90197,467,1.543801652892562,5.96,0.15308702724128975,0,27,0,25.78487926897749,30306,0,265,0,2.5111434171981895,35440,0,144,3479,31517,35705,14,0
235,SECURITY STATE BANK,457200,312004,2631,2.363053377522701,23.84,-0.0019708074151628995,0.21325459317585302,429,0,10.211536788907251,44614,0,4227,225,3.8593449666453097,412533,0,5343,22195,44677,416760,0,2
245,RACCOON VALLEY BANK,467306,422250,1033,0.9019224787588743,10.19,0,1.1761030245706239,1679,0,9.247551028372946,42651,13.12394559110928,4589,75,3.187174524540193,332488,0,346,75866,41006,337077,0,0
248,STATE SAVINGS BANK,245979,185235,756,1.2128942207034306,13.43,0,0.16546127921489232,790,150,9.250267601678463,22728,11.08708251515964,4194,180,3.7544168678414,220271,0,218,67722,22728,224465,0,0
251,FIRST SECURITY BANK,67734,57739,118,0.7154821546320648,5.01,0,0,94,0,12.74400232711239,8324,19.66540193924871,524,0,2.6312690321169603,36150,0,809,2687,9657,36674,0,0
252,PINNACLE BANK,303870,259481,948,1.2739409861620177,10.63,0.026938424054088507,1.5720538388126502,1370,0,14.05856631774215,41379,17.432321247413867,2092,45,3.2321556557266713,206201,0,2086,79904,36146,208293,15,1
253,LUANA SAVINGS BANK,2090409,1815479,4208,0.8057113986000094,8.54,0.0002411500930236484,0.007510491965926285,165,0,10.373788416801629,219577,0,18127,0,1.7004209128689645,1647913,0,8506,260672,198170,1666040,3,2
254,FIRST WHITNEY BANK&TRUST,291357,262448,911,1.2580787714743413,14.77,0,0,481,0,11.133767232383148,32434,14.149388840367083,453,0,2.359961446876063,148900,0,2081,12391,25093,149353,0,0
258,STOCK YARDS BANK&TRUST CO,8992689,7295098,34149,1.530177244746695,14.25,-0.05893400612783171,0.18051330364032384,18702,283,9.696476046469787,850456,12.52348056503144,88814,900,3.52092479537642,6565343,3012,22137,2388013,976388,6654157,614,1585
262,CITIZENS BANK,237114,211016,810,1.3404187981325153,18.02,0.03242361452375283,0.9358367704985788,2167,33,7.5242076300333345,18486,12.300123736483135,2110,60,3.972282688206842,194389,0,5901,20388,18318,196499,38,22
267,KENTUCKY FARMERS BANK CORP,306881,260625,1395,1.8257967410509783,12.55,-0.04366784184535162,0.11111799036108459,780,214,15.527363519805654,48321,27.247929592478204,1525,-91,4.199113412249386,154918,0,3475,41206,45085,156443,9,26
275,MORGANTOWN BANK&TRUST CO INC,393822,344048,767,0.7857962462093271,11.03,0.008090751259965952,0.3074993271071702,1949,38,8.055248197184174,31668,12.653379406495716,1995,96,3.2874893528303986,299401,0,5926,39316,28492,301396,13,7
281,HYDEN CITIZENS BANK,144594,131620,276,0.76291566464881,14.57,-0.009540107206954739,0.14315946719780903,455,18,8.760438187990353,13187,12.458943433174596,810,0,3.76902848253639,83255,0,3967,12138,7832,84065,1,3
284,AUBURN BANKING CO,139652,122344,566,1.6228925335474251,23.87,0.07420221029833926,0.11528656947268927,846,91,8.679207438501985,12116,12.558125932208346,766,13,4.105181831110975,107687,0,1979,15286,9785,108453,21,1
287,COMMUNITY FINL SERVICES BK,1395292,1259905,2861,0.8046674084738284,11.25,0.15011812573828587,0.5883356315380579,2493,0,9.759215016718265,144156,14.255585353730801,14754,150,3.1804738893678706,964956,0,276487,180797,101202,979710,533,167
288,FARMERS&TRADERS BK CAMPTON,66462,57148,154,0.9293484000422431,17.08,0.07502478497360734,0.1339111070987933,153,0,9.133930690719202,6157,12.637975462482212,415,7,3.7127014745881723,37212,0,1521,4384,3744,37627,8,1
289,BANK OF HINDMAN,264625,214528,160,0.24465579987155572,4.09,0.013203008635592837,1.0176665092111479,4584,1587,9.128193718248228,24616,16.16592662125526,1483,-1,1.6461651273347448,121337,0,5707,41112,16300,122820,5,1
291,JACKSON COUNTY BANK,177514,115948,823,1.8747899973233557,7.23,0.010904382198596062,0.14477731333866625,675,39,26.11157331665671,46764,0,1985,17,4.439247470194261,70837,0,6029,3764,46240,72822,15,13
292,MONTICELLO BANKING CO,1169330,943764,2600,0.8955631305270346,11.63,0.006196296283056348,0.09372888748257549,1224,224,9.769750694765019,115765,0,9564,0,3.250628482973572,839795,1340,11863,234718,89920,849359,81,68
296,BANK OF EDMONSON COUNTY,284983,247498,1043,1.4767749528773573,19.2,-0.012230016026416836,1.0274297063333602,4806,0,10.229753793072328,29471,16.79976053793443,1959,30,3.528923797815535,194029,0,3772,29591,22532,195988,11,17
297,LEWISBURG BANKING CO,211347,173619,731,1.4278389530483189,18.65,-0.0029014206080652236,0.29808797853766555,1957,0,9.454245311163707,19014,0,1693,30,3.8809607570218776,137039,0,2742,16088,15784,138732,0,1
303,UNITED CUMBERLAND BANK,432960,374586,1724,1.6086122337106434,15.51,0.1034771261520426,1.4795824094604582,4844,0,11.549462767405275,50069,0,4428,263,4.081213678744174,301458,0,16962,62042,45225,305886,110,31
304,CLINTON BANK,69176,57888,73,0.42280542986425335,2.7,0.0282346297734171,0.08239851971782121,293,52,18.019849168745967,12855,26.736888391429485,522,12,3.4064348912733244,42434,0,876,4883,10945,42956,3,0
306,BANK OF ZACHARY,405419,362593,672,0.6724152163961247,7.62,0.030677140353669082,0.16871434244571665,962,0,11.822372602623203,50035,21.065204104866638,2670,0,3.7906466692946506,262036,0,2783,65165,36001,264706,23,3
307,LANDMARK BANK,204690,185392,229,0.43581484530000336,5.05,0.08847570437049872,2.071913625482437,443,0,9.965001868832246,20529,0,1517,55,4.388032543176342,147579,0,5649,34625,18553,149096,34,1
314,MER ROUGE STATE BANK,50550,45493,93,0.740246947973773,7.75,0.017395842393667912,0.35014836795252224,489,0,12.029192510125418,6148,0,283,30,4.878258625139809,23450,0,366,2837,4940,23733,1,0
321,HOLMES COUNTY BANK,154038,136112,287,0.7659384246888375,7.85,0.013458384152752662,0.6005011750347317,680,19,13.966119143937544,21163,27.405301859976518,1029,0,3.3700767387704604,60629,0,2519,6898,15279,61658,4,2
324,CITIZENS BANK,474772,416115,2204,1.8677055990915699,16.12,1.3172526439095213,0.35743472656348735,3273,597,12.6990814864751,60280,21.46195732353375,3732,253,4.696696354892866,298812,0,12150,70568,54289,302544,1107,109
327,MERCHANTS&PLANTERS BANK,211159,176318,982,1.768138840311585,11.87,-0.033727523767364403,0.247207080920065,16,0,16.352076390366115,34592,0,2187,0,4.0923813276692265,91688,0,1454,32362,33928,93875,0,8
340,PEOPLES BANK BILOXI MS,866201,752206,1394,0.656928587880398,6.1,0.022354966779229657,0.057954216169226316,1803,61,13.322889862990689,114219,0,2969,-5,2.940709062710608,228676,0,3888,110504,93675,231645,53,40
342,FARMERS STATE BANK,716932,629943,1595,0.8844956780324823,15.21,-0.021270508758663743,0.38399736655638195,2984,0,8.912344265102538,66613,14.232155001237375,6537,0,3.714787161257697,465910,271,5374,175254,44542,472447,16,41
352,BANK OF BAKER,154337,136593,516,1.302898697101303,12.24,0.02887270146228203,0.8623985175298211,275,94,10.946868728291733,17618,0,1133,-21,3.95135323593954,80265,0,1237,17587,16974,81398,25,19
363,FIRST MONTANA BANK INC,562753,437519,989,0.7011300316181996,8.17,0.0024068112759108276,0.3676568583374944,913,0,9.066812662673037,51173,15.987507566519577,3403,35,3.12744450701112,324666,0,6008,132277,48769,328069,13,11
384,OHIO VALLEY BANK CO,1499078,1288806,4133,1.1068385038130426,11.28,0.1610745479148727,0.32933576505025086,8733,306,10.131115840411024,150573,0,9897,390,3.687447994667106,1021831,5925,46001,228509,148857,1031728,659,240
389,PEOPLES BANK,57738,52250,1,0.007004517914054566,0.08,0.2596840510711967,0.25979424295957604,628,39,11.036596042724566,6303,23.302353737136347,241,0,3.5894642576880824,31850,287,246,4909,5247,32091,21,0
399,FIRST SUMMIT BANK,31072,26573,137,1.7646395852452947,12.57,0,0.032183316168898045,57,0,14.259126232612813,4367,0,216,0,5.541589855315345,16622,0,1073,4625,4427,16838,0,0
402,SOONER STATE BANK,320550,277880,1536,1.9667691559122316,17.66,0.008109149147525696,0,35,0,12.883597373109751,40060,0,2239,117,4.789359700443856,200664,0,1818,64989,36053,202903,9,5
404,FARMERS STATE BANK,193859,184469,583,1.231597987826615,37.72,0.2174831346011485,0.19240788408069784,1879,0,8.95497942082433,16949,13.23142622811731,1684,130,5.0935894831538935,119328,0,12878,16764,6526,121012,100,35
406,CLEO STATE BANK,112854,95566,451,1.6229735322165644,10.87,0.2750724214109496,0.7505272298722243,231,632,16.524604064904207,18708,0,593,30,3.8029108349848877,58357,0,2368,0,17139,58950,59,19
414,STOCK EXCHANGE BANK,309049,256404,1051,1.3998494928708902,8.64,-0.1932641314809631,0.16728738808409022,4707,0,17.510546435651076,53089,0,2600,0,3.5721882717718527,130795,0,9089,42967,49694,133395,111,174
418,HIGH PLAINS BANK,195701,170857,958,2.0121559000748257,17.12,0,0.575367524948774,284,366,11.582416301531714,21861,0,1412,0,3.6051333230254556,155620,0,4378,58529,22593,157032,1,1
420,BANK OF VICI,34262,31605,-625,-7.22553794129973,-87.21,1.6423458913610387,3.9314692662424844,534,1237,10.984570168993388,3887,0,409,470,3.8568031531971725,17521,0,2439,4154,2609,17930,166,92
421,SECURITY STATE BANK,267752,239297,1352,2.041066653582906,21.24,1.266907770006532,0.6315545728883445,1820,115,10.679626297943281,28315,0,2732,120,4.204982548245923,153868,0,1694,23910,25962,156600,526,29
428,AMERICAN EXCHANGE BANK,96004,82727,457,1.9600169410654642,14.83,0.24514538853545614,1.657222615724345,2502,1094,13.562636604164268,12969,0,857,33,5.436805460588512,74536,0,5688,7472,12447,75393,59,13
432,SECURITY FIRST NB OF HUGO,137543,121850,884,2.581690876102932,26.43,0.015101605489433595,0.24137905963953094,117,0,10.253138261566312,13820,0,1331,0,6.589641724678354,104358,0,1390,18191,13820,105689,31,27
444,PS BANK,597941,525359,2061,1.3983440038198336,14.91,0.014197109113656733,0.2488539839214906,1112,557,10.810245969332206,64140,0,4888,100,3.5630113929082023,399815,0,2140,138884,56731,404703,18,4
445,MERCER COUNTY STATE BANK,585561,499214,1154,0.789376254242085,11.49,0.047263531433459245,0.8842802030872957,5146,386,10.051040831003858,60514,0,4061,117,3.5227709974709267,384176,0,1481,191716,41662,388237,52,6
485,SECURITY BANK MIDWEST,338136,262213,715,0.8381738360813321,10.89,0,0,0,0,9.16052099440942,30805,0,2950,0,3.2108885526280573,223966,0,841,11087,26238,226916,0,0
492,WESTERN DAKOTA BANK,76253,68681,220,1.1549769004619908,12.3,0,0,2,0,9.746496614706345,7428,0,381,6,3.3643925600656885,24073,114,312,2375,7282,24454,0,0
496,BANKSTAR FINANCIAL,333747,270853,918,1.1089149575172625,13.02,-0.0031025308895731695,0.10217320305500874,1279,0,8.943686989330295,29204,12.250965711930924,2606,100,3.4248559145803705,256793,288,1349,69048,28835,259399,0,2
501,FARMERS&MERCHANTS STATE BANK,166873,129591,1101,2.6913310905574246,27.71,0.012867942737654816,0.6525920909913526,755,327,11.073175576689097,17838,14.083443051088903,1755,0,4.7603348524515985,123461,184,2965,2814,16298,125216,5,1
505,GREAT PLAINS BANK,147793,118341,1814,4.899623884991188,30.07,0,0.4073264633643001,1618,0,16.86336798225332,25162,0,1657,0,6.754279810053573,106702,0,3788,4463,24848,108359,0,0
526,FARMERS STATE BANK,31146,27449,105,1.382056302341269,12.36,0,0,0,0,10.349793004139919,3450,26.07944732297064,199,-2,5.21054013831743,16132,0,111,5140,3450,16331,0,0
529,CENTRAL BANK&TRUST,204028,187350,879,1.7075628619647172,20.58,0,0.11174936773384045,356,0,8.136327721682816,16785,17.584792396198097,791,0,3.9807373980461933,105990,0,361,34281,16454,106781,0,0
588,MANUFACTURERS&TRADERS TR CO,209801428,169294179,616137,1.1810243602291735,8.87,0.3374948564695014,0.9741735408969667,1446538,475761,9.717642278816955,19373551,13.831527080520878,2199213,130000,3.752559479857841,132428012,870585,13590035,24073490,28002760,134627225,159720,45704
597,CHEMUNG CANAL TRUST CO,2796650,2437119,6123,0.8790972132489125,11.33,0.05027175770547801,0.3618972699479735,7396,24,9.069707889008798,257842,13.192029741006031,22522,1092,3.028488077190911,2075398,0,6341,714297,222746,2097920,398,136
609,TOMPKINS COMMUNITY BANK,8161538,6791460,18582,0.9158843046685541,11.28,0.04851667144194046,0.8718822359217098,12285,187,8.839111301707632,710687,12.651839881453789,61023,5287,2.9668183992011445,6005622,0,80622,1983799,673963,6066645,964,231
618,BANK OF MILLBROOK,284094,249877,1227,1.7477978921728354,15.51,0.006283059692993996,0.2749090089899822,6711,45,11.335459233331093,32028,26.842067428653582,2365,30,4.179787932814113,128372,427,4773,33655,32789,130737,17,15
622,AMALGAMATED BANK,8289862,7456463,25747,1.2446008393091708,13.9,0.21942802626577326,0.40941574178195006,53938,0,9.56306931179036,792983,15.88463323673188,57676,596,3.566432930832977,4623497,0,388278,409004,760425,4681173,2977,401
623,DEUTSCHE BANK TR CO AMERICAS,39663000,27706000,236000,2.3765467064436137,9.64,0,0.6756927110909412,0,2000,27.279233648975996,9910000,57.702804715173336,22000,5000,2.9554942050440793,15206000,0,272000,2004000,9911000,15228000,0,0
628,JPMORGAN CHASE BANK NA,3643099000,2601221000,12708000,1.4314115308151094,16.15,0.6839150912962126,0.3312564385431195,7907000,2886000,7.904954605414102,277699000,16.921548043987986,25153000,3277000,3.0145815983552366,1342795000,192897000,5945000,50901000,316613000,1367948000,2815000,483000
639,BANK OF NEW YORK MELLON,356262000,310780000,1088000,1.2574091650450654,15.1,0.09851812322975247,0.05754192139492845,20000,0,6.958234685949553,22748000,17.41051028179741,272000,16000,1.5274982038951204,35727000,0,0,2158000,29672000,35999000,10000,1000
659,FIVE STAR BANK,6303092,5423774,18252,1.1790866196973262,12.05,0.2097585773073582,0.6380043318422134,12689,36,9.882275183312881,612127,12.449063357487317,48964,2941,3.4689238940406395,4504701,0,54061,1164100,616351,4553665,5244,2875
660,ADIRONDACK TRUST CO,1643685,1436965,2481,0.5910606542941385,5.87,-0.000808599863851998,0.28186665936599775,3664,93,10.157631896395468,162515,16.81585524735055,19975,0,2.6412777014380704,964128,981,2242,447564,172459,984103,1,3
686,JOURNEY BANK,1599499,1339421,4447,1.1144319501400088,10.79,-0.005981718811713965,0.7689907902411943,11933,0,9.295300822406782,146662,16.127614849135284,9985,110,3.8228280562505392,1135981,0,9832,247289,167362,1145966,1,18
698,WAYNE BANK,2377289,2006459,6068,1.033721809498682,11.21,0.07451909738743288,0.334456601616379,4145,21,9.37606661983928,218113,13.153106531727362,20442,857,3.2939300877601307,1744149,0,63141,577166,220121,1764591,416,92
713,ORRSTOWN BANK,5441642,4650117,19532,1.435729388679334,13.52,0.03386590279104661,0.42753639434567725,29639,400,9.451877572736691,506304,13.018697158486198,47804,-554,4.071575942829926,3833442,0,4011,1775237,586078,3881246,893,562
737,APPLE CREEK BANKING CO,256394,234636,741,1.1562858413500925,14.94,-0.001903669561037595,0.06825432732435235,0,0,8.579888527635857,22167,11.506214149139579,1859,66,4.543624618319429,210718,0,12314,56635,20340,212577,0,1
763,MINSTER BANK,778145,696249,2737,1.425698117409131,19.71,-0.0124826250960577,0.027372790418238247,752,0,9.25617007807285,72522,17.688019109615894,4764,162,3.5029846272193077,386277,0,1474,151267,56990,391041,6,18
769,FARMERS BANK&SAVINGS CO,464754,423209,618,0.5360203739782925,6.4,0.02290746227427307,0.9024128893995533,3159,0,8.972830383152305,41090,0,2922,100,3.367166350060153,294874,0,5061,58549,39628,297796,50,33
803,WESBANCO BANK INC,27321021,21437798,1545,0.022667987669935174,0.16,0.058062229152718386,0.3423517737495974,69755,10734,11.998243633470302,2407892,12.793418231915743,233617,68887,2.717416766929379,18686616,0,34609,6784490,3968123,18920233,4005,1234
823,CITIZENS BANK&TRUST CO,566488,484162,2492,1.7815763769549666,14.59,0.011864771269456372,0.21324370507407042,2237,631,14.170947318122087,80665,0,3381,60,4.077557386296478,266260,0,3448,56051,70388,269641,11,3
845,BANK OF ROMNEY,356535,268250,1178,1.3315116415430504,8.85,0.808876149473252,2.1526638338452044,4262,0,15.549758837280098,55677,0,2226,75,4.512948129714597,255284,0,7196,17751,53992,257510,581,54
847,PLEASANTS COUNTY BANK,76551,69089,44,0.23218844202874653,2.73,0,0.13324450366422386,274,0,9.923898122109529,7446,0,407,0,2.9774104520129336,39547,0,1746,8522,6593,39954,0,0
855,MERCHANTS&FARMERS BK GREENE,123248,109996,356,1.1427975266137802,11.77,-0.0496709300881659,2.223971180059717,1784,0,11.693833010149854,14413,0,1069,0,3.6316828284561917,71329,0,7116,16458,12504,72398,0,9
861,STATE BANK&TRUST,385482,324418,610,0.6400570805002938,16.28,0.0711537581890352,0.4319267825735054,2083,2,9.044823170624747,36094,0,2143,103,2.6121600362738566,202309,0,13127,25772,16243,204452,48,13
872,STATE BANK OF COCHRAN,267903,225745,2633,3.9266347152239116,24.3,0.07805074557345268,0.8685979626954532,1608,0,15.057884680229291,40191,28.349283102224437,5202,0,6.0241581968568125,154698,0,5996,45096,40197,159900,123,92
873,SYNOVUS BANK,60208106,51540313,209355,1.391898620475086,15.65,0.19998702227808723,0.5449066941252063,52607,40886,9.778894192016514,5840478,13.674696914535522,478207,10921,3.494017163143589,42292200,178522,752870,13658051,5523943,42770407,27147,5781
876,BANK OF DAWSON,158235,132987,692,1.7421076481546751,12.21,0.16675139806812406,2.5146143394318576,1302,0,17.5638489436709,27701,25.205804019231437,1438,75,4.159994583340387,99041,0,2511,3331,23352,100479,45,4
877,MAGNOLIA STATE BANK,195115,165126,1031,2.1117907463213927,14.76,-0.03494704551852679,0.4351280014350511,1170,111,14.81009906524642,28614,0,2196,0,5.830740649551223,100529,625,895,22127,28564,102725,0,9
879,FARMERS STATE BANK,189007,165807,1268,2.714745639787723,23.51,0.18053734256350829,0.0634897120212479,2211,0,14.657299772128237,27916,34.071914708544426,1530,15,5.381352712207396,80749,0,6599,22601,22454,82279,47,10
889,GEORGIA FIRST BANK,254432,230231,940,1.5566683157966643,17.35,0.04283632858845843,0.6288517167651868,535,30,9.368950035012563,22745,14.46733379408878,3136,250,5.4012267057700365,176993,0,9681,32720,22767,180129,26,7
893,CITIZENS BANK,797824,697049,3246,1.6394550049528362,13.25,0.016591524726556693,0.3182406144713621,2880,202,15.841274611499422,130726,0,5035,111,3.1371520893482727,428575,0,22641,183381,95668,433610,46,28
898,BANK OF FOREST,267815,238522,254,0.3873405222615959,4.84,0.005182824120863459,0.34837481097025935,1976,3,11.611334865481906,30617,0,1935,50,3.3181513038987864,155301,76,6339,53593,21634,157236,2,0
899,GERBER STATE BANK,89202,80043,129,0.5789653798899292,6.67,-0.02799421452899734,1.1210510975090244,368,439,12.960340708873346,11990,23.506375396722284,702,36,3.0280369530953393,41337,0,497,2567,7874,42039,1,4
902,BYRON BANK,363477,332006,768,0.8459687057670171,11.01,-0.02776223381873864,0.4633030425584012,1204,0,10.157955884412877,36984,0,2537,60,2.8481415029032395,225999,0,2603,83375,28885,228536,9,25
903,AMALGAMATED BANK OF CHICAGO,1186570,1003175,2695,0.8247615134756315,8.73,0.016108160931266477,0.9023487868393774,210,0,11.077337876765265,126131,17.005415315751872,11508,486,3.254622228183659,718289,0,0,361106,124593,729797,30,0
913,NORTHERN TRUST CO,164498167,133476663,367445,0.9202059717954159,13.49,-0.0019091974303912316,0.09639985836437923,483748,85513,6.840959931683706,10185412,13.407084022629,167075,1001,1.5028092938697353,40666183,0,347505,4256884,10986968,40833258,313,514
925,STATE BANK OF GENEVA,116984,101903,94,0.3299852120988727,3.24,0,0.5351159132872871,0,2,12.263991533488078,13790,20.31537196478669,1367,0,3.2144761764651792,70252,0,12,34749,11789,71619,0,0
926,PEOPLES NB OF KEWANEE,581178,522394,678,0.4708366030319655,6.18,0.009259393220388027,1.1049970921129155,587,0,9.940493855726523,59286,14.875756823347402,2873,440,2.6342691969612217,167891,0,2615,69125,45745,170764,12,8
931,CITIZENS STB OF MILFORD,57218,53185,106,0.7444735132477658,10.99,0,0,26,0,8.452294675812785,5015,14.02429061597952,117,0,4.719646226179662,22525,0,182,2602,3776,22642,2,2
950,IOWA STATE BANK,457992,348833,701,0.6059610663531689,7.76,-0.004142309026609158,0.19978514908557354,4370,0,10.80977082671859,51409,16.942081777337357,3912,1,2.9782019296028945,287100,0,3637,64436,36848,291012,0,3
951,CHEROKEE STATE BANK,264683,218674,300,0.4568391678674557,5.12,-0.002318276129869829,0,15,0,13.081276849267818,33374,0,1981,55,2.5607610607936406,170370,0,619,30572,23909,172351,0,1
953,BANKERS TRUST CO,7354116,5720907,17057,0.9393148734124935,10.94,0.0030641831462266495,0.049305722128941125,6742,68,9.929536457804678,724893,11.495163605952142,73135,2550,2.861078496197447,5729643,2036,4693,2588344,634274,5802778,57,13
954,FNB BANK,276940,221040,1011,1.4702701130515559,10.57,-0.11696015000603366,0,7552,0,13.094504384759897,35269,0,4311,0,3.7120708063193404,212705,405,469,10679,38644,217016,1,64
955,CONNECTION BANK,518287,439065,1874,1.488941195165311,15.28,0.00986937655821194,0.283819582586482,2028,65,9.63045890346832,48345,12.019105182089229,4994,45,3.4885653414421536,445598,0,2946,132591,49792,450592,12,1
956,GLENWOOD STATE BANK,330430,293015,1101,1.3618821433872643,12.62,-0.00261543038541636,0.9542111793723331,1697,491,11.399350598421986,36336,0,2138,60,3.4377543701291895,147717,0,873,30410,35820,149855,0,1
958,UNITED BANK OF IOWA,2481124,1957033,5639,0.9227958308087637,11.67,0.0005081110400461364,0.20430256609504402,3493,70,9.799939988414875,244298,0,21814,350,2.4517070628550264,1551285,0,19013,51371,199358,1573099,236,234
963,HOME TRUST&SAVINGS BANK,291179,249862,692,0.95114228133263,11.79,-0.06501294102291953,0.5306014513409277,4951,1278,10.190648271669565,30174,15.367126104963255,2404,100,2.175850342560973,202429,0,1050,17247,24191,204833,0,33
966,HOME STATE BANK,57738,43890,248,1.6881658214492359,7.71,0,0,0,0,23.67397831115778,14430,0,413,0,3.4760454747716225,33061,0,126,2777,12648,33474,0,0
968,SECURITY TRUST&SAVINGS BANK,282022,257900,597,0.8632110511257349,10.59,0.06523852836935043,0.2623908773074441,965,0,9.785812896634308,26723,30.839321103152024,1334,0,2.2927276847239404,77635,0,787,3003,23499,78969,14,1
969,TEMPLETON SAVINGS BANK,160066,134181,506,1.2803481737326199,8.27,0,0.008121649819449477,766,13,13.991106646740329,22843,0,1504,12,3.5237454172357676,101296,0,704,12925,24814,102800,0,0
976,BLISSFIELD STATE BANK,115413,107748,300,1.0398793739926169,16.04,-0.014821402104639097,0.45488809752800813,1027,61,11.0567455256834,12745,0,991,64,3.6771312596793346,53373,0,1707,3023,7547,54364,0,2
977,TRI-COUNTY BANK,592993,515510,2839,1.9400408474609572,17.66,0.042401735705833346,0.41956650415772195,1236,0,12.665216692485782,74071,0,4686,39,4.388182593082936,430906,0,1487,223761,66293,435592,46,0
982,EASTERN MICHIGAN BANK,512455,460762,1571,1.216353803331617,12.95,0.015157471923151616,0.36491008966640975,477,0,10.384951198680623,54594,16.92705253447501,2656,-43,3.9568720785669775,199525,0,2187,70262,49554,202181,17,9
983,COMERICA BANK,77698000,63003000,180000,0.9170222250525377,11.33,0.20615287028227083,0.40284177198898297,140000,12000,10.654221955668842,8527000,13.534481421490312,683000,20000,3.362038877135999,49455000,0,121000,11479000,6579000,50138000,32000,6000
999,G W JONES EXCHANGE BANK,109373,99649,268,0.9894045113892272,12.7,0,0.055772448410485224,116,0,7.733666082520576,8429,30.656367932846614,263,0,2.848963879905816,24423,0,986,8633,8717,24686,0,0
1005,ISABELLA BANK,2054178,1830808,4630,0.9051724348600867,11.58,-0.014614934098468119,0.04074622549749827,5557,26,8.59248050986978,176720,12.994394700842196,12735,-107,3.081826503959889,1355116,0,42212,408512,163982,1367851,173,224
1008,BANK MICHIGAN,132273,113412,7,0.021180510904180883,0.27,2.2486155911472414,2.857726066544193,400,0,9.096345820618588,11864,12.161429372351865,2023,70,4.698087637404005,107144,0,804,66015,11629,109167,603,0
1014,CHOICEONE BANK,4300782,3656733,-11978,-1.364788141223897,-13.13,0.012673414367323296,0.44550037644316776,26920,14,11.338791668541095,357911,11.935478274156761,34567,13163,3.3997188404564267,2894328,0,14340,1435862,473690,2928895,154,83
1022,CLARE BANK NATIONAL ASSN,322455,273960,424,0.5225938650684826,7.11,0.015258876374490974,0.2753872633390706,4007,309,11.489850288389949,38427,0,744,20,1.8918953235902842,156853,216,955,13897,24919,157597,6,0
1027,FARMERS BANK&TRUST CO,568648,523499,2504,2.0065348609388804,25.42,0.3131528014255616,0.909701608024648,2728,0,8.627309752588332,49589,12.357163326348216,7353,388,4.10638777308653,429973,0,6049,80737,42363,437326,311,5
1028,FBT BANK&MORTGAGE,252920,227323,704,1.1130588763085656,21.67,-0.058849885978345916,0.28902419737466395,2982,121,9.31047390881186,24872,0,2290,0,3.882024412473417,147586,0,7600,23877,13045,149876,10,32
1040,MIDLAND STATES BANK,7273790,5942621,-139152,-7.536714551513028,-76.22,1.2480964135622707,2.060452666354129,48221,6201,9.452947427506993,714213,12.825432512920113,105176,10850,3.6532726443177608,5200698,0,363597,1975747,659546,5305874,17996,1118
1047,BANK&TRUST CO,602303,511407,1423,0.9630995154892019,9.82,0.02594020264486306,0.252198644203997,1831,0,10.941533107768448,64644,17.287046061589052,6666,70,3.3425674951648006,377465,0,12013,108912,59431,384131,35,10
1049,FIRST NB OF STEELEVILLE,271222,230275,1106,1.671373386098964,16.68,-0.00348100026542627,0.1880378435377661,1351,103,13.092168839456649,35902,24.7176680041453,1215,29,3.4719698988284122,112090,0,4379,14040,27180,113305,8,9
1058,MIDWEST BANKCENTRE,2868243,2394382,8098,1.1398136718524576,10.09,0.0287034255744459,0.344426884333022,8099,526,11.042167216007934,311461,13.669373970805774,32046,1020,3.4767395571635746,2271197,4823,65125,863553,324622,2303243,257,93
1060,WOOD&HUSTON BANK,1194541,1077512,4919,1.6030013503632539,18.23,0.028959964470013737,0.07885874155847308,9173,0,9.998498832380587,124551,13.680015887732017,12477,63,3.3047640307115675,906837,0,11083,279413,110413,919314,150,83
1068,CASS COMMERCIAL BANK,1342079,1136535,6982,2.0116283760033653,14.58,0,0,0,0,13.044185635717199,196429,17.887062839193906,13527,741,3.9885488142641625,1058808,0,0,498373,192830,1072335,0,0
1073,LINDELL BANK&TRUST CO,926481,698068,4229,1.8502354904830345,11.76,0.3678627739079074,0.2369179724138973,6333,1129,15.793096829068908,143157,0,15260,40,4.019684866893501,493186,667,1418,181944,145638,508446,483,12
1086,BANK OF VERSAILLES,339567,249630,1205,1.4238996534783623,10.16,-0.002670258163897108,0,253,0,14.314991778471512,48056,0,3974,3,3.467032346141277,295617,0,987,12244,48056,299591,0,2
1090,UPPER PENINSULA STATE BANK,352343,295000,715,0.837955271939925,6.58,-0.0015149678826808872,0.09848357992070227,214,17,13.197996526998452,44690,0,3429,30,3.832561364314809,263246,73,6125,126879,43848,266675,0,1
1092,BAYBANK,165570,146109,503,1.2378567605313187,14.03,0.022949126703767756,1.0774898834329891,4496,127,9.975977579073803,16445,0,1785,30,4.1978002419272435,121490,25,9993,22573,14748,123275,8,1
1095,CENTRAL SAVINGS BANK,456290,417650,2028,1.776915216479399,24.41,-0.034962951190925524,0.054789717065901064,1238,62,8.876042657629434,42639,16.025712455079812,3172,93,4.448140690808992,243465,327,13402,94980,34927,246637,43,65
1098,ROOT RIVER STATE BANK,82030,76415,1,0.004882574093061863,0.08,0,0,0,0,10.282970898813957,8696,20.034016650255122,249,0,2.1148215949720117,30023,0,105,2814,5374,30272,0,0
1100,PEOPLES STB OF PLAINVIEW,388703,350507,1122,1.1535910920559522,20.55,-0.0015424035660370446,0.11962861104750928,2829,0,8.439103185371842,32653,14.129617622841595,2869,105,3.0992001408727337,256512,0,5362,40687,22445,259381,0,1
1105,FIRST INTERSTATE BANK,28203871,22991983,57985,0.8099959379719961,7.04,0.20397759721385816,0.7033679880325647,90219,2993,9.040556734392721,2492227,13.625037560337569,215275,19966,3.2770646842651345,17162412,74227,314887,7095225,3324981,17377687,10835,1854
1117,AMERICAN BANK&TRUST,1941027,1728617,5127,1.0672559090553084,12.87,0.0036348067698276088,0.005873179507549354,7145,57,9.174223062953683,177117,12.959591742305543,15021,465,3.4778561516952453,1415440,103,17663,307731,163006,1430461,20,7
1118,CITIZENS STB OF ARLINGTON,141949,125867,237,0.6793337083522932,6.49,0,0,271,0,11.904247082702677,17067,0,1214,0,2.56296456529928,75498,158,1021,4780,14882,76712,1,1
1122,FIRST FIDELITY BANK,664560,607424,2450,1.4903662270846687,19.54,0.02726660468058536,0.033104610569399305,2818,136,8.932236499847829,59579,13.890633400955139,1909,55,3.971303592866608,353817,0,5878,29559,51235,355726,35,10
1125,MERCHANTS STATE BANK,216871,173136,974,1.8279151164263696,13.51,0,0.3103227264133978,1053,387,16.051282514124804,35569,0,1010,0,4.237351956260889,138448,27,2216,19390,29279,139458,0,0
1141,COLORADO B&T CO OF LA JUNTA,253763,207268,976,1.572377072454604,11.63,-0.02684864078756013,0.1178264758849793,1158,279,12.439583208813978,31219,0,2144,40,5.051603327465396,176656,408,2116,82616,33836,178800,11,23
1147,PEOPLES BANK,524145,476309,2097,1.601055154135916,25.14,0.9654258761544376,0.9115798109301816,952,127,8.799633411987504,46280,15.936692506459949,3017,120,3.4632916342483777,252061,0,1847,14187,34526,255078,658,24
1150,FIDELITY STATE BANK&TRUST CO,155973,124457,-826,-2.1720623087365687,-25.01,-0.16070950269337222,0.7462830105210517,92,52,8.693795138619244,13434,20.241158010799808,949,75,3.6246527323970095,65638,0,447,14589,13379,66587,2,29
1163,WAHOO STATE BANK,117080,91089,191,0.6543168640750923,9.25,0,0.0008541168431841475,172,0,8.308387074701928,9714,13.332911552574972,823,0,3.23671613787795,84650,0,2144,5383,8415,85473,0,0
1164,CITIZENS BANK,777348,683901,4143,2.111946413756453,52.71,0.019307069283418125,0.08490405841399219,3582,0,9.096650471785026,75043,19.169029891271556,3871,0,3.8885669366444198,308198,0,1456,109875,35590,312069,46,31
1165,FIRST BANK OF OKARCHE,137348,116753,821,2.407862948312333,17.21,0,0.021842327518420364,374,2,14.236202702306633,19429,0,984,30,3.889997969169697,50375,0,912,1362,19429,51359,0,0
1167,UINTA BANK,213050,200157,57,0.10690598603188893,2.32,0,0.2731753109598686,0,317,11.495515841132658,26469,24.57440200217863,788,10,1.3814233100382605,77628,0,867,48030,10557,78416,0,0
1169,SUNDANCE STATE BANK,267386,231353,1025,1.4644896967791943,15.69,-0.17590888954279857,0.7169410515135423,1024,0,11.424028136341526,30533,17.281669588586666,2889,0,3.410028625574076,157442,571,2840,32476,27004,160331,5,73
1184,BANK&TRUST SSB,559089,511084,1981,1.4447370748085366,18.68,0.030459043163002412,0.03434158067856817,641,0,9.86056468719222,55365,19.31536034610453,4075,68,4.293083224131415,348702,0,5730,56791,43679,352777,63,36
1198,ARROWHEAD BANK,291870,261708,1169,1.6046919049882375,16.31,-0.009069652093814214,0,662,0,10.691685543108752,31105,20.181979718758615,1718,50,4.518135012674044,170141,0,5935,31469,29390,171859,0,4
1208,GUARANTY BANK&TRUST N A,3150328,2713846,9385,1.1987425018720372,10.48,0.02359115397781063,0.1509684070991973,5578,0,11.255518156514984,347773,16.841332231613936,27865,-300,3.752453020958114,2080014,0,28067,865565,357908,2107879,145,20
1209,COMMERCIAL BANK OF TEXAS NA,1537538,1389190,4959,1.310621445073128,14.96,0.01927924161758739,0.14848413502625626,2624,2079,10.045551286253698,151087,15.912506634092102,15356,350,3.7959761136602195,1019416,0,37961,373467,136476,1034772,549,500
1210,VISTA BANK,2438122,2134650,9628,1.5291465772282153,14.44,1.9434685664420817,0.28070785629267114,170,0,10.812704773204432,270485,15.634283805965076,22515,9460,3.730888203421332,1834526,0,470,647619,271719,1857041,9577,340
1213,CORNERSTONE CAPITAL BANK SSB,2400784,1511974,7328,1.2522696105027962,8.83,0.010176955447469826,1.5272927510346619,4650,18439,14.610493481564424,336122,26.968320827537568,7683,424,2.0691195405936,1344204,0,1477,113914,331248,1351887,36,1
1218,FIRST STATE BANK,184750,162954,715,1.5879096779208377,13.86,0.07474365262887442,0.36265223274695535,1348,137,11.563409747512205,20893,0,1783,75,4.187677758196507,143184,0,1068,25083,20883,144967,69,41
1219,WELLINGTON STATE BANK,594788,543975,1385,0.933234956218815,14.01,-0.07643406563632786,2.7371096928653573,11609,7154,9.609465510866439,58476,15.988517161248698,5115,68,3.4668675588643687,338743,0,4262,128008,41353,343858,84,151
1225,FARMERS&MERCHANTS BK LONG BE,11487118,8696628,16814,0.5803637861661124,4.9,0,0.4481628899433261,5661,0,11.887780042108588,1373055,19.15700862941005,96584,-2000,2.2881825813814025,6322463,0,202750,4476120,1378693,6419047,5,5
1237,IRELAND BANK,365539,320443,587,0.6392820873050231,7.75,0.0710472150536511,0.020791215164455777,45,0,10.521512457169088,38506,16.847212312710223,2661,0,3.7790543475611766,188902,0,859,36485,31044,191563,36,2
1265,CASHMERE VALLEY BANK,2122427,1829689,6411,1.2084854111343335,10.89,0.3279133662006718,0.1672142316319949,3935,136,13.017489944286567,281853,0,12391,761,3.2791356156729305,955014,3878,5983,237075,239421,967405,938,147
1281,WASHINGTON TRUST BANK,10702785,8714124,17241,0.6436104902238428,7.57,0.03886605699122547,0.6775993351263246,6189,29,9.004663042684863,954837,12.890635135475891,151550,2870,3.1374895368903553,6911380,15692,25558,2177742,918066,7062930,1517,839
1291,FARMERS BANK&TRUST CO,2977359,2712374,9801,1.3246702431366613,16.87,0.08444070444478784,0.39743275836068137,4237,185,9.008576196763917,275083,12.291137894434826,35054,1300,3.7523576175283355,2200201,3328,45153,981343,238279,2235255,627,155
1294,FNBC BANK,803716,716234,2113,1.050681196200293,15.9,0.09386772953818882,0.39927038904289575,2598,0,9.137506842631018,75282,12.933471088482861,10627,150,3.985240928519778,548965,0,20017,152223,53739,559592,158,28
1296,FARMERS BANK,282272,245492,645,0.9219471667098458,7.25,0.023164756110508757,0.10450912594943884,2120,229,15.844820541493732,44208,0,1270,0,3.638755545603404,153528,0,4473,32850,35767,154798,9,0
1299,EVOLVE BANK&TRUST,1597716,1198486,-4324,-1.0144941987425575,-10.63,0.6499396003722994,0.46466330687055774,11997,970,10.252065912380973,158353,15.986114160876246,15466,555,2.246088919043499,964516,52250,1519,171785,160646,979982,1683,42
1331,FARMERS&MERCHANTS BK CNTL CA,5683576,4982174,23703,1.714449542839675,15.82,0.01773478835705637,0.018755797406421592,1,0,11.346503953637587,615577,15.265746877933605,75423,300,4.156816191100916,3508751,0,1502,1221303,613880,3584174,274,113
1365,PEOPLES BANK&TRUST CO,1256370,1029902,3406,1.089328712374923,14.03,0.007847724711626772,0.3347739917381026,3838,2064,9.57783528734551,119134,12.127132078509907,10724,852,3.3614511209387827,820520,0,12554,179041,100251,831244,46,30
1373,BOM BANK,1358525,1193778,5892,1.6820666981411836,15.7,0.25088614644081775,1.3542628954196647,3968,13993,11.11752665026065,155769,0,8003,654,3.804223105037842,1015050,0,13823,424733,156285,1023053,747,96
1374,BANK OF COMMERCE,80222,72112,236,1.14033763174584,12.49,0,0,258,0,9.630416971146394,8698,0,371,0,3.8014261848579993,38124,0,1385,6650,7769,38495,0,0
1376,CITIZENS BANK&TRUST CO,445946,390799,913,0.7934585297335114,7.35,0.08125915302493261,0.9808362447471219,5818,1164,11.442335701001591,51066,14.932946137236728,5505,165,3.9680999553436784,328936,0,3691,144532,50164,334441,102,35
1380,FELICIANA BANK&TRUST CO,163842,142555,555,1.3341787138397003,13.55,0.06883327597227003,1.022936731729349,4465,131,11.730615507593924,19958,0,1784,60,4.165842389743655,119309,0,3458,23885,16700,121093,25,4
1391,ARLINGTON STATE BANK,56936,53859,85,0.5944471641373522,15.29,0,0.01756358016017985,75,5,9.879253567508233,6030,26.8462430725609,219,-135,2.519966822922006,17305,0,1488,3874,2459,17524,0,0
1399,FRANDSEN BANK&TRUST,3590134,3066134,13094,1.4639707943752172,14.63,-0.009444985063116312,0.5922898699602855,10803,440,8.973585760863267,314392,13.326808417141885,32502,1050,3.7074152299526113,2454231,0,18980,700212,367808,2486733,4,63
1402,CITIZENS ALLIANCE BANK,1586822,1397488,5299,1.3575009838936056,16.49,0.055584142847067856,0.07530775348463785,6600,481,8.40602209637176,132875,13.600557975486504,10969,807,3.977976118136333,951514,1583,5800,246340,132037,962483,179,46
1409,KENSINGTON BANK,454477,394499,1066,0.9513472026844769,11.17,-0.0060384376750203415,0.9958699780186896,1794,0,9.022544487366222,39893,11.26455658405494,2084,229,3.840629233960409,330882,0,3425,70368,38969,332966,0,5
1413,PERENNIAL BANK,145471,134629,339,0.9411699380882312,14,-0.03437371098583803,0.23097387108083398,398,171,9.891171401567798,14233,24.35551948051948,774,45,2.794475089874394,58357,0,2890,5405,10109,59131,1,6
1415,NORTHWOODS BANK OF MINNESOTA,134609,120271,241,0.7020584733141312,8.7,-0.020991177145855883,0,8,0,11.441215518513054,15512,0,1101,2,3.520247913382972,74735,0,1132,31814,11386,75836,4,8
1417,WOODLANDS NATIONAL BANK,315360,287085,324,0.4103999658000028,5.05,0.07375311145938969,0.7004693049213597,1070,15,10.936342026685855,35564,22.931792273976946,2273,0,2.9405346426623025,128681,0,12990,45087,26458,130954,51,26
1418,BANK OF WESTON,224067,206522,570,1.0346564532158302,13.76,-0.06513656060866498,0.3159769176183909,2058,206,8.32303424789212,18183,12.617432884332908,2064,129,4.081160296545421,165303,0,548,75674,16888,167367,0,27
1426,FOCUS BANK,842566,672283,3095,1.4812014242505456,12.98,0.0522644581582809,0.2678721904278122,8974,0,12.187900905949938,101558,0,7478,150,4.452131038584657,691192,0,10841,137306,95783,698670,132,41
1427,UNITED SECURITY BANK,91778,75973,280,1.2096665316592414,11.98,0,0,853,0,12.41978753085095,11574,0,929,17,3.3353423536502427,66640,0,2374,11416,9561,67569,28,28
1434,TOWN&COUNTRY BANK,219967,194005,918,1.6475196349613357,15.16,0,0.04637059195242923,747,0,13.21659647397999,29844,0,1758,0,3.9998085299889907,140836,0,3406,6852,24939,142594,0,0
1435,EXCHANGE BANK,1491884,1167692,6138,1.6464708207776408,17.5,0.10745034300709677,0.8973217756876539,13472,0,10.124615234813573,152850,0,14835,100,2.888587655832551,1021074,0,2733,312577,138041,1035909,301,24
1438,COUNTRYSIDE BANK,118386,98150,302,1.0390504042662996,7.44,-0.006472177726000356,0.021962056324227527,272,26,14.268503749957578,16818,0,644,36,3.0460892174733747,59933,0,1000,5457,16415,60577,0,1
1439,AMERICAN INTERSTATE BANK,120302,97135,1226,4.176567277310781,21.86,0,0,758,0,18.953065622583775,23042,0,1509,0,5.916436059991465,70907,0,67,17608,23042,72416,0,0
1464,BANK OF HOLLAND,240617,217762,614,1.0405060180732844,14.7,0,0.39481832123249816,1695,57,8.323959027562582,19609,14.934446436575527,1715,76,3.5445165016934914,178294,0,3520,28707,17019,180009,0,0
1468,BANK OF CROCKETT,284530,256172,715,1.0219669290072448,11.14,0,0.01370681474712684,1747,0,10.266802710040496,29080,14.89038746211142,2606,40,3.5632761577386547,170015,0,5680,3207,26296,172621,3,3
1475,PEOPLES BANK&TRUST CO,164351,141943,679,1.702095658277349,13.41,-0.003877941782398992,0.1478542874701097,51,243,13.496966799336857,21737,0,1463,45,4.912273664717935,103780,0,2649,26692,20715,105243,1,2
1484,BANK OF FRANKEWING,502997,450481,372,0.2943436759133704,3.04,1.063703566141005,5.536613538450528,680,0,10.106004827942659,51033,0,6701,70,4.0328890386685545,375310,0,8283,101429,49389,382011,1105,74
1487,FIRST FARMERS&MERCHANTS BANK,1774876,1605901,4604,1.041048374605565,12.82,0.006393548909150667,0.07217405610307424,397,0,10.206637342794899,187213,17.458258921612728,8236,325,3.1103490229159427,994964,0,6325,350468,149017,1003200,20,4
1497,SECURITY STATE BANK,906493,812112,2681,1.170773672439929,12.01,0.004416607548534376,0.1255387520918529,8463,0,11.906876215632646,110620,0,4792,88,2.854953883787599,537166,0,4932,284455,91640,541958,7,1
1513,CITIZENS STB OF LA CROSSE,684483,556046,3827,2.2366138122737618,21.7,-0.03360948518123093,1.0283673955379462,8742,0,10.666283128597533,71565,0,6920,270,3.5952578548894008,540069,1494,582,196287,71727,546989,29,75
1527,DIAMOND BANK,864880,773809,2342,1.101371306032618,14.02,0.03348468710876917,0.34605956895754325,3917,32,9.979486011254506,86738,15.058628366316618,7369,113,3.2158849479066483,669960,0,9387,123652,67338,677329,85,29
1528,SOUTHERN BCORP BANK,2781417,2133099,5155,0.7414121852638755,5.71,0.1449699797059205,0.5794168943383894,9428,0,12.402086164538472,341405,20.211615058746172,19008,300,3.558540537058056,1722481,0,34319,434162,364887,1741489,706,73
1536,BANK OF STOCKTON,4550919,3585477,49712,4.421329723007633,25.15,0.026718892518815787,0.1197340581100213,3749,24,18.24479550504519,823155,19.189046931017835,77711,0,3.2138285691578075,2280701,2302,57132,1008238,820033,2358412,251,93
1545,FIRST NB AMES IOWA,1116971,971653,1131,0.4068493501786711,4.95,-0.0005791398181066616,1.1041468399806262,3162,0,9.359227581820056,103584,14.669119313949647,9702,1120,2.232293990605309,683013,0,4099,235016,93128,692715,0,1
1547,IOWA TRUST&SAVINGS BANK,206631,151025,889,1.7211420716626253,18.89,0,0,194,0,13.14557455385765,28500,0,1406,0,3.6472953871269587,92904,0,1411,5949,19599,94310,0,0
1550,CENTRAL STATE BANK,460357,386653,949,0.8275850040550793,9.81,0,0.4983089211199135,1206,954,9.39280975828012,42406,13.728449543983526,4930,30,2.542973627062882,361811,0,848,116317,39532,366741,0,0
1552,CBI BANK&TRUST,1603006,1374912,4341,1.0961103988455618,9.65,0.1713401351063908,0.19413526836456008,4273,233,9.731799361514346,148640,13.393415790290367,11475,387,3.8176629421288113,1001770,0,2743,290298,183262,1013245,469,31
1553,SHELBY COUNTY STATE BANK,541168,483071,1653,1.2144667008916559,11.95,0.013165130506212982,0.17610058244389912,5989,44,9.481190315152856,50605,13.805790108564537,4331,150,3.535824270571588,360963,0,4343,37871,55930,365294,14,2
1556,TWIN CEDARS BANK,111966,95740,161,0.5859019614978711,4.81,0.21132143338878648,0.853830627154672,2899,222,11.579665069535897,12398,14.7093288197383,1733,120,4.369628196614019,90113,0,142,13179,13465,91846,48,1
1562,PEOPLES BANK,185894,164407,500,1.1294298355832517,15.61,0,0,207,0,9.888375374423791,16539,0,1164,75,3.8255162870538504,148468,0,625,38489,13101,149632,1,1
1566,PEOPLES BANK,133756,122959,581,1.7569789638813813,23.54,0.08451877124621686,0.5225933789886061,257,25,11.444006060916603,15634,20.722201469306437,1327,15,4.477443944621905,82316,0,1805,5922,10165,83643,18,1
1596,COMERICA B&T NA,116100,506,1728,5.93773623805924,6.44,0,0,0,0,99.40153917549695,102813,289.89990131115184,0,0,1.4632871701071335,0,0,0,0,108180,0,0,0
1600,FIRST FARMERS&MERCHANTS STB,95915,84047,142,0.5847923112165843,6.56,-0.005360780529645117,2.4500860136579266,821,1881,10.283770278318983,10187,13.16089632393128,880,59,3.8995720766615545,73116,0,110,13385,8828,73996,0,1
1604,SECURITY BANK USA,248767,225336,827,1.3323800988812922,15.28,0.029684177477130338,0.855418926143741,1967,12,9.375685090005602,23094,14.934799481002683,2481,0,4.012952125515093,172506,0,5450,47677,21511,174987,13,0
1607,BANK OF ELK RIVER,696769,649153,1523,0.8865978481228196,16.41,0.08008336388722719,0.040759563068965464,100,0,8.770399882785204,62253,15.047550989222374,4295,150,3.280380209381464,416444,0,14507,143292,39049,420739,95,12
1609,FIRST STATE BANK OF WYOMING,225138,192738,289,0.5146377947147233,3.91,0,0.2864909522159742,8,33,16.549476859514847,38294,0,1688,0,2.3748770982148146,59291,0,1521,17648,30350,60979,0,0
1610,STATE BANK OF FARIBAULT,312161,290922,550,0.7094268314901672,13.05,0.0961006009217454,0.009610425389462489,4273,0,8.990328061691283,27514,13.465695478292519,3400,10,3.5966449521095103,167756,0,3671,34331,17400,171156,75,34
1611,CARROLL CNTY TR CARROLLTON M,210774,184628,277,0.52677495346742,9.88,0.010417616188975557,0.16605463671989903,1054,96,9.002485177359755,19344,0,818,0,2.4294921900026907,73656,0,1144,7343,11791,74474,3,1
1612,SHERWOOD COMMUNITY BANK,74119,67775,85,0.46422085990087514,7.29,0,0.6381629541682969,1221,292,8.312570161268242,6072,14.217471916239502,438,0,3.7552094757622285,44756,0,312,5597,4775,45194,0,0
1616,EXCHANGE BANK OF MISSOURI,400848,363934,1067,1.0723968370826182,12.43,-0.018719299095958136,2.0511515586955653,1945,42,9.239791156960173,36633,12.420617889819809,3305,63,3.8468839666279266,304202,0,1146,55164,34870,307507,47,61
1617,BANK OF MISSOURI,2997536,2529076,4322,0.5688949262128011,5.6,-0.01626565838720735,0.15486052544489876,3979,45,9.57983579422233,287700,13.186231018597509,20776,300,2.6370752214513224,2077727,34777,39367,659774,308440,2098503,3,88
1622,FIRST SECURITY BANK,59017,54462,128,0.8857978235670663,11.94,0.020914759284192362,0.15758171374349764,104,0,7.597464617521924,4375,14.659108319289107,501,45,4.156616673618541,38187,0,2279,2705,4360,38688,3,1
1639,FCNB BANK,203030,180370,301,0.609185341098254,18.59,0.006795440259585817,0,136,0,7.83448374157555,15391,10.597945778248741,1201,44,3.3918628567494453,119029,0,2341,39617,7142,120230,5,3
1654,OZARK BANK,344869,298702,1325,1.4553582584029776,21.66,-0.001569824827172098,0,0,0,8.574445030978247,30862,14.236067284309023,2975,45,3.6300459652413033,253785,0,563,82715,25194,256760,0,1
1655,BANK OF OLD MONROE,926529,866571,4821,2.1352135850251592,38.87,-0.001493260263131124,0.002374453470965291,2724,0,10.565982757098844,99355,0,7526,360,3.555463061719403,525689,0,687,116619,49705,533215,6,8
1660,FARMERS&MERCHANTS BANK OF SC,416467,363622,2080,1.7386252740111048,16.87,0.1706946781010217,0.24731851503240354,613,1,13.112467444997739,65804,38.89204216379011,1273,-6,4.055644034907948,121263,0,4711,47655,51700,122536,60,8
1673,1ST FINANCIAL BANK USA,1344372,1027664,5005,1.5062994466117667,9.04,2.4648267386251304,1.2753166534262839,8194,9969,16.894271588281235,222382,22.87437606015096,18668,5612,9.917814431648694,913434,367156,2191,4531,223683,932102,7119,1353
1675,RICHLAND STATE BANK,40256,35800,204,2.0256683960976094,19.8,0,0,218,0,13.56332920167103,5909,25.952858575727184,481,0,2.85426200263709,17380,0,1922,5502,4309,17861,0,0
1678,PLAINS COMMERCE BANK,1234611,989962,596,0.19034646409885242,1.83,0.16115644310255278,1.255375174852646,6759,837,10.600728642363693,128115,0,10790,-77,3.20804462063162,1005481,1680,7697,168887,130866,1016271,486,71
1686,FARMERS STATE BANK,251335,238020,311,0.505159202303266,10.45,0,0,106,0,9.682943726987538,24878,0,1365,0,2.8262895935559893,124707,0,6074,18005,12793,126072,0,0
1687,COMMUNITY BANK,62928,55155,120,0.7394341788044273,6.74,0.23066467123419326,0.21612001017035343,441,31,12.650959033862183,8548,0,435,15,3.273744018651211,36272,0,1775,139,7301,36707,22,1
1693,UBANK,162582,139181,384,0.9277575267047394,7.02,-0.006406739890364664,0.5781697850930607,148,0,14.022877828495512,23010,0,1956,75,4.21797970953804,123808,0,3017,48564,22125,125764,6,8
1696,FARMERS BANK,893307,769431,3532,1.5882723266480796,13.09,0.4330414056870462,0.741178564592016,2147,0,14.318925629161495,133224,20.258941501606845,6823,515,4.715878711044766,578466,0,5616,131787,110047,585289,740,115
1700,FIRST CENTURY BANK,744377,674155,2272,1.2487187167656426,14.7,-0.0019261760910182408,0.02606206263761508,4355,0,8.592607788833043,62827,12.656849490261996,6217,181,3.7370028729542994,625706,0,5944,188860,62795,631923,3,6
1705,MOUNTAIN VALLEY BANK,259211,205130,196,0.30453461362170897,3.46,0.07320855769508636,0.40584697408674786,1932,650,9.297503654956435,23721,14.33895027934845,1790,0,3.5305168951348507,208608,0,2519,56965,23058,210398,49,11
1711,CITIZENS BANK OF LAFAYETTE,1698790,1399017,4412,1.0483784974291024,11.56,0.035234891436766835,0.4092913191153703,17648,1622,9.545949902936274,161437,14.432837919971181,12846,300,3.504487371111097,1159892,0,26165,306071,156003,1172738,155,52
1713,BANK OF PERRY COUNTY,235560,207549,1062,1.815908435125517,19.76,0.006268757297225291,0.4729156053659365,1265,0,9.277915910283655,21568,14.22355098557794,1934,65,4.262071886035112,190694,0,22297,31983,21609,192628,13,10
1715,CITIZENS 1ST BANK,772873,591440,2102,1.0912769874629045,6.67,0.009101096113263141,0.8869503786521201,7195,0,20.353517632020854,162417,38.009554913014235,2034,100,2.4073500951702904,436846,0,4576,216648,128960,438880,10,0
1720,WESTERN BANK,827757,744179,3261,1.610451887070827,20.46,0,0.8752568688636883,7359,0,9.084362019767909,70008,0,8139,5,4.873137197335884,664339,0,1283,189019,65142,672478,0,0
1730,PEOPLES BANK OF GREENSBORO,108316,103153,127,0.46566841292321515,12.61,-0.06451547867461013,0.4265297832268548,1094,0,9.31394024358188,10630,19.573880790131977,716,0,2.9859841560024374,48038,113,3423,3729,4862,48754,0,8
1735,FARMERS&MERCHANTS BANK,311463,281252,601,0.7927779380848345,8.83,0.10478856150123403,0.1171888795779916,2678,332,12.54497174646873,37275,18.76415121378006,2007,0,4.1107789497433584,142051,0,4314,38546,28105,144058,41,3
1745,FARMERS&MERCHANTS BANK,93718,83804,93,0.39325545747661084,4.21,-0.3585835948005379,0.01493843231823129,287,14,17.37109375,17788,0,191,0,1.3939240648624345,5333,0,1032,570,9459,5524,0,5
1753,UNION BANK&TRUST CO,314983,284270,1254,1.5871885783175992,18.92,0.060127405096203845,0.5695545473882717,1120,0,10.665185655347509,33606,0,4182,165,4.064076443020824,243947,0,6835,62230,27105,248129,50,13
1756,CENTRAL BANK,750697,615358,3451,1.8682936864558182,18.98,0.021367019843000965,0.9925442621989964,9358,1330,10.457668984731546,76122,12.332226609976813,9080,640,3.6995530567885306,631421,0,1481,246928,74549,640501,33,0
1768,MECHANICS BANK,16544299,13990207,43791,1.0603725705508342,7.49,0.3898038457205802,0.14556675988508186,97999,211,9.909752532761006,1546975,17.768156977044516,75515,-3658,3.4422537566451763,9344709,0,444514,1961320,2374091,9420224,12218,2927
1778,STATE BANK,129822,106344,409,1.2776209386140625,7.2,0,0.5268752599713454,189,0,19.577762586840056,24630,30.425821735267988,1195,0,4.591317546008038,70606,0,717,11807,23039,71801,0,0
1779,CITIZENS STATE BANK OF OURAY,215247,198471,226,0.42985290376573015,6.69,0,0.02137079727011294,0,0,7.992604872960286,17163,12.72209505123174,1511,30,3.789152350608666,151990,222,595,39547,13786,153501,0,0
1780,FARMERS STATE BANK OF CALHAN,409335,332859,820,0.8197376839411389,14.84,0.03002616565864539,0.15806124567896712,758,12,9.260098840515091,36969,17.416705072247677,1578,0,2.817144901305509,184266,1053,6258,21391,23254,185844,19,5
1781,FIRST STB SHANNON-POLO,192589,172271,407,0.847872506640279,13.18,0,0.6833204388620326,57,0,9.254101668568241,18574,14.864421686567386,1369,0,2.7659364623628813,98689,0,1571,15454,13011,100058,0,0
1786,LONGVIEW BANK,633013,573631,1905,1.200682592781093,14.78,0.34588491375240404,1.6759529425146087,7381,5543,8.047195172023768,51937,11.674127986529932,3946,211,3.995196411004161,494869,0,3614,48272,52164,498815,438,3
1808,BETTER BANKS,431415,397491,985,0.9009039908446204,12.96,0.2342046137615998,1.2187800609621826,2311,131,8.980692017137715,40015,14.595061497825565,3584,135,3.253160378089316,283067,1093,5538,20441,30631,286651,189,20
1821,FOWLER STATE BANK,193882,157770,503,1.012141166527908,7.66,0.03649998340909845,0.3228768013534005,1460,111,15.118721209417496,30162,0,1429,0,4.142505121590099,118566,1139,4019,5393,26921,119995,13,2
1829,FAIRMOUNT STATE BANK,57529,50706,92,0.6480470538513015,5.6,0.3841784087049205,1.4097237914790801,833,298,12.877218033329271,7395,0,726,80,4.214502629434857,41588,159,1682,1762,6664,42314,62,21
1833,STATE BANK,824510,704646,1726,0.8396973489450876,10.36,-0.09307424545052777,0.22510339474354465,5685,0,9.140028921844463,75530,11.563078031133882,9545,156,3.5307582559433905,624644,0,5101,305183,68309,634189,11,160
1839,COMMUNITY STATE BANK,175835,162364,274,0.6139230579641953,9.28,0.00925990230803065,0,2888,0,9.778668795919188,17023,18.5582634876719,1221,5,2.8027487574500505,83554,0,1184,2856,12352,84775,5,3
1843,FARMERS&MERCHANTS BANK,210518,192663,198,0.37912241776705513,5.26,-0.0030874441365576545,0.2679105824680075,711,0,8.306123214922405,17705,13.320471301591677,1512,16,2.835289261673147,128464,0,290,12770,15386,129976,0,1
1847,BIPPUS STATE BANK,392435,326636,2253,2.3418345670061704,21.1,0.006406786067803017,0.5570349229808759,3122,565,12.76001081902603,49535,16.214983257655707,3580,-63,4.651010168021309,315589,0,805,48971,43132,319169,6,1
1849,WAYNE BANK&TRUST CO,229599,210602,408,0.7140747547008828,9.55,0.002255840512075796,0.15679510799263063,1388,307,10.140214250168066,23229,13.921304072472946,1979,15,3.513130370938174,178119,0,1221,73606,17412,180098,2,1
1852,FIRST SECURITY BANK&TRUST CO,572576,511575,220,0.15619092921178604,1.82,-0.02534358462966687,0.14164058570390656,553,0,9.120213486192895,50786,14.10092913098925,5023,-5,3.134077826916739,362799,0,2878,45938,49082,367822,29,52
1857,WAUKON STATE BANK,424429,360285,1426,1.3624225516282669,14.07,0.047040214973782433,0,18,0,10.258615019986213,42115,0,4944,0,3.2974516919261223,336131,0,1651,65450,41189,341075,40,0
1860,MONTEZUMA STATE BANK,53908,46328,342,2.583496218237444,19.12,0.29274382762554624,1.3597239741782297,432,7,13.893126930376216,7467,0,498,0,3.569058630159362,22605,0,1548,6270,7212,23103,17,0
1865,KANSAS STB OVERBROOK KANSAS,92097,75832,226,0.9939964374463968,9.83,0,0.5266186737895915,460,7,13.160244891810757,12231,20.376562500000002,1629,30,3.886079940214155,50849,0,859,4169,9472,52478,0,0
1867,FARMERS STB OF OAKLEY KANSAS,300772,207981,959,1.2677827517429534,11.45,0,0.0016623887861902038,0,0,12.303273712230887,36883,13.843675253233654,2300,0,3.047586857633754,215165,0,197,75919,34140,217465,0,0
1868,BANK OF TESCOTT,506590,438645,1796,1.4389858194597593,11.88,0.009589387744229719,0.12021555893325962,10715,157,13.59392140604905,69023,0,6668,0,3.271205544148058,370134,0,4313,27980,61397,376802,18,9
1869,UNION STATE BANK,676033,583125,2177,1.3024161554643372,12.86,-0.001876452051372566,0.037128365035434666,6,0,9.57383948436266,63514,14.138425233818062,4678,84,3.8935244947537426,424675,0,2803,105845,69222,429353,2,4
1874,BANK OF LABOR,1034136,956818,2526,1.02699886922383,30.18,-0.005951265090176545,0.031523900144661825,626,3,7.870069558822788,78125,14.793549141219684,4947,-106,3.6103592817593344,331139,226,171,146123,37424,336086,22,27
1895,FARMERS&MERCHANTS BANK,817249,736645,1235,0.5944687927951344,7.28,-0.0026843971095754124,0.46362858810472696,6,0,9.482316068195942,77209,12.227506995432043,4303,30,2.891085968679472,600289,0,141,415041,68678,604592,0,4
1900,FIRST INDEPENDENT BANK,524396,433395,1196,0.9093993763086635,11.74,0.041704859919457486,0.15656107216683576,782,676,8.585038801045792,45380,11.64583372229794,4276,186,3.3496829764325877,342932,523,3120,38357,41398,347208,43,7
1903,ST CLAIR STATE BANK INC,126550,112064,596,1.894107926015382,17.87,0,0,0,0,10.806963933898919,13439,0,1668,12,3.2981880375372987,91765,0,2364,7565,13438,93433,0,0
1905,PROFINIUM INC,519337,442829,942,0.7154486981700805,9.09,-0.053017519099193076,0.16694362234926455,407,101,9.228306592711164,49580,12.93547581226756,5277,36,3.256847987925513,396140,1,90,85976,42297,401417,0,54
1906,TRIUMPH STATE BANK,93326,81313,366,1.589257315305829,13.22,-0.006509410166071326,0.6846966547371579,324,258,11.840720132339356,11023,17.831583070919528,812,13,5.393625080123536,58813,0,842,7974,11073,59625,0,1
1908,WANDA STATE BANK,187336,161907,216,0.46657180426664796,3.59,0,0.145727462954264,1273,151,15.13032555218256,28908,0,1973,50,2.9392141551404833,106472,0,830,2292,24337,108445,0,0
1913,CASTLE ROCK BANK,274650,236445,702,1.0275495249230162,7.5,-0.05533944237373655,0.03750227562352084,377,103,14.13011556364811,38491,26.361745277174585,3406,120,2.3565654407879206,119240,0,8646,19368,37580,122646,0,17
1929,FARMERS STB OF TRIMONT,74165,58315,301,1.551526397855698,11.8,-0.008581757329357119,0.39102002292186344,83,250,16.54363929146538,12842,25.925214250028823,565,0,3.3145051806728896,42692,0,346,2437,10410,43257,0,1
1931,NEW MARKET BANK,189850,173654,386,0.8329175039447599,10.5,-0.0035643634937890965,0,0,0,8.837619013958143,16253,14.816330621585955,1402,18,3.910492657780227,111028,0,375,37606,15096,112430,0,1
1933,CITIZENS STB NORWOOD YOUNG A,138358,124871,449,1.3209476107470415,14,0,2.623628557799332,345,0,7.805404743125378,10193,15.514021316332693,846,57,3.4666897359873534,67239,0,844,8496,12831,68085,0,0
1936,COMMUNITY STB OF MISSOURI,317728,283389,1482,1.8606753422851654,17.65,0,0.14414845402356732,2321,0,10.867062990134075,34366,0,1857,0,3.020598955800938,219379,0,1261,24109,33161,221236,1,1
1937,BANK OF CROCKER,144325,130419,170,0.47504610741630804,5.2,-0.017027435455377476,0.9305387147063918,48,0,12.3939858507152,17624,29.444490852894496,681,15,3.04124635485842,46708,0,1085,15719,13384,47389,0,2
1941,TIPTON LATHAM BANK NA,182837,159191,636,1.4216102642049264,15.85,0,0.7750072468920405,1867,0,11.088443931546333,20274,0,1717,0,2.918365762936516,127279,0,2809,8747,16461,128996,5,5
1945,METZ BANKING CO,105708,94071,322,1.2275668823804124,11.82,0,0,231,0,11.551750179360344,12237,0,790,0,3.2591004723909336,74705,0,507,19385,11226,75495,0,0
1946,ALLIANT BANK,249481,226744,454,0.7430533108016875,8.63,0.016437990250217034,0.9327363606847817,286,0,8.960639530835985,21880,13.566495753434682,2340,34,4.241983423578747,192628,0,367,45796,21223,194968,11,3
1956,CITIZENS BANK OF ELDON,233926,203553,1099,1.9060916016632772,18.34,0.03747401703896712,0.8951548780383541,3413,0,10.980895950221104,25130,0,2275,3,4.577441267457369,170208,0,8170,19677,24420,172483,52,36
1964,LAMAR BANK&TRUST CO,257947,226734,1045,1.671468473025578,21.97,0.061825943978233,0.10932478377341082,1079,0,10.19842514682349,25683,0,1959,146,4.012494300434232,194211,0,2452,55353,19757,196170,36,7
1972,CITIZENS BANK&TRUST CO,148216,118015,528,1.4106802925558561,14.49,-0.025934618825939806,0.041156150483078746,475,0,9.571107971074722,13818,17.116786226685797,1615,30,3.8763066202090593,75917,0,1782,18438,14528,77532,0,5
1978,YELLOWSTONE BANK,1266691,1054853,9044,2.8590283128840417,20.74,0,0.1570232992892505,1128,1989,12.884844620186236,160841,0,3194,0,4.144119343451334,685342,0,2658,323001,167589,688536,5,5
1980,VALLEY BANK OF KALISPELL,195329,179136,472,0.9471302655275685,12.4,0,0.1832805164619693,1107,6,9.677024150446407,18957,0,2098,0,3.70152807069753,133961,0,4876,32590,15190,136059,0,0
1982,FIRST STATE BANK OF MALTA,169215,147093,183,0.4347606589118511,3.5,-0.042001995094767,1.6795201371036845,3447,0,14.988039600272382,25752,0,1775,0,2.3522767731084184,64939,0,1087,2281,21050,66714,1,8
1983,WESTERN NEBRASKA BANK,174189,151065,449,1.019600051093544,14.06,0.1567012843360167,0.21011659748893444,205,0,9.69729030741198,16498,0,1401,36,3.809322389721548,127478,0,1402,17014,13040,128879,51,0
1986,COMMERCIAL STATE BANK,73389,50819,196,1.0497141403457093,4.39,0,0,10,0,28.551184750173725,20954,0,242,0,2.233501124409076,18472,0,80,0,18194,18714,0,0
1992,PATHWAY BANK,336971,233156,861,1.0294609976565114,9.59,0.007685342850349563,0.5412928708998698,2511,1790,11.892021719699136,39115,0,3454,30,2.9883669444109007,207497,0,415,30753,36623,210951,5,1
1993,CERESCOBANK,75431,64256,279,1.4703944767978074,13.61,-0.08063354931605471,0.09147432753112116,132,36,13.074379734971753,10044,0,647,-48,2.7364127517979178,33409,0,571,2049,8351,34056,0,7
2036,FARMERS&MERCHANTS BANK,925783,782833,4973,2.186048172844187,15.53,-0.09465591627873517,0.4849948638071773,1317,2839,14.563630463410393,131494,24.726370023753564,10506,-125,5.141733081301296,513869,0,1492,237359,130814,524375,19,144
2057,STATE BANK&TRUST OF KENMARE,184251,170659,315,0.7004007848935779,13.04,-0.08054915571454802,0,1212,0,8.916486543874646,16377,16.215530128524552,870,0,2.459575353390585,84980,145,1569,15402,9938,85850,0,17
2068,FAHEY BANKING CO,361955,300489,1014,1.1534687957683394,7.74,0,1.5684270144078682,3570,1231,16.09823539284769,56589,0,2965,0,3.6367476878045832,269441,0,113,180512,52904,272406,0,0
2093,NATIONAL CAPITAL BANK OF WA,716228,622054,1812,1.0135184738492518,10.17,0,0.5819375952908851,1483,0,11.440910066295471,81041,17.053253375887135,6190,65,3.6561170497884543,514899,0,0,190545,72263,521089,0,0
2102,CONWAY NATIONAL BANK,1868619,1579748,4730,1.0277726775433842,11.29,0.2912151949617282,0.045434623109365795,1066,77,9.829874833230798,179113,18.992748012122366,8451,689,2.8694251621977225,806654,2703,29629,257762,171476,815105,708,123
2107,FIRST NB OF SOUTH CAROLINA,294159,263041,806,1.1081132172747425,11.39,0.00836811330425414,0.4018235036153917,283,0,12.020672692742764,34749,23.04663878250353,1797,19,3.76596301544182,142353,0,1024,75047,29255,144150,3,0
2138,QUEENSBOROUGH NB&T CO,2175337,1982110,5370,0.9948774003501524,12.75,0.04974548963863633,0.49578525074505697,21300,1039,9.218922013958741,199889,14.712783804712156,11663,550,3.500092228387399,1199039,0,20546,425748,173011,1210702,171,21
2145,BANK OF MONTICELLO,155241,134842,1095,2.840798536794178,23.21,0.14958723272968652,1.1910513330885526,1637,2,13.753818320070271,20982,20.370674102017386,1518,37,5.418491272071299,107048,0,5588,19190,19514,108566,43,3
2154,GEO D WARTHEN BANK,203267,177236,588,1.1604013054514686,10.63,0.09079312332883907,0.7512286795200401,587,0,11.469204745019788,23968,21.258159841060486,1563,45,5.611596304064516,109015,0,7644,13379,22309,110578,39,14
2157,FIRST STB OF RANDOLPH COUNTY,88124,87381,25,0.11292098354176663,,0.09004083995240698,1.6136353320321366,454,0,8.228194171611413,8126,16.20769836846859,308,3,2.7334962730577947,31335,0,2439,6252,287,31643,8,1
2160,FIRST NB OF WAYNESBORO,224620,184725,1303,2.3457981992443218,13.96,-0.0882862534624765,0.10640192324815242,616,101,17.045249219173485,39621,34.18358017919181,1890,60,4.91428707010072,133731,381,10983,13620,38094,135621,4,34
2205,BANK OF THE ROCKIES,258892,219466,1203,1.865062062149356,20.1,0.06270280438292603,0.21437510622189948,902,270,8.92316434314893,22927,12.632458030994803,2174,75,4.809830069657057,191506,0,392,51111,23971,193680,34,4
2208,FIRST NORTHERN BANK OF WY,847398,764538,2040,0.9570691165759445,14.07,-0.004832571532126533,0.1811427452035525,7324,511,8.073761569375062,68608,13.717198803612735,5551,217,3.863940190370162,495227,3119,10522,148011,60113,500778,83,89
2224,BANK OF BRIDGER NA,771850,709918,1260,0.6515820256444068,9.08,0.12296201839876128,0.511368789272527,575,0,9.713367834195855,77705,20.71417301339638,5895,30,2.7745235890421047,345259,0,8897,67472,57937,351154,110,2
2228,RNB STATE BANK,268264,252881,354,0.5340464009383528,10.36,0.005411987552428629,0.054424000238570955,6,0,8.668834931764842,23935,15.81365068934886,2181,0,3.6661163738586118,144367,0,1862,73201,14376,146548,4,2
2229,RSNB BANK,364962,342182,597,0.6561376899996703,16.22,0.04927839758245979,0.04301817723489021,318,0,12.272171600690637,48688,0,1355,-32,2.8263017023267074,137822,0,2292,57261,15964,139177,17,0
2232,PINNACLE BANK WYOMING,1286011,1152345,3343,1.0304360859148818,12.51,0.01099256269494623,0.25186409758547945,3466,247,9.977278507325854,131031,16.02841294868932,10564,0,3.1116994718789264,830159,473,2918,305833,110736,840723,30,7
2240,FIRST AMERICAN BANK,1951783,1714115,11958,2.5734987520424912,32.75,0,0.5283374227565257,13662,0,10.313320864942106,196312,17.447812053277197,18988,897,4.608145980985158,1044663,0,2002,501532,148460,1063651,16,16
2241,CNB BANK,902206,825748,1857,0.830469324734972,10.12,-0.006330826853468264,0.04743927661753524,7924,0,9.373440456277935,85460,0,8430,925,4.6495002378164685,637538,0,53780,209870,73005,645968,0,10
2244,JAMES POLK STONE CMTY BANK,411524,355364,1115,1.0966192899267158,18.25,0.039478229401411345,0.6057969887539973,6028,0,9.411216657875668,38183,0,4442,175,4.476482642060906,176649,0,3708,66233,25805,181091,60,42
2247,BANK OF THE SOUTHWEST,186018,168471,983,2.164554592797296,22.54,0.04235400002647125,0.3773828339192981,1480,0,9.455912182317146,17435,17.323520688121015,1248,9,6.986919930853746,111009,0,5853,42976,17435,112257,27,15
2249,WESTERN BANK,297233,257197,1385,1.8786984756769587,15.35,0,0.38791116733337144,210,0,13.50903096620214,40074,38.04094372532819,1559,0,3.7589828634604756,68326,0,2309,13404,36688,69885,0,0
2270,ZIONS BCORP N A,87992370,76011070,169929,0.769052655672501,10.92,0.10540672590613896,0.36274054216291707,104776,12554,8.365814291315885,7445368,13.293855736917735,697433,17444,3.0804196699306075,59355121,143859,44810,16557156,6327719,60052554,24328,8578
2273,FIRST NATIONAL BANK OF ELY,121369,115281,316,1.0442397455491759,22.84,0,0,0,0,11.591206380016034,13735,0,131,6,2.755288701390773,11346,0,167,5624,6048,11477,0,0
2284,NORTH VALLEY BANK,411387,360786,927,0.8969206450184983,9.13,0.020642331293290433,0.808241388279163,72,0,9.620196838681776,38483,0,2520,69,4.15455123273007,303295,0,8796,95357,42228,305815,18,2
2285,GENOA BANKING CO,702313,632130,873,0.5080133578999205,7.54,0.01115730100903841,0.008970359369682747,68,0,7.1876288840084,49320,11.861378754108596,5231,186,3.3403456083193985,501687,829,12644,144319,47164,506918,14,0
2286,BUCKEYE STATE BANK,472435,397136,493,0.4169362375098843,4.32,0.04135129128021875,0.0317503995258607,351,20,9.10230974925187,41154,12.922734215509882,2514,174,3.4646320812807883,291194,0,1843,109551,47618,293708,38,8
2290,FARMERS SAVINGS BANK,285001,232995,1155,1.6349815268320995,8.99,-0.6045983270276106,0.5210508033305146,321,0,28.158513100475258,79690,0,3276,0,3.1666739064332567,103702,0,1153,11493,50997,106978,0,161
2300,BANK OF MAGNOLIA CO,106056,92472,426,1.6509868134210501,13.82,0,0.035830127479821984,106,0,13.045106483625862,13237,23.87447441288073,731,0,4.810573325536506,61778,0,285,10266,12573,62509,0,0
2301,FIRST STATE BANK,147730,126886,1034,2.797335227080586,37.43,0.019771963355961247,0.5482975698910174,2798,747,9.155930308520167,13595,0,570,50,4.568278317547027,118036,0,943,4571,11478,118606,11,5
2308,WASHITA VALLEY BANK,63597,54995,120,0.7832834262122534,5.93,0,2.55829677500511,619,40,12.867397649286108,8156,0,612,40,3.9519113298748207,29386,0,1005,2513,8156,29998,0,0
2315,ARMSTRONG BANK,2473491,2289150,5961,0.960388795544608,13.71,0.08258391807232913,0.20901632550916904,22007,130,9.824454781328159,252180,15.343098584509974,17255,732,3.2672979278645453,1632094,5337,46809,397429,170523,1649349,479,143
2317,METHOD BANK,200911,169090,292,0.639493661183337,6.07,-0.003000570108320581,0.009954656539462748,3027,19,10.735964238479442,18589,0,1701,374,4.159583806747286,144863,0,68,8181,19400,146564,0,1
2320,CARSON COMMUNITY BANK,165900,147868,332,0.8099363577869464,12.99,-0.16311075511541542,0.7643158529234478,3980,0,10.838878559545943,17722,0,1783,0,5.395108998903277,100186,222,832,15627,10298,101969,5,47
2326,AVB BANK,517377,453403,1058,0.8240693682589197,9.79,0.01949947290487304,0.3803802642947019,1,0,9.58919784872411,50280,13.083929672025482,7069,19,4.1333272369804765,405568,0,3548,154229,43401,412637,40,20
2327,LOCAL BANK,409051,332366,284,0.28026096835592157,2.46,0.002808199943836001,0.1948412300666665,5509,76,12.508461788886766,48412,16.230386614695266,1985,30,3.317465122038469,284038,0,4737,50040,46340,286023,4,2
2328,AMERICAN EXC BK LINDSAY OK,97307,87058,404,1.746488919630168,19,-0.013217897032582115,0,164,0,11.288439498291577,10539,0,1440,0,3.5320501935249653,29864,0,1431,6073,8825,31304,1,2
2331,PEOPLES BANK&TRUST CO,45386,34224,98,0.8951917697164845,4.78,0.7244801854669275,3.518706208963116,6,8,17.664451065780426,7707,25.507706976005085,319,0,4.97009749037385,26335,0,22,16801,8248,26654,50,0
2359,MAUCH CHUNK TRUST CO,632304,602147,242,0.15291510210400439,,0.007287434640820565,0.36517244869556414,607,0,7.419003183185802,51042,13.908584072243324,3451,358,2.4307781837658005,273975,0,1727,65580,-5732,277426,20,15
2379,BANK OF GLEASON,126616,103881,328,1.0449936679118446,5.93,-0.028612507957853774,0.4817716560308334,1929,49,21.8635691783992,29288,36.69580483522915,781,8,3.504555146346191,70201,0,5603,5843,22171,70982,1,6
2380,CARROLL BANK&TRUST,573041,525473,1055,0.7521014731030156,10.25,0.035092507749595464,0.8474088241504535,3634,0,8.377579018636638,47020,12.978819172057253,3326,137,3.8167180200775275,408923,0,8677,57278,42015,412249,46,10
2391,SECURITY BANK,219455,190830,130,0.23931262051921634,2.64,0.009654489941228292,0.37638695860199134,508,15,10.623207396750635,23186,15.44928859468919,1180,0,2.6982969303801516,83963,1047,740,18170,19991,85143,2,0
2443,CLEAR MOUNTAIN BANK,992072,856720,3290,1.336287517084375,12.9,0.18875109453403507,0.2999782273867219,1995,9,12.868796569877084,125697,0,9593,17,4.071240168756521,691054,1703,27083,165140,103183,700647,427,98
2444,CLAY COUNTY BANK INC,129109,110801,338,1.0447657391022123,7.74,0.024813703367684806,0.24940166835774424,892,183,14.949739014605889,19304,0,1203,0,3.551416874046721,63027,0,10082,2261,17787,64230,23,19
2448,PIONEER COMMUNITY BANK INC,181685,158009,250,0.5621909706508204,4.32,0.09612850210087291,0.22291328398051571,890,116,13.887404240156778,24944,0,1362,0,3.8479305824333605,127413,0,3880,33566,22637,128775,31,0
2452,WEST UNION BANK,298327,274933,661,0.928204570108583,18.8,0.05971241010483261,0.05564363936217641,1722,76,8.198491226152079,23996,15.127834227114498,1709,0,3.254532161001856,131688,0,27845,38185,14809,133397,56,36
2453,DAVIS TRUST CO,243397,189106,325,0.5385877400858426,8.22,0.004110447730519047,0.36113838707954493,4892,100,8.697886264418374,21159,13.297121692999786,1926,82,3.935112312734949,194518,0,4990,39837,16140,196444,4,2
2455,BANK OF BRODHEAD,351282,287661,426,0.4929058011888749,5.14,0.21538814739061019,0.10191242363685017,612,83,10.070399634378928,34374,0,2688,70,3.1205956820534566,240670,0,1565,46015,33555,243358,130,1
2467,CITIZENS STATE BANK,230782,185880,464,0.792474904249732,10.16,0.07067478355847535,0.3254153270185716,2379,0,8.206496020649602,19076,12.398480864738533,2552,323,4.032999735622496,187307,0,2423,39465,18614,189859,33,0
2468,NORTHWESTERN BANK,687715,520676,3429,1.9617995463088247,23.17,-0.008409559566837602,0,149,0,10.056900008471466,71229,12.948210440628118,11004,0,3.641945868155573,565222,136,2938,203193,61021,576226,0,12
2469,BADGER BANK,197707,167692,634,1.2724855114277829,12.82,0.06119670149778927,0.05816688331723206,3360,0,12.259681511140998,24066,0,1482,21,3.477548671293068,129240,0,668,35315,20274,130722,20,0
2477,BANK OF DEERFIELD,234121,198807,911,1.559440843741374,15.24,0,0.2622575505828183,2588,0,10.505871609193925,24504,14.417502592399567,2497,45,3.9075354474424793,205466,158,189,41135,24211,207963,0,0
2482,NEKOOSA PORT EDWARDS STB,272719,233591,1106,1.6057435093335657,11.81,0,0.001833388946131366,178,0,14.09452996723286,39315,29.080131288551865,4000,0,2.69778420344854,164744,37,1748,30291,37478,168744,0,0
2496,NATIONAL IRON BANK,301368,276744,329,0.4411740055984847,5.6,0.00324642386121538,0.016922831886597118,2,51,8.857139939338856,26019,17.4470983620252,1052,24,2.616240844437841,244497,0,815,13666,24255,245549,2,0
2608,NATIONAL GRAND BK MARBLEHEAD,445025,373792,454,0.4115701992353316,4.75,0.03366935138176836,0,999,0,10.0249188351561,44897,0,1222,-30,2.1654452399975783,321351,0,1185,10901,38524,322573,28,1
2616,MILLBURY NATIONAL BANK,135083,112834,98,0.2925569627810823,3.4,0,0.16804483169606835,2720,0,9.131779437278418,12106,15.08730695725461,596,9,4.124690901302595,99227,0,170,23186,11681,99823,1,1
2682,FIRST NB OF BROOKSVILLE,76039,64305,132,0.7013675338562595,7.37,0.06842118124282189,0.39584949828377547,632,248,10.513107250598148,8085,0,442,7,3.639637144242089,40621,0,749,1081,7361,41063,8,1
2691,CUMBERLAND VALLEY NB&T CO,791369,716500,1805,0.9148145473251811,10.44,0.01782756289787035,0.4115652748591365,6407,6,9.556840221636161,76425,14.345333127328285,6971,150,3.5332175155288574,535483,2340,12094,203649,70660,542454,32,8
2695,FIRST NB OF GRAYSON,368993,328128,1448,1.5848346211938795,15.51,0.031909302500187704,0.6962191694693395,1408,0,11.608339297918944,43141,0,2466,101,4.219858054093521,213234,0,21868,50239,38460,215700,35,18
2700,FIRST SOUTHERN NATIONAL BANK,1215354,1080141,5469,1.80167418325092,18.33,0.05017044749398615,0.23170203907668055,4081,374,9.63436775039505,114622,17.49697490088727,11436,262,4.302535950036672,734773,0,12292,237251,122784,746209,159,64
2708,FIRST NB OF MANCHESTER,243276,221559,610,1.005261141300989,12.2,0.051586278050038695,0.9022673835479044,2250,735,8.491614306041855,21245,15.353980538703555,2241,15,4.011076280502177,152059,0,6897,53936,20337,154300,26,6
2710,FIRST STB OF THE SE INC,411508,352386,900,0.865922694751426,11.74,0.1591709752283213,0.6031474479232481,2445,436,8.729748918866585,35165,12.013611979031188,4590,0,3.498832368768403,353030,0,3862,118840,31009,357620,145,2
2711,TRADITIONAL BANK INC,2357640,2113973,4181,0.7078101414837308,9.31,0.023921408970988392,0.2428699886327005,2427,800,10.18270469769933,245053,14.967649124242364,16286,128,2.694603189983476,1514030,0,3201,523819,183365,1530316,110,19
2718,CITIZENS BANK OF KY INC,678859,590377,1316,0.7865356570800163,6.68,0.008587784796247137,0.407742992285585,466,5,12.915717642196437,86250,24.421478500545344,4903,-32,3.2382500078606333,324503,0,7517,147594,80034,329406,33,26
2720,COMMUNITY TRUST BANK INC,6235369,5123509,21453,1.385305481717009,10.87,0.1381070586188834,0.5023279295900531,14537,10835,13.317158857671338,825375,0,56961,3648,3.6040291439840346,4579575,0,277036,1209812,801859,4636536,2722,1147
2723,SALYERSVILLE NATIONAL BANK,154388,118382,574,1.489593605646961,15.79,0,0,2871,0,13.299350688755386,21916,25.240629851408297,788,0,3.9836492010405053,84984,123,1360,35264,15058,85772,0,0
2725,CITIZENS NB OF SOMERSET,660087,544737,2149,1.3125637977619535,31.14,0.01156244805931536,0.15604003714661854,1700,261,8.71437613204493,59755,17.043379447945984,5409,75,2.9369402676882292,338785,0,9697,56418,29730,344194,31,21
2733,BANK OF BUFFALO,118708,99966,390,1.3369098528542167,16.76,0.009583305881155028,0.8963170131751862,631,938,9.344453797392244,10879,0,741,0,3.049974240082432,84107,0,2646,16365,9578,84848,2,0
2735,FIRST NB OF KENTUCKY,231712,204211,566,0.9910546809167255,11.46,-0.002302403421371484,0.2390899047092943,233,0,9.08605702136223,20769,14.618859474138041,2370,38,4.0291835105342715,173005,0,1882,42905,20330,175375,0,1
2738,FIRST&FARMERS NB INC,657885,560258,1923,1.1787069621402448,10.92,0.003403802685813057,0.12144979745700235,2655,28,11.14014544933728,73114,15.216585813056266,7311,60,3.9198348585082003,460990,0,6796,80627,70953,468301,26,22
2740,FARMERS NB OF DANVILLE,979056,889385,4518,1.8581122763726095,22.78,0.012646056801413608,0.3752594335768332,3985,19,8.614237332647601,94467,14.191706340803684,9538,50,4.312954637176825,726292,0,7986,216882,81518,735830,116,93
2750,LINCOLN NB OF HODGENVILLE,452639,381299,1436,1.275851882125857,10.01,0.01175671822967337,0.38794712784360164,932,0,13.84873021387278,62188,22.939209334277173,4236,64,4.128842721780277,336458,0,9065,27801,58116,340694,17,7
2753,CITIZENS B&T OF LEBANON INC,157840,147429,280,0.721110510185686,15.44,0,0.09820070957932082,656,0,11.870977647555561,18556,29.61996437165984,388,0,2.807497605691613,46817,0,2246,3206,7624,47205,0,0
2754,FARMERS NB OF LEBANON,140600,126150,331,0.9646208544617358,10.06,-0.00937613539139505,0,557,0,11.231390882334077,15760,0,996,-4,3.6644225152940453,85135,0,3084,26178,13534,86131,2,4
2759,FNB BANK INC,708533,651273,1843,1.0542709270347843,14.42,-0.004154592382554867,0.17980813878817217,1697,397,8.538764768077966,59438,12.944985091770187,8182,0,3.3076328824393717,471687,0,3181,128144,52917,479869,0,5
2765,FARMERS BANK&TRUST CO,227616,209028,668,1.1975350140056022,18.71,0.0198617128244597,0.05140236187262758,522,65,9.353749994321976,20592,0,1979,75,3.368513359910973,161275,0,1026,70919,14722,163254,13,5
2767,FIRST NB OF RUSSELL SPRINGS,432978,394152,1031,0.9835123362352989,11.64,-0.055583305479086784,0.025867365085523977,484,0,10.077924990189299,43144,0,2895,0,2.9549813075046076,265993,0,3228,119724,36248,268888,1,38
2777,MIDSOUTH BANK,712258,655272,1320,0.7511411156579492,10.05,-0.0009636835841319861,0.030466488266892053,277,2,9.256970980289198,64876,13.136769986077526,7076,150,3.4426338751974663,417509,0,1178,189177,53691,424585,0,1
2779,FIRST NATIONAL BANK&TRUST,228054,211395,224,0.402561838844971,6.04,-0.005714020420480478,0.8633920036482587,17,0,12.096919717776133,26815,0,2297,225,3.3859537657006014,139842,0,3389,38788,15865,142139,0,2
2784,FIRST BANK OF BOAZ,251799,205142,424,0.6895318014018312,6.87,-0.0062123859444768,0.01747425525915512,133,44,18.92857011243491,51364,0,1027,0,2.635049525893981,63140,0,2938,22877,25624,64167,0,1
2787,COMMUNITY NEIGHBOR BANK,169507,150477,533,1.2662738762710255,11.56,0.14728033472803348,0.8984879680485172,1014,158,11.305537847906566,19331,0,1357,75,4.733359081629673,89103,0,7865,15896,18789,90460,104,71
2794,DOZIER BANK,54559,41103,103,0.7507493827272975,3.34,0.018287386275316602,0.7514800491211349,176,0,25.544192322715816,14387,0,222,14,2.9921554346007344,21966,0,602,8042,12352,22188,1,0
2804,FIRST NB OF HARTFORD,160862,143408,465,1.171435859163179,11.59,-0.022681137232220823,1.323494672452164,1931,111,12.773753937031998,20846,0,904,28,4.358536206475666,87286,0,5504,13703,16578,88190,29,34
2805,HNB FIRST BANK,249450,224036,766,1.2510232954093081,13.82,0.30758574539648625,0.4662256965323712,1574,46,9.841380014290088,24104,0,1878,137,3.881624466845918,170087,0,5238,32563,22639,171965,136,5
2828,FRIEND BANK,209897,181166,780,1.506893312436458,11.39,-0.08965040207432481,0.3330204814742469,638,20,13.775308427621995,28562,0,2542,47,4.299467905255103,128485,0,2236,31383,27834,131027,19,48
2829,FIRST SOUTHERN STATE BANK,836527,765901,2023,0.9756426919636076,13.15,0.09914113602810434,0.09790478968401498,4468,186,10.06509671010343,86122,0,5603,160,3.2559598697253818,461494,0,20880,144436,64355,467097,313,198
2832,FIRST BANK OF ALABAMA,1121713,1026476,4514,1.5959799972156974,22.62,1.849367798565631,0.7755994626076368,2270,1528,10.049515739475998,112052,14.225081160491698,8061,322,4.038046117358505,694202,2416,12457,286968,80577,702263,3323,71
2838,AMERIFIRST BANK,357497,321058,977,1.1298454991211027,12.46,0.0015238966036154448,0.4800040280058294,534,0,9.563269678538862,32406,13.05632611449911,2947,45,4.2826364980941385,258733,0,3936,80070,32061,261680,3,2
2850,FARMERS BANK,624448,525143,2118,1.3600855351243053,9.76,-0.0010993329797145581,0.05524879573639438,1693,24,15.32304794438547,95992,23.470780993992353,6405,-25,3.688198573528024,358242,625,4573,52424,88818,364647,0,1
2945,STATE BANK NORTHWEST,230107,195095,1413,2.4836423238666074,19.42,0,0,0,0,13.166622563288346,29854,17.00480991331286,1427,0,5.9534617038558935,163698,0,110,44351,29804,165125,0,0
2987,BAKER-BOYER NATIONAL BANK,675907,593979,868,0.5160454155637038,6.47,0.051688032320222566,0.25299338518464815,3927,750,9.22905150044085,62490,15.564091086983522,3899,0,3.309304185045995,392305,0,771,122881,54632,396204,76,25
3017,HIGH PLAINS BANK,414516,361649,1075,1.0420579432684267,10.25,-0.006950035039759992,1.9369578013876425,1123,218,10.116015501230837,41505,0,3936,285,4.462573398436141,347935,0,1111,109636,41412,351871,3,9
3018,FIRST NB OF FLEMING,28673,24710,80,1.1175720746677842,8.49,0,1.2939001848428837,1002,0,13.397347965249201,3809,0,299,0,4.029580440688198,22460,0,179,2424,3809,22759,0,0
3019,ROCKY MOUNTAIN BANK&TRUST,121643,108413,378,1.2423380934382857,12.29,0.013328113155680691,1.1188477758687305,1176,0,11.911268556005398,14122,0,859,0,3.7270946280575195,58751,0,2713,33492,12678,59610,4,2
3029,FIRST NATIONAL BANK OF HUGO,142609,128734,334,0.9477260958082983,10.33,-0.005688727076207611,0.15356674543682375,115,219,11.464793870850054,16341,0,1361,0,2.815951954160347,68248,0,774,13291,13355,69609,0,1
3031,POINTS WEST COMMUNITY BANK,803070,714967,2551,1.2618312133810496,17.52,0.0016668420323388189,0.1608826129727172,2455,399,9.443386386790923,78046,0,8480,200,3.555588375109035,462150,0,3562,103282,60287,470630,3,1
3034,FIRST NATIONAL BANK COLORADO,614672,528011,3026,1.9829977276785788,21.37,-0.0022166528818565578,0.01578077413645001,480,97,11.451548089754974,69249,0,6669,30,4.013653833717559,362685,0,2940,83076,55828,369354,0,2
3063,FIRST PIONEER NATIONAL BANK,238192,202039,430,0.7164950064047155,6.7,0,1.5281789480755021,31,0,12.383824628969805,29647,0,1492,0,2.6222452649686865,124077,0,2021,8110,26202,125569,0,0
3066,FIRST FINANCIAL BANK,14259207,12576712,57716,1.6382340716056825,15.28,0.01188820153927023,0.4325626242749685,23046,1144,11.61253959196319,1642474,18.985587024747787,101080,3528,3.6146367261218613,7858879,0,143205,1808198,1553950,7959959,947,711
3067,CLEAR FORK BANK NA,921133,822825,3850,1.6686685271237192,16.92,0.06430455581554327,0.13689662622010068,9451,443,10.144618886308125,91458,0,8758,0,4.4744985037210405,682071,0,10893,212529,90522,690829,131,22
3075,FIRST NB OF ANDERSON,211279,186758,524,0.9632928437820274,8.82,-0.0028731710470553586,0.009939463931578624,1056,0,11.344560914821873,24762,0,1970,60,3.9206580056952203,135103,0,5080,48029,24192,137073,31,32
3078,FIRST NATIONAL BANK OF ANSON,71138,64148,350,1.9722893348454218,21.08,0.1280439007659769,0.24459501251089433,654,39,10.227575846916285,7285,17.940792636856926,994,162,6.265979715898997,42919,0,3643,2605,6722,43913,28,14
3079,FIRST NB OF ASPERMONT,127091,124100,140,0.46159679519939334,28.86,-0.010470381907180065,0.09914155998457799,150,0,9.611434217711249,11089,0,527,15,2.4102356761832717,37941,0,1129,6070,2543,38468,1,2
3087,FIRST NB OF BALLINGER,257252,230980,1022,1.569576026338776,16.71,-0.004817419789960497,0.026044501111750346,0,0,10.652620267495633,27757,17.37196867216665,3132,34,3.983328848527923,160532,0,1314,75505,24917,163664,2,4
3091,FIRST NB OF BASTROP,1016478,934095,3401,1.3557599117021992,18.48,0.07799143689473549,0.13084395333691434,3896,1,11.463860681669294,120920,20.56998010425563,6842,150,3.5622292640277187,560524,0,9799,203079,77827,567366,123,13
3098,CENDERA BANK NATIONAL ASSN,227031,199931,14,0.024737877887650278,0.22,0,0.43254004959675113,2667,174,11.685570145622384,26128,0,2054,201,3.9910266390893976,184960,0,522,62068,26113,187014,0,0
3099,FIRST NB OF BELLVILLE,708073,730127,283,0.157332464205822,,0.015049475149554159,0.013416695736174095,917,34,11.513095380543804,98142,0,3564,0,1.6045132046586978,230285,0,11505,58017,-30558,233849,15,6
3103,STATE NB OF BIG SPRING,598587,547950,2004,1.3714649404731862,17.68,-0.00410500605488393,0,0,0,10.352392565419917,60873,0,1955,69,2.4678240181741753,98694,0,978,33147,48995,100649,0,1
3108,LEGEND BANK N A,1157753,1044325,3341,1.1641297511633457,13.94,1.991907718140794,0.5863945072912788,2264,79,9.932956339225312,114525,14.318570495024726,8592,2123,4.492713229562794,777806,0,4618,205781,100074,786398,3996,25
3109,BRADY NATIONAL BANK,147296,135488,462,1.2150860028404609,16.93,0.00483869016657191,0,19,0,9.793774964586975,15349,18.74081416413166,1289,0,3.111302647760598,81748,0,1157,21260,11180,83037,1,0
3110,COMMERCIAL NB OF BRADY,330285,302433,2498,3.0602150603498175,38.88,0.003091040811398213,2.1693386015108165,2478,7165,10.03657812821724,33146,13.767646824991198,3220,120,6.046299908960854,261995,0,4187,56488,27166,265215,2,0
3113,BRENHAM NATIONAL BANK,484489,440139,1368,1.1181974787426001,13.75,0,0.07678192900148403,27,0,11.16744407501856,55353,18.63483741566116,3290,360,3.829841838060863,241370,0,3285,97275,41404,244660,0,0
3121,FIRST BANK,659782,545667,2529,1.5349890558436485,11.15,0.03559417407121452,1.0877835406240244,1747,192,13.643370702495295,89035,14.29634392663539,10747,154,4.892804751021684,552749,0,1686,157079,90673,563496,54,3
3126,CLASSIC BANK NATIONAL ASSN,735210,655044,3177,1.7631389089294636,19.97,0.011800413361538635,0.02720311203601692,2978,200,9.657605854678515,70205,14.35081341927201,6146,43,3.2354487530654037,570156,0,3561,111243,64718,576302,26,9
3127,CITIZENS NATIONAL BANK,623829,548647,1840,1.1838869130631304,10.32,-0.0009341440146473782,0.038311780952793154,3,0,11.849594728760371,74237,17.719446896667986,6615,67,3.1898248624640386,421583,0,1541,241777,72434,428198,0,1
3133,FIRST BANK OF CELESTE,79826,72948,251,1.2542944593666063,15.74,-0.30135069687348653,0,64,0,8.044825643273024,6425,22.545153272576638,492,10,3.624126326689102,27178,0,3283,4533,6425,27670,9,30
3140,CITIZENS BANK,261514,227505,1596,2.4662503452711855,24.23,0,0.0007647774115343729,187,1,10.806966821329478,27810,16.09848589544442,1312,30,4.770102119977157,165429,0,188,8246,26851,166741,0,0
3144,CITY NB OF COLORADO CITY,299066,244866,575,0.7739573448552026,7.41,-0.0038709053079789037,0.32902436251529765,341,380,10.560299655855527,31238,18.639851753746502,3213,80,3.551817939743708,204439,0,2730,22855,31233,207652,0,2
3149,FIRST NB IN COOPER,54962,47835,121,0.9014630148722773,7.06,0,0,386,0,13.604659655273151,7451,0,245,0,3.0552571905955364,32397,0,636,1995,6970,32642,0,0
3158,CITIZENS NB OF CROSBYTON,69675,56939,413,2.3784157332488696,13.55,0,0,31,0,17.537057173925486,12257,0,211,0,3.5707473391065503,18954,0,172,3170,12246,19165,0,0
3161,TEXAS HERITAGE NATIONAL BANK,905502,789517,3415,1.5499724272840534,17.05,0.06225955489606546,0.011154033895010722,5180,0,9.415740530732593,83028,11.346057675245111,8405,700,3.7118040880257976,791532,0,11837,241145,83055,799937,127,7
3170,FARMERS&MERCHANTS BANK,183534,156217,570,1.2715834560299826,8.88,0.008009451152359785,0,1,0,15.024069201084393,26435,0,1616,45,4.490052253867213,97500,0,2368,26089,26190,99116,5,3
3178,BANK OF HOUSTON,761698,628408,2474,1.3075963073881967,11.42,0,0.10831064280069004,903,0,11.878042843232716,87831,0,4468,-70,3.5722309439930293,623654,0,602,272710,88078,628122,0,0
3179,FIRST NB OF EAGLE LAKE,157540,135194,538,1.326197012975408,13.2,0.05094268458151074,1.972832296559604,596,0,10.517681812128476,17375,0,1820,10,4.40770606295759,99704,0,233,27651,16545,101524,16,3
3182,MAPLEMARK BANK,1037125,825789,1011,0.385467016548202,3.81,0.055255136313321074,0.4483548270459202,417,3733,10.67437847775555,113335,14.909244764121008,10958,-446,2.486205875117357,803054,0,126,282512,107121,814012,113,0
3183,NEWFIRST NATIONAL BANK,950246,832349,6992,2.9826965633081826,25.76,-0.007947907145736231,0.2730871795303532,1020,0,12.08175788821911,113562,0,9673,600,5.300624419401229,708793,0,1516,325068,110923,718466,6,20
3184,FIRST NB OF ELDORADO,100688,84169,663,2.6880467063319107,16.88,0,0.5839822024471636,267,20,16.100794160115512,16057,0,1178,0,5.9608613772209935,69134,0,917,8390,16047,70312,0,0
3190,FIRST NATIONAL BANK OF EVANT,181839,165417,835,1.8517132505606424,21.71,0.020559210526315787,0.03299622193258872,913,0,9.645049070905337,17051,0,895,0,4.088295999160419,117826,0,7820,8403,15951,118721,10,4
3193,FALLS CITY NATIONAL BANK,595010,506041,3324,2.247540484803408,15.63,0.06443998501069914,0.6665434194383287,1330,140,14.73364560582335,86752,0,1796,0,3.603886442731895,139139,0,9228,16270,86752,140935,67,44
3195,FAYETTEVILLE BANK,562658,597253,-1059,-0.7103330314921018,,0.02070866787179609,0,264,0,11.409899600933837,79370,0,1998,0,0.7074343390396756,107400,0,3546,24270,-40475,109398,6,0
3197,FIRST TEXAS NATIONAL BANK,164754,146185,796,1.840542220038441,18.25,0.0028785883402779274,0.6069655364968377,1127,1000,10.383443151142203,17886,0,1445,102,4.329290747826304,133570,0,1203,22389,17689,135015,1,0
3206,TEXAS GULF BANK NA,684733,602891,1066,0.6186263998525975,5.5,0.09014397762407435,0.031253057761200354,632,0,12.354334641455583,86573,0,5296,242,3.52795016108606,474276,0,4082,203375,78612,479572,108,1
3210,MOODY NATIONAL BANK,1637846,1423879,3505,0.8469922411402618,7.67,0.010328173549963997,0.5945003376385813,12242,0,13.023185242677654,223164,0,17409,50,2.8919604280260023,1167693,0,3647,755602,186577,1185102,31,0
3217,FIRST NB OF GIDDINGS,336870,304827,947,1.132312916527793,14.15,-0.07506349120297585,0.49752129901742514,682,88,10.420432627855284,36144,0,3502,0,3.2655182631651507,237894,0,4073,40767,27500,241396,9,54
3218,FIRST NB OF EAST TEXAS,575939,525560,929,0.6559350560748571,7.83,1.2320409562373922,0.28944037476191053,5046,529,9.731557045649387,55962,0,4169,690,4.230958937094876,404139,0,7289,114938,48219,408308,1271,22
3219,GILMER NB GILMER TEXAS,352475,321059,688,0.7833860667159129,9.33,0.0015792767307392396,1.227037378537485,11581,1885,9.872141452260719,34583,15.535893527640432,3256,200,3.298021862465909,255449,0,17197,50922,30235,258705,29,28
3225,TITAN BANK N A,704572,640284,4808,3.2454251520449287,31.55,0.0064461960191516485,0.12418886927099006,11228,73,9.918158115440132,69537,25.862551204296736,3419,-56,4.988035596056699,303762,0,0,85997,61935,307181,7,2
3226,CIERA BANK,924498,811179,4163,1.8108759128056504,16.7,0.0012459700655691748,1.9063318687547188,576,0,11.169913027524538,102282,15.524693080357144,10132,-388,4.012830041619461,638585,0,3471,266248,100629,648717,5,3
3228,FIRST NB OF GRANBURY,933099,840389,2662,1.1422631464050303,12.54,0.031347057294996435,0.5102352483498536,3254,0,11.128700991485692,104251,0,6302,5,3.4280293518596023,479514,0,9195,96895,87536,485816,76,38
3230,GRANDVIEW BANK,679632,602773,3265,1.9527146995607887,20.89,0.04633178613247521,0.03295901311297879,1076,155,10.143201304822757,67786,18.513530371731974,6139,400,4.645747639753986,489488,0,10714,149843,64568,495627,62,7
3232,GRANGER NATIONAL BANK,47092,41252,-122,-1.0385851405707962,-8.61,-1.7272034544069088,0.023358532234774486,21,0,15.722983559090098,7928,0,339,0,3.604053425325965,20002,0,364,7314,5747,20341,0,85
3237,STATE NATIONAL BANK,59404,51738,-898,-6.452598014999776,-45.02,6.793481659350417,1.0588512558076897,371,0,14.251347369598866,7642,16.848763657274297,913,1037,4.4091337552661445,41147,0,576,13359,7556,42060,679,0
3248,FIRST NB OF HEBBRONVILLE,92570,80430,315,1.3813896121693847,11.4,0.015097188148707303,0.02484606243923517,1788,0,17.80652577017751,16421,46.79053579948918,250,0,3.0069761847486167,25964,0,6061,1780,11525,26214,8,7
3250,VERABANK NATIONAL ASSN,4351258,3860052,15323,1.4174162840530724,13.7,0.0765170399861313,0.23416216643554577,10156,2931,10.058127319840326,430860,16.37793589183173,35450,975,3.978008482855037,2827067,0,46028,951229,455159,2862517,639,95
3255,CITIZENS NB OF HILLSBORO,214256,201791,416,0.7676586871375649,18.44,-0.02646487201753298,0.001400194160256889,113,3,12.494820952944659,27443,33.05480693413047,629,8,2.1457768974590508,59719,0,2632,18083,10559,60348,0,4
3256,HORIZON BANK SSB,2419704,2133371,9909,1.6190667205320748,19.56,0.0015748026329387688,0,500,0,9.377157775720686,223263,14.143277041223925,26929,0,3.5545746094845567,1494211,0,523,754951,205385,1521140,88,82
3268,FIRST NB OF HUGHES SPRINGS,318245,284330,2336,3.006067469228344,28.69,-0.14452250981621265,1.3074832283303746,8901,1117,11.189592522783359,34551,16.316242091315143,2636,-153,6.825559406106986,230121,0,10712,35263,33550,232757,92,175
3269,FIRST NB OF HUNTSVILLE,551554,475142,2172,1.5671235940666477,12.12,0.005080050483001674,0.09736127378280278,740,88,12.800720490140419,69219,0,6257,45,4.134091413933748,315926,0,14353,56629,73138,322183,8,4
3275,JACKSBORO NATIONAL BANK,297953,266848,543,0.7232249439350829,12.31,0.04534542544678581,0.010068702110735586,2717,0,10.406793677045895,32720,20.608158073771705,2236,45,3.4453510119920074,147935,0,4879,28441,18868,150171,21,4
3276,AUSTIN BANK TEXAS NA,3119259,2646230,11720,1.5516633049501634,11,0.07620873205642109,0.430326561532723,8190,18,14.300109113462304,428164,0,33859,1795,4.656362236389056,2413579,0,75030,795425,433240,2447438,744,286
3279,KARNES CNTY NB OF KARNES CTY,501129,454481,528,0.4256271047078953,4.88,0.09854877453651278,5.02206018809528,8780,2716,11.99294463727974,61398,22.1290814831972,3402,735,3.434590929090925,215031,0,2205,94887,44940,218433,62,10
3285,FIRST NATIONAL BANK TEXAS,4399573,3910466,11603,1.0890981653792702,20.53,0.8963547531254983,0.6359708089853265,23143,21718,9.175413793260205,403676,21.653845920760517,26202,4068,3.6072361318986403,2053706,0,232904,596569,243682,2079908,5990,1353
3286,KLEBERG BANK N A,718255,631459,2241,1.2641028768775926,14.55,0.15282028584909205,0.33470007170155447,397,0,9.529373706725861,68342,14.324821724964654,5898,290,4.085048913459347,477316,0,3817,152250,63621,483214,198,15
3289,NATIONAL BANK&TRUST,229339,185222,114,0.20573207457787704,2.39,-0.00641238873503609,0.016569358024583695,826,0,12.187964545660957,28450,0,1484,103,2.7800592707868033,128915,0,2295,45095,19441,130399,0,2
3292,LAMESA NATIONAL BANK,414927,369199,2025,1.9603406152323306,18.82,-0.03906798439722373,0.2872794491561166,3758,114,11.159604733041412,46562,25.32958414428782,1696,15,2.9753491722815912,72931,0,340,6090,44731,74627,0,8
3293,FIRST TEXAS BANK,226000,201733,853,1.4945738471478476,15.48,-0.08891540751920163,0,1,0,9.667575165783205,22524,22.286863114547113,420,-22,3.329879822352,85558,0,984,27935,22335,85978,1,20
3301,FIRST LIBERTY BANK,857940,751281,2189,1.3078065115501003,13.39,0.16736918665876624,0.09243070610998438,2585,148,10.562286681189914,76654,18.61374837393396,3794,372,4.259143128672929,381045,0,6575,116248,88124,384839,176,27
3302,TEXANA BANK NATIONAL ASSN,300064,247582,844,1.1374701397241904,13.3,0.11122521994787246,0.24294817105684122,1579,0,8.839730759692197,25307,12.052877802250338,3126,165,3.8197992211782354,270519,0,1557,81396,25128,273645,78,3
3303,FIRST NATIONAL BANK OF LIPAN,26209,23640,61,0.9176382098533282,9.68,0,0,0,0,9.70268420652422,2552,34.22314370869508,89,0,4.148029463471082,7450,0,1350,368,2552,7539,0,0
3305,FIRST NB OF LIVINGSTON,453531,393662,1926,1.7024436164993835,14.22,0.03502891101440321,0.0306484011015785,796,0,14.754304413788235,66909,34.36923092151826,3037,75,3.4742260768192557,205825,0,13845,21366,56208,208862,29,11
3320,BIG BEND BANKS N A,156483,136948,521,1.3326810614126803,11.01,0.15300755474801567,0,71,0,15.133598268230427,23420,0,660,0,3.502247551497045,19956,0,3778,7531,19370,20616,9,1
3325,FIRST NB OF CENTRAL TEXAS,1541869,1339532,8930,2.3066657927339382,19.88,0.0029893839502466864,0.09540369512585051,9502,336,11.96562598569129,190815,17.312478589602982,15185,225,4.085833910100733,1205068,0,6170,436109,182375,1220253,10,1
3327,MASON BANK,137649,114752,511,1.4749337037504735,10.49,-0.01202257237964278,1.3222035757615385,2182,474,20.29994760740482,27897,0,1034,75,3.908258925997533,65390,0,15631,7698,20532,66424,0,2
3330,FIRST NB OF MCGREGOR,987728,895226,2495,1.0155765839382187,11.68,0.07955704346804637,1.2729212900717606,4442,2180,9.67805793936673,94844,13.846401139265058,9297,535,3.9682465944335896,744950,0,5401,276801,86741,754247,157,8
3335,FIRST BANK&TRUST OF MEMPHIS,72451,62255,472,2.7018517988494235,21.17,0,0,447,0,12.911569681033496,9035,20.503750426184794,619,0,4.972123206288273,43394,0,513,17510,9035,44013,0,0
3336,MENARD BANK,81700,76498,445,2.1483314223643712,38.75,0,0,0,0,11.093526529272467,9463,0,222,0,2.398913227201873,12059,0,560,2754,5135,12281,0,0
3337,TEXAS NATIONAL BANK,969385,844027,3202,1.3307946271556708,13.99,0.009432597800318193,0.35764943752998035,11477,0,10.668161221477705,103073,16.385478846317593,9370,404,4.410444633903154,635105,1179,6400,185714,93969,644475,52,37
3339,FIRST NB OF MERTZON,554288,484573,2456,1.8060832132985378,14.71,0,0,13,0,12.768013812387984,68035,89.90059538543716,1631,0,3.107536223760545,67888,494,3366,22926,68035,69519,0,0
3342,INCOMMONS BANK N A,253602,221313,709,1.1312438297150949,14.62,0.14747573493471125,0.6316984881822698,1551,362,9.407303947098464,23843,14.594385870660131,2310,37,4.454923291186437,182652,0,8415,51407,19934,184962,80,14
3351,FIRST NATIONAL BANK OF MOODY,53381,42070,134,0.9682780547727436,5.98,-0.021676692136779925,0,941,0,18.48114808529477,10019,0,289,0,3.863320406819346,18429,0,1489,1758,8980,18718,2,3
3368,NORMANGEE STATE BANK,149956,131919,153,0.4108761329305136,3.54,0.039155705108595895,2.048600922937395,1451,1473,15.945044107912407,23606,29.315612406234028,1288,0,4.217022370789406,81387,0,8345,17700,17691,82675,14,6
3376,OZONA BANK,319515,279641,524,0.6592687652550263,7.92,0.06219642222485488,0.2866845062047165,237,0,12.856762388181291,41033,24.212488978496133,2067,21,3.8938796776389317,135322,0,1570,60892,27242,137389,25,4
3384,LIBERTY NB IN PARIS,454086,401916,1383,1.2404143683573254,11.35,0.4419101470592917,0.2792422580744617,3664,1080,11.830879810032755,53709,0,5290,154,3.286382728052069,311545,0,8954,65928,49879,316835,347,0
3387,FIRSTBANK SOUTHWEST,1888884,1644471,6146,1.317111601688393,16.5,0.04898137297757024,0.28175367042126465,7276,121,10.411544218833596,198299,13.479239827000649,15781,279,3.6048684526441623,1333541,0,14073,372206,153078,1349322,322,157
3388,PERRYTON NATIONAL BANK,193725,166488,812,1.711486933313661,12.94,0.13875639580261903,0,310,0,16.72176221809443,31868,0,1957,26,3.154966453935526,92339,0,5107,9044,25924,94296,32,0
3389,POINTBANK,1022264,900955,3198,1.2451580027829166,19.33,0.019196284780576313,0.014771135440551558,507,0,9.600196384819832,101680,16.93308965846963,8521,100,3.1128044703073887,530362,1611,12503,215373,68913,538883,96,70
3399,FIRST CAPITAL BANK,95230,85600,203,0.8133664556454845,8.82,0.9144664891283528,0.2089677622597921,798,60,9.733181442889542,9313,13.148081932880421,1247,100,5.508234283259344,80265,0,4126,5752,9313,81512,333,148
3400,TEXAS REPUBLIC BANK NA,499900,373029,1655,1.33073618657645,10.43,0.0831109209234217,1.1760352070414082,0,0,12.812957848086132,63229,0,5496,57,4.710637113036728,403057,0,464,175330,64321,408553,85,1
3401,FIRST NB OF QUITAQUE,145008,128011,398,1.1093728768087412,10.62,2.2013919620227704,0.7951285446320203,233,0,10.432806528251213,15150,0,908,343,4.242873065386025,60437,0,1051,395,15209,61345,343,1
3405,VANTAGE BANK TEXAS,4433153,4002522,14462,1.2874067460220315,15.02,0.06218627510042112,0.27605634184067185,15807,860,9.229568625521098,408853,12.671590172987532,44144,1809,3.607439311021934,3338222,0,13210,1281364,388788,3382366,672,152
3430,WESTAMERICA BANK,5929984,4878066,30750,2.055468917633517,20.42,0.15886082710688545,0.004671176178552927,4767,277,10.344498745984424,622642,16.164177208982416,13914,-550,4.045639275117068,757116,0,2121,472721,613164,771030,1726,1410
3440,FIRST NORTHERN BANK OF DIXON,1875247,1677773,3703,0.7865064130645449,8.25,-0.018863635720557874,0.8083735102629146,2663,73,10.853580167251838,206219,17.345002075899895,16535,850,3.620170478171658,1041210,0,208,600361,184386,1057745,16,66
3510,BANK OF AMERICA NA,2615296000,2071624000,7133000,1.0964661141551424,11.59,0.5268580198315087,0.4044284088684417,5682000,3193000,7.613947169716441,193808000,14.453657749541824,13243000,1490000,2.4584544391158842,1095391000,99731000,10064000,56550000,246924000,1108634000,1733000,280000
3511,WELLS FARGO BANK NA,1711028000,1419560000,5543000,1.2979114116337866,13.26,0.4605150365653027,0.7298536318517289,4795000,4272000,8.842643274179919,147334000,15.161949570000377,14040000,935000,3.2825386564347454,867976000,54607000,7117000,79629000,168241000,882016000,1277000,263000
3579,FIRST NB OF MOUNT DORA,369745,334008,562,0.6234789180643864,7.09,-0.006392712307968915,0.12035321640590135,368,0,12.115218440337115,43183,18.229481427525123,2069,0,2.733065608525729,128094,0,5180,36529,32363,130163,0,2
3599,FIRST NB OF ARENZVILLE,146142,133802,533,1.4549971166215676,19.62,-0.0039685098741486305,0.04379302322398763,353,0,8.255810762602563,12034,10.967390393159528,1049,9,3.636872490590274,100694,0,3924,14139,10940,101743,0,1
3600,FIRST NB OF ASSUMPTION,24984,22790,43,0.7191236725478719,8.2,0,0.3682356708293308,53,0,10.249084543881533,2547,0,94,0,3.3401097339716266,6246,0,243,448,2125,6340,0,0
3601,ATLANTA NATIONAL BANK,73939,63906,98,0.5344494965676617,5.06,0,0.14471388577070288,708,107,12.485249637174983,9205,22.980413174819724,228,0,3.327485380116959,31225,0,372,3509,8000,31453,0,0
3603,OLD SECOND NATIONAL BANK,5726177,4925326,21827,1.5352428151768673,12.74,0.43929062586804174,0.6578385544142279,21951,1397,11.270640214385434,632124,14.584433690116938,41551,2400,4.901458011854459,3902883,0,1705,1762910,699797,3944434,4529,176
3612,MIDAMERICA NATIONAL BANK,630204,559135,1680,1.0667521761665022,10.6,0.30248985287080943,3.6521507321438773,6785,9281,10.21944942828145,65047,0,7037,328,4.037735817148539,440101,0,14876,134668,64878,447138,356,17
3614,CASEY STATE BANK,476625,427888,2028,1.698963803819108,17.84,0.022676624584430607,0.13092053501180173,3530,0,10.915880239118755,52005,0,5957,225,4.02393719809485,363808,0,4539,81415,46588,369765,48,27
3639,FIRST NATIONAL BANK&TRUST CO,393608,388123,-80,-0.0819554572090069,,0.0164533219256968,0.6412471291233919,104,276,7.418697556514624,27744,13.45737104606287,866,105,2.2134899597299658,122471,0,2361,15261,-110,123337,14,9
3657,FIRST AMERICAN BANK,7821866,5050310,31343,1.6483669995012378,20.37,0.15827136205040748,0.13519791824610647,7569,2113,7.526175015246807,565692,14.616403674753977,40574,0,3.7080142918722325,2958876,0,42265,631227,626080,2999450,1972,785
3661,UNION NB&T CO OF ELGIN,389324,348111,1747,1.8307067790904363,18.12,-0.006450541281045245,0.0010274218902507936,94,0,10.054750944377323,39447,18.785136858759273,3567,0,3.9275124255722114,304903,0,35,239795,39447,308470,0,5
3664,INB NATIONAL ASSN,2392708,2151616,6748,1.1235803049593092,12.23,-0.06538721619003718,0.37572491085414517,17024,1300,9.633891879539828,231453,12.366761609274752,19714,549,2.9672118400023635,1960432,0,197,844861,224729,1980146,28,350
3674,GRAND RIDGE NATIONAL BANK,396124,340571,1522,1.5628650129254689,11.6,-0.01316047055262461,0.2266966909351617,0,898,13.305493831890278,52095,0,3438,0,5.125697421993523,304510,0,15,239915,53103,307948,0,10
3677,HAVANA NATIONAL BANK,315079,231442,927,1.2059987705837776,11.06,-0.011760670358210419,1.586268840513014,8716,4193,12.453268815729759,38141,0,2169,15,3.5755267142774807,204197,0,804,8751,34051,206366,7,13
3688,FIRST NATIONAL BANK OF LACON,90636,83363,204,0.8542400561118468,11.67,0.18514691903955036,0.3784368242199567,884,302,8.407772258630047,8057,12.836863280953464,398,0,3.620757265478628,61244,0,964,2816,7095,61642,28,0
3691,HOMETOWN NATIONAL BANK,325800,288586,950,1.1693117215807247,12.67,-0.007854508324142468,0.24248004910988336,211,0,9.66008436754906,31602,18.26836814032264,1997,0,2.881424939649728,148947,0,567,69776,28767,150944,1,4
3693,LEMONT NATIONAL BANK,53161,46678,-86,-0.6514843047204204,-10.52,0,1.6026786554052783,0,0,5.8375536397726835,3020,21.88014605856662,36,0,1.7076304555062791,4422,0,0,65,3227,4458,0,0
3698,FIRST SECURITY BANK,127425,111814,332,1.0470296053928332,8.83,0,0.552481852069845,55,0,9.670126317483305,12019,0,1147,0,3.720913812656932,92960,0,1825,4597,15207,94107,0,0
3701,RESOURCE BANK NATIONAL ASSN,811622,756668,1755,0.8642106014758058,13.64,0.008616140184600805,1.1363664365924038,1303,1251,8.470887524268004,69593,13.333965413299797,4843,129,3.203054279951039,503496,0,3483,152599,52591,508339,21,10
3702,FIRST BANK OF MANHATTAN,257417,234901,487,0.7514837753958502,9.1,-0.0027377289853634163,0.011654241949832373,205,30,9.239792691767827,23961,19.67037456734735,1578,1,2.8968120320530577,144559,0,771,29813,21891,146137,0,1
3705,FIRST MID B&T NA,7521800,6188196,20314,1.084627030981001,9.23,0.12543838358255682,0.3605121114626818,4823,0,11.000637796467256,814100,14.57935551259743,70051,1644,3.613852805365527,5628807,0,12146,2397985,884325,5698858,2083,300
3711,MIDWEST BANK,673740,552271,1133,0.6710331200448936,8.63,0.15536940181551112,0.1533232404191528,1913,1,8.48722037717078,58011,14.389128254907257,4712,259,2.906819378577135,404482,1045,6375,86250,50848,409194,168,10
3713,GRUNDY BANK,360404,310601,2832,3.195576744054839,23.87,0.0032063549956012818,0.026636774286633892,446,0,12.801095976292547,44104,20.812524947886637,2933,3,4.947970932887602,249205,0,1391,50751,48029,252138,3,1
3719,AMERICAN COMMERCIAL B&T NA,1764192,1553537,5831,1.339666748993412,15.38,0.022666564257490807,0.5480129146940922,1239,141,9.12718448558261,158536,11.22936269367778,22863,720,3.7554112423645876,1456841,503,1063,748739,155471,1479704,116,33
3720,FIRST NATIONAL BANK OF PANA,359445,320692,1649,1.8923381249040705,18.62,-0.0045829339179120155,0.03533224832728234,1602,0,10.407163184563059,37484,0,2526,0,3.665959837251384,261647,0,7163,80884,36191,264173,2,5
3722,PROSPECT BANK,720811,610827,721,0.3989707550563042,8.38,-0.002418223734059875,0.5045705462319526,2632,0,8.03419689945984,60417,12.292340432023432,3807,-799,2.3091267452702144,485945,0,1989,141697,36237,489752,117,120
3732,FARMERS NATIONAL BANK,895024,628498,2265,1.0176167886552576,8.08,0.004837027445092181,0.25094299147285437,6213,2063,14.450078875976397,132362,0,15041,-52,2.9623837638011152,477484,0,1625,22231,114704,492525,8,2
3745,FIRST CMTY BK MOULTRIE CNTY,115606,107710,321,1.1313921674883358,19.06,-0.008136696501220503,0.05882047644585921,410,68,8.811026013023382,10446,20.57713651498335,876,0,3.1407424084653703,46137,0,1383,4566,7164,47013,0,1
3747,FIRST NEIGHBOR BANK NA,664344,543352,1857,1.1356869124620539,10.91,0.3392876670644675,1.875082788434907,2574,0,10.575785690315703,69648,0,6443,750,4.439035458652199,523268,801,22656,98262,69251,529711,485,39
3749,FIRST NB IN TREMONT,178481,159191,252,0.576052667672473,6.16,-0.04718908920844516,0.18321277895126092,1164,160,9.575109788203195,16985,0,1367,45,3.858343668182444,114825,962,1400,15406,16539,116192,2,16
3759,ANNA JONESBORO NATIONAL BANK,236816,210170,557,0.9452794365659373,8.94,0.02964045074656885,1.4260016215120601,756,0,13.961053686211288,33861,33.64032822631549,1857,-33,3.018685826117262,92449,0,2734,16003,25657,94306,18,11
3761,FIRST NATIONAL BANK OF AVA,78252,70602,161,0.8429705549337992,8.86,-0.02175775459972531,0.13801564177273426,396,0,12.218795814165109,9668,21.981862230130993,772,0,3.778365278695748,35906,0,3221,3133,7444,36678,0,2
3762,GREAT RIVERS BANK,182919,156332,640,1.416297378190127,13.08,0.016161017605408553,0.022414292665059395,54,0,11.191750718431285,19862,12.996387703646237,1561,28,3.9072496698573143,149124,0,1241,47280,19910,150685,14,8
3770,FIRST NB OF BROWNSTOWN,57092,51764,142,1.0090064484038868,11.63,0.2100740033420864,0.40986477965389195,37,4,10.419182637612671,5953,25.595943901541478,390,8,3.244303606458428,20270,0,1602,1525,5046,20660,31,20
3775,CNB BANK&TRUST N A,1795849,1514437,4127,0.9297804021801513,11.84,0.32484571385857847,0.6276696982875509,1669,0,8.854263553802506,158976,12.092424019301648,13761,477,3.459866958300655,1266253,0,7739,375011,141770,1280014,1098,55
3777,FIRST NATIONAL BANK OF CARMI,620834,547734,1649,1.0897588933230788,9.64,-0.1083786947029913,0.2699594416542908,2548,423,10.804078708409005,64845,15.221868886648224,6244,0,4.189607883199025,434758,0,1591,162292,68990,441002,0,122
3787,DIETERICH BANK,1382607,1165457,2133,0.6225249398506801,7.39,0.03678387119207906,0.14537753678377152,1786,0,9.079929780089305,124652,12.20890186011667,12203,539,3.011668451979493,873552,0,3934,378389,117533,885755,128,48
3792,FAIRFIELD NATIONAL BANK,649554,452228,704,0.43601151652578096,4.8,-0.08603233853725215,1.5299728736948737,6206,3791,11.406656898627928,76916,0,5068,16,2.071845545311512,336751,0,3681,35823,58227,341819,90,166
3799,BRADFORD NB OF GREENVILLE,637931,537185,1702,1.0791232915796523,13.06,0.011744153613529264,0.4428378617750196,1816,263,9.074851654430253,57748,13.570383166582692,4365,207,3.1498816994136405,267545,576,15645,71412,52936,271910,9,1
3805,KINMUNDY BANK,69329,59808,437,2.5837730773210352,19.23,0.2802408319649699,0.6519638246621183,763,98,12.765988757100391,8675,21.321540307214605,388,27,4.7252799317740335,45175,0,6937,4193,9362,45563,44,12
3807,FIRST NB OF LITCHFIELD,138972,122376,388,1.1649465190467254,10.97,0.011495794455195142,0.05612641395388999,258,0,12.296404108304387,16390,16.341659060105663,1334,12,3.560206977912233,105126,0,1960,10706,14340,106460,5,2
3808,LITCHFIELD NATIONAL BANK,131394,114996,170,0.5170532526831642,7.55,-0.024767188428769567,0.5974397613285234,389,135,8.734485732498406,11647,16.177364886720923,830,6,2.7408149314001364,80222,0,3379,11847,9276,81052,0,5
3809,PEOPLES NATIONAL BANK N A,1874648,1683078,6020,1.2727148281055392,15.35,0.10354571494929163,0.7699045367450316,1064,0,9.091775094937526,168931,10.940677581802474,19604,300,3.684349631230801,1628250,0,2563,563549,158664,1647854,538,110
3814,CITY NB OF METROPOLIS,451290,353288,700,0.6297342521455945,6.76,0.7658420114562432,0.9193644884663963,3728,29,13.113647400593639,60218,25.435253199889154,3289,30,2.581371407679652,218845,0,4589,51911,42579,222134,476,49
3818,FIRST B&T CO OF MURPHYSBORO,86802,80751,36,0.16940379276269352,2.51,1.3339669100177114,5.5678440588926525,789,0,8.863910076274587,7728,0,1385,15,3.854442064365066,56006,0,1211,12403,5853,57391,194,1
3821,FARMERS&MERCHANTS NB NASHVIL,268884,244686,1009,1.5264346254070429,17.85,0,0.05057943202273099,234,0,11.469707790165439,30997,16.6061761187372,1730,23,3.981846275816877,173143,0,995,29221,23667,174873,1,1
3826,FIRST NB OF OKAWVILLE,66533,59312,66,0.3945834454309031,3.87,0,0,0,0,12.556734543670265,8189,20.536415390655673,176,0,2.9173983894188935,22963,0,184,2066,6955,23139,0,0
3827,OLD EXCHANGE NB OF OKAWVILLE,87837,78301,185,0.8503987680709738,12.62,0,0.37455741885537985,143,305,11.320455266857117,9986,22.92887029288703,411,6,2.510384357258167,35529,0,189,614,6141,35940,0,0
3830,FIRST NB OF RAYMOND,175165,159012,478,1.0938997353929771,19.47,-0.004597199156413955,0.4207461536265807,1714,0,10.62835623125741,19812,0,935,0,3.498399649205492,86320,0,1104,11391,10371,87255,0,1
3832,OLD NATIONAL BANK,53574412,41333273,156314,1.170682186614873,10,0.23762091730237492,0.8952613422990064,73204,6757,9.282116072146529,4822795,13.001577774683678,401932,31403,3.29955784482914,36052436,0,220697,10245362,6342902,36454368,24540,2924
3834,MIDWEST NATIONAL BANK,111501,95811,49,0.17950772753291358,2.55,0.16763093256347275,1.025102913875212,2965,175,8.210779907230952,9134,12.428620655705425,946,27,3.6038784402853405,86504,0,3670,16940,7734,87450,44,8
3837,FIRST NB OF SPARTA,105627,94835,463,1.7745412734154171,19.46,-0.07353448077762713,0.20354644172418038,1033,167,12.788852997954853,13382,29.241356229998537,632,-45,3.7323885638955256,42605,0,5022,1796,9882,43237,37,45
3840,FNB COMMUNITY BANK,474814,426682,726,0.6151962367954715,7.15,-0.001513374446672468,0.0922466481611747,1339,198,12.223787862215103,56995,19.305813666111394,3073,-1,3.1049019202213977,260510,0,4830,78915,41724,263583,3,4
3842,FIRST NB OF WATERLOO,930107,765254,1250,0.537305669971813,6.14,0.01285711584639528,1.0899821203366924,2327,634,8.635952596259102,79838,13.582935943362854,8069,253,2.8487384842645063,526448,0,3866,142552,82195,534517,17,0
3846,COMMUNITY 1ST BK HEARTLAND,269917,233549,1383,2.051734720937003,21.45,0.03531204698360778,0.15078709381031946,2835,0,9.19061327491915,24838,12.40472953487414,2259,30,4.3514304291287385,211819,0,232,54743,25484,214078,20,1
3850,FIRST CMTY BANK XENIA-FLORA,56896,49642,211,1.504429511060409,19.98,0.03954457827354962,0.7768560179977503,1016,421,10.568439065257303,5929,0,179,0,3.7385249081069096,30520,0,1631,6155,4245,30699,28,25
3854,BANK OF 1889,301509,264194,1523,2.0236983985144485,18.14,0.14198096464508886,1.2958153819620641,4765,947,11.44498082774492,34116,0,2730,151,6.250079230692612,239681,0,15435,31695,34344,242411,119,33
3863,FIRST NB OF EASTERN ARKANSAS,567061,501834,1672,1.1829149443828342,11.38,0.06602700504506344,0.015165916894302377,3492,64,11.048271159274087,62864,0,3903,450,3.733851010301535,338284,983,8489,88880,59135,342187,97,42
3864,FIRST NB OF FORT SMITH,2229127,1909968,10584,1.9157592648653934,14.95,-0.02904043913853238,0.18204436086414097,20738,2923,12.15003712007328,263163,0,19086,0,4.225584285933338,1520131,604,13016,457068,289230,1539217,96,207
3869,ANSTAFF BANK,1093436,990991,4117,1.5264621218546497,18.42,-0.033839667909804465,0.09310101368530029,4614,71,9.662276686410548,105119,13.41108310186176,9867,0,3.4492872296869765,776751,910,14960,166095,91791,786618,58,124
3873,EAGLE BANK&TRUST CO,486074,421574,448,0.3706607151352436,3.05,0.03736193597098223,0.24255566024926245,602,0,15.996265172735761,77094,0,2396,32,3.229346676783444,190840,0,1701,52582,60131,193236,20,2
3887,FIRST NATIONAL BANK,2506987,2075766,6511,1.0461034214056764,9.47,0.022566078203658857,0.28647934751955234,24723,480,10.707720532227485,263579,14.604577878652778,24008,1037,3.3819516813685184,1949840,3574,27836,534353,276308,1973848,280,169
3890,SIMMONS BANK,26749112,21959209,42691,0.6372716753220906,4.78,0.22621479667045957,0.6032611475102425,35191,494,9.994376147043326,2556061,13.693471158646876,252168,26801,2.924662077192261,16850263,141033,51605,6605434,3574318,17102431,11261,1613
3896,FIRST NB OF COMMERCE,287538,264383,582,0.8102562853160191,11.02,0.39439889949984497,0.11302853883660595,377,0,10.168839724318739,30409,0,1137,0,3.427414717180779,124801,1178,2247,13780,21570,125938,137,13
3902,FIRST NB&T CO OF BOTTINEAU,180241,156173,513,1.2022040407413592,9.2,0.05779094126995594,0.20528070749718433,1152,0,14.424167257264351,24423,0,1786,0,3.504656694997784,77309,0,2643,3655,22758,79095,18,6
3919,HEARTLAND STATE BANK,70379,63818,85,0.5057078050050199,5.74,0,1.3469927108938746,12,0,10.754778101716877,7304,0,451,0,3.4597515568882007,33683,85,828,127,6070,34134,0,0
3931,ALERUS FINANCIAL NA,5326806,4530138,14458,1.0932611373662617,11.34,0.040160642570281124,0.89579008509039,13643,0,9.057978576567644,460031,11.6134501017009,61929,863,3.4324037941005177,4036459,0,14175,1376439,519145,4098388,812,405
3934,ASPIRE BANK,65879,58153,134,0.8415499591785468,8.32,-0.007189137213670144,0.7437878534889723,3,0,9.741603350383208,5885,0,569,0,3.4376428541744586,55793,0,468,21312,6509,56362,0,1
3973,FIRST BANK&TRUST,4786044,4083689,10755,0.9085132250762321,8.61,0.010764125436053306,0.30948315560826434,18297,469,9.978396789647553,466975,0,43448,0,3.121472840371973,3456018,69769,9246,1012109,503470,3499466,367,272
3977,DNB NATIONAL BANK,109660,101434,417,1.520552066145838,26.46,-0.11258487844351406,0.029181105234360752,0,0,9.353109719171705,10348,23.52557553096672,474,0,2.684077250486122,27755,0,2056,2071,6431,28229,0,8
3985,FIRST NB OF FREDERICK,30915,27786,22,0.27770326774697446,3.07,0,0,0,0,12.897950283471435,3549,0,165,0,2.1781575223458183,4611,29,12,30,2937,4776,0,0
3999,FIRST NB IN PHILIP,422827,372702,1782,1.6812034473161597,16.02,0.001675266367352409,0,266,0,11.991331681102075,50852,17.94016768292683,3755,0,3.1104028683830487,234767,0,1108,22051,45338,238522,2,1
4009,BANKWEST INC,1811504,1506395,1628,0.3599630639865854,4.63,0.382031164192219,0.8139093261731688,25705,2410,9.215077405041958,167313,11.175534832693362,14454,2426,3.842561227854552,1261864,538,112942,259399,141638,1276318,1500,300
4016,FIRST NB IN SIOUX FALLS,1965203,1593032,3861,0.7875923103166739,8.92,0.04421099979468468,0.17199240994441795,9256,2387,10.46105598554888,208481,14.95909857762197,21189,225,3.1372549019607843,1420433,641,19239,245971,176379,1441622,195,37
4028,FIRST DAKOTA NATIONAL BANK,2998799,2702083,8656,1.1706601276859396,12.63,-0.04777818161067695,0.49486477753260555,2211,1805,10.123025679596003,301488,12.344579108826457,31425,3000,3.6368193731880014,2434071,1892,10341,923270,280207,2465496,297,589
4029,VISION BANK,956550,793071,3036,1.26155110325989,19.86,0.03547001402809981,0.8104124196330563,6475,953,9.223626389786144,90948,13.950738283518744,10283,501,4.159094168306716,681796,0,19529,165341,63167,692079,130,69
4031,FRAZER BANK,344184,308749,378,0.4218379244011756,4.45,0.024393484326097326,0.10808172372916813,1504,0,11.27868446316311,40062,16.593694257187202,2984,0,2.8746731435536876,221232,0,4365,117919,34518,224216,14,0
4032,NBC OKLAHOMA,903349,810727,3201,1.4149457791981754,18.4,0,0.8823832206600107,578,0,9.550340208552841,86925,13.011678188779024,7359,0,4.222070231435202,682653,0,2377,207344,70351,690012,0,0
4033,BANCCENTRAL NATIONAL ASSN,243005,230414,-1990,-3.1178638715565423,-73.5,-0.1486236298759121,3.615563465772309,696,3,8.759445655745049,23462,19.571865443425075,3469,-718,2.179041319098227,69373,301,1188,24459,9597,72842,27,56
4037,FIRST NB&T CO OF ARDMORE,669790,537721,2068,1.2419618553156477,14.08,0.033557207848551526,0.16990399976111917,3846,564,9.550479019724866,64169,0,5400,150,3.7400307491211917,414063,0,8914,125606,60457,419463,46,11
4041,FIRST SECURITY BANK,208896,185881,256,0.5279126057178503,6.35,0.010882576994232234,0.4897173713235294,3531,203,9.273103430769035,14612,0,1263,224,4.503587079648043,164991,0,4812,31328,16919,166254,10,6
4042,LEGACY BANK,632090,570305,1372,0.8776678471789647,9.58,0.09909984309191512,2.612919046338338,4878,0,9.379118098370304,58006,18.22029188967857,5649,146,4.657439599468363,367148,0,2394,142091,57933,372797,102,9
4048,SPIRITBANK,827651,737991,1828,0.9211185190550725,9.05,0.2585171884930022,1.8210574263789931,4466,3246,10.564241328342847,81909,14.400738540579594,7549,0,3.7204812361598947,587607,0,5390,269203,81104,595156,417,27
4049,FIRST ENTERPRISE BANK,202273,175605,724,1.4512617106947865,11.45,-0.0022820109080121404,4.792532864000633,0,0,12.604082362228963,25385,0,1585,0,4.941954250958614,174645,0,346,49353,25385,176230,0,1
4050,FIRST NB&T CO BROKEN ARROW,251202,213414,1298,2.1402101462119685,14.91,0,1.9056376939674047,180,0,15.05175057767601,36022,19.313681255326614,2885,60,5.869237239482503,196280,0,168,62818,35524,199165,4,4
4051,ALLNATIONS BANK,73488,66871,189,1.0800694330349807,12.85,0,2.7664380579142174,840,55,8.69349862726784,6143,15.425948987592822,903,32,4.643454439508714,39036,0,1106,3034,6037,39939,0,0
4054,FARMERS BANK,103719,92531,189,0.7732037841984147,7.5,-0.01428231373482504,1.2553148410609436,786,0,10.849042035147685,10538,0,1105,34,4.279853163463615,85597,0,1590,24440,10229,86702,0,3
4059,PEOPLES NB OF CHECOTAH,172389,142024,461,1.1059332961490251,7.41,-0.08555234734253021,0.05742825818352679,1393,0,15.822297551339512,26512,42.953083468331734,1083,0,2.9942722716579726,45347,0,4408,5247,25442,46430,18,28
4061,ACB BANK,133983,112016,414,1.2196199734865223,11.41,0.07850294876701307,2.6376480598284857,1429,0,11.61830196810803,16175,0,2141,50,3.932518625069,99446,0,1081,22773,14712,101587,22,2
4062,FIRST NB&T CO CHICKASHA OK,1034227,888351,4258,1.660269579351908,14.98,0.02589144032905667,1.526840819278553,345,0,12.736561256512482,133282,0,7307,353,3.430571564889525,507868,0,12125,187685,114448,515175,62,29
4063,MIDFIRST BANK,39520217,24326470,107734,1.096429453527481,11.28,0.0041388821040050415,12.006841966480094,2125354,4624319,8.95013338092453,3528058,19.08662778194722,221258,13239,2.795334037550275,32359274,25475,62230,6844909,3793385,32580532,669,334
4067,OKLAHOMA BANK&TRUST CO,198599,171750,583,1.1559834038060208,9.73,-0.016334642373423535,0.2124884818151149,545,0,14.141602067183461,27364,38.14337120446367,1807,0,2.406687717593717,73594,0,406,11218,24578,75401,0,3
4071,FNB COWETA,118147,109036,506,1.7643725755132285,24.04,-0.03993344425956739,0.32078681642360785,266,0,10.191355383016445,11669,0,909,45,4.160136771619889,60992,0,822,21597,8884,61901,0,6
4076,SOUTHWEST BK OF WEATHERFORD,78851,68340,278,1.4348664812867344,10.37,-0.017562346329469618,1.1971947090081294,360,0,14.528078038491959,11021,26.034172661870503,774,10,4.022553114461749,45699,0,1560,10178,10403,46473,0,2
4084,CITIZENS BANK OF EDMOND,413418,375981,648,0.6325823858020398,8.59,0.00944111546779252,0.33718899515744355,0,0,8.73751829188034,33855,12.073155341847846,3358,0,3.897722670081137,337041,0,103,154351,30245,340399,11,3
4086,FIRST NATIONAL BANK&TRUST,305441,279644,1664,2.1568373298768635,28.39,-0.017900238137096645,0.438382535416005,12790,133,12.125144307067162,39806,0,2911,19,3.743792564969898,155028,0,898,34696,23949,157939,0,7
4087,BANK OF WESTERN OKLAHOMA,411954,372870,2330,2.2636770908349013,26.61,0.06661922570290853,2.1694169737397866,2028,2164,8.063153551834734,32833,11.320217070560597,2826,86,5.238004105462677,336485,0,1290,51268,35219,339311,56,1
4091,STRIDE BANK NATIONAL ASSN,4356755,4001676,22251,2.148538703279983,29.02,-0.02215523405144082,0.5684276485595356,9990,2493,8.411428559279287,316498,20.002741497632478,18144,853,3.243292724132348,3578264,2006539,4759,702760,315212,3596408,126,318
4092,FIRST BANK,112576,96395,967,3.608781243294179,26.02,0.02575390533830169,0.04885588402501421,866,55,13.843535506555199,14804,23.499459264599857,1504,0,5.987738825069936,58980,0,1708,11080,15049,60484,14,10
4094,BANK OF EUFAULA,95900,87115,36,0.14526159696968166,1.86,-0.33957167663515336,2.4900938477580814,1544,0,9.81038994896271,9784,0,646,39,3.320379866173055,24368,0,1559,3229,8122,25014,14,36
4097,FARMERS&MERCHANTS NB FAIRVIE,122746,108417,397,1.2790154480581195,38,0.07357449417535254,0.8146904990793997,169,33,11.759245650811822,15202,0,944,0,2.678532402024635,48313,0,1605,6675,5213,49257,11,2
4098,FIRST NB OF FLETCHER,23686,21633,49,0.8675829404864662,9.94,1.3883723813065576,0.15621041965718147,38,0,9.837006934935289,2227,0,231,0,4.019316130920443,3942,0,231,600,2023,4173,14,0
4111,FIRST NATIONAL BANK,103812,90949,454,1.7668205499910006,18.71,-0.016803310252119667,0.21095827072014797,2231,0,9.735559311106117,9966,17.65034965034965,902,20,6.003480741493739,68345,0,1521,10151,9936,69247,3,6
4122,1ST BANK IN HOMINY,42577,39706,6,0.05596949662433974,0.94,1.1216092654678453,0.19728961645959087,88,25,8.286090969017797,3771,21.705383378610634,131,6,4.319728306681164,16201,0,948,2735,2725,16332,46,0
4123,FIRST NB OF HOOKER,91249,77704,309,1.372395529721357,9.57,1.1045420752646298,1.7282381176780022,1755,712,15.338645418326694,14168,24.530692157088563,740,151,4.38430666292959,54848,0,946,6543,13057,55588,156,0
4132,CITY NB&T CO OF LAWTON OK,446659,372010,1353,1.2371445095426086,9.35,0.27094534524363917,2.4199669098797965,1123,268,13.630075677435105,58625,0,6363,250,3.881409487658119,312407,0,4121,128984,57870,318770,435,219
4144,FARMERS&MERCHANTS BANK,23639,21587,126,2.1825740516196084,25.42,0.21304926764314247,0.31727230424298825,849,0,8.925612627539897,2047,16.131842602003776,410,7,6.640769515353311,12474,0,497,920,2043,12884,8,1
4145,FIRST NB&T CO OF MCALESTER,562189,495312,1972,1.4187522426555559,13.59,-0.026267439652698763,1.0503585093269345,10733,192,10.829194829409971,60402,16.943602750476863,4622,134,3.59007335336071,349273,0,10015,182346,59241,353895,43,66
4146,BANK NATIONAL ASSN,458652,420698,1399,1.2236735791686848,15.42,0.037362909595972923,0.4120771303733549,4686,156,10.787978187975094,48806,0,3500,23,3.610233784651177,245508,0,6380,73917,36475,249008,31,8
4147,BANK 7,1784463,1551330,10336,2.3469173435965556,19.11,-0.06913988145627292,0.35388797638281094,165,0,12.392303498604603,213895,15.248738567757963,18162,0,4.981132210777812,1407717,0,4556,513218,220609,1425879,200,444
4148,FIRST NB&T CO OF MIAMI,207395,179827,1240,2.4229279325488124,20.02,0.006947158178107767,0.011089949130885509,2043,3,12.401424390525207,25806,0,1449,45,6.1835047861884656,115490,0,2352,20483,25050,116939,3,1
4160,REGENT BANK,1772002,1536950,3233,0.7492852327596172,8.09,0.050461767458643905,1.7219506524259003,9956,664,9.556434952134314,164213,11.37313114488316,19240,1200,3.795189660472248,1438171,0,35489,472247,162087,1457411,261,82
4170,PATRONS BANK NATIONAL ASSN,288528,257229,916,1.2851495775211064,13.67,-0.25612015267745025,0.6484639272444962,932,0,11.825293765900156,33421,16.865539151560455,2932,23,4.10276058928332,153328,0,3953,50854,27339,156260,15,118
4173,PAULS VALLEY NATIONAL BANK,349168,322773,875,1.037927348051143,18.37,-0.0019768413041222083,2.2928790725381476,8777,39,9.36702582214334,31349,12.845723906234596,2513,125,4.002647865961427,203457,0,15365,95827,19623,205970,48,49
4178,SECURITY BANK,892503,788197,5154,2.3333118291983146,20.98,-0.7073124637390028,0.9230221074887144,6595,4637,11.546195701625084,101516,14.095067105820474,15577,0,4.0612604428469945,747611,0,1923,383866,100832,763188,115,1453
4185,FIRST PRYORITY BANK,479430,429077,2040,1.7392360789178372,17.24,0.16561246945860808,1.299876937196254,4588,0,10.230492364530457,48349,13.369466348936681,5828,330,4.403618196065643,381403,141,15904,76970,48349,387231,166,9
4187,MCCLAIN BANK,285498,256108,1266,1.8028698526623836,18.17,-0.01118380584913046,0.3863424612431611,1895,0,10.09803086446044,28451,0,2242,0,5.052340433705319,175795,0,2264,43590,28469,178037,33,38
4190,AMERICAN HERITAGE BANK,1530372,1203808,3043,0.8042190446364034,9.65,0.13572204125950055,0.03182232816596226,5566,1,9.316215876423913,143015,25.108675329531643,7158,114,2.5148628143578518,495211,880,13306,167250,126420,502369,267,97
4193,SEILING STATE BANK,191311,175939,521,1.0876769954227796,14.5,0.4294750601031674,0.30160314879959854,39,373,9.43084050297816,17955,14.041615490210244,1480,96,3.7677068985428863,125382,0,1978,12706,14788,126862,202,64
4196,SNB BANK NATIONAL ASSN,143194,128246,-177,-0.49203398370311174,-5.33,-0.0036119501370283583,2.6872634328253975,617,0,9.492213204650142,13848,0,1068,30,3.5008212178356346,110917,0,3280,19680,13223,111985,1,2
4208,ANCHOR D BANK,385302,339713,1694,1.8140638134962492,20.99,0,0.007786100253826869,1374,0,10.023487692611242,37085,13.315316268946034,3168,50,3.8151359345976696,228198,0,6895,29232,33294,231366,0,0
4209,FIRST BANK OF THOMAS,52626,45478,155,1.211398872617501,8.57,0,0.8151864097594346,46,0,14.971249951761664,7759,31.740855694810044,486,10,3.4198350432508553,24828,0,26,6713,7111,25314,0,0
4211,FIRST NB OF OKLAHOMA,869973,756784,4281,2.0162368053879347,20.72,-0.001750986388999136,1.0781943807451495,4097,500,10.421198993586954,88140,14.338088442960215,8463,280,4.091857468698888,689058,0,3412,309599,84832,697521,0,3
4214,BOKF NATIONAL ASSN,50345105,38660790,124392,0.9970220866217041,9.54,0.018464463083386957,0.3064190649716591,50820,68978,9.210218057880478,4635852,13.452399076254231,278594,0,2.8591479832847035,23449241,0,426965,6351337,5301470,23727835,2291,1186
4217,COMMUNITY BANK OF OKLAHOMA,79414,72298,166,0.9261648545544575,9.91,0,1.7616541164026494,4877,169,11.657237152286658,7912,0,311,0,3.634482603513033,37830,0,583,11730,6555,38141,0,0
4222,FIRST FARMERS NB OF WAURIKA,55041,46225,197,1.4143662275191153,10.95,0,0.019985102014861648,96,0,18.671712773795967,11150,0,1029,0,3.3981449286258,22633,0,860,0,7492,23662,0,0
4228,FIRST BETHANY BANK&TRUST,298198,256011,604,0.823220543713999,19.28,0,0.10965868315682868,0,0,8.725280305428694,27836,0,1666,34,2.6658979365761413,168218,0,615,89249,13201,169884,0,0
4232,STATE BANK OF WYNNEWOOD,113030,99791,265,0.9444048467569494,8.33,0,0.09554985402105635,0,0,14.421244299230821,16949,0,661,0,2.873617189114062,48041,0,1266,4985,12792,48702,2,2
4235,YNB,242898,223971,288,0.4909491897420599,6.26,0.006151858630288677,0.2210804535237013,138,0,9.073367067222089,21912,13.613318999195172,1141,17,3.6494787938491,130391,0,5947,28867,18187,131532,2,0
4236,SHAMROCK BANK N A,472502,435506,1293,1.1234149032759753,16.07,0.034496795247721486,0.021163931581241986,1968,5,10.149361864532864,47070,0,3699,110,3.6140705311169046,291269,0,8601,90694,34037,294968,25,0
4239,FIRST UNITED BANK&TRUST CO,16287458,12598483,33577,0.8253056705875875,9.39,0.03346241528687347,1.112064264417443,105184,58182,8.877041755368847,1447029,12.707798234349141,140111,4882,3.4795582391929987,12528389,112,90813,3190939,1434442,12668500,2135,1079
4241,IDABEL NATIONAL BANK,256606,213363,426,0.6591493723768447,5,0.977997670187563,6.016227212146248,3855,224,14.440622453157223,37741,20.54836517482589,4721,441,2.9766762169685634,184375,3,3521,106538,34665,189096,517,50
4255,CAMDEN NATIONAL BANK,6948167,5632856,8364,0.5252776937144014,5.53,0.08414563090547549,0.10539470338004253,3341,0,8.16632791583421,552175,12.553509250062792,46723,9429,3.4155138101586853,4849422,0,14797,1441637,671520,4896145,1120,171
4256,FIRST NATIONAL BANK,3151780,2712084,7442,0.9490497865371256,13.1,0.025909751931059738,0.2141012380305732,2649,695,8.398666994479056,266110,13.072383856346526,25114,392,2.405795829404353,2358036,0,11913,783995,230970,2383150,208,55
4288,FIRST NB OF LOUISIANA,553725,487809,3555,2.5686276989105914,25.37,0.001041062091545795,0,3425,0,11.290242147482706,63392,16.54333565911873,5065,120,4.330808311687312,380740,0,3127,150538,58776,385805,4,3
4290,FIRST NB OF JEANERETTE,544482,490621,2913,2.1801709596812446,23.35,-0.005482512498415211,0.5162705103199005,4631,84,9.957032455170028,52928,13.103321669319614,6814,310,5.062063831578264,445234,0,8913,146208,51019,452048,9,15
4297,CAPITAL ONE NATIONAL ASSN,490573279,388747598,1542241,1.261849000523747,10.72,3.3563179841337254,1.1894867188638703,7477776,3941202,10.816831099656005,52070049,15.49107830019725,15899489,2369570,7.45861449718577,308385328,143440421,2358,15371114,59193851,324284817,3692396,955896
4318,RIDDELL NATIONAL BANK,357295,320018,549,0.6174609869253479,9.22,0.34627998734746196,0.9549531899410851,6448,1112,8.164993953713868,29304,11.964210943870244,3316,253,3.2243876590615352,267477,927,7028,47490,24389,270793,253,19
4319,FCN BANK NATIONAL ASSN,778320,702902,1286,0.6540826122615059,10.42,-0.022849425347153157,0,480,0,9.497016088017356,73760,15.143031477692832,6401,0,2.628856934716219,484061,0,3542,140899,49646,490462,1,29
4324,FIRST NATIONAL BANK,404162,371831,501,0.4900726060662381,6.94,-0.007749103404520149,0.14746562022159432,406,16,9.488138037058787,39746,18.990069327337455,4369,0,3.0024284347634116,197512,321,1263,47428,29029,201881,2,6
4360,HORIZON BANK,7607744,5846175,25872,1.345528048054053,12.83,0.07073879405212101,0.41264532560506767,19034,1582,8.978710286774561,683028,12.929808992473676,52654,1376,3.0680695130831737,4860414,0,81333,1481826,811683,4913068,1462,593
4364,FIRST NB OF MONTEREY,410843,367915,702,0.6864099148098806,7.06,-0.014129126974490301,0.12243119634507585,984,104,12.655086266552503,53948,0,4735,0,2.6088984451682844,217094,0,1429,14746,41073,221829,4,12
4365,FIRST MERCHANTS BANK,18425841,14508219,57504,1.2526407096903207,9.9,0.15214897101575228,0.49478338600664146,81355,4280,10.104087248997045,1796554,12.90210305161063,192031,4200,3.170588117057213,12835878,0,49796,2715767,2332623,13027909,6182,1256
4382,FIRST FINANCIAL BANK NA,5542321,4651018,19082,1.3760645038348909,13.48,0.1921166887851363,0.24958857489488612,17007,1109,10.429170146881424,578988,13.993157501560145,46835,1950,4.117126072052096,3807185,5410,24365,832642,576047,3854020,3241,1394
4398,LNB COMMUNITY BANK,158469,139481,345,0.8648865463137345,9.06,0.022052279654409274,0.09023846935362753,579,0,9.939434217786026,15853,16.223796033994333,1586,0,3.846564233888178,125805,0,707,10523,15406,127391,7,0
4419,SPRINGS VALLEY BANK&TRUST CO,639340,564808,2104,1.3170063769023121,13.16,0.015168640521127073,0.21741170582162855,1819,72,10.865085055783592,69855,14.281165627036588,6861,103,3.1734254352347238,462966,1209,2194,102007,64650,469827,52,34
4432,MIDWEST HERITAGE BANK FSB,489559,381692,3418,2.758701400638222,22.93,0.034305271353356356,0.21999391288894699,51,1050,12.534804547993012,63071,17.091536110926892,3810,184,3.7231215352595637,363053,0,32281,65150,61556,366863,39,7
4433,FIRST CITIZENS BANK,1879281,1677871,7379,1.584222611294376,16.24,0.0011774129514688777,0.5609060060735994,3454,24,11.238578295195554,210409,13.931457872472542,17999,468,2.9390560808709,1350670,0,6729,431063,185747,1368669,18,14
4439,CLINTON NATIONAL BANK,429833,375865,423,0.39863446491804666,4.68,-0.00351500026362502,0.3170998969367173,2929,49,12.665341056453705,54205,0,3166,8,2.425271149276711,222955,0,1481,64130,37294,226121,0,2
4457,FIRST HERITAGE BANK,69802,58675,228,1.3179476433737725,16.03,0,0,0,0,9.03492503928536,6382,0,580,12,3.5528117599885,50435,0,384,5541,5842,51015,0,0
4464,FIRST BANK HAMPTON,241784,215391,789,1.295715435271706,12.85,0.26490205456772087,0.7738311881679515,3016,0,11.127378602120212,26829,0,3752,300,3.8529710381855415,188030,0,3144,26518,24846,191782,128,2
4465,MIDSTATES BANK NATIONAL ASSN,636828,558923,1666,1.0482825014373771,12.51,0.00393609261625926,0.633609074977859,7409,0,10.653139354480807,69901,17.162761385379483,8756,0,3.372646338364839,396966,0,1405,59512,55118,405722,6,2
4476,LOGAN STATE BANK,84311,76626,220,1.0633220355367057,12.15,0,0.014233018230124184,321,12,8.730234901744367,7277,13.056228273941912,648,18,3.9197806361295378,73656,0,1266,1513,7277,74304,0,0
4477,FIRST NB OF MANNING,80646,68179,128,0.6295804436574689,4.44,0,0,6,0,15.402784684236698,12390,31.386328818422783,729,0,2.2511047569534703,37922,0,107,5491,11694,38651,0,0
4482,FNNB BANK,104090,87377,217,0.8224525763232201,11.24,-0.00624005491248323,0,0,0,8.898526243867257,9377,13.995135971700199,751,0,3.7940351614772125,63689,0,589,27811,7969,64440,0,1
4494,FIRST NB OF PRIMGHAR,37753,29935,120,1.241962818738114,9.86,0,0,0,0,13.46950548009859,5137,17.217683197162582,300,0,2.5961733486579677,24773,0,299,2636,4974,25073,0,0
4506,SECURITY NB OF SIOUX CITY IA,1685726,1325797,6190,1.4900187997525463,13.44,0.010248808118520145,0.381912600268371,5371,111,12.310409415418526,202627,0,17447,0,3.0432152767555665,1085170,0,6803,121756,187561,1102617,33,5
4511,CITIZENS 1ST NB STORM LAKE,253793,214725,1297,2.0552965086106147,15.73,-0.03497597083542124,0.023641313984231246,1724,45,13.456584034746847,34421,23.755360317958374,2471,0,3.7737702502476282,143988,393,4965,5913,33745,146459,1,14
4514,STATE BANK OF TOLEDO,130722,116545,101,0.3015217894273325,2.99,-0.2582978173834431,1.9292850476583894,2768,311,10.048878995800536,13137,0,1906,0,3.9547570672084724,108940,281,1589,16449,13572,110846,8,78
4519,FIRST BANK,747620,628176,1876,1.0123112371403826,9.13,0,0.10112089029185949,1904,230,11.434278713762223,84374,17.557533964194175,5910,103,3.2686630716516776,523483,84,4452,80984,83841,529393,1,1
4526,PONY EXPRESS BANK,388153,311096,2388,2.52624229392956,27.43,-0.001310512934762666,0.08501802124420009,423,0,9.775681113709282,35953,12.206499193362525,3770,0,4.8118876808981605,306194,0,3563,76380,35210,309964,0,1
4539,FARMERS BANK OF NORTHERN MO,533418,455222,767,0.5753102277894717,5.62,0.021408004452864924,0.12185565541470292,716,118,12.548338944117326,68175,0,3382,171,3.450574282857677,280014,0,2907,23454,55803,283396,22,7
4540,HNB NATIONAL BANK,963993,834842,5357,2.273722052652773,20.79,0.0037137215822929752,0.13143248965500787,1190,1,11.65028700269361,108302,0,6914,0,3.856118740075287,637654,0,3321,135344,104782,644568,24,18
4549,CNB ST LOUIS BANK,833446,683133,1972,0.9592250317846657,15.31,-0.004939620853226885,0.45113900600638795,7265,115,8.651076728304137,71066,11.206554906867613,11171,180,3.080287567241466,647912,0,3865,296103,52906,659083,1,9
4556,TPNB BANK,110055,90247,208,0.7524576968644581,6.54,0.0062949994098438055,0,0,0,14.698160320199758,16011,17.895229783520296,777,0,3.070544288200896,64290,0,1958,6817,13040,65067,11,10
4598,FIRST NB OF NEVADA MISSOURI,116292,101066,148,0.5166380130381282,4.18,0,0.2674302617548929,355,133,16.15378992763687,17680,23.3494039601717,869,0,2.81289969369599,47467,0,225,11005,14396,48336,0,0
4611,FARMERS NATIONAL BANK,167507,134492,597,1.4501730734195664,7.42,0,0.28774916869145767,79,0,18.804146181680146,30713,33.121660181582364,1519,0,3.556799650740251,82683,0,1911,9008,32494,84202,0,0
4619,EXCHANGE BANK&TRUST,601415,525541,2265,1.518541797611565,13.58,0.029872693396718383,0.1350149231395958,1495,621,11.967639640116785,72308,0,5352,25,3.883226666159688,378878,0,2404,34944,68199,384230,46,17
4621,FARMERS BANK&TRUST,168522,157924,587,1.3265087059195733,24.21,0,0,2670,0,8.514513571280826,14819,0,865,45,2.9094581434771634,78304,0,750,2763,9893,79169,0,0
4624,AMERICAN BK BAXTER SPRINGS,191791,176766,760,1.7946644154648121,20.89,0,0,0,0,9.865077974417384,16327,0,1363,-6,3.8629240398489784,82928,0,371,14232,14892,84291,0,0
4630,FIRST BANK OF BELOIT,105667,85249,265,0.9770215589945894,9.41,0,2.506932154788155,32,2649,12.68146404349532,13575,20.35400720396218,1099,0,3.3937230164421064,69473,0,1811,3691,11557,70572,0,0
4636,FIRST HERITAGE BANK,261515,243567,832,1.2580565898652352,21.22,-0.03629517047387882,0.014148328011777527,14,0,9.866324346183955,26593,0,1512,0,3.403579613007224,156557,0,917,22281,16308,158069,0,14
4638,FIRST NB IN CIMARRON,141937,132440,532,1.457619107961765,37.12,0,0,936,0,8.214101971306324,12613,15.489923399598759,822,62,3.976794933205599,72814,0,1802,7568,6495,73636,0,0
4649,CONWAY BANK,116938,100575,173,0.6044222395940239,7.85,0.3856041131105398,0.9423797225880381,1821,0,8.639843484178291,10157,13.891689381775638,1004,57,4.7933407201184375,87038,0,1998,15371,9113,88042,84,0
4652,NINNESCAH VALLEY BANK,42883,39781,91,0.8674411677092643,12.79,0,1.7722640673460344,255,214,12.113359168826229,5095,0,255,42,4.166060878414993,16246,0,302,361,2982,16501,0,0
4654,FIRST NB OF DIGHTON,77379,63721,125,0.6571338450215539,4.28,0,1.7769679111903747,1081,59,17.244841479269375,13397,23.825759503333163,599,-10,3.3560681358604376,51211,0,725,2270,11911,51810,0,0
4660,FIRSTOAK BANK,242099,213658,1072,1.7741808688024694,17.35,0,0,39,0,10.060028807166823,24166,0,1813,30,4.981503761089311,193710,0,1135,45590,24960,195523,0,0
4664,HOME BANK&TRUST CO,176901,162016,567,1.3230893085283257,17.23,0,0.21480941317460048,1946,356,7.752019362552125,13292,11.455246226371635,1639,9,3.801775193726452,140880,0,2197,31249,13291,142519,0,0
4666,ARMED FORCES BANK NA,1418808,1216964,4596,1.3076683968045204,10.49,0.4119344064108536,0.043910099181848426,3958,4,14.429485319536603,197431,25.17829724164927,11547,950,3.901312896538727,773936,1383,21926,325777,180228,785483,1089,261
4668,FIRST NB IN FRANKFORT,59539,56172,86,0.5782047079982183,12.58,-0.05574815769760109,0.4266111288399201,10,16,10.581428309405899,6346,0,421,0,3.190400057484686,28180,0,631,1582,2980,28601,0,4
4673,GNBANK NATIONAL ASSN,966891,781648,2821,1.1565723680265754,10.09,0.15712707572082046,0.13145225263240634,4248,88,11.627088436592095,114298,0,8620,356,3.854533650937813,606390,0,8129,98281,114456,615010,279,34
4678,CITIZENS NATIONAL BANK,219653,204688,394,0.7290305420314326,11.55,-0.017969552838908574,0.015934223525287613,35,0,10.506163861459877,23982,20.618614980819704,1666,4,2.8580745961363427,87337,195,1081,7822,14492,89003,2,6
4683,VISTA NATIONAL BANK&TRUST,31931,22589,5,0.05950609937518596,0.22,-0.05657575257537541,0.09082083241990542,24,29,25.925286860495213,9015,44.33438606565222,246,0,4.670333879840032,21299,0,166,685,9028,21545,0,3
4690,FIRST NATIONAL BANK OF HOPE,85430,70893,68,0.31459998380735377,4.33,0.06704168107015283,3.5830504506613603,6,128,13.496289413810766,11330,19.29673689742487,911,0,3.3733753321928837,47425,0,286,1649,6486,48336,9,1
4693,HOWARD STB HOWARD KANSAS,73887,68015,342,1.84247387135007,24.73,0.22041097462977846,0.03654228754720045,465,4,11.781284463626832,8653,16.655547341279142,584,0,4.61471986173124,43503,0,1920,5846,5709,44087,26,2
4697,FIRST NB OF HUTCHINSON,1192956,1022758,3630,1.2147618665167457,13.42,0.01375918758654973,0.05909689879593212,202,10,10.581929997159712,128535,14.577089309540126,12463,300,3.1737017856071663,886740,0,7056,351740,110137,899203,56,25
4702,CENTRAL NATIONAL BANK,1265063,1121446,3458,1.0942319452124583,11.3,-0.09243509032932053,0.05857415796683644,5775,94,11.157900129551676,143746,0,13931,0,3.4885598923283982,722619,0,6337,287234,125523,736550,20,189
4705,SECURITY BANK OF KANSAS CITY,3637891,2972816,11346,1.2570869370180997,12.05,-0.0012103081948959286,0.025701704641507953,5,0,12.739014760950077,470968,0,31563,0,3.107147948226792,1980541,0,3323,962899,392910,2012104,2,8
4707,CITIZENS BANK OF KANSAS,510618,469568,971,0.7763753226984839,18.28,-0.01331472046368514,0.05640224198911907,291,21,8.58563719636622,45440,15.303857020452497,2550,6,3.1974105354677143,237329,0,1453,49925,22597,239879,11,19
4722,FIRST NB OF LOUISBURG,181579,152918,438,0.9824097074639586,10.99,0,0,1359,0,11.009370142522496,20115,0,1367,22,2.930224040046395,100863,0,1019,7255,16592,102230,0,0
4728,MARION NATIONAL BANK,33251,28130,83,1.0603133034188716,7.18,0,0,220,0,12.939235099980587,3999,0,176,0,3.4215745451409845,11596,0,830,133,4714,11772,0,0
4735,SOUTHWIND BANK,169549,155807,467,1.0933151504332583,19,0.10312721562377317,0.7390193985219612,945,624,10.424886018669062,18338,0,1223,30,3.4782393883436984,83840,0,4934,12988,10478,85063,29,7
4746,FIRST OPTION BANK,715822,650912,2041,1.111006022485488,19.21,0.007266930244282402,0.014249352492658789,2205,0,8.045373167342932,58195,16.134410205219286,3870,100,2.7216262813530223,437802,945,9824,97517,43225,441672,8,0
4752,FIRST SECURITY BANK,100301,86309,138,0.561843498086475,6.24,0.0056469658146807,0.9750650541868975,2275,140,9.021148782093483,8770,13.170851127492316,847,9,4.066831447323435,69673,0,653,18474,8928,70520,1,0
4756,FIRST NATIONAL BANK&TRUST,300424,252918,1443,1.9217899415671975,15.18,-0.015713272067940258,1.7268926583761617,10086,2794,14.522490935893861,43740,0,4280,75,4.528363374239975,198310,577,3490,11617,38994,202590,50,58
4766,SJN BANK OF KANSAS,268341,202647,809,1.190570358992283,14.3,-0.014935450848364723,0.6704156278764706,190,374,9.476650979986555,25655,14.930400119374987,3371,0,3.6949685534591192,154769,0,1258,12155,23097,158140,0,6
4767,SUNFLOWER BANK NATIONAL ASSN,8204826,6980349,25322,1.243558023704312,10.02,0.03886726559316121,1.0233855050673835,57738,15,12.077711047226886,954734,14.092142490118764,91790,3800,4.058157666619675,6457821,3773,17937,1413086,1025800,6549611,812,181
4769,FIRST NB OF SCOTT CITY,160728,136519,556,1.3842984208790046,11.89,0.13282662435892706,0.3533920660992484,2781,192,13.799577272162129,22198,0,1296,100,4.234586952566426,108298,707,2378,13277,19141,109594,39,3
4770,ELEVATE BANK NATIONAL ASSN,55629,47525,494,3.5725262605991577,26.36,0.012931591878960301,0.07909543583382768,9,44,12.437181387613435,6880,0,416,0,5.79799895496681,31066,0,504,13982,7777,31482,1,0
4773,SOLOMON STATE BANK,178021,142412,873,1.9925933956827142,10.31,0.016638300674891072,0.11122283326124446,700,88,19.488781270596327,34005,0,4911,0,4.074774453037639,140936,0,1333,14505,34046,145847,25,19
4774,FIRST NB OF SPEARVILLE,56996,47825,185,1.0911557403639152,9.71,0,0.1403607270685662,0,80,11.912724956203217,6732,0,498,0,2.942525611185675,28169,0,16,4931,7714,28667,0,0
4775,PRAIRIE BANK OF KANSAS,135605,121154,224,0.6788727378801138,7.99,0.004936534676070765,0.06563179823752811,2105,89,9.13694636961242,12287,0,801,0,3.499805793486927,81019,0,607,8300,11400,81820,1,0
4778,WESTERN NATIONAL BANK,245902,222103,707,1.1410541435839914,12.95,0,0.024806630283608917,1520,0,9.111014294309246,21958,12.743029429252456,2259,0,3.7841825081540335,193145,0,2102,20819,22318,195404,0,0
4779,DREAM FIRST BANK NA,686409,614790,2468,1.4348211560542419,15.2,0.28002210307800296,0.4271505764056124,14545,243,9.82720542714899,68258,13.60556651405201,8242,0,4.9056023209301305,519715,0,2061,128430,66424,527957,381,6
4789,EMPRISE BANK,2589249,2384283,7106,1.1137891755083935,15.06,0.0058439581994656565,0.18441640800093,1912,0,7.972948874577448,203875,11.570869493701398,18596,1050,3.5948235763791523,1820775,0,11665,644044,191599,1839371,151,124
4791,BANK OF THE FLINT HILLS,468873,399009,1779,1.530903665584894,19.57,0.04893496931833032,0.43487255610794395,1322,0,8.873912243229476,41463,11.550240885237622,4656,140,3.9916229240017724,362819,0,2065,69358,37212,367475,49,5
4792,FNB WASHINGTON,90998,57266,396,1.7997341301853136,7.49,0,0.3022044440537155,140,0,25.442724317443,22384,0,926,0,3.612620053899905,39030,0,603,1739,21523,39956,0,0
4794,FIRST NB OF KANSAS,99442,88290,161,0.6442867075848753,30.91,0.029520295202952032,0.044246897689105204,26,0,8.769629577732628,8762,17.33483695141434,461,0,2.6909515671980793,40345,0,1263,4770,2419,40806,4,1
4796,BANK OF COMMERCE&TRUST CO,110768,103627,188,0.6768098137422992,14.67,0,1.224180268669652,292,535,8.617905144723384,9605,17.45948953334724,432,10,3.1629761987028244,51740,0,2791,3193,5395,52172,0,0
4799,INTRUST BANK NATIONAL ASSN,7088851,6478568,16931,0.9574559528414347,16.97,0.10241030482076577,0.6270691822976672,27468,17087,9.972437037679777,735551,14.2300960849272,56040,1716,2.963629182907561,4163542,0,55997,1389412,420429,4219582,1533,467
4801,SOUTHWEST NATIONAL BANK,529114,441711,1430,1.0747829060664167,11.51,0.3213014875349529,0.22622724025446314,2037,62,9.868061181716163,52497,0,4252,303,4.176356969124761,456928,0,4964,126814,49936,461180,445,74
4832,SHORE UNITED BANK NA,6175618,5465024,15599,1.0058484811359079,10.22,0.046239879809698695,0.26677492033995626,9380,894,8.83987616795011,534824,12.330010006273364,58042,1028,3.283266890388798,4735164,3595,176643,2198458,617071,4793206,726,172
4857,FIRST UNITED BANK&TRUST,1955344,1631883,5970,1.223520804080657,12.7,0.09724906701676331,0.3744609644134229,6027,232,10.757548410253403,209200,14.835427090808139,18467,656,3.615123321945228,1461402,0,29799,478457,190076,1479869,542,182
4865,SANDY SPRING BANK,13765535,11322359,2089,0.05992449843083656,0.46,1.1852141159803888,0.8588768979919778,56910,25989,11.62622791072685,1590639,14.942413522857864,115182,14892,2.77804431219561,11346393,0,2940,5233458,1842145,11461575,34426,317
4931,MOUNTAIN COMMERCE BANK,1792656,1576887,2499,0.5651656456633035,6.64,0.042010602903300935,0.44118893976312246,897,0,9.250897582077693,164620,12.244033504565973,11396,64,2.255360315881415,1458090,1605,9127,642430,151273,1469486,166,12
4945,PEOPLES BANK OF THE SOUTH,229393,188581,1598,2.834137343927355,26.25,0.006681365671143182,0.37446652687745485,3527,0,11.879678215476517,26330,18.66945407393686,2000,0,5.273148244717466,179047,0,2877,57178,24692,181047,5,2
4952,FIRST NB OF MIDDLE TENNESSEE,906550,799395,1345,0.5973125376789855,6.24,0.014823335065097958,0.9430257569907893,2870,4598,10.204783031752974,91452,16.38509581168896,6931,100,3.053065984625632,700510,0,1704,211239,87270,707441,26,0
4958,FIRST NB OF ONEIDA,340424,307037,1664,1.992945643126194,23.65,0.08638863596761408,0.3116701525156863,1228,466,10.871413078523902,37090,19.7569449636863,5589,0,4.302137279738331,198251,0,5746,47077,28918,203840,67,23
4960,FIRST FARMERS&COMMERCIAL BK,216105,194111,486,0.8935301796253057,9.59,0.08343393865077209,0.40350755419819073,2845,465,9.506252963080591,20653,15.734638359929326,2387,2,3.895570779286222,154292,0,3184,46028,20542,156679,37,4
4972,FIRST CITIZENS NATIONAL BANK,2533033,2180843,5350,0.8506330160485434,10.97,-0.012173619633931317,0.2528194460948594,4597,882,9.540943424695076,247876,0,18028,0,2.591216799071532,1517869,0,14148,685660,200712,1535897,148,194
4977,FIRST HORIZON BANK,81201651,65207996,250026,1.226614684871456,11.21,0.18544649576056352,0.7721591769113167,102792,11503,10.334275897457072,8234149,13.696687185032172,822292,40000,3.4372972974851583,61912114,84105,277203,16954614,9057507,62734406,40698,11522
4988,TRUSTMARK NATIONAL BANK,18293845,15175012,55671,1.2220610769864617,10.67,0.04146643425004717,0.9349866034177069,55473,76077,10.285269036698928,1838631,13.489994633902116,167010,5294,3.7269273139250436,13263148,29592,72084,3532842,2112860,13430158,3701,2316
4993,CITIZENS NB OF MERIDIAN,1797670,1582341,6411,1.4605715730761366,14.95,0.013497909058660761,0.4806221386572619,10680,730,11.550977278134328,203432,14.890660160290706,14079,225,3.257271940815439,1204431,0,7185,521888,177227,1218510,68,27
5005,FNB OXFORD BANK,862326,722981,1446,0.6886915396554281,6.31,0.04556641185865869,0.17267251596264058,1068,0,11.836880851825716,101151,0,4453,600,2.9846655041107364,435533,0,2962,137642,93478,439986,61,13
5006,FIRST CHOICE BANK,512869,466898,919,0.7376230918567493,9.2,0.09508542831450131,0.3349783277991066,2290,156,10.16159939705906,50695,0,3893,177,3.533222975739129,323789,0,13582,68336,40934,327682,113,37
5015,CENTURY BANK&TRUST,483347,415658,2286,1.923938772289727,15.61,0.022133075114123667,0.3815064539554399,4340,115,13.445001391778097,63275,22.569903200582413,3589,0,4.463405154886988,233367,0,1530,69257,60116,236956,25,12
5018,CITIZENS NB OF CHEBOYGAN,467180,448275,756,0.6408755241287304,27.24,0.03493427988596453,0.02333147823108866,158,0,7.547158068992986,36381,15.33057405352078,3400,8,3.6027163704666956,237698,242,6488,77973,13021,241098,23,2
5019,SOUTHERN MICHIGAN BANK&TRUST,1561839,1322577,3572,0.9346534135324575,10.55,0.0007092648159878928,0.0445628518688546,182,189,8.988706281988293,138129,12.43429740934685,12780,164,3.1987796922911476,1125647,0,2553,564578,137243,1138427,16,14
5033,DART BANK,1334773,1149389,2553,0.7703672634649251,9.74,0.002497958142250687,0.6782426674797887,11525,724,8.266897854385826,106703,11.781738512553293,13698,0,3.8660775979396553,1116840,314,1414,273193,105979,1130538,22,15
5058,SUPERIOR NATIONAL BANK,997055,842947,1654,0.6639567143576123,6.46,0.041228987616146,0.8009588237359023,2367,0,11.31157892846704,113391,18.221667497257556,8791,50,3.4543736958325244,645720,0,20246,177249,103949,654511,93,25
5062,FIRST NATIONAL BANK&TRUST CO,405024,352889,556,0.5457320514519319,7.53,-0.0282536471169928,1.7124911116378287,3963,5,8.67200301164842,35936,15.706012467323546,3849,150,3.268534976736812,195480,263,3962,67318,30491,199329,23,37
5072,RANGE BANK,583116,530556,1380,0.9368142545113886,11.45,0.05411255411255411,0.06259474958670316,2656,0,8.952893897909664,51730,14.365866520632409,5026,0,3.2200912675460125,345950,0,1159,123656,49205,350976,47,0
5074,FIRST NB OF ST IGNACE,320861,307274,-23,-0.028831222960935262,-0.8,-0.04524956678681798,0.11998965284032649,1306,0,7.620874708409285,23914,15.93680904925177,953,15,1.832996651256118,101871,45,3700,44289,12405,102824,9,20
5076,FIRST NB OF WAKEFIELD,53367,48705,81,0.6067983893622998,7.31,-0.01850181549064502,0.16302209230423295,262,0,9.625975856250117,5191,24.313865041590677,275,0,3.9129409915926767,21162,0,2602,2605,4522,21437,0,1
5087,FIRST NB OF BAGLEY,118665,110583,263,0.8846580779710048,14.21,0.10673711316135316,0.05561875869043105,952,0,8.02581302538847,9452,13.88780231193601,844,15,3.5171891674951885,75335,0,6276,4497,7612,76179,21,1
5093,FIRST NB OF BEMIDJI,930290,800896,809,0.34508775157094373,4.91,0.019407583513257803,1.4376162271979707,1184,143,11.264181442089285,112124,0,3175,0,1.8344261904458445,406427,0,13651,141091,65902,409602,37,17
5095,STAR BANK,458611,397439,1390,1.2072915196456295,12.89,-0.007526608577376897,1.9458756985767895,6380,53,9.40607219527887,42106,11.411423201215099,4291,250,4.451290634844804,364914,0,7146,28549,43873,369205,0,7
5097,FIRST BANK BLUE EARTH,303378,262725,392,0.5104540534381588,8.06,-0.003910431565003592,0.20139891488506087,898,0,9.692344945386482,29620,0,2298,0,2.2521267522096515,203569,0,1153,29145,19950,205867,0,2
5105,B2 BANK NATIONAL ASSN,83262,71436,-167,-0.8050908740297932,-5.95,0,0.33388580625015013,504,0,13.114532352868844,10665,0,324,0,4.573050743572373,36116,0,10647,3774,11407,36440,0,0
5107,FIRST SECURITY BANK CANBY,81986,70951,299,1.4856127842197118,11.95,0.37217957664573154,1.2075232356743835,69,939,12.150432738005904,9715,19.539614561027836,460,0,3.7020760923121996,38110,0,614,5991,9681,38570,36,0
5110,WESTERN NATIONAL BANK,32697,27723,172,2.0790523389338813,19.38,0,0.48934152980395756,272,0,9.554140127388536,3255,0,182,0,4.525850779626687,11760,0,334,6665,3630,11942,0,0
5113,FIRST NATIONAL BANK,78992,72180,66,0.33294237826794293,3.99,1.0682613176190545,1.887532914725542,479,412,9.742466581073938,7740,0,395,86,3.7353419269387453,33069,0,10175,2979,6623,33464,94,2
5115,FIRST NB OF COKATO,136158,128335,331,1.0112659919801414,18.5,1.0312530594928584,0.802009430220773,357,281,7.682130283698189,10103,13.184282322928109,1261,150,3.473286181697067,87948,0,1247,11760,7489,89209,237,0
5116,GRANITE BANK,308468,272732,581,0.7558166006465419,8.42,0.010401111433050276,0.666519703826653,675,0,8.367478762413059,25649,10.600650852894908,1810,60,4.293042914794078,269372,0,3316,116280,27819,271182,7,0
5117,FIRST NB OF COLERAINE,103464,97890,71,0.2733423805811413,5.51,0,0,19,0,7.864016406373245,7976,18.534578116012565,402,0,2.48948126394262,40794,0,1058,14310,5376,41196,0,0
5123,DEERWOOD BANK,1175271,1053726,4518,1.534594612954723,15.52,0.037239728508919025,0.766716782767549,1608,20,9.071908672002218,104737,12.279942295796669,6836,606,4.404578851568318,883885,0,4894,275847,118098,890721,126,43
5131,WESTERN NATIONAL BANK,117661,95360,141,0.4784364290319297,4,0.3206348570168935,1.6046098537323326,321,0,9.795974210319294,11456,0,736,0,4.155711400193632,74190,540,789,37026,14185,74926,60,0
5136,FIRST BANK ELK RIVER,362976,286661,378,0.42004258765124797,6.17,0.04402084918495018,0.026723529930353523,665,0,9.486853876671987,34888,0,2576,13,3.0166761202495747,262248,0,4068,164899,24992,264824,30,1
5141,MINERS NB OF EVELETH,90283,79015,161,0.697618996035271,7.57,0,0,31,0,9.518585301210054,8763,20.510679440977412,715,15,4.246006202820528,65493,0,1590,2584,8608,66208,0,0
5142,FIRST NB OF FAIRFAX,37776,24163,122,1.2769186487688724,3.63,0,0.8497458703939009,0,0,35.63109354413702,13522,0,394,0,4.164082094986381,12366,0,23,59,13522,12760,1,1
5146,WELLS FARGO BANK S CNTL NA,4322834,3290913,14426,1.3132457828558657,7.1,0.05566998830930245,0.6090911656566039,9493,289,18.609827599947835,821941,55.125650396701076,2632,-815,1.8932067199452445,2078340,0,16,0,820152,2080972,356,61
5150,FIRST NB OF GILBERT,82237,70562,113,0.54790867380645,7.87,0,0.03161593929739655,524,26,7.100259080021508,5810,14.698600023140113,657,0,3.1220465606696712,62952,0,1733,5415,5811,63609,0,0
5162,FIRST NB OF HENNING,380928,342758,876,0.922680724557158,13.08,0.2337317397078353,0.916971186155914,7159,1344,9.014738165775059,33837,13.242785595893134,3109,140,3.542588631342708,281187,1282,13256,63726,27247,284296,165,0
5170,BANK MIDWEST,1348818,1158578,2699,0.7922939942045706,9.23,0.23557312621286844,0.44149766684608305,4045,780,9.381595239280038,128201,11.96114871389882,11131,695,3.4972986970374933,1056671,389,25167,165408,118381,1067802,689,57
5175,GLOBAL INNOVATIONS BANK,95030,86381,-42,-0.18406622001391454,-2.06,-0.047736684448581625,0.010522992739135009,19,10,9.414837673219838,8146,16.816875525405173,456,41,3.2904275780440897,45704,0,579,7308,8140,46160,0,5
5180,FIRST NB OF LE CENTER,161743,142265,545,1.3680834907466097,15.34,-0.010521701008329679,0.4043451648603031,2100,418,9.781613622158105,15493,0,1095,0,3.3284445948671664,113707,0,3571,8916,14604,114802,0,3
5186,FIRST FARMERS&MERCHANTS NB,230648,197729,511,0.8937746236220611,9.19,0,0.1677881447053519,0,0,11.274707630888065,25982,14.77241654922912,2043,0,3.6842141153953687,169950,0,2264,18427,22222,171993,0,0
5193,PIONEER BANK,835317,741890,2866,1.3533079253626596,15.14,0.0034562878949564984,0.46533232293847726,3193,0,9.907527670603024,82916,14.889447236180905,5974,0,3.78537739599467,571864,0,3084,93431,77871,577838,14,9
5196,FIRST NB OF MCINTOSH,38954,30162,149,1.5593725880090528,6.97,0,1.0191507932433126,557,385,22.550739819300773,8611,60.10114816839803,267,15,3.420086306253183,15798,0,547,1901,8610,16065,0,0
5197,COMMUNITY FIRST BANK,120096,102892,499,1.6607522475486014,14.62,-0.005917597455433094,0.7427391420197176,887,234,12.53396397303009,14946,0,940,0,3.325176584925635,65088,0,3687,9356,14066,66028,0,1
5198,FIRST NB OF MILACA,281207,256353,1020,1.4664126801567048,17.55,0.033921302578018994,0.7898096420074892,5006,438,9.765225155899499,26903,17.814527946409882,2185,0,3.8916434107656572,175638,571,5242,35782,24173,177823,23,8
5214,FIRST NB OF MOOSE LAKE,136884,115469,542,1.5734487776378672,13.81,0,0.04967709885742673,219,0,14.328145080679707,20068,0,1052,0,3.9630747275943574,96208,0,1840,30056,15902,97260,0,0
5219,COMMUNITY RESOURCE BANK,380742,311352,696,0.7345830568312398,7.25,0.31659029756683527,1.1036344821427635,1372,25,9.827534705299731,37506,12.886882601141721,4264,60,3.721763780148809,319750,187,2817,137275,38951,324014,257,3
5221,FIRST NB OF OSAKIS,93776,76265,221,0.9451310781336869,10.61,0,0.5395836887903088,660,126,8.644091703104149,7967,12.529779523238856,711,0,3.382441885677116,74759,0,1523,12872,8475,75470,0,0
5223,CITIZENS NB OF PARK RAPIDS,350357,305423,1523,1.7295418928433532,14.74,-0.01963761585316674,0.23033648535636508,538,52,12.065216160197528,42610,0,4844,75,3.8499090845978525,274971,1421,6744,66004,41787,279815,1,15
5229,FORESIGHT BANK,401665,344013,973,0.9595838187343207,10.73,-0.0024498245313179443,0.9961037182726898,1988,74,10.015048685467622,40463,14.563327211488286,2376,48,2.969053504925497,320867,0,1933,48267,36138,323243,2,4
5232,FIRST NB OF PROCTOR,33334,30724,46,0.5620809213239449,7.33,0,0.02699946001079978,0,0,8.48414563432722,2780,23.312783906554184,95,0,3.455211662898573,14878,0,85,1682,2577,14973,0,0
5247,FIRST NB MINNESOTA,438638,379133,-256,-0.22879613906515325,-2.79,2.1470077277900916,1.1902753523406544,2040,0,8.787220406623424,38665,12.895523646359933,5170,1860,3.7281736668239738,322663,0,4304,99330,37076,327833,1822,30
5249,MINNESOTA NATIONAL BANK,304045,243583,862,1.1366858092293086,13,0.005338862021560104,0.15359568484928218,1403,0,8.53219637178111,25675,11.57887389292416,2525,0,3.6487225427123136,227892,0,3688,62449,26876,230417,4,1
5252,FIRST SECURITY BK SLEEPY EYE,185988,159244,-862,-1.848605235927707,-13.79,0,0.0016130072907929545,1422,0,15.19589711881904,27526,36.045681655960024,714,0,4.265635919691467,55006,0,822,10569,25856,55720,0,0
5269,FIRST NATIONAL BANK NORTH,776304,680883,4543,2.3243097706835365,20.48,0.0410175173086851,0.056678826851336586,5049,78,11.897898779762135,92376,19.656856496382932,9298,150,4.3236348383665035,564492,1386,40766,115555,91466,573790,66,8
5270,KEEN BANK NATIONAL ASSN,190912,173314,668,1.411147111558256,18.41,-0.03847277865944562,0.2776148172980221,1034,530,8.410805121908437,15344,13.324783231309109,1817,0,4.496374938923299,134803,0,1306,30269,14778,136620,5,18
5278,FIRST FINL BK IN WINNEBAGO,58052,49862,195,1.3394352048219669,13.33,0,0.4185902294494591,504,169,13.03128229523794,7944,19.214832989977086,357,0,3.7643133663949806,35580,0,442,3756,5979,35937,0,0
5280,WNB FINANCIAL N A,547810,477942,712,0.5120331383244578,5.29,-0.0011791774942183453,0.06608130556214746,817,0,10.501394707848318,56998,0,4179,15,3.027090336165417,332111,0,3545,132816,54551,336290,12,13
5283,AMERICAN BANK OF BEAVER DAM,199663,180325,434,0.8581484557282397,10.18,1.5822938407028104,0.6771409825556062,191,18,9.892910073146245,20693,0,1363,125,3.8944583065558973,80503,0,112,44085,17464,81866,327,1
5285,FIRST NATIONAL BANK&TRUST CO,1533551,1291469,2137,0.5497047780521943,7.41,0.016243671313371892,0.23135846150535588,2262,77,8.27465921731947,126008,12.728701663259814,13076,50,2.8350348617091736,971819,1664,3895,395604,118707,984895,45,5
5286,FORTIFI BANK,678620,529982,2741,1.6263587601462002,13.81,-0.00696731940127502,0.8865049659603312,12944,0,12.691637923106903,86948,16.602058145897786,6311,400,4.348441937554057,508930,0,3610,210648,81064,515241,19,28
5295,PREMIERBANK,581906,461707,14,0.0098173964264677,0.14,0.012617084392523232,0.19882936419284214,158,0,9.302375146304252,52376,13.850441042008734,4414,0,3.164855154499619,346736,0,2060,107007,40564,351150,12,1
5296,ASSOCIATED BANK NA,43249136,35229355,104214,0.9670177910270182,9.26,0.11443881254764275,0.3790503468092403,45288,5653,8.337820666516949,3458350,12.198768715084858,371348,13003,2.923991173168993,29978300,189084,63880,4489000,4546126,30349648,13714,5017
5297,FORTE BANK,400804,338620,598,0.5897290500727299,6.1,-0.005282637620964148,0.07859203001966049,676,0,9.507721891423628,39456,13.721749948165044,3390,24,3.084598493860674,308066,0,591,105394,39432,311456,0,4
5304,BANK FIRST N A,4503954,3748708,18487,1.6438642413733697,12.67,0.09062363571334929,0.16774150002420096,6050,418,9.33884535113031,402807,12.136553304060872,43749,400,3.6539839806430177,3506998,4169,22665,1232166,586745,3550747,836,35
5306,STEPHENSON NB&T,689819,582441,2075,1.2108224183041338,15.2,-0.0033098403622620278,0.7612141735730678,2156,25,9.478249392429108,66067,0,6887,259,3.324913152363975,481682,381,3845,202794,56156,488569,1,5
5317,PESHTIGO NATIONAL BANK,287942,249231,210,0.29518635395655135,5,0,0.0034729216300504965,198,0,8.834647223138978,25966,15.76334135495979,1953,30,2.9167614699773208,174114,0,1559,36368,17395,176067,0,0
5335,WOODTRUST BANK,665042,545610,6462,3.8511737676780315,43.14,0,0.023607531554398067,0,0,10.696384952834423,69101,0,6553,150,3.6633569986481707,367318,1483,14974,193229,63817,373871,0,0
5336,PILLAR BANK,258947,196064,521,0.8000875335689318,12.92,-0.0027294159391067305,0.8032531753602088,877,248,9.300951551713416,23928,15.02556240199136,1793,0,3.92638036809816,143397,0,4363,34832,16831,145190,0,1
5337,FIRST NB OF BANGOR,352728,215723,2856,3.2240266749826088,11.66,0,0.31327254995350523,2565,0,28.374359208558346,99409,0,2064,0,4.8390586240927504,301671,0,1838,92408,99409,303735,0,0
5357,FIRST NATIONAL CMTY BANK,333504,301322,388,0.475272508455839,7.86,0.13663400156931083,0.9010386682018806,807,0,8.83695184575721,29375,14.599501918036081,1871,0,2.9770231715748166,201000,0,701,81531,20230,202871,70,1
5364,FIRST NB OF RIVER FALLS,321129,278721,648,0.8087666308878959,14.51,-0.014419610670511897,0.030828732378576834,67,67,9.64339542836037,32375,17.263614920162397,2894,0,3.0827995335237546,165132,89,4099,55359,18745,168026,0,6
5369,WEST PLAINS BANK,125444,100385,380,1.2165011984937795,7.79,-0.00561080641315173,0,620,0,15.821806539122754,20063,0,1204,1,3.7355983883262547,71125,0,516,3634,18943,72329,0,1
5377,FARMERS&MERCHANTS BK ASHLAND,140182,119293,390,1.1339557975307386,14.24,0,0,32,0,8.341968176463075,11754,14.837203388851004,1082,0,3.60915281153004,106157,0,631,18223,11162,107239,0,0
5380,FIRST BANK OF BANCROFT,29119,25360,47,0.6580213856950351,5.24,-0.027030679821597514,0,37,0,13.975325565455792,4078,0,202,0,2.8543199033922493,14509,0,198,857,3663,14711,0,1
5384,FIRST COMMUNITY BANK,274970,238311,463,0.6861063464837049,7.94,0.006130095961543865,0,0,0,8.446664676519157,22353,11.701709937081047,3147,15,3.3997088016702697,196709,0,500,15240,23592,199856,6,3
5394,WAYPOINT BANK,373123,296528,1372,1.4821776776695672,14.7,-0.003207177663611162,0.5515607453842298,4901,0,11.511685931888646,42216,14.576800529985173,6315,0,3.6048757432357528,249308,0,1055,80790,38105,255623,0,2
5396,CITY BANK&TRUST CO,333457,299549,281,0.33971662072634073,3.46,0.7817029665150099,0.12355416140611833,10103,40,9.613381040549148,32295,0,2841,500,3.0404241053245022,290327,0,10615,88122,32312,293168,573,0
5401,F&M BANK,131680,113593,356,1.071047129082239,9.88,0,0,1012,0,11.291951112919511,14986,0,1025,0,3.2611751475962887,59064,0,434,7967,14697,60089,0,0
5405,FIRST B&T OF FULLERTON,106073,82909,205,0.7804172377036699,6.32,0,0,440,0,13.744817706603927,14488,0,959,0,3.0710650681911322,65476,0,564,1510,13134,66435,1,1
5408,GENOA COMMUNITY BANK,68057,55227,182,1.049437440987163,9.43,0,0,0,0,12.412567689530686,8802,17.51586377801975,518,6,3.983911128136372,45175,0,323,5273,7822,45693,0,0
5410,FIRST NB OF GORDON,387327,343951,2873,3.187922953905219,27.72,0.38811737085134584,0.40637497515019605,562,3,12.314398323034261,45117,32.921215863482,3368,0,4.5250125329400745,109291,0,4212,7629,42600,112659,193,81
5415,SECURITY FIRST BANK,2054494,1761583,3747,0.7244832111601737,9.03,0.05603260678219272,0.3871026150477928,13927,1988,7.844973539854687,162176,12.345669721230564,18386,1685,3.064908770261257,1325615,0,174731,329053,168742,1344001,240,53
5422,FIRST NB OF JOHNSON,92905,76183,40,0.17455243664292025,1.11,0,0,4,0,15.467857649846579,14165,0,239,0,1.9495541101333256,28698,0,1252,592,14415,28937,0,0
5424,SECURITY BANK,316597,281053,1010,1.2731767809111723,12,0,0.1904629544815649,337,128,12.53315479102825,38936,16.358639479488836,2328,75,3.8411000449432033,205630,0,2898,6971,34331,207958,1,1
5425,LEGENDS WEST BANK,88415,73941,-87,-0.4145571505152183,-2.45,-0.005686139324628801,4.689249561725951,2399,0,15.872848858959971,13577,0,1102,150,3.90867627376327,74650,0,1760,14680,14157,75752,0,1
5432,FIRST NORTHEAST BANK OF NE,479224,370442,1494,1.2652586359300846,10.09,-0.05350043964481652,0.09411047860708145,756,0,12.560134869439354,60049,0,3422,0,2.9806233246019493,191665,0,2387,19704,58687,195087,7,34
5434,MNB BANK,587826,485612,948,0.6550857683826102,6.66,0.14312230248004115,0.11312871495986908,15588,399,10.450908767233027,61054,0,5097,200,3.0261065903303743,364464,0,2401,44238,57738,369561,150,22
5438,FIRST BANK&TRUST CO,96474,73396,268,1.1132862194482378,13.44,-0.0241964753800863,0.25291788461139786,251,244,9.613347457627118,9438,19.657936306726214,735,0,3.114554928588785,47955,0,912,3884,8239,48690,1,4
5439,MINDEN EXCHANGE B&T CO,193430,149409,802,1.6954123979674076,8.94,-0.004256066224390452,0.08323424494649227,4439,161,19.880365583344297,39284,0,2093,0,3.707917996255359,89845,0,2098,16447,36387,91938,0,1
5442,PLATTE VALLEY BANK,741741,643821,2340,1.2694666815856128,14.21,0.6989341254586755,0.44098950981542073,5601,1731,9.159198912864348,67805,0,10622,1152,4.850441631913378,636986,1754,7977,186115,66642,647608,1271,156
5452,FIRST NATIONAL BANK OF OMAHA,31791811,26148420,94985,1.1914541435346946,11.9,2.6409335072886684,0.6084082470168183,177640,7318,10.511276656979389,3296882,13.353889777929567,917821,157657,6.585838639636626,21693752,7633644,1905616,2903506,3271622,22611573,176147,25856
5460,FIRST NATIONAL BANK IN ORD,159542,142298,939,2.3887279514877084,22.53,-0.009546140674315511,0,6,0,10.967452875476045,17135,22.63821290403095,1305,9,4.0506728654236275,78834,0,1461,5459,17010,80139,0,2
5469,CITIZENS BANK&TRUST CO,236941,186758,389,0.6408896668897699,7.71,0.005373220540478821,0.7048168109360559,7412,1668,10.931990127924966,27064,0,1386,0,2.924991754474283,142448,0,948,3510,20779,143834,4,2
5472,CATTLE BANK&TRUST,403674,339946,1552,1.5360614424576984,14.79,0,0.3928912934694828,701,694,11.913675776400535,49038,0,3808,100,3.417845857676544,298835,0,451,45399,42711,302643,0,0
5473,JONES BANK,442654,377502,1487,1.3440182938334009,22.96,0,0.15090793260650529,3430,105,10.305515068469239,47231,0,4052,0,2.7377470760268316,251567,0,3276,31836,26220,255619,1,1
5478,STANTON STATE BANK,60413,54905,53,0.36024401434179,4.08,0.012129666130939746,0.5909324152086471,114,0,9.262625061575308,5453,16.6823321655416,404,0,3.1343830098864887,33282,0,1025,101,5264,33686,1,0
5486,FIRSTBANK OF NEBRASKA,455417,361619,1728,1.5108180209639115,20.89,-0.0018306301028814117,0.14382423141867784,1539,531,11.005561527732123,49551,0,3587,0,2.6808809591209206,215178,0,1306,23084,33095,218765,0,1
5490,STATE NEBRASKA BANK&TRUST,248931,202990,352,0.5661758201105008,7.21,0.2775930370413209,0.980593015735284,231,535,10.049535072709972,24609,14.364732949170037,2112,150,2.563250747469096,154739,0,3136,12727,20055,156851,111,3
5495,CITIZENS STATE BANK,617350,561757,1614,1.0723896216072555,12.8,0,0.395075726897222,649,0,9.841057740754957,62306,13.319169292566201,7382,0,3.2150161752620003,444581,0,1419,36070,50310,451963,1,1
5496,CORNERSTONE BANK,2812636,2401792,6852,0.9718220191368236,12.85,0.013707879529967925,0.27212906327018493,27930,541,8.606888209670284,241073,11.451733616607402,24555,1184,3.038656217112776,2138688,0,10255,500080,218413,2163243,96,22
5510,FROST BANK,52059472,42861521,154470,1.1809610117059883,15.76,0.18611088692515326,0.19308109771071055,118242,15635,8.614069022558592,4450865,14.967362243795328,275488,13070,3.4757488386723296,20626573,0,86750,6658705,4020248,20902061,14190,4499
5518,CITY NB OF SAN SABA,85048,75956,128,0.6131112401731561,5.83,0.08488964346349745,0,0,0,11.770157553290083,10160,0,299,3,2.0936901288521015,8806,0,2084,1696,9046,9105,3,1
5520,SANTA ANNA NATIONAL BANK,76938,71376,329,1.7258111049912137,27.65,0.02928507803253084,0.26644830902804856,0,0,8.619096576046642,6623,0,556,9,4.448869293130422,40596,0,2347,2456,5009,41152,5,2
5529,FIRST NB OF SHINER,771899,814441,-128,-0.06462435202096253,,0.3060551713284911,0.3459001760593031,1163,0,12.064800251651462,115062,0,2895,0,1.2530683190255683,175093,0,5101,32719,-51202,177988,144,3
5531,FIRST NB OF SONORA,683215,625338,1051,0.6467388837908374,8.56,0.25310485405609867,0.9382112512166741,6394,651,8.23322649706409,52609,13.058299297833663,4855,0,4.162320990763064,424046,0,8570,134844,48352,428901,296,25
5536,FIRST NB OF STANTON,424303,367704,2607,2.441568475951323,19.51,-0.019508578897570204,0.0009427225355465316,1552,0,14.597792961933163,62319,35.86556246146668,2294,19,3.8227267901859032,100862,0,1212,41687,55773,103156,3,8
5538,FIRST NB OF STERLING CITY,226876,212126,810,1.430769944116069,25.23,0.009637857504276799,0,42,0,10.575302278842102,26099,36.00352112676056,486,58,2.8670913874059885,43707,0,2050,4055,14624,44193,1,0
5544,CITY NB OF SULPHUR SPRINGS,1305464,1169172,5623,1.7210389590514852,20,0.07092469736487045,0.627592947794807,9991,428,9.64536655540522,126251,15.278509049627994,13947,468,4.294320362775416,893688,0,25920,167333,116645,907635,203,43
5548,CITY NATIONAL BANK OF TAYLOR,241579,213689,983,1.6348150750572208,14.94,0.04960402894946245,0.2847929662760422,356,0,12.940666776695824,31363,28.619422847020427,1593,0,4.402221876135597,143726,637,150,18095,27041,145319,19,1
5551,EXTRACO BANKS NATIONAL ASSN,2475618,1989557,4170,0.6894138804061177,8.46,0.0427770496577836,0.04790722962912695,2821,0,8.241799188734712,197962,15.970706366766274,30806,650,2.7792072764318663,1296057,0,10049,349578,197195,1326863,183,42
5557,FIRST NB OF TOM BEAN,142266,124590,467,1.309361090666947,11.44,0.1136202243999432,0.4709487860767857,2457,329,11.461575418294236,16461,17.77242624924744,1660,22,5.531737930513024,110902,0,7340,5845,16516,112562,96,65
5558,CAPTEX BANK,330493,283163,867,1.0397163864758923,7.87,0.021611254060552032,0.13979116047843676,1039,0,12.551530953807125,42747,14.738046346017269,3050,0,4.258503379927124,286240,0,548,138912,44504,289290,19,3
5559,FIRST NB OF TRINITY,90313,84736,204,0.9286128845037724,18.1,0.05512489233419466,0.4395823414126427,308,0,9.57303612771227,8890,0,600,75,3.859574597202415,43758,0,6542,12707,4799,44358,6,0
5564,FIRST NB OF BOSQUE COUNTY,179532,158756,965,2.2161619061288933,19.35,0.009276652983603514,1.1140075306909076,7758,923,12.281239500380197,20835,17.87281226567112,1742,0,4.537229655707234,128875,0,1371,12477,20362,130617,3,0
5568,HERRING BANK,497917,438953,540,0.4368622771446196,3.95,0.09251496140391453,0.139983169885744,4582,272,12.644435657484292,63316,18.353675374164688,3123,0,5.34090432425153,337916,457,40848,167534,55478,341039,178,98
5569,WAGGONER NB OF VERNON,336774,294117,1480,1.7932058097444983,14.78,-0.0046518118807275435,0.7337264753217291,1732,0,14.513381923684566,49423,0,5345,-8,3.515462011778065,159582,0,7814,49936,40490,164927,15,17
5574,CITIZENS NB OF TEXAS,1919111,1667805,9171,1.9067915544790162,16.36,0.00024364490339022748,0.6324803515794553,5687,53,11.635391670527241,223531,14.689222813537317,17975,1205,4.886921727736981,1641566,0,4344,758289,226795,1659541,21,20
5575,FIRST NB&T CO OF WEATHERFORD,1000839,906720,1764,0.6968558527595728,7.68,0.15548817412354782,3.5212456748787764,24660,0,9.840534959266762,100451,0,9540,0,4.319058966841408,666335,0,4907,292385,92131,675875,320,52
5589,FANNIN BANK,145474,137163,321,0.8976196301863051,20.56,-0.0049408945489580886,0.14160606018944968,229,0,8.51507603831278,12615,16.517246802898867,1365,12,3.3523364030599816,79339,0,1364,6521,6779,80704,0,1
5590,FIRST NB OF WINNSBORO,161640,122960,833,2.0770218548578123,10.89,0.036389182304749294,0.27344716654293494,1092,7,20.838042901302025,33369,0,1320,0,5.173904974666214,96727,0,1854,42493,30966,98047,10,1
5595,YOAKUM NATIONAL BANK,332340,286344,931,1.123466697237189,14.83,-0.029808758185764454,0.06439188782572065,2924,139,10.52036061094032,34495,0,2591,50,3.938710052790384,214333,0,1732,89101,25723,216924,0,16
5598,TROY BANK&TRUST CO,1528851,1341204,4591,1.2056189563951178,10.87,0.1440590441441654,0.7601787224523515,4401,137,12.376716919012825,190219,0,13084,300,3.7527242847917024,981873,0,13195,320412,172708,994957,380,21
5602,UNION STATE BANK,218298,209693,53,0.09544476359412564,2.97,0.036219464081286824,0.21988291234917406,328,0,8.470182708433018,18233,14.690500588257619,1121,0,2.723542816655821,77049,0,2135,32819,7626,78170,10,3
5605,BANK OF BREWTON,46635,38164,49,0.43140448572623424,2.4,0,0.3452342661091455,39,161,20.912018281915444,10066,0,266,0,4.128271286398821,17184,244,3112,3662,8333,17450,0,0
5615,CHAMBERS BANK,1413654,1184260,7716,2.1877740122445597,17.09,-0.10505837881309914,0.0917480515034089,1202,0,12.772458366845383,176908,16.246537218214126,12815,143,4.335954015199039,1029295,0,7679,480454,182298,1042110,64,338
5619,COMMUNITY STATE BANK,68510,59678,30,0.18532246108228317,1.39,0.014714673288269647,0.5152532477010655,681,51,12.892806990170072,8263,15.19117135905457,479,39,4.354266881938781,57430,0,1033,9948,8628,57909,2,0
5623,SMACKOVER STATE BANK,248196,205042,464,0.7644812772109614,8.22,0.00510290323300813,0.180905413463553,798,0,10.515958452889262,26131,0,1226,25,2.491182737108278,161628,0,4409,31784,22394,162854,3,1
5624,BODCAW BANK,237790,214413,604,1.022632516835765,10.82,0.5945600668394324,1.4449724546869085,1675,292,10.237839432050391,24299,0,2605,225,4.346316492321389,203948,0,2071,46894,22673,206553,340,34
5632,LOGAN COUNTY BANK,112868,94666,268,0.9542035693622324,6.02,0,0.5333664103200199,769,158,17.089135878399155,19450,30.50750320488651,778,30,2.8003655928162896,67028,0,4675,4502,18063,67806,2,2
5633,FIRST SECURITY BANK,8075696,6533737,35793,1.7860182435279264,14.64,0.12387581637669355,0.06398210135696043,4757,0,14.847219456479847,1235445,21.30984878956009,107077,1555,3.283190462373691,4102476,11968,15993,1613226,999091,4209553,1424,108
5634,CONNECT BANK,119574,104828,551,1.8516729327256307,16.08,0.1854095896488475,0.08279391841035677,209,0,15.620937104263403,18503,0,1830,31,4.827589328963273,74402,0,1617,13560,14143,76232,53,18
5635,CS BANK,601037,472627,2960,1.9556025369978858,18.21,0.031693738401551326,0.611942359621787,8428,926,10.965769784004786,65791,0,8136,450,4.603884776340646,473724,0,13262,87078,65791,481860,39,1
5649,DISCOVER BANK,145412640,114276909,1052971,2.8961003797334293,29.83,4.8935259966545726,1.509449935026281,1856369,1855780,9.713221199306766,14181325,14.109006934232472,8108000,1244039,10.625083718747371,109295617,98890692,10096482,0,14219378,117403617,1843676,384637
5673,CITIZENS BANK&TRUST,1396591,1334858,3399,0.9907061185721328,45.28,0.02932045423955443,0.8649633285621918,668,0,7.6533577341589165,110489,13.172062315015417,8387,433,3.034490240899769,790071,0,37253,308614,35848,798458,88,30
5676,BRANNEN BANK,960535,930424,4733,1.9749336151289179,74.86,0.038458322882702116,0.17344500720952385,6812,8,5.890847227637049,58173,15.94056719214799,3734,90,3.597729791791566,484048,19,6237,73283,28711,487782,46,0
5685,SOUTHEASTERN BANK,605282,532270,2509,1.6626354328882411,14.9,-0.09804922888366867,0.16058630522632428,1246,0,12.675092386561419,77413,0,8301,40,4.626188109283983,388915,0,6549,114361,68768,397216,29,125
5686,BANK OF EDISON,80533,76406,368,1.8454671965698382,40.66,0.23398107093136164,0.09933815951224964,1385,0,8.955562559092343,7104,15.969833837483943,623,65,4.114236862493655,41961,0,1230,8230,3870,42584,32,7
5694,PRIMESOUTH BANK,1368357,1194805,6397,1.887752918905121,18.52,0.005088545230352082,0.4387013038264137,3960,0,11.310218319600649,150444,15.833867127425453,16165,235,4.614222778703456,1092453,11,9228,344120,142084,1108618,28,14
5699,BANK OF WRIGHTSVILLE,97947,90719,408,1.7217187648355823,25.86,0,0,255,0,9.934898361728003,9721,0,523,0,3.845897930667377,43143,0,832,14633,6572,43666,0,0
5704,BANK OF NEWINGTON,287171,249769,1080,1.5373829613839294,17.38,-0.0017934887391325791,0.38757395419453916,5213,0,9.065936994722907,25512,12.910164545342449,3857,150,5.034624388731094,223056,0,0,39686,25172,226913,0,1
5709,FARMERS BANK,172357,159460,389,0.8829020012823642,12.85,0.004371489147778191,0.032490702437382876,401,1,9.526376107751137,16791,18.139952938324967,1092,45,2.8598676550606434,92436,126,2083,30489,12413,93528,1,0
5716,FARMERS&MERCHANTS BANK,745192,682049,2711,1.4644367003178302,18.83,0.2578763916201288,2.3489248408463856,17527,264,9.260313722247929,69443,0,6600,400,4.724828275602755,544004,2364,12101,150334,59664,550604,384,36
5722,PHILO EXCHANGE BANK,137079,112833,310,0.8970978162179368,9.46,-0.03748784573751479,0.2786714230480234,116,351,10.255373770468552,14461,17.534183614845457,799,0,3.51924881166958,83451,0,2405,7096,13493,84250,0,8
5730,STATE BANK OF ST JACOB,89339,76828,317,1.4248391718403237,10.44,0.9597010488768101,0.5540693314230067,1262,163,14.514444444444443,13063,0,1344,200,3.6702795738940317,45212,0,8246,7646,12381,46556,156,43
5740,STATE BANK OF DAVIS,171362,150731,340,0.7796064134092303,8.9,-0.019840580932209695,0.4528425205121322,77,0,11.507269995953415,20759,0,1533,5,2.7148547271705397,97178,0,648,28256,15646,98711,0,5
5744,STATE BANK OF THE LAKES NA,2151549,1778303,7346,1.3635254166817479,11.7,0.04747958063300712,0.18182249160953343,7701,689,10.148154651981226,211512,12.020416377801718,8001,312,3.3430677319556965,1657356,0,440849,247389,255742,1665357,546,348
5749,FORESIGHT BANK,334813,295309,754,0.8953593312117039,10.37,-0.008761247251158674,2.039944685540884,1591,184,9.877381782098684,33446,0,2964,10,3.358633173489155,222010,0,9164,31068,29477,224974,0,5
5753,FIDELITY BANK,182746,154592,-85,-0.1906363891225119,-2.84,0,0.3721011677410176,842,0,8.721435597136125,15251,13.751586947931294,980,0,3.851336452948526,117211,0,245,12378,12111,118191,0,0
5768,FOUNTAIN TRUST CO,678277,615058,2336,1.3858124777997853,16.13,-0.05665321152892855,0.4094197503379887,2424,0,10.05715763078609,68464,18.957687911496826,5749,-50,3.747078528828611,343976,0,1455,93116,59839,349725,200,250
5779,PEOPLES BANK,305011,286521,716,0.9618000167912014,17.87,0.013016702055825382,0.370806298789224,1443,0,9.024498577715336,28648,19.877166571188766,1192,0,3.2458773412383173,122668,460,7719,10787,17432,123860,5,1
5786,SPENCER COUNTY BANK,128944,111079,239,0.7488025816457208,5.63,0.1047747343212094,1.806985978409232,2109,759,14.086342655443932,18158,0,579,23,3.759993869575213,79219,259,2063,6051,17240,79798,126,105
5791,FIRST STATE BANK,132695,104496,146,0.43621967843737747,5.14,0.4602301150575288,0.15976487433588304,265,6,11.465574990695943,15404,0,397,25,1.9105891641172406,58817,170,1026,3954,11683,59214,71,2
5792,BREDA SAVINGS BANK,96849,81046,313,1.2973152206575689,18.88,0,0,0,0,10.938745849271793,10838,0,444,3,2.84949840186569,58364,0,120,8057,6717,58808,0,0
5796,EARLHAM SAVINGS BANK,372773,338564,1206,1.3124994898556088,14.94,-0.11315769915874922,0.2502863673066451,1818,550,8.95903180963284,32868,17.409058076055604,3451,0,3.531741209604209,207448,0,2362,53442,32819,210899,6,65
5797,FARMERS STATE BANK,224156,177096,596,1.076222657105259,12.16,-0.06641717650364656,0.5616624136761897,1814,355,12.791853524688163,27925,0,1400,50,3.51527395252733,157425,0,1293,18530,20027,158825,7,33
5800,AMERICAN BANK NATIONAL ASSN,551879,437844,1639,1.2027680543630614,12.31,-0.005937266418927157,0.1426037229175236,1624,53,9.820773251288134,52987,12.22153270745892,5278,0,3.0628255329484886,471732,0,1660,52249,53631,477010,4,11
5814,AUDUBON STATE BANK,162674,138200,686,1.7084012999788318,15.75,0.1168185307566503,0,84,0,9.642678928984253,15266,14.965608850716938,1183,0,3.6228240633790376,114775,0,660,17054,17610,115958,35,0
5817,HARDIN COUNTY SAVINGS BANK,356405,310856,989,1.1191169273507537,21.29,-0.017353286399120767,0.8066665731401074,2305,0,10.080388857730417,35048,14.156404466481987,1388,115,2.768780013849935,209044,0,11405,30490,17909,210432,0,9
5820,STATE CENTRAL BANK,60346,51829,169,1.1986665720973118,8.2,0.4635820629401801,0.40267789082954963,447,185,13.949151051288819,7928,0,805,0,5.107379929714955,22324,0,1846,1298,8442,23129,37,11
5821,FIRST STATE BANK,367471,288412,1467,1.616097075987959,16.63,0.0015863919300242518,0.1537536295381132,3266,283,9.095754477416186,32595,11.829124807674903,2694,0,3.561416399267328,249190,0,2292,23631,36019,251884,5,4
5826,LANDMARK NATIONAL BANK,1573821,1344738,4706,1.19774919358405,11.7,0.008626505594804594,0.8544173702091915,9977,0,9.237801691939099,143202,13.56232910546932,12802,0,3.8076307247656254,1064693,0,302,324717,163742,1077495,108,85
5830,CITIZENS STATE BANK&TRUST CO,98310,75844,511,2.1051547453524897,11.99,0,0.010171905197843556,0,0,17.902074124447466,17901,31.60085287846482,619,0,4.639838990661891,60478,0,630,2479,17148,61097,1,1
5835,FIRST STATE BANK,487796,409966,1677,1.3577724273825535,15.87,0.01923670956082962,0.117057130439774,3221,39,11.611171851704603,58410,0,4931,0,3.5639218662084935,263208,0,11671,19273,43644,268139,16,3
5838,FARMERS STATE BANK,60097,54438,194,1.2869948835319385,18.09,0.014081779936984035,0.9501306221608399,163,5,11.776157991464972,7561,18.241753296431305,546,7,4.458467042400381,28291,0,1839,4844,4426,28837,11,10
5847,PEOPLES BANK MT WASHINGTON,116740,107865,475,1.6531370450610354,23.3,0,0.903717663183142,143,0,10.68924292654802,12607,15.243950323659087,953,0,4.769373286006475,73826,0,156,25378,8407,74779,0,0
5854,SOUTH CENTRAL BANK INC,1973053,1748258,5758,1.163211761408258,13.31,0.06320776123398789,0.283773421190409,3101,0,9.923033174968323,194369,12.95118629206454,15311,229,3.390039993751225,1515773,0,9366,565626,176023,1531084,475,233
5867,BANK OF OCEAN CITY,657883,587953,1553,0.9441848729788637,9.35,0.002605942417359051,0.00015200271172837723,441,0,10.563287835168627,69202,14.84815484507274,2956,143,2.8905656731864875,469912,0,686,257410,67333,472868,5,2
5873,WOODSBORO BANK,443417,413587,1081,0.9806144942260765,17.23,0,0,166,0,8.212012324860728,37206,12.97264257650658,3593,50,3.979673863804314,313829,0,162,136488,26112,317422,0,0
5874,CALVIN B TAYLOR BK BERLIN MD,947119,824573,3727,1.5838874407224177,12.99,0.019469503142990154,0.1637597809778919,1359,531,13.417650612688156,125036,0,4290,399,3.648356086015233,639393,0,1483,290434,117283,643683,43,12
5885,FARMERS BANK OF WILLARDS,561558,469245,1570,1.1192500311892921,10.95,0.07712433353060738,0.40423251026608115,2046,0,10.517275538290631,59455,18.572736123499542,4230,150,4.002166393351361,369994,0,8676,77478,58425,374224,80,8
5892,KALAMAZOO COUNTY STATE BANK,122465,110954,124,0.4093861683600618,4.62,0,0.08573878250928837,498,103,11.303991811668372,13805,20.29255882976468,532,30,3.840979238663044,55349,0,881,6994,11105,55881,9,9
5902,BANKOKOLONA,345371,312120,657,0.7755792866028123,10.1,0.08393057367858524,0.5869050962588057,2667,641,8.96844695748982,30612,0,2752,0,3.1150000875178816,227106,0,7867,42918,26535,229858,56,8
5903,BANKPLUS,8025891,6908488,25380,1.2731396932839434,12.03,0.06726525121203983,0.3757713629552158,16452,4015,10.36728509995766,812932,0,71595,484,3.4596058067035376,6034056,1221,46496,2308567,857359,6105651,1645,615
5907,FIRST BANK,553198,476556,1974,1.4435074158913785,10.95,-0.060781860956066115,0.8286364014331216,2018,380,13.311454914830442,72403,0,5882,150,3.756373358266739,360132,0,5394,123187,72153,366014,67,123
5956,PEOPLES BANK,1692256,1518979,4662,1.1154390934844192,12.6,0.010818379903986878,0.30184558364691866,4389,0,10.898047773310267,185530,15.337468242201469,10047,268,3.6198124537812926,1142577,0,1976,479194,151891,1152624,112,81
5962,SUTTON BANK,1595404,1376879,19878,5.0073461481056505,38.96,-0.004020403548006131,0.023442338116238897,149,0,10.42985446622402,210240,33.171811841774364,5840,0,5.956169399348464,387512,1325,792,181411,207020,393352,0,4
5969,FARMERS&MERCHANTS STATE BANK,3379947,2702939,7377,0.8759216390314103,8.14,0.04427958283971956,0.1329606647678203,4787,0,9.09711888649462,296322,12.395689790105914,26352,551,3.1110656427697414,2557883,0,11783,1085498,367102,2584235,335,50
5981,COMMUNITY BANK,692959,624243,1171,0.6883502885883602,7.69,0.007012399895252278,0.2988632805115454,1916,0,9.720360127121234,65179,16.42205826623562,4597,60,3.41436118250709,454635,0,4371,113955,62055,459232,31,23
5994,PRISM BANK,468573,405458,813,0.7006197209801351,6.6,0,0.3914011263986615,1790,0,11.004719239450106,48270,13.912414004736789,5152,415,3.469532607905929,399630,0,588,143931,50394,404782,0,0
5999,FIRST STATE BANK IN TEMPLE,24271,18663,43,0.716950459556908,4.13,0,0.02472086028593795,0,0,23.079868290068152,6028,0,255,0,3.5761382177421157,10129,0,122,40,4252,10384,0,0
6051,APOLLO TRUST CO,205145,145278,468,0.9188609462009861,9.24,0.013612194257355548,0.02388554437105462,376,49,10.715324150506369,21743,18.075740310017014,1452,37,4.0111800977191745,176387,0,432,17311,20463,177839,7,1
6063,CORTRUST BANK NATIONAL ASSN,1486882,1286318,1582,0.4201047473562545,4.96,0.6972901129152485,0.052862298420453,2573,472,10.023081180305576,149774,14.359193456130315,13903,1161,3.6084754821585485,990809,21421,10130,370295,129491,1004712,1914,146
6064,BRYANT STATE BANK,51309,44772,210,1.5959720704887665,14.9,4.358894753182241,0.26700968640979167,253,0,10.63612675158075,5837,18.982855758163204,1815,307,7.249526467949358,28552,3648,5,7653,5655,30367,372,21
6078,ONE AMERICAN BANK,385899,259380,-1103,-1.1159209699305837,-13.79,0.9179177409617456,0.3964767983332426,6807,1277,8.210686442289408,32385,17.068983177333052,6337,278,1.2221210403183576,290125,7468,26754,12801,31496,296462,767,79
6084,FARMERS STATE BANK OF TURTON,39953,35419,79,0.8113173637320599,8.47,0,0,4,0,10.65596739268883,4183,24.53649574077167,233,0,3.3067905330679057,15913,0,428,13,3818,16146,0,0
6085,FIRST PREMIER BANK,3114830,2607851,13515,1.6728555514296324,12.54,0.2643416887129567,0.04796409434864824,4589,1078,13.915427031624372,470551,20.55672989499874,30635,1310,3.6066357009886487,2071661,0,1066813,241097,436709,2102296,1752,361
6088,UNION BANK,238571,217509,50,0.08541022531217438,1.07,-0.032932265387012924,0.24395253404646836,944,11,10.81126650958691,25007,22.30881256609858,683,0,2.646597265748338,86246,0,4057,8764,19293,86929,11,18
6091,MACON BANK&TRUST CO,732880,675536,1698,0.9413597464759647,14.71,0.0019032393133112558,0.0083233271476913,10550,42,9.883270253661944,73822,0,3813,150,3.125690327273701,422075,0,8072,85998,48464,425888,76,74
6100,LINEAGE BANK,199168,182892,-3646,-6.913388290282669,-128.09,5.644973576902851,0.6667737789203085,14,0,7.227095493196871,15069,13.144687580686806,1121,1748,1.587143935481308,113868,0,315,25644,9981,114989,1637,0
6101,DECATUR COUNTY BANK,287763,261532,440,0.6113276229775824,8.62,-0.01383341114627103,0.12545045749453543,224,0,8.358441323755809,24052,10.917450990156533,2140,0,3.921597842525199,230706,0,3572,61979,20739,232846,1,9
6110,PEOPLES BANK,110961,99466,159,0.5733913937197415,6.48,0.11015815563773704,0.7903677868800749,908,6,10.34904694142066,11418,0,647,50,3.9817061876967936,76017,0,1414,19125,10006,76664,25,4
6123,BANK OF CLARKE,1904254,1619576,-6635,-1.4078253660001157,-15.32,0.24368014451244482,0.8857536862204307,11747,749,10.69433756689269,206516,14.860513979412158,15282,1233,3.08117512283063,1440155,1394,105115,607259,199729,1455437,1076,185
6137,BANK OF BOTETOURT,865386,773216,2044,0.9481492476906547,9.77,0.01454802557833857,0.12479980032031948,4807,1029,10.217161065941486,88367,0,8321,354,3.635846691336432,686857,2494,10083,185254,84803,695178,47,22
6156,FARMERS STATE BANK,50182,44782,140,1.0915753771782777,10.78,0,0.04384042086804033,84,22,10.34198275354063,5265,0,210,0,2.9110447282423464,3479,0,247,1037,5265,3689,0,0
6158,PEOPLES BANK,2434624,2121828,4978,0.8119577000702797,6.67,-0.013735834280234597,0.13887154648931416,2277,0,12.279286358884917,299077,0,29088,0,3.848415864249361,1920461,0,178257,716718,296069,1949549,1,68
6161,KITSAP BANK,1656332,1424475,2353,0.5666590506052661,6.26,-0.005730138046739193,6.037436938971172e-05,87,1,11.361348923690088,191562,16.65615282426545,9841,250,3.440496620432792,908401,371,1933,503526,151799,918242,8,21
6176,PENDLETON COMMUNITY BANK INC,782496,682270,1550,0.7945208814824735,9.95,0.29635851076654823,0.6083098188361346,3804,500,8.273982679640218,64337,11.620353964550056,5173,600,3.9366156377398633,619603,0,25173,129990,63621,624776,504,40
6180,BANK OF MONROE,241897,215061,735,1.2243648607284972,11.69,-0.008419014343895689,0.21703452295811854,121,0,12.769396329571647,30970,22.007883019223268,1700,100,3.377534103986594,142913,0,2419,37524,25744,144613,0,3
6186,CITIZENS STATE BANK OF LOYAL,304018,243701,621,0.8182586309979691,9.26,0.002323285125166986,0.006907485740975863,909,21,10.96541884638902,33894,16.5806910043926,1805,30,2.7489100135801587,171450,0,154,28752,27203,173255,1,0
6194,CITIZENS STATE BANK,461320,392600,1041,0.9109604025377379,10.35,0.02924743986974444,0.5731379519639296,502,0,9.450498595118727,42884,0,4923,286,3.4695623322717597,384311,0,2210,98337,40740,389234,32,4
6195,STERLING BANK,354818,313640,1010,1.1554295895793978,13.57,0,0,0,0,8.938693667429854,31428,14.348288779158864,2279,30,3.0095957482361952,237332,0,776,74783,30400,239611,0,0
6198,HIGHLAND STATE BANK,42428,36714,137,1.2783279097705773,10.95,0,0,0,0,11.928119988680313,5058,0,377,0,3.346011448211375,17928,16,995,1079,5058,18305,0,0
6271,COMMUNITY NATIONAL BANK,1187395,980794,3810,1.2514329071016355,13.53,0.023956783673451925,0.7917331637744811,2556,494,9.80594787001952,116998,14.937906910086399,10174,325,3.373241305732026,931271,0,6067,280274,115170,941445,67,11
6275,NATIONAL BANK OF MIDDLEBURY,547001,502984,1017,0.7431494336865181,11.66,0.009175745636861264,0.18244939223145845,744,338,8.877363433717285,49980,15.732893238129064,1340,-2,3.202216308362158,347315,0,806,66557,36237,348655,8,0
6280,FIRST NB OF ORWELL,88000,77788,283,1.288787435461009,11.47,-0.0056110031772305495,1.6136363636363635,493,0,11.32846550065093,10007,0,926,13,4.429721459018463,70787,0,1151,1351,10007,71713,6,7
6354,FIRST HOPE BK A NATL BK ASSN,647885,584160,886,0.5501303144466643,6.61,0,0,0,0,9.496499375381754,61879,14.906702091038282,5475,73,3.7633445464015343,408419,0,675,203856,54471,413894,8,8
6384,PNC BANK NATIONAL ASSN,549324449,429504882,1607955,1.163642312536023,11.82,0.25749304581340465,0.5705216663312941,1079533,392258,9.146277742687909,49686535,13.48186180067827,4543701,218480,2.968008154324919,315562969,5593539,3402166,23826132,55389869,320106670,311619,106447
6423,AMBOY BANK,2787584,2408609,12191,1.7645531579599663,15.23,-0.03278195614317154,0.29692378776747175,2773,0,11.689903981162887,330942,15.712622105891016,30555,0,3.618530983330137,1872621,0,353,578719,326316,1903176,0,157
6442,FIRST NB OF ABSECON,195775,178403,284,0.5821565929490382,7.01,0,0.05567615885582939,225,0,10.029066055036498,19633,0,1082,56,3.729845797703462,119761,0,44,32982,16414,120843,0,0
6464,FIRST NATIONAL BANK OF ELMER,384885,346078,1135,1.1859917137319032,12.61,0.05671524222134698,1.2998687919768241,339,4983,9.90085548746052,37868,14.20970148232299,4030,40,4.171994069170029,316355,0,427,164974,36642,320385,46,1
6528,FIRST NB OF BELLEVUE,319275,289079,307,0.4007447063680227,4.8,0.006722368962822498,0.08206091927022159,577,5,12.053501021767508,35921,0,2237,0,3.365853920650245,176138,737,602,83409,26288,178375,3,0
6530,FIRST NB OF BLANCHESTER,79929,71363,157,0.8062393683602401,7.79,0.09488279817997541,0.16389545721828122,429,1,10.56290531776913,8144,23.525646377779633,309,0,3.560480856929291,46172,153,311,3683,8144,46481,11,0
6531,CITIZENS NB OF BLUFFTON,1051735,829534,6272,2.370906870933096,25.11,0.003270265866775208,0.08538272473579371,2044,0,11.371083446044402,121737,0,12811,189,4.239821817153744,834561,1772,280,384074,102022,847372,10,3
6540,FARMERS NB OF CANFIELD,5142261,4521961,13759,1.0740848440375568,12.31,0.041178268352708415,0.404024610963932,11192,0,8.846810588192234,456814,13.358358095635973,35549,-204,3.0904042407414085,3218815,0,83116,1077859,461853,3254364,698,362
6544,PEOPLES BANK,9234619,7774853,28081,1.2157936930458633,9.91,0.5079083538446961,0.49597065130678375,63094,4195,9.534087630217096,851503,13.144157042118431,65232,10189,4.193768516491906,6365701,3699,110498,1834616,1145822,6430933,8760,639
6548,U S BANK NATIONAL ASSN,659190767,523102129,1754735,1.061788812446492,10.96,0.5713431506013934,0.7576438035880438,1760199,3285724,9.330091882766933,60320873,15.80956560883411,7583806,536808,2.8523085567023982,375981345,29222777,13953935,24110383,64497788,383565151,690195,143156
6560,HUNTINGTON NATIONAL BANK,208158806,169558883,600464,1.1671213412163322,11.91,0.2620248750315936,0.4925878562158932,735381,221811,8.985135743008653,18118028,14.346401312531754,2263045,114832,3.2290892810123735,130701679,819763,6474033,13944197,20616122,132964724,133366,47040
6574,FIRST NB OF DENNISON,268096,249676,518,0.7686657416956647,12.2,-0.1340830176268571,0.1656123179756505,1563,56,10.194617247903661,28072,0,2059,54,4.631940173384364,154075,422,1829,24031,17287,156134,72,125
6584,COMMUNITY FIRST BANK NA,58149,53426,22,0.15518776838225568,1.95,0,0,64,0,9.118165784832453,5170,20.245771068800728,168,0,3.0502548078711453,29977,108,154,177,4598,30145,0,0
6592,FIRST NB OF GERMANTOWN,91596,81656,103,0.44480191739855657,6.21,0,0.15612035460063758,335,0,8.277291421539525,7668,18.430010893246187,453,0,2.7561983702187396,55804,0,428,5308,6729,56257,0,0
6600,FIRST FINANCIAL BANK,18340467,14436329,59080,1.2836207316806554,9.7,0.355521295729016,0.3270036689905442,24111,228,9.902495477385456,1748466,13.779594668783988,155482,8700,3.9444698673539746,11586575,30182,79394,2937439,2457899,11742057,11513,1062
6605,MERCHANTS NATIONAL BANK,1381954,1190273,3082,0.9139264811087513,10.81,-0.004790775362040391,0.358116116744841,3242,0,8.282413523901033,110335,12.757898494050213,11145,0,3.0323354650998025,982926,1948,9804,237953,116024,994071,6,18
6616,KINGSTON NATIONAL BANK,559311,514964,630,0.44662597998513015,6.61,0.07059048693765295,0.19863725190457543,2010,0,8.780612845061125,50012,13.682537348621784,3960,94,2.75594610316826,389869,938,2087,47533,38532,393829,77,6
6623,LCNB NATIONAL BANK,2298436,1922281,4905,0.8527192595684815,7.49,0.009040606230600367,0.23581252643101658,1176,181,8.066959753154244,178852,10.656603318627539,12124,197,3.268969792375299,1711604,0,5586,722569,264078,1723728,53,14
6636,VINTON COUNTY NATIONAL BANK,1537156,1368231,3019,0.8013726060768543,8.35,0.0919001729483042,0.17402267564255025,4933,581,10.125099742589,151634,0,9994,586,3.215606305797868,1023832,9100,44638,139206,146177,1033826,389,154
6637,FIRST NB OF MCCONNELSVILLE,197205,176205,423,0.8669764963286722,8.71,0.0036885567138648235,0.18812910423163715,1430,24,7.98446402457242,15233,19.552133014572494,1149,0,3.6269184306044955,105685,0,1560,12598,19886,106834,1,0
6638,CITIZENS NB MCCONNELSVILLE,109875,91118,379,1.377674583448821,15.09,0,0.49965870307167237,3683,305,10.937737655342715,12225,0,757,10,3.80783662901334,76132,0,2843,5781,10390,76889,0,0
6646,1ST NATIONAL BANK,276453,235066,129,0.18488692695354,2.48,0.08595134958269643,0.24597309488412133,2510,116,8.229708835122716,22674,13.437553851456144,2112,11,2.6591802358225713,200307,0,15,41971,20707,202419,59,15
6653,PARK NATIONAL BANK,9835981,8493134,44308,1.809672084236666,16.12,0.09023889422451332,0.6440842047173535,22962,1225,10.00972882915568,987718,13.092948898137733,88129,1458,4.778692055970385,7795463,0,605271,1903593,1117268,7883592,3605,1834
6659,PEOPLES STATE BANK,270760,248900,446,0.6646473904021042,9,0.018940091438552558,0.3349830107844586,928,482,7.691659460964635,20993,14.008701757905559,1352,20,3.638805540170701,192137,633,3656,27322,20282,193489,10,1
6662,RIVERHILLS BANK,321143,271207,723,0.9103643660974267,9.14,-0.003091028868277736,0.13732200297063923,0,0,10.277977033091899,32382,13.190926052936275,3480,60,4.055863146294823,258750,0,625,40411,32041,262230,0,2
6671,FIRST NB OF PANDORA,275328,254386,277,0.4028270606712815,6.28,-0.004280856278277062,0.40133949325894935,1199,491,7.858062835559543,21720,12.235783255018791,2504,73,3.515200545680951,186611,0,1816,41650,18176,189115,1,3
6672,FIFTH THIRD BANK NA,211921000,169032000,600000,1.1317605006153948,10.66,0.44756165285176575,0.5700237352598374,457000,200000,10.099988927562187,20980000,14.02151394829996,2384000,174000,3.3055904942864025,120280000,1660000,8751000,10083000,22977000,122664000,173000,37000
6680,HOME NATIONAL BANK,91965,80061,136,0.597546106613649,6.9,0.5313610742110365,1.4755613548632631,1073,54,11.019794087596978,9815,0,906,39,4.325557686239289,54954,0,4531,7297,7969,55860,84,10
6700,SOMERVILLE BANK,272245,245591,432,0.6411100702141671,8.96,0.01463543395368408,1.0101195614244523,1045,1377,9.768171329679838,27093,0,2315,45,3.0357367560085566,188747,0,1010,78651,18940,191062,7,0
6706,FIRST NB OF SYCAMORE,237831,210343,525,0.9114425096786514,12.88,0.012329458544122122,0,125,0,9.083908420460267,21469,16.5003627795378,1402,30,3.2701955138796137,128596,0,1002,35595,16518,129998,5,1
6725,FIRST NB OF WAVERLY,218554,195512,12,0.021851356149791046,0.27,-0.003894289511217988,1.388672822277332,1222,45,8.083314466832691,17852,18.832128611634168,733,2,2.049115913555992,101202,0,1612,35737,17852,101935,0,1
6728,NATIONAL BK ADAMS CNTY W UNI,108351,95603,596,2.1803947392489342,19.75,0,0.8767800943230797,534,620,11.304490900282453,12367,0,767,0,4.034447670811307,52365,0,2015,6837,12367,53132,0,0
6732,CITIZENS NB OF WOODSFIELD,142729,133102,204,0.585103522452272,9.2,0,0.04554085014257789,116,65,8.846776828479864,12726,23.790622224638863,400,6,2.9069723565946464,58622,0,867,796,9403,59022,0,0
6760,CITIZENS BANK OF WEST VA INC,687048,609094,2611,1.542968663435159,15.97,0.40725075417657153,0.3679510019678392,4226,9,9.806513764867168,66167,12.292798631988305,5092,450,4.0826370444222535,533638,0,38918,87125,66668,538730,747,193
6762,FAYETTE CNTY NB FAYETTEVILLE,147891,136955,8,0.022034015010672724,0.35,0.028433323855558714,0.12779682333610565,1786,144,9.535873112032052,13852,21.731801446125182,835,7,2.5725762798780663,70030,0,2641,9146,9300,70865,8,3
6786,MOUNTAIN VALLEY BANK N A,199853,174832,723,1.4618242474789596,12.34,0.023354839247807357,0.17212651298704548,2356,188,13.454300263671678,26738,0,1546,0,4.125361191375862,118338,0,2541,29393,23994,119884,7,0
6787,FIRST NB OF PETERSTOWN,86384,76601,243,1.145011190952998,10.29,0.03146591847704955,0.3831728097795888,695,0,12.838316241463582,11242,28.375639417044685,540,0,3.5309899978452624,37270,0,655,4259,9672,37810,3,0
6794,FNB BANK INC,266092,231702,441,0.6722240746915639,7.77,0.16836510886680647,0.43105392120018643,1100,0,10.419820423633821,27051,0,2140,32,3.641481697717819,195833,0,5222,39243,23133,197973,107,24
6800,FIRST NEIGHBORHOOD BANK,158682,144098,-287,-0.730175388382706,-8.85,0.00481411498513642,0.008822676800141163,770,14,10.558288634271749,16633,0,1048,0,2.510855531334959,81025,0,1425,19236,13075,82073,2,1
6803,MCNB BANK&TRUST CO,358800,304596,408,0.45384769405326036,4.33,0.02455258665336735,0.20261984392419174,493,136,11.596871688563576,42572,0,2670,17,3.047623589870467,255829,0,1858,121470,38082,258499,17,1
6805,FIRST NB OF WILLIAMSON,112486,103848,-138,-0.48279390735079963,-7.83,0.2340078392626153,1.1565883754422774,1742,31,7.619977915569523,8971,15.897410797317802,1290,50,2.3309583776673355,74975,0,3696,18741,7102,76265,47,2
6811,FIRST NATIONAL BANK,1035854,940721,2399,0.9237652966137591,10.94,-0.0033549353895359563,0.09605600789300422,215,0,9.35149610874268,95924,13.647619253137105,5131,39,3.889789968166425,714489,0,7497,225427,89219,719620,81,87
6813,FARMERS BANK OF APPOMATTOX,358473,316777,642,0.7228569739653266,7.47,0.36041733901972545,0.48288155593308285,3847,5,12.335380797182358,43639,18.89431234942914,1379,274,3.6511349765493075,229505,0,9560,29748,34765,230884,233,25
6821,NATIONAL BANK OF BLACKSBURG,1832241,1674130,3373,0.7412386519807065,9.5,0.019671101195270303,0.1276578790672188,1870,166,10.287491229462995,191779,16.497417683572557,10490,276,2.4329499132211883,993712,4407,24633,327844,147554,1004202,112,63
6861,SKYLINE NATIONAL BANK,1251191,1114490,3652,1.18349714981998,15.51,0.0112858230413177,0.18846043489762954,156,0,8.013594814104016,99713,11.090677287240643,8160,178,4.219997499660475,992172,0,6190,296813,95080,1000332,40,12
6862,CHESAPEAKE BANK,1601985,1438505,-3978,-1.0192698499632473,-11.31,0.01127769813505911,0.26872910795044896,1310,0,10.610435575970175,168629,14.322212933750173,10532,248,3.853348180662919,925961,0,12246,354534,151486,936493,54,28
6863,POWELL VALLEY NATIONAL BANK,482229,433487,560,0.4592803855494808,4.97,0.035414612552065516,0.18186380329677396,5616,427,9.549242617432549,46808,14.247002085143837,4716,94,3.255723018883587,372592,0,6268,96006,45527,377308,36,3
6892,OLD POINT NB OF PHOEBUS,1444253,1259399,2157,0.5974527241642206,6.35,0.13879682724688486,0.1598750357451222,3588,1885,10.44720660264515,150139,14.081016039762003,11821,717,3.6655550885059083,1001120,0,15400,438150,137227,1012941,423,72
6913,PIONEER BANK,350953,278770,1094,1.2584585033661464,12.42,0.0641174876631084,0.028778782344074563,896,101,10.688452798772891,37489,15.528399351671546,2474,-32,3.9229334173762767,258925,568,6467,95179,35937,261399,88,46
6917,FIRST BANK,2033720,1859554,2254,0.4457203480534093,5.51,0.6580672359633745,0.23916763369588734,5021,0,8.278408415547368,167151,12.44269814548503,14735,832,3.8406595093457634,1435896,0,2536,547387,165707,1450631,2489,89
6947,EVANS BANK NATIONAL ASSN,2177426,1900906,4246,0.7783096145341897,7.89,0.08506655504019339,1.2424762081466831,17077,7065,11.435162791028532,257207,15.636178566235277,24097,300,3.040632429629485,1756507,0,618,581565,219661,1780604,384,5
6954,CAYUGA LAKE NATIONAL BANK,280834,256928,418,0.5942279567905293,8.46,0.03887667993153385,0.951095665054801,1292,131,9.262333882055376,26220,18.389204731098477,2516,-57,2.744410151653085,178685,278,4414,28704,20089,181201,18,0
6959,BALLSTON SPA NATIONAL BANK,898639,741127,1416,0.6310961953724069,7.57,0.03176950960376651,0.12474419650159853,1165,531,8.509459820641572,74819,12.106855496949162,8634,150,3.0632196266364176,763449,0,49359,203491,75777,772083,68,7
6976,DIME COMMUNITY BANK,14085196,11693991,25445,0.716204496157033,6.41,0.25941579071416065,0.4120709431377455,48489,0,10.849664299775027,1481526,14.878875507182865,90455,8733,2.981419463700015,10780807,0,1034,4610033,1596888,10871262,7337,279
6985,CANANDAIGUA NB&T CO,5147134,4159178,14347,1.1258953377205347,13.94,0.4100954996750782,0.7582860675474934,23966,1313,8.483551241217043,425713,12.521523032341728,37068,1133,3.1655095224418424,3761355,0,71163,887322,414871,3798423,5398,1498
6989,COMMUNITY BANK NATIONAL ASSN,16504226,14085584,40636,0.9961604884510524,11.56,0.1487897741264594,0.4709339292857478,59238,5928,7.884572345207844,1251710,13.081274520786494,83183,7264,3.2571037026914107,10338835,0,272385,2179465,1448302,10422018,6773,2894
6990,PUTNAM COUNTY NB OF CARMEL,174196,129418,379,0.8763107087943213,3.51,-0.003324592425747306,0.6785460056488094,262,0,25.131311247005055,43110,0,1513,0,3.9923464032293863,119155,0,121,50147,43321,120668,0,1
7018,NATIONAL BANK OF COXSACKIE,534365,462632,268,0.2009466235531187,2.64,-0.0030961270031296686,0.278835627333377,2155,0,8.72091302578521,47147,17.01527968170116,4031,0,2.4930594060274274,383033,0,1442,90900,41299,387064,178,181
7025,DELAWARE NB OF DELHI,386281,352005,503,0.5334627219060422,6.94,0.021684246394994035,0.39815574672324033,636,3,9.909916912147615,38250,0,1280,15,2.3245428015290974,257850,734,1994,26073,29827,259130,16,2
7031,FIRST NB OF DRYDEN,214787,194034,1086,2.063883464701606,21.84,0.13397946008438547,0.3822391485518211,2647,159,12.399969147110435,25722,0,1288,6,4.263002864867046,91743,346,9202,6564,20573,93031,77,46
7072,FIRST NB OF LONG ISLAND,4075121,3300418,3977,0.38834230953821247,4.19,0.02392906098324324,0.08613241177378536,7452,0,10.27596666615439,427934,0,28308,144,1.9692889312669493,3135626,0,268,1072158,381432,3163934,370,179
7074,ARROW BANK NATIONAL ASSN,4440208,3968192,6380,0.5843211210905923,6.34,0.09948015161033495,0.42833578967471797,17941,405,9.240249401918861,399069,14.001179115280088,37771,4771,3.0574736452495235,3379097,0,4204,565328,404472,3416868,1551,704
7085,FIRST NB OF GROTON,208876,183591,635,1.2443721554583356,10.42,-0.06752730883813307,0.6190275570194756,1435,432,14.310239117106068,29175,0,1347,-27,4.269416667302299,99801,665,8454,6595,25089,101148,60,77
7123,JEFF BANK,650178,561935,2683,1.6882880912921492,13.35,-0.006988364373318425,0.3088385026869565,2230,167,14.110574034158926,90408,0,4643,205,4.741074917896786,342481,0,1466,105573,80961,347124,6,12
7151,LYONS NATIONAL BANK,2028708,1866953,4235,0.856456565164261,12.33,0.017366711338461262,0.17765001173160455,1909,52,8.622878834637348,171001,13.151495422403444,21619,300,2.7992872742757413,1458178,2034,11979,320558,137737,1479797,98,34
7213,CITIBANK NATIONAL ASSN,1760921000,1361654000,3753000,0.8683130797321602,8.7,1.328508832652939,0.28121647705944786,3524000,2870000,9.182840095077221,158087000,15.049619836632889,17018000,2322000,3.108803588915684,654879000,162425000,7097000,10377000,174255000,671897000,2659000,440000
7230,NBT BANK NATIONAL ASSN,13760410,11938584,34586,1.0081986098207467,9.2,0.26250717886941377,0.34881954825473954,29235,2862,9.465742427687083,1273216,12.980175851295586,117000,7644,3.5661153785765136,9876895,0,890415,2169398,1517748,9993895,8155,1601
7274,WSB MUNICIPAL BANK,153696,122330,509,1.3459733185249825,11.39,0,0,0,0,13.32563765004961,20548,0,0,0,1.799730040493926,0,0,0,0,18789,0,0,0
7356,CHAMPLAIN NATIONAL BANK,496551,451724,771,0.6356934448751339,10.66,0.062364056292731986,0.1280835201218002,742,36,9.845551656318692,51061,0,3532,153,3.2755016444083456,326112,0,258,109144,29752,329644,72,21
7404,FIRST KEYSTONE CMTY BANK,1433769,1050135,1385,0.38734405731014027,4.42,0.14848648354727936,0.4135952165237217,4981,1212,10.255324310599692,149646,15.459590789080524,8068,738,2.70086347641035,956113,0,4296,400394,125285,964181,371,16
7468,FIRST COMMONWEALTH BANK,11756097,9950424,34684,1.1903403932003125,9.98,0.13639713977663426,0.5259483653460838,34075,1156,9.846312785958359,1121580,13.610158342537332,119931,5736,3.6455174293151886,9014796,9064,225433,2508304,1409166,9134727,8010,4912
7493,EPHRATA NATIONAL BANK,2219744,1894860,4780,0.861757159807051,11.31,0.0027796975063681135,0.4832539247769112,8731,0,9.186860672565738,204946,14.590703995935716,16537,486,3.16861999286818,1430209,0,3186,223553,171330,1446746,29,19
7506,ACNB BANK,3252111,2557926,-9,-0.00127902430341583,-0.01,0.013111634141702001,0.3224674680538272,13998,1987,11.501864377458931,335763,14.574510971772892,24646,5488,4.291111725432575,2318976,0,5913,1037926,370879,2343622,85,19
7514,PEOPLES SECURITY B&T CO,4991888,4318445,15601,1.2388316263764492,12.33,0.09236783235138246,0.4886928552884199,9934,655,8.924712821351168,441110,12.454527937895667,41054,-3,3.508464650726069,3950905,0,10553,1396658,513130,3991959,1233,311
7526,HONESDALE NATIONAL BANK,1068334,917761,3300,1.2506075394580891,9.87,0.019693637692612613,0.2257720900018159,2671,139,13.691793336629068,144850,0,12859,600,3.967829281147782,789026,0,12556,265945,135119,801885,42,3
7542,AMERISERV FINANCIAL BANK,1426921,1217655,2431,0.6837301544053098,7.47,0.024029266896164938,0.9627022098630547,5991,12,9.19752567497513,131291,12.269528791925136,13812,-97,3.1794062751893377,1048514,0,2634,469683,132376,1062326,104,40
7551,FULTON BANK NATIONAL ASSN,31988630,26482475,98380,1.2315832886991844,11.82,0.2100756343610309,0.6222023262640507,165495,34415,9.672395752656145,3047831,13.747182594055932,379677,13898,3.4798601682286887,23498664,0,277730,7350218,3350599,23878341,20034,7443
7586,LUZERNE BANK,710319,566709,1733,0.9767225266848006,10.01,0.06272680814636747,0.20258503573746442,4203,1373,8.008195441321913,55385,11.136980538378639,2588,501,3.3753078047103973,543135,0,1474,134259,69242,545723,96,11
7590,NATIONAL BANK OF MALVERN,213403,180813,994,1.9019646299635966,12.97,-0.08644968695757888,0.13823610727121927,2496,0,15.782695793188973,33090,0,2392,-128,4.3415159956485265,145695,0,9,32688,31307,148087,1,33
7593,FIRST CITIZENS CMTY BANK,3012129,2369718,8331,1.1047220036562175,10.04,0.02687011014592106,0.9123779227250892,9632,1393,9.057262956530494,269877,0,22081,625,3.423230559017939,2299636,0,127982,710124,335959,2321717,185,29
7599,JIM THORPE NEIGHBORHOOD BANK,242358,222375,469,0.7454502106016053,10,0.05984676079407202,0,1081,0,9.69435443668993,24892,21.470082671686992,1328,0,3.051496099417541,124987,0,358,50286,19469,126315,23,4
7613,PENNIAN BANK,668277,577392,774,0.46080171461103114,7.14,0.08329936373464722,0.6196532276286629,164,49,8.851128729089101,61169,15.94267295627696,5354,-18,2.9560022153986236,442520,0,2784,96194,44648,447874,113,19
7614,JUNIATA VALLEY BANK,853162,748800,2052,0.9647855620686939,17.15,0.006711159166324894,0.07372574024628382,1400,73,8.429596735250396,71222,13.019411522599178,6278,104,2.934434902472414,532693,0,1588,172941,49245,538971,11,2
7631,UNB BANK,163730,153614,15,0.03654670211696772,0.68,0,0.01099370915531668,330,18,9.445156856850101,15394,0,812,-33,2.325513339511291,86200,0,1603,4328,9131,87012,0,0
7646,NEFFS NATIONAL BANK,463668,360828,678,0.5890702703054933,4.05,-0.004956230291240483,0.02437088606502929,734,0,16.63295210786913,76222,0,2226,-44,2.3120483582602906,243378,0,2303,74471,67881,245604,0,3
7658,FIRST NB&T CO OF NEWTOWN,1126330,960787,3335,1.1905819080636935,17.85,0.0008659105103135354,0.008523256949561851,394,0,12.230105893391716,136861,27.48179416629432,3154,-141,3.1834430241940708,463959,0,2926,149684,79675,467113,2,1
7659,NEW TRIPOLI BANK,636673,557106,963,0.6056018168054504,8.58,0.007382412018566767,0.5070106632447111,3833,0,10.64416015089269,69074,0,5385,189,2.6101672795192545,483876,0,1151,133322,45395,489261,13,4
7666,NORTHUMBERLAND NATIONAL BANK,681236,602911,868,0.5178530278815828,6.35,0.005470839853700625,0.08895595652607907,3350,0,9.970181916851493,67609,16.361430008462534,3870,7,2.661713999371637,440529,0,2956,64125,55985,444399,9,3
7675,FIRST NORTHERN BANK&TRUST CO,904179,756631,2851,1.2489876070508001,9.5,-0.022673123468383273,0.5818538143442835,298,0,14.39533176045292,132524,0,8808,2,4.000696126867327,517541,0,2306,202600,121792,526349,16,46
7714,QNB BANK,1873899,1665039,3292,0.7073967766387157,10.73,-0.0009879747012611498,0.46165775209869897,1216,0,9.64305151445377,184271,14.053642949774414,9298,550,2.7546954077640855,1203152,0,2040,475335,124868,1212450,24,27
7759,UNIVEST BANK&TRUST CO,7951759,6786553,24501,1.220630630512814,10.95,0.09852862315672473,0.42608182667507905,25168,322,9.75339085498486,763485,12.181352109167465,87790,2311,3.1808830340697334,6758397,0,4582,2446272,903588,6846187,2031,345
7789,TURBOTVILLE NATIONAL BANK,211395,175518,858,1.6557473537953857,10.37,0,0.8770311502164195,740,0,17.20652533872152,35851,0,1457,0,3.4204953387712242,151155,0,1381,8577,33594,152612,0,0
7799,CITIZENS&NORTHERN BANK,2596960,2120521,6611,1.0179584359301912,9.17,0.019166797209756635,0.9368261351734335,8452,24,10.589994364451288,269281,15.231032395810567,20172,236,3.421712928025907,1879730,4341,7557,753821,291450,1899902,117,26
7848,COMMUNITY BANK,1481388,1294307,2089,0.5645329918390662,5.72,0.019429487913850386,0.15991759079997947,3561,0,10.359929817340966,153046,15.953274731538581,9819,-40,3.3038847133622347,1078905,0,2379,391515,147408,1088724,135,82
7886,FIRST UNITED NATIONAL BANK,358947,341120,303,0.3404197949054998,7.84,0.024587203897071815,0.4488127773738184,1381,0,8.028044182816323,30344,16.52990128649053,1017,34,2.5099513325194827,194995,0,10034,20579,16459,196012,19,7
7888,FIRST NB OF PENNSYLVANIA,48800205,38155227,130960,1.0773334746085843,8.38,0.14646674382419342,0.3473182131099654,87831,8766,8.764543000721796,4024206,13.07392013090569,425594,17483,3.1677241548213932,33957648,15731,97667,8868644,6315179,34383242,16586,4045
7900,NEXTIER BANK NATIONAL ASSN,2843458,2470967,8731,1.2203316392047787,12.81,-0.02332168039343485,0.7371658030468535,9831,732,8.61294215622618,244077,12.943673965643265,24011,737,3.439831718719475,2092847,0,215160,604159,278055,2116858,95,218
7909,MARION CENTER BANK,426931,382062,503,0.48086287640605185,9.68,0.017046860836968086,0.46213556757415136,5874,2,7.222587151210124,31227,12.025836096536512,2821,81,2.8848436434339284,304223,0,8242,85650,21555,307044,18,5
7946,BNY MELLON NATIONAL ASSN,30061000,25327000,50000,0.6600986847533706,5.54,0,0.026612554472572436,62000,0,6.801278932369501,1957000,15.359707165986203,23000,2000,1.1667056768873445,18288000,0,3011000,632000,3632000,18311000,0,0
8011,SVG BANK OF MENDOCINO COUNTY,1312154,1022718,2688,0.8204433232532958,6.81,-0.010226482957767988,0.011050532178387598,224,0,16.61982663615401,228623,0,18570,-1,3.332616892345578,726762,0,31372,491218,160214,745332,3,22
8018,GROVE BANK&TRUST,1369731,1132274,1167,0.3587204101769626,3.72,0,0,7467,0,9.692541815726594,128911,16.112349758021935,11229,474,2.3255832919448665,734940,0,7563,341277,126423,746169,6,6
8021,CREWS BANK&TRUST,2273574,2028779,8525,1.5295560923205969,14.86,-0.01672016710331711,0.03773794035294211,2303,598,10.449474799934496,232268,0,23381,600,3.437566765455533,1197528,0,4775,673533,232201,1220909,62,113
8028,MOUNT VERNON BANK,187650,175243,848,1.8264250099613393,32.35,0,0.030375699440447643,1398,47,9.572364060553037,18053,0,1333,15,4.500234267432803,119135,0,2358,31332,11012,120468,0,0
8033,CITIZENS TRUST BANK,769241,663948,3468,1.775377389278881,15.63,0.05056633050798092,0.5809622732017664,4377,122,12.704110953603308,99477,22.430073006485173,4637,0,4.382183080310879,394158,2722,13010,146591,91708,398795,79,28
8035,BATH STATE BANK,323263,276901,598,0.7416513835425946,17.31,-0.0016602125902221779,0.06125043695071814,3607,0,8.209534670702634,27067,12.120926843843757,2446,0,2.7525128879788583,237754,0,1578,22789,14283,240200,7,8
8056,MERCHANTS BANK OF INDIANA,18740858,12468176,59355,1.2708792515098248,11.34,0.28477003118128574,1.545793687780997,52229,585,11.849239915250282,2104432,12.71401433139908,83413,7727,2.812959751746572,14716974,0,371,1666855,2113184,14800387,10507,28
8063,NORTH SALEM STATE BANK,676966,601995,2732,1.6419774047801858,19.7,-0.0043024940123624995,0.04786060156640068,1765,251,8.96085438215998,59455,11.70837450202005,9486,173,4.384863494530466,560090,0,7456,152445,56478,569576,3,9
8067,COMMUNITY STATE BANK,141979,120966,255,0.726915100592222,8.51,-0.014226711540085982,0.3113136449756654,154,74,9.24092409240924,13440,0,1113,42,3.098913621224346,111324,0,111,7318,12158,112437,2,6
8074,GARRETT STATE BANK,355940,299074,1337,1.491950219970596,15.15,-0.013014243366350951,0.25903242119458336,956,555,10.483237556011368,37105,19.287398225786852,2754,31,3.1222202200656133,274927,0,2531,21612,35916,277681,4,13
8083,FAIRFAX STATE SAVINGS BANK,267630,228872,290,0.44186099662509615,8.81,0.1581063524410908,1.0140866121137393,380,0,9.556410423594357,26382,0,1820,212,2.5392107771083365,153932,0,4101,33614,13426,155752,66,5
8094,NSB BANK,469684,405212,1489,1.277479701563926,17.69,-0.007227946856520738,0.39515929859224497,294,0,8.558612372783934,37969,11.91072975158735,3564,30,2.753668207648875,326937,1007,4599,112827,34511,330501,0,6
8101,PRIMEBANK,753903,672339,2846,1.5318194998846157,15.89,0.18007864844327143,0.9893845759998302,12613,1836,10.112324977189841,75587,12.899766585939737,6668,400,3.1580820087105015,654684,983,2717,114321,72839,661352,350,52
8108,NEW CENTURY BANK,72659,59539,353,2.003547357218872,14.64,0,0.7583368887543182,302,191,14.156791511691608,9820,20.737610601912472,856,75,6.766277939747327,63656,0,799,5221,9820,64512,0,0
8110,KENDALL BANK,219925,190640,1554,4.606235758350469,49.45,0,2.1329998863248836,2159,3671,9.705921794368757,19542,0,2710,425,7.045798468067891,165931,0,167,79113,21276,168641,0,0
8117,PEOPLES B&T CO OF HAZARD,345007,313261,327,0.38619215421703823,7.84,0.009635884032135673,1.2318590637291416,1386,416,8.851681156701174,29251,12.484996321678864,2994,0,3.5834367016997284,252524,0,21051,82171,17071,255518,15,9
8118,BANK OF JAMESTOWN,257600,185160,726,1.1408345298869969,9.35,0,0.043478260869565216,111,108,12.827444063497095,32363,0,2201,45,3.266730423065345,151189,0,1279,62762,31305,153390,1,1
8120,MAGNOLIA BANK INC,485385,405460,30,0.024850174158303893,0.24,0,0.7480659682520061,9865,271,11.08227272823579,52306,0,5857,-38,3.414536500953283,372305,0,2012,86787,49041,378162,4,4
8121,SECURITY BANK&TRUST CO,70370,59219,251,1.4375510087198065,9.23,0,0.041210743214437975,69,0,15.62927886809676,10958,0,289,0,3.302752293577982,28621,0,799,8659,10958,28910,0,0
8122,FIRST&PEOPLES BANK&TRUST CO,210536,195946,-1362,-2.575959601690828,-38.35,7.734296058210327,9.991165406391305,733,11,9.074427182645119,20321,0,4050,1150,2.535627166516883,92946,0,2729,11644,13891,96996,1928,24
8126,COMMONWEALTH CMTY BANK INC,158418,129707,-280,-0.7169009396523031,-6.36,0.24649392213575055,0.1407668320519133,125,32,14.545290822200641,22614,0,657,35,1.574903696767191,50133,0,3107,8265,18186,50790,32,1
8136,INDEPENDENCE BANK OF KY,3801538,3249246,6213,0.6587651255277317,8.75,0.0036531664541260833,0.09348847755829351,1511,0,8.59928017302657,328452,13.233424467277159,19366,100,2.160931605562439,2071337,0,2686,637079,285334,2090703,23,4
8140,COLFAX BANKING CO,151762,139442,368,0.9745440100632262,12.46,0.035957749644168105,0.08763722143883186,283,102,10.611898430298488,16002,0,351,-1,3.708746859076042,66801,0,2761,14445,11817,67152,6,0
8141,SABINE STATE BANK&TRUST CO,1394923,1256886,8611,2.486662094358012,27.8,0.06370380967677065,0.8480037966253333,5007,1127,9.298395957713876,130748,13.026818132527643,8370,236,5.083694836366855,1116728,1307,12610,429871,124991,1125098,252,75
8144,BANK OF GUEYDAN,72173,56210,204,1.1391238797219199,5.36,0.972588948198241,2.7392515206517674,317,0,21.49260421335724,15344,0,1392,0,3.2213830180876304,24586,0,4968,2106,15344,25978,74,10
8149,FIRST AMERICAN BANK&TRUST,1366195,1214960,3539,1.0344728050794105,10.33,0.15280165303606466,0.8186971845161196,2335,8,12.979793982615368,182042,24.973553245264338,13976,0,3.4654109401859414,822650,2615,9492,183185,140338,836626,350,31
8162,STATE SAVINGS BANK,383153,345569,97,0.102084846188657,1.1,0.027165705441541014,0.15033159077444258,1928,0,9.467143161937273,35498,0,2577,-18,4.487980265292819,279951,0,1305,109469,35483,282528,22,3
8165,HONOR BANK,410211,365837,1206,1.1708879962135463,12.74,-0.007362539094315659,0.03681032444278676,1320,51,9.337911454605017,38482,12.944354468688942,4098,11,3.899189909682557,324286,0,764,151008,38482,328384,5,11
8172,LAKE-OSCEOLA STATE BANK,451202,388391,1467,1.2924611936764552,15.13,0.060341381365072895,0.1185721694496035,1090,0,11.583102287410048,52264,17.872211888523236,5042,-114,4.036143214448707,258258,0,59099,82882,39944,263300,68,28
8183,CITIZENS STATE BANK,382021,349666,1476,1.6647140675951733,19.29,0.0017886487876314938,1.2789872808039349,976,0,9.292044436533203,31843,0,2702,543,4.7533794531742215,233418,5,1092,128762,31287,236120,6,5
8191,FIRST STATE BANK OF RED WING,82810,81103,-63,-0.3085078381802935,-21.9,0,0.5313367950730589,72,440,9.076464289415204,7883,21.604221635883906,305,0,2.3460562768034983,33080,0,2204,6955,1497,33385,0,0
8197,PORTAGE BANK,80720,63799,22,0.10443244526197115,1.13,0.10175700427379418,0,2,0,9.470997788963635,8053,16.695220312229303,595,36,4.365433976613747,59025,0,27,8438,7753,59620,16,1
8200,CITIZENS BANK MINNESOTA,577056,501918,630,0.43911886965226843,5.3,-0.0020526215184011104,0.06307879997781844,1327,0,9.242556948122814,53185,12.280291728462748,2822,-11,2.687038643927216,382672,0,2615,27273,48646,385494,0,2
8205,AMERICANA COMMUNITY BANK,177779,152564,247,0.551285449244633,5.71,0,0.03093728730614977,2152,0,11.099502600558722,19548,13.938697469834164,1557,0,3.7645883744849855,134773,0,125,65734,17609,136330,1,1
8207,PRAIRIE SUN BANK,112600,91755,414,1.4539579967689822,17.54,-0.02528732725594568,1.436056838365897,2736,1599,9.043296089385475,10101,11.57849532729392,1290,45,3.9214178616739073,77181,0,1280,6567,9566,78471,0,5
8210,FREEPORT STATE BANK,172202,156646,424,1.001473275839162,11.72,-0.007717054207482648,0,1125,0,9.370029857805894,15848,15.204811177630203,889,15,3.9856703312965145,102915,354,1760,9001,14611,103804,0,2
8214,FARMERS STATE BANK OF HAMEL,193878,177490,444,0.9146624092290261,24.22,0,0,191,0,8.623353870986792,17523,20.842544552221973,956,0,2.3341704040671476,68937,0,440,27878,8203,69893,0,0
8218,FIRST STB OF SWANVILLE,23840,19265,93,1.5276580017247752,8.83,0.8302608220674588,0.436241610738255,0,0,17.902770864443337,4316,24.95469273436213,254,0,5.397301349325337,17378,0,125,7289,4260,17632,38,0
8231,COPIAH BANK,332180,294915,658,0.8094439224815977,7.63,0.018959311539999704,0.7167800590041543,1072,2038,10.978934781739994,35717,0,2772,8,3.840085394532748,166517,0,2315,56519,35079,169289,11,3
8232,BANK OF HOLLY SPRINGS,587439,491047,1864,1.2874606410193317,9.45,0.15315019509246444,1.4061034422297465,6959,672,13.539374884671615,76309,0,4292,520,4.065903003808986,422622,776,8959,108686,80155,426914,293,128
8234,RIVERHILLS BANK,435474,382710,1585,1.4998391339730124,13.03,0.09137438183378506,0.5936060476630063,3571,1500,12.65738450394052,52245,0,4466,120,3.158837942244128,163809,0,3938,56758,50080,168275,39,2
8235,PLANTERS BANK&TRUST CO,2085339,1776740,4035,0.7910837896932664,7.97,-0.026761244051526415,0.2531962429130228,5321,204,10.097671742071947,207760,15.051713120594915,12632,57,2.6899504988353056,1263941,0,19141,514133,203981,1276573,116,201
8243,BANK OF ANGUILLA,202683,173543,764,1.5410527165088297,13.57,0.09655143462838192,2.572490046032474,5281,4486,13.17565895616197,26623,0,2501,0,4.286141323093196,90414,0,3252,1393,23292,92915,54,31
8250,BANK OF WIGGINS,212606,190385,339,0.6597175766568958,6.8,0.008531831730948685,0.1608609352511218,2223,35,15.267357035672365,30828,0,1343,-2,2.7986060623945357,92126,0,5369,17070,20827,93469,5,3
8251,ADRIAN BANK,179900,160917,913,2.0269351486206353,22.32,0,0.19177320733740966,1013,15,12.205759285882884,22753,22.061257899598505,1546,75,4.5808749053148485,119821,0,3709,17646,16771,121367,7,7
8252,OMB BANK,1905200,1649517,4837,1.0530265942552142,12.61,0.003750719669336554,0.7254881377283225,11856,485,8.816010431941997,157391,10.72515962226292,23783,1800,3.5010488374154285,1622708,0,5670,477663,158425,1646491,32,17
8255,MONTGOMERY BANK,1186866,1054680,4098,1.3946027207174478,13.29,-0.0020455754203657487,0.3326407530420452,3907,0,9.146717558998239,103954,11.606929497954525,9586,-1,4.347114879214073,963929,7,2772,335641,124273,973515,0,5
8268,FARMERS BANK OF LOHMAN MO,78623,67285,352,1.8208505492942264,13.25,0,0.010175139590196253,229,8,16.869661899226767,13352,0,211,0,2.6423482000041543,23994,0,384,1097,11007,24205,0,0
8273,UMB BANK NATIONAL ASSN,69014200,58142921,100390,0.6739600288297665,7.85,0.46597272707950294,0.16149719912713617,66861,6346,8.532918190910877,4940187,11.351744935086034,368922,86000,2.9641167004044626,35572458,314139,69518,10120791,6773981,35941380,36967,1095
8274,EXCHANGE BANK OF NE MO,313012,281440,977,1.2691608209924656,13.98,0.044904417739383314,1.0970825399665187,2653,214,9.5119087824255,29573,14.16606131683281,2686,99,4.240059951954392,187568,0,3670,20512,28653,190254,51,30
8276,ALTON BANK,134723,119377,134,0.40609137055837563,6.1,0.058402686523580084,0.3599979216614832,1182,133,7.431590672587903,10141,10.694737258861142,614,0,2.665671929552494,67153,0,3841,9148,8980,67767,33,23
8282,FIRST MISSOURI STATE BANK,268429,235294,1460,2.2040272559671963,25.34,-0.10039740640033466,0.31740236710638564,983,0,8.977099353398007,23477,13.86713083841021,2935,0,3.5527442409245658,210905,0,4175,25788,23477,213840,0,54
8283,LEAD BANK,1747932,1536484,5042,1.2096279620305892,12.05,0.34885193972500533,0.8433394434108421,26683,10225,7.711369064824816,126719,27.520999693193033,6509,1765,9.1829363409442,800008,216537,268531,137179,170929,806517,738,53
8295,O BANNON BANKING CO,309974,279782,716,0.9475489944698737,11.51,-0.016755603236624023,0.9123345829005014,1594,0,9.129202425005905,27828,0,2286,62,3.8909110532023594,213434,0,2028,47844,25127,215720,4,13
8296,CENTURY BANK OF THE OZARKS,271249,240562,1441,2.148809934331563,22.91,0.03375872285421118,1.22064966138124,2711,112,9.302404143910815,24783,0,3960,54,5.301182267813872,224813,0,2031,89716,25368,228773,22,3
8317,FIRST STATE BANK OF FORSYTH,154404,135327,535,1.339442191177207,17.42,-0.00538513836439885,0.9598196937903163,2299,266,11.497187589102879,17742,0,1717,30,3.496338294353886,73359,0,2055,9821,12801,75076,0,1
8321,STOCKMENS BANK,533493,465990,1812,1.3510667051904597,12.04,0.006439638736266896,0.26598287137788124,3086,68,11.352451294419113,60252,14.494867829021372,7200,178,4.515927314427732,431911,0,1550,98908,61169,439111,8,1
8322,NEBRASKA STATE BANK&TRUST CO,279460,217522,1229,1.7039802288380281,16.54,0.008686154053285211,0.006083160380734274,93,13,11.916685475679946,33790,0,2509,0,4.039779233355056,222516,0,3514,42714,30229,225025,10,5
8323,COMMUNITY STATE BANK,42442,37762,-4,-0.0370070544697583,-0.36,0,0,436,0,10.766679125397122,4609,0,431,4,3.2697149947086084,23049,0,306,42,4447,23480,0,0
8333,FIRST TRI COUNTY BANK,71184,63773,79,0.43204812687995625,4.45,-0.07194460265595491,0.02107215104517869,266,15,9.367540090431657,6671,0,440,0,3.239224058600508,48206,0,1207,1206,7146,48646,0,9
8383,FIRST STATE BANK OF HARVEY,95495,88467,188,0.8164506112522528,12.69,0,0.25027488350175403,399,239,10.429877252546357,9984,0,398,0,2.667310500235689,27724,112,2227,5056,6237,28122,0,0
8386,KODABANK,524745,454538,1576,1.2207555555125227,12.64,0.00946073793755913,0.39771698634574887,2570,74,10.282688212279666,52485,0,4365,60,3.275010936745183,376047,296,11872,48929,50921,380412,14,5
8387,BANKNORTH,631949,530745,2409,1.5045107217467064,13.86,-0.002916105468244523,0.39275321268013713,10503,854,10.186986421688864,62630,11.397478429558742,5396,0,4.876092378609777,538887,55,6367,30930,70801,544283,0,4
8390,LINCOLN STATE BANK,119631,109457,276,0.9293398656497803,16.55,0.09222469008661435,0.5433374292616463,129,2,9.668579187468435,11678,0,987,25,3.3582648377690267,61773,127,1873,5419,6992,62760,19,4
8397,WATERFORD COMMERCIAL&SVG BK,56732,49478,129,0.9127493034979879,7.51,0.011115124906216134,0.11104843827116971,117,63,13.502851964390425,7599,0,350,0,3.9507493623971954,35673,0,1597,1319,6985,36023,1,0
8403,OTTOVILLE BANK CO,92028,72150,304,1.2957260221424234,6.8,0,0,0,0,21.049642911743508,19276,0,1155,15,3.5006697091462273,42144,0,167,12228,17928,43299,0,0
8405,FARMERS&MERCHANTS TR CHAMBER,2258716,1877554,4536,0.8143860505867314,11.55,-0.011474433178743334,0.012086512868373004,4663,20,8.244337877400005,183608,12.692874089575716,18444,779,3.107968891839399,1439538,0,2017,551480,160768,1457982,21,62
8421,SUSQUEHANNA COMMUNITY BANK,596208,511928,812,0.5497286053513913,9.36,0.03928417187832483,0.19322115771676998,4605,0,8.613909107990425,52721,11.302630704909749,3429,31,2.994056132179822,398221,0,2831,137859,35584,401650,49,10
8426,1ST SUMMIT BANK,1425901,1189367,873,0.24630342084557827,3.69,0.5791243223317507,0.21256735215137657,5509,402,8.707979500521084,125585,15.573254489768493,6146,125,2.0329483029602793,784496,0,6850,204023,96932,790642,1184,45
8432,ONE BANK OF TENNESSEE,1659065,1511029,6601,1.6078558653795212,23.55,0.032047353780371664,0.045989759292131414,361,157,7.6839661845489555,124996,13.894243658321736,5606,420,3.549195658610188,1053656,65,12214,432249,115163,1059262,124,40
8439,CENTENNIAL BANK,796946,695390,2132,1.0926644265850072,10.26,0.0898309353724124,0.1616169727936397,1556,0,10.822802975650244,83712,13.297981004117403,11145,313,4.554686812933703,631816,0,16320,149904,83460,642961,227,83
8468,EXCHANGE BANK,3274099,2888396,5614,0.6832143935042302,7.72,0.0435802405703564,0.37045306204852085,586,0,11.529027692372141,385288,19.805778314206606,34924,0,2.752181892480392,1577320,0,6988,646511,301111,1612244,215,39
8487,CENTRAL STATE BANK,181101,151252,895,2.0088095839295232,12.46,0.053818698260235824,3.6062749515463746,1911,0,16.866780376138966,30062,0,1540,0,3.8165693398768004,130849,0,4828,6954,29229,132389,37,19
8491,SCOTT STATE BANK,212402,179675,410,0.7656217175135969,8.19,0.6829842432882707,0.11346409167521962,2098,12,12.838102427402042,27211,0,1139,100,3.230066941530365,117678,313,2389,28991,20736,118817,208,2
8499,UNION STATE BANK,161165,137279,420,1.0393884931032242,7.83,-0.008710042679209128,0.1495361896193342,697,218,8.597107491186083,13363,14.614140240993839,730,0,4.02988880776634,92476,91,1138,6199,21606,93206,4,6
8503,FARMERS STATE BANK,74787,66298,178,0.9578002878781765,8.7,-0.0274360967579679,1.141909690186797,18,0,12.46210673799516,9784,21.09360744480263,940,0,3.0225295561008254,41379,0,850,1689,8186,42319,2,5
8506,NEW ALBIN SAVINGS BANK,331333,280513,657,0.8014100914241802,5.61,-0.003533803034653356,0.03772639610301419,759,125,15.907760564099025,52994,42.26744458869719,1050,0,1.6336012289477133,111225,0,866,4662,47800,112275,0,1
8507,SLOAN STATE BANK,73233,69452,245,1.3630231296680066,28.97,0.033444816053511704,0.55985689511559,216,63,11.547810886843472,8456,0,299,0,3.2043491705079066,23133,0,5247,350,3626,23432,2,0
8510,FARMERS TRUST&SAVINGS BANK,144367,131958,482,1.3392655573268872,16.35,-0.009209693202095205,0,1313,0,8.705867761761708,12635,13.958238765320019,895,0,3.3938735591267233,84705,0,560,5883,12056,85600,0,2
8511,CRAWFORD COUNTY T&SB,283656,260492,1085,1.552239660080974,20.47,0.002046344589081217,0.29049270947908734,2545,9,9.205383659154334,25696,13.570603256595238,2257,35,3.3208756006406834,193420,0,2490,8314,21897,195677,1,0
8513,STATE SAVINGS BANK,82192,69599,307,1.5075993812458566,10.75,0.40098910646260777,0.4185322172474207,16,0,13.998815810142947,11585,0,1034,0,3.375591971496134,60562,0,416,2587,11577,61596,102,42
8519,WHITE STATE BANK,99599,88500,300,1.2019110385512966,11.79,-0.02185732630256004,0.34739304611492083,1007,346,10.692007797270955,10970,0,650,0,3.262663450552241,35480,0,389,2840,10354,36130,1,3
8522,FIRST STATE BANK,124214,102582,443,1.4372034551279451,9.82,0,1.0618770830985236,0,0,16.6214045131668,20381,0,844,0,2.902637183053273,65111,0,610,13291,18444,65955,0,0
8527,CONCORDIA BANK&TRUST CO,644388,565210,1660,1.0326417432983261,11.32,0.02712154929138172,2.295511399963997,1688,691,10.96402415501721,73042,0,4146,4,3.3548182542563088,364195,0,11291,176934,59759,368341,44,19
8531,BANK OF COUSHATTA,312368,243850,337,0.4409544636008119,6,0.11563607252457267,0.7824104901910567,5756,0,9.132327471875927,29265,14.287744520494567,1901,4,2.6601592147493167,135270,0,1991,48233,23256,137171,54,15
8532,BANK OF ERATH,109259,95097,113,0.40951116869232757,3.4,0.03623746410226212,2.332988586752579,2180,158,13.621621621621621,15120,0,718,0,3.9959333421738936,54084,0,1180,17437,13496,54802,6,1
8533,TENSAS STATE BANK,179787,156709,477,1.0532940280215959,9.69,-0.021952591549166945,1.8227124319333432,2043,1809,14.015395910739315,25198,0,1291,35,3.4791789137763485,109693,0,2995,20330,20355,110984,1,7
8534,ST LANDRY BANK&TRUST CO,296965,277703,337,0.45691972381439844,7.42,-0.07880386983289359,0.8014412472850335,152,1273,11.289765893283594,32383,28.703774336545717,2034,-250,2.6525487144707256,69822,0,6586,30261,18585,71856,6,20
8535,FIRST COMMUNITY BANK,80396,74047,115,0.5765964514248827,7.66,0,0,354,0,10.176061044215745,8375,0,385,0,3.2395433288920237,39108,0,267,15445,6148,39493,0,0
8536,PROGROWTH BANK,405753,330892,509,0.5080309309991191,11.35,-0.05493133583021223,0.0007393660675336966,267,0,7.386007762565118,29363,20.72727774938887,653,0,2.1192600681006133,78843,0,377,10795,18457,79496,0,11
8537,BANKCHEROKEE,398303,338372,302,0.3077079830862499,4.19,-0.015524003019418586,0.24277999412507562,0,0,8.97560586337089,35992,14.605457473413926,3419,69,3.626755426354495,254091,0,184,96585,29537,257510,0,10
8541,STATE BANK OF FAIRMONT,141768,128012,601,1.7239277441932175,18.53,0,0.7272445121607133,79,0,10.793478337554587,15299,15.277115941497746,2035,20,4.108312730634074,108168,0,2863,4609,13386,110203,0,0
8544,UNITED COMMUNITY BANK,350287,323332,824,0.9471346017350724,14.26,0.017553354884952386,0.44848938156426016,3457,36,10.296847576616713,36609,0,3220,0,3.319522278504511,200663,0,2977,41071,23683,203883,9,0
8546,SENTRY BANK,335200,287132,838,1.0196818057372312,10.85,-0.0034167300185357604,0.013126491646778043,217,0,9.025078224948748,29276,0,3322,60,3.4549062887551383,235818,0,565,101976,31240,239140,0,2
8552,GREAT SOUTHERN BANK,339870,314925,157,0.18535489707342917,2.8,0.0805170987005435,0.46753170329831995,2326,422,9.352145970303612,32916,20.475885487788666,947,0,2.7192959010890703,133374,0,7749,20858,23374,134321,27,0
8560,BANK 21,172985,145137,852,1.974925172472742,17.86,0,1.2278521259068704,73,0,11.287158419497786,19562,13.82948627274481,2177,0,5.256418644210369,152366,0,1813,36722,19483,154543,0,0
8564,BANK OF GRAIN VALLEY,110351,86599,588,2.1405851114660552,10.11,0,0,0,0,22.082018927444793,24150,0,1000,0,4.383174266525274,67649,0,870,19520,23572,68649,0,0
8569,GOPPERT FINANCIAL BANK,277158,237195,1034,1.499982773408671,14.86,0,0,0,0,9.916291734473552,27969,0,1741,60,4.0493336455234035,160579,0,564,10762,27999,162320,0,0
8572,CITIZENS BANK OF ROGERSVILLE,127351,105223,260,0.8158430443496986,8.55,0.12596249568273704,0.30624023368485526,977,0,10.377231417727737,13097,0,1776,100,4.046086072517791,96902,0,1225,18868,12242,98678,36,5
8576,MARIES COUNTY BANK,604341,531684,1238,0.8196368571759604,7.19,-0.003454246348213939,0.23430480473772258,3706,0,14.017298181206064,87435,0,5256,63,3.624004982736833,343686,0,4114,69258,70235,348942,874,877
8584,BANK OF IBERIA,69438,62713,144,0.8435172913722533,10.31,0,0.2419424522595697,623,0,9.027961153654314,6154,16.157554322811947,565,0,4.86056417262718,40511,0,2239,8024,5697,41076,0,0
8594,MONTROSE SAVINGS BANK,56931,48479,298,2.133715206300904,14.49,0,0.08431258892343363,119,19,14.61874358483673,8403,0,542,3,4.049477249300545,29998,0,487,2403,8239,30540,0,0
8595,I3 BANK,203137,185052,231,0.4568422509863639,5.55,1.1175194731693912,1.7943555334577157,182,63,9.750037494375844,19503,12.469869467919253,2215,315,4.982671810632316,147684,0,1476,36430,16704,149899,435,8
8604,FIRST STATE BANK,50899,44087,72,0.585776611648412,5.25,0,0,540,0,11.202169328110877,5577,0,605,0,3.2549844619344093,30425,0,65,1964,5447,31030,0,0
8632,CITIZENS STB AT MOHALL,75972,66990,155,0.8343763037129746,7.36,0.007401924500370096,0.5383562365081872,198,0,12.125259524722622,9169,16.008545011515736,423,0,3.770874734163093,53204,100,801,3154,8566,53627,1,0
8637,DAKOTA WESTERN BANK,387234,342608,1868,1.8972484565177923,22.48,-0.05183644790740714,0.37186817273276623,0,117,11.326365391401822,43650,16.30994833734541,4728,0,3.563063683669468,242640,0,8683,8844,34433,247368,0,32
8640,FARMERS&MERCHANTS BANK OF ND,118434,107395,186,0.6478607099473613,7.13,-0.02257357574845512,0.8553287062836685,1395,0,11.005502751375689,12980,18.2073094741405,461,0,3.2108341503702023,50924,257,1475,5445,10691,51385,1,4
8647,FARMERS STATE BANK,182684,166210,321,0.6948559553863513,12,0,0,49,0,8.838997097905757,16051,14.015136053033334,1117,20,4.068602681092649,115988,0,3182,23341,11008,117105,0,0
8660,COMMERCIAL BANK&TRUST CO,1092505,1002002,2627,0.9660827541632898,13.13,0.1774235443459621,0.01858115065834939,719,116,11.579298925621389,123081,20.763771201554874,8081,246,3.0909135308051083,574557,0,14633,111368,82229,582638,291,34
8661,FARMERS BANK,67882,60547,98,0.5650043240126839,5.95,0.07106478739784437,0,1110,0,9.620315510422854,6641,0,600,37,5.038986725495417,51819,0,1242,5569,6647,52419,9,0
8663,FIRSTBANK,13107117,11235086,39653,1.2095943315346362,10.24,0.1348822905997677,0.8212179688332683,41874,46981,11.013853623598562,1435648,14.782391164741867,150531,2292,3.5988651850912117,9793775,0,443381,3437916,1571133,9944306,3893,576
8668,FARMERS&MERCHANTS BANK,1310592,1205915,2411,0.7388158721306151,10.7,0.08958765127647432,0.688543803105772,7957,6,8.503347898525668,113610,13.504088410988993,7762,-104,3.175061959721198,819879,3267,10006,178901,92682,827641,413,226
8672,BLUE GRASS VALLEY BANK,57824,51759,48,0.33160335402975794,3.31,-0.011300552314494372,0.10203375760929718,135,0,10.065501806052437,5824,0,449,0,3.1791194825395017,35336,0,1155,4437,5824,35785,1,2
8681,LAMONT BANK OF ST JOHN,66534,56798,-45,-0.26156137610346203,-3.41,8.210813095965053,1.3271410106111161,2044,0,9.079038997214486,6258,0,467,50,2.4468044023942848,41569,0,8677,0,5355,42036,883,9
8693,BLUFF VIEW BANK,143412,122295,394,1.0935141979912921,8.02,-0.026540745573777745,0.025799793601651185,37,0,15.07266060029879,22196,20.257341387618283,1010,0,3.577269618484046,88823,0,887,17401,19402,89833,0,6
8695,BANK OF LAKE MILLS,493691,370615,3481,3.057112275983204,30.73,0,0.13996609215075828,4228,503,10.454754582657335,51810,13.176627758437428,2165,0,5.731621456623386,422802,0,203356,32795,47279,424967,2,2
8698,PORT WASHINGTON STATE BANK,962949,872620,925,0.3848872462409779,6.25,0.06842308050008636,0.28454258740597893,3062,0,8.572503846928173,84735,13.259773987915318,5943,148,2.5590905005841647,594568,2675,2678,205785,60857,600511,128,25
8700,WALDO STATE BANK,152631,123496,359,0.9663298643706238,10.66,-0.009867325584741826,0.48941564950763605,363,0,10.003781637449014,14814,0,1016,23,3.597185064557404,122697,0,1003,23216,13729,123713,0,3
8714,UNITY BANK,636698,550601,672,0.421954506460001,4.45,-0.0720517134798112,3.776986891744595,10939,3265,9.07792645726531,58418,13.597944575434292,5886,84,3.6749253124885515,477784,0,6615,181688,59027,483670,52,140
8718,WYOMING BANK&TRUST,323665,287960,1027,1.2351413963291524,14.77,0,0,0,0,11.461043568759166,38764,23.682626760644883,2245,0,2.616892424511811,136070,0,506,36390,28707,138315,0,0
8725,COWBOY STATE BANK,51078,45247,174,1.3548104530634093,12.28,0.12938702895034773,1.8775206546849916,24,0,11.647483592986376,5839,17.061816607123525,752,0,5.899883384442621,32858,0,1117,13373,5777,33610,11,0
8728,ARVEST BANK,27136208,23977132,20989,0.31076047184244954,4.15,0.40159890601908715,0.5843041887061007,159753,114,8.744092024764356,2377791,12.2859892278443,207570,23791,3.7615871995505383,18411901,190278,390627,4316134,2069111,18619471,22890,4364
8730,GATEWAY BANK,178705,156817,509,1.1491625393331357,12.22,0.02210331457621499,2.6054111524579615,3354,282,9.553909855558757,16913,0,2065,30,4.072589153829922,157125,0,1061,34943,16913,159190,9,0
8735,MERCHANTS&FARMERS BANK,261323,221769,1016,1.5759970682731703,15.41,0.04418796214244374,1.009096022929478,3064,0,10.758519915883227,27831,14.170143836474777,2658,0,5.102668925085858,204888,242,4396,39450,26946,207546,29,6
8738,CITIZENS BANK&TRUST CO,539218,479211,1783,1.3306330115273641,12.67,0.5544700076955491,0.10237046982852947,2149,25,12.018877427297655,64432,0,4347,81,3.59087200336744,304385,1972,9241,107558,57923,308732,765,339
8745,FIRST STB OF MIDDLEBURY,800503,654884,2647,1.333429046034031,12.9,0.004535364096600015,0.2198617619171946,3726,112,12.580091950667738,103431,17.206938603283827,7715,149,3.946816898371217,614473,7,3747,241751,83681,622188,16,9
8751,IOWA STATE SAVINGS BANK,285802,252877,813,1.1696327094333108,13.11,0,0.004548603578701339,145,0,9.098510676475865,25353,15.893928804533036,2083,-84,3.0788531007693356,159413,242,1460,12282,25354,161496,0,0
8752,FIRST TRUST&SAVINGS BANK,282387,230208,848,1.2157335708410317,11.98,0.009564896828638895,1.728833126170822,8138,1172,10.547832607504398,29258,0,3017,120,3.7781488504608536,250790,0,4139,24469,28710,253807,13,7
8760,FARMERS STATE BANK,148213,124804,462,1.2624632379312817,10.92,0.0038215708567006464,0.19094141539541065,510,189,12.231982620194579,18130,0,1375,37,3.678394512892163,102905,0,1817,9432,17251,104280,2,1
8761,KERNDT BROTHERS SAVINGS BANK,337489,271148,119,0.13802342338685125,1.45,1.6573347325997658,1.0391449795400738,1889,115,10.123453135176742,34195,0,2051,400,3.1399075408920565,232119,0,1359,43762,33059,234170,1082,93
8762,SACRAMENTO DEPOSIT BANK,144854,134051,614,1.7299246679791367,26.64,0,0.21884103994366744,730,59,9.560741249142072,13930,15.783851913566401,847,0,3.984343978671507,87469,0,1173,26844,9768,88316,1,1
8772,SPRINGFIELD STATE BANK,443496,345284,1007,0.9128787750018981,8.32,-0.009258493841448293,0.047576528311416566,1608,0,14.563366489250773,64246,0,3252,139,2.846608645443008,301488,0,3681,52313,49911,304740,0,7
8774,CECILIAN BANK,1531438,1264939,4015,1.057481981323525,10.81,0.20800362632737218,0.2658285872493696,4907,823,11.201611192444785,171084,0,10810,649,3.3295451618605343,1015927,3134,18506,295299,152442,1026737,574,44
8775,BANK OF COLUMBIA,212986,194148,1282,2.421792353030074,29.21,0.06488973091039713,0.06244541894772427,916,32,9.621624223751986,19987,0,2819,5,4.49769314552152,169272,0,1518,28526,17968,172091,39,11
8785,PEOPLES EXCHANGE BANK,581719,486019,1242,0.8746217102657139,9.79,0.011920955549736994,0.0029223731733018865,981,17,9.729180664377655,55170,0,5521,311,3.8215330564296677,476288,0,3392,114833,51390,481809,15,1
8798,COTTONPORT BANK,553603,484753,1973,1.4593033361316259,12.18,0.3745077481525132,0.6437826384611355,3233,1624,13.235762423165223,71489,0,4799,30,4.110980185432107,332432,0,9875,99555,66381,337231,343,30
8799,JACKSON PARISH BANK,63743,52460,243,1.4416124702444957,9,0.1227464518603759,0.27297114977330844,916,167,20.21431821391029,12884,0,276,0,3.8826636214402974,27455,0,2370,4147,11092,27731,25,17
8811,HEBRON SAVINGS BANK,772013,666769,3009,1.5755875563142299,13.19,0.008413244550233205,0.13587854090539928,2223,0,12.997431141962315,99725,18.03127812970581,8299,-402,4.4722427997396,555034,0,3495,261539,93220,563333,21,9
8816,QUEENSTOWN BANK OF MARYLAND,693232,618674,1477,0.8552607293023068,8.73,-0.008920696126522232,0.13877028181041845,523,428,12.052166919041971,83014,19.145042709067514,6562,0,2.991662655123676,445151,0,4769,142899,69344,451713,0,10
8821,UNITED FARMERS STATE BANK,218571,173006,1117,2.043518529105732,23.34,0,0,713,0,10.085389910471644,21933,0,2677,0,3.644642529833396,194999,0,773,15288,19714,197676,0,0
8822,ADRIAN STATE BANK,59604,53163,209,1.4153299191602826,13.79,0,0,674,0,10.975609756097562,6336,0,624,0,3.9800637600466975,39952,0,236,598,6168,40576,0,0
8824,EAGLE BANK,214394,184648,1225,2.2673428592581626,17.5,0.07263730152424837,0.06156888718900715,2483,0,14.139081941877732,30374,22.548710290333663,2154,30,3.8639165930995234,128750,0,6250,14743,28710,130904,25,1
8833,CURRIE STATE BANK,99682,88538,293,1.1720468818752752,11.39,0.20805678216346546,2.812945165626693,248,1936,10.183741477880707,9993,0,1414,0,4.3862346890079005,91138,0,991,3258,9993,92552,51,3
8840,PEOPLES STATE BANK OF WELLS,59510,53182,233,1.5352430526957352,14.93,0,0.19324483280120988,0,32,10.496535796766745,6363,15.885134355898975,524,0,3.861806522083825,40315,0,113,833,6227,40839,0,0
8842,GRAND MARAIS STATE BANK,119471,103112,369,1.2326347567926443,16.6,0.07550935102409558,0,923,0,8.290677112857784,9799,15.320820602357049,731,21,3.2293477657270517,74432,0,1859,25993,9027,75163,14,0
8843,AMERICAN HERITAGE NB,559086,486223,1851,1.3271255024444455,10.89,-0.0028104459592227715,0.0951553070547286,109,409,11.604346596704977,64843,17.006710170208013,6024,0,3.280773551975976,423060,0,894,174027,68841,429084,0,3
8845,FARMERS&MERCHANTS STB APPLET,60794,53495,429,2.8168782882047325,23.4,0,2.0890219429548966,13,6,11.863054732523686,7287,0,1127,25,5.097965301524901,48470,0,215,3229,7166,49597,0,0
8848,CENBANK,76519,69981,252,1.2716595283001015,16.66,0,0,139,0,7.900326374138735,6100,13.306435505133225,538,0,3.9228042536431666,45250,0,989,8579,6089,45788,0,0
8850,NORTH SHORE BANK OF COMMERCE,537091,451391,1410,1.0634616998228505,11.92,0.0009504551492095778,0.10873390170380812,1220,219,9.510524693167698,50283,0,2393,192,4.042534275323215,418795,0,2244,77872,47720,421188,1,0
8851,PARK STATE BANK,1433325,1243087,4302,1.2102244555642687,12.67,0.012685626392445708,0.12634957179983605,5409,0,9.99306336191962,141613,16.155760644320534,9547,186,3.2393547072660263,876342,1713,3317,272583,137954,885889,39,11
8853,GLENWOOD STATE BANK INC,540652,469176,1687,1.2273922371260686,13.63,-0.0040108654344619575,1.300096920015093,6626,1017,9.235117431658924,50516,11.537902054346869,5799,0,3.418516839205496,488798,817,4123,117073,50180,494597,46,51
8857,GROVE BANK,59021,45933,-33,-0.23544520547945205,-1.94,0,0.23381508276715066,49,42,9.386595547309833,4857,10.125992506454933,359,-18,3.8535274226645218,33853,0,335,2395,6766,34212,0,0
8858,STATE BANK OF CHANDLER,67734,59544,222,1.2921250218264362,12.01,0,0,842,0,11.303867724406475,7780,18.20518965554805,785,4,3.949840795628759,43689,161,494,1509,7380,44474,0,0
8863,WOODLAND BANK,160007,137250,240,0.602443662104411,7.37,0.038987304758887883,0.31561119201034954,2041,302,8.598921765295888,13717,12.230268810605132,1229,30,4.137594120708149,121039,0,4194,36096,12973,122268,13,1
8865,HERITAGE BANK MINNESOTA,104953,94793,207,0.7978454319012908,12.76,-0.18027345534273273,0.26583327775289894,487,25,7.922694286719738,8330,11.546282379984087,812,36,3.7449344583634936,82218,0,2195,4474,6606,83030,4,41
8866,MERCHANTS BANK NATIONAL ASSN,2810454,2448618,7074,1.01236910685689,9.16,0.024406177909119878,0.464124301625289,4401,656,10.601914453345803,297470,13.510541528714349,28751,358,3.3453300826012735,2051111,18332,4305,604461,314656,2079862,221,93
8867,ULTIMA BANK MINNESOTA,302332,262352,1728,2.3290999336179565,21.96,0,0.07045235039625312,2055,0,10.795631185708771,31600,0,2578,52,5.348931421951515,278366,0,3372,43387,32338,280944,0,0
8870,BANKFIRST FINANCIAL SERVICES,2790484,2411722,6796,0.9847951597810585,7.8,0.12763116770539415,0.5262527934222163,7209,0,10.799076281398412,289466,0,23541,600,3.621654751070032,1796141,0,15370,630493,353236,1819682,935,349
8879,COMMUNITY BANK OF MS,4803418,4384645,8303,0.7010142248138181,8.94,0.09079455271540149,0.36376180461496377,30820,4660,8.244981657757057,392263,14.703245218168574,32256,1771,3.40796243804476,3088198,0,58198,825192,378099,3120454,840,139
8888,COUNTRY CLUB BANK,2192028,1877313,8795,1.6117515840911232,16.48,0.010458178295427025,0.3838454618280423,2672,217,10.756190493095412,230271,14.665621278075516,17691,500,3.8486076994712084,1455394,0,5839,647568,216336,1473085,40,2
8889,MIDWEST REGIONAL BANK,1104470,975224,1460,0.5289227455800082,5.47,0.13683689087035816,4.450098237163527,9351,1280,9.762306334223709,108875,11.807343711858135,10528,900,3.0477381635401195,885091,0,185,340481,110224,895619,400,92
8892,SULLIVAN BANK,1216971,1078389,2859,0.9591228001756211,10.78,0.008581221751446861,1.5278096191281467,9270,67,8.921727822827275,106481,13.028533510285333,12049,335,3.1620064171898297,1021976,0,3373,212143,106969,1034025,36,14
8893,AMERICAS COMMUNITY BANK,51723,42189,191,1.4934709515990303,15.26,-0.18583659653547488,1.1387583860178256,0,0,9.908912583270213,5102,0,580,10,4.409617243577878,44216,0,276,10331,5102,44796,1,22
8896,JONESBURG STATE BANK,135720,120882,826,2.4506658853809324,27.91,0,0,2,0,9.02902902902903,12177,15.403033649096297,1075,10,4.613649095611201,97543,0,4322,27929,11998,98618,1,1
8898,ST JOHNS BANK&TRUST CO,305330,271199,620,0.8058187914992616,7.56,0.0017306539925105947,2.3089771722398718,410,0,11.222956682015687,34585,0,3777,45,4.341012275096688,225630,0,1320,111603,33309,229407,4,3
8903,PEOPLES BANK&TRUST CO,890128,786842,2761,1.2547576036447505,17.19,0.015654215767273993,0.08324645444250714,6396,0,9.423154811111912,84921,12.618502550103555,5099,0,3.192622731891595,467347,0,22387,156108,66410,472446,38,20
8904,NODAWAY VALLEY BANK,1478208,1279908,7287,2.010046092864295,26.59,0.0008385080635651999,0.019415400268433133,836,0,11.261352169525733,169074,15.667038763006838,12538,158,4.172590866943897,946786,0,2343,348236,114414,959324,34,32
8941,BANK FORWARD,1054000,873294,5040,1.9288912702361363,17.98,-0.01837867131631343,0.5065464895635674,4669,208,10.964155626501801,113571,0,5837,172,3.422290484223086,834246,0,7397,165257,114898,840083,3,42
8942,STOCK GROWERS BANK,327329,303150,904,1.0981101936573205,17.93,0,0.007943078676194287,1528,0,10.687641654430218,34282,0,1006,0,2.6535306246513874,155208,0,1966,6682,20071,156214,0,0
8943,MERCHANTS BANK,254570,227034,673,1.0614451346816944,11.89,-0.0022715850268472957,0.8425973209726205,3058,260,9.691563962621666,23937,13.816881624313627,2031,0,3.8156010695121623,170709,0,1860,6686,22993,172740,0,1
8946,KINDRED STATE BANK,48807,45319,65,0.5567213395571924,7.26,0,0.20488864302251725,4,11,7.783671063964821,3434,16.388487910501624,199,64,3.462685192646399,21487,110,1444,3767,3421,21686,0,0
8975,COMMUNITY BANK,109837,97814,686,2.5180780383951844,25.5,-0.00928650612619201,0.16843140289702013,288,0,10.107530748759261,11242,16.73160858610197,1025,26,6.0857063970371215,83591,0,2015,11824,11139,84616,14,16
8980,SECURITY STB OF OKLAHOMA,381344,311965,1575,1.6701660622256156,17.14,0.17341718564309722,1.0203385919274985,1297,717,11.270163128899188,42019,19.235723853992358,3418,69,4.612303003457277,191287,0,18581,25905,37733,194705,100,15
9005,FIRST STATE BANK OF ROSCOE,138085,118137,566,1.6776210977155008,12.25,-0.09667608810951252,0,0,0,13.72403880704276,19097,24.698105543040732,967,0,3.646101304899145,72783,0,228,4063,18744,73750,2,20
9007,HEARTLAND STATE BANK,150614,126025,881,2.3718740429885345,27.95,-0.003918648849876563,0,1,0,9.824502980452229,14751,12.713784120511951,954,0,4.88222390045672,102233,228,604,5505,12942,103187,0,1
9023,BANK OF CHARLES TOWN,894916,772520,2354,1.063484946198911,11.29,0.000561723592671754,0.2508615333729646,523,0,10.064196089874526,89674,13.612897990704806,7180,250,3.5461043247425246,711393,0,1477,316380,84680,718573,21,20
9024,CALHOUN COUNTY BANK INC,199392,178651,304,0.6114977672285473,6.47,-0.02140108304766709,0.33702455464612424,1794,324,10.193927149800972,20385,20.584387265590927,1997,0,3.9868034876496927,128473,0,12128,14384,19116,130470,13,20
9030,HARRISON COUNTY BANK,152639,137895,201,0.5403153183424954,6.79,-0.014460793174505621,0.15395803169570033,963,235,10.491669579401142,16209,0,855,30,3.418950262004982,81335,0,2120,16971,12177,82190,0,3
9035,HEADWATERS STATE BANK,111328,93123,254,0.9170502752956043,5.69,0.026780752673053874,4.490334866340903,610,0,10.901757363668436,11433,0,764,25,3.3374135045339863,73792,0,771,33194,18030,74556,6,1
9036,SECURITY STATE BANK,138861,110750,711,2.1479632489832294,11.1,0.010620361888831361,0.3211844938463643,948,0,19.775660839707733,26551,31.60252820225618,1469,30,4.801775775677749,74370,37,2005,22680,25556,75839,2,0
9037,MOUND CITY BANK,505812,438361,1599,1.2718183662025604,11.03,0.007115619929326647,0.33016219464939545,534,0,12.562435527181442,63204,17.45040053712464,5845,7,3.0143160696271813,389616,0,933,83038,59017,395461,10,3
9047,CITIZENS STATE BANK,559311,515294,786,0.5667581219106815,12.68,0.002727615228957727,0.010369901539572795,6419,0,10.921460190642073,61951,0,3070,400,2.538979081702325,293315,0,1740,58435,25223,296385,2,0
9057,BANK OF MOUNDVILLE,128133,113032,120,0.3913766674276769,3.4,0.08346737382080599,0.04916766172648732,511,12,17.17551389932989,21248,0,549,25,2.703616086515715,57679,0,3117,15886,14470,58228,12,0
9064,PLANTERS FIRST BANK,434866,395963,1852,1.7239012107799676,20.83,-0.008421924374628251,0.4256483606444284,586,0,10.325970479449687,44808,15.044476592077318,4504,75,4.412329672029506,287017,0,5171,146106,36520,291521,32,38
9068,BANK OF DUDLEY,454940,410626,1455,1.297777500284307,13.97,0.001365956938207523,0.04528069635556337,348,4,10.001731336974387,44482,0,3809,142,4.340920996520754,292562,1011,9128,116130,42623,296371,10,9
9069,FARMERS&MERCHANTS BANK,330970,305552,239,0.2872380380079621,4.19,-0.019909695310555694,0.13687041121551802,823,0,8.983574242499351,30808,18.539697860782507,2009,76,2.363591342316252,137900,398,3593,80222,23447,139909,0,7
9070,FIRST BANK OF PIKE,79029,70909,186,0.9720407629997386,10.64,0.11884365127311262,0.8098293031671918,696,0,9.933997670506017,7676,16.724443727829733,742,30,6.052970530479522,52086,0,3838,13645,7136,52828,16,1
9079,HARVARD STATE BANK,312454,279975,541,0.6910161513849062,9.96,-0.0022377684972545377,0.025923815985713097,4917,81,8.851940569567736,28270,15.421937803563859,1839,0,2.759675924170943,178714,0,454,71945,22125,180553,1,2
9080,HOLCOMB BANK,299759,243393,815,1.09097054546854,16.98,-0.05149460800879087,0.10541801914204411,18,51,8.708510700191024,26943,12.717706743940541,2764,0,3.343054768748732,216381,0,2848,65970,19687,219145,0,28
9087,1ST SOURCE BANK,8959893,7418267,39602,1.7710089299509666,14.53,0.010609866957660728,0.4666796802149311,6221,1274,13.038222703849925,1159849,16.10118874732037,157470,3265,3.9984076095250822,6708228,0,50715,755872,1111650,6865698,1924,1742
9096,ATKINS SAVINGS BANK&TRUST,160536,138076,532,1.3483331168481447,16.39,-0.007489970461428993,1.0427567648377933,3723,1113,11.887657623232709,18666,0,985,36,2.7062971156046554,107484,0,2233,12004,13250,108469,0,2
9099,SOUTH OTTUMWA SAVINGS BANK,547692,464693,1259,0.9245710823687084,7.74,0.001236831608468586,0.47508453656434635,1634,371,11.99553616719083,65032,17.874084613677603,3405,17,2.9740848046356025,318861,0,2445,70198,65897,322266,7,6
9100,PILOT GROVE SAVINGS BANK,1065657,942556,4823,1.8483928840898038,19.22,0.10972348543983254,0.10913455267501644,1405,415,8.389455455070232,86328,10.827028198024614,8131,250,3.4410267534052466,790896,810,5569,43309,103674,799027,228,11
9105,WEST IOWA BANK,172525,139507,490,1.1408481857021455,8.18,-0.008666731667154171,0.16519345022460513,527,13,15.80358864394599,27048,0,1247,0,3.238128095813105,91065,0,312,11460,24388,92312,0,2
9106,FARMERS STATE BANK,74585,67996,231,1.3056195334247078,14.89,0.01192374763388133,0,0,0,10.471288402766607,7812,0,313,-1,3.046109827225707,32986,0,416,2674,6236,33299,1,0
9120,ROLETTE STATE BANK,46886,41827,186,1.5933012817080876,16.42,-0.0116461887847202,0.027726826771317666,1159,0,10.08454500010867,4640,0,275,0,4.868752689494068,33546,0,706,475,4640,33821,0,1
9121,STATE BANK OF BOTTINEAU,110744,98888,423,1.5211928597436808,18.2,0,0.15441017120566353,0,0,8.326381695344082,9083,11.303635840580672,1448,15,4.228578378707101,93178,0,2507,5545,9084,94626,0,0
9123,WESTERN STATE BANK,2442258,2128023,8594,1.4363257203669033,12.61,0.37717138032275893,0.9242266787538417,8030,350,11.928993128464132,278090,14.01361049790163,37105,4293,4.791734288687127,2084215,0,5914,395856,276598,2121320,2429,437
9137,OSGOOD BANK,490866,428918,1444,1.1758131808739003,16.47,-0.009193877534267716,0,1116,0,8.723634754778926,42195,12.547347344131873,5189,0,3.55919517456963,298470,0,1811,77219,35722,303659,0,7
9139,COML&SVG BK MILLERSBURG OH,1218285,1071288,3753,1.2461555702207667,12.97,0.015475291562497499,0.13100382915327694,1685,203,9.978703909442931,119907,16.422083353583826,7974,402,3.439650420072505,753266,0,9360,263147,117484,761240,35,6
9155,COUNTYBANK,728972,639807,1900,1.0544959336000561,21.21,-0.006831159357529462,0.4535153613581866,25,0,8.548660466115114,62896,15.467814544948252,3516,0,3.5356284838514975,405988,0,8184,154550,37710,409504,0,7
9168,WAYNE COUNTY BANK,545725,467956,2196,1.6205774967760027,13.28,0.03547810661692775,0.628338448852444,4456,83,12.793061070145583,70369,0,4587,150,4.442385003839998,381640,0,21648,95346,67234,386227,66,32
9172,SECURITY BANK&TRUST CO,1461379,1237201,4838,1.3108096071398212,12.1,-0.009638453237786927,0.05132138890732657,341,112,10.849823782087137,159837,14.850885469985828,3218,0,3.257925673652204,954621,0,21128,224951,160745,957839,0,23
9176,APEX BANK,1386953,1052606,8829,2.665770930596809,17.89,-0.014294754348133053,1.5536936002878252,27675,7653,14.758850152754318,191449,23.98465886152604,11948,0,5.435224118305309,1176240,0,3825,134531,201792,1188188,37,78
9179,UNION BANK&TRUST CO,96046,83928,432,1.8110644720086782,14.7,0.12192241162530194,0.6653062074422672,360,0,12.970605575675902,12320,0,1171,101,5.267297759638286,65483,0,3781,6579,11549,66654,26,6
9189,BRIGHTON BANK,56168,50089,-233,-1.5807997286180722,-16.78,0,0.05697194131890044,161,6,9.718205544191296,5511,26.589781290204005,475,0,2.9885989180426087,32056,0,145,4326,5450,32531,0,0
9196,HOME BANKING CO,147628,130253,-34,-0.09325224045364472,-1.55,0.12589078973990064,0.29872381932966646,568,191,8.559702817497712,12535,18.661398365693728,634,89,2.9940340552937617,65308,0,4695,8884,9868,65942,22,1
9204,CENTRAL BANK,2024344,1627800,8526,1.6912878886499376,12.54,0.04777431775137171,0.4319423971419877,13671,4967,14.36316758313656,292523,0,40258,600,4.744909614919146,1282535,2298,5784,554860,276923,1322793,261,103
9244,GLENNVILLE BANK,407655,365344,1463,1.4569790341414106,16.35,0.06282707561381339,0.3839030552795869,782,0,10.777524005992287,43885,20.79097755069342,4060,15,4.020345061984728,204757,0,5015,28251,37022,208817,48,15
9245,BANK OF LAFAYETTE GEORGIA,411413,382112,999,0.9834092752032465,49.04,0.05645747739399648,0.3361585560009042,2083,30,9.35515426300017,42175,0,978,0,2.8295319334568902,163223,658,15046,10684,9954,164201,27,4
9259,FARMERS STB OF HOFFMAN,210819,166424,227,0.4383498157047994,5.2,-0.00410711352061771,0.0863299797456586,4,0,12.264068887535878,25380,0,1216,0,2.7974306093764367,98360,0,1201,12392,18143,99576,0,1
9263,STILLMAN BANCCORP N A,612256,554122,546,0.36163041669460855,5.57,-0.028745046235138707,0,219,0,9.374723252282816,58222,22.209666649545433,2166,50,2.231205864411336,236043,1100,2988,72368,41111,238209,3,20
9265,RUSHVILLE STATE BANK,126955,114153,452,1.4622744514448858,17.22,0,0.14257020204009294,32,0,14.393124852256003,18875,0,649,0,3.186647087447625,55077,0,307,3151,11084,55726,0,0
9273,VILLA GROVE STATE BANK,84469,73884,290,1.3827384180757287,11.53,0.17340100789335838,0,669,0,11.886827762052913,10163,0,775,12,3.6803326075992966,53961,0,785,3364,10163,54736,24,0
9274,HILL-DODGE BANKING CO,57098,47891,310,2.1513024922145405,14.02,0.0514657002551841,0.003502749658481908,211,2,15.875183503465228,9300,0,463,0,3.6735591728992523,22565,0,756,4832,9044,23028,4,1
9288,FIRST BANK OF BERNE,1065456,953643,4281,1.581048834410433,30.91,0.023574254095866498,0.5463388445886082,1583,34,9.269205744166714,100577,12.684323192407776,11078,75,3.2422402142966393,766007,0,1431,88739,58606,777085,57,11
9295,FARMERS STATE BANK,36584,31668,53,0.5923938860480062,4.38,0,0,68,0,13.146161537006511,4865,0,418,0,3.295141406816534,12137,0,696,610,4865,12555,0,0
9298,FARMERS&MERCHANTS SB,600006,510877,1952,1.2972146767347006,10.6,-0.002837211446729582,1.134488655113449,2541,0,13.04002390184221,78125,17.33286409325529,7764,0,3.8208199244197503,413447,935,961,100867,75264,421211,0,3
9299,RELIANCE STATE BANK,299119,250707,755,0.9957564946733622,11.89,0.08284724797818997,0.44898518649768154,3228,0,8.79518232455499,26464,12.405639619511865,2668,-88,2.696214673117288,203535,0,334,26631,25957,206203,45,2
9300,READLYN SAVINGS BANK,144642,109168,638,1.783860674330091,10.3,0,0.07259302277346828,3192,105,19.72055355939816,28101,25.796476843700454,1348,0,3.289018116428051,105768,0,1528,14,24851,107116,0,0
9306,CITIZENS BANK,204812,182253,535,1.0648514432717808,10.18,0.09736387313487331,0.030271663769700995,2686,10,12.837471052566048,25777,0,1828,0,3.304444034667158,142940,0,1564,39542,21524,144768,46,11
9309,UNITED SOUTHERN BANK,351750,305010,829,0.9561775964359605,9.26,0.007810120353954655,0.5936034115138593,1220,0,11.581381700702211,39863,0,2708,81,3.7618955980855304,256267,0,7632,41855,36511,258975,9,4
9310,COMMERCIAL BANK,209318,171853,545,1.0478880009613651,11.71,0.00881704628949302,0.9698162604267192,884,74,9.925801942147022,21230,17.328539395345242,1181,33,3.550947329039844,135948,0,8217,24160,19144,137129,6,3
9313,PBK BANK INC,167445,145467,723,1.7699548331028068,13.95,0.045986381760128765,0.22634297829137928,1157,125,14.52293094359515,23693,0,817,0,5.147101528771755,95485,0,5702,16381,21234,96302,23,12
9315,BANK OF MAYSVILLE,166246,134817,437,1.083994034312008,7.01,0.0047579398120613774,0,280,0,15.918513963555334,26146,29.320114860954916,694,10,3.3551148053658135,83281,0,317,24449,25388,83975,1,0
9319,MERCHANTS&FARMERS B&T CO,522089,475535,869,0.6824832888783301,8.11,0.04713210933863831,0.3304034369618973,2063,0,10.876870845885335,56867,0,2650,18,3.5098018925899255,251609,0,2785,86333,44301,254259,39,9
9320,MARION STATE BANK,229055,200707,303,0.535605384336636,4.83,0.04749418690941473,0.881884263604811,743,0,11.657315645045706,26678,17.225551447150327,1693,45,4.1886615127365365,152113,0,3206,37891,25448,153806,37,19
9322,CROSS KEYS BANK,610791,508794,1396,0.9238501920000265,8.5,0.00923744861669207,0.8796789736587475,292,0,12.88075818137421,78598,16.258463911828205,3069,227,3.452445422988485,401417,0,2494,155142,66734,404486,14,5
9323,BANK OF WINNFIELD&TRUST CO,160581,144072,256,0.653719947395973,7.07,0.014963339817447255,0.033627888729052625,702,30,13.754833621654624,21627,31.815856050484665,758,15,3.625476591396969,53328,0,3505,4819,14813,54086,2,0
9325,JONESBORO STATE BANK,1039845,979541,523,0.21621755703099807,4.19,4.5490801492345305,0.11530564651462477,1495,602,7.998621047308609,80511,21.248987824082583,5357,212,3.229517410922997,122504,0,87410,5401,56579,127861,1987,440
9326,WASHINGTON STATE BANK,297271,264625,1047,1.4077358243220985,14.4,0.014175537452212934,2.1717557380302823,3054,3559,10.483583481867703,31467,15.575270383452896,3116,145,4.018013017359463,220485,0,16507,79416,29679,223601,10,2
9327,FARMERS-MERCHANTS B&T CO,454554,333889,2142,1.9014204063154323,16.12,-0.006287219850324873,0.5493296726021552,2006,157,13.282804868845213,61601,0,3654,0,4.16079110153333,252959,0,11153,110773,54653,256613,60,64
9328,PEOPLES BANK,90306,77814,220,0.986215398408607,7.55,-0.005615374896466525,3.6176998206099267,292,108,9.292269367707366,7908,13.566501082267933,956,0,3.8253535102952125,70789,0,2108,16916,11771,71745,0,1
9330,FIRST STB OF LE CENTER,108966,92166,378,1.4117844787742126,13.81,-0.076184894879496,0.5653139511407228,1493,608,10.614898135183005,11447,14.15875278806135,868,0,4.244665997109473,67697,0,2280,4543,10831,68565,12,25
9332,BANK OF MAPLE PLAIN,86566,76900,-13,-0.05932957579353308,-0.62,0.39118438056651883,0.9865305085137351,805,84,13.511464412075542,11762,0,545,42,2.6900473027856084,41711,0,457,5894,8605,42256,42,0
9336,STEARNS BANK UPSALA NA,64408,44880,54,0.3352657679681498,1.2,0.6586386811355566,0.3850453359831077,150,2,28.13744631003514,18015,35.142405658602655,856,90,4.1105234716205565,49511,0,116,0,17974,50367,118,35
9337,CITIZENS STB OF WAVERLY INC,113468,104755,138,0.48768636112644953,6.61,0.10847849865757858,1.7141396693340853,8,0,9.593267386250123,10852,18.794354903894337,804,2,2.6975119612595484,53775,0,687,8457,8298,54579,15,0
9340,FARMERS&MERCHANTS STB NY MIL,78382,72374,-12,-0.06258026244597563,-0.94,3.982209655091161,0.1798882396468577,136,0,13.463771338224758,10900,27.513163322252687,439,0,2.862254025044723,32693,0,2642,10361,5247,33132,338,0
9349,FIRST STATE BANK OF FOUNTAIN,39560,37520,-9,-0.09293200474985802,-1.98,0,0.05055611729019212,0,0,9.153294984357654,3628,16.974662688693947,175,0,2.2886747605289,11784,0,278,1041,1936,11959,0,0
9351,STATE BANK OF LAKE PARK,43871,40339,77,0.6977876958279999,9.08,-0.03288189235290491,0.9527934170636638,14,0,10.233527025545444,4667,0,328,0,3.3869681474879205,23476,0,1606,2280,3397,23804,0,2
9354,FARMERS STB OF HOFFMAN,34829,31518,83,0.9655092188681441,10.72,0,0,0,0,13.422291993720565,4617,0,199,0,3.2737065398907763,14953,0,504,680,3164,15152,0,0
9356,COMMERCIAL BANK,269569,254071,392,0.6015199119202985,11.66,0.3514731668281508,0.2385289109652816,2277,103,10.592066781724569,29336,0,2346,60,3.3868551976957315,129249,0,3446,32923,14019,131595,192,80
9359,BANK OF COMMERCE,983464,869862,3936,1.6187205691842652,14.89,0.15959802678803245,0.42533331164130056,11174,3637,13.131681767746617,124858,0,5239,500,2.8236178017412827,530417,21,9767,96857,106430,535656,369,160
9366,PEOPLES BANK,456786,399246,2875,2.5254050255560005,21.84,1.525731738217128,4.269833138493737,6976,16,12.710735259162664,58288,17.855739161639807,5787,1655,7.0183983342871405,364160,0,10762,180129,55302,369947,1496,96
9369,BANK OF ADVANCE,492108,426811,2720,2.223584712855099,19.04,0.20756463578403891,0.5317938338738651,4036,283,12.42979927451578,60754,0,5317,190,4.448197038654008,382026,0,9044,31255,58685,387343,235,36
9378,F&C BANK,423442,371615,2200,2.092682033611327,20.56,0,0.1287071192748948,4480,259,10.577819310163054,44146,0,4818,118,4.997810302809249,363018,0,4121,49679,44031,367836,0,0
9385,BANK OF BROOKFIELD PURDIN NA,114065,100043,137,0.486242358097976,5.03,0,0,2,0,11.326170607942982,12745,35.16106555180361,375,0,2.458345217175295,21707,0,339,210,11168,22082,0,0
9388,CORNER STONE BANK,192553,168692,931,1.9499015624345493,16.37,0.055382485289027346,1.2775703312854123,4162,1434,12.595189803095339,24032,20.50863070207057,2408,97,5.351404908009043,142692,0,4769,21066,23207,145100,52,32
9392,BANK OF GRANDIN,226469,193432,842,1.4974778968616544,10.72,-0.20539385404199248,1.9358057835730278,2652,1089,14.269566920023497,32066,0,1363,45,3.5356104481582253,134196,0,6285,43243,31716,135559,34,102
9396,VALLEY NATIONAL BANK,61817997,50173859,115062,0.7407553630740272,5.79,0.34416194210414097,0.5854621915362285,43941,7756,10.309322491514852,6149462,13.736413755046812,578200,62652,3.0618228753997645,48106311,46183,52236,17661837,8026536,48684511,44019,2070
9406,BANK OF CATTARAUGUS,33751,30564,74,0.9887925706936581,9.49,-0.024145112123864425,0.7377559183431602,198,9,10.733349199333627,3157,17.88734641774374,206,0,5.783028537519556,16616,0,1518,8137,3157,16822,0,1
9410,TIOGA STB NA,578949,508634,968,0.6810684260934341,6.43,0.017094450847444046,1.4020233215706392,2731,766,12.019799754873556,68453,20.925087983911514,6645,206,4.134622195929323,367021,0,4376,76118,61200,373666,16,0
9417,GRANT COUNTY STATE BANK,46645,40106,228,1.9936169282560225,14.28,0,0,0,0,14.5517627308338,6501,0,226,0,4.704261157770941,21693,0,146,235,6501,21919,0,0
9420,UNION BANK,305178,277287,588,0.7863314728169022,9.11,-0.002114595200397544,1.7212905255293631,1559,615,9.336631789194728,28608,0,2061,38,3.8581936999435276,183705,180,7135,22916,25951,185766,0,1
9422,CITIZENS STB OF LANKIN,67302,56058,215,1.275841350611588,17.39,0,0.1173813556803661,916,79,10.230983908318983,6892,0,268,0,4.65887542744706,46352,0,1747,2385,4958,46620,0,0
9423,CHOICE FINANCIAL GROUP,5629168,4963966,16971,1.2307336402794586,11.2,-0.023572874718408705,0.2312419881588185,16706,0,10.407795045985013,574822,0,39382,2179,3.0792141145483827,3097291,0,21751,1001463,619351,3136673,46,232
9437,FIRST STATE BANK,1074112,990662,2869,1.087419487038568,14.89,0.020306553752199877,0.19997914556396354,2136,0,9.90266773032724,108120,17.404142747466242,6784,382,3.406178727352575,536069,427,7509,191215,78195,542853,96,69
9438,MT VICTORY STATE BANK,21392,19317,66,1.2342504499871434,13.09,0,0.037397157816005985,399,8,10.456378299120235,2282,0,289,25,5.03006012024048,12632,0,942,1031,2061,12921,0,0
9439,PEOPLES SAVINGS BANK,66564,58962,132,0.7992249939452652,7.29,-0.01187983546427882,0.34102517877531396,523,0,13.618293229711554,9112,0,460,6,3.773093089179238,33735,0,1306,2117,7507,34195,0,1
9450,FIRST BANK OF OHIO,290852,194671,1371,1.8862310977046386,5.91,1.4057654561704578,0.2643956376438876,3147,618,32.61543685317424,94135,0,6395,970,6.022612825893199,219667,0,25031,0,93598,226062,1615,803
9457,NORTH SIDE BANK&TRUST CO,1047602,865887,2979,1.1020878719928082,13.13,-0.0269503975183634,0.3311372066872725,1669,193,11.27495450568836,125527,13.171806296277877,8955,225,2.691035640841557,719279,3008,7663,267693,93395,728234,9,58
9462,FARMERS&MERCHANTS BANK,331844,285057,1342,1.6401005814290996,17.41,0.013532918825041913,0,0,0,11.04980959634425,36271,13.792566929787256,4047,150,4.331804454903415,265332,0,91,153074,31707,269379,11,2
9463,UNIFIED BANK,825507,637539,2721,1.3277615494455155,15.97,0.02186533585054638,0.6382744180243172,901,3,9.50725081885663,78167,13.327587240433484,4095,96,3.6070503649605454,492748,0,6203,183370,66916,496843,34,7
9465,ALVA STATE BANK&TRUST CO,565254,473141,3107,2.169673798238493,17.2,-0.22174375726978,0.27191315762471385,724,504,15.09714427790012,85009,23.586080432109792,5732,0,3.824528902165375,293954,0,1212,105934,74457,299686,0,168
9467,VALOR BANK,284392,250697,1132,1.638089932150228,20.86,0,0.12271793861993305,354,342,8.155223968536877,22146,12.160793995162216,2142,124,4.186025665924675,244932,0,185,66615,22092,247074,0,0
9472,WELCH STB OF WELCH OKLA,423535,368235,1496,1.433873831562956,15.92,-0.02832294530308207,0.4632438877542588,2908,935,10.289642170139054,43007,0,4843,105,4.3683795166444845,278980,0,16392,19837,37309,283823,92,112
9486,CLACKAMAS COUNTY BANK,278747,233470,494,0.7209060943197634,7.06,0,0,0,0,12.500230631561468,33875,25.246298405466973,1541,15,3.308299560148282,150869,0,197,64480,28722,152410,0,0
9489,PEOPLES BANK,406802,355445,1770,1.763016251872271,15.05,0.25797450527465726,0.44812955688516776,5741,0,12.311120447758954,49227,16.79039161822015,3129,105,5.126193838554878,296569,0,10146,70131,47855,299698,215,19
9499,THREAD BANK,797459,722208,977,0.49915285789917696,6.21,0.7747185870270173,0.1299126350069408,2910,386,9.280801973524927,70916,21.382782835445354,3858,1260,2.9794198586386065,349743,0,63760,57843,63783,353601,760,106
9502,MOVEMENT BANK,159056,142056,-124,-0.3139727362787268,-3.34,-0.013143249093321176,0.056583844683633436,93,0,9.123935737485018,14692,13.312088379009984,940,-12,3.2889548171441803,121857,0,43,50330,14914,122797,0,4
9507,BANK OF MARION,593083,541191,1845,1.2572616228555853,15.79,0.10703759569325146,0.5496701136265919,7642,1782,10.975776356124218,65881,19.331958055881245,3998,155,3.9961319300190126,392333,2317,6286,67249,47883,396331,124,18
9517,CLEVELAND STATE BANK,228088,198177,496,0.8768343803932054,12.3,0,0.40729893725228855,1242,21,8.988244164924426,20980,0,1751,3,3.349388875449392,153363,46,880,46858,16676,155114,0,0
9523,BRISTOL MORGAN BANK,166860,127320,293,0.6886805480063815,6.43,-0.047809045049478846,0.5285868392664509,0,0,11.003276075273543,18775,15.27334224215382,1409,60,3.9624465861950653,138404,425,88,43558,18334,139813,0,17
9526,PINERIES BANK,141637,125009,501,1.411451491919722,13.19,-0.004492362982929021,0,354,0,10.799740858047798,15003,22.2324814977911,643,3,3.2328603638478595,88292,186,2033,15572,15368,88935,0,1
9529,STATE BANK OF NEWBURG,305516,237220,1219,1.6163652004130415,9.94,0,0.17675015383809686,1158,1,16.625113365215032,49678,0,2296,110,3.8183604371074176,246127,373,280,46112,49678,248423,0,0
9536,COMMUNITY STATE BANK,617274,579051,1775,1.1552285481380482,23.92,0.49881394483776353,0.1775548621843784,32,0,9.547198513152527,62259,0,5401,0,3.669244331174612,324146,0,803,134516,32136,329547,413,4
9614,LOCAL BANK,84907,64477,-179,-0.8776822324509522,-4.79,-0.01893177461722318,0.09539849482374833,94,0,17.25643107142382,12967,0,579,52,4.1049272368543015,65249,0,618,14060,14846,65828,0,3
9615,SWEET WATER STATE BANK,141734,127844,754,2.105307245021186,25.61,0.16311328897558058,0.19261433389306729,768,36,9.924447612259444,13924,0,1052,75,5.6365599583627874,72700,0,2831,12877,11456,73752,39,9
9620,FIRST BANK,813519,739904,2497,1.2862547938360733,15,0,0,516,0,9.20142576637533,71042,15.958237187115198,7727,150,3.890447384898863,438920,0,5289,156508,68096,446647,0,0
9622,CAPITAL CITY BANK,4460571,3870953,17051,1.5525674305707866,14.02,0.08936242187081872,0.09926980200516929,3735,0,9.676519446497887,413115,16.752725683587126,29734,768,4.208854417337998,2652477,0,14916,648094,492588,2682211,1610,1011
9631,ALLIANCE COMMUNITY BANK,411973,363703,905,0.8903361633889835,12.65,-0.17143521891665187,0.15025256509528537,1656,0,8.472345784281591,34379,13.947218372749001,2533,12,3.199029376976048,244359,277,4192,28854,29546,246892,8,113
9632,FORTRESS BANK,804067,657605,881,0.4403079156717882,4.57,0.06151466009690097,0.9071383354869681,19243,1131,9.061592952037541,70868,11.633123057044157,8968,1200,3.2708210426955686,647167,0,7216,157568,77657,656135,107,7
9647,CITIZENS BANK,656950,596593,2093,1.2876899638779278,14.55,0.019152589133641748,0.013243016972372328,289,0,9.967615180688421,65497,13.508380184777295,5767,158,3.467493849884219,436575,0,54218,160516,58448,442342,58,37
9658,CITIZENS STB OF CHENEY KS,86270,79563,477,2.2973420426838445,29.98,-0.05837125945112775,0,717,0,11.054564659000889,9210,0,896,0,4.378044657057343,53744,0,2118,6326,6535,54640,0,8
9659,STATE BANK OF DOWNS,145527,124814,638,1.801274020221983,13.88,-0.03122664971505682,0.567592268101452,2513,0,12.785852845550668,18719,0,1056,-7,3.5002743735138098,88614,0,526,9584,18719,89670,0,7
9661,BANK OF HOLYROOD,66278,55999,263,1.622130047954605,10.74,-0.11786171647457473,1.182896285343553,218,0,17.470995565814253,11505,26.71313198362651,789,60,3.974747149391226,42481,0,1090,3027,10037,43270,24,37
9665,KAW VALLEY BANK,319515,267415,1009,1.2881913136455398,11.21,-0.0032639672297690133,0.018778461105112436,907,2,11.358383263287138,35431,0,3229,0,4.635672822130801,242133,0,1647,80207,36609,245362,27,29
9669,FREDONIA VALLEY BANK,106930,93247,204,0.7518727713330078,7.77,0.045878465078602715,0.9707285139811092,934,581,12.46351867095712,13324,0,1031,0,3.662606038676477,69153,0,2120,7780,10270,70184,10,2
9672,OWINGSVILLE BANKING CO,98461,87845,263,1.0952286758352159,13.74,0.027400263042525207,0.19398543585785233,308,0,9.795143272403221,9233,0,882,7,4.376579446511288,73058,0,2242,2666,7831,73940,5,0
9678,EDMONTON STATE BANK,1088948,946468,6154,2.379901549652746,19.38,-0.011958675600594585,0.06731267241410976,3574,393,11.319160972472195,116852,0,9590,315,4.677506553122407,833394,0,26888,189865,129886,842984,77,102
9712,ROCKLAND TRUST CO,19887343,15908572,46841,0.9543308497542419,6.13,1.1274276228728133,0.449999781267915,14006,0,12.04784116861292,2236754,16.255154877326753,144092,15000,3.4308583641912667,14356401,0,2188,5440237,3148351,14500493,41400,508
9719,OXFORD BANK,823853,709864,2977,1.456381330238258,11.73,0.519814698683066,1.6845238167488619,11253,0,11.990766036831198,98534,15.087291885836951,7272,-372,5.369516341934697,615151,0,19290,354763,103196,622423,1105,302
9727,CONCORDE BANK,77776,69191,353,1.8630549086614898,17.93,0.03700905179725208,2.948210244805596,1256,1331,10.996824253956826,8553,15.23593229200706,1374,30,4.986820545700648,63825,0,881,7698,8032,65199,6,0
9728,FIRST SECURITY BANK,145550,115009,429,1.1749642238457483,18.03,0.2085339883892517,0.10305736860185502,787,0,7.75132876967303,11244,11.508991543886857,1223,78,3.341887653264899,112343,0,1014,13902,9808,113566,59,0
9733,VANTAGE BANK,70984,58797,278,1.5660758673623876,17.35,0,0,0,0,8.741439914854286,6242,12.09820342634743,721,35,4.559501342135537,66452,0,1659,10575,6547,67173,0,0
9735,STATE BANK OF NEW RICHLAND,124028,83703,519,1.6466650274047576,18.82,0,0.17576676234398683,1291,182,9.242739656632658,11677,12.198202715211355,974,0,3.159308111523576,109659,0,86,711,11255,110633,0,0
9737,MIDWEST BANK,801370,692353,4073,2.0188151790316824,19.87,0.008076152347961024,0.014225638593907934,314,0,10.573472881536619,84306,12.653859362625195,5966,100,3.8830875793671615,699015,0,6168,203521,83625,704981,15,1
9745,HOME STATE BANK,211954,181923,534,1.0090893629887185,19.24,0.010717395672851498,0.32271153174745465,670,73,11.14602304488162,24725,16.058730617236908,1403,22,3.6782726701910025,110953,0,3178,27825,11441,112356,3,0
9746,NORTHWESTERN BANK NA,164871,144954,375,0.8964884547228507,8.74,0.05589031525630949,2.3212087025613966,1564,0,10.62934171870987,16969,0,1843,0,4.873070380949325,111738,0,1821,34201,17348,113581,17,1
9747,VERGAS STATE BANK,54033,45836,147,1.078107810781078,7.45,0,0,337,0,14.905719040912999,8150,0,414,0,3.5745455925321594,27771,0,2137,3432,8001,28185,0,0
9751,21ST CENTURY BANK,820381,626335,1306,0.655349838765624,6.78,-0.000651614374613104,0.29778846657833374,0,0,10.75034225809073,85985,16.253594558554607,5852,200,3.0080525815439243,606395,0,69,307651,78154,612247,0,1
9752,MARSHALL COUNTY STATE BANK,40865,33890,143,1.3850046610733786,8.45,0.056286498276225984,0,409,0,16.625237607837402,6822,57.31657217977158,330,0,3.271189256187787,13735,0,1263,1008,6828,14065,2,0
9760,COMMUNITY BANK MANKATO,545292,479380,1057,0.7792198218188922,9.16,0.003174902396555231,2.004063877702222,371,0,8.472265758837123,46488,11.8447309714465,4743,0,2.9156679056541064,494229,0,2081,150171,46439,498972,6,2
9769,FIRST STB OF ROSEMOUNT,142024,135742,30,0.08764625969586748,2.15,0.02462195046884297,2.6798287613361125,1966,2680,6.8415319850451874,9296,9.998716087424569,779,50,3.169685699381593,99284,0,6534,21205,5698,100063,6,0
9770,FIRST STATE BANK SOUTHWEST,393516,340631,677,0.68162225088884,14.36,-0.03703035100143956,0.43327336118480564,746,646,9.318924848621899,38737,17.068549490460118,2432,172,2.8692229819347226,215060,688,4048,45460,19841,217492,0,20
9773,SECURITY STB OF WARROAD,146539,131286,206,0.5677394461784383,5.66,0.09037097284352266,0.2531749227168194,1364,371,15.263249590578068,21902,0,1975,0,3.371262629600401,64279,0,9096,13660,14685,66254,164,149
9775,BANK OF KILMICHAEL,321247,302975,825,1.055945935568099,21.48,0.176945902237389,0.782886688436001,715,0,9.370889112435194,29064,0,2877,144,3.4103555597472415,175894,0,6960,46601,15847,178771,111,34
9777,CITIZENS BANK&TRUST CO,105925,91410,200,0.7619446732924106,6.32,0.3507503442122347,3.3382109983478876,1966,535,11.299500124082675,12749,18.035460619771662,1965,0,5.059580358839336,61881,0,1445,6830,12749,63846,79,22
9788,BLOOMSDALE BANK,379034,353427,1351,1.493195103182158,22.57,-0.0032975276786229523,0.289419946495565,3953,22,8.302203103859071,30803,12.599183033965641,2839,300,3.6091190101553003,243732,0,2613,53459,24618,246571,9,11
9791,COMMERCIAL TR CO OF FAYETTE,157778,140007,375,0.9787768551899643,9.67,-0.04601337263642246,0.3111967447933172,629,8,10.48781582372212,16359,0,1120,-5,3.525253276201161,102773,257,3778,6064,15650,103893,5,17
9794,KEARNEY TRUST CO,315632,285659,1271,1.6301977785188417,18.48,0,0.04593957520150048,2130,145,10.061864351881843,31065,18.74313894377734,2574,75,3.5378896461779337,164978,0,3877,40217,27472,167552,42,42
9797,M1 BANK,1136465,1008950,4603,1.6001341846176977,16.33,-0.00041896025585902826,0,0,0,10.473016032072936,119147,0,12775,126,3.7348984122759714,925110,0,750,9950,114909,937885,0,1
9803,BANK OF ODESSA,640595,525714,3035,1.9382908234542768,14.83,0.07699174661750699,1.5977333572694135,16635,8244,12.87683114265853,80764,23.662775213068183,6244,225,3.88354976170405,443079,0,6851,65953,80795,449323,106,19
9812,ADAMS STATE BANK,73220,55525,190,1.0541061595861247,7.62,0.02464647709418035,0.11062551215514888,0,81,15.029250431391256,10713,0,299,0,3.1504988047577185,47565,0,641,0,10133,47864,3,0
9818,PLATTE VALLEY BANK,101147,87327,241,0.9482355834255503,7.61,0,0.010875260759093201,909,0,14.07186214999021,14373,0,594,15,3.22095879942351,46982,0,1957,2611,12914,47576,0,0
9819,NEBRASKA STATE BANK,70163,58335,789,4.504099501209513,26.77,0,3.1355557772615192,194,2200,16.451732033385035,11137,0,431,0,5.039150439258075,53577,0,0,853,11137,54008,0,0
9822,STATE BANK OF TABLE ROCK,146108,115924,434,1.2007857676451872,13.86,-0.022795084402870553,0.39286007610808443,385,169,8.719966008306034,12724,12.100767040352993,1246,30,4.086750430664023,121938,0,1080,4541,12725,123184,0,7
9831,ALDEN STATE BANK,441120,373945,1099,1.0215048141551382,6.86,0.127787361829915,0.901342038447588,2611,355,15.48399306254252,64637,23.625789701427955,3588,-10,4.2398716405936625,280264,0,2313,67029,64594,283852,133,43
9846,TRUIST BANK,527488000,413781000,1317000,1.0028364203993831,8.61,0.5885355479035852,0.4256020990050959,1619000,616000,9.943346096741424,50898000,14.008070381776259,4867000,459000,3.1305070964328983,304705000,3211000,22708000,33732000,61598000,309572000,557000,103000
9865,REPUBLIC BANKING CO,60131,48808,253,1.698314272049137,9.04,0.00848365306100807,2.1120553458282747,1191,988,18.212688150977897,11156,0,550,0,4.738900790105896,46714,0,1747,4070,11186,47264,3,2
9871,ST HENRY BANK,472000,425633,2657,2.2462316230862225,24.99,0,0.48792372881355933,183,0,13.134266496672959,58308,0,2830,15,3.435967433432044,246192,673,433,59886,43542,249022,0,0
9875,BANK360,63858,55912,368,2.3295009455684883,27.26,-0.016411771342995762,3.163268501988788,988,2020,8.564196094462439,5447,18.35075493612079,541,6,5.217665144571424,47751,0,311,15614,5447,48292,0,2
9879,FIRST STATE BANK,51876,47519,51,0.4106032244429684,4.82,0,0.7575757575757576,141,0,10.917715538420834,5777,0,205,0,4.1062422951922,17308,0,1562,4405,4301,17513,0,0
9881,SECURITY BANK&TRUST CO,148016,132507,485,1.3123936639798677,16.91,0.016837993247964707,0.28240190249702735,623,10,8.61631098185393,12621,11.821806060403022,1505,45,4.156115920757692,117045,0,2282,36905,11800,118550,9,4
9888,DIME BANK,1106013,936692,3258,1.1927364983134476,12.33,0.005130536891446177,1.0700597551746678,1268,0,10.98010772185733,122622,14.742519160059938,12010,958,3.974919633486302,771979,0,18238,428255,107598,783989,82,72
9889,MID PENN BANK,5536090,4809048,15341,1.1158050501434031,9.89,-0.00017880787004959236,0.43433181180219255,5202,0,9.516894341769262,511434,12.135503768312605,35838,301,3.3519895484074227,4462180,0,3489,1951364,629354,4498018,15,17
9923,ANDERSON BROTHERS BANK,2066810,1878489,6175,1.224608583861642,14.44,1.137011303373779,0.5225927879195476,27064,0,9.160782331633689,184871,12.477486771202486,31509,5800,6.2977445876615485,1584412,0,89037,341316,174314,1615921,5295,759
9932,COMMERCIAL STB OF WAGNER,254212,224799,1335,2.1209581646959763,23.29,-0.7288680818855257,0.527119097446226,2131,4,11.000978332469334,28224,0,1650,-260,3.7986201876147776,140093,480,3251,18807,23453,141743,167,427
9935,RIVERS EDGE BANK,312007,266923,888,1.1515120078842263,13.32,-0.0538251758289077,0.06826769912213508,35,0,8.19520213762255,25027,11.932721553988664,2552,75,3.3838261494030712,222255,0,1794,13747,27246,224807,6,36
9963,F&M BANK,1674724,1499239,3255,0.7755354887898788,8.91,0.019161781322894086,0.044783498654106586,2189,0,8.426242772104963,138511,11.906800326874027,8420,44,3.2394016591547454,1168371,0,7634,268680,146847,1176791,157,100
9967,AMERICAN STATE BANK,688540,571911,-619,-0.3581546357230319,-3.26,0.08146005623433598,0.9084439538734134,3585,499,10.28153305592994,69877,14.164957217571288,7093,50,2.4093231162196678,514143,277,4359,259414,75656,521236,158,52
9978,FIRST STATE BANK OF UVALDE,1818117,1631694,4524,0.9929762949956101,11.04,0.04489227607346902,0.3362819884528883,9768,203,13.41070409058778,262376,0,9961,188,2.222828029213133,701867,0,8316,331445,171934,711828,85,5
9986,FARMERS&MERCHANTS BK CRAIG C,89389,74191,202,0.9090806809104308,5.41,-0.007461503306378652,0.040273411717325396,1545,0,16.832421680755843,14894,0,669,10,3.2914609996157598,53427,0,999,3907,14894,54096,0,1
9997,JEFFERSON SECURITY BANK,544372,503182,757,0.5601049179357508,9.96,0.07276460002208925,0.013961041346726134,105,29,7.793501910664985,42625,13.539555216761087,4079,75,2.7519632134733,383243,429,2874,76025,31106,387322,72,2
9998,CAPON VALLEY BANK,224875,201724,505,0.9043554564644627,10.02,0.08523439458510905,0.430461367426348,2104,197,9.856546640409041,21822,0,1927,80,4.311931024517123,157997,0,11723,22509,20475,159924,42,8
10004,ERGO BANK,240023,202288,437,0.7230640044012592,7.46,0.022550283287933806,1.5502680993071498,678,0,8.770010728485179,20845,10.996673020103973,1598,42,3.9817392864499923,194376,0,317,58450,23655,195974,13,2
10011,WOODFORD STATE BANK,470189,366875,1459,1.2647323658578606,27.83,-0.004813991867362489,0.2248032174295868,55,0,7.24371539743369,34515,10.321543677069087,2411,90,3.538901176740197,330797,0,1461,78658,21924,333208,0,4
10012,PORTAGE COUNTY BANK,210120,176181,1087,2.0575625360830596,18.07,-0.003516220765920788,0.021892252046449647,190,0,11.691124786619042,24450,0,1225,15,4.247509967671059,111607,274,175,32795,24523,112832,0,1
10015,SECURITY BANK,228495,195748,782,1.4129806302399537,12.69,0.5760088095464989,0.5137968008052692,4020,0,11.72803953626635,25250,0,1728,60,3.766107839968522,190383,34,1019,81715,25041,192111,272,0
10044,NATIONAL EXCHANGE BANK&TRUST,2950502,2392693,10118,1.3923995325181646,8.14,0.4945610436574673,1.5942710765829,2452,0,18.202695824453038,538581,0,48591,1850,3.5603835451816375,1621249,3242,12692,731725,506021,1669840,2251,216
10055,FIRST SOUTHERN BANK,329287,299466,739,0.918508759391721,10.64,0.0038620663020232397,0,0,0,10.22714006707873,32414,15.197525533358593,1919,50,4.450849660817197,208046,178,1775,83724,28237,209965,3,1
10057,BANK OF HANCOCK COUNTY,85564,72607,87,0.4118781882093951,2.8,0.061668122719564206,0.10518442335561684,483,29,18.943036175550915,15327,0,819,0,3.3902348679377954,19541,0,4071,590,12719,20360,4,1
10072,PLANTERS&CITIZENS BANK,144221,123898,259,0.7284027870546794,10.4,-0.00965210204684889,0.39869367151801743,29,0,9.965996737898433,14420,0,1199,41,3.7281636949698225,82046,0,1230,31237,10261,83245,1,3
10074,APEX BANKING CO OF GEORGIA,63580,58297,14,0.09236580156197169,1.12,0,0.03774771940861906,422,0,11.088143853457693,6598,0,464,18,4.655883171820411,34331,0,1097,4401,5128,34795,0,0
10075,PEOPLES STATE BANK OF COLFAX,43341,37957,148,1.3488880787458988,12.13,0.07793662777953676,0,516,0,11.555823723965316,5171,0,110,0,3.7862653225424774,20098,0,1230,1156,4992,20208,5,1
10077,FARMERS STATE BANK OF EMDEN,38779,27811,148,1.5619640642727104,5.53,0,0.010314861136181954,5,4,27.664981134012677,10778,48.97369964361438,78,5,3.5361159846042947,12803,0,70,1841,10778,12881,0,0
10101,NAPOLEON STATE BANK,480770,428126,1632,1.3829541578660813,13.78,0.18064192841444948,0.39374337001060794,3258,1267,10.291827763359992,48580,0,4308,207,4.253446824097505,318384,0,5295,35401,48267,322692,199,53
10111,OHNWARD BANK&TRUST,457255,385538,1192,1.063397966875867,9.22,0.0011771543764392551,0.49775289499294706,7931,316,12.71638284313392,56072,0,3533,75,3.5481988334720937,338851,0,1413,55572,52692,342384,2,1
10118,LEIGHTON STATE BANK,278453,236239,763,1.09511771977258,10.39,-0.01569608456265558,1.189428736627007,309,774,10.637022963517783,29113,15.220037842304176,2017,75,3.131864049667859,201485,0,849,33666,29993,203502,6,14
10120,AMERICAN TRUST&SAVINGS BANK,33605,29053,6,0.07163537593648331,0.73,0,2.002678172890939,13,0,14.338421675209823,5091,39.809206541490006,320,0,1.949799006108948,5610,0,402,48,3426,5930,0,0
10121,LIBERTY TRUST&SAVINGS BANK,177508,144754,548,1.2411247126501863,6.89,0,0.006760258692565969,571,12,20.094023203387035,36545,0,1427,0,3.428571428571429,109226,0,2447,9673,32042,110653,0,0
10122,FARMERS SAVINGS BANK&TRUST,228387,212078,788,1.4540522711493795,29.97,0,0,24,0,9.878580795960424,22146,17.343922179579742,676,0,2.9907460889014517,108862,377,770,13523,11547,109538,0,0
10123,FIRST TRUST&SAVINGS BANK,50725,44719,-116,-0.8957701886136797,-12.67,0,0.7885657959586003,431,210,10.812998727882503,5610,0,141,1,2.0439183726270174,11322,0,276,600,3716,11463,0,0
10125,CITIZENS SAVINGS BANK,169567,155855,348,0.8426762234544882,13.18,-0.012478844459003097,0,209,0,9.38321205537315,15461,18.56962170863516,684,0,2.6547296890019703,63238,0,252,7502,10882,63922,0,2
10127,SUCCESS BANK,268347,236069,1055,1.5663683638131791,14.28,0.009804858797777238,0,952,0,11.69605248443732,31377,0,1800,-16,3.9215063916904054,201776,470,383,19027,30034,203576,7,2
10132,EXCHANGE STATE BANK,145731,118311,586,1.629622419822438,17.59,0,0,439,0,10.341232358383738,14977,0,762,0,3.494417827948051,118010,0,728,15069,13617,118772,0,0
10137,COMMERCIAL BANK OF GRAYSON,237248,212015,377,0.6453117544734268,6.3,0.016508119931491302,1.9165598867008364,4018,2732,11.640355498156236,27400,19.426350212929673,2018,62,3.8693160195126453,143465,0,9076,40462,24316,145483,21,15
10145,HART COUNTY BANK&TRUST CO,25497,17885,132,2.0995705423890567,7,0,0,0,0,29.127664595296153,7406,39.94677242602933,1014,1,4.220840399472395,16132,0,52,5774,7406,17146,0,0
10157,SHELBY STATE BANK,354043,316280,566,0.6383839637046007,8.6,0.02563154651879236,0.11439288448013377,419,0,9.27701556960074,33099,14.503178526196711,2286,115,3.4472267657096727,202600,0,1678,103759,27315,204886,15,2
10159,FIRST STATE BANK&TRUST,410937,372698,1620,1.5523244741440954,19.05,-0.013591203772918167,0,87,0,9.1488062066062,37594,14.79611874367206,3604,94,3.5018441130140596,298240,0,7512,78944,34826,301844,5,15
10160,VERSABANK USA NATIONAL ASSN,170734,54293,-14,-0.03213782535961366,-0.06,0.27463506373324575,0.03807091733339581,109,0,55.89711950461592,98754,94.8505936107978,473,76,4.195136189351625,88857,0,111,0,98759,89330,49,3
10162,FIRST STATE BANK MINNESOTA,96659,84734,344,1.4030079021157278,13.05,-1.2269470147259096,0.6590177841690892,38,637,10.737173108307129,10790,0,1251,10,4.190058290851993,77555,203,429,2305,10588,78806,0,241
10163,SECURITY STB OF MARINE,229353,205514,1326,2.362325715011057,23.17,-0.004725535019167951,0.25070524475372025,405,2,10.531237799507895,23198,16.26887797046848,2072,45,4.118179497296168,166702,0,644,31482,22575,168774,0,2
10165,FARMERS&MERCHANTS STB PIERZ,320572,297942,433,0.5325290054590373,8.76,0,0.11635451630210998,1841,373,9.810749810874853,31384,0,2993,102,4.2683565517963755,217986,0,3843,35006,19388,220979,0,0
10167,CITIZENS STB OF ROSEAU,283203,251010,1049,1.4711631339701594,14.11,0.11925793652052283,0.2740083968037062,530,19,12.937173215211875,36917,0,1789,86,2.9202951897006804,150679,0,9245,13928,30484,152468,51,4
10168,FIRST FARMERS&MERCHANTS BANK,451445,409835,993,0.876826998854297,10.59,-0.0028416709735742357,0.00531626222463423,109,0,9.688477667576382,43665,14.218398807778755,2798,0,3.655523732482127,281337,0,2210,57550,38583,284135,0,2
10169,SHERBURNE STATE BANK,303129,251068,1270,1.735858985376755,21.96,0,0,1037,0,9.158372591006424,26731,11.103447512752515,3164,120,4.499927792026412,228583,0,1525,108719,23501,231747,0,0
10174,FARMERS STB OF UNDERWOOD,104372,94780,314,1.1930827796169026,16.88,0.005181514945432171,0.007664890966925995,626,8,8.378980952930098,8719,12.970778784375925,1048,15,4.686406127743689,75536,0,1401,12360,7515,76584,1,0
10175,SECURITY STB OF HIBBING,147034,132941,270,0.7175102394690425,9.03,0.14179125811154628,1.2935783560264973,42,55,10.622305878725195,16535,16.888687765741814,1379,212,4.020471468423257,86216,386,489,21383,11948,87595,31,0
10178,PRODUCE STATE BANK,111091,98700,436,1.55375096329887,14.57,-0.0367816091954023,0.636415191149598,355,120,9.9207106073404,10923,22.84705835696298,599,0,4.3567128657426855,52227,24,1504,7989,11988,52826,0,5
10185,ELYSIAN BANK,70151,61382,289,1.6506857628352956,13.51,0.09882174078297225,1.1118872147225272,229,0,12.460622028753079,8702,15.786044802298582,768,15,4.91425646275915,52687,0,3000,13108,8506,53455,14,1
10187,NORTHERN STB OF GONVICK,52435,44334,186,1.408010900729554,9.46,-0.02407390689416509,0.390960236483265,315,56,15.224217822540497,7951,50.3611334032965,612,0,2.9788763327077428,16114,0,1378,2511,7946,16726,0,1
10191,PRINSBANK,218395,181744,1107,2.0944884869354623,13.79,-1.7925014191889383,1.743171775910621,2363,3135,15.033108519485177,31852,24.029262802476083,11867,99,4.674018710620544,117653,0,1612,101386,31917,129520,0,596
10194,PINE RIVER STATE BANK,173583,159751,311,0.7043330068338419,9.53,0,0.27133993536233386,909,0,8.347983529480478,14293,16.481069042316257,1136,5,3.2321519017161973,102278,0,1171,26258,13359,103414,0,0
10197,HOMETOWN COMMUNITY BANK,93969,84007,254,1.0860966797083789,12.43,-0.19045232427014158,1.1812406219072247,876,436,9.386966688129045,8310,0,907,45,3.297381457891012,77944,179,1900,24988,8270,78851,0,38
10200,STATE BANK OF JEFFERS,38451,33443,170,1.7572648689157935,14.52,0,0.0026007125952510987,8,0,12.138757811503636,4759,18.304551441533732,244,4,4.530495831505045,20366,0,537,714,4759,20610,0,0
10202,LOWRY STATE BANK,85117,70683,434,2.0678482942633885,23.38,0,1.1936510920262697,1555,433,9.066077003121748,7667,13.309013145480847,964,0,4.0906168076371365,72575,0,2526,9253,7644,73539,2,2
10212,COMMERCE BANK,246354,175244,530,0.8557842132032972,7.96,0,0.1526258960682595,143,303,12.209502443844226,30151,16.206954693326985,3305,0,2.6283469966646926,202536,0,53,80544,27010,205841,0,0
10214,VERMILLION STATE BANK,858571,744798,5260,2.4670151051911087,19.66,-0.32257504212085647,0.09608989821459146,1240,7,13.070183393852167,110972,0,6687,0,3.261884256108505,396838,0,7437,110576,110491,403525,0,325
10218,CITIZENS BANK&TRUST CO,312834,286527,896,1.1379204693921936,37.5,0,0.2442189787555061,683,0,7.939145805320965,26275,14.563340099290853,2076,10,3.02540415704388,162149,0,3405,39120,10609,164225,0,0
10236,GOOSE RIVER BANK,180585,154325,385,0.8488777175111347,8.81,0,2.4055154082565,3882,4344,10.739309355630056,18868,0,1294,35,3.9824311724002555,130516,0,2031,18557,17671,131810,0,0
10243,FIRST STATE BANK OF GOLVA,112871,106117,697,2.527835201102528,45.34,0,1.1065729904049757,119,0,9.774329291028213,11010,19.825137355627753,409,0,4.207553961879562,42217,308,2239,2241,6375,42626,0,0
10248,FIRST INTERNATIONAL B&T,5474581,4863199,30946,2.26550916762158,26.94,0.004938276685469841,1.2770109712505853,43486,24,9.635603095270087,524928,12.8041820310901,46295,1100,4.023582892055136,4315098,14965,26013,1235859,473411,4361393,410,356
10250,PEOPLES STATE BANK OF VELVA,166793,148189,364,0.8865858225427842,10.24,1.3132743362831858,0.4304737009346915,23,0,10.061849821480326,16317,15.089266782579195,1475,0,3.582832155726248,111817,187,2135,12977,14745,113292,377,6
10253,FIRST SECURITY BANK WEST,71620,64602,225,1.2749229734036902,13.34,0,0.009773806199385646,0,0,11.991335941866964,8581,35.16648849823811,285,0,3.841379566655517,27167,0,201,14337,6889,27452,0,0
10255,OLD FORT BANKING CO,835306,781849,2106,1.0153208101594755,18.61,0.016225278984658097,0,1,0,8.440967004623152,73306,16.451874729884995,4731,25,2.4930653406039314,436083,0,866,144402,49488,440814,41,23
10266,CITIZENS BANK CO,322267,280675,870,1.082434544592104,9.97,-0.004105722350526046,0.19890339376976235,1484,69,13.114097709355018,42251,0,5455,50,3.362292374417574,189640,525,2292,45744,35176,195095,0,2
10280,FARMERS&MERCHANTS BANK,135461,116919,301,0.8915084560021325,6.74,0.18729317075948645,2.734366348986055,1979,613,14.184501303182703,19320,0,1648,104,4.040625685715182,77107,0,1324,8252,18212,78755,64,27
10307,BUILTWELL BANK,1934626,1718906,9669,2.0175605389446933,18.29,0.02487724832118441,0.42406129143307286,8339,0,8.682000476227422,162254,13.377504821526912,18815,0,4.680786477479951,1243104,2390,9337,660132,197613,1261919,117,39
10308,BANK OF FAYETTE COUNTY,1022434,878888,2588,1.0282521005565395,11.16,0.32263662324737147,0.7177969433723839,18796,1983,9.936857560939504,99349,0,9469,340,3.888397506685996,826249,0,23737,148174,94380,835718,698,31
10315,BANK OF HALLS,140880,130239,245,0.7082690410543091,10.51,0,0.3577512776831346,335,0,7.789040413657736,10635,14.415391713113628,926,0,3.010452961672474,50223,0,1945,7712,9581,51149,0,0
10317,CITIZENS B&T GRAINGER CNTY,268711,242242,737,1.1128916874767598,12.16,-0.03448870494912916,0.24003483296180655,529,0,14.217809489931858,40769,0,1168,-19,3.4269348923167304,104736,0,2517,26448,25117,105904,1,10
10319,CITIZENS SAVINGS B&T CO,184276,166040,78,0.17092425097377517,1.82,0.3468735155056925,3.2603269009529185,7483,0,9.521929824561404,17368,15.486739922018497,1856,0,3.2045998610364874,155137,0,450,45834,17208,156993,160,24
10327,CITIZENS STB OF LULING,68963,58031,147,0.8440211579453538,5.6,0.014215904042647713,0.03915142902715949,595,0,16.158653233005992,11403,0,1065,17,5.463931655169263,55634,0,405,37474,10666,56699,2,0
10330,COMMERCIAL STATE BANK,116291,105039,519,1.8623009643417807,19.83,0.7006061164757669,2.117962697027285,4835,855,11.288393561132914,12742,25.836886685060488,720,110,5.462513163705541,43524,0,2044,13006,10799,44244,84,8
10344,SCHERTZ BANK&TRUST,813581,712149,2934,1.3853001896879178,12.48,-0.04245724238736484,0.25307867317452104,2772,0,11.568403502553398,96932,0,9192,450,3.4778102321548854,660183,0,850,308096,95710,669375,0,72
10345,PEOPLES STATE BANK,176510,163326,525,1.2223764744916223,17.53,0.01486160133754412,0.015296583762959606,1463,0,9.862491770013708,18275,19.698486175403477,566,0,4.116093646843736,82744,0,2986,15844,12568,83310,3,0
10352,CROWELL STATE BANK,54010,48180,284,2.153676986368893,21.69,0.2500146492958572,0.10923902980929456,329,59,10.550180231455132,5561,0,185,10,4.833591841286254,26386,0,1313,2009,5436,26571,16,0
10363,CITIZENS&FARMERS BANK,2591080,2225409,6060,0.9443407730036971,9.28,0.6328898689295105,0.13859085786621794,15072,111,10.27964257172183,264201,13.702411062911832,40043,3000,4.294551682242269,1930139,0,72383,557204,266464,1970182,4134,1040
10374,BANNER BANKS,122820,106686,331,1.0661470139428517,8.51,0,0,45,0,13.18181818181818,16269,0,317,7,3.218278473760921,31605,34,539,11610,15823,31922,0,0
10378,BANK OF NEW GLARUS,760919,591179,2385,1.253777596413723,14.66,0.031364693869004284,0.375072773843208,3884,0,8.39085529217381,63734,11.632718276126754,6281,150,3.8679906225341703,564001,336,8031,94444,66737,570282,51,7
10380,OOSTBURG STATE BANK,390981,346066,1110,1.131058902949287,11.17,0,0.19617321557825063,1016,0,11.563868212262248,45270,14.679527678166238,4143,-80,3.463400988068757,276134,0,1327,103460,40535,280277,0,0
10382,FARMERS&MERCHANTS BANK&TRUST,168478,141862,279,0.6536923955541888,7.86,0,1.102221061503579,1321,0,10.764632908537273,19090,17.507184411579168,842,0,3.609517010776015,113353,0,370,38438,14697,114195,0,0
10383,STATE BANK FINANCIAL,512868,430107,1033,0.8300097122385254,10.46,-0.06666133375996587,0.18406295577029566,743,0,9.44615673084811,48363,14.419084512387448,2929,91,2.8080052628243095,304614,0,794,113850,40544,307543,0,50
10384,WAUMANDEE STATE BANK,338379,288139,491,0.5788609643163457,5.44,0.396959999689875,0.6368598524140091,2119,0,9.051292265720253,29992,13.212106468811449,2595,130,3.8825583240755432,254432,328,1209,62382,35991,257027,276,20
10407,FARMERS STATE BANK OF BRUSH,114010,91723,93,0.3256060254620411,1.78,0,0.19910534163669852,4738,96,19.630977891376,22811,0,772,0,3.0255278915852504,64268,0,572,4256,21073,65040,0,0
10434,STATE BANK OF GRAYMONT,322903,285285,655,0.8186949939300954,8,-0.002141012431253429,1.797753504922531,2082,5537,10.810335629061985,35662,0,2332,0,2.63817175362001,179642,0,1698,55327,33308,181974,3,4
10437,FIRST STATE BANK OF OLMSTED,74968,66345,187,1.005227721707812,9.03,0,0.6682851349909295,1383,238,11.584825623540151,8630,21.70818505338078,459,3,3.310599801139944,42252,0,1874,5844,8485,42711,0,0
10438,RARITAN STATE BANK,249255,222229,646,1.0416015833633976,10.26,0.16586695101001125,1.0005817335660268,5123,726,10.94235539240004,27572,0,1589,0,3.0601501417313024,167158,0,3875,630,25707,168747,99,29
10446,FREDERICK COMMUNITY BANK THE,193956,173783,1115,2.290168450618885,23.07,0.06907309660448169,0,289,0,9.984554167817432,19522,20.904834595170527,883,0,4.131270199435086,83044,0,452,8616,19639,83927,20,5
10458,FARMERS STATE BANK&TRUST CO,127712,116379,428,1.338514342900479,17.78,0,0.06342395389626661,945,0,8.567638251904636,11302,12.730392714266516,993,30,3.7260017392467724,91073,0,1821,14158,9866,92066,0,0
10460,TOWN&COUNTRY BANK MIDWEST,222045,193003,1755,3.157788198778719,25.11,0.06364125911783425,1.0718548042063545,1017,0,13.20233134515347,29085,0,2153,60,5.307522381118475,163501,0,1002,38425,28574,165654,29,3
10463,MIDDLETOWN STATE BANK,40901,35425,183,1.8124868458519554,18.8,0,0,288,0,9.551188743328481,3937,0,183,0,3.3248576997044283,28987,0,608,6558,3937,29170,0,0
10464,FEDERATED BANK,117715,105508,222,0.7479689862409084,7.74,0.02098654237969902,1.0525421569043876,431,36,8.918374060546759,10573,17.697352824970366,620,30,4.203107944689274,54883,655,425,12497,11713,55503,4,1
10467,GIFFORD STATE BANK,191584,166064,1078,2.266789328426863,18.47,0.0030122636785010976,0.13101302822782696,851,228,12.034871899145996,23675,0,2033,0,4.808445428230887,131519,0,3917,4963,23596,133552,4,3
10469,FARMERS&MERCHANTS BK HUTSONV,50060,40850,209,1.6574969021065675,9.25,0,0,488,0,18.229467684397232,9147,0,100,0,3.3355669719306085,36093,0,2471,4308,9147,36193,0,0
10471,CAMP GROVE STATE BANK,59546,45981,53,0.3517708843221359,3.5,-0.032981530343007916,0.031908104658583285,0,0,9.114206860297017,5548,23.342175066312997,172,0,2.681818585998702,11723,0,199,2726,6150,11895,0,1
10473,IPAVA STATE BANK,203269,180382,546,1.0578422730046788,11.93,0.0653446218535144,0.12298973281710443,940,195,9.209901695116402,18625,15.359273371050303,1175,43,3.7079541681807133,138280,0,2222,29706,18598,139455,24,1
10474,CITIZENS STATE BANK,422945,379898,1555,1.4854476284183804,15.96,-0.031002617607372985,0.21184787620139736,8464,47,10.606699775651474,44252,16.12615222095381,3071,45,3.5823566659209742,280355,0,2907,28588,39885,283426,8,30
10492,FARMERS&MERCHANTS SB,123602,103300,254,0.8218269471879122,6.32,-0.04939643728196104,0,2,0,13.14250843208563,15937,0,1030,0,3.2357013899844,78892,0,211,19280,16140,79922,0,10
10494,MOUNT VERNON BANK&TRUST CO,182235,154403,434,0.9443250741153751,9.06,0.003155071777882947,0,325,0,12.843269038711732,23791,0,1088,0,2.6385149255216613,125144,25,1852,15037,19574,126232,1,0
10497,IOWA STATE BANK,202226,176950,707,1.4202241322596278,12.91,0,0.4846063315300703,964,12,11.353212160141313,22624,0,2664,9,2.995205180895448,153959,0,2051,16908,22219,156623,0,0
10500,FARMERS SAVINGS BANK,129569,111219,102,0.3186927348991978,3.24,-0.009017996539343827,0.19834991394546536,178,0,13.834200099058942,17876,0,1163,0,2.837710969791972,87212,0,997,10612,12658,88375,0,2
10503,FIRST STATE BANK,80223,72101,209,1.008395252340056,11.21,0,0.5372524089101629,289,431,14.698165635274712,13277,23.35230677052127,902,0,2.8653625593479894,31950,0,965,1410,7549,32852,0,0
10505,KANSAS STATE BANK,193225,174496,787,1.595236587065307,19.97,0,0.27015137792728683,946,0,9.432726386448802,18577,0,1030,-19,2.7126390571357537,76993,0,1059,11340,16490,78023,0,0
10520,CITIZENS BANK,225312,177891,926,1.7308896511117136,24.39,0.014226167612706812,0.2192515267717654,241,0,8.267658487631566,17383,16.152985716744105,1390,60,4.590718980282812,139208,0,3202,14464,15913,140598,15,10
10523,BANK OF COMMERCE&TRUST CO,361651,324073,114,0.1245341915996772,1.87,0.04398577060320986,0.09456630840229946,486,0,11.279407619704916,42819,0,635,0,2.199194245769501,88860,0,4540,19992,25906,89495,10,0
10528,EXCHANGE B&T NATCHITOCHES LA,204361,186029,1032,2.1702271956595456,24.08,0.021408806512558942,0.6571703994402063,399,0,11.817859494504383,23332,0,950,0,4.206736978338241,93859,0,2300,17017,17800,94809,5,0
10531,CITIZENS PROGRESSIVE BANK,282332,249892,410,0.5788558772401987,5.44,0,3.1558590595469163,5677,7532,9.299828332962226,25895,0,1613,60,4.224532486120068,225041,0,4886,55767,30294,226654,92,92
10532,CLB THE COMMUNITY BANK,315082,282045,1473,1.8618966887500927,18.77,0.038436759519103726,1.8725284211729012,3249,1418,10.936892412287854,34876,0,2533,150,4.471976242626211,221467,701,5965,80452,32215,224000,27,5
10533,WINNSBORO STATE B&T CO,362991,317608,1229,1.4047620748530159,12.51,-0.010605919997272763,1.4832323666426992,3070,2530,12.175493174780852,41877,16.194220490986503,2689,56,4.286909052202606,268246,0,6441,40016,40501,270935,32,39
10561,ARCADIAN BANK,224476,190465,908,1.625099555245331,13.91,0.10171826996147125,0.11760722749870811,21,0,12.591350801085236,26964,0,1907,30,4.082171461762044,165393,0,239,43743,26002,167300,43,0
10567,UNITED MINNESOTA BANK,49804,45872,199,1.5989233380537728,21.46,0,0.3995662998955907,0,22,7.342850382522281,3724,13.930878109110898,331,0,4.655819774718398,34063,0,1758,2733,3724,34394,0,0
10571,FARMERS&MERCHANTS STB ALPHA,44751,38821,77,0.7041931501211761,6.15,0.027622401767833715,0.5273625170387254,19,54,11.518964424730695,5090,0,348,0,3.6367582689223568,28033,0,904,3537,5057,28381,2,0
10576,FIRST SOUTHEAST BANK,140261,110210,357,1.025453213697125,15.77,0,0,255,0,8.378401953942777,11526,10.863924160121787,1034,32,3.670533854364651,117476,0,1753,12822,10053,118510,0,0
10594,BANK OF FRANKLIN,243790,214339,744,1.2421530653132096,10.96,0.06844768325244509,1.5554370564830386,1878,318,12.080851238650837,29406,0,2633,91,4.755023242703939,168125,0,4475,47870,28144,170758,45,16
10595,COMMUNITY FIRST BANK,249227,226084,1476,2.362526110235212,27.3,-0.023435611876972805,0.29651683003847895,1528,351,8.854305653267346,21899,12.85146302855116,3613,75,4.6048351611334395,201718,0,6747,31582,22059,205331,74,86
10597,TBO BANK,163404,140560,463,1.2312151601676633,10.66,46.468842729970326,0,11458,0,12.028010713153297,17829,16.932145112623676,5456,10447,125.36197023541644,90440,0,74374,2966,17705,95896,10965,3
10608,UNICO BANK,518515,476134,1259,0.9817386091711464,12.71,0.05009688207121705,1.008842560003086,8738,0,8.17951607095148,42249,11.835923429551714,3322,255,3.9213818833813328,409849,0,7875,93293,40247,413171,92,40
10618,BTC BANK,1394240,1017872,4288,1.242546945954786,14.36,-0.0036801541248547487,0.7303620610511821,18808,2572,8.974249523219708,124041,0,10952,600,4.381161701162762,1093866,0,6329,116606,122289,1104818,9,19
10619,HAWTHORN BANK,1871285,1558261,6279,1.3637204003960413,14.25,-0.004903451382790316,0.13803349035555781,12797,17,11.179647271030435,204843,14.409867426213355,21780,-440,3.7501006879934256,1448767,1855,4528,512547,179591,1470547,142,160
10623,STATE BANK OF MISSOURI,146630,135321,384,1.0745654690905022,15.24,0.01529743959104845,1.370115256086749,2332,0,8.58303015438281,12598,18.998038966718866,827,42,3.269766647653579,78522,0,1112,10912,10291,79349,3,0
10626,BANK OF NEW CAMBRIA,34548,30927,39,0.4629629629629629,4.51,0,0.07815213615838833,1,27,13.159923478856753,4609,0,249,0,3.947136563876652,9044,0,10,225,3537,9293,0,0
10628,PREFERRED BANK,137752,129386,318,0.9416537423703467,27.48,0.014958863126402395,0.10453568732214415,102,144,7.549341079091307,10890,21.97825500250607,464,5,3.2852219712894732,54075,55,1597,4971,4656,54539,2,0
10634,PINNACLE BANK,8455213,7442509,22901,1.094851797782293,12.79,0.004906454966046605,0.1966006060403209,67548,2993,9.827039869942555,823656,13.022815311800962,71384,1101,2.69275608847455,6150498,3871,15752,1904551,738091,6221882,129,53
10635,BANK OF STEINAUER,23432,21583,71,1.3913384283754655,15.97,0,0,0,0,8.332567753789618,1814,0,76,0,4.242988719859257,11164,0,305,785,1814,11240,0,0
10637,FIRST CENTRAL BANK,140367,119288,-228,-0.6672861501540173,-6.1,4.1521643910457176,5.147933631124125,660,0,11.073174749357952,14789,13.059442132033658,1143,390,4.098965733471976,104490,0,1530,6588,14731,105633,1135,33
10639,FLATWATER BANK,299677,270518,1290,1.709186546449463,20.67,-0.0017472857008690565,0.2789670211594483,6335,537,9.961779431845565,29765,0,3046,108,3.6194737173094715,224244,0,4243,18569,25912,227290,4,5
10641,RIVERSTONE BANK,521190,454489,2166,1.6879971788782144,16.81,-0.05347320958212726,0.09689364723037663,199,0,10.284655723658636,51854,12.755345419368865,5880,80,4.2064472476946655,438711,0,2139,176700,51936,444591,7,66
10643,DUNDEE BANK,764380,653071,2663,1.4489471260803002,17.42,0.006799698649718933,0.030743870849577436,1748,0,9.108097392921104,66623,0,9212,753,3.5337827139270286,665576,0,608,204624,62556,674788,16,5
10647,AMERICAN EXCHANGE BANK,67901,60296,603,3.5167526900533637,35.43,0,0.5508019027702096,242,274,10.422073487228522,7630,0,628,0,4.300044083185745,44038,0,100,11390,7034,44666,0,0
10663,ANDOVER BANK,566782,535647,907,0.6407612837479237,13.62,0.025588488190724547,0.1146825410828149,215,0,9.338619365407599,55638,22.47284221948755,1591,0,2.8282805262288266,264848,0,860,31350,27667,266439,17,0
10667,MABREY BANK,1862087,1680469,4521,0.9705561994384578,15.91,0.02555259362583037,0.4479382542276489,3020,0,8.075916153799929,151863,11.98696447274002,15154,650,3.695711809139732,1333840,0,13480,463741,117116,1348994,91,6
10672,EXCHANGE BANK,152106,138298,416,1.1209312351799956,12.69,-0.021503449511692502,1.5213075092369794,679,579,11.378956950164548,17876,0,775,60,4.1640580638585964,54289,0,305,17112,13350,55064,0,3
10674,BANK OF HYDRO,173324,151145,1307,2.7571294843566654,27.79,0,0.06231104751794328,770,0,10.317326563120096,18978,0,1410,11,4.969334252287935,143513,0,1140,38444,18978,144923,0,0
10677,JONESTOWN B&T JONESTOWN PA,968617,811580,1770,0.7372177838171325,7.9,0.28304969287948284,0.08796046321714361,4240,510,9.563597647196632,91441,0,9166,858,3.7419851910151234,773935,0,5643,235044,90374,783101,818,269
10685,MIFFLINBURG BANK&TRUST CO,605164,506528,1794,1.1968417787176981,13.21,-0.0018058262727407137,0.07320329695751895,588,0,9.788761448964436,59315,0,4451,7,3.339414912574719,445231,0,1047,137405,55542,449682,0,2
10704,AVANA BANK,41754,32962,-80,-0.790621255358312,-3.66,0,0,0,0,16.56396414748421,6505,0,128,0,4.543429844097996,8750,0,386,2957,8698,8878,0,0
10709,CROSSROADS BANK,340524,314352,1531,1.8188676331257259,26.78,0.25851967882383414,1.5367492452808025,3440,0,11.197218410614717,37292,0,2431,165,4.014417711560289,201282,0,12915,50435,24328,203713,162,31
10719,PEOPLES STB OF HALLETTSVILLE,371488,340811,730,0.7745501905870932,10.33,0,0.01642044965113274,327,0,10.012984353983034,38635,0,1224,0,2.0390443073717086,145263,0,1880,6745,29059,146487,0,0
10741,INDEPENDENCE STATE BANK,84709,73828,206,0.9867908937403447,11.03,-0.007077203443059475,0,213,0,9.257060066978601,7795,13.151633138654553,693,0,4.299702799937431,56928,0,79,8692,7501,57621,0,1
10788,ILLINI STATE BANK,167182,126586,319,0.7630073011905545,6.15,0,1.385316601069493,86,224,13.338665775273387,22346,0,1011,25,2.4794936853570784,107592,0,122,37288,21285,108603,0,0
10791,COMMUNITY BANK,287277,195130,1016,1.4108269862319394,10.29,-0.026945727677148725,1.023054403937663,114,0,15.785778074702261,46312,25.96991290577989,1904,0,2.7938085926792273,192529,0,775,21165,40003,194433,0,13
10799,FIRST STB OF CAMPBELL HILL,159982,138925,596,1.4925887085413765,12.78,0.003891239846296026,0.1787701116375592,1773,4,13.16995868470202,20943,22.324582387491475,943,4,3.871806409679516,104630,0,3146,14383,19091,105573,1,0
10803,DEWEY BANK,31299,27754,84,1.1265716680637048,9.84,0,0,115,0,9.396691646234071,2721,12.307692307692308,103,4,4.599559147685525,20733,0,109,2951,3450,20836,0,0
10804,DU QUOIN STATE BANK,140848,131899,310,0.9100049169620513,46.71,0,0.4423207997273657,93,0,10.299903574771783,14634,25.26432300270931,648,7,3.2885829898271752,41418,0,1721,13455,2452,42066,0,0
10809,FIRST STATE BANK OF VAN ORIN,46349,42435,66,0.5859505049384086,7.75,0,0.3430494724805282,208,159,10.502742030632087,4807,25.69241046194954,193,21,2.4855315260432533,11532,0,114,1175,3548,11725,0,0
10816,GRAND RIVERS COMMUNITY BANK,18236,16148,-60,-1.3092218312740367,-13.9,0,6.936828251809607,1318,279,9.242785853764374,1704,13.406390094641713,550,-55,4.4842238495615225,12202,0,1121,5602,1697,12752,0,0
10820,STATE BANK OF INDUSTRY,67433,59580,196,1.2090276117849348,10.5,0.032125933659946995,0.05042041730310085,78,34,13.643710630069942,9032,0,499,0,2.985312136980634,36438,0,2343,1482,7499,36937,3,0
10821,CLAY COUNTY STATE BANK,105030,94089,323,1.2093811282252893,13.15,0,1.4253070551271065,1772,1146,12.341909356752119,13379,0,454,0,3.221723172263466,45636,0,3994,8387,10335,46090,0,0
10829,PETEFISH SKILES&CO,483424,422965,1842,1.5624155096458165,16.6,0.031896909189499535,0.2670533527503806,1556,62,9.395671247900744,43862,0,2713,100,4.307949725221857,309083,507,10673,30488,45349,311796,35,10
10831,FIRST T&SB OF WATSEKA IL,313814,265165,1409,1.7689809997755817,12.08,-0.13668329443351182,0.016888985195051845,130,0,15.634535609203274,51596,0,1685,-149,3.4299114543322684,153404,0,1818,15659,47194,155089,1,57
10840,CAMPUS STATE BANK,25827,22843,101,1.5997782485596055,14.01,0,0,104,0,11.30212568242537,2919,0,162,4,4.998988877654196,15351,0,1182,1546,2919,15513,0,0
10843,CITIZENS BANK OF CHATSWORTH,40456,36534,7,0.06937390054755828,1.01,0.0698730639338535,0.3411113308285545,121,40,12.609327764059724,5464,25.625585440920645,388,0,3.4639830508474576,16272,0,163,10402,2894,16660,3,0
10844,BUENA VISTA NATIONAL BANK,319243,269073,956,1.2158731218591667,12.16,0.02968523053762073,0.2906876579909348,1640,64,10.68777894013581,34532,16.988983641824788,2754,75,3.8970970817168182,185240,0,1962,48721,32471,187994,41,27
10845,CLAY CITY BANKING CO,231154,209695,582,1.0347126538957288,12.33,0.0822714892798259,0.3534440243301003,963,150,10.25216388822808,22410,15.697555773522307,1413,1,3.4263460302539066,148023,0,3082,28515,19348,149436,33,2
10849,TOMPKINS STATE BANK,299608,269971,734,1.0022701281854336,12.26,-0.00515661609960004,0.1368454780913727,1450,30,9.363453198101288,27419,14.025398987933047,1330,0,3.506706114034391,154803,0,1703,15166,24246,156133,0,2
10853,WEST CENTRAL BANK,247382,201803,935,1.500363055766168,20.4,0.33164124975260634,1.5053641736262138,2964,2494,10.691443598526046,26345,0,1193,30,3.7674951352133905,183480,0,4623,26078,19287,184673,157,2
10855,STATE BANK OF BEMENT,170806,151142,211,0.48095963985012746,5.11,0.192781804363542,0.8945821575354497,2908,219,10.013679426594614,17715,0,1198,180,3.7810007162841384,103591,366,3629,18874,16813,104789,55,3
10858,ANDERSON STATE BANK,111188,94783,303,1.1216510110591829,7.67,0,0,0,0,16.017687012809407,17569,0,232,0,2.670750262200316,42637,0,777,3568,16166,42869,0,0
10860,MURPHY-WALL STATE B&T CO,203145,181811,483,0.9423792637540059,9.96,0.2049858875100522,0.7994289793004996,4466,41,11.484945786216203,22212,0,1416,0,4.265837609481284,122098,0,2354,31400,20192,123514,65,0
10871,FIRST STB OF BEECHER CITY,109957,93715,645,2.390859133915912,15.9,-0.030327345788605763,0.25737333684985947,737,10,14.550103382070596,15763,22.344866340210324,1312,0,4.474354836378701,77786,0,9398,13171,15739,79098,0,6
10872,CHESTERFIELD STATE BANK,23096,21091,14,0.24022993436575005,2.86,0,6.9579147904399035,1730,1562,8.716417910447761,2044,14.00399400898652,203,0,3.123965848169965,16155,0,1520,166,1968,16358,0,0
10878,WATERMAN BANK,171652,143864,122,0.2980771580053263,1.99,1.0694916370007646,0,362,0,13.522916156631318,20990,23.479382570291662,488,50,4.556340070313086,92676,0,266,32628,24639,93164,264,0
10883,BANK OF BLUFFS,61466,52873,30,0.18956148110703905,1.59,-0.12029713392078434,0.5157322747535222,654,0,12.559613550352298,8164,0,275,11,3.0097869495912106,33174,0,651,3481,7514,33449,2,12
10886,LEGENCE BANK,662789,601871,2370,1.4489907122446593,16.97,-0.007398091292446549,0.5003100534257509,2108,0,9.110408171043103,59762,14.421953545002438,4412,309,5.016836119205265,423793,0,30343,94047,56828,428205,23,31
10903,CENTRAL STATE BANK,551738,464483,740,0.541031084611961,5.94,-0.004544287489803755,0.07956675088538401,10804,0,10.257725884091341,56577,0,4766,0,1.8626968870609624,435251,0,6644,180896,50547,440017,0,5
10906,BALDWIN STATE BANK,105946,93963,238,0.919660150797216,9.51,-0.05859088911674235,0.044362222264172316,445,0,10.113764220527566,10517,0,648,0,2.9641911155144873,47775,0,549,7201,10143,48423,0,7
10907,GUARANTY STATE BANK&TRUST CO,374598,309685,957,1.0104076208173531,11.39,0.0047275735728637275,0.505875632010849,2081,0,11.550782189807068,42729,0,2764,-101,2.952324400517212,243143,0,1940,17197,34002,245907,5,2
10918,GRANT COUNTY BANK,298319,246635,1123,1.4847279926755184,13.32,0.029482309079015657,3.3779276546247474,6041,800,13.24242821555002,40400,0,3040,48,3.4462119131616564,161864,0,3035,13579,34443,164904,20,8
10919,STATE BANK OF BERN,116317,97359,470,1.6325750832569874,10.35,-0.038254022649569244,0,165,0,17.59441963512999,20330,0,953,0,3.526850507982583,60653,0,108,1212,18417,61606,0,6
10920,FIDELITY STATE BANK&TRUST CO,198966,155199,883,1.8140123724683048,8.55,0,0.012564960847582,1014,15,21.693221409506734,42589,140.30099242622094,709,-74,3.532176771862136,19471,0,43,1802,42081,20180,0,0
10928,MINERS STATE BANK,141770,125812,293,0.8370143156586667,8.41,0,0.6827960781547576,374,0,11.427192801947108,16104,0,903,0,3.5836430068322933,90494,10,396,35864,14207,91397,0,0
10956,NORTHVIEW BANK,463220,384807,1200,1.0341473293683838,10.91,0,0.5567548896852468,2258,300,9.93917095478172,45816,0,4817,0,4.231680569788416,334289,0,7070,42175,44285,339106,9,9
10958,UNITED PRAIRIE BANK,925066,795429,1781,0.7741097032108601,8.31,0.24565246853887196,0.28506074161194983,5602,0,8.970446133538095,83179,11.06751343050772,7693,225,3.338426855423916,751201,0,1284,176778,84796,758894,476,7
10960,JANESVILLE STATE BANK,86345,73942,302,1.368722204911764,12.46,0,0,39,0,11.985698754805375,10694,0,762,0,3.2740655769046936,66443,0,437,3863,9575,67205,0,0
10962,GRAND RAPIDS STATE BANK,230548,205178,782,1.3350918302452932,13.93,0,2.137515831844128,284,1,10.861800178167615,25361,0,1138,0,5.201128599874756,158826,1043,3553,73674,22729,159964,0,0
10965,LAKE REGION BANK,142279,129503,554,1.5683554561571753,19.31,-0.04492435060246763,0,51,0,11.72032124338154,17133,23.67516945892528,715,0,4.297961290130951,61903,0,2539,20261,11893,62618,0,7
10967,F&M COMMUNITY BANK NA,205783,179828,370,0.7106655046325308,10.08,-0.01108762690135477,0,310,0,9.378413499566838,19919,0,1767,46,3.3285460843119035,141993,0,595,36106,15008,143760,3,7
10969,RANDALL STATE BANK,60272,54138,179,1.2069314274155485,11.94,0,0.6802495354393417,1325,162,10.249752297652806,6000,0,528,40,5.702473447858009,47518,0,1025,7638,5980,48046,0,0
10971,PRIME SECURITY BANK,144000,123216,502,1.4330522657284266,17.93,0,1.00625,0,0,8.65555857405898,11470,11.549124536017906,1026,10,3.372886774357335,120421,0,3205,58984,11381,121447,0,0
10973,ALLIANCE BANK,777232,688119,1383,0.708242407870555,7.62,0.05093932283398169,0.04760483356320892,473,0,9.376126938333934,73060,12.733257394241724,10268,0,3.061725426547644,574737,0,3803,238718,70992,585005,80,6
10976,CENTER NATIONAL BANK,245991,220936,701,1.1547149143126585,13.3,-0.006008870595216188,0,161,0,10.29569913887185,25849,18.89149745321746,1274,15,3.6567882836363954,132430,0,4394,40352,21616,133704,0,2
10980,ESB BANK,180662,154512,646,1.4268241842281815,14.95,0.005414423346993473,0.3575738118696793,801,0,9.796153287363515,17531,0,1556,48,3.393738935991801,147970,0,158,21890,17502,149526,2,0
10982,SECURITY STATE BANK OF OKLEE,46132,38756,193,1.6862706551773097,10.85,-0.022066530589728028,0.04768923957339807,194,0,15.507777753671926,7148,44.40688198007848,355,6,3.124749435872765,17896,0,562,979,7199,18251,0,1
10984,SECURITY BANK MINNESOTA,149223,127123,335,0.9114778184390602,9.37,0.5211241392145914,1.5185326658759037,587,87,9.665101292290817,14098,13.637726398955962,1352,301,4.437489913200901,108016,31,172,17125,14170,109368,163,16
10988,STEARNS BANK NATIONAL ASSN,3160062,2495027,-3211,-0.40805686744553504,-2.44,0.4293670640098062,3.055351445636193,6013,10,16.13821952969929,499210,17.36602310202821,83568,6910,6.297348045652891,2792956,0,722,623159,515466,2876524,4918,1913
10989,LAKE CENTRAL BANK,270362,242063,1075,1.5712985869275264,16.98,0.0049104156053007934,0.04660418254044577,301,115,10.637327556721013,29856,15.161822938596698,2182,30,4.078959896316073,160223,0,2274,26588,25835,162405,30,28
10991,FIRST STATE BANK OF BIGFORK,111556,95735,160,0.581910758529766,5.26,0.11908306043465318,3.8742873534368387,689,286,11.249231548114128,12443,18.61230867969807,1043,61,3.903332427134456,81921,0,2458,8237,12267,82964,46,21
10993,BONANZA VALLEY STATE BANK,74274,59520,178,0.9824145044118967,10.85,-0.014099773522387797,0.008078196946441553,70,0,10.160555618040714,7227,13.836025669395886,276,0,3.2570716738067023,56462,0,481,4645,6602,56738,0,2
10998,FM BANK,655056,587756,1842,1.1206799521794548,17.59,0,0.0021372218558413326,105,0,7.653164790551763,49767,11.06282361209309,2210,115,2.9004637517846583,407099,0,1025,41878,42073,409309,0,0
11002,ST CLAIR COUNTY STATE BANK,214963,185560,891,1.6668303565164928,12.87,0.05941690410921907,0.2409717021068742,3654,518,13.193894482784629,27989,0,1873,75,4.149920830379396,146004,0,2593,13210,27983,147877,26,4
11003,LIMEBANK,127396,102591,212,0.6734889188040807,4.24,0,0.13736695029671261,872,0,15.474805261967099,19151,0,1189,15,3.848370205196302,100835,0,1792,20382,20135,102024,0,0
11013,FIRST STATE BANK OF SHELBY,159695,134471,260,0.6523177665643238,4.34,0.016813787305590584,0.003757162090234509,1138,3,20.940209772054626,32263,0,80,-14,1.9455796910611927,22061,206,473,3076,24583,22141,2,1
11035,PEAPACK PRIVATE BANK&TRUST,7117681,6304598,8976,0.5083302002774834,5.09,0.16570913365193563,1.3651918370604132,28323,0,10.048295307033136,708276,13.768535998532425,75150,4471,2.7652489542842096,5681522,0,93350,1279690,696693,5756672,2360,24
11063,FIRST-CITIZENS BANK&TRUST CO,228632000,160110000,499000,0.882844031624924,9.09,0.40860916816821075,0.6372686238146891,898000,134000,9.627228525121556,21681000,14.41828002670389,1680000,155000,3.237854412811905,139905000,292000,434000,28542000,21996000,141585000,167000,23000
11112,SOMERSET TRUST CO,2395049,1944770,5264,0.8939300763784623,13.57,0.060658342208792564,0.9505859796605414,17167,2256,8.566750761957971,200717,12.586150181488204,19533,1234,3.8006029359537843,1550242,4014,15896,553224,159116,1569775,259,23
11113,HAMLIN BANK&TRUST CO,441972,346951,-571,-0.5204565160175961,-2.57,0.047999040019199614,0.6982342772845339,16503,2410,20.58780222045528,90883,0,3366,105,3.45472783377709,289032,0,12930,15824,89201,292398,85,50
11124,S&T BANK,9713424,7935139,34817,1.4382292228684725,10.17,-0.001386454480934229,0.22998069475809974,21896,0,11.505075692980904,1072716,15.835709294014174,99010,-3040,3.809287446484518,7737339,0,14712,2771355,1387283,7836349,884,911
11133,FARMERS STATE BANK OF CANTON,73933,62902,-4,-0.021916907524348314,-0.28,0,0,0,0,9.116138599044989,6701,16.57249123810886,250,5,2.4245125348189416,39882,0,463,3598,5722,40132,0,0
11159,TEXAS CHAMPION BANK,433131,321831,916,0.8354148402417322,7.96,0.0011490191685122786,0.5430227806368051,103,0,10.187382656316705,44385,0,3994,0,4.392261441781795,341651,0,3886,179472,46360,345645,2,1
11175,FIRST STATE BANK,117501,78394,423,1.468112798264642,12.19,-0.1549186676994578,0.14638173292142195,501,172,12.542425045524105,14671,17.01122524162441,1029,20,6.625551352438707,79249,0,2465,17742,14249,80278,9,39
11178,TRANSPECOS BANKS SSB,866360,792188,1476,0.6850837063446248,8.33,0.01646476450912631,2.8507779675885314,22000,9289,8.749099949402561,71933,0,9346,538,3.767198639531321,547286,0,52492,37069,71477,556632,331,308
11181,FIRST STB OF BROWNSBORO,127165,119834,323,1.022604951560818,24.74,0.006506127959271639,0.11087956591829513,983,87,10.806474558588748,13673,0,675,7,3.4837462822052014,61791,0,5512,5781,5560,62466,2,1
11225,FIRST COMMUNITY BANK,155282,138519,599,1.5542949073488437,19.08,-0.0037574738503304227,0.04701124405919553,231,0,9.963818712707884,15697,0,1298,0,3.4196967565141065,106405,293,546,22008,12891,107703,0,1
11228,FIRST CITIZENS STATE BANK,515908,380187,1745,1.3523724643016295,8.48,-0.00489889147271394,0,0,0,15.836596799048417,83345,0,6616,0,3.156252033334814,314037,0,2599,74223,83210,320653,1,5
11232,BANK OF MILTON,206557,185796,782,1.5131469150523773,20.55,-0.005547677083586157,0.13410341939513065,1050,2,8.901269513684431,18805,0,1918,30,4.096731882407458,142796,74,466,49138,15711,144714,3,5
11235,BONDUEL STATE BANK,122421,105755,396,1.3219443598292488,10.46,0,0.41577833868372255,956,0,14.087672657435906,16798,21.21773015099854,623,11,3.1293450251200388,83159,78,826,19319,15364,83782,0,0
11236,HORICON BANK,1537481,1359162,238,0.06109870489357626,0.62,0.0057703057660982516,0.5749014134158406,5972,117,9.231862497937481,140435,11.701534699478561,17544,4949,3.873710591720964,1232571,728,1589,467085,152977,1250115,38,20
11241,CENTENNIAL BANK,22918993,18097184,119266,2.104516378859356,12.5,-0.10937988363143368,0.5642787185283402,29889,3265,12.405994498740897,2643180,15.712447335696094,279944,0,4.480651824240902,14672172,0,1219702,5588681,3854733,14952116,3459,7522
11242,MCGEHEE BANK,170345,138625,994,2.381444379557672,13.43,3.352638771393245,0.19255041239836804,156,328,17.889726063940152,30178,0,2373,50,4.302769606130112,112757,0,692,15436,30196,115130,967,1
11243,BANK OF SALEM,250882,219282,1200,1.926774539280109,16.05,-0.012134603084717225,0.14588531660302453,2056,7,12.427522928376312,30800,0,3494,50,4.523539237818169,195444,0,3613,17905,30162,198938,0,6
11252,FIRST NB OF IZARD COUNTY,221888,153558,1210,2.2088706236180298,7.51,-0.007314185405457296,1.848229737525238,3154,0,31.067769985723686,69420,0,1081,0,4.5180080252737,109818,0,13208,12719,65373,110899,2,4
11259,GUNNISON BANK&TRUST CO,232829,195995,1075,1.8537678910156923,15.06,-0.005111363839656516,0,1137,0,13.392860994284481,31048,0,1975,25,5.140402976323831,160709,0,1089,50265,28968,162684,0,2
11261,MCCLAVE STATE BANK,76411,64484,296,1.5258911771528727,12.51,-0.006043482859171741,0,3272,0,12.750220444046695,9688,0,721,60,4.761141503188265,64160,0,519,6813,9555,64881,0,1
11295,CITIZENS BANK OF SWAINSBORO,399953,353051,1711,1.7353623177381465,16.35,-0.0014885798018328138,0.0815095773753416,1084,34,11.136621007399594,43074,18.40609476499809,5308,120,4.846487638236265,268787,0,9192,53749,42272,274095,48,49
11299,FARMERS STB OF ALTO PASS ILL,366448,334690,1087,1.2077911976799742,14.28,-0.013168615896165463,1.2681198969567307,7272,1264,8.715466951876436,31210,11.575404539466813,3028,86,5.608664890649283,303794,0,2594,81878,30591,306822,0,10
11302,FIRST STATE BANK OF ST PETER,31523,26363,106,1.4091060152874708,8.51,-0.04871513822920472,0.406052723408305,18,105,17.68427814356833,5506,42.51998190318203,133,0,3.544083020842417,7824,0,788,398,5042,7957,0,1
11306,FNBC BANK&TRUST,570336,518068,873,0.6091359932736873,7.28,-0.040707910564720486,0,0,0,9.607001852504991,56112,19.722012657352103,3602,0,2.784834426491761,292835,0,400,90285,49883,296437,1,31
11307,FARMERS STATE BANK,334584,283814,1575,1.906485379072843,13.18,0.004965849439583199,0.3703105946488774,719,35,15.287927858510217,50792,20.23814968973456,2178,36,4.259558899720227,234710,0,379,38714,48667,236888,5,2
11310,BANK OF HERRIN,339830,323477,865,1.0272793130886073,23.15,0.1419858349942318,0.39313774534325985,1026,0,8.405832055633079,29276,12.901098637593469,3005,0,3.339370613538601,205555,0,753,92861,15439,208560,77,3
11317,IUKA STATE BANK,137491,96954,295,0.844528102030446,8.91,0.7152295930605285,4.816315249725436,952,3034,10.398737296185462,14560,0,2032,101,4.931379390555944,111984,0,3741,21378,13186,114016,209,4
11319,LONGVIEW COMMUNITY BANK,255208,211487,481,0.760056727726664,6.33,0.026836481960852282,0.1579104103319645,3293,21,8.20674445779365,19946,11.275477005100647,1541,70,3.709525581802658,178969,0,5678,14909,30420,180510,13,1
11324,FARMERS&MERCHANTS STB BUSHNE,89882,82209,306,1.362012752178219,17.82,0.028744580448894528,0.037827373667697645,0,0,9.448589871236953,8446,21.22827851966748,313,0,3.3763932285594365,40071,0,848,3415,7228,40384,3,0
11343,ASHTON STATE BANK,55319,46222,156,1.1150224255311545,11.6,0,0,384,0,13.557983886885216,7556,16.725411211816045,416,0,2.993623276948337,37143,0,1573,2228,5482,37559,0,0
11347,GRINNELL STATE BANK,505193,342855,1239,0.9929525612706427,11.97,0,1.3404777975941866,5675,0,10.98744898774926,56351,15.013051578643232,3924,0,3.2259019708205194,381259,0,218,234984,42659,385183,0,0
11352,SANBORN SAVINGS BANK,85961,67824,224,1.0478612987164868,11.3,0,0.008143227742813602,8,0,9.297372381062623,8032,0,799,25,3.271963363925365,61817,0,988,3377,8056,62616,0,0
11355,BEDFORD LOAN&DEPOSIT BANK,113647,94162,202,0.7174887892376681,5.59,0.10842277136348089,1.583851751476062,2481,222,15.529527033045337,17435,25.21889733474454,1162,27,3.5865551823530817,76065,0,4943,6711,14702,77227,41,20
11358,CUMBERLAND SECURITY BANK INC,372452,321143,3483,3.761801193181128,28.33,0.003845993596420662,0.04027364600002148,1082,28,13.783185601264112,50941,17.774717708620212,8472,63,5.604149929863709,311809,0,2229,105864,50561,320281,5,2
11407,HIGHPOINT COMMUNITY BANK,638539,586425,1304,0.8237270014584199,12.29,0,0.03288757616997552,103,28,7.203576349903032,45167,16.009961753980253,3478,322,3.121851137933602,333679,0,2404,161036,42999,337157,3,3
11409,VALLEY PREMIER BANK,137968,126898,437,1.3035680327532655,17.79,0,0,133,0,10.844765661799341,14735,0,771,0,3.4302341203883193,83959,0,2620,10903,10406,84730,0,0
11411,RUSHFORD STATE BANK INC,106182,99648,247,0.9528723604326503,16.52,-0.00678552647203515,0.016952025767079167,867,0,6.520253782332845,6680,12.539025502508155,469,0,3.384731480316941,58813,0,2829,5832,6171,59282,0,1
11415,HARVEST BANK,232925,215097,575,0.9825196931121098,14.84,0.007533666070251436,0.6426961468283783,868,1,8.352956017155833,19865,13.871594836348851,2041,87,3.2311747191162845,157214,0,3955,20379,15942,159255,3,0
11417,WELCOME STATE BANK,43370,38263,262,2.4414107999813632,21.32,-0.014048396726723563,0.023057412958266084,527,10,11.779454549755187,4980,19.525975931904902,472,0,4.669923587623701,28393,0,694,3901,4954,28865,0,1
11431,BANK OF YAZOO CITY,321040,288335,495,0.6307339449541285,6.63,0.043800180997806776,0,220,0,11.300758417318278,36521,0,1842,61,2.556673271174619,151332,639,1516,29211,30632,153174,22,5
11445,JEFFERSON BANK,166053,133361,937,2.2197347926253634,12.02,-0.003136209498794519,0.30050646480340615,2696,150,19.334022129997862,33496,21.640507744377807,7005,0,5.824043186116576,124087,0,52,36344,31786,131092,0,1
11446,UNITY BANK OF MISSISSIPPI,291083,270925,103,0.14182151143177765,2.48,-0.005334133453351336,0.2841114046509071,1614,0,10.174099528867425,30125,0,2217,0,2.487807467973271,147865,0,2202,77652,16572,150082,11,13
11448,CENTURY BANK,546723,497327,1288,0.95665793629646,12.03,0.1241088183942333,0.32630783778988626,11387,0,9.447083136942098,52112,0,5203,85,4.026899162903122,366772,947,10234,90618,43893,371975,223,109
11459,MID AMERICA BANK,1068055,935013,5396,2.1079813031902943,18.46,0.014126548062523558,0.07162552490274378,942,0,10.979154496819334,109199,0,8258,180,4.476291321564816,736218,0,7356,179700,118269,744476,51,25
11462,INDEPENDENT FARMERS BANK,151049,137919,312,0.8133763918805744,14.12,0.8885886212562765,0.12313884898278044,522,0,9.579084330553723,14945,16.516507186943375,999,190,4.10164403884969,85858,0,3348,12054,9317,86857,194,0
11463,CITIZENS-FARMERS BK COLE CAM,195509,167486,771,1.61519667533447,11.91,0.0030373556781466055,1.086394999718683,3368,123,14.345060978165206,27383,0,1748,0,3.744325258125427,130272,0,6127,12680,26294,132020,5,4
11465,TRI-COUNTY TRUST CO,62097,49497,124,0.7961476725521669,7.22,0,2.112823485836675,381,0,12.595705394521115,7913,0,646,0,3.6394406789601117,41074,0,2166,1887,6524,41720,2,2
11466,HOMEPRIDE BANK,125080,108618,239,0.7835359106965766,8.15,0.028547978446276275,0.2638311480652382,1252,0,9.907579159751375,12178,0,1215,0,4.051526750913254,96484,0,1647,7694,11860,97699,7,0
11475,THAYER COUNTY BANK,84251,65363,161,0.7760625670318017,8.22,0.07823807847279271,0.23026432920677498,123,147,12.992906765947609,10679,0,758,26,3.3908599949823723,49981,0,1825,10848,7965,50739,29,19
11477,AUBURN STATE BANK,258170,229219,517,0.8058969207956868,7.93,0.025871906343699035,0,524,0,13.87487687669761,37188,0,1402,0,2.547001691109889,105847,0,810,5244,25934,107249,8,1
11482,HOMESTEAD BANK,515742,400412,1910,1.4918087204420754,9,0.0034261339789692473,1.395659069845,4647,7198,17.129332166993088,88510,0,3786,111,3.9108739025502244,340958,0,6730,26191,86426,344744,13,10
11491,CITIZENS BANK OF CLOVIS,500758,433785,2366,1.859538435995351,32.24,0,1.3663286457730082,7935,0,11.60074119042801,58474,0,4337,0,3.4386647737846476,330237,0,1110,110601,29437,334574,0,0
11492,INBANK,1398880,1212480,2811,0.8288743740041288,7.16,-0.0008658898912767006,0.7360173853368409,10646,0,10.700509403376678,140866,13.989635427006085,12715,520,3.7743199964567737,920587,0,1055,497623,158800,933302,1,3
11501,FIRST NB OF SCOTIA,690465,607397,1099,0.6434463902013478,7.44,0.24355882423171518,1.019892391359446,3923,325,8.911533604602218,60972,13.80435346213276,5440,194,4.068149295924772,499440,2535,4654,94324,59738,504880,377,71
11507,FIDELITY BANK,4154826,3787781,16194,1.5910141204468133,19.5,-0.01639486968428783,0.2944768324834782,4287,354,10.498154546910392,441184,15.921949811386138,33067,1150,3.883191979058345,2645200,9133,3839,1448988,348591,2678267,86,195
11519,SECURITY FIRST BANK OF ND,277130,235680,1113,1.6239522006522074,14.04,0.0017495478512271987,1.6216216216216217,0,0,12.234915088045236,33191,0,4796,0,4.4854098077598366,220936,514,1516,66888,32346,225732,4,3
11521,CHICKASAW COMMUNITY BANK,459393,396170,377,0.3246844123492037,2.51,0.004168374542347211,1.087522012742902,26,0,13.95659727986012,63058,29.35635093223058,4013,15,3.4623570409523587,275795,0,511,55279,60379,279808,3,0
11522,LIBERTY NATIONAL BANK,1243112,1119989,6641,2.101637978538197,23.47,0.013977982348137958,0.09822123831159218,237,0,9.541179279064217,119904,13.91112237488919,9685,3,4.085836617608253,852011,0,5219,347801,116643,861696,46,16
11526,COWBOY BANK,359650,302633,2027,2.252729086266632,19.55,-0.0014929774075193808,1.4411233143333797,3174,33,11.154931427742548,40758,0,2505,0,4.510843196466261,267594,0,2471,48331,42579,270099,2,3
11527,FIRST STB OF POND CREEK OK,57899,50236,297,2.1023571883627095,15.6,0,0.18135028238829687,187,9,13.674859449329682,7589,0,713,0,5.268829190354104,44822,0,1374,2248,7613,45535,0,0
11539,ENTERPRISE BANK OF SC,505706,486649,831,0.6652450489377394,20.49,0.46090852160508694,2.0023491910319438,1523,0,6.775300845194332,34502,13.352307244818688,1763,225,3.2423372990283585,258702,0,13739,77144,17073,260465,359,60
11557,FIRST STATE BANK OF BURNET,325587,295796,864,1.1153532113200606,12.34,0.011422289169528189,0.0033785132698787115,894,0,12.33501861002782,38841,0,1344,20,3.3172336310040884,143032,0,2742,39291,29127,144376,5,1
11559,FIRST STATE BANK&TRUST CO,541296,454648,696,0.5143344873836558,6.08,0.05279453576554827,0.46998315154739734,1980,158,14.304068371114054,80940,0,1540,25,2.2414322752238682,180643,0,15433,19799,47989,182183,62,38
11569,ALLIANCE BANK,1387814,1218817,1840,0.5397499036553756,6.87,0.22720663304767502,1.5081271697792356,1702,19,9.795624687070442,138320,16.089505338375826,9460,1455,3.0606077126745475,789713,0,7211,324127,111643,799173,477,18
11570,GLOBAL ONE BANK,258752,207520,761,1.259081705881988,6.74,0,0,0,0,16.758623082795477,38636,21.175584801353192,2450,496,3.9391437669536504,190859,0,1375,109348,48555,193309,0,0
11578,BURKE&HERBERT BANK&TRUST CO,7828407,6549627,31008,1.5869362312183695,14.68,0.08386191538636534,0.8607242827308289,62898,23325,11.215905383633554,871171,14.622387429876385,67753,501,4.253794317124155,5581056,0,19131,2840097,858835,5648809,1424,237
11580,BANK OF SOUTHSIDE VIRGINIA,663875,491768,2709,1.6193472846866626,9.4,-0.05256735191964705,0.02184146111843344,402,11,19.984721939295174,137347,0,3744,5,4.321796606428247,309842,1180,938,37652,117736,313586,30,72
11582,LEE BANK&TRUST CO,255182,221929,553,0.8664944384924094,7.32,0.08054934654342617,0.6030989646605168,2047,629,12.134956694040882,31356,23.58557737493414,2890,60,3.004034023454761,122079,0,10897,17542,30543,124969,45,20
11595,COMMUNITY FIRST BANK,627490,541835,1644,1.0710132606295135,12.81,-0.009015743742510358,0.08286984653141882,1345,0,9.910467694462092,61146,14.267074616789428,4383,124,3.486939303470388,394379,190,1581,91389,52857,398762,6,15
11601,LAONA STATE BANK,267071,246704,134,0.1992642835501014,2.88,0.0322826887444388,1.2813072179308125,1491,0,9.872224549643905,28278,0,1895,0,2.343941138911929,146989,59,5722,15640,19281,148884,13,1
11608,BLC COMMUNITY BANK,425583,357074,1222,1.1613623673925182,13.48,0,0.2810262627971512,993,0,10.376500048704807,43675,13.783556876381711,3399,47,2.6724746880150696,339445,0,2303,150367,37248,342844,0,0
11623,GREENWOODS STATE BANK,667041,572215,246,0.1504533093994329,1.51,0.6453724270399905,0.43055824154737116,2162,0,9.32456993309634,59359,12.262208248622018,5722,283,3.6343159483520235,504102,56,580,133926,65616,509824,992,181
11666,D L EVANS BANK,3380535,2855810,8404,0.9865521519565008,11.96,0.004229850051815663,0.12468440646229073,4525,32,10.079600882926112,341525,0,21888,0,3.0671670275765375,1596268,9504,8505,637450,288612,1618156,38,21
11667,VERMILION VALLEY BANK,178322,146606,731,1.640429518754979,10.89,-0.0036904284126083485,0.0729018292751315,475,8,16.829528886712446,30243,26.84769171746451,1248,0,3.055237301669965,106202,197,221,1195,27371,107450,0,1
11669,FIRST STATE BANK OF FORREST,307696,256997,421,0.5500248229730084,6.44,0.0075860734862938616,1.646430242837086,5297,2450,8.789403731292106,26915,11.973106498589022,2575,75,3.132397973955726,262831,0,5746,44305,26170,265406,11,6
11670,CENTRAL BANK ILLINOIS,1390485,1027377,3091,0.8822476908251307,9.58,0.02147124326918624,0.301549459361302,11275,271,9.829301293050321,141953,0,10638,918,3.4968398620183243,943950,0,2101,288004,131666,954588,55,4
11671,STATE BANK OF HERSCHER,156558,139377,382,0.9677317204471326,9.71,0,1.0583936943496979,2,0,13.308492432425872,21930,0,1145,10,3.41034217329923,65349,0,31,16516,16291,66494,0,0
11674,WARREN-BOYNTON STATE BANK,259151,226655,809,1.2747083060875595,13.77,0.04143982678152405,0.20065521645681478,761,0,10.600750358968025,27464,17.756673448750593,1686,0,3.5562783095769013,190587,0,2572,25113,24038,192273,21,1
11680,FARMERS STB OF WESTERN IL,159679,138376,357,0.8739156377656401,8.52,0.032626870947130876,0.5341967321939641,763,0,13.52424277534195,22178,0,1410,45,3.5178072334911237,71842,0,1624,4709,17230,73252,10,4
11681,ANCHOR STATE BANK,64319,56791,242,1.5760338651904917,13.85,0,0,1594,0,12.235768193149609,7166,16.112888134560567,239,9,3.4271598967015313,32043,0,310,4433,7119,32282,0,0
11682,ANNA STATE BANK,107161,92635,137,0.5125926618805977,3.88,-0.009306221208878135,0.013997629734698258,533,0,13.267224846812292,14182,0,347,15,2.306841213735301,42231,0,1328,12535,14182,42578,0,1
11686,STATE BANK OF CHERRY,129072,104916,533,1.6557422882172035,14.75,0,2.172430891285484,1768,2794,12.137278951699297,15635,0,1902,24,3.8404907475007857,98047,0,726,10880,14729,99949,0,0
11699,GOODFIELD STATE BANK,229679,203931,1284,2.2277453187419485,20.86,0.1478188683287363,0.8307246200131488,3163,1176,11.845057841877084,27185,14.985924991187154,2149,45,3.942601177624219,188109,0,1353,45753,24992,190258,72,3
11702,SHELBY COUNTY STATE BANK,350149,322289,1209,1.3843960586507578,20.74,0,0.4209636469046035,4086,0,9.771563444630015,35397,0,1868,0,3.549352828556856,239070,0,1973,28141,24070,240938,0,0
11706,1ST COMMUNITY BANK,67162,59956,156,0.9405806276566882,9.15,0,0,1302,0,10.286730849727919,6881,0,432,0,4.386855169266838,45869,0,42,2101,6813,46301,0,0
11708,TEUTOPOLIS STATE BANK,352386,309632,1326,1.5153398158107882,13.3,-0.008930539934862876,0,434,0,13.251190587621291,46718,0,2161,0,3.253841506815721,176108,0,781,59876,41211,178269,0,4
11711,BANK OF RANTOUL,262795,205564,1280,2.001012230796438,21.85,0.30418982985584675,0.6522194105671721,11,0,10.980466744013542,28866,0,1983,75,3.424198355972235,96257,365,816,24017,23767,98240,91,12
11715,BANK OF YATES CITY,91061,83260,187,0.8377760853008377,10.8,0.02461860397128855,2.7135656318292134,743,226,8.868982193888767,8069,0,992,25,3.4954598579519915,62287,0,1986,9962,7088,63279,7,3
11716,HARTSBURG STATE BANK,15885,13281,2,0.046701692936368944,0.64,0,0.3840100723953415,105,61,11.765374559508924,2070,0,194,0,2.9958867947694765,6101,0,9,0,1325,6295,0,0
11719,LIBERTY BANK,134456,118109,566,1.7112946200797445,15.91,-0.012899619461225894,0.024543345034806926,300,33,11.69429029014116,15699,18.759798143931157,695,8,4.4260655080376345,94558,0,2383,4601,14506,95253,1,4
11722,PEOPLES STB OF NEWTON IL,701746,580440,2017,1.154831598986588,13.79,-0.034662338101518385,0.1876747427131754,1618,0,10.872836301550507,78329,0,5472,150,3.2288836545009088,465720,0,7069,81721,60038,471192,19,60
11729,CIBM BANK,843905,693110,610,0.28666440703056206,3.08,-0.005703335310489574,0.6805268365515076,9113,0,9.452721531628354,79511,13.206599615979695,8817,41,2.6750033848006827,683574,0,27,298692,80076,692391,0,10
11731,FAIRVIEW STATE BANKING CO,36774,31409,106,1.1457911093095527,8.71,0.20493553069763473,0.2583346929896122,169,43,14.048751960445518,5285,0,186,12,4.254087245356615,23068,0,843,1070,4940,23254,12,0
11732,BANK OF FARMINGTON,232914,204939,291,0.5059417732302904,5.58,0.026647125441343015,1.3794791210489707,3252,2377,10.471107285053266,24327,14.200386197266072,1706,45,3.137621978330564,160485,0,3592,49013,20983,162191,12,1
11734,FLANAGAN STATE BANK,302962,280133,17,0.022753927980471777,0.47,-0.0501831971828978,0.5452829067671854,3891,1261,8.583108875754753,26895,13.655635491606716,1577,45,3.1339775398276313,173580,0,477,24025,14951,175157,7,29
11739,BANKORION,660522,554797,1105,0.679610530888068,8.36,0.0423198668400469,0.18894147356181928,1426,0,10.555367821663337,69032,0,4205,100,3.0089085609983925,411097,0,4833,80717,54736,415302,49,6
11741,SOLUTIONS BANK,492561,401304,1065,0.8659187784447204,19.25,0.017184814872676146,0.9282099069962909,172,0,8.542191873664335,43609,12.994797907884905,2279,0,2.7810157837298766,251252,0,320,80026,23234,253531,12,1
11746,IROQUOIS FARMERS STATE BANK,164391,150212,474,1.1532180318047316,14.93,0.023571123409563,0.3880991051821572,674,47,8.645924681644702,14000,13.170459534611446,399,10,3.2515514968326955,98295,0,864,12148,13099,98694,12,6
11747,FARMERS STATE BANK&TRUST CO,220783,191666,512,0.9110603977881873,7.28,-0.011696020429049015,1.0059651331850732,1102,0,12.788180755503603,28772,0,2482,16,3.3222575044266476,97917,40,4619,31553,28461,100399,56,59
11750,BANK OF KAMPSVILLE,123592,102103,159,0.5209762570804851,3.02,0,0.5518156514984789,905,524,18.12633580652239,22305,0,358,0,2.722663719453362,46032,0,4304,3598,21214,46390,0,0
11759,CITIZENS STATE BANK,127472,103617,402,1.2669947090363984,8.1,0.005395634931340545,1.8568783732898206,1132,2363,18.236087482949408,23797,0,598,22,3.6559766517572423,73695,0,1028,2154,20303,74293,5,4
11763,VISIONBANK OF IOWA,911723,753872,2425,1.0698366183015957,11.17,0.0031403500966966135,0.1917248989002142,3221,14,8.764911096106234,77885,10.944340133023582,8091,120,3.3433866724225436,755273,238,565,280118,87926,763364,9,3
11764,SIBLEY STATE BANK,106922,92764,333,1.2682875737334978,13.7,0.08695274118516585,0.1945343334393296,1250,0,10.701849127576768,11494,15.37892744795779,777,0,3.3185448990019073,69730,0,239,428,10035,70507,15,0
11767,FREEDOMBANK,451010,389851,1098,0.9890521920950138,10.46,0.006437678444399381,0.6948848140839449,469,2782,9.99401090298606,42385,0,3483,0,2.9932440085792686,310876,0,1271,43460,43287,314359,6,1
11771,AVAILA BANK,1645413,1394686,2319,0.5675194243556749,6.86,0.000727513468093078,0.31821797931583135,3511,628,9.157394966817554,150694,13.279756034554188,13013,516,2.6591304723010007,1082181,0,1144,282586,135879,1095194,11,9
11777,COMMERCIAL BANK,371419,344778,1800,1.9699392738858557,29.36,0.018826796414671956,0.8725994092924702,866,213,9.269688880439574,35107,18.068711254861192,2322,-145,3.2565267596791765,167838,0,7211,12476,24876,170160,22,14
11778,CITIZENS ST B&T ELLSWORTH KS,263744,199425,815,1.2351174971821512,20.91,0,0.17365323950497452,2579,91,9.280360533044595,25370,18.792651644529872,1906,24,2.806237238240182,151738,0,2418,11660,16766,153644,0,0
11782,BANK OF ABBEVILLE&TRUST CO,221027,193240,620,1.1543984676291308,9.89,-0.029631458732020496,0.13165812321571574,4659,291,14.098967208638918,29951,0,1761,9,3.4769255000787527,119806,0,2366,43520,25432,121567,1,10
11785,CALDWELL BANK&TRUST CO,290574,259996,880,1.2406860429869517,14.03,0.3021417731601969,2.1402465464907388,9693,3321,9.378142327692705,26114,0,2598,20,4.7965414411713665,222768,0,4618,61915,25994,225366,168,3
11788,BANK OF SUNSET&TRUST CO,197621,177283,638,1.3335911330821526,14.63,0.023377989622770164,0.366863845441527,2027,93,10.70110701107011,20503,0,1724,70,4.6681813825258915,155982,0,1084,31600,17885,157706,10,1
11792,FRANKLIN STATE BANK&TRUST CO,217961,194466,1227,2.240748011724207,22.94,0.0484275030965663,0.2940893095553792,2007,397,10.164169896967968,22078,23.81862404447533,1652,0,4.914492189295017,111055,0,6962,4153,22085,112707,15,2
11807,UNITED BANK OF MICHIGAN,1059311,896791,2540,0.9892968981257888,10.39,0.296069904849554,0.10233066587621578,97,214,9.717407523284638,100942,0,8331,196,3.4003534875729318,811079,0,1059,464902,98890,819410,621,17
11810,HURON COMMUNITY BANK,305148,276617,347,0.45210180107846476,6.15,0.007275571359713343,1.8479557460642049,804,3432,9.215726997189753,28399,14.851836064160468,2688,104,3.5499572555459413,165786,0,1165,68516,22906,168474,3,0
11813,CADENCE BANK,47743294,40335728,133222,1.1246813665205313,9.44,0.2695889205540426,0.6685106394208996,131506,74980,10.558234457682069,4917284,14.115830021197805,457791,20000,3.4306271484181243,33814260,63654,54685,9212389,5718541,34272051,25728,2726
11817,RICHTON BANK&TRUST CO,52128,44093,86,0.66044618515532,4.74,0,0.6445672191528545,94,46,15.95327763864727,8345,0,785,0,4.002422991497094,18229,0,1132,4338,7329,19014,0,0
11821,LITTLE HORN STATE BANK,349946,298759,379,0.4531162201260117,4.82,0.14007801767943434,1.9591594131666028,3377,0,10.221576484451395,33136,12.166083173325516,4545,1000,3.938901056682323,279899,0,1173,75017,33136,284444,136,39
11823,MANHATTAN BANK,275312,243281,881,1.3093703206916922,18.44,0.002404944566027753,0.014892195036903585,1059,7,9.554507148773725,26530,17.189263840518795,3325,45,3.731761843446113,161750,0,2753,29068,19935,165075,3,2
11860,KILLBUCK SAVINGS BANK CO,888287,737906,2100,0.9505224761789449,13.55,0.015171211866921924,0.011482775274207548,122,0,9.067409211134937,78608,13.67836066701499,4805,73,3.160775855521971,536667,0,982,129257,64399,541472,24,4
11862,BANK OF BEAVER CITY,178824,163162,497,1.1207608545519634,22.33,-0.007649061077752706,0.04473672437704111,266,0,8.7110007556947,16138,15.226147702854359,1364,0,3.4432416387504015,102548,0,2159,10214,9698,103912,5,7
11868,FIDELITY DEPOSIT&DISCOUNT BK,2711340,2459051,6455,0.9751071975902541,12.51,0.022989884174642435,0.2250547699661422,6065,32,9.166079945190488,241889,14.66548928474606,20017,370,2.8256838314423263,1797848,0,19063,607694,210299,1817865,181,77
11891,DONLEY COUNTY STATE BANK,48227,38875,140,1.1386511051015635,6.25,0,0.0704999274265453,131,0,18.145817838261603,9027,56.62495399337505,245,6,2.8950997842820603,8293,0,537,1068,9027,8538,0,0
11903,TEXAS HERITAGE BANK,220847,191032,-1099,-2.0328276697626135,-18.35,0.019943348425877742,0.060675490271545465,961,0,9.448750745321306,19650,14.489775292254825,1746,1866,4.376242285392544,158882,0,1140,78278,26503,160628,8,0
11904,FIRST STB OF BEN WHEELER TX,185823,158377,600,1.2907701864356187,8.89,-0.0921532912403977,0,569,0,14.571650049450696,27257,0,1027,1,2.959907944356465,68537,0,2687,4992,27257,69564,0,16
11905,CITIZENS STATE BANK,189268,170226,887,1.905672437037077,20.4,0.08408796895213454,0.6752330029376333,5619,1270,11.216743149685668,21143,0,1501,60,3.9632667398952868,123219,0,16201,11709,17999,124720,34,8
11907,SECURITY STATE BANK,314592,272484,2802,3.584099873846592,28.07,0,1.6097039975587428,196,35,13.716476367498673,41325,0,2840,130,4.000402358914381,227397,0,836,9039,41325,230237,0,0
11916,BUCKHOLTS STATE BANK,127448,105821,869,2.7797214680703886,16.31,0.009989511013435893,0.3452388425083171,166,1,17.184681615212565,21436,28.28337039024764,698,0,4.433608187636049,79560,0,360,7633,21436,80258,2,0
11922,FIRST STATE BANK OF TEXAS,347241,312134,484,0.5654494607639118,5.81,-0.007478889665343058,0.40922586906500097,4352,0,8.756369669857383,30398,0,2119,95,4.272302398114119,214096,0,4730,84796,33350,216215,11,15
11932,FIRST SECURITY STATE BANK,171726,164130,424,0.9907091807080416,28.45,0.021937642251898978,0.040180287201705044,182,50,7.506723754612808,13202,20.533129564591263,759,8,3.28307392996109,70886,0,1147,8669,6950,71645,4,0
11934,DOMINION BANK,576758,507719,1119,0.7817685154781783,7.05,0,0,2296,0,11.26054055600148,62990,12.95491972996138,4043,140,3.3512596743202483,485273,0,891,254149,64065,489316,0,0
11935,FIRST TEXAS BANK,1315056,1168629,4152,1.279422657444367,11.94,0.0045712587818166756,0.009733425800878442,95,0,10.9562177932266,141240,20.668628828262023,2597,7,2.9936494482699287,527614,0,6287,240337,140132,530211,12,6
11952,POCA VALLEY BANK INC,612544,564853,560,0.3645839267316516,5.76,0.0589030816922942,0.3723814126005642,2299,182,7.365576352631706,46061,12.13954874581041,3627,468,3.6416544119877194,458110,2910,19730,63558,39329,461737,97,29
11953,GRANT COUNTY BANK,366175,310818,917,1.0111870144620694,9.54,0.1546030761047826,1.3428005734962791,2751,158,11.302140504939628,41185,0,3043,107,4.086694866171463,279654,0,7876,102923,38943,282697,160,51
11971,BAR HARBOR BANK&TRUST,4058800,3305747,11743,1.1545574997139536,9.45,0.00943563731832812,0.19924608258598603,12615,2,10.630660022862708,426199,13.614636141901865,28614,655,3.2424245726053367,3097140,761,5462,1332418,500720,3125754,85,11
12010,PROVIDENT BANK,24256157,18519274,72767,1.2059668569177011,9.92,0.042093940508943176,0.4473668273172869,52800,0,9.983072827962198,2340251,12.622016733027614,191770,638,3.4697313079379013,18749562,0,17333,9648188,2983108,18941332,3264,1277
12013,UNION COUNTY SAVINGS BANK,1577018,1453409,-6400,-1.6028781681106135,,0,0.09023359276812314,2499,0,8.524120736432952,156997,24.355127411375992,1855,120,-0.5444804754095286,284567,0,0,79566,-30199,286422,0,0
12079,CITIZENS COMMUNITY BANK,206101,189197,444,0.8735729428488511,11.41,-0.034027783685379114,0.32847972595960234,577,23,10.91691684107848,23055,18.70966265391129,1405,85,4.178279654046111,116196,0,3697,36556,15972,117601,0,10
12086,SAINTE MARIE STATE BANK,15545,12160,82,2.1871040874841636,9.95,0,0,0,0,22.10904342148221,3386,0,94,0,4.112445179380257,5615,0,140,305,3346,5709,0,0
12087,SPRING VALLEY CITY BANK,205511,175951,253,0.4860325670636093,4.2,0.0059768620727010556,3.041686333091659,444,4173,13.97606262163545,29228,24.044405984205316,2425,0,2.7199755101835983,130933,245,2100,28943,24523,133358,3,1
12098,FIRST STATE BANK OF DONGOLA,32369,29063,65,0.802878008862538,8.25,-0.02467384264256855,0.16682628440792116,170,1,10.418154161363425,3356,20.959147424511546,181,0,4.007924163787881,15913,0,924,1833,3195,16094,0,1
12107,FARMERS STATE BANK,64870,59819,-15,-0.08747822156775553,-4.14,-0.021343578250893763,1.9022660706027439,1204,0,7.654675456813526,5492,14.00624155759467,506,0,2.665072179038182,36709,0,265,7912,1573,37215,0,2
12113,GERMANTOWN T&SB,500103,410088,2181,1.7816571412816944,22.92,0,0,0,0,11.779217440283555,60019,0,2667,30,2.87500380028033,280486,0,1953,23786,39640,283153,1,1
12121,BUCKLEY STATE BANK,48503,42456,223,1.8193499699154574,15.31,0.13019677467080928,1.5236170958497413,1025,739,12.442618021449334,6207,0,475,38,5.117454174057948,31918,0,248,2278,5974,32393,11,0
12126,COUNTY BANK,248026,212121,956,1.5800314436173795,14.66,0.010208352473994221,0.7974970366010016,2103,858,11.43874402640155,27694,13.706343002001816,2551,140,4.619013635161063,196231,0,1556,19609,26594,198782,8,3
12128,CITIZENS SAVINGS BANK,136375,118573,125,0.36410241472721444,3.96,0,0.01906507791017415,314,0,15.512430739263763,23573,0,1274,0,1.9289567997275312,62031,0,1157,1335,12163,63305,0,0
12135,LYNDON STATE BANK,101279,81069,268,1.0532314161639582,12.34,-0.004818203171582238,0.17279001569920713,1382,175,9.422418488833554,9687,13.900774988408294,806,0,4.453520338974108,83098,0,558,4503,8871,83904,0,1
12136,WILSON STATE BANK,122716,106422,305,1.007910444678522,14.23,0,0.035855145213338116,397,0,8.943197048165858,10810,13.116484898857728,868,8,3.703492628524083,83869,0,2155,44,8811,84737,0,0
12139,FORD COUNTY STATE BANK,59192,49400,123,0.8313830191708137,11.59,0,0,270,0,10.434171267876128,6085,17.231531871329274,311,0,3.0521469579412686,28140,0,648,2619,4449,28451,0,0
12149,FIRST STATE BANK,345463,297500,1544,1.817170733429645,18.98,0.012077157942807108,0.06570891817647621,6450,48,11.43776230949172,40143,15.223219445987718,673,0,4.47002116226802,270085,1225,5994,38574,33383,270758,9,1
12162,ELKTON BANK&TRUST CO,190913,161934,598,1.2647285090003517,11,-0.01520719807375491,0.04190390387244452,90,71,12.923392043696728,24228,27.687285603629526,794,6,3.462048378624019,78506,336,1387,12668,22196,79300,2,5
12163,FARMERS BANK OF MILTON,312618,259013,355,0.45554798091189797,5.65,0.051305803969074,0.5300398569500157,1399,0,11.9412073815338,38631,18.659808146809397,1610,0,2.8239922419307137,208157,0,4335,34722,25599,209767,47,20
12166,WEST POINT BANK,535955,446822,1055,0.7954729671141674,13.13,-0.0009569664164598223,0.21177151066787323,4229,0,7.821018400665102,42521,11.184172622223558,2035,0,2.78559845598257,419018,0,1761,81336,32966,421053,0,1
12201,CLEVELAND STATE BANK,331524,308400,833,1.0175241975010803,17.15,0.10356178570107631,0.10014357934870477,1974,3,10.94702138037056,35462,0,2270,30,3.4884694892936956,159967,0,10483,29338,20288,162237,44,2
12203,MERCHANTS&MARINE BANK,729622,621060,821,0.45459610644802495,3.53,0.03749850858204504,0.3756739791289188,2658,0,13.139867978577657,93895,17.083614249426248,6324,44,5.668047246510201,460966,0,7265,164609,93508,467290,137,93
12204,CITIZENS BK PHILADELPHIA MS,1585829,1230503,2113,0.5529821255659365,13.25,0.00815278315635,0.33830885927801796,8174,52,8.159237657109998,124153,12.804630215146673,7620,638,2.959459550929658,796267,3758,11938,401172,64826,803887,71,55
12207,BANK OF WINONA,141609,120080,239,0.6739394793888017,6.28,0.2186022070415134,0.5621111652507962,466,0,13.098550150043407,19162,33.91110202133824,774,0,3.058371531277935,46547,0,889,11801,15529,47321,31,5
12208,BELGRADE STATE BANK,491551,448739,1699,1.4124654859402945,17.83,0.06884012713217026,0.21706801532292683,3650,79,9.659155847729187,45637,15.283893858685452,4030,90,4.0643145751009575,360622,0,9184,81506,39269,364652,64,2
12214,UNITED STATE BANK,279785,253167,1189,1.7172867879768259,18.98,-0.03427616592520655,0.19693693371696125,990,374,9.537842149057624,26249,13.963283564747575,3052,75,4.228461128703491,206233,0,1202,12492,25575,209285,9,27
12219,FIRST STB OF ST CHARLES MO,542640,400215,995,0.7377378880306661,4.95,-0.00089224273017353,0.2786377708978328,8552,70,15.787251527683011,83758,17.27832550022198,6624,0,3.740301688255469,441170,0,436,60792,81062,447794,0,1
12220,COUNTY BANK,125278,115481,504,1.6217716407164433,21.21,0.018745460083885935,0,0,0,8.099645625333743,10011,15.123850160700433,1212,9,4.450098615961271,83961,0,1173,12244,9555,85173,5,1
12223,CALLAWAY BANK,493673,408988,1203,0.9694078493428997,11.37,0.0202015100628772,0.5015465703005836,3254,1222,9.344801375842513,46349,0,4304,120,3.861731798175754,376021,240,973,93192,43197,380325,44,25
12225,FMB BANK,50170,47123,10,0.08676413170795194,1.44,0.08560727661851257,0.02391867649990034,34,5,7.341596430342093,3702,14.174835112779217,187,6,3.2500307768065984,14125,0,516,4010,2899,14312,5,2
12226,PEOPLES BANK OF ALTENBURG,108307,88534,275,1.1052166224580018,13.11,0.03949112860003949,0.43210503476229606,181,0,9.928124412983085,10042,13.244348185822401,796,25,4.004077427984316,75265,0,753,9797,9080,76061,7,0
12229,FIRST BANK,6570314,5870475,3626,0.21974284299878377,2.99,0.10594722660193041,0.22796475176072253,9668,900,9.00290212556894,603249,13.915469614932322,39601,1034,2.6301072199539957,3834724,906,1154,1491155,492465,3874325,1143,127
12230,PEOPLES BANK,246397,228130,921,1.4994413726156584,21.55,0.08756860300713015,0.3952970206617775,302,0,10.541803569410177,27047,0,1901,30,3.5823833625360084,161241,0,773,40499,17433,163142,56,20
12232,BANK OF MONTICELLO,148931,132091,818,2.192471086452512,23.18,0.2151435911814015,1.6960874498929035,1621,142,11.483183871352312,17338,0,973,0,3.886252910273486,86319,0,1418,10207,14082,87292,63,16
12241,WASHINGTON COUNTY BANK,602544,514905,2213,1.4581250277969497,13.14,0.014040434386262676,0.25060410526036275,11470,87,12.262768922173903,74584,15.724285219758622,5753,65,4.01826805466337,480494,0,1827,59709,68806,486247,17,0
12244,FIRST STATE BANK,193914,127164,628,1.3142508848434749,11.48,0.023439789041898623,0.7013418319461204,1787,1140,12.026206215659341,22413,0,1573,0,2.8199338190390977,98131,0,4019,13688,21926,99704,6,0
12246,COMMERCIAL BANK,59331,51932,38,0.25246443490320813,2.13,1.048863949234985,0.6741838162174917,0,0,13.761695785377162,8310,18.128475629702322,557,66,3.9191544337602204,36135,0,324,7388,7183,36692,100,0
12248,FIRST NEBRASKA BANK,354761,316360,1017,1.1750382364027887,13.3,0.1222093708399712,0.18322194378750764,1744,319,10.254197616509591,36362,0,2955,75,4.286127821392359,224553,668,1121,35307,30941,227508,71,1
12258,SOUTHWEST CAPITAL BANK,499447,454795,1985,1.6272042315507522,18.54,-0.00892637968355984,0.16678446361676014,0,0,10.051904271959982,48067,19.350199533167682,4070,1,4.147625146645715,175088,0,20,119293,42735,179158,0,4
12259,LEA COUNTY STATE BANK,689761,628843,3307,1.9199326543127,31.92,0.3362632959029889,0.39752899917507656,5522,298,8.893512858729814,63727,20.97282829673408,1710,156,3.9625232333194247,226530,407,20420,31853,42086,228240,198,5
12266,MECHANICS&FARMERS BANK,499145,427806,886,0.7107453099132325,5.6,0.13178994225427398,0.3457913031283495,732,0,14.105116561890096,71910,24.864142480470992,4093,310,4.056650439781839,282485,0,7619,133907,64568,286578,98,4
12283,FIRST STATE BANK,133880,126505,290,0.8713680478351011,19.42,0,0.10979982073498655,275,0,11.469224344019125,15928,0,792,0,2.283554659001662,31816,0,1596,4884,6723,32608,0,0
12284,FARMERS&MERCHANTS BANK,19595,17287,22,0.4664352158587974,3.95,0,0,0,0,11.554524361948957,2241,0,125,0,3.687408338571129,5441,0,115,0,2241,5566,0,0
12285,CATTLEMENS BANK,541646,424841,885,0.6642585729699302,7.11,0.04900526701005558,0.8716024857563797,616,4167,9.4971737546351,49918,0,4152,153,3.8347517464355336,474351,0,613,181385,49777,478503,58,0
12293,FARMERS STATE BANK,21692,18185,173,3.194091853219479,19.51,-0.03031681067151736,0.6407892310529227,0,139,16.043526785714285,3450,0,303,-58,4.851845434066886,13388,0,725,1294,3450,13691,0,1
12298,COWBOY BANK OF TEXAS,114177,95641,865,3.1200263308580523,20.77,0,0.9695472818518616,976,0,15.837598904582922,17234,0,803,0,5.027692917884479,69768,0,2024,3851,16597,70571,0,0
12299,SOUTHSTAR BANK SSB,1263832,1031815,4674,1.5325771002028026,12.63,0.0021938737173380195,0.47419277245709873,6401,1996,13.037807423010161,160437,19.185630162791863,7458,0,4.5933907725713,916862,0,3850,174823,150600,924320,6,1
12303,CITIZENS STATE BANK,364923,314985,972,1.092352688317052,9.69,0.014255358009952023,0.08220912356853363,0,0,13.575969848098374,49924,19.4812261263959,2883,0,4.328876570122902,230902,0,1396,74672,43840,233785,9,1
12305,COLUMBUS STATE BANK,293330,250724,677,0.9176254915548296,6.75,0,0,9,0,16.213185648599218,47426,44.92487053963043,202,0,2.567471136076702,16753,0,1012,1462,41148,16955,0,0
12309,CITIZENS BANK NATIONAL ASSN,131682,116616,429,1.3123178929497328,11.7,0,0,886,0,9.666571098695885,12475,14.257481648785998,1160,0,3.6565916563693195,74165,0,3082,24167,14752,75325,0,0
12315,FIRST STATE BANK,144999,127869,366,1.0169420884822973,9.08,-0.04293872643737386,0.04206925565003897,130,3,16.20128097577864,24334,0,356,0,2.9717530946683466,45601,0,3746,6783,16565,45957,1,6
12322,CHIPPEWA VALLEY BANK,695830,524070,3921,2.233411748622986,25.19,0.020883450267268004,0.24546225371139502,1222,0,8.912401270301732,61937,14.503222306322547,4361,75,4.21900396269416,487150,0,869,59687,62337,491511,28,2
12325,BANK OF CASHTON,138485,118053,403,1.157027759335355,11.65,-0.06055494279720582,0,529,0,10.857613098658495,15305,15.754740785310844,929,9,3.1733890981879136,92205,0,995,9070,13977,93134,0,14
12327,BANK OF MAUSTON,395729,343071,2183,2.1831173425571624,17.71,0,0.0035377745881651334,629,0,13.706410133266342,55652,0,4674,0,3.2883256204217997,233830,0,1599,133688,50045,238504,0,0
12331,STATE BANK OF CHILTON,475359,398156,3104,2.610278813769557,22.73,-0.017478315964256846,0.31113326980240197,331,0,11.796613046984424,55588,0,6831,0,4.171991768655908,381845,193,828,191303,55792,388676,3,20
12349,COMMUNITY BANK OF CAMERON,207540,181624,939,1.8384233415155247,21.66,0,0.17346053772766695,916,0,8.633686404731318,17810,14.255048845665222,1701,27,4.22896562415223,151993,0,3235,22889,17810,153694,0,0
12354,HUSTISFORD STATE BANK,78449,56019,108,0.5486968449931412,4.42,0,0.3977106145393823,73,0,14.622121392631271,11537,0,435,0,2.689703226155605,53172,45,318,4842,9962,53607,0,0
12365,FIRST NB OF ALLENDALE,396939,345974,954,0.9768097281648085,11.77,-0.022314289327075413,0.7499892930651813,1487,116,9.743218750643628,37845,0,3098,75,3.456160675527341,264020,491,10006,23012,33127,267118,6,21
12368,REGIONS BANK,158421000,132993000,564000,1.4353929992778498,13.45,0.5088347993360326,0.7038208318341634,385000,232000,9.531752807512971,14514000,13.42331925228171,1613000,124000,3.59431955977694,94462000,1384000,5640000,9090000,17382000,96075000,145000,22000
12372,FOWLER STATE BANK,139589,113260,569,1.6421948843753382,12.59,0.16133720068093788,2.4966150627914807,7572,2304,13.161873777293673,18367,0,1582,138,3.370285567469943,84599,0,931,14248,18368,86181,38,4
12383,CARROLLTON BANK,3615625,3307630,10796,1.2160853647770324,15.74,0.006015062360621964,0.0768608470181504,3838,462,8.195423899675625,289742,11.12733695668859,35560,74,3.0787999869234266,2754419,0,3243,859741,280800,2789979,77,35
12384,JERSEY STATE BANK,181613,160088,260,0.5821177892957494,5.81,-0.018267342558341323,0.7598574991878335,372,0,13.818844222463664,25565,0,1207,0,2.805057530766846,88210,0,545,21385,18403,89417,0,4
12386,STATE BANK OF TOULON,319378,278405,1055,1.3319887191287152,15.26,0.0019201966281347212,0.08266067168057913,1270,0,10.108063022452821,32963,12.951043857628076,1816,3,3.2814903435310203,207822,0,525,23824,28524,209638,3,2
12388,WILLIAMSVILLE STATE B&T,94354,84251,6,0.025723059114805227,0.26,0,0.5362782711914704,419,0,14.287262167901876,13186,36.91375034444751,210,-13,3.1513527250883717,29154,0,3469,266,9683,29364,0,0
12395,LENA STATE BANK,97383,80050,216,0.8786023714128821,9.12,0,0.3429756733721491,526,0,11.96867120649606,12057,0,805,3,2.8889806025588114,63354,0,136,10267,9649,64159,0,0
12402,EXCHANGE STATE BANK,103915,91178,334,1.2495323606434718,14.36,0,0,235,0,11.955501044441464,12477,0,600,0,3.0296839262311828,57327,0,663,2838,9327,57927,0,0
12410,LA SALLE STATE BANK,182206,156199,122,0.27001828709915704,6.66,0,0.30569794628058355,2050,0,8.580619817600782,16164,16.73513892404447,973,18,2.508679323953776,87362,38,278,41629,8056,88335,0,0
12417,TRI-VALLEY BANK,86573,80246,134,0.6234261687786778,9.2,0,0.10049322537049657,2096,25,9.37169118475298,8320,0,684,13,3.771057014497919,48609,0,1092,7109,5983,49293,0,0
12422,SECURITY STATE BANK,51739,45236,63,0.4915011263567479,4.15,0.04014653485221057,0.8968089835520594,163,0,15.573501917776536,8080,0,542,0,3.7392311206008264,20346,0,234,2023,6272,20888,21,19
12425,DICKINSON COUNTY BANK,21121,17477,92,1.7946842233601559,14.08,-0.029315841547876437,0,870,0,12.796254283921419,2651,0,367,0,4.135636596289188,13495,0,192,674,2661,13862,0,1
12432,BAXTER STATE BANK,24413,16999,34,0.5487743367295471,2.36,0,1.8309916847581205,890,204,21.78115148498424,5251,0,192,2,5.3091429935545476,12830,0,466,543,5802,13022,0,0
12437,RENASANT BANK,18272048,15174200,47074,1.037189286218491,6.93,-0.0037860449940401975,0.5877666258319811,40188,108,10.854887705748277,1855377,13.958440973260103,203931,4750,3.533829899910554,13077665,0,55998,5089642,2743264,13281596,1129,1254
12441,HANCOCK WHITNEY BANK,34732348,29472691,122150,1.4000029684876696,12,0.17649848670676338,0.4210656878135622,150197,15593,11.177747039572374,3801367,15.26761337237173,318119,10461,3.475906559704303,22806628,76386,157097,5912796,4148197,23124747,13293,3046
12444,STATE BANK OF COLD SPRING,88540,81501,254,1.1423881083694547,15.12,-0.009132315841143367,0.18296814998870567,648,0,8.601429098594386,7692,20.411549950215733,303,25,3.2146275062265577,44346,0,1999,3587,6809,44649,0,1
12457,CITIZENS BANK OF EDINA,105122,91066,626,2.409256007504871,19.17,0,0.008561480945948517,208,9,12.776650329300047,13347,0,970,20,5.060740979511252,67042,0,1282,7271,13268,68012,0,0
12484,FIRST OKLAHOMA BANK,1128467,993333,2041,0.7186161094472404,7.83,-0.0004089020010130547,0.48951364993393687,2987,1683,9.101427487687637,104857,0,10086,0,3.347867999353329,965882,0,897,473274,104962,975968,10,11
12485,PAYNE COUNTY BANK,275153,227512,1310,1.934400206729793,16.11,0.17101369397305505,0.5197108517806457,3423,903,14.64750671024522,40110,0,1233,98,4.037630527696753,194798,0,7270,16491,33689,196031,86,3
12493,PREMIER BANK NATIONAL ASSN,341254,293968,1342,1.5876419465176428,12.15,-0.001499444268467999,0.026666354094017946,116,91,13.583975717140753,45200,0,3656,50,4.54646438753078,265325,0,308,136476,44935,268981,0,1
12501,CITIZENS STATE BANK,1027134,1068374,-416,-0.15422873121843478,,0.034898892356745995,0.03874859560680496,1094,0,12.75075819801605,161445,0,3811,0,1.6489753842763966,240604,0,8619,48226,-49986,244415,36,14
12506,INDUSTRY STATE BANK,692642,676534,-6992,-3.772101313181652,-509.25,0.0778107092392112,0.03566055769069736,1178,0,15.912932288834345,140751,0,3287,0,1.6830854475276298,174189,0,6007,34213,3260,177476,40,4
12511,ALLIANCE BANK,232426,190331,918,1.5993867275293134,18.13,-0.00467222856542142,0.22372712175057868,1613,0,10.12233872835907,23159,0,2440,0,3.6884031122638015,172023,40,2526,35851,20806,174463,0,2
12512,COMMUNITY FIRST BANK,98758,84299,55,0.22043756857361863,3.04,0,0.04860365742522125,19,0,10.364472313295163,10843,0,686,1,3.9242089064153123,59109,434,23,19671,7183,59795,0,0
12513,PARTNERS BANK OF WISCONSIN,269068,205802,807,1.1838225586410245,9.34,-0.06136625140275864,0.2493793390518382,622,72,14.263837551543498,39400,0,2412,45,3.4271915864652898,173125,83,2935,37093,35247,175537,0,27
12514,IXONIA BANK,804006,534285,2308,1.1435486797846928,12.27,-0.013863044671185909,0.19266025377920065,462,0,10.250055536181666,82593,14.049974949899799,7147,557,7.584254631462911,604580,190,17,154993,76852,611727,2,23
12517,BANK FIVE NINE,2424391,2028491,7199,1.2206280028493754,15.73,-0.01691629657862615,0.5352271972631477,12460,15,8.48183580447425,202366,11.085751463345385,9259,175,3.028749111569017,1896238,358,133,1157790,188108,1905497,8,88
12531,PEOPLES BANK,206475,146279,963,1.862444095249607,14.34,0.9932009932009931,1.7275699237195785,3152,0,12.554138034206899,25595,21.00566845332202,3369,350,5.261152369303904,147375,0,19701,6259,27050,150744,582,200
12549,BANK OF CALHOUN COUNTY,97318,88084,213,0.8829015544041452,9.87,-0.04199739616143799,0.009248032224254505,110,9,9.116122910736442,8743,23.125192090974288,286,0,3.0912137270846864,46939,0,1298,8363,8732,47225,0,5
12585,HOPETON STATE BANK,26543,24448,-28,-0.4233764270053678,-5.23,0.17412123190771575,2.445089100704517,0,26,10.74939749818293,2810,0,105,0,3.2542484874765116,13826,0,129,871,2050,13931,6,0
12591,CONVERSE COUNTY BANK,1021590,917076,3564,1.434586248259095,15.02,0.01000539576700292,0.4585009641832829,941,183,9.913491095981954,97910,29.43401557459053,4035,150,2.268013061470904,280673,2685,15488,35757,96852,284708,10,3
12592,SECURITY STATE BANK,441647,393869,224,0.2048388608581742,2.9,-0.0018257628836098984,0.0040756531800283935,1233,18,9.961884576166282,44745,18.23867014222344,3114,56,2.7371876062668488,215343,0,5768,59125,31658,218457,2,3
12594,PUEBLO BANK&TRUST CO,631437,549195,3862,2.4753097942823357,20.95,-0.12259603723744382,0.1787985183003213,131,0,12.563572572525658,77741,16.36326876569802,6262,0,4.877559399308867,465923,0,241,301341,75459,472185,4,143
12602,FARMERS&DROVERS BANK,207954,141176,502,0.9613704316352155,4.1,0.016546429280561256,0.3015089875645576,482,0,25.407978136526683,55038,0,1455,100,3.348685666016371,118215,0,15471,9771,49135,119670,8,3
12608,CITY BANK&TRUST CO,335343,292695,1500,1.7547579530748476,15.89,0.06792159906850379,0.005964042786042947,260,20,12.101400421072553,40925,19.569645635890993,2134,97,4.509781699117077,207307,0,6532,56325,38917,209441,41,6
12609,PATTERSON STATE BANK,316112,284210,245,0.2978985989646504,4.13,-0.020445403106679003,0.3109657336640178,5783,0,9.05068727160936,28557,17.487323495304576,2434,60,2.738541688267563,193651,0,4170,15827,24150,196085,6,16
12611,EVANGELINE BANK&TRUST CO,1079448,862884,3817,1.4212137657045145,10.89,-0.0229526051206812,1.4334178209603425,3588,142,13.168310698426112,142427,0,13322,300,4.097593429646874,885390,1895,24228,257459,142192,898712,35,86
12614,ORIGIN BANK,9667917,8402764,23609,0.9808448283768226,8.47,0.14376883573330143,0.8616644102343866,42587,31,11.182420368380779,1085061,14.560409249074551,92011,3444,3.5364051738107958,7503706,0,12771,2383849,1128131,7595717,4848,2120
12616,LEGENDS BANK,566091,459039,3148,2.2648948493067897,12.89,0.14111559719336758,0.3960493984182755,4733,1277,18.063300486339216,99316,0,4663,225,5.113963255824867,406497,0,14936,80120,99249,411160,157,13
12627,BANK OF WASHINGTON,1178767,896357,4023,1.370770274592749,11.7,-0.016876018793748202,3.141927115367159,157,0,12.102219644846453,140032,0,16062,1360,4.5500886695316645,1033389,0,2163,400678,138660,1049451,29,73
12633,CENTRAL TRUST BANK,19551204,15478780,85730,1.7684635534292252,19.12,0.11935367428290718,0.27545618162441554,38220,548,8.62691232096687,1638545,14.574575417885475,153738,2921,3.843381326623808,11358539,90662,285710,3701023,1859134,11512277,5627,2173
12661,GREENLEAF BANK,149083,128646,293,0.7883575995452817,12.57,0,0,1410,0,9.126234263966145,13716,0,1405,23,2.8647211136533253,89528,0,249,27975,9723,90933,0,0
12694,CITIZENS COMMUNITY BANK,138582,123273,210,0.6237492528003742,5.68,-0.00911218812112376,0.23523978583077165,247,27,11.540014958863127,15429,0,1182,0,3.17699001791656,85334,0,712,2429,14952,86516,0,2
12706,STATE BANK,301085,255937,95,0.1250664415470719,1.97,0.15270518355499912,0.6041483302057559,1233,0,8.686709437236892,26227,12.123739447770166,2410,0,2.483377140077992,174351,0,1867,78642,19527,176761,68,0
12717,BRIDGE COMMUNITY BANK,125869,109593,427,1.3525016926067728,11.28,0.016921279037179222,0,195,0,12.811310407123038,15885,0,766,0,3.716498720341918,93779,0,1437,8784,15404,94545,4,0
12722,SICILY ISLAND STATE BANK,86092,67676,497,2.366342703082316,18.62,-0.011399990025008728,0.8363146401523951,1737,657,13.23819770397607,11197,19.06512185377547,733,0,5.305280112749786,71191,0,1119,10592,10944,71924,0,2
12745,BANK OF PRAGUE,42605,37193,395,3.6988482067609323,29.76,0,0.3990142002112428,346,0,12.593831961653251,5570,0,328,0,5.132325371898815,29312,0,4152,398,5287,29640,0,0
12757,FIRST STATE BANK,101407,91279,418,1.6850167544279557,16.86,-0.02279202279202279,0.06113976352717268,5,0,9.709166424221753,9678,16.09440414666687,974,0,6.064932712491077,69511,0,6645,9773,9513,70485,0,4
12758,FARMERS STB ALLEN OKLAHOMA,54897,46942,310,2.30936129398728,17.74,0,0.6922054028453285,1498,0,13.046286726708992,7069,0,526,6,5.306205493387589,41375,0,4907,4149,7070,41901,0,0
12761,F&M BANK,753354,654865,3365,1.7647783800226038,15.92,-0.006521910448734613,0.41029847853731444,1446,252,11.908955212092971,90474,0,6754,151,4.094323329153793,534610,0,4173,124508,86722,541364,1,10
12769,FIRST UNITED BANK,2403413,2174098,8354,1.4727536606187803,16.29,-0.026324319820882607,1.2790976831697256,17088,21,10.965406964924346,248109,15.550429599634915,19574,315,3.5503193191633984,1450769,0,1961,464776,210396,1470343,106,200
12788,BARABOO STATE BANK,541817,468118,1405,1.0298859337189603,9.44,-0.013477719644712335,0.011996670462536243,67,0,11.024377875176587,60870,20.42096977329975,5269,0,3.2417279678301805,260937,187,1982,155548,60189,266206,2,11
12814,PEOPLES STATE BANK,910613,795442,1834,0.8145608300170551,9.69,-0.02060491409438294,0.08488787223551608,7012,0,11.114003263351615,103329,17.661303256314696,9339,0,3.1224294081295825,562988,0,2811,87405,78045,572327,15,44
12815,HOME STB NA,746847,664954,1661,0.8947461272333302,9,-0.00247209112127873,0.05369238947200699,1252,0,12.151741392005194,92091,20.294260574666296,6058,0,3.499920718435126,479018,0,567,198609,75784,485076,0,3
12828,FARMERS BANK FRANKFORT IN,1045827,812581,2174,0.8354710092712686,10.61,0.15013363187492315,0.35981094387503865,713,783,10.177532667714924,105116,0,10086,274,3.5030850444258834,762390,0,6479,389005,83895,772476,316,26
12836,FIRST STATE BANK OF PORTER,158306,136822,290,0.722118296672342,5.64,0,0,416,0,16.060371517027864,26975,0,1031,-30,3.296373988612526,75675,0,23,31527,20567,76706,1,1
12839,FIRST FARMERS BANK&TRUST CO,3266875,2802120,12708,1.5644485589665875,17.45,0.17844520872741892,0.5342414386837574,28498,3357,9.808507232269854,319836,13.584956506842063,34206,1620,3.7516619665344497,2377644,0,4352,572499,295178,2411850,2956,1884
12854,CENTIER BANK,9470954,7527967,37683,1.5731200731392503,17.8,0.01897042485803547,0.1408728202037514,29965,944,9.964354084163665,949196,13.049871576175395,86869,3000,3.493295925213822,7386874,1622,502741,2510794,867303,7473743,467,106
12855,FARMERS STATE BANK,1623819,1249700,2865,0.7019101940818436,7.92,0.012760091295415102,0.016319552856568376,3015,191,9.689443496715784,158697,13.395832542016043,13119,0,2.084542115660142,1296482,7366,5856,344646,144435,1309601,125,83
12857,DENVER SAVINGS BANK,245329,189264,74,0.11985916548056033,1.26,-0.00933616919472623,0.03913112595738783,1487,0,10.45236281884716,25664,0,1865,0,2.707767854616374,167889,0,1312,69619,23701,169754,0,4
12858,FARMERS TRUST&SAVINGS BANK,618915,541340,1212,0.7811744687433533,9.84,0.006183365779901163,0.4344699999192135,8061,732,8.834578633407379,55123,11.470219605543093,6095,6,2.3889873830983936,507503,0,2198,108188,49941,513598,14,6
12865,SWEDISH-AMERICAN STATE BANK,53278,46357,223,1.5976071713218767,14.7,0.05927682276229994,0.7733023011374301,172,412,13.0207387498638,7170,22.183941605839415,428,0,4.075985341410515,31413,0,369,3432,6197,31841,19,14
12869,FARMERS BANK&TRUST CO,708319,645361,2762,1.554296261698021,18.64,0.008124934408081602,0.15685023273412121,2530,73,8.90358307015923,63124,11.69130243814517,3687,225,3.809193595150631,578757,0,6734,123367,60283,582444,38,26
12874,KATAHDIN TRUST CO,1079094,929947,2465,0.9139391006969018,10.07,-0.0009534944977408139,0.13038715811597507,6414,11,9.613409526611713,104554,15.562211183470827,8523,-37,3.7627600775356624,844763,0,2456,308655,99521,853286,0,2
12885,PEOPLES BANK,298460,259491,1107,1.4646683492049841,12.15,-0.015004514751313565,0.13837700194330899,101,0,13.4186908528058,39532,24.357970286034906,2589,0,4.117817713237139,183938,0,462,56826,37309,186527,0,7
12893,FIRST STATE BANK OF DECATUR,63684,48419,-266,-1.7254100686758613,-6.99,0,0.2528107530933986,438,161,19.769780181679494,11404,0,349,0,4.53515551535451,25900,0,781,830,15063,26249,0,0
12899,MAYVILLE STATE BANK,94575,86265,172,0.7143302115995598,8.76,-0.03600927238763982,0.5783769495109701,1253,0,11.150938745326815,10857,0,545,15,3.528600964851826,43863,0,2438,4731,8150,44408,7,11
12923,BREMER BANK NATIONAL ASSN,16414076,13321160,34774,0.8481535559403082,10.48,0.5072724894221636,0.6078806994679444,33689,54,9.460307396069906,1568443,13.238407719483035,107987,5102,2.951016643088952,11671328,0,33354,3639878,1355972,11779315,15967,1033
12944,ORANGE BANK&TRUST CO,2551122,2286587,8798,1.3931905397485076,17.4,-0.0071934526501878475,0.24306951999943555,0,0,10.410091112522116,270191,15.416081705489916,26373,202,3.981176268381475,1827880,0,30275,920820,209782,1854253,6,39
12956,BANK OF RICHMONDVILLE,185020,167550,270,0.5907207613734258,6.64,0.018480658835487485,0.16863041833315318,1176,117,11.240180781233185,20891,26.54528726726872,1364,10,3.3134344866126653,85663,0,8006,6581,16708,87027,4,0
12959,CATTARAUGUS COUNTY BANK,358313,316905,546,0.6122071412953899,6.37,-0.005269745076081945,1.6879097325522656,485,0,11.242437428936396,40045,16.059331098908935,1445,300,4.13176141538637,225295,0,782,100036,34880,226740,0,3
12969,UNION BANK CO,1194392,1076525,2883,0.9691261225374768,10.71,-0.12681123233067834,0.35834131507913647,320,0,9.522098305107358,114205,16.59678061083425,8269,93,3.6388051302100504,776657,0,28600,218242,109485,784926,16,262
12978,RICHWOOD BANKING CO,1253300,1131367,3040,0.9842467901696733,13.65,-0.08405308941456405,0.21231947658182396,8394,769,9.53520093660045,120376,14.14905536452498,7855,-25,3.693060269204379,809298,0,1067,342404,92438,817153,30,200
12980,CORN CITY STATE BANK,96239,80524,177,0.749440301469771,15.41,-0.013508379416606863,0,10,0,11.18724594837143,10596,0,550,0,2.4407823075797563,59624,0,380,2309,5083,60174,0,2
12982,CIVISTA BANK,4140665,3250621,11654,1.1328608381459344,10.05,0.08180599991438155,0.7569798571002484,7225,146,9.584711731226376,386065,13.358221943475362,40284,1567,3.6337813779299197,3068076,0,4051,1290891,467620,3108360,976,343
12985,ELDERTON STATE BANK,407668,328877,1498,1.503093608465688,12.46,-0.004807403401237906,1.4408783618042134,7728,2329,12.643727324419931,50253,0,5135,-187,3.2933400775585904,333973,0,2228,120105,48980,339108,1,5
13000,ENNIS STATE BANK,415261,339409,1171,1.1363126363835951,17.76,0.0457308608181251,0.24827758927517873,1317,806,9.606464125403633,38437,0,3084,0,3.695537949579139,303116,0,1307,133338,27303,306200,38,3
13006,PECOS COUNTY STATE BANK,329077,302907,1497,1.8280145984732963,24.26,0.15917051141034833,0.31360441477222656,950,0,10.879707972731229,36004,0,2136,20,3.9054021862841113,128182,0,4285,60478,25391,130318,61,8
13012,FIRST COMMUNITY BANK,3214757,2702620,12110,1.5102879009695118,10.5,0.23189188603455704,0.6342314520195461,13398,117,10.37086440219887,315040,15.281096896599783,33784,321,4.288730025833137,2348915,5706,32479,820474,461971,2382699,1999,608
13018,MINERS&MERCHANTS BANK,67521,58282,-2,-0.011886189733303618,-0.09,0.01594928128551207,0.3435968069193288,587,0,13.538136852743593,9109,0,149,0,2.290345037976862,24486,0,461,4328,9109,24635,1,0
13020,FIRST EXCHANGE BANK,383513,348523,588,0.6148368604108585,8.17,0.21729313410352416,1.69485780143046,1442,0,8.953517340850981,34142,14.427532457511044,4090,177,3.182011209357669,294218,0,3257,70785,29273,298308,178,15
13025,FARMERS SAVINGS BANK,420157,373302,1274,1.2190687616022047,13.29,0,0.4253172028551232,893,69,10.349027537069132,42994,17.396798812401272,2471,74,3.0345875713956487,218702,0,6224,58613,39436,221173,0,0
13030,OAKWOOD BANK,141459,110414,361,1.046130440294858,9.34,0,0.00848302334952177,259,0,8.408111988513998,11244,10.89538038690581,1124,64,3.824661616788774,119062,0,314,16829,15498,120186,0,0
13032,CITIZENS FIRST BANK,319701,268233,920,1.1395834946194938,12.66,0.010171840530970077,0.5358131504124166,1001,0,10.382599580712789,33677,0,3215,1,3.5858425180849522,230288,326,1125,120686,29998,233503,9,3
13033,FARMERS STB OF WAUPACA,252764,220995,901,1.383363176975678,13.74,-0.10328821821525516,0.12660030700574448,81,0,11.403300150624581,30207,0,2172,-5,4.0071209879222875,155915,50,2455,26907,26758,158087,5,46
13054,PARK BANK NATIONAL ASSN,72428,60192,-34,-0.18623376445536893,-1.28,-2.3339419149616973,1.9163859280941071,131,0,14.43705547169298,10616,31.12579058327477,1434,0,3.336261318578477,25410,178,1060,4208,10616,26844,6,161
13055,CITIZENS BANK,1113592,961165,2318,0.8463417762132504,6.87,1.3782339909892223,0.2717332739459335,100,0,13.619703077736686,148856,0,7738,450,3.301489350211648,708765,0,204,389216,137193,716503,2472,6
13058,HIAWATHA NATIONAL BANK,777139,597959,1560,0.8036576727413227,8.33,0.3267012849574523,1.752968259217463,10497,0,9.590823449468742,74523,14.412065679996239,5001,665,3.1798028669083065,543124,0,1222,233315,76019,548125,474,31
13063,KENNEBUNK SAVINGS BANK,1900245,1610029,2700,0.5733007472019739,6.89,0.012133813542193193,0.05436141129170186,6776,0,10.862926478942686,202687,0,16819,300,3.3623212139200964,1513008,0,695,737471,160439,1529827,50,4
13068,COMMUNITY BANK&TRUST,430572,381572,952,0.9060637028453684,12.33,0.0284821479921455,0.019044433915814313,896,8,8.002114139962673,33914,27.055753370461673,1884,16,3.2692063993937364,184027,0,1141,18688,32237,185911,32,19
13071,TOWN&COUNTRY BANK,739841,639198,3140,1.7375737880907023,19.16,-0.00678752707056695,0.2722206528159429,1349,0,11.305025120163553,83167,19.887825252986993,6194,73,3.832530837640486,466566,0,5184,55289,67777,472760,9,17
13083,FIRST WESTERN BANK,726034,648231,1274,0.7021048679592322,8.39,0,0.09572554453372707,332,0,8.861795748910914,63651,12.613471639668639,4929,0,3.621879892114847,564654,0,1555,105693,61459,569583,0,0
13102,LAKE CITY BANK,6847388,5963532,22145,1.3100609441593547,13,0.025289622244968276,0.8425110421667357,4271,7,12.20563376870094,846552,15.662135961322823,92433,6800,3.3613209146584473,5132083,0,32486,1655858,687643,5224516,508,181
13107,CITIZENS STB NEW CASTLE,845134,750656,1956,0.941301026239488,9.47,0.1045889419664151,0.09039986558344594,1993,378,10.443886612887841,86497,17.375506191814754,6566,96,3.392676425007799,491925,3751,16993,139410,83782,498491,191,63
13109,JACKSON COUNTY BANK,1036251,846355,2109,0.8357742280159725,10.12,0.01270796306626042,0.2514834726335608,2202,0,8.719518590510807,88954,12.175134893497862,7727,183,3.3439491293751553,820575,0,4849,306333,84680,828302,31,5
13111,HENDRICKS COUNTY B&T CO,234379,215777,189,0.32486995533038115,4.32,0.020882042562077464,0.6728418501657571,1019,0,9.800591604038042,22795,0,1609,28,3.8048378967033676,131876,468,76,52910,17982,133485,15,8
13112,OWEN COUNTY STATE BANK,369153,291736,522,0.5673674070793214,9.39,0.0032014022141698063,0.6639523449626578,2125,193,8.637199768749673,32868,13.851241065976398,3275,125,3.2569634587803384,250063,0,2799,70218,23076,253338,9,7
13113,PEOPLES TRUST&SAVINGS BANK,245955,197480,-109,-0.1780427547624395,-1.58,0,0.8969120367546909,2122,220,13.187865929873036,32075,0,1254,0,2.481175056842251,184934,0,196,35476,27963,186188,2,2
13130,FRIENDSHIP STATE BANK,543659,457783,744,0.5489589885578205,8.7,0.04484786163794001,0.06916099981790057,4730,0,8.546009662700188,45849,16.319779189392637,3402,21,2.9098589774489927,309244,0,7853,45938,35109,312646,49,14
13157,KANZA BANK,258530,226924,-2954,-4.603791816347045,-57.11,0.02378236969693694,0.02088732448845395,1406,0,8.4970465641567,21894,0,2606,3,3.4125243380165657,183600,0,637,62778,19325,186206,11,0
13167,BANK OF CLARKSON,166108,142337,567,1.3861513215192658,15.34,0.0037807183364839316,0.05357959881522865,1417,89,12.284390862202908,21031,19.591412429378533,632,23,3.9259667261711204,106488,0,6164,21026,15125,107120,1,0
13179,FIRST COMMUNITY BANK,395968,338871,1628,1.6545577195966763,16.98,0.008848970201092847,0,43,0,10.222470055989685,40514,13.812851330786671,3962,0,5.1214610873398865,314770,0,1833,191324,39455,318732,8,1
13195,UNION STATE BANK OF HAZEN,224127,207251,425,0.7496334512903616,11.05,0.10901104538386316,0.7540367737934296,2293,40,9.230145045136423,20930,0,2292,0,3.2898513708885644,121771,0,6904,21524,16117,124063,42,8
13196,PEOPLES STATE BANK,70193,61745,149,0.8468014065996519,7.29,0,0,514,0,13.207520794016913,9448,0,526,0,3.3751198122249977,31565,0,315,1278,8363,32091,0,0
13198,CORNERSTONE BANK,1792778,1618938,6691,1.513859986617125,23.86,-0.011390828267804881,0.2734303968477971,9198,400,8.159199269227342,146487,11.387932203769036,16138,300,3.5493759792009234,1227348,0,26226,332614,117249,1243486,9,44
13209,FORT JENNINGS STATE BANK,267996,234199,1071,1.6036355060772696,14.35,0.14891884915513373,0.48023104822460033,2675,0,12.044612769057956,31739,0,5286,90,4.971224510283985,196182,0,1686,44100,30344,201468,81,6
13216,SAVINGS BANK,517913,443689,571,0.4434508005510129,4.72,0.024758568785915754,0.18381465612950437,915,0,9.278338654471193,48387,16.499418057747803,3391,-7,2.967699205217037,355195,0,7890,59580,49275,358586,33,11
13220,PEOPLES BANK CO,835528,747943,3463,1.6873556133626577,22.88,0.003815014705689498,0.07528173801476432,791,614,10.765640096475709,91146,20.89568126520681,4729,-205,3.0553338311404072,418625,606,3584,80368,64087,423354,5,1
13232,SECURITY STATE BANK,612965,503298,3837,2.4790485028068585,14.98,0.00340657468915006,0.06166746877880467,676,378,16.76718035507966,103036,42.00170782039422,6991,0,4.35048803766755,229123,1812,1636,96751,104409,236114,6,4
13242,FARMERS&MERCHANTS STATE BANK,240229,178945,334,0.5560758360908201,5.43,0.0020003500612607206,0.013736892714867898,0,0,10.742855715843538,25811,0,2334,0,2.897790369262786,197368,0,144,42642,24891,199702,1,0
13249,STATE SB OF MANISTIQUE,167858,139442,285,0.687223076227507,9.74,0.5385169526553846,0.19480751587651468,207,16,10.103229701177181,16736,0,882,22,2.8017857683547582,83177,0,2169,27395,12166,84059,114,0
13251,CHAMBERS STATE BANK,87578,67004,578,2.710910476637158,11.71,0,0.3448354609605152,0,125,23.36007275610382,20035,0,629,0,4.906407089217458,61664,0,543,2527,20035,62293,0,0
13255,MIDWEST BANK,1165133,941031,2294,0.7867747081426809,9.95,-0.0004574322156930127,0.004548836913897384,2420,0,9.158865969010446,106521,12.338534981788506,11984,300,3.2013122978975344,858645,0,4956,174566,92592,870629,3,4
13264,BANK OF LUXEMBURG,673759,589725,1322,0.7836245004171526,10.95,0.0031362064251069005,0.05417367337579164,223,0,9.124289447673682,61204,11.639163064445727,4926,150,3.5912179946033866,505405,0,6446,195360,49769,510331,7,3
13274,BANK OF COMMERCE,188883,162576,968,2.062207072858969,18.21,0.08734578010699859,0.5860770953447372,1113,157,12.67078380779155,23964,19.31319799249446,2163,0,6.066484436998501,122254,0,4412,36858,21975,124417,31,4
13297,SOLVAY BANK,1174496,1047427,1192,0.4027185189283194,5.83,-0.006072441466494614,0.0644531782143149,2240,11,9.261492394717372,111286,0,8124,50,2.1290419401132814,722468,1909,3027,152815,84093,730592,23,34
13303,BANK OF ENGLAND,347772,258838,-918,-1.0188976093920605,-5.6,0.03209299837752064,1.0817432110693213,973,239,17.99235407284214,65560,24.422208948471535,3535,107,3.348272252643519,107289,0,2447,20369,65228,110824,12,3
13305,NEW WASHINGTON STATE BANK,614653,560871,1352,0.902947351724541,11.39,0.0239786302447259,0.49637763095600285,990,13,9.929192725181512,60775,0,4645,186,3.705234704404369,420205,0,4973,94267,48729,424850,32,7
13339,STATE BANK&TRUST CO,1492129,1279246,3034,0.8482181547760497,8.21,0.031312992935005966,0.40552794027862205,510,0,10.061571202872239,148641,13.599318160861868,15391,387,3.5709130409845877,1077173,1700,8764,325750,148455,1092564,86,2
13341,CROGHAN COLONIAL BANK,1183222,994226,2622,0.8988428940375812,8.37,0.0016314721861183468,0.06152691549007709,473,26,11.134159346178667,129573,14.915520484747145,8693,0,3.474488297937185,727673,2465,39150,311157,126835,736366,8,5
13366,EXCHANGE BANK&TRUST CO,405799,368395,1091,1.0824003293830515,14.68,0.27203921211673643,1.1981301087484197,3822,704,10.41234336339692,41746,15.299375823939304,3747,150,3.6645140077506326,288703,0,6416,77219,29997,292450,230,32
13381,NORTHEAST MISSOURI STB,149041,135590,421,1.1524182648714307,13.76,-0.08311489035227927,0.02281251467716937,1414,34,11.838149643920847,16972,22.573764664059723,808,0,2.6758493628407867,61618,0,959,3209,12832,62426,0,13
13382,FARMERS&MERCHANTS STB SPRING,135952,119220,523,1.5276819325322497,18.14,0,0,1192,0,8.557177139294286,11803,14.391291765910557,1473,32,4.332802429374773,96760,0,742,2491,11534,98233,0,0
13397,BANK OF UTICA,1418618,1056019,3149,0.8972832889179531,3.78,-0.019218757507327152,0.09805317569634674,1039,1222,24.008436729195775,334541,0,1146,0,1.693552842485463,124122,0,5257,28294,334541,125268,0,6
13407,FARMERS STATE BANK,368223,314693,1719,1.8775804443279376,13.73,0.10594081718471571,0.7992439364189635,3113,1415,14.808676980674997,53794,24.811015828245576,3038,0,4.80918829608355,205776,0,6547,54081,50940,208814,59,2
13413,KAW VALLEY STATE BANK,73002,70674,158,0.8837677592571875,32.19,-0.05649817263722876,0.497246650776691,723,90,8.602678258430906,6135,18.04657359349413,350,2,3.1765959621027426,27941,0,1012,3133,2063,28291,1,5
13415,FARMERS&MERCHANTS BANK,77923,68429,310,1.646265367356151,14.02,0,0.02566636294803845,696,0,12.786157362063335,9791,0,498,15,3.24719622342893,23600,0,2389,2327,9082,24098,1,1
13416,OKLAHOMA STATE BANK,64683,58007,463,2.9852430345672443,28.75,0.034912772619658076,0.1654221356461512,744,22,10.666125760649086,6573,15.187579158841768,382,9,6.225917150782877,45168,0,6537,1127,6573,45550,4,0
13421,UNION BANK&TRUST CO,8703477,7406232,30868,1.4142714480950913,14.42,0.06616794099932588,0.2786472578717678,53197,4896,9.394866917198252,834444,12.895894234816913,103784,2798,3.542070360202993,6418703,18628,149545,2294739,850101,6522487,1358,287
13430,WADENA STATE BANK,200783,183978,721,1.4333782299468696,18.18,-0.003053691531349961,0.03287130882594642,3077,61,9.499957036640163,18795,0,1239,0,4.221728846666995,129428,0,2234,22605,15223,130667,0,1
13450,INTEGRITY BANK,86431,77535,214,1.0196970689665443,11.5,0,0,0,0,10.527804171756934,9307,24.695292977714313,378,0,4.482846450753346,28578,0,92,3929,7666,28956,0,0
13454,ROYAL BANK,759992,673809,2457,1.2875671426699855,12.55,0.001578176968874405,0.06723754986894599,2240,0,10.238191853048278,77206,16.86419842945063,7675,95,3.8143790063738443,498397,310,6422,97998,79081,506072,6,4
13551,STATE EXCHANGE BANK,110179,93017,19,0.06705990832204639,0.69,-0.163689653265498,11.649225351473511,2649,2971,9.6783197264671,11096,0,2580,85,2.8487479070282338,86905,0,373,29970,10895,89485,0,37
13561,FLEETWOOD BANK,388345,358234,519,0.5335211108341279,8.48,-0.007172379167824707,0.33681391546176725,1199,0,7.619416773259946,29486,15.174524025385313,2903,15,3.040614664233666,220698,0,137,33534,25013,223601,0,4
13565,BANK OF SUN PRAIRIE,732961,623866,505,0.2739122328253979,2.81,0,0.03874694560829294,404,284,10.064749873246576,76228,13.689540771782783,7426,0,2.186792824870782,604373,0,3450,264502,71558,611799,0,0
13582,STATE BANK OF NAUVOO,36947,33608,68,0.7326994046817337,8.46,-0.019585761151642754,4.073402441334885,355,41,8.45361377904169,3151,18.57731392474595,502,0,3.826308771522987,20067,0,987,1300,3249,20569,2,3
13584,TAMPA STATE BANK,64128,52434,67,0.4098768075490743,18.31,0.09455306790936413,0.3212325349301397,7,0,9.10915171784737,5992,16.725188474646288,661,0,2.5652218774058877,27328,0,417,1489,1565,27989,8,1
13599,FIRST-LOCKHART NATIONAL BANK,390344,352886,524,0.5265286538601635,6.03,0.0029169507655172665,0.20187321951919335,6641,788,9.0842308978347,35862,14.88993962097505,3250,0,3.7200094066688907,272675,0,885,122329,35031,275925,2,0
13600,POINTWEST BANK,130244,117357,545,1.6530429639515307,22.02,-0.02516804916158936,0,88,0,11.849109358077227,15426,29.632728963272896,501,0,4.1498136883340235,47462,0,2427,7093,10739,47963,36,39
13611,BANK OF MEAD,38454,34708,68,0.7333611938688848,7.62,-0.02469669373012688,0,0,0,10.031515410501576,3756,0,483,0,2.8356225077536554,15552,0,613,851,3630,16035,0,1
13616,CORYDON STATE BANK,120888,92137,540,1.819031618306532,7.68,0,0.7941234862021045,1971,0,26.09132297803964,31176,0,2409,0,2.8742056570700325,37754,0,165,6455,28188,40163,0,0
13622,DAYSPRING BANK,1141659,913386,1843,0.6601336833391016,6.86,0.10147945333799098,1.138518594431437,19244,3078,10.354616189211017,117309,0,12997,1125,2.272221047837801,767272,0,13001,230937,109428,780269,205,10
13632,FIRST STATE BANK,596970,526019,1874,1.2572445446304201,12.85,-0.0009847232496851964,0.02579694121982679,37,0,10.91085895143445,64741,16.470530156282322,5426,225,3.3385457179114617,398475,0,1676,152506,59671,403901,2,3
13652,PINE COUNTRY BANK,384646,340517,940,0.9718059954743822,9.23,-0.0017528061330686594,0.20590361007263824,1567,0,9.519965041859177,35729,15.29496465833741,2711,0,3.682495544363187,225099,0,1494,35676,41825,227810,17,18
13656,UNITED COMMUNITY BANK,276476,225802,472,0.6921518848124353,8.06,0,1.1516370317857607,42,0,8.119254513431812,22266,12.105052789611706,2862,75,2.7138714876625247,203551,0,1573,34807,23760,206413,0,0
13662,FARMERS&MERCHANTS STB BLOOMF,205617,184722,788,1.582814014331698,16.46,-0.008728097929258766,0.05836093319132173,989,53,9.620802596342424,19328,16.00691496278618,1598,0,3.837579113088131,133076,0,824,10011,19610,134674,3,6
13692,BRUNSWICK STATE BANK,173560,157300,710,1.6303146679525486,18.11,-0.0027657066207559364,0.7138741645540447,2007,385,9.437812952371912,15908,0,1916,45,3.916514473145733,141806,0,2705,25462,15766,143722,0,1
13696,NEBRASKA STATE BANK,23380,19685,62,1.1221719457013575,7.41,-0.029050766213958894,1.176218990590248,970,275,14.935869084475895,3377,0,121,0,4.654711942006868,13405,0,101,522,3377,13526,0,1
13703,GREENVILLE NATIONAL BANK,626305,529568,1978,1.2835925015614986,11.86,-0.008530987627698222,0.062429646897278486,506,0,12.13581498656035,74090,0,5289,237,3.8530596399281793,419074,0,6558,88405,68782,424363,14,23
13712,LIBERTYVILLE SAVINGS BANK,392295,315094,317,0.3216408757865046,3.29,1.009647195288313,1.143017372130667,4128,582,10.329217894942957,40091,14.590200407318033,2535,700,3.731897563332643,242377,0,757,28625,38927,244912,747,129
13715,STATE BANK,85166,78643,102,0.486934520435138,7.01,-0.009078941395433294,0,0,0,11.82061818831517,9924,0,1434,5,2.434953865041659,42425,0,1821,8184,6061,43859,0,1
13716,MIDDLEFIELD BANKING CO,1888358,1543924,5714,1.2225686297426621,10.56,-0.05446319711345056,1.5648515800499692,1780,4,10.874957045263983,197791,13.171202310062776,22401,96,3.758996264546996,1527948,0,5059,585221,219067,1550349,54,263
13718,WELLS FARGO TRUST CO NA,1393165,0,6441,1.8548128736856881,1.94,0,0,0,0,96.1123413650943,1333750,376.6984971601099,0,0,4.528608163168172,0,0,0,0,1333750,0,0,0
13729,PRESCOTT STATE BANK,16627,13672,14,0.3384401535067839,2.32,0,0,0,0,14.741205876973723,2418,0,119,0,3.1747047716580794,7655,0,183,269,2418,7774,0,0
13735,SAVINGS BANK,288808,241040,839,1.182289611634068,10.39,0,1.7014764133957507,5014,1353,13.210542463094956,37031,15.185848566719597,3711,225,3.118970421498618,213083,0,1515,22703,33122,216794,0,0
13736,MAYNARD SAVINGS BANK,107982,87434,153,0.5698615850904841,5.83,-0.11192277328643237,0.4815617417717768,675,460,14.425712963292629,16207,0,915,0,2.143838140220413,49346,29,842,3672,10979,50261,0,14
13737,FARMERS&MERCHANTS BANK&TRUST,215176,192364,289,0.5362440188613165,8.74,-0.010008674184293053,0.18868275272335205,1212,83,9.643394120522824,20909,18.149345401648617,1689,-1,3.0749374599885333,117564,0,1201,16345,14036,119253,0,3
13748,UPSTATE NATIONAL BANK,268740,175669,-438,-0.6583817787581687,-6.59,-0.11211319816459846,0,153,0,10.32067094227923,27196,16.117766652821196,2872,0,1.4943428173099886,219675,0,0,46391,26610,222547,0,62
13753,BLUE GRASS SAVINGS BANK,225279,189578,497,0.8866133866133866,7.45,0,0.31915979740677114,75,115,13.453914982966971,30884,0,2600,30,2.7316837074233167,109871,0,144,29285,27335,112471,0,0
13774,BENTON COUNTY STATE BANK,51386,40010,121,0.9657979806042223,6.9,0,0,0,0,14.97889075241455,7770,0,232,0,3.6967949804985585,32577,0,215,2875,7097,32809,0,0
13775,FARMERS STATE BANK,219089,197171,404,0.7417386335209865,8.39,0.0032109171182018864,0.062075229701171665,219,10,12.696756801669142,27506,19.5154032074993,1559,0,3.550566197826584,123972,0,5176,17545,19557,125531,1,0
13784,NORTHERN INTERSTATE BANK N A,186549,167143,272,0.5836502819009404,11.92,0,0.1983393103152523,383,17,9.36861009834363,17319,0,763,0,2.7343992755617506,74734,0,1248,18160,9430,75497,2,2
13788,CONCORDIA BK OF CONCORDIA MO,121454,107692,372,1.2455739433967001,11.72,0,0.34663329326329306,653,0,11.044272547728768,13421,0,1213,59,4.43316960831939,91108,0,627,25389,12955,92321,0,0
13794,MCINTOSH COUNTY BANK,112791,97723,484,1.7322989647366207,20.38,-0.3143489726984895,0.040783395838320434,7,0,11.368140444413266,12964,15.950948057982842,1699,0,3.9841293679360916,63607,195,963,6232,9938,65306,0,52
13798,FIRST NB IN FREDONIA,97680,87066,332,1.353100005094503,13.7,-0.12957983737730408,0.3511466011466011,348,0,18.04404011165099,17454,0,964,6,3.261485352436319,29305,0,3505,3550,10398,30269,6,16
13801,FARMERS&MERCHANTS BANK,279432,257705,734,1.101882883660533,15.22,0.004760077232253093,0.04688081536831859,1178,131,9.410598190442924,25056,0,1080,60,2.8488689997966787,168404,0,2159,41841,20007,169484,10,8
13802,TWIN VALLEY BANK,134324,125428,222,0.6646159373105508,10.87,-0.004593661895000373,0.05509067627527471,381,10,8.75214163335237,11647,13.405280442485523,762,15,3.906237112551756,88018,0,683,20602,8373,88780,0,1
13809,MINNSTAR BANK NATIONAL ASSN,196522,167917,441,0.8882130502867559,8.33,0.010028455743171249,0,1326,0,10.920396100406847,21339,16.094040094290424,2530,0,3.4499766857044283,154951,0,652,62631,21127,157481,5,1
13813,FIRST NB IN PINCKNEYVILLE,136146,126017,385,1.1237020876049821,17.22,0,0.6213917412189855,781,0,11.160052236658624,15126,24.1133660548059,539,24,3.7597178652845704,56967,0,3419,6266,8808,57506,0,0
13816,BANK 1ST,163795,144276,406,1.0032494409231871,11.45,0,0,0,0,15.301938642011631,24445,0,1399,0,3.0735024435357947,90418,0,591,10918,14367,91817,0,0
13819,COMMERCIAL STATE BANK,235535,211680,908,1.5528966096658408,16.84,0.048410521219945137,0.16685418303012292,1171,0,9.476389744461201,22306,0,2155,75,3.51165095122159,199379,38,0,63211,21894,201534,27,3
13821,CROSS BANK,553354,485898,2682,1.990352504638219,20.35,0.08840715177021508,0.3740824137893645,2905,0,9.618431288672184,50816,0,6663,300,4.842091610643955,441221,0,23300,106943,53939,447884,96,0
13832,TRUST BANK,45014,38138,168,1.533143971801102,10.18,0,0.5953703292309059,277,0,14.232776062187199,6683,31.762772222983156,316,0,7.282471231984775,21458,0,1456,1773,6684,21774,3,3
13838,FIELD&MAIN BANK,812816,741050,2403,1.2152305865902364,14.74,0.025431460624151626,0.5205360130706088,3713,245,8.525420592945139,66815,11.6275527649125,7877,150,3.634985086168424,628601,0,2131,175684,66000,636478,41,1
13843,KENTLAND BANK,389409,312022,1120,1.1656467257816079,11,0.01499612600078313,0.6127233833835376,1536,610,12.393206568086788,47957,0,3418,156,4.0487567921736085,246236,0,647,60601,41293,249654,9,0
13868,FIRST STATE BANK NEBRASKA,1069169,904029,3363,1.267475846161674,13.38,0.0034476878020189908,0.019641422450519985,3390,31,9.013483433641497,92973,12.480962826322827,7809,200,3.087626671637392,799971,0,4749,193467,101575,807780,16,9
13876,CNB BANK,6273457,5562685,13329,0.857016719911405,8.99,0.08052952948709169,0.8841217848468556,9552,308,9.735705178477623,603073,13.751382107550322,45189,1043,3.3724560518720725,4555166,13978,32646,1561948,600850,4600355,977,51
13883,FARMERS STATE BANK,161942,148722,376,0.9445930838703194,16.72,0.22185639518760436,0.08706820960590829,821,0,10.24094104580278,16228,0,950,47,3.3539223186159393,84055,0,3789,8579,9446,85005,53,6
13887,FARMERS&MERCHANTS BANK,283744,258926,652,0.9153607216187285,16.92,-0.020586898154899252,0.34502932220593213,1160,20,10.42692912619785,32153,17.934622136564467,1254,75,2.980184028240434,115130,0,5193,22019,16497,116384,6,12
13892,SANDHILLS STATE BANK,355225,312422,1232,1.4005590299537174,16.04,-0.0015090239633005372,0.07375607009641776,1458,0,8.82316413249827,29838,11.95732466988361,2698,37,3.793973596817251,258350,0,847,17096,31211,261048,1,2
13897,FARMERS STATE BANK,380947,339590,835,0.8981126190200892,12.06,0.012303464963320295,0.22496567764019668,1760,0,8.41491445702831,33205,13.964563845900035,1792,20,3.760236302129151,291606,0,3147,35084,28353,293398,24,15
13902,FARMERS STATE BANK OF MEDORA,20708,18514,-23,-0.43479288262955174,-4.45,0,0.17384585667374927,34,16,14.069557362240289,3115,30.26615969581749,69,0,2.903113909864717,7724,0,1,250,2091,7793,0,0
13905,FIRST TEXOMA NATIONAL BANK,223542,202374,554,0.9957447190930455,11.03,0.07199880001999967,2.293976076084136,1284,0,11.429180345709467,25205,0,2098,0,4.449796979202864,147473,0,5536,33209,20700,149571,41,14
13919,SOUTHTRUST BANK N A,552432,483966,1571,1.1266130969668937,9.8,-0.08638803525711689,0.09774958727952038,547,0,11.61046409634931,64860,19.877032114662814,4489,179,4.299441723660351,332111,0,2417,155092,64906,336600,1,73
13926,STATE BK OF CANTON CANTON KS,34451,26662,95,1.1275295234704172,5.03,0,0,0,0,22.17285945072698,7686,47.789396441019996,129,0,3.649668559881202,12517,0,67,0,7624,12646,0,0
13931,STATE BANK OF SCHALLER,41527,36109,131,1.2543387193297426,10.14,0,0.956004527175091,445,235,12.551015728894392,5474,0,168,0,2.8909817704788185,10844,0,142,0,5257,11012,0,0
13946,FIRST BANK&TRUST CO,248948,225782,1179,1.943231755934047,21.72,0.09078185875855808,0.08154313350579237,2560,0,11.397234899010089,28795,0,1812,0,4.325635626700379,144969,0,4813,11997,22235,146781,46,13
13947,ALAMOSA STATE BANK,323882,285502,1787,2.166408544402586,20.05,0.0023052562724582386,0.0037050530748852974,107,0,11.929287986298018,39004,21.990601986641547,1960,46,3.722152000624822,168863,0,3144,40852,36551,170823,2,1
13951,COMMUNITY BANK OF LOUISIANA,822606,784491,2563,1.2522490280168121,27.74,0.03200945040916842,0.5194467339163584,1506,0,9.071370470099854,77619,21.040447046301225,1426,30,2.765509634360119,262805,0,5884,120291,35939,264231,21,0
13953,IOWA STATE BANK,1160921,916549,3751,1.2920976996027858,13.85,0.006029594001056435,3.016053633279095,4687,34332,10.887124796641432,130027,0,9377,105,3.358868098287915,788508,2050,4563,109875,109463,797885,13,1
13955,FOUNDATION BANK,211406,181456,1018,1.9486796642451738,15.38,-0.29278186868909567,0.9957144073488926,5002,641,13.555288426441889,27853,0,2946,38,6.677623222367964,110461,0,4797,7639,27097,113407,63,146
13959,CBW BANK,63956,40217,82,0.4212067316027045,1.39,-0.03974760272271079,0,0,0,27.34561288315997,23739,187.781881040308,198,18,4.142635998739674,8365,0,4003,65,23723,8563,0,1
13960,BANK OF HOUSTON,64367,49081,133,0.806463837979596,6.14,0.047537460509245046,0.7534916960554321,477,0,13.455700340946242,8643,0,1978,90,5.752661752661753,47329,0,58,27729,8768,49307,6,0
13962,BANK OF HARTINGTON,136028,120041,414,1.1896979058155823,15.34,0,0.09336313112006352,0,127,9.447558636967104,12809,12.745196202474036,1193,85,4.1388070904786645,99038,0,684,8237,11067,100231,0,0
13983,GRANVILLE NATIONAL BANK,113542,102141,204,0.7234170818631536,7.74,-0.015698279076156278,0.22722869070476126,1021,160,10.674337133000195,12005,0,608,6,2.9523725418198548,51405,0,2247,6636,10854,52013,0,2
13986,TRANSACT BANK NATIONAL ASSN,6551,4888,-29,-1.7723453017570663,-10.77,0,0,0,0,16.81881479189231,1087,37.62547594323295,0,0,3.8387715930902107,2394,0,0,2393,1065,2394,0,0
13990,PALO SAVINGS BANK,49235,46150,73,0.6095333521203202,10.25,0,0.07718086726921905,71,3,11.908822428351566,5726,0,229,0,2.7676118224189907,21987,0,758,171,2950,22216,0,0
13999,FARMERS&MERCHANTS STATE BANK,34291,31237,147,1.7204552769406325,20.97,-0.027576697690451565,0.24204601790557287,107,16,11.568295812434387,3967,0,224,0,4.402973272180927,14014,0,1030,404,2908,14238,1,2
14009,CHELSEA STATE BANK,414015,366723,1839,1.7945139979898321,16.96,0,0.20216658816709537,1251,0,12.461034481929852,51847,19.346766988664918,4209,4,4.162648958428091,258065,0,850,126858,44008,262274,0,0
14017,MIDDLETOWN VALLEY BANK,1058020,933206,2158,0.8307092979390095,9.37,-0.0009320478839600384,0.14073457968658437,269,0,9.473594660541448,97996,13.233332015575893,8526,249,3.445415695705307,855423,0,540,310107,93212,863949,0,2
14024,FARMERS&MERCHANTS BK MOUND C,57302,52414,157,1.0992761931435273,17.26,0,0.49561969913790094,465,284,6.254746755329024,3706,13.404834530486404,451,0,3.8473540263220687,37233,0,1344,3845,3671,37684,0,0
14025,CONNECTIONS BANK,492976,425391,1923,1.577451386524808,15.29,-0.005034891800175214,0.00202849631625069,966,0,9.838189728021032,47151,0,4544,110,4.422888760305062,391471,0,1184,107551,50779,396015,0,5
14026,SCRIBNER BANK,79274,66632,461,2.3284739277844775,15.23,-0.04511659820849508,1.4014683250498272,45,4,15.31074719551282,12229,22.470116757169375,934,0,4.8415361417141,51939,0,1984,4221,12209,52873,0,6
14028,FIRST GUARANTY BANK,3826778,3341343,-5155,-0.5289104585630591,-6.68,1.0197888513124194,3.4998633315023757,27527,387,7.728445015306666,304459,12.740011397215609,43022,14548,2.512460458792943,2469766,2724,16373,1117174,307091,2512788,6877,240
14029,FIRST LIBERTY BANK,806432,687472,2152,1.082564399879771,9.61,0.020415990824813535,1.0274889885322012,0,0,11.786964143426294,92454,14.062636392733479,10084,501,4.106494376887445,671248,0,555,217816,90371,681332,34,0
14036,MISSOURI BANK,455875,405147,1813,1.5692061682006386,14.8,0.04794286338751582,0.06427200438716753,1888,203,11.880982417662441,55471,0,3487,140,3.566789342038275,285853,0,1402,102549,49891,289340,39,5
14056,FARMERS&MERCHANTS BK ST CLAI,361556,317946,698,0.793588757871579,8.03,0.07766166155318809,0.019360762924692167,1832,0,11.32692531168551,40938,18.758179438708737,2849,66,3.3233533859211675,217752,0,2908,45289,35213,220601,47,4
14058,GREAT PLAINS STATE BANK,380388,312675,751,0.8086365832681677,7.15,-0.15807124598591601,0.14984699832802298,10592,100,11.440708628706966,42687,0,4697,0,3.3430806811342797,272500,0,359,54780,42472,277197,0,111
14065,PINNACLE BANK,2261056,2037161,6424,1.1541489016473885,13.09,0.007631444476630769,0.04993242095728722,2162,0,9.222130070259162,206155,12.980255246651193,20702,450,4.044315684442016,1561326,397,11902,661410,200126,1582028,161,131
14069,STATE BANK OF SCOTIA,63096,50597,144,0.9515549498203444,4.72,0.012222884295121542,1.5183212881957653,2374,246,19.252787929168562,12275,31.30522039208008,900,50,2.9590830243869255,31612,0,251,1805,12275,32512,1,0
14073,COUNTY NATIONAL BANK,1295664,1126011,2825,0.8773554178443999,10.52,0.001904041995550254,0.5250589659047408,6594,184,8.399764409911235,108246,11.7629179331307,13394,190,3.7427763412859716,1040098,0,29989,307636,108546,1053492,12,7
14079,GNB BANK,609450,507180,1742,1.125045914886918,10.26,-0.21453545605757154,1.033226679793256,1945,161,10.897111660069378,66786,14.420858329487771,6382,0,3.697813086391378,435014,1781,695,47979,69696,441396,22,259
14083,BISON STATE BANK,101986,84488,-160,-0.6563732302280384,-6.97,0.1515172771784116,1.5913948973388505,1902,337,9.61243976039274,8537,0,759,58,3.577025698637832,75714,1316,5256,24377,9108,76473,32,5
14095,FIRST NB IN FALFURRIAS,81295,73307,386,1.9533547983072612,19.84,0.01735772093124173,0.05166369395411772,49,0,10.220725113021894,8071,0,452,0,4.713507981407513,21833,0,3371,5329,7909,22285,9,8
14096,GENERATIONS BANK,53931,47377,76,0.5515589705442109,6.67,0,0.2614451799521611,2400,61,9.016546172765894,4839,0,591,15,3.63100318100706,38429,0,1373,2418,4647,39020,0,0
14113,PEOPLES STATE BANK,458443,397610,1155,0.9990550064116841,11.66,-0.0047727855766419875,0.032937573482417666,38,0,10.426997186551631,48995,0,2607,19,3.3007442988070825,253407,0,1303,85655,40364,256014,0,3
14134,PASSUMPSIC SAVINGS BANK,879312,701672,96,0.043306789128642595,0.34,0.06229485760669764,1.0048765398402386,4065,0,12.412452562401652,108621,20.488043328102695,7032,188,3.08550914447303,620968,0,3578,90031,113111,628000,135,36
14136,WELLS RIVER SAVINGS BANK,238304,203853,387,0.6504037713334958,7.95,0.047877785652413574,0.4095608970055056,923,457,10.938507340108819,26638,18.57126910019765,1622,3,4.026150240532873,158054,0,2878,11549,20010,159676,27,8
14140,NORTHFIELD SAVINGS BANK,1555515,1282177,876,0.22506038381659121,2.58,0.001819570481290039,0.44808311073824425,643,0,10.212244526332029,161514,0,8813,240,2.5465285628162357,1088936,0,1140,253206,138738,1097749,43,38
14158,UNION BANK,1524011,1185295,2714,0.7114953757060638,12.92,-0.00034327721609043294,0.9835230848071306,2204,25,7.305526318299907,114871,12.570689130214149,8110,235,2.9312763072055263,1159266,0,2470,328550,85660,1167376,4,5
14168,PEOPLES TR CO OF ST ALBANS,374654,330872,873,0.9386352426353286,9.17,0.013104060802842125,0.23755251512061792,367,0,11.31664416792526,42335,16.71212768521257,3622,80,4.153313234798683,269444,0,2429,73467,38318,273066,16,7
14178,SILEX BANKING CO,94268,81600,35,0.14918931591370463,1.12,0,0,965,0,14.307747565020811,13544,0,563,83,3.1151303963052075,55563,0,544,3353,12582,56126,0,0
14184,MARION COMMUNITY BANK,340361,312296,573,0.6684661589007056,12.04,-0.012095737764405269,0.9140295157200736,4024,31,9.699577103284282,34427,0,3581,0,3.4759903197044966,197903,0,5611,67170,20040,201484,3,9
14185,FIRST STATE B&T CO INC,594335,519477,2357,1.5578475662349593,15.22,0.4111043551651224,0.1913062498422607,4529,191,11.887380176287925,73959,0,5458,1100,4.570477303011143,433385,606,5563,96093,60383,438843,492,39
14195,FARMERS TRUST&SAVINGS BANK,355292,306499,1063,1.1974715663868718,10.57,0.013849369224183517,0.684788849734866,0,0,11.418050537352254,39597,0,5075,0,3.170970225338632,314983,0,3908,17787,40376,320058,13,2
14207,LINCOLN SAVINGS BANK,1801720,1569089,214,0.04690044749930485,0.56,0.029410386624040826,1.254578957884688,19049,0,8.69645486856368,161098,12.217870275577134,16468,911,2.784870056306116,1342817,0,1653,391665,151827,1359285,180,78
14208,SECURITY SAVINGS BANK,191639,163856,832,1.7502294283618158,13.78,0.05894511511748304,0.016698062502935207,232,15,11.672027622796325,21736,15.720457162636206,2119,45,4.2706603320467345,126479,0,416,10068,24492,128598,20,1
14209,FARMERS STATE BANK,1045825,858090,2814,1.0821427695875196,8.09,-0.00255245127849094,0.1889417445557335,4070,0,14.217054964417928,147816,0,9340,0,2.914225642135045,768275,0,5058,295800,140000,777615,0,5
14222,SECURITY FINANCIAL BANK,970358,801305,2888,1.2009058772346106,13.99,0.0017721803134396247,0.15746765626706843,2205,0,9.37849746731552,90501,13.041065265906099,9783,225,3.291292103837604,675145,0,5279,180481,84177,684928,8,5
14225,HOME NB OF THORNTOWN,178075,161966,438,1.00031116985592,11.93,-0.0033976912687828623,0.012354345079320511,3032,22,9.641283470794262,17067,0,1528,30,3.8504476299141643,116317,0,1748,1975,15068,117845,1,2
14230,MALVERN BANK,224520,203033,762,1.34097383385211,14.97,0.057770522075302845,0.1572243007304472,1417,353,9.172138753078048,20561,12.230457672976094,1996,65,3.763756879892013,189498,0,33264,14765,20561,191494,36,8
14247,UNITED BANK&TRUST CO,212901,187697,687,1.3134939033425266,12.26,0.006945620135352773,0,440,0,14.60442701566228,30911,0,1690,12,2.9103787350437496,112615,0,1857,9914,22667,114305,2,0
14260,WALTERS BANK&TRUST CO,65415,52655,240,1.4785722536675523,7.55,0,0.16051364365971107,197,0,20.20364986834295,13274,0,467,50,4.4971576063720295,36313,0,0,4080,12657,36780,0,0
14264,CORNHUSKER BANK,1033710,845328,2249,0.8925298249913313,10.03,0,0.0378249218833135,1056,0,9.523011074445433,95983,13.159412953581942,10521,153,2.9671181234655912,851156,0,639,346331,91291,861677,5,5
14266,NATIONAL BANK OF COMMERCE,2101428,1805047,8598,1.6300449243452413,18.3,-0.010251703735525572,0.4994698842882078,10712,5331,8.592215645969754,180159,11.057820380261786,15737,449,3.9776437168991317,1636182,0,14337,524445,192266,1651919,97,139
14269,CITIZENS STATE BANK,410625,353460,2693,2.6072665574254574,35.62,-0.005043698922697433,0.08401826484018264,7110,345,9.9491743877824,40912,0,4026,75,3.6785479088000685,309720,0,756,46490,31246,313746,6,10
14275,FARMERS&MERCHANTS BANK,178357,134367,661,1.4670509999972259,12.02,-0.0026958446923872714,0.43620379351525307,402,0,12.213031829147628,21971,16.958803009773114,1559,75,3.3187295270344968,146163,0,591,6345,22331,147722,0,1
14276,FIRST BANK UPPER MICHIGAN,614303,514737,2574,1.671420431394003,14.24,0.10218095403263228,0.4927535760040241,2567,897,11.8718813748066,72281,16.25033067533351,4984,160,4.021452517164518,423266,0,13320,161542,73670,428250,149,40
14281,FIRST BANK OF UTICA,76617,61802,131,0.7125761531766753,4.94,-0.0070421915300041375,0.48031115809807223,654,0,14.148117300949744,10532,0,1097,0,4.390485340786677,56334,0,3710,2815,10529,57431,0,1
14291,BANK,161202,136165,212,0.548076239473123,5.13,0.012277141114227287,0.7673602064490516,210,8,10.801825843608572,16636,0,2043,47,3.790623274668926,127993,0,13403,30285,16636,130036,4,0
14293,CITIZENS BANK&TRUST,109952,97363,263,0.9546885918343271,10.6,0.023302102043788533,0.2682988940628638,304,0,11.444482933198326,12885,0,573,0,3.2406443430691474,49363,0,978,8738,10248,49936,7,4
14311,ADAMS COUNTY BANK,241072,159797,884,1.4837847421105748,17.25,0,0.32355478861087145,2020,780,10.610183155720152,25269,15.553653964816691,1380,0,2.7937547679290913,140874,0,378,6019,20617,142254,0,0
14312,FIVE POINTS BANK OF HASTINGS,520097,462329,774,0.586345868307021,5.76,0,0.0005768154786510978,2699,3,10.25270361416565,54115,0,2725,0,1.8450018359969462,244586,0,1890,77349,54115,247311,0,0
14316,BENTON STATE BANK,105990,85404,540,2.0307718343228647,16.97,-0.004351965184278526,0.11604868383809792,780,0,12.167036104745089,12954,0,1148,45,4.817718054000249,90974,7,754,17011,12859,92122,2,3
14327,HORIZON BANK,472646,387338,2779,2.3858147473656985,15.48,0,1.3123987085472002,407,0,14.163295376701262,65748,14.72679496097071,2850,60,4.831526820653115,375193,0,1484,12070,72819,378043,0,0
14331,FIRSTBANK,638597,558074,1856,1.1764295742732092,10.02,0.048116019752628525,0.18994765086588256,5279,101,10.861680448170983,67530,0,5266,150,5.277764253371634,393187,0,34141,46618,75181,398453,121,73
14333,COMMERCIAL BANK&TRUST OF PA,369636,304414,438,0.47066851316300257,5.3,0,0.03138222467508576,38,0,14.153351776339642,56993,25.57474439842462,865,0,3.763146305598889,177954,0,220,36809,33574,178819,0,0
14334,UNITED BANK OF UNION,566702,486208,1682,1.183284176388134,16.36,0.05906680955622802,2.246506982505797,2093,0,9.061190101519308,52054,0,6398,360,3.8768784482204657,455717,0,2724,160705,41951,462115,78,10
14344,FARMERS STATE BANK,39459,32357,58,0.5960409521240382,6.93,-0.33035099793530626,1.0719987835474798,391,0,11.967580617347819,4858,0,418,-1,3.262526260864789,21189,0,1101,1587,3438,21607,0,18
14349,BANK OF SALEM,143360,128776,323,0.88554714407619,12.48,0.15518746430149477,0.4568917410714286,199,0,8.881663864256362,12730,15.897308723326367,714,0,3.114939335000463,91463,0,1289,4007,10633,92177,36,0
14352,FEDERATION BANK,153345,135550,313,0.8379935008651012,10.77,-0.016044496737618996,0.42779353744823767,537,3,9.662287685774947,14563,0,1189,0,3.577966566182516,74942,0,1842,4215,12059,76131,1,4
14355,FIRST CITIZENS NB UPPER SAND,381230,323716,411,0.4362136969508822,4.18,-0.008938487563211866,0.02046008970962411,248,78,12.365437192620524,46992,0,2621,0,3.578884931273546,219895,0,1081,95854,39929,222516,0,5
14359,JERSEY SHORE STATE BANK,1607394,1158530,6142,1.5341700663237556,17.95,-0.30943789285267514,0.5369560916614097,12755,2733,8.752438743184106,140820,10.899374201066784,7648,-3470,2.871515681648933,1345232,0,4527,277587,139507,1352880,301,1343
14382,FIDELITY BANK&TRUST,1983398,1709809,4402,0.8931109787269872,8.92,-0.0014870573959543116,0.6658270301775034,5415,291,9.418291038371951,184380,12.794144808306958,18592,225,2.971039144434925,1340061,213,4340,190335,201574,1358653,0,5
14392,FARMERS TRUST&SAVINGS BANK,194329,151577,1138,2.388329087823037,11.51,-0.003003803566265784,0.2125261798290528,275,0,22.025703696176535,41183,0,700,0,4.2384075859541674,135065,0,1222,24418,40138,135765,1,2
14399,HASKELL NATIONAL BANK,72885,64524,114,0.6204039428303209,5.85,0,0.023324415174590107,417,17,13.307523168445051,9865,31.86578864847915,297,0,3.328701924498182,24213,0,1325,3058,8079,24510,0,0
14400,FIRST NB IN TIGERTON,29322,25333,123,1.7227493959872546,12.82,0,0.00341040856694632,722,1,13.768013563153433,3898,0,93,0,4.210297080013793,12325,0,333,543,3898,12418,0,0
14404,FARMERS STB OF NEWCASTLE,50660,48369,98,0.7680100311514273,24.49,-0.0656154524390494,0.035530990919857876,408,18,11.459699190127266,5943,0,280,20,3.6460121741844853,24407,0,302,3988,1342,24687,1,5
14410,CITY STATE BANK,773955,689854,2632,1.3680651390285803,16.12,-0.025584762852345715,0.09884295598581314,4333,619,8.982614337631873,67699,12.95827566791031,6176,375,2.756919001484741,550999,0,2602,151047,66051,557175,7,43
14413,IOWA ST B&T CO FAIRFLD IA,279464,232954,615,0.8964050876454608,11.44,0.06348302412588311,0.05546331548965162,795,0,8.138028716842248,22178,11.481859796466539,2140,75,3.206592185667551,214854,0,829,30249,21822,216994,34,0
14415,BELLEVUE STATE BANK,168926,146740,775,1.8162856372818992,14.86,-0.003337226764558652,0.6014467873506743,618,39,14.268059563380453,23437,0,1636,0,3.3936883103190576,113710,0,1148,11494,21462,115346,0,1
14420,FNB BANK,251506,218379,753,1.180216098664812,14.17,-0.009030288150850965,2.1784768554229323,1327,0,10.789695543204179,28284,15.531029747359494,2620,0,4.419824951230454,175190,0,346,33630,22006,177810,1,5
14427,FIRST NB IN DERIDDER,392346,358518,1266,1.2761566114312282,16.81,0.25425211059113617,0.789864048569375,974,4,9.583679338909931,37854,17.41772722543954,2472,99,3.9808788681856493,234046,458,7241,50826,31208,236518,157,8
14445,FARMERS&MERCHANTS UNION BANK,645894,556439,1043,0.7282864756398474,5.66,-0.230996508192318,0.06316825980733681,277,0,11.633977310713355,72739,0,11928,1606,4.221647725413381,505084,0,1502,172849,74471,517012,0,258
14488,CITIZENS BANK,336708,289527,929,1.1248250028377917,8.72,-0.009326400708806455,1.265785190729059,3409,0,13.205001927112328,43169,14.782003754179579,4986,-31,4.126446948429027,298171,0,1055,117300,43084,303157,1,8
14491,BANK OF CHARLOTTE COUNTY,208079,180138,679,1.3204561310538125,12.59,-0.005250256770370176,0.413785148909789,3486,612,11.77029771421164,24516,17.48409617769152,1368,0,4.580631187330386,150204,435,2062,24193,22095,151572,4,6
14492,HOMEBANK,658628,549982,3071,1.8744039490047377,20.61,0,1.320168592893105,2874,4748,9.558449038986238,63059,0,5354,0,4.483074793697113,529901,0,5538,105931,60402,535255,1,1
14507,CNB BANK INC,650278,584618,867,0.5380831949853377,8.44,0.023484859604573676,0.056898741768904984,900,257,7.877966828163149,51464,12.841972500309682,5656,153,3.1313915173873648,511844,0,2754,106668,42000,517500,56,26
14513,THUMB BANK&TRUST,659060,596740,2334,1.4075079149706016,16.06,-0.00226966129560778,0.024732194337389615,468,0,9.217999608731596,58427,14.763282688602446,4091,0,4.30900335931291,354039,0,8782,68057,59721,358130,0,2
14521,BANK IOWA,2158940,1802326,6604,1.2257833997670566,16.51,0.027751625387138216,1.193178133713767,4529,217,9.096047246993917,198112,11.792285466736379,22302,349,3.3978382340144155,1615037,981,5399,441923,161880,1637339,122,8
14522,PCSB BANK,324166,298674,574,0.6997962483484229,9.74,0.44928207503473827,0.6891530882325722,2722,2099,10.504717193382431,35018,0,2003,0,2.5890092320139466,170635,0,126,24570,24013,172638,219,25
14523,ANTWERP EXCHANGE BANK CO,156121,144225,209,0.5421425004701594,7.45,0.05635985769135933,0.4432459438512436,1162,141,9.66362581497176,15074,14.89776408238275,949,58,3.8548015328704555,113073,0,1306,21270,11501,114022,16,0
14531,AMARILLO NATIONAL BANK,9743947,8513074,44708,1.8530320484541272,17.99,0.896553589522546,1.2469382273938887,99056,30499,10.302123531921655,979553,13.25534110127238,90040,15300,4.089435521722506,6992561,9372,575057,995934,1009091,7082601,18394,2235
14546,NEW ERA BANK,433782,375177,1900,1.7691142906026278,13.49,0.06339573045217778,1.904412815653946,775,1290,12.854961182400165,54377,0,3132,616,3.7851308698092936,251333,0,2733,45693,56902,254465,58,17
14556,EXCHANGE STB OF ST PAUL KS,101610,86592,272,1.0741753630771966,10.41,0,0.06298592658202933,228,0,10.407912217684396,10576,0,838,12,3.6697641019045477,57295,0,1015,6967,10576,58133,0,0
14560,UNION STATE BANK,114158,94692,205,0.7160477656253411,8.43,-0.022480119144631466,0,1215,0,11.036961418724532,13082,0,737,3,3.21247416870186,69441,0,1253,11764,10048,70178,0,4
14561,STATE BANK OF MEDORA,103474,81297,180,0.6928873191997151,4.65,-0.054090601757944556,0.13819896785665964,1351,107,15.120198144820552,15567,0,512,0,2.5079278039595048,43136,0,2012,4932,15567,43648,3,9
14567,FIRST NATIONAL BANK IN OLNEY,465087,415578,940,0.823826102579496,8.7,0.1351794606737106,0.22339906297101403,4382,0,10.564580256730661,49290,0,2963,150,3.172004218238331,247601,0,3432,19611,44216,250564,105,20
14574,ODIN STATE BANK,80174,73294,177,0.9010040850608941,12.59,0.20692898573444113,1.0053134432609074,1441,31,8.46207233375318,6584,13.092989368017701,673,50,3.2526775089250295,63234,0,3305,427,5712,63907,39,6
14578,FARMERS STATE BANK,1237212,1101293,4673,1.5150323926115827,16.84,-0.0014395851115708452,0.05164838362382518,1909,0,10.17143539716015,126025,17.54779276892349,7430,139,3.478381570644022,830552,0,5491,114167,112637,837982,33,36
14581,CLARKSON BANK,74549,64892,209,1.1351061446445665,11.88,-0.011187559433909493,0.16096795396316516,1531,0,11.21294304685308,8393,0,892,0,2.992568360416741,33059,0,291,2019,7193,33951,0,1
14584,FIRST NB IN TRINIDAD,256196,244540,270,0.42271961360296056,9.73,0.002872727403305791,0.2911833127761557,2098,0,10.418128987479266,26568,0,2015,30,3.5501908227567234,137374,0,1459,16073,11471,139389,1,0
14587,UNIVERSITY BANK,1020226,823429,1356,0.5488728576097923,5.42,-0.0018563078500938596,0.15516169946658875,7197,0,10.247002494443912,99453,0,5228,158,4.297319118785942,876975,32,187,118128,100054,882203,0,4
14597,UNION BANK,664881,583000,3521,2.1420939561588623,20.6,0.12822159601785554,0.19537330740388129,4707,19,11.307223124862096,73282,20.08210619341712,6660,236,4.349023112034197,433763,0,28028,58177,69740,440423,195,54
14604,COMMUNITY POINT BANK,210227,187183,786,1.5203940257799637,20.85,-0.009586693669187168,0.29824903556631643,1953,36,8.366672051542768,17609,11.461381650808114,1993,118,3.6180480743767016,165352,0,3893,18926,15619,167345,0,4
14619,SAVANNAH BANK NATIONAL ASSN,185833,169792,230,0.49914142249879967,7.83,0.017219947156287163,0.5176690899893991,1603,0,8.44759519463429,15920,17.697926460104764,1239,4,2.916209151055398,92341,0,839,20281,12243,93580,4,0
14633,COMMUNITY SAVINGS BANK,607546,474602,1246,0.81883585331272,10.71,-0.0035609880406442273,0.7033212299973994,787,5,9.548069997577773,59522,13.12783522007438,4722,83,3.1076570043080123,445269,0,5051,114356,47440,449991,8,12
14636,PEOPLES BANK,56646,47785,159,1.147455211359085,9.3,0.013066771200836273,0.4536948769551248,441,251,13.113930410752417,7308,0,388,0,3.559676643059907,31610,0,167,469,7004,31998,1,0
14642,COMMERCIAL BANK,261603,240210,497,0.7713423801810017,10.22,0.004368934689887555,0.1452582730320371,481,0,13.305936817269895,34289,30.143666240549944,1207,9,2.9304826714280034,91603,0,5748,22396,19814,92810,6,5
14644,MALVERN NATIONAL BANK,670719,600249,1474,0.889421898393806,9.79,-0.007394633080947463,0.3218933711435042,747,0,9.771215997682894,64773,14.718660613317368,7574,75,3.1080781454016897,378920,0,3213,147947,60877,386494,7,14
14646,NEWFIELD NATIONAL BANK,875875,812748,1559,0.704789255467457,11.22,0.008124741870180167,0.03836163836163836,318,187,9.574065284747517,89765,20.050890585241728,6066,85,3.0832292528778873,436854,0,413,257416,56184,442920,10,1
14649,COMMUNITY BANK,134726,120584,382,1.1611515766356242,11.59,0,0.005195730593946232,1517,7,10.756150213295806,14599,18.375246429773526,687,-20,3.5260548416472735,80799,0,1995,5503,13364,81486,0,0
14650,HILLS BANK&TRUST CO,4562633,3481127,14478,1.2659055174393175,10.67,0.12260313048587564,0.6321569146587069,33092,0,12.604868454716014,567570,0,52950,3870,3.1535491678743144,3421244,12949,9221,499854,543875,3474194,1733,673
14660,BANK OF PRAIRIE DU SAC,613585,523605,2465,1.5782515022201165,11.99,0.06973605176812218,0.00016297660470839412,308,1,14.923978956912787,98098,22.684971736104586,5341,0,3.127954597426356,363214,520,930,151706,83596,368555,64,0
14662,TRUSTBANK,598515,517958,2741,1.8515610091379027,19.56,0,0.3622298522175718,6833,23,9.275455104499237,55054,0,5727,-90,3.818198833328134,489015,0,2885,130319,56823,494742,8,8
14674,FIRST NATIONAL BANK IN AMBOY,296346,266712,719,0.9739165770692764,11.66,-0.1177801801195469,0,3,0,10.6435387799862,31932,0,2402,0,3.394226771291324,113783,0,2397,9989,25208,116185,3,38
14679,INDUSTRIAL BANK,754310,642266,-1429,-0.7572034341745675,-5.58,0.9183851563786717,1.733372220970158,16791,434,15.343309552360951,118866,26.891732818206513,11421,2514,3.573253991142533,394696,0,15,179673,103170,406117,957,23
14690,IOWA SAVINGS BANK,280000,252813,1014,1.4671730873575692,18.75,0,0,782,0,9.266637693967956,25374,0,2047,0,3.0712377526459576,175219,0,860,32397,22475,177266,0,0
14692,PEOPLES BANK,481745,430779,889,0.7440809365878156,9.97,-0.015565110804132538,0.10109082605942979,145,0,8.168941165396241,38184,11.627626904317456,2345,0,2.5951725622118773,308158,0,584,91140,36735,310503,4,16
14694,CEDAR VALLEY BANK&TRUST,120654,97399,375,1.2458937418757345,15.22,0.021454623471358077,1.4081588675054288,2928,1532,8.267136188682334,10095,12.103367127290571,757,25,3.9660492508098777,111041,0,979,7922,9980,111798,6,0
14695,MA BANK,386077,346141,628,0.6556084931574778,7.66,0,0.39422187801915165,4010,559,9.551500709100207,36234,0,2982,90,3.2121889306542797,195307,415,2612,27020,33567,198289,23,23
14701,BANK OF NEW MADRID,126532,110972,522,1.6880434299296243,14.08,-0.012916559028674762,0.15964341036259602,373,67,12.441316393789531,15874,0,889,5,3.8819453878549113,59868,0,1245,4793,15019,60757,0,2
14705,DEWITT BANK&TRUST CO,250113,224058,850,1.351840291997503,18.06,-0.006382741068151718,2.085457373267283,791,27,9.09332983589878,22880,11.324164603401226,2185,75,3.1350606686801252,187403,0,624,42749,19066,189588,8,11
14712,FIRST NATIONAL BANK,1704438,1242673,9935,2.343482329824793,9.56,4.531000795788646,1.302716789933104,12872,2146,24.22911732782214,404933,29.991470538645405,79504,12956,8.080160893580944,1277303,197369,3372,490854,421153,1356807,16478,1169
14722,UNION BANK,366753,297067,335,0.3596017008623732,4.7,-0.004250488363402587,1.482196464650596,1891,0,8.222967898112575,30436,10.939976196689177,3774,125,3.8838504422454325,281333,0,911,147079,28963,285107,2,5
14730,FRONTIER BANK,418822,379477,2046,1.9733915255565535,22.47,0.020486503235587105,0.10410150374144625,418,0,10.878748469286046,45840,20.018993585571422,3988,0,3.2113932933183533,186523,0,828,43595,37532,190511,11,1
14731,CITIZENS NB OF QUITMAN,131484,117207,461,1.4055735105799134,13.84,0.046653275448713796,0.09202640625475343,161,83,11.564744650802568,15231,21.407686710326125,1366,19,4.2249277250702395,73355,0,1604,8879,13734,74721,13,4
14735,FIRST CMTY BK HEARTLAND INC,462186,423613,1222,1.046561047074907,14.05,0.011789135240136648,1.0528228894860512,6685,4293,8.198856959842113,37887,11.81562288236214,2800,0,3.7283765791956873,366206,0,3806,39998,35405,369006,35,24
14744,WILLIAMSTOWN BANK INC,226514,201627,311,0.5515492370752816,5.57,0.022050534312009547,0.19733879583601893,1459,185,10.329887062876216,23150,0,1498,27,3.8424026779194174,178844,0,9094,32789,22457,180342,16,6
14761,1NB BANK,293354,251832,540,0.7269435222096391,8.82,0,0.21100786080980657,112,112,9.708763490350956,29426,0,1903,51,2.6794074742675607,163818,0,6211,32700,25053,165721,0,0
14769,DMB COMMUNITY BANK,796627,548981,313,0.15765372970066568,1.49,-0.0006088618317455993,0,0,0,11.177104824297956,89877,17.599297184920033,7644,0,1.3153950804277161,645308,0,980,124290,84593,652952,0,1
14772,DANVILLE STATE SAVINGS BANK,174057,151511,257,0.5872909775424043,4.67,0.08460562242818136,2.473327702993847,605,419,12.208257519599254,21739,0,1158,60,2.5535083715678972,102601,306,2875,10126,21643,103759,25,3
14773,STATE SAVINGS BANK,196503,171458,654,1.3667997241321659,11.7,0.3370127823292179,0.16742746930072314,1634,329,10.184374143554965,18952,0,1187,150,3.696544858766436,167878,0,941,11577,22687,169065,154,11
14779,CITIZENS NB AT BROWNWOOD,287974,260106,1016,1.4228446389496718,16.15,0.1541983799767762,0.3010688464930862,1966,790,10.417121415281633,30066,0,1894,24,3.0077112115521403,105729,0,2305,14955,25934,107623,44,3
14785,CITIZENS SAVINGS BANK,76480,64085,262,1.3607385382448032,14.8,0,0,2,0,9.366081013851431,7154,15.083677030456851,453,0,3.8279611171284813,47253,0,328,6646,7154,47706,0,0
14801,FIRST STATE BANK&TRUST,551007,487166,1710,1.2587273603898375,11.4,-0.002108314665963895,0.07077950007894636,30,0,14.41861133876835,80224,30.011916204958727,3043,75,2.7093626892562446,184474,814,12881,84001,62546,187517,0,1
14807,FARMERS SAVINGS BANK,275125,240636,332,0.5115680639768253,5.23,-0.010256476003051301,1.1983643798273511,1519,526,12.377554697971629,30566,0,3919,0,3.0084612973989344,166212,0,3123,12963,25502,170131,1,5
14809,HEARTLAND BANK,246383,205161,1372,2.1976613807464362,18.8,-0.007725587144622991,0.4172365788224025,2189,212,12.211131911047994,30267,14.60087415594554,3094,54,4.798249631099578,201730,0,649,32684,29375,204824,4,8
14812,TS BANK,455579,430251,587,0.5097892342848459,14.6,0.020876182884851248,0.7743991711646059,234,109,8.17019259365266,36538,11.238066557985597,2253,-147,2.599700014806136,206674,0,7014,30346,16084,208927,25,14
14820,CITIZENS NB OF HAMMOND,28795,26297,-13,-0.176705462577521,-2.22,0.2688172043010753,0.42715749262024655,251,0,8.315885893745092,2542,17.927245930193607,134,6,3.7698129373125804,20454,0,2272,641,2360,20588,14,0
14836,FIRST NB IN NEW BREMEN,451540,408611,1575,1.4027275257445033,15.62,-0.1267669798427297,0.06267440315365194,71,0,10.268246202538698,46069,29.26111668338348,2627,-118,2.6241439297573894,150341,653,619,31611,41581,152968,1,49
14843,MIDWESTONE BANK,6247944,5494172,17460,1.119311040335024,10.45,0.2860188483363515,0.33150105058560064,6098,53,10.418308087459303,638812,14.207354064677736,53900,1687,3.436992991787512,4264120,5191,36855,1425061,676135,4318020,3155,68
14851,CITIZENS BANK,1307155,1108814,5141,1.597114569127008,12.07,0.07838569242269983,0.5082794312839717,9327,1348,13.330580267597988,169473,16.37946190669223,10270,181,3.9754121153235915,1002202,947,1834,500444,171314,1012472,487,290
14853,FIRST NB AT ST JAMES,37556,34499,59,0.6306535013294496,8.05,0,0,0,0,8.231371178099874,3061,14.512844950829615,352,11,4.7803617571059425,24403,0,1094,2309,2977,24755,0,0
14857,STATE STREET BANK&TRUST CO,337359,309222,1512,1.8253401763469352,23.42,0.026200250828871906,0.12479287643133873,3729,123,9.154154782619095,30619,12.415418452226293,3153,75,4.171042996952972,258541,785,17632,16952,26065,261694,40,23
14863,LINKBANK,2860631,2434989,16498,2.299141706486996,19.34,0.014021433752187604,0.9102886740722589,12678,132,10.018260247473556,279092,12.613916338833764,26619,228,4.086735817172746,2247322,0,9082,1118183,348084,2273941,92,11
14864,STOCKMENS NB IN COTULLA,109900,99083,449,1.553149538206095,17.58,0,0.8516833484986351,619,0,10.51523148714543,12033,0,278,0,3.3227134252691797,30775,0,3080,5879,10728,31053,1,1
14867,HOME STATE BANK,444096,404121,1296,1.185803299387884,13.8,-0.10014215581889234,0.4848050871883557,3186,1417,9.429431949572937,40450,11.36273491836121,4527,150,3.659177482430801,346753,0,1480,108575,37945,351280,0,87
14868,PEOPLES SAVINGS BANK,187747,152671,293,0.636939213608326,8.17,0,0.2934800556067474,1556,0,9.199692087171183,17329,0,1383,25,2.9579816659661717,143483,0,829,22926,14478,144866,4,4
14883,COMMUNITY STATE BANK,513065,444425,1271,0.9779650094737956,11.55,0.1993510760955594,0.38260259421320886,147,0,9.560980316480123,49545,13.40981719298942,4269,45,3.5222164465951673,382887,0,1285,118859,44504,387156,238,45
14885,FIRST BANK,832454,772431,2248,1.0702850681425937,16.11,1.1208671248125084,0,263,0,9.33342025186196,80178,24.62430947279432,4415,0,3.2333406592587903,234360,0,10550,99069,57743,238775,652,0
14894,FARMERS BANK,244601,213830,542,0.881867215528673,8.49,0,0,5,0,10.979257468654238,26979,18.970849941883756,2258,53,3.2788336864741785,172144,0,1621,28178,25905,174402,4,4
14899,BLUE SKY BANK,1237985,1081787,2355,0.7750018305510329,8.02,1.3096137193108712,1.8587462691389636,1402,335,9.067831176260219,108268,0,13695,1015,4.402659858269803,1019406,0,5431,361917,117692,1033101,3411,99
14904,FIRST COMMUNITY BANK,117637,100573,367,1.2513265510525038,11.36,0,0.8560231899827434,1286,0,8.951191847124933,10338,13.89735235229011,837,15,3.452015770535909,68325,0,1244,11148,13147,69162,0,0
14907,INTERNATIONAL BK OF AMHERST,98046,84336,516,2.0890476817036263,15.37,0,0,14,0,13.84237257021641,13573,0,405,16,3.818115067918393,46871,0,184,10886,13574,47276,0,0
14911,SHELL LAKE STATE BANK,345760,291108,1131,1.3089027957399901,14.02,0.008846465173678228,0.039333641832484965,267,0,11.855712421335129,41879,0,2792,90,3.037757524699395,224402,53,3664,32586,33083,227194,5,0
14912,BANK OF DIXON COUNTY,127809,110013,516,1.593158065362706,12.88,-0.004586998153733243,1.7432262203757167,1416,36,13.682875395880508,17584,22.737881398389483,1123,-27,3.952601053489179,85368,406,3043,5429,16332,86491,0,1
14914,COLLINS STATE BANK,262510,224664,466,0.7203850813814853,7.55,-0.0019220096532934837,0,673,0,8.302583025830259,21465,11.625722800123873,1341,31,3.569323048796771,207469,27,1833,68698,24992,208810,0,1
14920,HAMLER STATE BANK,116635,100095,159,0.5523542362356537,4.05,0,1.7533330475414757,551,0,14.356594110115237,17043,0,958,25,2.4801769002255925,77330,0,468,29418,15540,78288,0,0
14922,F&M BANK,345628,305613,1536,1.7527993723700164,16.33,0.02921749293041019,0.06712419132709155,819,232,11.099561132454838,38974,0,3497,100,4.208305574061737,284811,0,864,32269,38487,288308,22,1
14929,WEST SHORE BANK,778471,658620,1328,0.6868337893261478,8.65,0.03990028368757734,0.058576363152898436,383,0,8.64877538783229,67503,11.555833135374174,5716,220,3.7555750369064245,586275,0,7949,251688,62461,591991,67,9
14930,FIRST IOWA STATE BANK,385810,342822,2029,2.158803454723912,29.99,0.013937147336940216,0.29911096135403437,1926,581,9.988317445414731,37448,0,4138,55,4.3837564053197475,259236,0,760,30714,28840,263374,14,5
14952,LYON COUNTY STATE BANK,206011,176929,606,1.203691519288114,18.64,0.015310125734407595,0.08931561906888467,45,0,8.509220065197296,17489,18.044636429085674,1797,30,3.4036844006398677,131906,0,1463,17911,13502,133703,6,1
14960,STATE BANK OF REESEVILLE,153168,123390,206,0.53617558448995,7.43,0,0,130,0,9.47629454179044,14483,0,557,0,2.3704153400918226,74118,0,1340,3146,11102,74675,0,0
14966,SECURITY NB OF ENID,399237,367184,1140,1.1668268068223544,15.01,-0.007206687806284232,0.19612410673359432,761,0,8.803302662059505,34012,18.31009928793501,3119,0,2.6273814679229752,222279,0,858,79794,31229,225398,4,8
14969,KISH BANK,1770781,1302331,4124,0.9528207589700225,11.39,-0.0005476366909737494,0.033826882036796194,2872,96,9.059713558180718,157010,10.529879761165057,9481,159,3.352880290790155,1487353,0,4372,353911,147950,1496834,0,2
14974,FIRST STATE BANK&TRUST,487125,431006,721,0.601654340819243,7.66,0.4532163105577611,0.8299717731588401,460,12,8.444432359622004,40373,11.847258572535404,3954,152,4.000361720584246,343646,970,14982,137063,38305,347600,398,8
14982,UNION STATE BANK,138393,128613,237,0.7034754507103396,10.94,0,0,50,0,8.188742134446452,10515,12.446496958774498,535,0,3.1320976477501947,83754,0,823,10576,8930,84289,0,0
14991,FARMERS STATE BANK,246368,212861,731,1.1973081041461502,10.31,0.006904845475312301,0.015424081049486947,589,38,13.837792642140467,33100,0,2399,6,3.670547098772417,173786,0,897,20863,28903,176185,4,1
14995,RIVER BANK,1013849,751778,1892,0.7473969983635878,6.82,0.0014555873021841693,0.22725277630100735,275,0,11.04798343158554,113251,15.078666365473495,10122,0,2.0674492988305784,812633,0,411,243830,113309,822755,3,0
14999,PORT AUSTIN STATE BANK,69029,56699,292,1.6870323829332408,10.1,0.01865867453440776,0,766,0,16.91476139549672,11704,0,311,0,3.7986883242048846,42383,0,1936,10120,11705,42694,2,0
15010,COLUMBUS BANK&TRUST CO,255513,213831,781,1.212363468430622,13.05,-0.013282952990206195,0.3048768555807337,1222,0,8.640916374581366,22163,0,2579,90,3.5049990645386124,205331,0,1184,50915,23819,207910,0,7
15019,FIRST BANK,12436789,10770712,38113,1.2402175009518106,9.82,0.1647991954008735,0.27217636320757715,25594,0,11.182237309608869,1343715,16.64835964964643,120631,1116,3.426402736641241,7987568,25595,26389,3893590,1583836,8108199,4120,781
15032,FIRST STATE BANK,1324453,1205990,3422,1.0649173226447417,12.36,0.005253376936361905,0.2880434413301189,11937,0,9.255862890181152,118850,0,13331,0,3.2966143816536246,816551,0,0,293631,113092,829882,25,14
15035,RIVERWIND BANK,146859,134562,225,0.6127909906106802,11.28,-0.008358845225532091,0.13414227251990005,624,0,9.51638378754618,14219,0,1259,10,3.8039457930098304,96287,0,1302,24436,8207,97546,0,2
15038,VALLEY STATE BANK,196117,167860,476,0.9739454252954702,9.38,0.025606672367199684,0.2957418275825145,130,15,11.9287385673193,24011,0,927,17,3.981386425670997,108202,0,4000,31471,21029,109129,24,17
15046,PEOPLES COMMUNITY BANK,376196,332971,1181,1.2541848196910204,11.58,0.005369596005020572,0.019404778360216483,374,0,12.71740762186622,47440,0,3351,0,3.258443981564819,219884,1228,3288,65276,41772,223235,4,1
15050,FIRST STATE BANK,306220,275059,620,0.8053346928768471,8.54,-0.005220319222520457,0,0,0,10.832801688177847,33111,0,2994,60,3.1927139933846806,227128,0,1316,76784,29613,230122,0,3
15059,LOUISIANA NATIONAL BANK,449249,400038,1656,1.4791194951700855,16.05,-0.0030686926857709834,1.876910132242921,4585,536,9.308303281543145,41428,0,4376,175,5.650201181405701,383209,0,970,193381,41413,387585,5,8
15078,JUNCTION NATIONAL BANK,87268,81235,307,1.427467117690479,23.13,-0.018373487058175052,0.005729477013338223,8,0,11.714549684428464,10524,36.74207838760948,341,0,3.1296963335798287,21288,0,1006,3282,5924,21629,0,1
15085,ARTHUR STATE BANK,788655,682563,2111,1.0808409925970586,17.93,0.0465078007892016,0.47283032504707384,6625,0,8.194990796035174,62727,12.958000064032904,5913,310,4.2717976395937525,563005,1495,2424,154458,48047,568918,68,3
15091,LAKE RIDGE BANK,3102136,2560134,5909,0.7580029911549748,7.56,0.0034904013961605585,0.2682667684459998,6301,102,9.417642973745682,292376,12.130335993075324,24625,474,2.9526441518852926,2374568,6420,11943,812064,315668,2399193,50,29
15092,RICHLAND COUNTY BANK,111486,96030,305,1.099059493351591,8.2,0.04470422566693116,0,77,0,16.902588299654667,19774,0,678,0,3.3214296083384145,44382,0,189,14263,14967,45060,6,1
15098,UNION STATE BANK,40486,35902,131,1.3287014732357938,12.24,-0.023596035865974516,0,10,0,12.89041298662851,5225,28.635007068432905,702,0,3.4665067858505476,16142,0,662,240,4429,16844,0,1
15101,SENATH STATE BANK,99411,84660,507,1.975616527766277,13.79,0.07982655865891382,0.7715443964953577,2770,767,14.500670505640137,14706,0,785,0,4.059385069413075,52988,0,2293,295,14617,53773,12,1
15104,BANK OF YORK,296091,256953,1182,1.5823372607292205,13.88,0.012177672237951716,0.19250838424673494,1051,29,12.156024670860804,35437,30.863345093845517,1166,10,4.202663630715404,98584,916,2339,32070,34773,99750,21,18
15105,ZAVALA COUNTY BANK,76018,68030,241,1.2762718035282825,12.83,-0.18045112781954886,0.03157146991502013,48,0,14.500775995861357,11212,59.86678648834381,111,0,3.5296726036508757,6252,0,2212,1102,7798,6363,2,5
15111,CITIZENS STATE BANK,310920,276194,1402,1.7900719316529596,17.96,-0.004104584821245331,0.794738196320597,7809,2198,10.971306542664262,34730,0,2135,0,4.621956742597647,199895,0,3508,13220,32224,202030,0,2
15113,BANK OF GREELEYVILLE,145399,127131,235,0.6607735971741384,6.87,0.12869077889056096,0.22008404459452954,3483,232,10.859140721086744,15716,0,1233,146,4.4050104384133615,94715,0,6337,19381,13918,95948,35,4
15118,GATEWAY FIRST BANK,1902830,1197173,1780,0.37497574112348947,2.74,1.6247061506583167,3.4174361345995177,15302,51866,13.305166882656966,242707,14.571572698971469,10898,439,3.220362231114663,1424651,0,1045,292503,262071,1435549,5824,9
15136,BANK OF WISCONSIN DELLS,1009644,844411,3714,1.507753421014973,14.84,-0.01796431309948465,0.10191711137787181,148,0,11.57285342234908,114824,13.739516634187082,12882,0,3.2679903719446597,755333,0,427,524989,103037,768215,0,34
15146,GREAT NORTH BANK,175298,132869,-171,-0.3864253956058235,-2.03,0.004717453990081553,0.7701171719015619,291,0,10.948846065297335,17596,18.155521025731232,938,3,3.721661643297078,88093,0,8681,19751,33538,89031,9,8
15152,BLACK RIVER COUNTRY BANK,97816,82158,232,0.929128891603298,13.8,0,0.2647828576102069,50,0,9.20118107094406,9224,14.436569403560915,1225,15,3.79005111582097,72447,56,461,6773,6998,73672,0,0
15164,FARMERS STB OF WESTMORELAND,236372,208317,374,0.6492308827326718,5.62,1.2382994300057522,1.9160475860084951,3703,2289,14.092091160256384,33001,0,2595,185,3.073197517731311,134349,0,2125,9073,27390,136944,449,5
15165,PEOPLES STB OF MUNISING,201733,152982,253,0.5030871255431054,5.06,-0.024126283862962707,0.7148062042402582,853,0,10.934794585235322,22230,0,2254,0,2.9757346344878894,113009,0,1699,68386,20542,115263,1,8
15194,KCB BANK,318408,281089,757,0.9523060714229554,8.57,-0.0022643325172301554,0.27040777869902766,3070,576,13.008720471322215,41202,0,2832,223,3.5316293345877,175617,0,537,28376,35298,178449,0,1
15200,DECORAH BANK&TRUST CO,729817,630882,2251,1.2511715837867394,12.22,0.030417066199777066,0.09906593022634441,641,0,10.803248415951012,78686,14.872066477315013,8153,0,3.541485562945939,528637,0,44322,86559,74513,536790,43,2
15205,BANK3,450979,377470,161,0.14535900740563515,1.27,0.010693900466521408,0.01419134815590083,0,64,12.081048669407108,52284,13.937929935134207,4370,63,2.8070142130606377,374288,0,1422,160496,50861,378658,10,0
15206,FIRST STATE BANK,729245,649464,2461,1.371719366060536,13.91,-0.018121351276216755,0.050737406495759314,4073,192,10.953632204128178,78954,0,6154,30,4.025788176976528,483004,0,9142,95226,72753,489158,14,36
15214,FIRST CENTRAL NB OF ST PARIS,95438,75312,174,0.7377765999734994,3.74,0,0.08487185397849913,754,64,19.932070264819828,18779,31.538486702214662,484,0,3.742349933555411,55859,0,453,9162,18667,56343,0,0
15216,PEOPLES BANK,181277,161063,611,1.3665197080210345,12.97,0.01262586408257315,0.055715838192379616,0,0,10.920743020046157,19307,24.321838531277248,1584,30,4.152485669347901,94217,0,1668,45618,19175,95801,4,1
15228,BANK OF KAUKAUNA,170308,148754,454,1.0803382600961953,14.6,0,0.2102073889658736,36,0,7.943867248750664,14084,11.881891749386764,1415,24,3.6984517064594575,116684,29,1,44281,12625,118099,0,0
15229,FIRST BUSINESS BANK,3944859,3245788,12424,1.2745479222427283,12.93,0.4317929039227569,0.6098063327485216,2377,0,10.145096127904992,390705,12.145198825031187,35236,2659,3.778404154894429,3159687,196,6824,1012178,388907,3194923,3810,398
15237,JOHNSON STATE BANK,90592,75538,109,0.4751706963539368,3.81,-0.24224651770630798,2.629371246909219,712,0,15.894702842377262,14763,0,1292,0,3.0004369568383744,30656,0,510,4442,11715,31948,0,19
15242,NORTHERN STATE BANK,306781,275758,1391,1.8216761122733955,18.65,0.010056094150181482,0.5309976823858061,210,0,9.919152225729562,30795,19.578727615002173,1559,110,3.996677578541066,154354,67,917,44017,30649,155913,4,0
15243,PUTNAM COUNTY BANK,650561,569939,1179,0.725967340705894,6.29,-0.024587014982712253,0.03443182115128328,780,46,12.500867869392213,81023,0,4978,94,2.6666518941411375,417906,95,2339,109025,76327,422884,1,27
15249,UNITED CITIZENS B&T CO,210695,187432,483,0.925597662051454,10.67,0.009637857504276799,0.8856403806450083,3813,300,9.6962989454556,20063,0,1547,119,4.247341662042384,167135,0,1138,19384,18429,168682,4,0
15254,CITIZENS STATE BANK&TRUST CO,79181,67995,395,2.0352563070403122,23.34,0,0,0,0,8.651965484180248,6768,10.940648672501286,670,30,5.6804601396353265,67460,0,377,7817,6796,68130,0,0
15255,GREENFIELD BANKING CO,140791,129703,312,0.8958759556369118,13.26,-0.031360602123560774,1.0618576471507413,2267,0,7.651619241530039,10748,11.912286424988785,937,0,3.2051747668946433,87044,0,4285,15559,9623,87981,1,8
15258,FARMERS STATE BANK,74814,64085,173,0.9304576991340827,8.26,0.008005283487101488,1.9769027187424812,634,22,13.636548608944535,10053,0,831,0,3.63870074652692,48403,0,389,2565,8420,49234,1,0
15259,ELK STATE BANK,134203,101176,253,0.7567203798556847,11.36,-0.0172449720128475,0.004470838952929517,401,0,8.120141654298855,11052,16.188635380622838,959,0,2.7553116946354557,68095,0,420,6422,9182,69054,0,3
15261,CITIZENS STATE BANK,138253,120815,245,0.7073105598579604,5.89,0,0.0021699348296239504,38,3,12.68000500883503,18227,0,962,15,3.1965008002603215,69273,328,280,4495,16887,70235,0,0
15264,PEOPLES SB OF RHINELAND,678800,557400,1912,1.1397242636238254,12.46,0.018492081690620076,0.09723040659988215,2617,0,9.616325495146686,63682,12.356202196587299,5716,229,3.978284584386814,539969,0,3901,167671,62649,545685,43,18
15270,MERIT BANK,453679,401934,515,0.4644069286808476,5.44,0,0.11285512443820411,3437,0,8.91670913155853,38846,10.764855147459043,3280,263,2.7568588350433516,304269,0,838,143077,38204,307549,0,0
15271,FIRST STATE BANK,523538,447867,26,0.019639075339458585,0.24,0.017913602694205846,0.047943033743491396,7447,1,9.506739714890196,51450,0,3720,0,3.1702160232035648,328648,859,623,109103,43079,332368,20,5
15272,MARION COUNTY STATE BANK,634390,542331,1922,1.1944880776479398,14.29,0.00763350685425303,1.027443686060625,2272,5733,9.180462066037027,59887,14.255260812941255,2504,300,3.218070195226409,467338,768,858,62967,54822,469842,9,0
15282,HERITAGE COMMUNITY BANK,288718,255806,1111,1.5577678070667413,20.62,0.0031102143326451987,0.9382858013701952,1400,0,7.456657780469854,21174,10.35688330229938,3133,78,3.9466879442055647,256833,0,3238,48968,21575,259966,2,0
15286,NORTHERN STB THIEF RIVER FAL,446856,398549,1053,0.9181271252942715,9.04,0.002053736002505558,0.07407307947079148,3429,158,10.536875248262444,46952,26.565347249927218,2702,75,2.692031221965061,191949,0,8838,40755,47026,194651,1,0
15305,DENISON STATE BANK,461033,382232,2412,2.100030037743077,15.24,0.1365261528687389,0.23490726260376157,3256,5,16.40980870129482,76877,0,3234,-56,3.833678693962846,293893,0,8620,40545,65608,297127,114,13
15306,TRUCOMMUNITY BANK,318949,288630,983,1.2525324600858807,13.95,-0.001972717319471706,0.2621108703899369,2365,733,10.950469301318588,34697,0,3143,0,3.9992844089769894,198191,0,9679,20844,28628,201334,1,2
15310,CB&S BANK INC,2774127,2383362,5219,0.7653819742206035,14.99,0.0508199375729544,0.9061589465803115,22725,0,10.942521567404635,315834,0,16616,355,3.377964441710842,1451444,0,17093,572843,146367,1468060,234,50
15311,IOWA FALLS STATE BANK,192882,151152,906,1.9217512117001982,12.43,0.004460750967425367,0.22915564956812973,31,10,8.795304576544707,15315,12.687508219803343,1085,0,4.0063617766249635,89134,0,419,15078,29332,90219,3,2
15321,FIRST STATE BANK,592804,499143,1296,0.876094484356542,7.33,0,0.23616574786944755,7309,1400,12.401563271488707,74095,0,5394,0,2.8984662252524407,478921,0,1357,69381,69881,484315,0,0
15323,SILVER LAKE BANK,479621,400327,1645,1.4054888826470184,13.49,0,0,54,0,10.85331685380122,51985,0,3476,0,4.2640534123264775,341395,0,1505,99899,49853,344871,1,1
15324,SECURITY BANK&TRUST CO,1209036,1094670,3982,1.3327208573993703,14.82,0.8020315469071096,0.19296365037931046,108,0,8.988710668028489,105960,14.722574225096984,7080,238,3.4834329340780164,786206,0,2572,251621,111048,793286,1608,2
15326,UNION BANKING CO,51680,43304,39,0.3057924139958836,891.43,-0.05685452348802502,0.11609907120743033,196,60,11.371985305861683,6408,36.44077320746235,77,0,1.8376532671115937,6905,0,21,1245,230,6982,0,1
15334,ROLLING HILLS BANK&TRUST,468062,406023,1553,1.3332174387073026,10.84,0,0,423,0,10.762363763451068,49887,0,3639,130,3.840159706280925,353821,0,2423,59952,56956,357460,0,0
15336,DURDEN BANKING CO INC,299456,259803,1922,2.6413616342909756,19.82,-0.004138751649033861,0.08515441333618295,2688,31,14.488572563788068,41935,23.508626726937035,3921,0,5.469454888071149,189989,0,7874,38186,38692,193910,4,6
15345,TXN BANK,619520,574481,120,0.0779666302822392,1.29,0.007590156831615533,0.6011105371900827,4585,1483,9.65413444804694,61964,16.859847142784837,4293,225,3.0732025408338415,314236,0,6750,92524,41830,318529,83,77
15346,COMMERCE BANK TEXAS,58541,50150,41,0.2726902388533708,2.15,0,0,954,0,12.907586942986748,7256,0,222,-65,2.944596537169122,24431,0,175,6149,7753,24653,0,0
15347,SECURITY BK OF PULASKI CNTY,158729,144938,311,0.7666707752989029,11.48,0.05222755983047805,0.634414631226808,1258,27,8.45612162549137,12993,13.810377404195535,1220,55,3.7619562695458657,91386,0,1501,14857,11125,92606,13,1
15348,FIRST BANK&TRUST CO,57028,47024,312,2.1696046729946805,16.98,0,0.1648313109349793,439,10,15.95376522702104,9220,0,271,0,4.311342592592593,20510,0,1355,744,7595,20781,0,0
15355,MARION STATE BANK,136604,121781,416,1.2301687046264398,12.53,1.1139031925849638,0.12371526456033499,564,72,15.005662095049182,20274,0,337,23,3.470183999905702,60708,0,3186,23349,13940,61045,173,4
15359,SOUTHERN BANK&TRUST CO,4914702,4471419,5794,0.4668601509499716,6.59,0.0036965957433700014,0.11211259604346306,3834,0,9.492032549897337,496865,14.18105253739785,34125,262,3.0361592368621038,3196978,0,12533,1274778,364806,3231103,133,103
15362,BELT VALLEY BANK,81276,66653,430,2.073038447631674,14.08,-0.005804335838871637,0.21162458782420396,6428,87,15.432044504162848,12289,0,855,0,5.144066417060069,67328,0,1564,5517,12143,68183,0,1
15364,FIRST STATE BANK,77223,54639,289,1.535947278211073,13.49,0,0,638,0,11.89805057955743,9033,0,934,0,3.4169688179840465,52978,0,108,4716,8462,53912,0,0
15367,FARMERS STATE BANK,180874,163633,733,1.6332169137102208,19.2,0.025945505172885092,0.02322058449528401,1,0,9.360894914497726,16778,0,1033,0,4.679739347166752,107710,0,3668,30393,15673,108743,8,1
15399,RCB BANK,3899432,3434961,12078,1.2442496720168992,11.58,0.04104552463953596,0.39857086878294073,2750,8,10.30976178949882,394199,16.27955557498386,26613,0,3.498921580551182,2244385,0,93093,628998,430422,2270998,258,25
15405,HOUGHTON STATE BANK,214116,181016,800,1.4891305106554267,9.97,0.040079658320912814,0.4030525509536887,5351,446,13.532773484986096,29055,18.46919918474547,2027,0,3.8483264534103543,156085,0,719,7144,32519,158112,16,0
15415,PEOPLES BANK OF WYACONDA MO,141275,126341,408,1.1626167425359577,12.07,-0.013005662882380035,0.1946558131304194,255,157,10.097363680333098,14405,0,1860,45,3.518877310572341,91881,0,2060,2720,13818,93741,0,3
15423,AMERICAN BANK OF FREEDOM,941567,708243,1330,0.567129413708648,5.93,-0.0026085924426468344,1.7200050554023238,177,0,9.749802385493224,91151,13.120920455802635,13952,-30,2.927362343331925,757484,0,285,271662,90615,771436,0,5
15427,CHELSEA SAVINGS BANK,190850,170185,612,1.281279604729429,13.66,0.29686055955414903,0.11370186009955462,262,1,15.267089678924888,31207,0,567,22,3.1762860866300002,73981,0,1148,8994,18816,74548,53,0
15442,ROBERT LEE STATE BANK,47574,42484,44,0.4021616187005153,3.58,0.0785494534267199,0.2312187329213436,405,0,12.955173146377735,6098,0,283,0,3.5547827766910576,15089,0,2123,1304,5015,15372,4,1
15443,LAKE ELMO BANK,519281,457603,2267,1.7521824990435264,17.06,-0.0040271581477589495,0.5016551732106509,5139,1072,11.11393362355656,57314,17.72882486174506,5611,137,4.063836738797155,389620,0,4528,116571,54562,395231,0,4
15444,AMERICAN ST B&T CO WILLISTON,646118,574685,3405,2.136490696383025,28,-0.019466741072876992,0.9874357315536789,2564,11,12.429872792683351,82265,22.00813789519622,6306,280,3.0468459148609512,303351,985,9199,82196,50319,309657,2,17
15460,SPUR SECURITY BANK,115739,108020,24,0.08549710779315044,1.37,-0.0064203396359667425,0,928,0,11.118498695167967,13378,20.894727498668562,746,45,3.3720290009299916,65459,0,390,12881,7226,66205,0,1
15463,STATE BANK OF DE KALB,461558,405800,2531,2.2548436598669457,19.1,0.015707437752265657,0.10204568006621052,1093,161,11.651786688786537,53378,0,5187,210,4.964096196285797,354626,0,4763,62654,53775,359813,21,7
15465,UNITED SOUTHERN BANK,873950,818331,2227,1.0318646714348514,20.57,-0.028576038745167016,0.1804451055552377,2207,0,9.469971925847114,85713,0,9240,-17,3.4260529087909686,400991,0,4393,176249,47096,410231,6,35
15469,FIRST STATE BANK OF RANSOM,48219,39774,86,0.725761363756237,4.3,-0.022026431718061675,0.12235840643729651,77,23,21.259216267922014,9890,38.156716417910445,396,0,2.521606507371632,17999,0,235,0,8186,18395,0,1
15471,FIRST STATE BANK OF CANDO,75233,70629,140,0.7423560525216908,13.42,-0.04267577083111064,0.1993805909640716,257,0,10.751935430736287,7833,22.21435380634618,302,9,2.9351166722567132,26525,0,2386,3793,4172,26827,2,5
15472,FIRST UNITED BANK,734138,642795,2116,1.1517448308238702,12.72,-0.1984728829639909,0.05802723738588658,859,0,9.828197874778535,69729,0,6785,250,3.293635367706824,500611,0,9382,72125,67696,507396,1,257
15477,CITIZENS BANK OF AMERICUS,483621,433674,1819,1.5209522883789086,18.26,-0.030960698245220953,0.15962913107578042,189,0,9.7273990223823,47263,18.73996522511191,4158,0,3.5914731953490557,237415,0,2959,84950,40957,241573,2,21
15478,UNITED VALLEY BANK,672059,594482,1772,1.0564046769157394,11.13,-0.0016897350706626085,1.2329274661897245,4070,1,10.702952975597984,70967,14.992765959919351,6442,80,3.30380618258523,470427,0,5490,101616,70510,476869,1,3
15480,COLEMAN COUNTY STATE BANK,221120,200205,1306,2.4099553669253924,27.82,0.02168998905333365,0.30978654124457305,1127,578,9.506474204305475,20212,14.797520492638963,1442,22,5.392609157046137,145815,0,1476,38655,19102,147257,9,1
15489,WEST PLAINS BANK&TRUST CO,696350,647854,2234,1.3101121717572304,21.4,-0.007034884232186354,0.40841530839376744,5592,0,8.190694787831314,56882,12.249741960617367,3920,161,3.4581581215044213,449754,0,9654,110721,43396,453674,18,26
15496,FIRST STATE BANK OF BLAKELY,667231,533166,3088,1.8595884275547887,10.66,0.17093168160971448,0.41185136781714277,6526,728,17.595314549319344,116715,26.603330574868426,6782,0,4.878472291363827,435629,850,6717,78105,117498,442411,185,0
15501,LYTLE STB OF LYTLE TEXAS,110350,97869,163,0.594551464721304,6.24,0.6556578175011906,0.09696420480289987,3409,36,15.104135015236094,17398,0,371,60,3.999264548765883,44520,0,9727,2328,10948,44891,77,3
15510,AMERISTATE BANK,447975,399697,1014,0.9128792269335382,9.58,0.9322967385578135,1.7992075450638987,4580,1018,9.470735554982273,41484,0,4342,45,4.973714690847593,310482,0,8496,106754,42937,314824,732,2
15511,FIRST STATE BANK,1767818,1647880,2212,0.5010935937268156,8.07,3.128758718614868,0.41237276687984853,5975,0,8.80996340269519,160902,13.960536976007798,12016,75,3.237565792924016,917508,0,20360,397979,114067,929524,7352,75
15519,CITIZENS STATE BANK,249819,223223,1654,2.6756285664600092,26.16,0,0.511570376952914,166,1278,10.621017423644398,26102,0,2560,60,4.529552801553713,196509,0,3442,26898,25900,199069,0,0
15523,MUENSTER STATE BANK,215679,183469,1234,2.276773770975747,22.76,0,0,339,0,13.858347136900958,31876,0,724,0,3.4227836311776008,70585,0,5034,8058,23119,71309,0,0
15532,CENTREBANK,107487,88883,436,1.6443057428132335,9.81,-0.015738633755434744,0.05768139402904537,2514,0,16.97828424806143,17998,0,1184,78,5.867301337609872,77585,0,2149,11099,17998,78769,1,4
15539,FIRST STATE BANK,430341,381204,1436,1.416550758091405,15.11,0,0.009759702189658898,41,0,9.482597596662723,38075,0,4328,15,3.145121698221398,338320,256,1052,97763,38503,342648,1,1
15545,FRONTIER BANK,1362779,1072699,3704,1.0989769041280617,11.31,0.01651224961237494,0.23085181089523688,3768,1873,9.597099747619941,126856,11.250162307531149,14056,313,3.0552113181412026,1211437,0,4735,284239,131443,1225493,54,4
15546,CHILLICOTHE STATE BANK,137369,125868,395,1.1584809235585893,15.3,0.1042926567830061,0.6209552373534057,694,104,8.750418906907957,12011,21.567467027392627,1071,0,3.67286616379724,67789,0,2955,8303,10532,68860,18,0
15547,BANK OF LAKE VILLAGE,84544,71650,365,1.7320125748858175,12.27,0,0.1774224072672218,754,119,16.685890042291426,13888,24.925538252063653,2543,0,5.14497718370671,43879,0,649,4675,12557,46422,0,0
15555,CENTRAL BANK,2189571,1858837,3090,0.567359739124687,6.15,-0.0012654516924361845,0.054165861714463706,1966,294,8.961108997491976,194084,10.61321677833163,19747,0,2.9388852354057353,1867025,3046,7011,645475,201923,1886772,34,40
15562,PIONEER BANK&TRUST,957447,829246,2839,1.1889368981896875,13.68,0.003881411242313593,0,6628,0,10.928538972601899,106788,18.252916784377142,5635,98,3.4674161446954503,521090,0,7236,161977,85775,526725,5,0
15565,FIRST SOUTHERN BANK,1027428,899778,3293,1.2764258525656431,12.99,0.027175123288250308,1.9574121008966077,8268,432,10.279608556029823,102690,0,8666,90,3.702191313475922,645024,0,36750,245356,101633,653690,54,9
15566,HOOSIER HEARTLAND STATE BANK,329302,305016,646,0.7813846595805803,12.73,0.049732580199144685,0.27664575374580175,1512,521,8.523451174642487,28633,11.820863783395232,2860,92,3.7602558389472858,230866,1503,5869,43567,20944,233726,43,14
15572,FIRST NB OF PULASKI,1429849,1284785,4302,1.2150839024331688,13.89,-0.006616819956328988,0.046508407531144894,1919,0,10.853523560421339,155526,0,12696,219,3.459089215987053,960300,0,11426,351395,127781,972996,15,31
15578,INTEGRITY BANK PLUS,87629,78203,366,1.6470998554287353,18.61,0,2.4215727670063565,1236,1629,10.750725557772538,9483,17.02354036441016,1235,0,4.508078349081349,54562,0,211,4083,8084,55797,0,0
15580,FIRST BANK OF COASTAL GA,230769,209607,148,0.2604974533293731,6.54,-0.7048144522559402,0.0567667234333901,725,131,8.242983337021089,19372,18.550073651093854,889,0,2.074915815281215,63635,156,1016,30837,9222,64524,0,99
15584,MID-MISSOURI BANK,939198,843973,3543,1.5131697660736918,15.78,0.002446380312754433,0.30270507390347934,746,0,9.963435172674355,93354,15.467357401773329,7417,300,4.28501445464099,644635,0,2250,213682,91761,652052,73,69
15585,BAY PORT STATE BANK,151692,136608,435,1.1563036825614121,12.37,-0.010068845732697318,0.0013184610922131687,1439,2,9.561602418745276,14421,0,1664,47,4.6491060081129545,118866,0,1219,16436,14314,120530,0,3
15590,TAYLOR COUNTY BANK,241070,217686,1369,2.3217359597724054,25.77,0.050368167318254865,1.0204504915584685,3256,1179,12.787711784879455,29979,0,1465,-224,4.124715175785062,166767,0,3596,45705,22278,168232,29,8
15593,IPSWICH STATE BANK,68513,57556,281,1.6607810399089822,10.94,0,0,492,0,15.189560719008385,10453,31.30170422988103,255,0,3.6264850180432227,27426,0,307,1473,10207,27681,0,0
15597,SECURITY STB OF KENYON,67645,59216,157,0.9120350872097245,7.78,0.29643208877360977,1.3807376746248798,1042,934,12.75783484054521,8789,17.024396502740252,484,20,4.4268824983900075,50299,0,545,3040,8190,50783,43,5
15598,HORIZON FINANCIAL BANK,205838,181379,432,0.8597250173512211,8.38,0,0.2803175312624491,4783,577,10.424138660526717,21188,0,1584,20,3.4786401679343526,136314,93,729,8595,20254,137898,0,0
15606,HAMILTON BANK,110968,106530,436,1.5840145322434152,45.4,0,0.17933097830005046,1571,193,9.851725903173907,10777,17.190511720450164,282,0,3.7366279945758625,53067,0,862,1207,4135,53349,0,0
15610,FARMERS&MERCHANTS STATE BANK,259073,230949,787,1.2136399560498872,13.55,0,0,2241,0,9.929490218870926,25968,16.60144993478327,1416,0,3.451929746956338,152155,0,1724,11735,23789,153571,0,0
15614,WEST BANK,3984535,3328921,9175,0.9177594964976348,10.85,-0.012488933094692851,0.004542562682973044,0,0,10.456942456995536,425523,12.898223958422886,30526,0,2.413928720337664,2985945,0,7497,1455229,342733,3016471,0,94
15621,FIRST FARMERS&MERCHANTS STB,92713,83636,98,0.4147138791616855,5.3,-0.05678309567241832,0.03127932436659368,350,0,8.607797850687083,8162,12.141215062581503,857,87,3.8243335422223947,71259,0,66,9101,7496,72116,0,10
15629,QUOIN FINANCIAL BANK,247250,206813,524,0.8642016030609888,6.39,0,0,36,0,8.539207722081521,19657,14.061909765863776,817,0,4.959521687462864,149012,476,205,27939,32712,149829,0,0
15632,GREENFIELD BANKING CO,858442,736223,3345,1.5531474160931842,11.77,-0.0034532533099432975,0.8511932081608309,1171,0,13.027027914306084,111107,0,8921,300,4.186470809235048,562207,0,7189,255150,115127,571128,0,5
15651,STATE BANK&TRUST CO,199605,168325,526,1.0566359904079148,12.47,0.017667688447981906,0.8632048295383382,776,246,10.090282234521494,20911,15.825786071010809,1603,-14,2.6918773239635025,113560,0,328,39754,17353,115163,5,0
15657,ALLIANCE BANK CENTRAL TEXAS,987853,868628,2096,0.8534601579471353,7.29,-0.005937830910368443,1.7223210335950794,2008,84,12.223683794917463,119968,15.243539584720969,8880,0,3.076706970986596,807315,0,3894,344835,116426,816195,2,14
15663,FIRST STATE BANK,922987,833085,765,0.3330467244963485,3.69,0.020035403468629226,0.9583016878894285,9250,0,10.340371841488711,98509,0,4381,0,2.4791449825957703,437275,689,10186,154434,85030,441656,23,1
15664,FREEDOM BANK INC,208702,187371,516,1.004096167505035,11.22,-0.024446235470723724,0.6981245987101226,723,512,11.675156539634814,23997,0,1751,60,3.860602268737411,128317,0,3235,29569,18773,130068,8,16
15669,MCBANK,422219,378414,962,0.9195039744412304,11.81,0.20828722808753272,0.0959217846662514,5215,0,11.65780415566,50972,20.95737770835589,3185,65,3.650712447709821,195469,0,3542,45360,33918,198654,206,106
15671,BANK OF CLARENDON,421785,372994,1391,1.3325286431390582,12.67,-0.010138054963464984,0.0502625745344192,732,206,12.12088029803492,50918,0,1835,20,3.508227579715991,196366,0,5633,77902,45322,198201,0,5
15675,CITIZENS BANK&TRUST CO,339332,294728,799,0.9440106570414599,7.75,-0.00629161642111886,0.08487263211250339,1426,44,14.099892202659001,47088,0,3267,0,2.9850518306047236,188318,0,883,41623,42017,191585,0,3
15687,GRANT COUNTY STATE BANK,369548,284967,2766,3.045534372367776,23.47,0.09523234449265487,1.4401376817084655,8554,622,13.504390993176987,48531,21.906240694261285,5042,128,4.16145821495943,287755,387,11855,46817,48531,292797,83,14
15690,CLEAR LAKE BANK&TRUST CO,615545,556549,2615,1.7201528403489312,21.25,0.006141340764355658,0.13110333119430748,407,0,8.36928272057665,50461,12.3074934324833,5961,60,3.7025159514158688,456412,0,3693,157240,50577,462373,9,2
15699,PINELAND BANK,555412,499992,2026,1.4878651961819294,16.56,-0.002060517395918115,0.5648059458564093,1360,0,9.285384782121374,50120,0,6100,176,5.059396566782896,389902,744,6389,158075,50042,396002,21,23
15701,SEYMOUR BANK,223076,186539,380,0.6556924457328226,9.68,0.054716651340937936,0.009862109774247342,2009,22,10.33841642487756,23410,0,1602,-37,3.1998475398789847,129818,0,4967,21456,15787,131420,21,3
15703,TOWN&COUNTRY BANK&TRUST CO,419868,370451,1614,1.5239210280329711,14.11,-0.007205052182590432,0.11860870559318644,433,498,12.43465327221301,50997,0,2717,30,4.041695214102662,274112,0,2471,104053,46669,276829,4,9
15708,CASEY COUNTY BANK INC,427540,300557,833,0.7883880752754449,11.43,0.48501248959200666,0.2273471488047902,1057,0,8.096781060050613,34234,12.076059157122206,2680,190,2.9087380947666475,192613,0,5893,35798,29564,195293,285,52
15728,DAKOTA COMMUNITY B&T NA,1303716,1184737,4344,1.348414530377158,19.38,-0.002816699082178604,0.03282923581516219,4116,0,8.699311968770658,111202,14.799447257973231,9605,0,2.9045891849427012,710646,0,9899,145702,92330,720251,0,5
15729,PARTNERS BANK,429333,342909,1068,0.9799120327096105,8.51,0.0063982426160281314,0.23687906589989588,2493,0,12.239972960260564,51785,15.76258368112938,6612,225,4.023461344515512,365725,0,910,134191,50747,372337,7,1
15731,SECURITY BANK OF TEXAS,134459,113815,466,1.3869718401559599,9.84,-0.019484631496906813,0.2989758959980366,848,0,14.292606172161443,19257,0,1447,36,5.781136763640128,105306,0,921,19266,19140,106753,2,7
15734,SECURITY SAVINGS BANK,508890,453545,756,0.59053734211328,5.81,-0.0009772723108214586,0.07703039949694433,76,0,9.671185864238565,50048,13.080166755663683,4563,0,2.987569994917098,403946,0,1382,74428,52585,408509,0,1
15741,COMMERCIAL BANK OF MOTT,146830,112251,611,1.6823150417137036,16.12,0,0.16209221548729824,140,0,11.538087632803277,16616,0,1049,0,3.1114590737059338,109271,150,565,20922,15206,110320,0,0
15749,SECURITY STATE BANK,58634,47718,330,2.265219443133554,12.55,0,0,0,0,18.3053529654603,10642,39.743495516683815,173,0,4.70015199054281,17071,479,597,258,10654,17244,0,0
15751,FLAT BRANCH BANK,88747,77714,18,0.08266455412806117,0.75,0,0.015775181132883367,0,0,9.073207352406424,7735,30.43199396340313,309,58,3.7600261314557395,30488,0,497,549,9604,30797,0,0
15752,FIRST STATE BANK,1534280,1303730,2763,0.719663141389519,7.25,0.05337124460337908,0.34993612639153215,6423,1645,10.237842382116579,156364,14.990720580886338,14504,501,3.2529584408549383,1263443,1192,3794,352547,154022,1277947,200,29
15760,CITIZENS NB OF ALBION,346932,286370,1044,1.2045377845850314,7.48,-0.003479123087025915,0.28852916421661884,794,240,16.786876255059514,58768,26.118711413712703,3107,45,3.4132906620713,222256,0,2235,31777,56589,225363,56,58
15762,FIRST AMERICAN BANK,37196,32653,108,1.222566540730993,9.68,-0.016339201829990605,1.338853640176363,421,0,12.472079517534063,4467,0,437,10,4.93736408465803,23757,0,1041,923,4467,24194,3,4
15763,FIRST NB OF NOKOMIS,183196,165012,539,1.1941323570544364,13.65,-0.004187319748970181,0.1419244961680386,57,0,10.609348013816925,19657,18.974126602927182,1259,0,3.8127185108192387,93256,0,2218,7268,16368,94515,0,1
15767,FIRST SECURITY BANK-HENDRICK,42677,37806,315,2.980555424137768,26.24,0,0,0,0,14.128338020312828,6079,30.638047633049105,170,-126,3.171975938437975,15745,0,180,1437,4781,15915,0,0
15771,NORTHEAST GEORGIA BANK,647845,564699,4017,2.495102731988419,22.37,0.003897274343755836,0.0787225339394454,2308,0,12.145651556850016,78732,0,4859,96,4.522215474652843,304655,0,7407,54699,70157,309514,25,22
15772,MEDIAPOLIS SAVINGS BANK,259534,225371,696,1.0907039428320693,12.11,0.0042521187510464195,0.2758790755739132,544,104,9.093445119652579,24122,0,2167,0,3.3106416785239143,187798,0,3357,13350,23480,189965,2,0
15778,GRANT COUNTY BANK,57776,48749,39,0.2599826678221452,1.83,1.0073452256033577,0.19558294101356963,116,94,15.351256147813372,9239,0,390,0,2.2351492505626087,11272,0,907,1342,8628,11662,36,0
15779,FARMERS&MERCHANTS BANK,934785,819067,3291,1.4064162667361828,18.67,0.35521016714536435,0.8620163994929316,3541,0,8.97975040579016,84367,12.697383126562437,7822,407,3.224428347175716,728088,1042,4048,205320,70591,735910,669,14
15784,STOCK EXC BK CALDWELL KS,85844,78915,208,0.9676781539678294,12.75,0.02754176019389399,0.7932994734634919,780,450,8.441967919833981,7363,14.825533169895486,893,21,4.128711332193378,70165,0,1212,4140,6662,71058,7,2
15792,PEOPLES BK OF MONITEAU CNTY,79834,68719,189,0.9772744900333514,11.27,-0.009057868457105331,0.512313049577874,880,0,10.785983855750079,8231,0,664,5,2.9501449944650826,43259,0,1609,4866,6947,43923,0,1
15797,BROADWAY NATIONAL BANK,5670945,5176775,16958,1.192440784702401,17.03,0.10116660250453369,0.37145484570913667,7961,2871,9.878127312251596,576464,14.928845316526344,36515,1981,3.191471414855942,3438218,0,51148,1092669,411589,3474733,1270,389
15799,PREMIER COMMUNITY BANK,541645,485476,696,0.5165925673017687,7.58,0.011828624734191984,0.04652493792059375,77,0,8.275791743145994,45448,12.46753508732116,3902,0,3.321354831272991,370720,234,1668,118301,37607,374622,13,2
15801,FARMERS&MERCHANTS BANK,559485,455228,3027,2.2249765934593992,18.77,0.0954201391543696,1.1805499700617532,3404,1,13.059310628899329,73555,0,7320,0,4.487157618435074,323870,2362,18181,70758,66394,331190,106,28
15808,IOWA STATE BANK,464144,380151,1925,1.6486228111588213,11.74,0,0.010557068495984005,296,49,15.83482730299471,71721,0,2051,-72,3.0543872658936673,272113,0,548,127846,67054,274164,0,0
15809,SECURITY STATE BANK&TRUST,1943354,1719649,9820,1.9866708949173493,19.74,-0.013551532648882736,0.8721005025332492,24452,477,11.538106609711908,225057,0,14242,1199,4.6636980290426076,1371898,0,28428,381011,202553,1386140,21,67
15815,CENTRAL BANK&TRUST CO,3747261,2933294,10424,1.1283937600604466,9.49,0.07980498006793887,0.1458932270797257,2176,895,12.125320571302176,444575,15.035846549485415,29513,73,3.909621395097825,2841850,7399,13396,1038055,445429,2871363,982,410
15817,GENESIS BANK,75387,60842,91,0.5100575215968725,2.7,0.3211435844715328,2.5747144733176808,2041,189,19.119104942642686,13500,0,627,34,4.42138229604839,51894,0,48897,888,13513,52521,43,2
15820,RED RIVER STATE BANK,125593,108256,481,1.541209737497697,11.85,-0.05266449425627859,6.7973533556806505,0,0,13.148634624116234,16217,0,1209,120,4.247351646431276,103244,0,9516,699,16485,104453,0,14
15826,CLAXTON BANK,227237,192187,227,0.4034972726161777,2.73,0.14227445825520482,0.42026606582554776,753,0,16.022961926570424,35616,24.319353418128127,2293,70,4.435830972910846,134901,0,3245,58778,33575,137194,47,1
15839,SECURITY STATE BANK,117889,90654,555,1.855628740512889,8.39,0,3.4006565498053254,4204,3085,22.846325091914863,27093,31.79599887292195,1848,0,4.249327377574053,77089,0,697,29991,26793,78937,0,0
15847,SUNRISE BANK DAKOTA,61123,54520,122,0.8127305581693577,8.46,-0.0348872705071737,0,112,0,11.872782359326647,7328,0,603,0,2.9956896551724137,22443,66,679,2880,5957,23046,0,2
15853,FARMERS STATE BANK,23984,20631,37,0.5848646512546928,6.18,0.031067961165048542,0.15843895930620414,296,27,9.843081312410842,2415,16.377093395220474,196,0,3.2560944095098634,11961,0,247,16,2415,12157,1,0
15871,PEOPLES BANK,541893,488640,959,0.720086200099866,8.79,0,0.17678766841424412,1941,17,10.797555327791065,56888,22.822391291089833,2987,18,2.246903299887191,210401,1612,9792,52884,45474,213388,15,15
15873,MILLEDGEVILLE STATE BANK,187204,148540,438,0.9261314979859812,9.92,0,0.9529710903613171,0,0,11.30379173439207,21211,16.20253164556962,1125,0,2.522297335681418,112257,0,515,15533,17773,113382,0,0
15883,DEMOTTE STATE BANK,561087,462179,231,0.16470250609835985,2.14,2.6096687295513563,1.6801316016945678,4535,254,12.366706213904239,69421,0,3592,1355,3.212692998916277,253372,0,1109,15471,44580,256964,1682,0
15898,FIRST STB OF LIVINGSTON,720653,633490,1583,0.8886618425558431,7.72,0.06004585319698679,0.24672068249212867,2380,1311,14.575794534093822,108635,0,2445,0,3.1201548806918913,218114,0,16237,34764,84342,220559,33,0
15899,FUSION BANK,235424,189493,1071,1.7157206306995447,15.09,-0.0034366032613364953,0,18,0,12.905875651176038,31265,0,1944,0,3.7934298786025513,113103,0,49,35386,29013,115047,0,1
15904,FOUR COUNTY BANK,89607,79147,338,1.5054421958076998,13.12,0.08947402057902473,0.512236767216847,877,0,12.574440866381401,11402,0,1396,30,4.1228885303658265,60217,0,11103,7855,10036,61613,20,6
15908,UNION STATE BANK,196819,165101,295,0.6067976766848278,8.26,-0.006786130845085357,0,2046,0,9.68577150723327,19490,0,1436,0,2.888203185739766,114649,0,1961,18551,14802,116085,6,8
15912,IVES BANK,1633553,1263808,3279,0.8000805204549405,6.33,-0.08439363791698104,1.4396227119658804,222,3254,13.151553948949577,214071,0,17417,263,3.073302704662915,1352995,0,627,303981,209650,1370412,37,326
15913,FIRST COMMUNITY BANK&TRUST,201263,171525,502,0.987736911748068,8.19,-0.032764393295586024,1.8706866140323857,0,0,12.918087981216498,26244,0,1150,123,4.008355146611671,95533,0,3166,50056,24676,96683,1,9
15928,FARMERS NB OF GRIGGSVILLE,154629,136845,611,1.5770031133551645,16.26,0.022381110342870617,1.0263275323516288,682,1080,10.402392251186376,16002,0,1588,45,4.463594145556357,125682,0,3464,10032,15317,127270,10,3
15930,MAXWELL STATE BANK,25478,22603,-63,-1.0259959693015492,-11.55,0,0.16484810424680116,0,0,12.994750437463546,3119,19.26414645744175,122,0,2.5966260943839417,7839,0,107,321,2735,7961,0,0
15932,CITIZENS BANK,1050967,936128,2584,0.9945739141814347,9.93,0.05152328594908469,0.21494490312255285,2187,12,9.61334567526733,98559,17.794363616497304,6747,512,4.03937060484073,581801,0,12083,150861,106669,588548,130,55
15939,PEOPLES STATE BANK,146485,135554,604,1.4662151500807146,23.6,0.048987089860692966,0.03276786019046318,16,48,9.391965972286435,14220,23.25991331910214,163,6,2.664500203884069,48481,0,2267,5838,10640,48644,6,0
15945,FOREST PARK NB&T CO,321782,285875,461,0.569613996935699,8.33,0,0.6864896109788614,5369,0,7.98212102923561,26055,11.496792587312902,2859,25,3.798664330186622,245699,0,203,98041,22660,248558,0,0
15947,IOWA STATE BANK,364475,322205,1313,1.4458839658846268,14.1,-1.6995940871136896,2.3321215446875643,331,28,10.569610301480507,38316,15.433246010427021,9023,20,3.0510653331498307,253812,422,2253,11680,37605,262835,16,1135
15953,GUARANTY BANK&TRUST CO,2906666,2388408,7814,1.082529168560729,10.31,0.15711822474328271,1.5504017317435166,26543,45,9.803448000677802,278858,0,26819,2186,3.8477303031564087,1975344,2200,17272,680838,308863,2002163,985,196
15966,FULTON SAVINGS BANK,481425,307820,1057,0.8813869545141375,3.38,0.03565120160754509,0.2652541932803656,658,0,29.795125285603074,141228,40.92078233699874,1002,-75,3.756843131764683,246400,0,1773,14518,125528,247402,70,48
15969,RONDOUT SAVINGS BANK,527278,453329,-93,-0.07057544600551513,-0.92,0.0018786045725235293,0.7045619198980424,266,0,9.191058097655578,49099,15.550972973445296,4153,-102,2.0886760638287156,417786,0,874,68313,40842,421939,2,0
15970,ULSTER SAVINGS BANK,1354366,1200272,972,0.2893902522079218,3.53,0.038299142957967186,1.238365404920088,6891,0,9.441171203701257,128642,14.831698387294296,11825,0,2.835588560011768,1003053,0,9121,208425,111941,1014878,124,27
15987,WALDEN SAVINGS BANK,925659,798612,2285,0.9934415467254472,12.2,0.001779918954356945,0.2299983039110515,13,0,9.609021612773883,90347,16.014196495975373,7756,-149,3.6327035983038733,672852,0,707,184542,76934,680608,25,22
15990,WATERTOWN SAVINGS BANK,925416,760201,3872,1.6947993362181835,9.94,0.10795550386633404,1.5258002887350122,5446,5088,16.481656066178914,148950,0,5990,232,4.19974484487111,560329,0,16266,229611,158567,566319,197,45
15995,PCSB BANK,2080144,1751848,3730,0.7115664118715223,5.2,-0.0017465024469226992,0.3865597766308486,12666,0,10.043940396937412,201037,15.329902658585565,16623,-433,2.9453260816963174,1352779,0,7,714372,289340,1369402,0,6
16026,RIDGEWOOD SAVINGS BANK,7297683,5774644,5320,0.2937381730010172,2.44,0.04001985373123396,1.1394301451570312,14925,415,13.022855063637065,933774,0,35619,737,1.8023903943249913,4729103,4143,10792,324072,881926,4764722,493,19
16030,NORTH COUNTRY SAVINGS BANK,341212,272796,965,1.1347217506463652,8.92,0.021883184824011324,0.44459163218175207,3460,7,14.162533249190517,48026,23.48984965275128,1219,104,4.970617122547457,291681,0,4144,2011,43806,292900,17,1
16032,RHINEBECK BANK,1255694,1050479,2607,0.8304957927678852,8.67,0.20760971002826137,0.30086947934767544,9120,0,10.169191650330992,129898,12.906847599631774,8406,353,3.8505511779532298,976502,0,1157,355213,122570,984908,959,449
16039,SAWYER SAVINGS BANK,283429,234069,224,0.3140311647892557,3.24,0.0034770514603616135,0.6812993730352223,1304,0,10.643798652218752,30136,17.575422686667423,2301,30,2.9188951571543704,226211,0,176,35516,27863,228512,3,1
16040,GENERATIONS BANK,383664,330064,-925,-0.9610976254394749,-11.21,0.6814454330615043,0.8085199549605906,8648,0,9.163326810585687,35027,13.87073374598183,2637,374,2.234617191169563,301114,0,77897,13013,33152,303751,548,25
16068,APPLE BANK,17944824,14874335,10636,0.24029818121433497,2.81,0.04900276508109122,0.5360375783011302,15911,747,8.24518272707573,1455384,11.95861940319635,62184,3238,2.1685408647037376,12546565,0,111301,2389319,1528149,12608749,1647,129
16075,RAYNE STATE BANK&TRUST CO,517406,468890,2367,1.8543344676475628,23.16,0,0.017587735743304096,1036,0,10.839426265531984,56973,17.62140858664491,5952,0,4.216005365825011,335825,0,2933,107894,42480,341777,1,1
16079,YORK STATE BANK,190447,161140,755,1.592688400007383,10.81,0.0917918924810966,0.17012607182050649,685,0,13.221731672035233,24587,17.801114912292658,1534,20,3.9312096499675597,126804,0,897,9934,28328,128338,39,9
16094,EXCHANGE STATE BANK,53716,49180,112,0.8275530843900952,11.24,-0.025141815553355647,0.27552312160250203,366,0,8.640824606612204,4728,10.992186663812479,386,0,3.5579411482794976,30725,0,629,3458,4058,31111,0,2
16101,MILFORD BANK,628824,503915,1028,0.6559981877092869,8.28,0.0008194395647956471,0.2060990038548147,954,0,9.496170116899046,60698,15.216996507566938,4559,10,3.241500952934989,482825,0,449,117186,50905,487384,4,3
16103,FARMBANK,78117,71895,-4,-0.020796506186960592,-0.37,-0.08220219685371091,0.5133325652546821,465,40,7.652018395503321,5990,12.28355779191949,650,0,3.164188961230071,48314,0,2285,11269,4414,48964,1,11
16110,BUTTE STATE BANK,57310,49515,110,0.7628558549186865,8.68,0.011318458991808266,0,0,0,10.703171439560824,6122,0,389,0,3.3337130272999964,33700,0,235,2713,5169,34089,1,0
16111,HIGHLAND BANK,793259,688682,1539,0.7920843037095177,10.99,0.005106134656065358,0.07097303654922289,2952,0,8.81056373793804,69392,11.775213428965685,9003,300,3.9412657247086424,543239,0,171,284860,57033,552242,9,2
16114,FARMERS STATE BANK&TRUST CO,173086,159298,873,2.0667980610451178,26.89,0.03579532743136566,0.5569485689194966,2040,579,9.131562046573583,15356,0,1574,0,4.230992016521016,75536,0,2494,23610,12592,77110,12,5
16116,NEBRASKA BANK,449777,387750,1139,1.0199364442588839,11.06,0.0625018085014034,0.8519777578666762,215,0,9.307279376002016,41334,0,4057,200,3.9558600568154785,340389,0,4871,80935,41601,344446,109,55
16120,RILEY STB OF RILEY KANSAS,118131,100830,471,1.60863402722041,16.53,0.09396520814529989,0,333,0,10.746233718461049,12854,0,1177,0,3.7066331116304156,80578,0,1859,1075,11759,81755,19,0
16125,EASTERN COLORADO BANK,682960,575688,2071,1.2216514267469991,12.08,0.0016267552434896745,0.07555347311702003,95,0,10.489738170925902,70880,13.214094208876423,6007,75,3.649155334100333,490775,0,476,171909,68883,496782,4,2
16126,CITIZENS BANK OF THE MIDWEST,225615,195770,719,1.324350833245074,24.7,0.031683795718727106,2.7121423664206725,752,0,8.716338164078556,19511,13.195660425875813,2069,0,3.260822314334884,152528,0,0,33180,12280,154597,14,2
16127,FNB COMMUNITY BANK,482385,437340,799,0.6876142303443128,7.86,1.458962130814192,1.7475667775739296,39,557,10.61588446913403,51788,20.012527743883673,5748,20,3.544937085035859,264533,0,6021,129050,42069,270281,1000,0
16130,FIRST NATIONAL BANK ALASKA,4890081,3580147,17734,1.434811700179857,13.49,0.03303426833421556,0.0867674789027012,1540,12,11.723938080694035,584613,20.07411822892462,19500,1535,3.6837297753521945,2592267,1785,8509,1455179,535148,2611767,349,139
16151,STATE BANK,76666,69763,219,1.1349870111360885,14.83,0.00831730519311743,0.24391516447969114,803,81,8.096925185549148,6262,15.445293197633566,628,0,3.6040774239981177,46541,0,858,4200,5960,47169,3,2
16152,PEOPLES BANK,254878,224166,657,1.0365289689731538,9.96,0.004369972824231499,0.03923445726975259,115,0,10.855870620118475,27159,0,2784,54,4.942712302992418,183188,0,1137,89611,26772,185972,2,0
16154,BANK OF ELGIN,77545,64352,404,1.951007497374108,14.73,0,0,13,0,12.963977878531214,10408,0,675,15,4.170075145058498,51164,0,299,780,10669,51839,0,0
16160,WAUKESHA STATE BANK,1533542,1242783,6208,1.634222858981809,15.22,-0.0225694211212166,0.4320716354687384,5075,0,11.396180768695096,176742,0,9675,-63,4.0591252589335864,1117840,5808,375,277632,164005,1127515,37,100
16161,CAMPBELL COUNTY BANK INC,215284,148698,1017,1.9453317775779948,14.74,0,0.3697441519109641,970,0,13.254228120502642,27445,0,2597,100,4.411206793507918,172190,99,333,8131,27308,174787,0,0
16162,FIRST STATE BANK OF PURDY,237990,213285,682,1.159181349417966,16.88,0.07453399615351342,1.2160174797260388,2899,525,7.550378404196621,18337,13.06467550995033,1567,75,3.845049292263722,145817,0,1163,24443,16301,147384,28,0
16167,METAMORA STATE BANK,94173,82165,86,0.36416760178696195,4.41,0,0.04884627228611173,339,0,9.304906417397614,8720,14.64385013594679,823,17,4.419991252100647,70064,0,518,8744,7913,70887,0,0
16175,WEST ALABAMA BANK&TRUST,934766,812498,2442,1.0245249326763983,12.24,0.023076290045210862,0.8082236623925132,4832,3418,11.043003593081,107139,0,6817,0,3.272600620595446,579197,0,6857,160539,82977,586014,51,17
16176,JOHNSON CITY BANK,133095,115707,458,1.3708778257518501,10.83,0.08376768428890544,0.17731695405537398,1544,0,13.627929505570252,18288,0,992,4,4.004537236698967,84825,0,7724,17606,17135,85817,19,1
16177,FIRST STATE BANK,126156,111735,298,0.9643154735419986,8.76,0.32010713789921524,0,368,0,10.879792524886735,13760,24.294229932018354,867,150,4.082672418185215,59768,0,931,9413,13753,60635,50,1
16185,SAMSON BANKING CO INC,118947,102044,497,1.693666216555843,12.52,-0.02861912711662294,0.018495632508596267,439,22,14.631912408513784,17413,0,640,-3,3.7376775638351596,41609,0,2434,2431,16355,42249,2,5
16191,STOCKMAN BANK OF MONTANA,6774600,5629458,28703,1.6815459877094472,18.02,0.015434422728473668,0.515661441265905,31520,8243,9.632303447838906,650683,13.009620467967487,83110,4500,3.782964883021801,4610026,1561,32269,1686359,653208,4693136,230,50
16198,MASON CITY NATIONAL BANK,77616,67467,251,1.2877986211319545,10.4,0,0.07859204287775717,155,0,16.167831828332847,13321,0,148,0,2.8332088357699283,32413,0,554,786,10026,32561,0,0
16201,BANK OF WOLCOTT,243916,215108,954,1.558642069857063,17.37,0,0.22384755407599335,873,17,12.666704871998494,30944,0,2301,7,3.3088367927711504,133088,0,872,33767,22736,135389,0,0
16216,FARMERS&MERCHANTS BANK,1852467,1561023,4267,0.9312890589086162,8.53,0.18748009464671336,0.225375134887693,10130,105,9.845344567038838,179489,0,15896,1132,3.642987917297136,1297247,3385,40124,353953,202217,1313143,616,6
16221,RELIABANK DAKOTA,746734,622391,1040,0.541557720484616,8.83,-0.005171238005151846,0.4033564830314409,65,0,9.3626509927105,74277,14.712779408570107,4665,0,2.4805230182511577,454873,793,2460,135579,48070,459538,0,6
16222,SHERWOOD STATE BANK,102657,84273,127,0.48487856559939296,4.41,0,1.9988895058300944,555,0,12.026974577915778,12395,0,908,4,4.068276850045726,74435,0,1051,12735,11589,75343,2,2
16228,WHEELER COUNTY STATE BANK,181881,156501,1081,2.3661127132045943,18.01,-0.004243964287040524,0.03628746268164349,303,4,13.516438987293991,24350,0,1474,0,4.584978458700323,93610,254,4395,31714,24350,95084,0,1
16231,DAKOTA HERITAGE BANK,402030,366909,1361,1.3864870990991909,17.29,-0.01805176343164023,0.4188742133671617,5282,863,9.312184519211769,36288,0,4224,328,3.858300621356297,308713,276,9671,26119,31931,312937,1,15
16243,BANK OF EASTERN OREGON,897525,797729,4009,1.8168418154595836,17.88,-0.0013452036344039193,0.27219297512604107,16,0,10.593585415107269,93692,0,6788,0,5.825340132867754,595780,1527,723,110724,91950,602568,15,17
16246,COMMERCIAL BANKING CO,360817,322412,1428,1.6196903533148073,17.03,0.004935164279280947,0.04683814786997287,459,86,10.760771547348302,37947,17.74031672930289,3574,45,4.935801851697493,244305,0,1808,69073,34460,247879,5,2
16247,NEIGHBORS BANK,88487,68352,362,1.6102397010825746,10.27,-0.034093088336612426,0.7955970933583464,122,0,18.89775287741307,15516,0,270,-60,3.061924535114642,65368,0,180,313,14361,65638,0,6
16249,DEVON BANK,481561,321299,-584,-0.47815109451773985,-9.65,0.044291883512346364,0.07724878052832351,761,0,5.618825162073737,27856,9.990832283552853,2243,-225,2.665443116586473,208547,0,1514,110699,24430,210790,31,7
16250,MARQUETTE BANK,2157848,1750665,2060,0.3831038197403542,4.7,0.006524568190602495,0.06070863193329651,336,0,7.876983201663977,168903,14.630014078793518,14782,328,2.6283286954419527,1397881,0,33,256017,178226,1412663,41,18
16265,PEOPLES BANK,1077512,936836,4729,1.7735340638363504,16.48,-0.008470321275942449,0.8881571620548078,9947,9404,10.458693882188097,110471,12.881589921448949,11390,300,3.813219405654759,905272,412,7843,119946,115282,916662,8,27
16275,CITIZENS BANK OF COCHRAN,198579,171471,968,1.9641511970314534,16.41,0.0210108172879631,0.08409751282864754,972,0,13.075228106600715,25694,20.492318749438503,2174,55,5.364368488268722,152121,0,6599,27799,24768,154295,13,5
16276,BANK OF HILLSBORO NA,646213,593576,1459,0.9211011230457575,12.11,-0.014404130384387722,0.1522717741673411,363,62,9.352882006888773,61368,0,5357,216,3.1874449344715,448033,0,5543,250795,49741,453390,2,18
16281,BANK OF LUMBER CITY,25356,21856,-74,-1.0866372980910426,-9.42,0,0.007887679444707368,169,2,9.485617336315261,2460,0,185,0,4.842464690361633,9298,0,693,1310,3107,9483,0,0
16282,BANK OF BEARDEN,59073,52805,283,1.9657384977381853,18.87,-0.02674288388574103,0.37072774363922606,383,0,12.532843764737587,7441,0,389,16,4.327851637945583,29895,0,3016,14968,6229,30284,1,3
16283,SOUTH COAST BANK&TRUST,252516,226302,776,1.2641936692569604,16.87,0,0.31918769503714617,697,0,9.49288555425417,24558,0,2829,108,3.55583120138512,182324,0,601,81912,19107,185153,0,0
16288,SOUTHERN BANK,337189,286538,191,0.22643444293125908,2.7,0.14681483722648916,0.45671715269477947,2492,0,9.329023596107042,31546,0,2141,155,3.29807063520149,203489,0,2457,100995,28476,205630,85,11
16307,MANUFACTURERS BANK&TRUST CO,731376,636899,1746,0.9446173447650426,9.97,0.003782831430411506,0.5333781803067096,6069,1533,9.7205210545892,71346,13.45755480384232,7017,180,3.181403385142935,515929,0,4677,90580,70861,522946,29,24
16318,MARSEILLES BANK,76498,64294,30,0.15772456034278806,4.65,-0.03609999699166692,0.3398781667494575,788,120,8.046460944078458,6498,17.57096013935854,358,0,1.9402348063491202,32945,0,2985,3039,2914,33303,1,4
16330,BATTLE CREEK STATE BANK,48232,43382,38,0.3540070335607984,3.23,-0.07137758743754462,0,0,0,11.572510048578403,4693,16.01221777875744,392,0,3.519823518597953,27507,0,126,879,4733,27899,0,5
16332,FIRST STATE BANK&TRUST,508239,465635,2171,1.7617427539098558,23.09,0.1158559384067702,0.20698923144426146,517,196,8.942888611736503,44170,23.14379300358509,2131,21,3.871400672763406,182420,0,2009,35565,38565,184551,56,1
16333,FIRST STATE BANK,215287,186312,833,1.518005817807411,12.73,0,0.1630381769451941,778,0,10.66587183868121,22723,13.949620712867478,1937,10,3.8416026317727643,155925,0,2562,12637,26537,157862,0,0
16334,FIRST STATE BANK OF ODEM,202219,167466,1109,2.200467773018475,13.44,0,0,86,0,16.661593808784858,33392,0,2585,0,5.472693081545967,99427,0,1761,24549,33650,102012,0,0
16339,TRI-COUNTY BANK,216823,196618,318,0.5761717644127872,9.56,0,0.14435737906033952,429,284,9.235654176875991,20128,13.103094994162637,1870,15,3.693480807799996,143634,0,1577,11293,13781,145504,1,1
16344,STATE BANK OF PEARL CITY,69865,62834,32,0.17668820054110762,1.93,0.8971291866028708,0.47520217562441847,842,245,10.505762453567007,7721,0,779,113,3.5313320559222197,32308,0,973,1610,6771,33087,97,22
16363,CAPRA BANK,718396,649637,532,0.3328172164093902,3.26,0,0,0,0,10.249899950348803,61725,16.407112263186143,3027,701,3.3765677616937344,299350,0,640,43389,66335,302377,0,0
16369,CITIZENS BANK,232851,213102,402,0.7047253411869889,8.69,0.08469720748324738,0.15031071371821467,2440,0,10.143456401313534,23383,0,1621,98,3.5974043344110176,161111,0,3049,44351,18922,162732,35,1
16370,HICKSVILLE BANK,215234,195157,262,0.49255874397520283,6.84,-0.1207433261013112,0.36286088629119934,867,0,9.396312319347098,19895,0,1188,10,3.13218872351122,130061,0,236,25093,15994,131249,1,41
16386,BRANTLEY BANK&TRUST CO,118854,109280,66,0.23113290141831555,2.9,0.0054094259246737445,1.9359886920086828,3164,954,10.541800329652801,11896,0,804,45,4.24316143814885,72686,0,2948,29079,9293,73490,2,1
16389,BANK OF TRAVELERS REST,1529260,1390502,5175,1.3692812662478122,18.71,0.10821419180149225,0.01785177144501262,296,28,9.546132384382638,145825,15.993597360942683,11277,290,3.0051868247579954,853398,13788,11857,357113,114117,864675,276,44
16394,TABLE GROVE STATE BANK,49352,43583,100,0.8189337482597657,7.34,0.09689335674922789,0.06889285135354191,1611,34,12.43746835443038,6141,0,331,0,4.462616081899148,31162,0,1922,607,5377,31493,12,4
16396,LAFAYETTE STATE BANK,240293,222540,628,1.062062142473607,16.8,-0.0412114801446523,1.3770688284719073,41,1252,8.511440732405807,20537,14.158624849215922,2812,75,4.743983430461637,144922,0,5067,43158,15470,147734,3,18
16402,BENNINGTON STATE BANK,1127128,956923,5653,1.9637208393491028,20.57,-0.02167084887622113,0.1382274240370215,3445,408,10.812513366208613,120836,15.985413643579724,16974,195,3.6705035715117003,745388,0,5509,198703,112089,762362,3,44
16410,ANDOVER STATE BANK,208780,187361,654,1.2349729613622469,15.11,0,0,675,0,8.766572003482082,18429,11.468983565836457,2358,0,3.788704578429991,181787,0,497,85775,17709,184145,0,0
16413,BANK OF STRONGHURST,87250,76811,68,0.31706990109051064,3.35,0,0.28767908309455587,508,0,14.020094311092194,12517,0,479,0,2.418881939014855,36833,0,816,5114,8278,37312,0,0
16416,FSNB NATIONAL ASSN,463231,374462,2553,2.2048821774183103,14.41,0.9662116558968944,0.782331061608571,887,566,16.197348288395695,75266,0,2699,313,3.7310411645340524,149136,439,2592,59186,70497,151835,553,179
16417,CITIZENS BANK&TRUST CO,186757,167323,432,0.9536608047064927,10.2,0,2.021878697987224,561,0,10.607567519780755,19198,0,1379,0,3.9134179250157892,138385,0,407,48928,17332,139764,0,0
16418,BANKSOUTH,1362000,1161622,4860,1.4447280061713073,13.93,0.03137195559391956,0.14941262848751835,1822,0,10.656332745090115,142388,14.782478139485383,13226,0,4.206162396209354,1070276,0,2322,320949,142077,1083502,124,39
16436,CENTERA BANK,332113,309899,686,0.850992566220185,14.38,0.0855557783570617,0.004215432699111447,66,0,8.989508762132123,29296,16.832596871030432,1589,54,3.03330867498416,146709,0,1787,20042,20134,148298,34,2
16440,FARMERS&MERCHANTS BANK,168881,146963,812,1.9176044114347792,16.01,-0.06365203553905317,0.08585927368975788,315,0,14.922396286626052,24690,0,968,15,4.215696051057041,56948,0,1817,20129,21054,57916,0,9
16448,SECURITY STATE BANK,104192,95076,710,2.7494868915308057,36.71,0,0,537,0,9.513115168484706,9785,0,732,0,5.484147386461012,60431,0,2162,0,8119,61163,0,0
16450,BUSEY BANK,11976513,10024728,20812,0.6940850609379636,5.21,0.0862362559358217,0.0569447885206654,6066,168,12.077575395980746,1420244,17.213423069399834,82703,401,3.1683739020835615,7755261,0,4683,2479613,1608789,7837964,2042,367
16453,WHITESVILLE STATE BANK,134164,125080,329,0.9899872866374284,17.68,-0.063249288445505,0.2802540174711547,649,0,10.160714420514678,13460,0,770,100,3.4838317283324884,68554,0,12135,7420,8340,69324,36,47
16464,MERCHANTS&PLANTERS BANK,332714,297760,581,0.7102667779132704,7.86,0.12364088048334426,1.758567418263133,1649,910,10.565083388886066,35342,0,1687,125,4.009847036661758,167791,1597,13355,26054,29916,169478,73,19
16470,JEFFERSON BANK,2839195,2585075,6536,0.9157003344036468,12.96,-0.0010577382277701768,0.3783819005034878,20471,31,9.114398809371362,256232,12.69270266934618,15461,-467,3.1344145198161937,1876736,0,9516,682555,206025,1892197,41,46
16473,FIRST BANK,158386,118239,356,0.9190921383414388,8.17,0.162720350474601,0.47352670059222407,327,0,12.576370141696483,19473,0,2022,49,3.8656808853836813,97958,0,1406,11824,17469,99980,61,22
16477,STATE BANK OF LAKOTA,67027,60759,203,1.1596686660954014,13.76,0.020825469549258742,0.17008071374222328,116,53,9.520711342441986,6146,14.927827516901152,361,3,3.2795976946886407,36943,0,1155,2270,5954,37304,5,3
16501,FIRST BANKERS TRUST CO NA,1193185,1010928,1835,0.618960340579976,9.88,0.014602653079850321,0.9058947271378706,791,52,9.550759904264817,114567,16.38859224658388,8508,76,2.528630705020269,621956,0,2483,240238,76582,630464,37,14
16516,NEBRASKA STATE BANK,19526,16528,36,0.7663854812528275,5.04,0,0,624,0,15.271799776821299,2874,0,142,0,4.218081435472739,7609,0,47,0,2874,7751,0,0
16539,METAIRIE BANK&TRUST CO,625504,551328,1474,0.952901979259513,9.61,0.040273245213721796,0.2995984038471377,925,2,11.399767104276668,71464,0,4594,90,3.931461005517825,458878,431,2058,213985,62618,463472,61,15
16546,JD BANK,1187540,1070466,3223,1.0809777431948375,12,0.014802580857384671,0.6524411809286425,1410,34,11.502260194251207,140229,17.292811678076333,9114,35,4.069395108077309,723809,0,18874,308359,109651,732923,94,67
16547,BANK PLUS,152545,116050,254,0.6430725703597978,6.25,0.4624169094615811,0.6548887213609099,8287,298,9.53007852868963,14478,0,1085,60,4.019603465980706,121614,0,1636,8906,16325,122699,149,1
16553,ELKHORN VALLEY BANK&TRUST,1376357,1129615,3536,1.0337537708734175,10.93,0.20932164319498753,0.43302718698709713,9781,5539,9.843770183836693,133357,13.51780318788666,12507,438,3.0492497681122868,982151,996,11010,194209,132275,994658,541,20
16561,STATE BANK OF EASTON,29072,23917,77,1.0667220808007343,8.83,0.023482446870963954,1.1763896532746285,54,0,12.535327772799338,3637,0,260,0,3.4370851157987903,16060,0,1169,1735,3552,16320,4,3
16571,BMO BANK NATIONAL ASSN,257049115,202571778,427760,0.6572044232526387,4.88,0.380036421703652,0.7976736274699876,549196,37094,10.18208592802682,25584303,15.236668480119636,2375249,346931,3.088329408774835,142480581,766292,8248191,19942667,35481187,144855830,182323,43077
16581,CITIZENS STATE BANK,78913,64938,227,1.1548783434872747,6.88,0,0.03674933154233143,502,0,16.874434950912356,13252,0,630,0,4.907679957184908,56338,0,253,19334,13252,56968,0,0
16583,STATE BANK OF BURRTON,10862,9907,-201,-7.269439421338156,-83.01,16.585365853658537,2.6330325906831153,116,0,8.337707786526684,953,0,123,238,4.936077792586011,5399,0,247,89,932,5522,238,0
16584,CARVER STATE BANK,107504,89482,331,1.236204739407294,8.08,0.9177890461877338,1.0920523887483258,178,4,15.7401758815193,16771,0,1086,0,4.736887697646333,43167,0,2611,16225,16663,44253,113,13
16585,VERMONT STATE BANK,28294,20964,193,2.8175182481751824,11.83,0.29374457573936846,3.4388916378030676,506,0,24.5607406007935,6500,50.13148996919378,721,0,3.1811976971927116,14161,0,759,1566,6641,14882,12,1
16595,CCB COMMUNITY BANK,671800,607049,3368,2.015932028135061,23.6,0.09066419546558672,0.002232807383149747,612,0,9.913646058599648,66838,0,6348,182,4.36923857979376,496769,682,5487,145168,58012,503117,135,22
16600,FIRST STATE BANK,181858,156708,462,1.002343139807342,7.66,0.5463734462505122,0.043440486533449174,190,68,12.85248913691969,24343,59.01553789586052,1187,9,3.51369558758204,9651,326,341,425,24343,10838,18,3
16601,BANK NORTHWEST,209727,190916,1503,2.8734615844186884,30.05,0,0.09202439361646331,539,0,9.124208803638902,18956,0,1675,45,5.401225146020311,164217,0,14,34016,18445,165892,0,0
16603,PEOPLES BANK,136803,122107,174,0.5229779688016591,5.02,-0.1412079000095411,0.5175325102519681,65,0,10.59790899281914,14242,0,1626,93,4.0356024718474925,103621,0,1026,38656,13923,105247,270,307
16604,BANK INDEPENDENT,2787828,2392308,6453,0.9214291719149731,10.73,0.14585629756410812,0.22139098968802953,18720,1572,8.609799368435663,238187,12.052957335334495,24413,1350,4.749433155336941,1840705,1394,13515,632224,243981,1865118,991,315
16609,ROCHELLE STATE BANK,75402,68867,10,0.05221795775567217,0.66,-0.007447056085641146,1.1233123789819899,330,0,8.255640075417723,6349,11.513944889662211,502,23,3.1546901497660547,54415,0,812,6159,6233,54917,0,1
16612,FNB PICAYUNE BANK,282739,244907,2100,2.98297043485672,23.67,0.1071600589380324,1.5682307711352164,1489,783,14.944465804518195,41590,0,2068,0,4.982751442336288,171607,0,6457,33271,35959,173675,49,2
16620,UNION BANK INC,453431,419060,1791,1.6608245701886162,23.33,0.10772895395185712,0.1296779443840408,1248,32,9.34484632570497,38690,0,1357,33,3.151588158529389,166135,0,3750,31149,31284,167492,51,6
16629,ESB FINANCIAL,350536,304555,1077,1.2360006713652671,16.02,0.023141246156105508,0.7785220348266655,5666,0,9.407873729724663,32115,14.498698298160875,2440,2,3.2788269059161177,220254,0,2664,56490,27555,222694,28,15
16635,LUMINATE BANK,341346,251351,523,0.6178500177941987,5.45,0.8359935296391199,3.085725334411418,544,0,10.723139194705414,37460,16.8294843482926,3059,462,3.4679434285140185,289071,0,12,19283,38735,292130,584,0
16636,TORRINGTON SAVINGS BANK,995318,776798,-777,-0.3150513022728701,-1.73,-0.005883489524380043,0.14477784989319997,3453,5,18.84437776043636,187390,0,6082,151,2.690035047081651,748670,0,706,175067,179791,754752,0,11
16643,FIRST STATE BANK,56451,50945,294,2.0450217805253414,23.65,0.6578020015975191,0.8024658553435723,245,0,10.174348351458656,5894,0,472,0,5.6679209783631235,20791,0,1460,6416,5229,21263,36,1
16652,SOUTHWEST BANK,721373,641516,1962,1.11165567003884,10.65,0.005681489605410401,0.7778222916577139,18610,1985,11.455027965620097,84257,0,12346,2900,5.922537578639004,472839,0,1858,162487,74194,485185,11,4
16656,SECURITY STB OF AITKIN,110681,102506,304,1.1001438510463126,19.91,0,0.5249320118177465,233,0,12.73440515624018,14186,0,1100,0,4.073467903255137,49352,0,1378,20344,6629,50452,0,0
16659,NORTHEAST BANK,805268,741908,2791,1.409321035227345,19.61,0.005634829586024919,0.025084816483456437,207,0,9.615153411112338,78376,13.205120701573447,4904,0,3.7565715714321803,575470,2,75,332982,57938,580374,19,11
16664,PADUCAH BANK&TRUST CO,1026374,831117,4062,1.653678182093906,15.78,0.023551303845366522,0.03984902189650166,556,17,10.765868971580167,110705,15.355081971389628,11779,219,3.882905724825578,723690,0,4262,265769,104421,735469,57,14
16666,ITASCA BANK&TRUST CO,761462,690027,1542,0.8044683993778673,9.44,0.07947687719604078,0.04543890568406565,2090,346,9.946140314368916,76951,0,7245,0,3.531285700831637,526761,0,240,194998,66532,534006,109,3
16667,WASHINGTON STATE BANK,80801,74652,94,0.46473685511581336,7.51,0.013115184104396866,0.5482605413299341,443,366,9.11370545166365,7705,0,312,15,2.1594027183970392,30099,0,837,3625,5361,30411,1,0
16689,GIBSLAND BANK&TRUST CO,527055,443792,1546,1.1515935902568926,7.96,0.03808489009988883,2.9209475291952454,3349,140,16.356873713242432,84215,0,3459,0,4.444764659262843,353871,194,12243,140636,80980,357330,200,166
16695,FIRST STATE BANK,345437,308059,1988,2.331595583104142,22.24,0,0,1,0,11.809200638194557,40857,0,1096,0,3.7788168012674372,205575,0,2087,39662,36031,206671,0,0
16704,BANKWEST,243347,225916,546,0.899579866545844,14.83,-0.006458383789456688,0.3209408786629792,3,2,8.511322988823473,20630,17.327253319938468,1317,0,3.422828923249445,122004,0,895,44567,15344,123321,0,2
16707,SOUTH CENTRAL STATE BANK,190380,155494,1043,2.1001709031691336,16.21,0,0.45067759218405296,3086,0,13.310829071291257,26104,15.394434229097431,1273,25,4.215895345312957,120992,0,569,12468,26314,122265,0,0
16720,WESTERN BANK,337390,306836,2477,2.803602125055708,37.1,0.05114934599503986,0,571,0,9.809885931558936,32637,16.776134418015264,1899,75,4.616687091866034,147568,0,5410,23228,27746,149467,24,5
16723,CAROLINA BANK&TRUST CO,762777,656273,2608,1.3482600053248,10.7,0.11549326816050488,0.33784448141462053,923,0,13.115462725659008,102554,20.09129484377009,8142,300,3.8830560977999538,579624,0,5652,256088,99139,587766,176,7
16733,NORTH STAR BANK,380069,348286,-694,-0.7337015055946061,-9.62,0,0,3791,0,9.4990789160161,37075,0,4646,1492,3.4093491931206907,253618,0,1503,135828,28620,258264,0,0
16744,PEOPLES STATE BANK,21139,15415,178,3.433973184141989,15.08,-0.1562892467416483,0.7332418752069634,442,30,23.077661054348347,4811,0,178,0,6.65698880132725,17571,0,3,536,4811,17749,0,7
16752,NATIONAL BANK OF ST ANNE,134010,119275,281,0.8337629487317382,8.57,0.18754634834820466,0.7275576449518693,3436,841,8.701753327096599,11534,11.513680252614671,1065,54,4.561820818195148,103661,0,1844,23807,13237,104726,49,0
16753,CITIZENS STATE BANK,1112883,968848,4961,1.7958679832503908,15.53,0.11149740740792104,1.1299480718098849,26333,5385,12.306461124514758,135018,0,6833,127,4.631775338209733,723191,0,13311,229005,130960,730024,276,75
16757,CAMPBELL&FETTER BANK,345210,252444,525,0.6119157479431617,6.45,-0.00549111126364198,0.0014483937313519307,50,0,10.106754579938915,35010,23.33470746789282,1738,106,2.8125800606840694,218227,0,5148,4818,33792,219965,0,3
16778,FRANKLIN STATE BANK,44509,38558,-82,-0.7384975627328914,-5.8,0,0.011233683075333078,197,0,12.849731743005366,5796,0,261,12,3.172799166548278,23491,0,473,1185,5630,23752,0,0
16780,GREAT OAKS BANK,381056,344697,1472,1.5571776155717763,19.41,0.01836192501831411,0.07846615720524017,134,0,9.369292297356873,35703,13.197471920450477,4194,191,4.683486174698376,267918,0,8040,114136,30923,272112,17,5
16788,UNION STATE BANK,71902,64001,303,1.6722892563693939,22.53,0,0.17662930099301827,312,6,9.243285630268575,6601,15.206688736100501,566,21,4.8674885490964614,49690,0,834,4401,5489,50256,2,2
16795,ALL CAPITAL BANK,118675,106298,457,1.6376333152668097,16.56,0.10595617167107232,0.005055824731409311,152,0,10.365948849809449,11288,0,1295,145,4.927855449573479,96819,0,8718,18793,11288,98114,25,1
16810,FARMERS&MERCHANTS BANK,969222,819246,2420,0.9999948347374239,13.74,0,0.00010317553666755398,1901,0,9.487668048895376,98293,20.480774190885924,964,0,2.459989302872768,236001,0,213,18170,70012,236965,0,0
16817,CITIZENS BANK,487972,414865,513,0.4233948342528897,2.98,-0.470406255131825,0.027460592001180395,29,0,14.718921318617785,71283,22.84323136038952,6488,225,3.9440267793447843,279822,0,1311,152929,69558,286310,1,334
16820,BANK OF GLEN BURNIE,357892,317262,198,0.22098553409720295,4.3,0.007755470029955504,0.31713477808947954,1014,0,9.706132461594297,36639,16.595411624110014,2689,-620,3.079912251329969,204704,0,2195,47198,19095,207393,42,38
16825,SUNMARK COMMUNITY BANK,381623,326903,2706,2.803894470571931,22.39,0.016319445732279492,0.041664155462328004,370,0,13.459554777720323,50758,0,6446,0,5.622919508867668,266303,0,1512,87441,49201,272749,17,6
16835,PROSPERITY BANK,38764102,28320731,133018,1.3580326729584928,7.24,0.04902238615694112,0.20996229965549051,118076,91,10.529697750284383,3728485,17.16756184522393,349101,0,3.1342025877764508,21628469,19149,78136,5232410,7275847,21977570,3943,1239
16840,RIVER FALLS STATE BANK,136717,118356,256,0.7369265700170199,8.53,0,0.2355230146945881,22,0,11.099492938379122,15498,0,1328,15,2.9673978706457707,99038,57,1878,13397,12358,100366,0,0
16849,FIRST ARKANSAS BANK&TRUST,1100620,946642,2826,1.0208749234050296,13.3,0.50963158422341,1.2312151332885102,6276,0,10.111182012552836,112978,0,9221,868,3.37304862875527,762014,41851,24990,195363,86728,771235,1100,115
16852,CITIZENS DEP BK ARLINGTON,317884,268376,1033,1.3080357778808365,11.67,0.01070310479231517,0.6744598658630192,9761,2038,14.144438080108355,44696,0,4597,30,3.556325694182388,218008,0,6417,25366,35830,222605,11,5
16854,COMMUNITY 1ST BANK LAS VEGAS,290723,268184,1521,2.0889844184561293,30.4,0,0.0006879400666613925,3453,0,8.591601357835872,25335,22.10167133226218,1326,0,3.807727190277526,90659,0,821,31034,21577,91985,0,0
16858,FIRST AMERICAN BANK&TRUST CO,879178,725625,3529,1.6764746052576884,13.93,-0.0032752334217919293,0.0026160800202006873,54,0,12.853991628731173,105181,18.72156736385968,7175,102,4.243756953926677,605236,0,14579,283327,102864,612411,0,5
16863,CITIZENS INDEPENDENT BANK,328767,274828,397,0.48129817149126664,5.56,0.009377915945739378,0.024637509239065963,1245,0,11.82000270340014,38476,17.594914116217204,2908,20,3.6622467137362955,212801,0,17,108002,28346,215709,69,64
16866,WEST TEXAS STATE BANK,310637,272988,2107,2.6726961948645416,23.85,0.0018549993391564854,1.1714637985816243,2449,0,11.582417651555426,36819,0,2990,20,5.057454677887894,213426,0,439,54365,35971,216416,1,0
16868,CORN GROWERS STATE BANK,35858,33150,-8,-0.08986996938804168,-1.27,0.23923995307216306,0.2063695688549278,170,74,7.768200791456606,2866,17.11111111111111,214,0,3.8059107874931164,20794,0,2414,0,2553,21008,15,2
16889,UNITED COMMUNITY BANK,27826806,24241174,74577,1.075306957117923,9.1,0.20943844820214877,0.34401361047329687,38804,0,9.368317164776755,2516229,13.741086119012497,211974,15419,3.413505192922771,18250735,0,110598,6720873,3275458,18462709,12379,2772
16891,PILGRIM BANK,719996,589159,1198,0.6783130219255625,7.63,0.007304016498961713,0,1071,0,10.23547244672008,73265,14.410810770414988,3836,31,2.596043320590479,494793,0,2561,151438,63736,498629,9,0
16895,FIRST STATE BANK OF BEDIAS,208790,171888,1157,2.2581337705173996,13.09,-0.006630200563567048,0.29215958618707794,2373,75,18.571154781736965,37791,0,1832,0,4.551476402176247,116894,0,8008,16805,35833,118726,0,2
16897,F&M BANK,394166,337135,1268,1.2832855348267047,10.85,-0.003252640737698919,0.2963218542441509,1430,0,14.50563921111357,57722,0,4557,130,4.766792679568385,243415,0,5773,47585,47368,247972,0,2
16900,PRINCEVILLE STATE BANK,112251,96771,-295,-1.0624217814472345,-11.59,0,0.37683405938477166,2094,0,8.560704770424534,8804,13.534925239901806,1190,1190,4.463222395177032,55411,0,4086,12305,14831,56601,0,0
16906,STATE BANK OF TAUNTON,49945,40537,89,0.7193881159508149,7.72,2.560569525777931,0.3183501852037241,0,0,13.30680992002585,6589,16.567888588083218,204,0,4.641855047911482,35323,0,92,5112,4709,35527,229,6
16908,SPIRO STATE BANK,87387,73026,59,0.28025008757815234,1.67,0,0.00228866993946468,195,2,12.720343020485947,10413,0,437,15,5.011165884248152,37854,0,729,8976,14212,38291,0,0
16910,22ND STATE BANK,328059,289189,1146,1.3898447946007075,15.02,0.28930842066377616,1.7292621144367324,7012,3136,9.374990390381157,30487,12.232690133033701,4230,601,6.926724145109475,247037,0,14155,68523,31207,251267,188,2
16916,F&M BANK&TRUST CO,80872,75805,234,1.150746571426815,20.66,-0.01388298380029328,0.45627658522109016,165,0,7.52288886724457,6179,10.481330846151495,660,10,5.446468622031863,56409,0,1747,20224,4695,57069,1,3
16934,CITIZENS STATE BANK,57766,54025,-39,-0.2753337981061977,-4.67,0,0,0,0,9.312375180772674,5409,31.767172976649288,196,0,3.1481727322725632,10120,0,379,3441,3464,10316,0,0
16941,FARMERS STATE BANK,79372,73596,249,1.2542185060192415,19.23,-0.14261096916037794,0.007559340825480019,137,6,13.637097332072774,11828,0,1432,0,3.9383050759511735,41056,0,2670,4212,5423,42488,0,15
16953,BANK OF CLARKS,56445,45685,155,1.0898895168449456,12.92,-0.017924760816472856,2.5369829037115776,925,804,8.434235106898221,4876,11.435614606835465,616,0,5.018743194148654,44235,0,721,5003,4876,44851,10,12
16958,MINNWEST BANK,3091443,2754708,5770,0.7382383643094377,7.74,0.1645268435664639,0.9717145035506072,24278,102,8.99723294348869,278333,12.375872489385655,30939,1000,3.2900508010542944,2228795,0,5455,536719,301182,2259734,1029,86
16959,BANK OF BILLINGS,96110,83355,266,1.1450710288420147,8.99,-0.011416584015355306,0.312142336905629,3493,0,10.067084762799642,9214,0,625,15,5.457992416683297,71057,0,266,5102,11971,71682,0,2
16968,PEOPLES BANK,435757,391186,1682,1.5655158372356826,16.6,-0.011256213530370672,0.03396388354059717,425,0,12.04993063910942,52379,18.552116150755946,2939,75,4.088754674719517,249252,0,2700,111076,41760,252191,1,8
16970,PEOPLES BANK OF KENTUCKY INC,506545,437505,1607,1.2864838143804795,11.46,0.16907289995671326,1.5143768075886643,6041,220,11.70382825304504,57913,15.391127005888983,9501,450,4.548016517392052,388174,0,9109,51318,57159,397675,183,17
16971,SOLUTIONS NORTH BANK,484246,414080,1168,0.971866422451945,9.07,0.055766965579985374,0.1678898741548717,933,813,9.444028222586303,45884,14.401575051369717,4941,127,3.924755702932022,270718,0,3043,60693,52645,275659,39,0
16976,COMMUNITY STB OF ORBISONIA,461938,410448,817,0.7093707265189173,8.26,0.08157450117050911,0.4327420562932688,1566,264,9.592209899918853,44328,0,2987,105,3.765269606215165,348031,0,9294,51926,40165,351018,106,34
16980,BANK OF COLORADO,7277390,6336301,14677,0.8093288145761901,9.32,0.009387618213529967,0.035548458994227324,20601,1823,9.751705600904922,706235,15.989463023648096,61123,1500,2.7233148374627545,4749813,2330,16429,2034294,646118,4810936,224,112
16982,BANK OF PONTIAC,1136841,980666,3464,1.2115748418093002,11.79,0.14466961077638943,0.08945842030679753,5740,6,9.235724790587634,103995,14.203743544804153,9208,293,3.6224611617560187,782535,0,12463,149799,119385,791743,327,37
17001,FIRST SECURITY BANK&TRUST CO,203707,160640,-720,-1.5220096869574868,-12.8,0.10677096178005761,1.4766306508858311,4458,2311,11.564690282250426,21978,14.715747723043776,3842,1997,5.512105521248036,182629,0,3095,37061,21944,186471,49,3
17009,CENTRAL BANK OF KANSAS CITY,348222,289018,4107,4.6620522905865025,32.64,-0.006851309456519877,0,5233,0,13.279404948462709,48132,16.048453748134257,3608,75,5.00307915711932,288682,0,77,105434,50430,292290,0,5
17011,FNB SOUTH,703345,593350,4182,2.4026629226797276,16.5,-0.2905785493424729,0.0969652162167926,3757,2,15.134094872358931,103883,23.575469368914842,12997,0,4.9224677142161655,418538,1013,14373,190614,103586,431535,996,1308
17040,WILSON&MUIR BANK&TRUST CO,854417,777016,4862,2.37006561308752,48.94,0.00461489650133159,0.014980975331717418,2238,0,8.960326495022647,73989,14.104023958850176,4970,-40,4.188600529187276,517601,834,7470,130154,41063,522571,57,51
17062,STATE BANK OF BELLINGHAM,53506,44272,14,0.10736505075874497,1.17,0,0.5681605801218556,938,284,13.17365269461078,7018,20.44050647063756,294,0,1.9479076158338215,26098,0,3383,8214,4701,26392,0,0
17068,LABETTE BANK,514054,433747,1643,1.2944308158045825,10.66,0.18846171247419963,0.9115773829208605,4233,355,12.577793168483225,64289,0,2974,20,3.6092408580081594,313678,0,5939,80876,62905,316652,153,2
17073,PEOPLES BANK,113901,100294,166,0.5898080459055419,5,-0.011338993380862614,0.32835532611653984,219,0,11.736985818726328,13325,0,250,0,2.836521145273478,35487,0,2382,4130,13325,35737,1,2
17077,FIRST US BANK,1126636,965165,2175,0.7811524962311637,8.1,0.128756340591633,0.4434440227367135,1041,0,9.55325732599046,103735,12.232023397532751,10405,528,3.474864019096134,837930,0,354308,214065,108526,848335,422,153
17094,HOMEBANK TEXAS,354534,308232,1540,1.7635371516584692,15.86,0,0.9804419322265284,2362,1841,11.87703799634606,41086,16.85986888583344,4240,60,4.283263254555121,283962,0,875,88301,39277,288202,0,0
17096,LIBERTY STATE BANK,145449,132179,626,1.756207041660822,24.45,0,0,87,0,13.146206086365405,19919,0,870,10,2.9671714878359774,48313,193,803,3113,10445,49183,0,0
17108,COMMUNITY B&T WACO TEXAS,639021,565035,1297,0.8087326918655179,7.35,-0.07268564367680329,0.7085839119528153,555,0,14.624532565770263,97654,25.075878828099075,4856,525,3.1265764723485217,376396,0,5946,73159,71745,381252,0,70
17115,PARTNERS BANK OF NEW ENGLAND,1063675,802777,1438,0.5463409074179171,6.15,0.18864735733829086,0.24011093614120854,381,0,9.762588143251774,105068,14.775744827083484,8264,121,2.915728554375255,870591,0,5658,210172,95052,878855,424,11
17120,FIRST SECURITY BANK,926871,847874,1690,0.7511499205236716,9.41,0.057874997620271484,0.3007969825358653,8891,185,8.963553168404921,81707,15.06372000392227,7224,317,3.767803246099953,527441,927,14977,158503,73782,534665,229,153
17122,LAKE COUNTRY COMMUNITY BANK,33668,30439,4,0.04710454264433126,0.56,0,0.059403587976713794,0,20,11.262130070520161,3737,21.3897642073237,181,53,3.5158465125070886,13990,0,437,5431,2942,14171,0,0
17123,ARTISANS BANK,694474,625577,507,0.29182165495111123,3.41,0.007152983439849867,0.25011735500537097,2519,117,9.979955662036248,71398,13.702914995142274,4897,-37,3.035060097656295,494080,0,419,219618,60757,498977,14,5
17128,INTERCITY STATE BANK,270588,205440,1089,1.578040744316463,7.46,-0.011140380397572326,0.1238044554821352,4596,0,21.449178347818812,58958,26.925597083514734,2182,0,3.646719319562576,212571,36,302,68048,58958,214753,0,6
17138,PEOPLES STATE BANK,14641,12895,65,1.7485456807559097,15.23,0.15338893682293164,0,39,0,12.152341020265549,1739,0,81,0,6.249309112347544,10417,0,303,1996,1739,10498,4,0
17145,HERITAGE BANK,599707,425634,3614,2.4505495343769415,12.06,0,0.37985216113868936,8357,2278,20.683987778431565,124088,0,2254,120,4.206387066677561,223166,0,1440,25604,121685,225420,0,0
17159,BANK OF UTAH,3513215,2774449,10673,1.2500836351396718,10.42,-0.0085891378504794,0.0017078374081859495,2075,0,12.508768927923834,417426,17.39864041571993,33593,800,3.1715603436960014,2716544,0,466,969685,415054,2750137,10,68
17160,COTTONWOOD VALLEY BANK,36951,32716,62,0.6663084363245567,7.57,-0.2047082906857728,0.02435658033612081,0,9,14.373992477162817,5350,0,266,0,2.25169925442405,3372,0,1,232,3344,3638,0,2
17162,DAIRY STATE BANK,743867,640377,1786,0.9588927097846249,10.42,0.01032727418769534,0.25811065687817847,178,0,10.746219912717581,81604,0,7720,0,2.5254798855615506,337700,164,1890,114975,70531,345420,9,0
17169,STATE BANK&TRUST CO,149674,132058,321,0.8734218545929474,10.98,0,0.4449670617475313,479,3,10.471317285234038,15512,16.941952319783145,1474,0,3.870067987680865,91017,0,4389,41447,11243,92491,1,1
17174,PEOPLES STB FAIRMOUNT N D,36696,34326,59,0.6554008081425219,10.9,0,0.1498800959232614,0,55,8.010398895117394,2958,13.98782143952337,235,0,3.9470389843738496,19475,0,472,482,2277,19710,0,0
17180,MEREDITH VILLAGE SB,1590319,1298331,1209,0.30315225690461234,3.34,0.018747763050999598,0.36929697752463503,9150,20,9.651962430270975,156087,15.987330299654461,13857,23,2.7676512949294896,1383427,0,157116,219938,145819,1397284,79,13
17190,BANK OF CAMILLA,172494,132547,501,1.1041018153769868,5.24,0.017886127966302533,0.29450299720569995,230,0,20.427333813168858,38882,0,1330,6,3.837617410140922,110479,360,551,17102,38063,111809,5,0
17193,WARRINGTON BANK,165982,137861,148,0.35594249604675354,2.12,0,0,0,0,16.9242672437242,27999,0,535,0,2.610414545179403,54940,0,98,25003,27999,55475,0,0
17205,POTTER STATE BANK OF POTTER,50361,43244,183,1.4987714987714986,10.75,-0.040773680589179684,0.5976847163479676,741,0,16.650912089459183,8279,0,309,0,3.742452058127447,18848,0,172,1414,6984,19157,0,2
17211,CITIZENS BANK,1499811,1370746,4965,1.3299127922744522,16.07,0.17957703719967763,0.20742613569309734,1642,0,8.712113743921169,128145,11.035329974972628,16781,300,3.3887016368296767,1189559,0,9619,466605,123493,1206340,603,54
17214,CITIZENS STATE BANK,440961,399170,1329,1.2400742738240755,14.54,0,0,62,0,11.031364484453947,48600,0,2769,113,2.9574575716636544,259569,0,5594,22580,37896,262338,1,1
17224,FIRST SECURITY T&SB,313392,279219,-67,-0.08378416823110674,-0.81,-0.023837831234114322,0.08136774391177823,0,0,12.73323536236368,41157,22.52005396529906,1786,0,3.4291681728722336,154897,0,8071,74063,32531,156683,0,10
17229,HENDERSON STATE BANK,502102,419045,1832,1.4962155628469749,15.33,-0.0020372355731889612,0.010157298716197107,636,51,10.302185587817451,49819,0,3358,74,3.7883930501234375,403675,0,2278,55079,48479,407033,1,3
17230,ALBANY B&T CO NA,705645,580838,862,0.4865153549353864,2.9,0,2.0459296104981965,700,0,16.76240423293608,118388,0,5388,150,2.779650770768909,571308,0,16,176260,119311,576696,0,0
17232,SIDNEY STATE BANK,144261,130588,487,1.4164800325761322,17.13,-0.07352782163015506,0.10259183008574738,515,0,8.69246340247015,11852,16.884880608625714,1333,24,4.308727340683984,92192,0,2088,14834,11691,93525,0,17
17241,NORTH CENTRAL BANK,153862,134812,449,1.1859403992313837,10.49,-0.00469400927066831,0.03639625118612783,374,53,12.56505126879352,18712,0,1296,0,3.2974065463643565,83967,0,2128,21069,17197,85263,0,1
17259,ST ANSGAR STATE BANK,193146,140036,424,0.8764699346523448,9.62,0,0.39814440889275476,301,769,9.172491380118544,17611,0,996,0,2.5395029254877857,125219,0,792,2584,17612,126215,0,0
17262,ESSEX SAVINGS BANK,512103,433101,721,0.5698810738819986,4.24,0,0.06404961501885363,357,0,12.036031187940877,59941,0,3185,60,3.435440592465386,354973,0,85,80425,68547,358158,0,0
17266,UMPQUA BANK,51508816,42291904,93041,0.7221219765505554,6.73,0.3109608750429055,0.3506739506495354,158026,55377,9.022183792080057,4554090,12.55546835025865,421495,27403,3.694725454301704,37259353,0,41272,10891707,5588117,37680848,34113,4792
17280,BANK OF TIOGA,434213,430278,615,0.5677575998162866,1326.15,0.011362990739162549,0.37216757674229006,657,568,7.405235887646578,32586,15.05161206389937,936,-159,2.3235931490679542,102851,0,2586,10703,-20,103787,9,6
17281,CITY NATIONAL BANK,93149075,76488039,159631,0.6890215040870119,5.57,0.1856541775226962,0.3266795725024645,224693,7860,11.117761330401947,10200140,18.030842230130485,713058,68215,3.2119406140387134,63111204,73799,103691,9826811,11539448,63824262,31189,1770
17282,BANKIOWA,853215,697473,2297,1.0982627176384243,10.01,0.006054757715085807,0.3272328779967535,2335,0,11.397710959116045,95034,0,7364,200,3.4380611946048147,668955,0,4773,169347,93223,676319,18,8
17308,CENTRAL PACIFIC BANK,7392938,6617174,19447,1.0474588203040145,12.42,0.19625605420234027,0.16017989059288743,22877,757,9.8070373973059,740524,15.150956551044423,60469,4172,3.4536733942292863,5276866,0,162047,1253332,637245,5337335,3557,938
17317,GOPPERT STATE SERVICE BANK,309952,277402,930,1.2144519785446817,13.54,0.38539532872862775,2.6023384265950855,8259,718,9.14841321477626,27841,0,4159,285,4.503058315573884,239257,0,6360,12742,27841,243416,240,6
17320,PEOPLES BANK&TRUST,592161,477517,2914,1.9681044162466546,19.25,-0.03556424903865389,0.9666290079893813,4813,0,9.941004039393318,59212,16.98159265637658,3965,121,4.897440149371192,393907,0,279,66287,61109,397872,3,39
17323,FIRST STATE COMMUNITY BANK,4214085,3550393,18149,1.721991661875186,15,0.012617978899298013,0.31053004388853095,13682,363,11.20915640508618,455006,14.471927160562824,29796,1485,3.5929026821283467,3122724,0,21804,942212,485123,3152520,303,204
17327,BANK OF DICKSON,284078,257478,323,0.46108193661550867,5.19,0,0.7508501186293906,225,0,11.425680383458621,32633,0,1955,0,2.943817796310167,169423,0,2515,12380,25378,171378,0,0
17348,SOUTH STORY BANK&TRUST,603926,444494,778,0.5288420279868231,4.81,0.011183816272266278,0.5883171116991154,6779,0,9.971485963114048,57981,0,7171,200,3.5246414634708496,550356,0,1076,181283,65168,557527,15,0
17350,FIRST STB OF SAN DIEGO,78021,71558,159,0.8407027005591465,10.39,0,0.44603376014150037,629,30,8.34068674467677,6522,24.56077188940092,292,10,3.6492623179624046,19349,0,1533,2758,6265,19641,0,0
17369,CARSON BANK,199861,184548,529,1.0882702366319168,14.97,0,0,828,0,7.6784576882375655,15310,12.469410620043046,1607,0,3.9216872272978467,123658,0,297,41835,14529,125265,0,0
17374,MID-AMERICA BANK,480348,357469,1913,1.6155832420186766,15.86,0,0.06370381473431762,3302,306,10.377523246452865,48726,14.336262247125756,4294,0,3.753202908389391,362151,0,1388,28922,49259,366445,0,0
17375,STATE EXCHANGE BANK,46101,42574,103,0.8539833556156661,12.78,0.8225428139960802,0.16485542612958504,793,0,12.079977174461733,5504,0,222,0,2.9272939851903175,14651,0,440,863,3255,14873,34,2
17388,M C BANK&TRUST CO,443392,354186,1087,0.9945162083497734,5.68,-0.021104281531115626,0.5351923354503465,3298,0,18.333896931830303,80783,0,5010,-58,4.268854274138755,315192,0,3812,130651,77279,320202,45,62
17393,GERMAN AMERICAN BANK,8410798,7192623,15135,0.7264160027501577,6.39,0.03426762859284584,0.2213820852670579,20093,714,11.163711857292197,835097,13.469044877613687,75158,15300,3.6174190328754103,5578081,16068,22810,1951867,1033169,5653239,625,139
17399,IMPACT BANK,162063,142303,468,1.1294492426596356,20.7,0.2192921324301471,1.1390632038158,35,6,9.887166930552041,16798,15.002783524856461,1228,0,3.311988242704178,106301,0,1399,23802,9452,107529,67,8
17403,HAVILAND STATE BANK,49173,36845,195,1.5533825901658933,11.97,-0.023133756488295767,0,0,0,13.944798133575864,7053,0,386,8,4.056076736586908,32582,0,150,264,6608,32968,0,2
17410,BENDENA STATE BANK,105084,95282,480,1.7697157394093574,22.58,-0.011373410388188714,0,597,0,9.447851652470803,10460,15.40509021060575,768,30,3.7227519280267964,66644,0,922,2654,8749,67412,0,2
17411,MOUNTAIN VALLEY BANK,554884,436583,1077,0.7646228801150129,8.1,0.0050405893457063,0.1989605034565783,140,126,9.555881038238718,54086,0,4744,410,3.3561851765335624,389287,920,5119,113701,54005,394031,13,8
17431,STONE BANK,852081,656687,2185,1.0333015106418824,13.52,0.060315514109794036,1.074780449276536,1838,104,8.629622539050695,71671,12.088922217249847,9594,281,2.669194712171486,657496,0,3930,211291,65595,667090,565,466
17437,DACOTAH BANK,4598234,4137957,12936,1.1449962343511484,12.52,0.07323775787519922,0.8398006713011996,9829,13343,9.676313812674103,442992,12.338270350421276,39291,0,3.5644768553839494,3583729,10401,72087,842719,421470,3623020,757,94
17438,FIRST NB OF AMERICA,6380445,3734545,51825,3.266840083922963,40.15,0.01298622631284554,1.5486067194372808,34159,0,8.287857359353108,525828,17.051818172807735,64521,220,4.861850357359968,5789232,0,1390,78920,525398,5853753,208,18
17441,DYSART STATE BANK,17866,13741,54,1.2226184411614875,13.17,0,0,605,0,9.398069278818854,1655,15.05614154474311,115,0,4.807692307692308,11358,0,5,535,1655,11473,0,0
17443,PISCATAQUA SAVINGS BANK,363289,297631,-489,-0.5393682277369284,-4.99,0,0.25626980172810077,1910,0,13.973656012037756,49033,0,1574,67,1.2225376070058496,196931,0,871,504,39494,198505,0,0
17445,COMMUNITY BANK,529173,496344,1260,0.933342839602996,18.46,0.00886397128073305,0.1999346149557895,491,0,9.547290034228169,54001,26.581331045003814,1721,0,3.0384526469908297,133293,0,352,56508,29526,135014,7,4
17446,MAVERICK BANK,333613,296101,939,1.210823914739428,10.73,0.007013524412909561,0.17685162148957026,455,0,9.348077621279007,27550,0,1872,386,4.913653092282652,188052,0,890,43986,35640,189924,4,1
17450,DEFIANCE STATE BANK,41388,33368,126,1.218347736749864,12.72,0,0.09664637092877162,0,33,9.656760451896092,4026,0,177,0,4.1004560344273875,30401,0,509,4090,4026,30578,0,0
17451,HALSTEAD BANK,194703,177550,765,1.6293929712460065,18.94,0.00588395372270397,0.6784692583062407,555,1308,8.94168745857336,16593,12.197178010155953,1628,85,4.510420942217357,135759,0,3168,12886,16565,137387,4,2
17453,APPLE RIVER STATE BANK,611375,489389,1857,1.2095690788027416,18.55,0.0021840141087311423,0.05724800654262932,902,2,9.243690671574688,57054,14.824017272696116,3503,100,2.8336290078317687,365116,0,4263,70086,41890,368619,2,0
17470,FIRST BANK CHICAGO,1970410,1630180,235,0.04780913373155629,0.5,-0.11931278816834737,0.6320511974665172,692,0,9.597023283065294,188696,0,11394,213,1.8278741172350863,1319917,0,1562,210601,187447,1331311,0,400
17477,UNITED BANK&TRUST,868974,704117,2647,1.203908267374973,11.33,-0.0006169635675301329,0.11392745927956419,380,0,10.884408641872868,95757,0,8082,150,3.628143845437194,624188,0,4753,96187,94839,632270,1,2
17478,FIRSTIER BANK,970869,817209,3133,1.3307677931257116,10.06,0.05487437133901231,3.5499125010686305,7548,235,13.452474929410837,126446,15.768805157356303,12217,500,3.9634757902083684,760077,0,6226,267359,126196,772294,124,18
17491,PLAINSCAPITAL BANK,12875225,10933941,22797,0.6959750936350884,6.2,0.20214371102518963,0.8800156890462109,36835,24145,10.216516062703029,1306947,16.308365711683905,106181,9407,2.8960142002009466,8295741,0,14416,2931277,1471438,8401922,4417,160
17509,FIRST STB OF THE FL KEYS,1192922,1063300,2042,0.69847217762469,7.61,0.007306256347310201,0.2073899215539658,3210,1268,11.045398683508575,130230,18.189090161791505,9348,0,3.0251134748673203,807723,0,44496,452353,110013,817071,43,28
17513,FISHER NATIONAL BANK,335424,279541,1255,1.4934853395968481,17.24,0.08715252880985298,0.3187011066590345,2048,531,9.445230564341601,31773,0,2276,0,3.8275829510417108,250187,0,3080,53418,29833,252463,56,1
17514,BANTERRA BANK,3171387,2892368,3843,0.48896846802285543,8.18,0.141616534713876,0.25585020055893526,6977,120,9.16461609880945,291585,11.117421500485062,23064,1560,2.8899982552465007,2439206,0,763500,565074,188462,2462270,970,106
17534,KEYBANK NATIONAL ASSN,185776316,155773280,486236,1.0506460097843726,11.22,0.420087331273444,0.47214576049618723,287873,173757,9.745830169757209,17966661,15.206685923127322,1442437,118211,2.80061631782807,104420382,911240,4857552,8292558,17892281,105862819,126968,16077
17543,BANK OF DADE,154233,145342,1123,2.9263271727588385,55.62,-0.19245639659764585,0.5939066217994852,2298,0,9.163689418454576,14697,17.40899145712621,1151,120,4.93963565807912,85977,0,5047,10363,7980,87128,10,52
17551,COMMUNITY STATE BANK,41922,34760,33,0.3163836391309037,1.89,0,2.27565478746243,0,0,19.629435829131385,8253,37.7547862227528,544,0,2.6276960186812763,14188,0,664,633,7085,14732,0,0
17563,PALMETTO STATE BANK,634111,526750,981,0.6340168457177203,5.16,0.16828212782351176,0.07885054824786197,3042,46,13.787151147421293,87619,0,3893,0,3.0010561225748966,202135,875,7769,55579,77670,206028,205,116
17569,BANK OF DENTON,22484,18517,19,0.334102648642708,1.95,0.06662502602540078,2.7619640633339264,266,373,17.235894490345956,3901,0,133,0,2.627961698856091,11598,0,827,161,3901,11731,3,1
17572,FIRST NB IN TAYLORVILLE,197259,171551,713,1.4615971998011572,15.58,-0.012172669314222243,0.04106276519702523,353,0,13.624032322136207,28123,0,788,-161,2.599061153279952,64622,0,5292,8148,19132,65410,0,2
17580,FNBT BANK,600632,530258,3266,2.1766694491513423,19.77,-0.03494989249109157,0.004162282395876344,1042,6,11.42273481003156,67715,26.361745436748496,4139,-233,3.64276474039811,258901,1457,492,60149,67715,263040,0,23
17587,SIMMESPORT STATE BANK,222202,190126,599,1.0709935521360645,10.36,0.2626416650613328,1.7790118900819976,4510,0,10.353686276258864,23214,0,2037,130,4.049751077150534,181266,0,17672,19177,23434,183303,149,28
17588,FIRST STATE BANK,835489,760864,5180,2.50595193821232,32.05,0.03948034002442846,0.02058674620491712,7654,0,10.462049048083834,88644,0,7780,371,5.130113387691044,570280,0,2427,125549,67505,578060,156,100
17589,CULBERTSON BANK,11772,9552,2,0.06659729448491156,0.37,0,0,209,0,18.187913837901267,2170,0,113,0,4.978354978354979,5565,0,26,0,2179,5678,0,0
17603,NATIONAL BANK OF ANDREWS,288896,252751,2288,3.1460280193120473,30.19,0,0.7601351351351352,6755,504,11.39084476733176,33083,14.800088449190854,3454,0,5.99647401209238,207273,0,4164,67668,31719,210727,0,0
17607,CITY STATE BANK,54033,49686,150,1.1240059572315733,15.06,0,0.1480576684618659,0,0,9.163811464024446,4948,0,345,3,3.7867164074330355,33931,0,33,1003,4063,34276,0,0
17612,CENTRAL BANK,1216776,1091815,5750,1.896686653345879,21.01,0.003762925256283955,0.19329769817945128,2610,0,10.1031919654995,120768,14.16784183243544,9484,0,4.883935958791683,944164,0,27634,276102,112044,953648,31,22
17614,FARMERS BANK&TRUST,992071,709329,4954,2.0035974969186703,9.53,-0.003356236148970737,0.2515948959298276,466,833,22.99848290680742,226484,24.66235018714658,5420,118,3.617931607699248,477285,0,361,99442,210968,482705,0,4
17621,BASILE STATE BANK,81456,72600,217,1.108401118616797,10.84,-0.025735471522092296,1.9053231192300137,1850,259,10.769823434991975,8387,0,721,43,5.784829372267446,61673,0,3973,6116,8384,62394,12,16
17622,ALDEN STATE BANK,319231,281161,974,1.2439872088994897,11.13,0.008827391395500237,0.29414436567877184,1198,585,11.73012408162214,36434,0,4977,0,3.71993759581811,176896,361,2059,30528,35896,181873,48,44
17629,FARMERS STB OF BLUE MOUND,57608,48872,194,1.3462405884598037,9.21,0,0.08852937092070547,478,37,15.875119909304964,9102,0,389,0,4.7968435680897175,34976,0,2051,2819,8571,35365,0,0
17632,FARMERS STATE BANK,18251,16187,37,0.853124279455845,7.4,0,1.5286833598159004,375,7,11.801859757880578,2018,0,125,0,3.796951123683797,6336,0,69,0,2018,6461,0,0
17636,ASTRA BANK,414651,386255,664,0.6352114242391992,24.04,0.03746003148426456,0.023634333451505,674,78,8.115962696420361,33009,11.85009122407646,2341,30,3.513113877324161,220583,0,692,24540,12391,222924,34,13
17639,RVR BANK,531573,475320,2004,1.52080866952008,15.3,0.007028888732691362,0.38640036269712724,3935,1827,9.44873187000698,48729,0,6920,0,4.091081884822828,391815,529,2955,92378,53372,398735,10,3
17643,FIRST NATIONAL BANK,467064,444454,1434,1.2194396020238956,34.68,0.016920871424878383,1.2034753267218197,4976,791,9.858253296517411,48663,0,3564,168,3.643957274147732,210048,320,31449,107871,18162,213612,16,7
17650,STOCKGROWERS STB ASHLAND KS,192838,161264,566,1.2059969583733956,12.53,-0.0071156334915079365,0,0,0,12.023920207293791,21856,0,1177,25,3.2536320888621564,111525,0,272,1882,18596,112702,0,2
17658,NORWAY SAVINGS BANK,2028519,1589312,1692,0.33690028836633723,3,0.028300679459082455,0.5248656778664632,8257,43,13.191239023965098,272438,0,10065,627,3.171952945617794,1440031,0,78598,440573,229958,1450096,119,17
17661,FIRST STATE BANK OF HEALY,116890,93279,372,1.2645963999796033,10.55,0,0.3413465651467191,351,46,15.027126011877257,17561,0,1136,0,2.765600795882489,74735,0,92,11581,14171,75871,0,0
17671,BANK OF PRAIRIE VILLAGE,155758,139246,582,1.5210367616552383,14.65,0,0.03466916627075335,0,0,11.021157311619836,16513,0,977,10,4.193801476978071,117645,0,912,24010,16136,118622,0,0
17672,CITIZENS STATE BANK,438355,379988,1362,1.2486620659306404,11.07,-0.0016763581120016764,0.08737210708215944,1586,0,13.851782681332534,59780,0,3406,0,4.100324293791009,230294,0,844,27453,49954,233700,2,3
17676,LEGACY BANK,804180,680964,2453,1.2596282222450448,13.86,0.0019748697820237476,0.1814270436966848,1609,105,10.01247291236204,79471,12.399585604864049,7504,215,4.069040318882116,605509,0,1458,186977,72180,613013,10,7
17685,OUTDOOR BANK,690598,616830,-2482,-1.5225581061879994,-16.83,3.1505104917905045,1.5448929768114013,5197,1195,9.007005557939141,55002,0,10388,4400,3.997271150637417,477567,0,395,114521,59825,487955,3917,76
17734,DLP BANK,248866,200725,930,1.4994558426377524,8.12,-0.010515984296130118,1.3091382511070215,1897,0,15.444482434396104,36137,0,1779,16,5.671783740492231,112361,0,1724,54416,46575,114140,31,34
17735,CITY NB OF WEST VIRGINIA,6602418,5354216,30659,1.8808341366580075,19.49,0.023555804823331465,0.24548582049788428,7352,27,9.192948203944688,594790,14.90927137278366,21669,-23,3.8076397383330267,4263490,0,14405,1278750,652672,4285159,758,506
17736,HOMETOWN SAVINGS BANK,470197,417668,-256,-0.21753354350246001,-4.27,0.038095028781893144,0.38069149739364566,1970,278,7.8740670066705585,38706,13.983153627618746,2979,43,2.3293027397832105,269811,0,835,65358,24331,272790,31,5
17739,PLAINS STATE BANK,927586,783847,3538,1.568974396071799,10.38,0.03363991528857695,0.35845732902393956,10296,0,14.775739266576993,134013,0,8756,125,4.405625652095906,632273,0,1685,343777,136113,641029,144,89
17741,MAINE COMMUNITY BANK,2702374,2270619,3085,0.6376652975465646,6.31,0.007962771554616058,0.36294014077992165,5724,0,9.617756126731546,263766,0,15921,-751,4.899100087894241,2206049,0,3086,886567,244064,2221970,51,19
17743,SACO&BIDDEFORD SVG INST,1421036,1011028,-47,-0.013273845793214663,-0.15,0,0.05327099383829825,6382,0,9.971836681838987,144001,0,4778,0,2.041736727538159,1128756,0,9051,240933,126472,1133534,0,0
17749,BATH SAVINGS INSTITUTION,1415126,1106043,1560,0.4432271482310691,3.22,0.0004819210336242329,0.07370368433623578,750,90,15.407501778858398,223249,0,11978,240,2.6640010396250338,821393,655,5542,247313,197514,833371,3,2
17751,ANDROSCOGGIN SAVINGS BANK,1694530,1333884,1517,0.36158412938848306,4.1,-0.007178730283617276,0.15786088177842825,7685,0,9.652446135602943,157834,12.389413697097854,13238,200,2.7902545862472676,1397577,0,697,511236,150042,1410815,7,32
17759,BALTIC STATE BANK,107992,99936,356,1.3173292629339255,19.21,-0.009056227854692825,0,4,0,7.8648471595574865,8524,11.918958692783924,864,15,4.645235509671789,88797,0,257,6251,7611,89661,0,2
17764,CENTREVILLE BANK,2816856,2138306,6750,0.9592094408945799,7.14,0.10519022279746537,0.6443708872587026,1002,0,13.340138588093565,377156,0,17029,611,2.8910523689335155,2168469,0,35238,830511,382466,2185498,744,169
17767,GUARANTY BANK&TRUST CO,321488,281239,933,1.1870531056769893,9.64,0.21566692254267644,1.931953914298512,12802,1727,13.048722335979354,41868,22.778228997997964,2163,60,4.785950699678535,219336,0,4443,53512,39491,221499,118,0
17769,BANK OF HAYS,364560,324819,1088,1.2080516419870118,14.41,0,0.2965218345402677,29,0,9.518396831718217,34417,0,2847,0,3.2273923309808827,201354,0,1533,52941,30081,204201,0,0
17773,BLUE RIDGE BANK,193452,177678,270,0.5732271093961477,7.14,0,0.021710811984368215,264,0,9.08828002827703,16970,15.755561062733403,1883,75,4.714201532115498,126302,0,566,21096,15341,128185,0,0
17775,FIRST STATE BANK,166809,143335,958,2.357479244400833,17.89,-0.006835036396568813,0.3129327554268655,2984,170,13.85774696366229,22546,0,1125,0,3.994299348268187,58151,0,2961,5501,21751,59276,0,1
17782,PIKES PEAK NATIONAL BANK,103833,87039,191,0.7429630025818936,4.81,0,0,0,0,15.683042416036264,15984,24.623189041416314,1113,0,4.279928805427296,66308,0,161,51336,16074,67421,0,0
17797,ROLLSTONE BANK&TRUST,930258,720692,-523,-0.2270694580724712,-2.98,0,0.07180803605021402,753,123,9.60951362555656,90495,13.82374810535648,6180,59,1.524694335311003,657006,0,316,409492,70654,663186,3,3
17798,BROOKLINE BANK,6231324,4735270,11404,0.7216275980159671,7.66,0.05482405314443029,0.8919452751935222,24104,3008,9.397679644680554,585888,12.130302355806386,80840,5299,3.2883634552959022,5354950,0,57845,2016142,598419,5435790,1810,1056
17809,CITIZENS BANK,798513,692538,530,0.26404810657579425,2.78,-0.002136532434565356,0.031809125211486856,2655,0,13.87783956548363,111504,23.44946721605445,5927,33,3.6545761427439634,366965,0,1717,161986,79179,372892,0,2
17811,FIRST NB IN PORT LAVACA,370897,305290,854,0.9125966929056026,10.91,-0.02580823559232205,0.03343246238173941,8320,124,11.968926358640758,46807,0,1711,-22,2.906421364257924,216552,0,4889,51463,32647,218263,0,14
17813,BANK OF HAZELTON,64303,57117,295,1.8202994238289534,17.24,0,0,251,0,11.331351172778328,7203,0,330,0,3.987068087982605,28190,65,90,147,6941,28520,0,0
17825,BOELUS STATE BANK,22546,19112,63,1.1272898074213245,7.59,0,0,66,0,15.333027101515848,3338,35.39578645939865,208,0,3.0018761726078798,6138,0,150,29,3338,6346,0,0
17830,CITIZENS BANK OF CHARLESTON,180006,144416,950,2.0775926168919217,11.15,0.2160036108066284,0.462206815328378,548,0,19.066113946736245,35001,0,1565,0,4.54195157291339,122126,0,8419,5821,34636,123691,75,8
17832,KAW VALLEY STATE B&T CO,270415,225658,899,1.3405655277824378,13.1,0.013913866211219447,0.12647227409722095,683,284,11.490059241223898,31052,0,2215,0,3.025963561655344,145336,996,1135,22518,28236,147551,8,3
17838,WILMINGTON SVG FUND SOCIETY,20460842,17132859,69682,1.3536230120962742,10.91,0.7438256787712303,0.6292263045675247,51297,11866,11.19039710808555,2269102,15.364466137811494,187515,16289,3.9441274043446097,12975323,22196,273773,5221710,2591904,13162838,27101,2551
17841,VERMILION BANK&TRUST CO,148018,131821,726,1.8608644945901003,20.38,0.11550094927342683,0.8775959680579389,1083,0,10.99133081860896,16609,23.036196367258142,2220,55,4.151898734177215,66113,887,2914,18549,14682,68333,212,192
17842,TEXAS BANK&TRUST CO,4407157,3870948,11418,1.0410551419364213,9.65,0.13137185315132954,0.08452160882854866,13281,1166,11.313638861694503,495305,14.848627787777982,42409,251,3.0735316227567475,3454145,3209,15796,1547838,479540,3496554,1231,83
17863,STERLING STATE BANK,512847,361285,770,0.6136148789654613,13.18,0,0.23574282388314646,52,9,7.08660224759943,37432,13.360923902375188,3349,0,2.7907554122960296,295930,0,3690,188903,24926,299279,0,0
17870,CAMBRIDGE SAVINGS BANK,6843697,5486108,6292,0.3668727920924686,3.99,0.0026569462056666893,0.5883662003154143,30293,0,9.296865211689854,639626,12.920183802206498,64164,3376,2.730870263266893,5633575,0,170,2094023,635803,5697739,60,22
17872,FIRST NATIONAL BANK CORTEZ,142959,123266,386,1.0864517218571006,11.79,0.026249446300742094,0.3903217006274526,1755,0,10.426614259260573,14696,17.007451884415374,1171,20,3.9354566883405266,90798,0,2067,34152,13076,91969,9,3
17878,BANK OF LOUISIANA,99041,86078,470,1.9407453287911633,17.18,0.210071774522962,4.4940984036914005,2642,2250,11.591702693714666,11154,21.438255870708826,1775,15,4.995299168041438,50543,257,597,12069,11213,52318,33,6
17881,FREEDOM BANK,268325,214803,879,1.3245033112582782,9.75,0.040318770277506535,0.38647162955371284,502,0,13.206251335429323,34612,0,1850,66,4.003563121690503,158443,0,1790,52455,36475,160293,18,2
17897,KENNEBEC SAVINGS BANK,1759715,1345096,1927,0.43737229358870544,3.55,0.011701902205434376,0.27481722892627497,8545,20,12.94189727356275,228132,17.594655118168525,9064,176,2.672291019810832,1461583,1293,2036,321495,219109,1470647,44,1
17903,MAQUOKETA STATE BANK,420454,328683,1442,1.3726241441921674,9.95,0.07744246267031292,0.7627469354554838,3014,266,16.353283772905915,69073,0,2611,45,3.2541925160176017,206993,0,3603,13662,59240,209604,51,11
17906,AMERICAN BANK&TRUST CO,255468,215238,1120,1.773028594043732,19.93,-0.011728210451008334,0.042275353468927614,2712,108,11.669859127609532,28878,0,1611,41,4.051477796550071,171643,2140,3149,43264,23369,173254,1,6
17910,MORRIS BANK,1517578,1317106,5324,1.4147106389946893,11.14,0.012413548501507358,0.3061457137623239,3056,0,11.763914339199989,178344,15.321747788361172,14830,660,4.405587782727471,1124795,0,6297,538926,190552,1139625,67,32
17913,FIRST NB OF FORT STOCKTON,135988,120685,429,1.2513901296238903,13.64,1.4147462908645196,4.527605376945024,156,0,13.706772071585888,18795,0,2153,235,4.702657189292917,80198,0,1130,39482,12948,82351,290,0
17922,STRASBURG STATE BANK,100673,90730,287,1.1581920903954803,13.18,0,0,48,0,8.783110731637901,8641,14.218114837398375,270,0,3.0369551223859905,42796,0,140,547,8641,43066,0,0
17927,VINTAGE BANK KANSAS,260678,215100,888,1.3771391794545722,18.81,-0.02688434842115554,0.024934977251628444,762,0,10.922686964912012,28527,0,1853,34,4.190356882371116,164156,0,2007,28782,19356,166009,8,19
17933,BLUE RIDGE BANK&TRUST CO,840850,715273,2345,1.134135046707502,13.1,0.025882366262982636,0.12392222156151513,2200,0,9.217496337547175,76006,11.892277025929888,9597,375,3.64895570442788,604470,0,15472,220338,72779,614067,188,148
17937,FRANKLIN BANK&TRUST CO,766225,648906,2336,1.2292706928000705,9.83,0.18501387604070307,0.27133022284576985,1615,197,12.769063163418332,95876,0,6397,299,3.7257758853381304,633848,0,2755,172828,95942,640245,300,1
17943,LIBERTY BANK,8183976,6709753,-3291,-0.1616511304834319,-1.22,0.7183625262642385,0.4163257565760212,2872,0,13.305729557388196,1083883,15.051032744579572,74318,13428,3.342957824849057,6141755,37131,90368,1339446,1082900,6216073,11857,775
17950,FIRST STATE BANK,395090,354797,2072,2.130991162866039,23.67,0.13375507126210875,0.8560074919638564,5794,743,10.080044748406744,38925,14.985568407161457,3722,183,4.343672689566204,294784,0,9821,120268,37069,298506,118,20
17951,FRANKLIN SAVINGS BANK,856737,714191,1196,0.5699580632863134,7.1,0.0012560033032886877,0.017741734044403358,25,0,9.409207433047055,79648,13.52301583163071,5478,196,2.6930431412907447,650587,0,1360,272980,68926,656065,4,2
17959,DOLORES STATE BANK,425217,352219,1725,1.6369174708913372,12.37,-0.0013925879506327572,0.6429658268601679,4347,89,14.67008221925766,62021,22.10100086095566,3695,50,4.29195550192303,284226,0,8264,51724,57078,287921,12,13
17960,MERRIMACK COUNTY SB,1354203,1112041,993,0.2933391626983658,3.4,0.07024202637814117,0.5631356598678336,4491,0,9.55501727821406,130372,13.752120450201904,12586,629,2.934248163173737,1137484,0,216219,224540,118120,1150070,248,46
17964,STATE BANK OF SOUTHERN UTAH,2559683,2153257,7854,1.2393896786960372,12.75,0.018752914062770236,0.31937548516749925,2074,62,10.900289719739458,278753,0,21210,986,3.504236157910265,1761011,4077,9422,734237,252136,1782221,131,49
17975,COMMERCIAL BANK OF OZARK,112267,106051,306,1.0761054477838294,37.56,0.06141268363831768,0.6573614686417202,133,29,8.845642776647098,10518,20.455676602333682,569,10,2.8920463979884716,50830,0,2163,10278,3568,51399,8,0
17979,CASTROVILLE STATE BANK,276010,251422,766,1.1315250106172794,13.21,0.07554188425495385,0.13550233687185245,1815,0,9.83128026383206,27247,0,2014,45,3.369665276821561,174612,0,2940,24665,23961,176626,52,19
17982,WALTON STATE BANK,13383,10361,-62,-1.646527685566326,-8.86,0,1.1133527609654037,9,2,13.782138024357241,2037,61.997600479904015,30,0,3.500962010035085,3055,0,53,314,2790,3085,0,0
17985,FIRST HAWAIIAN BANK,23747623,20230264,61605,1.0358408631149667,9.4,0.10538329637822264,0.10293661811963244,51266,4288,8.964367602334779,2074202,14.107511227828612,166612,10500,3.0823291196602822,14127971,220140,75477,3349654,2639068,14294583,6498,2717
17993,KEYSTONE SAVINGS BANK,203260,173042,416,0.8764998999188817,8.94,0,0.883597362983371,222,0,12.240860454748105,21965,17.421503898664596,1380,0,3.3997767143346027,109818,31,187,44512,18860,111198,0,0
17995,BANK OF GREELEY,49411,42347,176,1.4505295256933284,12.16,-0.017528867854247464,0.036429135212806864,246,18,12.624128026261797,6153,0,318,0,3.3362676056338025,22513,0,1336,1460,5930,22831,0,1
18012,BANK OF NEW HAMPSHIRE,2654603,2299127,4922,0.7459302133940847,6.81,0.003606349833016512,0.04102308330096817,3239,0,11.329645673529141,297871,14.064376061675729,24835,250,2.7997595313498933,2096206,0,25906,1191364,293951,2121041,47,28
18013,MASCOMA BANK,2886966,2567945,2561,0.352950560219433,4.43,-0.03285920039034749,0.08985211464215373,5622,52,8.711006073525931,255800,12.69456708477269,18042,468,2.794069002167276,2394181,0,18407,590751,233883,2412223,39,238
18019,PATRIOTS BANK,238813,210872,926,1.5596249152606605,19.14,0.0022286729923835097,0,219,0,9.178573063589107,22054,13.263196302602772,1937,45,4.633782098501454,172617,0,1238,103811,19785,174554,1,0
18028,SUGAR RIVER BANK,400477,340672,538,0.5363052753299573,5.02,0.10069877758876776,0.2704275151881381,1383,62,13.95198020542854,55936,0,2314,90,3.467174898515145,274397,0,4835,29502,43552,276711,95,25
18030,SAVINGS BANK OF WALPOLE,800795,736585,1275,0.6461118635006341,9.26,0.05269705023194303,0.22739902222166722,2217,0,8.446764565124305,67069,14.168349230662116,5918,165,3.62784293997723,587341,0,92637,119027,56520,593259,79,1
18031,WOODSVILLE GUARANTY SB,669787,527059,505,0.30033490315314476,5.16,0.008788861875345375,0.12660741399877873,1454,0,8.383687321148676,58301,17.384414589906903,3711,50,2.7191276952012124,447072,0,2200,65536,40246,450783,15,5
18033,SECURITY BANK OF THE OZARKS,154266,144311,378,0.9869419486228831,16.18,-0.01995759012099289,2.4717047178250557,2988,0,7.264589095667157,11215,11.129548631465031,1063,80,4.452484462988358,99514,0,9435,19918,9536,100577,11,16
18038,CLAREMONT SAVINGS BANK,575681,443411,344,0.24252294362222823,2.01,-0.0459161624891962,0.49732403883400705,2982,0,12.946300041278311,74645,0,4061,0,2.8274854105040594,450662,0,2788,58878,68850,454723,8,59
18053,BANK OF HAWAII,23852764,21112221,44966,0.7585897166648597,11.52,0.12492510487445531,0.10482642598568452,35458,7552,7.898079417208251,1882339,14.206785507594361,147707,3250,2.300297740040437,13970257,0,303034,2788101,1580890,14117964,5709,1306
18059,BANK OF COMMERCE,2220785,1854033,12677,2.3090475338299505,17.29,0.008669091681936619,0.17750480123019563,1415,0,15.032812569283296,325464,21.74705181700742,24873,244,4.456481006535357,1399268,0,4670,499357,300995,1424141,38,7
18063,COREBANK,132246,118829,319,1.0252001590827833,10.44,0,0,2519,0,10.528687669518048,12616,0,1012,10,3.936459507859654,95582,0,44,17068,12435,96594,2,2
18071,WATKINS SAVINGS BANK,82174,71532,72,0.3583114572576732,2.9,0,0,35,0,15.58123869961357,13185,0,170,0,1.7975450670227517,34089,0,310,26,10331,34259,0,0
18094,MARQUETTE FARMERS STB MARQUE,32550,27601,35,0.43823952920553433,2.99,0,0.015360983102918587,1690,0,17.348203221809168,5600,0,446,-7,2.837071978823769,10737,0,212,512,4764,11183,0,0
18100,COREFIRST BANK&TRUST,1216214,1045282,2952,0.9622703321169133,18.26,0.17041234049020404,0.23934932503654782,2224,7,8.443538090845951,106740,13.249988509445235,7949,480,3.4163708612079464,803455,7610,9577,311941,66117,811404,597,248
18101,FARMERS STB OF BUCKLIN KS,56816,49528,201,1.3838805456344936,11.61,0,0,0,0,11.277977600872783,6616,0,607,0,3.714949098053224,30635,0,252,1748,7072,31242,0,0
18109,TRICENTURY BANK,189061,111481,683,1.5086796016246469,13.79,0,0,0,0,10.866808766464448,19883,0,1503,30,3.9183142891962,150028,0,1860,60574,19883,151531,0,0
18118,BANK OF THE PLAINS,435730,377450,621,0.5704555032076639,6.29,0.019184958992150156,0.498014825694811,7265,0,8.740344374306165,37634,12.117624127608446,3879,319,4.0736857870301035,306881,0,1757,63188,40039,310760,34,19
18120,FARMERS STB OF ALICEVILLE KS,173233,139368,695,1.6230164753686815,8.58,-0.006494007248935592,0.5218405269203905,4205,904,18.609861576671243,32145,0,1904,0,4.426700967127377,123173,0,5963,7909,32753,125077,0,2
18129,BANKNEWPORT,2853155,2229614,2837,0.40180436645351353,4.11,0.045216624587670035,0.6814210934912404,20407,0,10.750750036465572,307349,13.908744884282317,19056,1237,3.2356609175076967,2283061,0,29623,705685,280092,2302117,462,202
18136,FIRST NB OF WAUCHULA,87040,74447,243,1.110774628170479,11.09,-0.04219918013021461,0.8432904411764706,260,0,11.477357946351312,9948,0,1021,0,5.36249231665103,65358,0,1710,9862,8925,66379,0,7
18143,OCONEE STATE BANK,645857,576654,1137,0.7074442642649649,8.56,0.10042969562628676,0.824331082577103,928,0,9.370498573665694,59718,13.817561879104225,5671,424,4.11662787006666,419023,0,1117,245150,53548,424694,109,4
18145,STATE BANK OF EAGLE BUTTE,84036,75927,312,1.536699789442577,16.71,1.1596521043686894,0.5997429672997286,125,26,11.289762294675203,9100,22.64767411795125,819,25,6.219471651791423,29064,0,7237,434,7788,29883,148,61
18155,BRIDGE CITY STATE BANK,226330,185917,580,1.017169113133758,14.68,0.07356690826708132,0.20147572129191887,1075,0,11.59349527883141,28731,20.86482269602346,1207,10,3.5896043169715077,121051,0,1524,44240,16586,122258,23,1
18164,GARFIELD COUNTY BANK,91291,75333,313,1.3603372593333043,8.49,-0.015878686832598944,3.1394113329901088,1000,2213,16.5805208173635,15141,0,1016,0,3.9886932850418195,49093,262,1178,5407,14815,50109,0,2
18165,STOCKGROWERS STATE BANK,117126,87216,604,2.0363011129700412,18.74,0.010241114233228574,0,9,0,11.307095466430464,13276,0,1181,25,4.1055323126423975,74833,0,252,12593,12964,76014,2,0
18171,BANK OF O FALLON,374915,324354,1303,1.4315869272931279,10.73,0.21301970432264983,0.5827987677206834,2871,303,13.560794971784093,48998,24.093499666804917,4327,181,3.009140959340639,259492,0,5014,35236,48998,263819,242,100
18185,COMMUNITY NB&T OF TEXAS,1282819,1072140,3752,1.1658356100323386,9.8,-0.00045226357921396586,0.6771025374585191,6789,0,12.446720222687722,158826,17.035356362412177,11710,150,4.198907360070668,874422,0,3775,427371,153225,886132,0,1
18190,UNION SAVINGS BANK,3119177,2357161,5175,0.6671606448703887,7.51,-0.06956979104349557,0.2762267098019766,2803,0,11.330945103236388,359949,0,23194,425,2.855840478496349,2134618,0,4292,984679,283211,2157812,31,404
18194,GUILFORD SAVINGS BANK,1189191,1045172,688,0.23411055428566083,2.32,0.0659215533515117,0.11167255722587877,1206,0,10.791983151120748,128257,0,5406,259,2.6734246311837238,870874,0,6640,239544,119468,876280,143,0
18198,ION BANK,2159947,1848334,5425,1.015892395928378,10.01,0.1146462387913911,0.49991967395496284,3626,0,9.999705629898283,214010,13.309008535438736,17762,550,3.99832313889608,1650181,0,40400,444185,219018,1667943,775,302
18199,NEWTOWN SAVINGS BANK,1833135,1540164,3547,0.7794216853702968,9.89,-0.006077660763623542,0.29326808991154496,3794,0,8.57419839165258,158759,15.077430786846563,16829,185,3.175301561188002,1433771,1370,4480,198609,145970,1450600,123,145
18200,DIME BANK,1172276,904180,817,0.27978853192354614,2.78,-0.0004977318979574949,0.23791325592266666,1367,0,11.117975036431602,133361,16.4256814669143,7879,502,2.6269062517606305,804877,0,632,199735,119421,812756,22,23
18204,FIRST COUNTY BANK,2281416,1752763,1184,0.2057770516875804,2.76,0.007262853200165406,0.09638750670636131,4188,3,9.280526402878458,210884,14.449329423107017,17966,781,1.9365581892564192,1695860,0,204,563368,173043,1713826,52,21
18213,FAIRFIELD COUNTY BANK,1760247,1389421,1783,0.4053074130566726,3.17,-0.013877123850439299,0.10373544167381055,4964,0,14.286111565334142,256856,0,18440,-26,3.3047641299194956,1363173,0,114,566328,228118,1381613,0,48
18216,TEJAS BANK,223773,199073,1721,2.9732326995130274,31.36,0.08060550858045638,0.040666210847600026,523,66,11.3859547406374,25137,17.990828623227046,1895,60,4.7809978878847685,123664,0,2122,52143,22783,125559,53,28
18221,WEBSTER BANK NATIONAL ASSN,80212094,65844242,233962,1.1759151530388958,9.85,0.41613255120726766,0.7821937674386109,86880,507,9.105931039899694,6988372,13.805568596145603,713321,77500,3.4552866769697066,52406751,0,238086,12302302,9632458,53120072,56618,1661
18227,STAFFORD SAVINGS BANK,431234,184472,1213,1.1335031719165947,2.4,0,0.049856922227839176,316,0,47.99306959283858,204426,32.870842456886216,1200,0,2.4595686113344075,64145,0,747,134,203939,65345,0,0
18229,NORTHWEST COMMUNITY BANK,1176059,1036459,715,0.24539435129660025,3.93,-0.0012941472728811977,0.47480611091790464,7067,0,8.54903996282917,102117,13.816805084818848,9499,0,2.6929033499703148,923448,0,4718,204456,74736,932947,19,22
18237,JEWETT CITY SAVINGS BANK,446470,367404,871,0.7833993099160499,5.46,0.15798333717704213,0.031581069276771116,3072,0,14.520983188973343,64075,19.286112275904856,3054,300,4.318974679284658,359781,0,387,114912,64340,362835,219,76
18238,CHELSEA GROTON BANK,1711966,1188588,5215,1.2195032833342834,8.73,0.010241040489713756,0.2294438090476096,667,0,15.155315310349263,263938,21.26251055013602,11252,252,3.4727278866190527,1245672,0,555,180627,243640,1256924,46,14
18258,THOMASTON SAVINGS BANK,1838475,1605730,2787,0.6081356969598943,7.86,-0.049799662637651274,0.3793361345680523,2762,0,9.933450501945645,186401,0,12389,200,2.8776488636890507,1310154,0,20600,501986,145542,1322543,219,383
18266,NORTHERN BANK&TRUST CO,3130693,2595215,12915,1.62517479437575,11.2,0.2034534241732503,2.311053814602709,4337,0,14.853791250693618,467648,17.186241690153697,63627,11530,5.612518655227737,2667154,1,59,686381,464468,2730781,1441,26
18272,COMMUNITY STATE BANK,1577028,1238313,4137,1.0680987158675397,9.43,-0.03904270677993578,0.44717024681869944,881,0,11.74098002122157,180915,12.974717425551766,12978,1362,3.297443242107348,1184027,0,877,285307,177664,1197005,0,115
18284,FARMERS SAVINGS BANK,198874,160589,134,0.26987291805127583,2.4,0.0026115626938269187,1.4753059726258837,633,380,12.668432278346659,25065,0,2159,25,2.733475680106081,151489,0,1314,38324,22491,153648,1,0
18296,HAWAII NATIONAL BANK,858567,766852,1427,0.6650680797615636,6.77,0.0008077275292725504,0.012462626679106,114,107,10.301702645926483,88221,18.702900070019425,7306,349,3.8625920722049436,496439,0,2297,156707,86353,503745,2,1
18297,SOUTHSIDE BANK,8338856,6621941,23804,1.1300724471908976,10.16,0.026257395047599653,0.05566710829399141,10355,0,10.46258827033878,868254,16.447987661537724,44623,758,2.9036745147850906,4523519,0,28708,1795022,933574,4568142,613,310
18301,FIRST STATE BANK,142114,115205,459,1.3301648940794621,7.35,0.018376757995325413,0.04221962649703759,0,0,17.016194453624976,22654,0,1582,0,5.278429190349378,84419,0,736,49613,25283,86001,5,1
18302,POWELL STATE BANK,50831,34438,-72,-0.5779128916714324,-1.99,1.2211503236048358,2.4001101689913638,1131,11,24.19458762886598,11265,0,1472,0,3.8528099098278537,14550,0,2073,2645,14416,16022,58,8
18342,BOSTON TRUST WALDEN CO,75985,500,9590,47.67053150902832,73.11,0,0,0,0,38.535280806418434,18732,47.457197852294605,6,0,5.015673981191222,44,0,0,0,46573,50,0,0
18344,UBANK,781024,671005,2931,1.539160367276957,16.25,0.008640572138807468,1.4538605727864957,861,0,10.093053227825276,76121,0,9107,375,4.408350914845483,605922,0,3026,218586,73893,615029,29,16
18355,NORTH DALLAS BANK&TRUST CO,1877362,1594704,1308,0.2763082326069592,3.03,0.00031996390807116957,0.016033135857655582,3215,0,9.461395378933696,178386,0,18975,0,2.0925933078919368,1224227,0,5649,718677,173736,1243202,1,0
18356,CITIZENS STATE BANK,185614,163589,571,1.2363689511163318,10.94,0,0,283,0,11.894202080477381,22125,0,1304,0,3.026795745054149,118680,0,3079,8199,21229,119984,0,0
18361,COULEE BANK,548089,449782,-79,-0.05738995566807538,-0.76,0,2.88183123543804,6394,0,9.334947991826665,53497,13.443489089727038,4979,105,3.0149893578099003,452497,0,210,221479,42006,457476,0,0
18374,SECURITY STATE BANK,979349,776945,2346,0.983074853649236,9.59,0.2679048855811517,0.025322944119001503,2715,133,9.930459121680265,91535,12.779862743034853,6615,450,3.224411329820597,744352,0,7672,117647,100464,750967,491,0
18378,SECURITY STB OF WANAMINGO,100753,87822,370,1.50175289062064,13.33,-0.009815228326748951,1.0699433267495757,192,1078,11.378112626707578,11236,0,896,115,3.889721369366349,81036,0,205,12343,10992,81932,0,2
18380,FIRST INDEPENDENT BANK,137419,123199,272,0.8035539536996348,8.07,0.01079767849912269,0.6374664347724841,1230,71,11.170975703874129,15343,0,1015,54,3.58227901990456,73200,0,4255,11272,13728,74215,6,4
18384,NORTHEAST SECURITY BANK,431952,346809,875,0.8043674856276767,7.72,0,0.017131533133311106,0,0,10.346556860399582,44977,16.30280558976281,4164,0,2.932787364139804,256922,0,389,25226,46017,261086,0,0
18385,REGIONAL MISSOURI BANK,570349,455830,2270,1.5998266267179855,16.27,0.005707579308598111,0.06820385413141777,3969,0,10.701011002081474,60459,0,4285,12,3.6927229038845195,415657,0,2001,91620,56740,419942,7,1
18389,WESTERN COMMERCE BANK,830901,755863,5890,2.9235339519577503,30.99,0.16101465629309947,1.57250984172603,3760,0,8.960731391561797,72608,21.237052675619804,4964,300,5.289510815560703,449931,0,2587,192850,72590,454895,271,88
18394,FARMERS SAVINGS BANK,139914,117395,342,0.9698550889033831,7.02,0,0.46242691939334163,78,0,15.281898074144392,21893,0,830,0,3.520305535952177,94019,0,585,19589,19787,94849,0,0
18400,IOWA TRUST&SAVINGS BANK,542901,428921,1056,0.778970740649216,7.7,0.09396516394750717,0.7380719505029462,1257,628,9.820228588970377,52463,12.536477104348783,5662,0,3.2249359326647875,382671,0,676,99418,54999,388333,100,8
18402,BLACKHAWK BANK&TRUST,1917665,1394355,3902,0.8294744013772847,9.4,0.034088574675956704,1.0145150482487817,3031,1409,10.08774516994395,193247,0,10735,300,2.4425173395376714,1132645,1804,5273,484784,170693,1143380,116,21
18408,BANGOR SAVINGS BANK,7235355,6181793,2265,0.12519848139493217,2.05,0.012749495214803779,0.1120746666887803,10783,0,7.624081765672752,558884,11.356023146960096,33045,1866,2.371113356344028,4943904,4309,45703,1236646,455151,4976949,393,235
18409,TD BANK NATIONAL ASSN,366507088,295363367,386159,0.41787265483721175,3.26,0.6091490862853922,0.4996108015242532,838507,238363,10.501584838890373,37675499,18.746234794685964,2746674,290513,2.8410141096877934,169780144,5353782,762286,21136518,48156546,172526818,323580,53498
18429,MORTON COMMUNITY BANK,5422524,4504652,18720,1.3787247017458322,16.93,-0.0034750879631640676,0.5151660001873666,14945,3853,10.103625998584102,554312,14.407725602835047,40984,0,3.0295531081797855,3490536,2649,23573,1126793,465106,3531520,101,132
18431,FIRST BANK KANSAS,577384,527012,3140,2.1917540488991496,33.4,0,0.08867582059773045,10833,30,8.204375482945139,47567,14.342207374058152,4983,188,4.175214768175487,357364,0,2023,86670,39027,362347,27,27
18443,CUSB BANK,795495,706780,2199,1.1193574002809847,10.59,0.04528101298219767,0.24035349059390695,6294,488,11.602913030333314,91723,0,7986,475,3.125431675289915,608060,138,4829,143677,83970,616046,107,38
18448,SECURITY STATE BANK,129960,120834,51,0.16848364717542122,2.36,0,0.8140966451215759,1044,491,7.746707324985403,9552,15.272569079835588,629,0,2.2585819698427976,50635,0,4943,4368,8834,51264,0,0
18454,ZAPATA NATIONAL BANK,87420,74871,401,1.8537244953974703,13.55,0.04228385681628986,1.5076641500800732,0,159,14.547350807422093,12693,0,428,0,3.683351401193725,37157,0,5287,4592,12057,37585,4,0
18463,HERITAGE BANK,40428,34477,-71,-0.700603160114958,-14.47,0,0,0,0,8.740181918017523,3661,0,179,0,2.568816842323329,19795,160,42,2673,2048,19974,0,0
18474,FIRST KANSAS BANK,278652,261816,1039,1.4488383321625724,27.01,-0.0032044862807931104,0,7,0,8.518158087964053,24246,21.869367071387273,1891,45,3.1133657007250006,119315,0,468,6707,16226,121206,2,3
18483,ANDES STATE BANK,26141,22603,79,1.2256613140951051,9.29,0.04214075010535188,0,55,0,13.955887019993654,3518,31.337666780704755,211,0,4.302555718096549,9157,0,513,995,3449,9368,1,0
18489,ADAMS BANK&TRUST,1337820,1105199,3754,1.1004682999758155,9.14,0.012250932072115583,0.7829902378496358,3022,0,12.362233316212578,169203,0,11006,1045,4.523949471632356,829196,0,4220,346777,166744,840202,91,65
18503,CATHAY BANK,23189059,19838783,74655,1.2920162722574486,10.21,0.04084505591686606,0.7992001745305837,196986,595,11.436763950292866,2612555,15.029311121227884,173936,15500,3.291760033708777,19190107,0,5335,6402455,2948530,19364043,2344,366
18508,FIRST SECURITY STATE BANK,91142,78761,194,0.8371134687889362,6.79,0.3167009197803309,1.8487634679949967,1026,268,13.763601358513423,12725,0,666,0,3.3779654425245846,58557,0,944,4232,11630,59223,49,2
18514,FIRST NEW MEXICO BANK,267200,225692,877,1.3156833733701634,9.73,0.14247212888978594,1.0928143712574852,2272,177,13.795677106969661,36783,0,2643,0,3.9572327396550033,124165,0,741,69736,36491,126808,52,7
18518,WESTSIDE STATE BANK,226689,173883,677,1.2123844082350808,16.03,0.010311005709719412,0.0719046799800608,1746,87,7.630706634485404,17104,11.020317088909124,1170,72,3.933646830207012,195891,0,5205,9957,17226,197061,8,3
18519,FIRST SERVICE BANK,799248,723046,1312,0.6805583742850604,7.67,0.0012274438022526664,0.8982193261665966,45,6,9.662059578032563,73822,0,9083,645,4.342901776996681,660636,0,2637,186822,70193,669719,5,3
18561,SUNRISE BANKS NATIONAL ASSN,2538202,2292810,1821,0.2898201853552078,3.18,-0.004291852764602605,0.665746855451221,14740,0,10.382985220140165,267951,0,23005,588,4.661936916611406,1763302,0,332390,693412,236041,1786307,284,303
18564,FIRST NB OF BROOKFIELD,363288,286668,1311,1.4537934055332309,11.29,-0.017596561129196466,0.20975094140186298,0,0,13.090251975950821,46506,15.725726161734327,5506,150,4.1389098734061305,317082,173,1056,48592,47121,322588,0,14
18566,PEOPLES BK OF KANKAKEE CNTY,349529,303208,4997,5.811892746910215,129.17,0,0.057505958017789655,241,36,8.974729804146248,32269,17.060148951655517,1954,-74,2.3355377833342206,153249,0,208,61252,18937,155203,0,0
18568,COMMUNITY BANK OF EASTON,42171,31200,253,2.452441536411002,9.45,0,0,0,0,26.023286520225664,10840,0,54,0,4.128602432746177,17465,0,2990,0,10840,17519,0,0
18569,PEOPLES STATE BANK,1459363,1140043,2891,0.7907300508873489,9.18,0.02436020378946603,0.8794247901310367,7367,113,9.560482896188665,141581,14.258107106372464,12392,117,3.1362454361587564,1097155,0,2428,474431,128720,1109547,69,2
18576,BANK OF TEXAS,550564,449062,2652,1.9715676453259834,17.97,0,0.9779062924564628,19,0,11.308740685529939,60083,12.670881568944445,5703,0,4.0086817604210925,419077,0,264,154511,60342,424780,0,0
18584,COMMERCIAL BANK,570139,507759,1593,1.1215456631191536,11.5,0,0.3169402549202914,2934,0,10.454638523960442,59740,17.17536523108673,3482,0,3.8310178970059146,387094,0,3001,138188,55790,390576,0,0
18592,FIRST BANK OF OWASSO,628972,538667,4384,2.9502415914076905,19.76,0,0.01351411509574353,1546,85,15.59608190172267,92173,19.161446270071973,6357,148,4.872846652749558,448696,0,1521,353776,89255,455053,0,0
18609,AMERICAN BANK OF COMMERCE,1490531,1323253,2853,0.7752799027435411,12.3,0.0017574422185950569,0.08111203322842664,2744,0,9.476416993561774,144511,13.649187376506275,12435,335,3.169501985305248,914206,992,1415,376676,97237,926641,20,16
18610,UNION STATE BANK OF EVEREST,422270,382075,991,0.9333361587707465,10.6,-0.0038790386449225004,0.15440358064745305,3388,146,9.281762205406121,39238,13.458508815425269,3644,117,3.953675518701235,307601,0,2603,53067,38145,311245,18,21
18618,SMBC MANUBANK,6662495,5423332,-37867,-2.3306686546931155,-14.58,1.3563396946006916,0.9918806693288325,25766,3933,15.448112883293133,1011269,22.377553260898804,212528,22466,3.549876100261831,4022084,0,1263258,982643,1021722,4234612,14470,321
18620,CITIZENS B&T CO OF JACKSON,210102,185800,641,1.2236122809822305,12.15,0.01772320156976928,1.422166376331496,1315,706,9.298843602260801,19315,14.735181397426858,2063,30,4.524875056495626,155554,853,7445,39433,21243,157617,24,17
18641,FIRST B&T CO OF ILLINOIS,224512,191417,-40,-0.07432371228361928,-0.51,6.176797749133024,2.300099771949829,0,4018,13.849169741697418,30025,23.19184687317358,2493,1774,6.877429174338796,128663,0,0,46532,31541,131156,2006,0
18660,CHARTER BANK,292258,249894,1892,2.5533666449612507,36.71,0.0021529741992954393,0.19537531906739936,2534,329,11.033179079435927,34261,17.506037300792794,2598,0,5.489956067688823,179143,0,142,64474,20512,181741,1,0
18677,VICTORY BANK,192427,160944,165,0.3539452832768898,2.17,0.03433244845534636,0.020267426088854474,108,0,15.453053184504267,28242,25.467602160434865,990,205,4.20981943857496,91816,0,671,34351,30651,92806,7,0
18698,TEXAS STATE BANK,416488,341074,2181,2.077387692120857,18.4,0.0015784821315822704,0,607,0,12.581256552014608,54366,19.38083077796124,2327,107,4.082064104588538,250694,0,1754,46036,48984,253021,1,0
18710,NORTH VALLEY BANK,261822,214650,2078,3.2446063104313785,25.78,0.003497351848896913,1.3654314763465256,873,0,12.777455104859978,32559,0,3494,60,5.6559940192445275,228088,0,34,116015,32559,231582,2,0
18714,FIRSTBANK,27110230,23836506,91180,1.341927699818662,22.75,0.032651697108243755,0.2679947754039711,88395,37251,8.627165790356523,2403676,16.75482479778059,159792,8014,2.695747717518612,15825100,61570,658,3900281,1652814,15984892,1714,398
18719,GRAND TIMBER BANK,61025,50303,158,1.044326021398769,7.7,1.231564543104759,2.012290045063499,1159,13,11.292792486217927,6637,15.123521297496135,726,70,5.617328391506457,52322,235,1981,9889,8300,53048,163,1
18724,CITIZENS STATE BANK,31976,24687,102,1.2651751244243918,11.77,0,0,0,0,11.44000260221839,3517,0,210,2,4.107043906255093,26219,0,821,840,3517,26429,0,0
18734,NEWTEK BANK NATIONAL ASSN,1248400,1067624,6022,1.9566225679290326,18.15,2.398639242505422,3.6908843319448894,15804,0,10.464643621446873,126404,14.635753755682106,38649,13504,5.0142246576493985,897416,0,0,397807,135678,936065,5131,5
18740,HEARTLAND BANK,908229,690056,3619,1.5819649871675712,15.46,-0.010979376532874351,0.12309670798884421,653,0,9.963929778451766,87650,0,6918,75,3.811861444122043,612749,0,1227,132904,95641,619667,0,17
18748,BRUNING BANK,622753,534678,787,0.49352754614278754,6.58,0,0,1376,0,9.201803947081693,58273,0,6477,150,3.2217518527084232,430787,0,2234,134279,48555,437264,0,0
18761,FOUNDATION ONE BANK,179739,148753,195,0.43816163108475903,4.2,0,0.06008712633318312,435,0,10.151706983675252,18121,0,1801,20,2.906964750400061,146618,0,1568,39974,18676,148419,0,0
18780,SUNDOWN STATE BANK,271804,240742,1259,1.8647638866774543,17.3,0,0,37,0,10.902204639532453,29735,13.815024116491148,1695,30,4.5921960283816645,204647,0,273,49448,29735,206342,0,0
18820,CEDAR RAPIDS STATE BANK,163632,146882,571,1.3863934346622637,14.27,0,0.19189400606238388,5181,0,9.803506009870114,16190,13.982273838630807,1100,50,3.4101701591052755,138364,0,432,32237,16205,139464,0,0
18841,PHELPS COUNTY BANK,535093,458562,1990,1.519153549017512,19.94,0.018686625293822593,0.0852188311190765,5602,0,9.686851825679067,50719,15.170547611669397,3968,60,4.289224164342513,406997,0,2851,77299,41478,410965,32,13
18856,OKLAHOMA CAPITAL BANK,156828,126123,509,1.3523027670399448,8.63,0,0.22444971561200808,0,4,12.58462565800223,17715,0,1100,116,4.733387285316069,113160,0,383,28643,23851,114260,160,160
18858,HOCKING VALLEY BANK,346413,309274,866,1.0249309118452898,10.49,0.001960015680125441,0.09324130445450951,188,0,11.190203817612284,37367,0,2537,78,3.3494890143987184,203370,0,2459,35807,33196,205907,1,0
18879,KENNETT TRUST BANK,130548,110737,170,0.5084929540075601,5.72,0.04620360388110272,1.0823605110763856,963,1327,10.818647881660649,13991,0,680,0,3.229044386600657,77218,0,3252,4180,11989,77898,14,5
18880,FIRST NB OF GILLETTE,598671,534091,1886,1.2665517189275948,12.45,0.012492504497301618,0.25556607886468524,70,0,14.471300344198458,90898,0,2522,75,2.7878742202139724,157220,0,5709,58481,62315,159742,8,3
18885,NEIGHBORHOOD NATIONAL BANK,304823,250262,613,0.8122338584255184,14.86,-0.021114530492021347,0.05314559596880813,2688,162,10.436999271667881,32959,16.95544195664988,2133,0,3.1385701494236815,187957,0,4618,34181,17525,190090,1,11
18889,COMMUNITY BANK OF TRENTON,126215,109506,311,0.9750324292337296,11.08,-0.1071575913116625,2.6003248425306027,1491,2370,9.920681898899018,12570,14.386481911091604,1265,15,3.1973082490382025,91932,0,811,10845,11359,93197,0,25
18892,KRESS NATIONAL BANK,55769,49799,199,1.5196930067393422,14.09,0,0,46,0,10.911204605845882,5913,27.787499439134923,358,0,3.713517282597868,16561,0,835,1293,5684,16919,0,0
18895,FIRST NB OF LAKE JACKSON,207201,204733,-53,-0.10040089318907809,-21.15,0.04593806973973212,0,0,0,10.51891228787569,25724,38.37207596978808,413,50,1.710334788937409,35868,0,648,16712,1781,36281,4,0
18922,TRI CITY NATIONAL BANK,1849019,1670867,3346,0.7121436887170134,8.45,-0.006126556794245121,0.3963723466335392,4487,0,11.083403689646945,212275,0,14175,0,3.208710999981615,1157269,0,585,638921,163227,1171444,0,18
18924,OLD GLORY BANK,203222,191506,-3328,-6.885903089397251,-123.88,0,0.03887374398441114,0,0,5.902434641990836,11169,50.72411621840425,109,67,3.514673221640037,10155,0,1851,1712,11398,10264,0,0
18930,BANK OF BELLE GLADE,169808,157329,494,1.265255420236403,17.72,0,0,0,0,9.627708884738885,14332,0,450,0,3.3095858104456344,61083,0,440,16390,11635,61533,0,0
18937,ST MARTIN NATIONAL BANK,30054,26323,154,2.1350709668474774,17.08,0,0,121,0,14.035816966296027,4052,0,197,0,3.3507548303680363,12986,0,388,0,3689,13183,0,0
18942,BK SAN JACINTO CNTY COLDSPRI,46221,40457,184,1.6260881092307014,13.18,0,0.16226390601674562,7,0,15.652945745034948,7054,0,246,0,4.87073810415886,12144,0,1055,253,5746,12390,0,0
18983,RIVER CITY BANK,5287018,4668611,12306,0.9438432082078926,10.02,0.003620905919692833,0,352,0,9.274465031020444,492598,13.6153144054109,101381,-124,2.6326793312120587,4126151,0,431,2311352,497903,4227532,40,2
19001,FIRST MIDWEST BANK OF DEXTER,654910,515888,1905,1.1893659446445364,13.75,0.04779306338830761,0.07726252462170374,8666,127,9.435299963759688,59621,0,4696,122,3.451268291223205,547921,0,2040,121993,56565,552617,70,5
19008,PARKWAY BANK&TRUST CO,3592504,2812231,8575,0.9560737091018914,8.89,-0.009793123807793624,1.0152528709780142,4687,29,11.081270788969313,383153,13.651243292991103,33186,688,2.7141301987537805,2779121,0,1183,997118,388905,2812307,264,333
19011,LEGACY BANK,338579,277895,760,0.8992832357630743,5.17,0.023464998044583497,0.9557592171989402,2174,809,21.396397731246335,72203,31.47324047535241,2906,0,3.3322827891622833,201716,0,10066,92975,59436,204622,15,3
19024,COMMERCIAL NB OF TEXARKANA,317427,298075,1244,1.5792814523295668,28.99,0.06854952364845819,0,1922,0,9.849731271251509,30532,15.88939610816666,1823,0,4.074131327184349,219506,0,3963,56887,17920,221329,50,12
19070,FIRST NB OF CLARKSDALE,399582,358970,910,0.9383136132807465,9.98,0.019812813937414023,0.41017863667532567,323,0,12.23181530915674,48580,0,2597,6,3.2558545687753466,209308,0,2585,36625,37364,211905,16,5
19080,INWOOD NATIONAL BANK,4378205,3824639,12365,1.1122872660649161,10.78,0,0.41971538564320304,0,0,9.795635740183076,430906,15.929171849475434,21891,15,2.1322460554177054,2390718,0,5472,1628967,461390,2412609,0,0
19087,BANK OF LINDSAY,92987,64598,97,0.3973801586448108,4.38,0,0,91,0,9.59216584972521,9041,11.385633050945804,770,0,3.0277408704755002,77839,0,2596,499,8674,78609,0,0
19101,HARFORD BANK,720570,648981,1526,0.851323777791105,9.29,0.0016171596813791137,0.931901133824611,456,80,9.308645025096286,66320,15.067488599124596,5767,189,3.3056942811315384,484075,0,26759,231126,66320,489842,7,5
19105,PEOPLES BANK OF MACON,23759,20394,39,0.6458824990684388,5.11,0,0,0,0,12.730512618623347,3072,0,76,0,2.8591606565797076,6093,0,42,141,3071,6169,0,0
19123,FIRST WESTERN BANK&TRUST,2201812,1888854,3627,0.6561837676382178,6.22,-0.04101579446129022,1.6357890682764924,34233,3908,9.425897595313108,202399,11.307913998146974,20583,1005,3.3306610557058884,1747345,2125,32163,523037,235457,1767928,419,601
19143,UNITED COMMUNITY BANK,632781,523508,3002,1.9146629249314369,12.67,0.015766498162217556,1.5120555136769278,1143,3015,15.907858511711579,98864,0,16663,0,5.649039949764299,500661,229,2095,237422,95904,517324,41,21
19163,FIRST STATE BANK,468401,417652,1933,1.6641019294715207,22.3,0.017084936158398713,0.1654565212286054,958,0,9.229570864325055,43604,12.733549208428638,4508,120,4.263022711922036,378995,0,3540,75638,36108,383503,20,4
19184,HILLTOP NATIONAL BANK,1073279,991098,3752,1.4753661627208552,18.95,0.025538539251889803,0.00018634483671067822,915,2,11.981977155545867,129720,0,6610,410,3.318230997417001,537676,0,3603,159412,75695,544286,49,15
19212,FIRST MW BANK OF THE OZARKS,737669,644469,2743,1.5099106810492586,14.46,0.10415720665802441,0.756572392224697,14423,601,10.968926230810617,78697,0,7603,207,4.0885150907320735,617804,315,7805,143552,76375,625407,216,54
19213,SECURITY NB OF OMAHA,1744912,1448069,5528,1.2602661651135618,14.61,-0.0034350739790023296,0.10527751542771212,198,0,10.074555934390778,173301,13.451383991227145,18516,122,3.9326907623283365,1271354,1433,6671,463964,154801,1289870,58,69
19215,BENCHMARK BANK,1218286,1091370,4903,1.612109066428396,17.12,-0.0018605538171005825,0.06911349223417161,1307,0,9.584581185481627,115725,13.591294776345784,9261,-595,4.118840742491531,902031,0,4328,217447,115725,911292,7,11
19220,ANB BANK,2948781,2537459,4431,0.5995059251270407,11.6,0.004214903159965586,0.046324226858488304,5632,0,8.71231589653222,256301,13.879738543490877,15941,-180,3.2399409538007338,1872134,0,36855,469473,158225,1888075,38,18
19222,FREMONT BANK,5845630,5219496,15141,1.0399069708743114,13.79,-0.03335072325072171,0.5464765987583888,6670,17,8.135612989097995,474316,11.983651367908685,70949,1381,4.0526180156664395,4590869,2324,192,1238463,444312,4661818,434,821
19230,COMMUNITY NB IN MONMOUTH,51964,45228,108,0.8308890705390201,7.06,0,0.9852975136633054,530,0,12.776233828461908,6666,0,536,4,3.7592640425996944,33462,0,339,1185,6245,33998,0,0
19234,AMERICAN BANK,327183,287668,1476,1.800381483271608,16.55,0.5903066104670107,3.3870952952934594,9745,0,10.628455340801167,33797,0,4106,660,6.385349083244895,226758,0,1648,93863,36443,230864,359,8
19254,HERITAGE BANK NATIONAL ASSN,436501,374524,834,0.7244724446384478,8.48,0.14020875525782833,2.048792557176272,1559,399,9.394267995411528,41930,15.150591835518078,7094,-20,3.2037281753493727,356093,158,9493,39500,39938,363187,369,234
19274,BANNER CAPITAL BANK,351135,312563,1609,1.812199685483678,17.58,-0.004302532578238866,2.0228686972247143,4415,1408,10.540647309461328,37355,13.37637927172505,3599,90,4.463902793121686,275389,0,4114,57101,37162,278988,1,4
19278,CARMINE STATE BANK,129991,123603,282,0.882618748606237,18.18,-0.021577300679684972,0.36233277688455356,229,471,10.452791730363252,14359,0,193,0,2.282277400739627,37013,0,3973,2009,6176,37206,0,2
19285,LOGAN BANK&TRUST CO,358782,334379,1184,1.3366580444320262,21.36,0.027702269854736224,0.18033234666176118,2982,0,10.426427918214355,36940,0,1386,36,3.1676288155121877,172250,153,6587,20244,23439,173636,12,0
19288,FIRSTAR BANK,1131393,996307,4422,1.6585651273742013,14.38,0.021999990434786766,0.5008869597036574,3148,0,9.181024265250912,97602,12.48766495904058,7451,-134,5.1929001179025684,833312,0,11273,251829,124635,840763,99,53
19300,AMERICAN NATIONAL BANK,5209470,4660164,14497,1.1410320133583467,12.31,0.2378246443067802,0.9679103632423259,11253,1149,9.975415879069406,503881,13.499910841106555,43295,3000,3.1644334816059057,3669450,2441,69353,1103365,479723,3712745,2971,785
19333,REPUBLIC BANK OF CHICAGO,2651468,2274546,7064,1.0663804467732518,8.78,-0.0006832051659419947,2.8859484632663865,2582,0,13.154548848031924,347115,17.598381349609298,23996,-270,3.6631949891169144,1730803,4,1191,512638,326539,1754799,88,91
19349,FIRST MISSOURI BANK OF SEMO,202530,181428,980,1.9415936918017198,19.48,0.006696428571428572,0.23305189354663508,1737,470,10.120598507259597,20082,0,3421,0,4.548087988254124,177338,0,2038,23290,20012,180759,6,3
19351,BANK OF ESTES PARK,153629,138084,475,1.2368865612275122,13.47,0.13008764655186433,0.7277271869243437,1113,0,11.248468722420538,17079,0,1587,135,4.244336105534844,90251,0,14,39876,14508,91838,31,1
19354,HODGE BANK&TRUST CO,101375,84042,679,2.717073243931353,16.44,1.0911137731464777,1.4569667077681874,1280,0,17.1532085959601,17281,0,1206,0,4.610018081515364,68097,0,3190,12865,16773,69303,197,8
19358,ROUND TOP STATE BANK,888264,800210,2258,1.020119461952492,10.92,0.0014073703987784025,0,559,0,11.91016741346092,107439,0,5209,0,2.7831804887402436,565948,0,10152,137987,85233,571157,2,0
19371,RELYANCE BANK,1495305,1290552,4091,1.110942896150193,9.58,0.0039088092567710125,0.29385309351603855,269,0,12.209755040764247,176403,14.639984084469068,12840,0,3.427205150321133,1090055,0,3809,520042,173800,1102895,53,42
19381,PARK STATE BANK&TRUST,140926,126077,595,1.68709971255507,16.69,0,0.7812610873791919,179,10,11.728235778197769,16817,19.82117730480738,1073,0,5.0016521974225725,108018,0,1463,24988,14464,109091,0,0
19396,UNISON BANK,579733,485500,1055,0.7306979723997022,10.58,0.9542675172925166,0.41381118549401186,1239,195,8.713808415722415,51040,12.304666772071707,5822,500,3.4817510034134815,415360,103,33280,118109,39743,421182,1000,1
19401,CAPITAL BANK,642806,571204,1978,1.236596826766257,12.75,0.01339116332011576,0.016023496980426443,5983,0,10.33973869589523,66770,14.02709366706192,6443,225,4.4107900508174795,532108,0,9617,331319,63538,538551,24,6
19416,CTBC BANK CORP USA,5172372,4400038,9578,0.7372146076326689,5.35,0.029499990573757035,0.3040191231411817,12599,0,14.19455934970312,736907,0,43280,1505,2.876101006784943,4192882,0,0,1540712,721505,4236162,311,0
19420,CITIZENS BANK OF THE SOUTH,340577,297117,1098,1.2921238403026722,10.32,0.06534932000844759,0.174116279138051,590,0,12.902788978899093,42877,19.406644028757484,3482,45,4.870133392432882,251638,612,4794,46722,42499,255120,46,5
19434,BAC COMMUNITY BANK,791420,704214,1275,0.6478181231565764,7.59,-0.005308554182090044,0,534,0,10.587211638242334,85904,17.25366149902571,6893,0,3.1097094658047046,444399,0,3858,234845,68332,451292,3,9
19440,FIRST FINANCIAL BANK,241520,236727,654,1.1152345040595644,75.15,0.04153686396677051,0.08943358728055648,1126,0,10.482305898902016,24144,16.33088938476251,1362,-13,3.725452542424273,114520,0,1797,42450,4246,115882,13,1
19448,BNA BANK,794686,695438,3338,1.7018282672757492,16.76,0.039059406101730226,0.6605124539755325,6712,1078,12.100877159460609,94996,19.454930802810047,6847,89,3.4146748193440803,460684,1845,10404,144090,81728,467531,49,4
19459,UNITED COMMUNITY BANK,3909476,3317286,10583,1.0898074223886791,11.91,0.020800665948879908,0.2279077809916214,9691,2291,9.50484888328944,368236,14.121903643266146,31465,612,2.857711216573361,2419420,2434,12600,682660,361606,2450885,159,32
19482,CONSUMERS NATIONAL BANK,1133281,1025828,1906,0.6797501935870419,10.77,0.15252183360494756,0.08409211837134832,1899,18,8.328188424309518,93886,12.383989488905293,8047,510,3.2657210537925216,760024,62,6301,258721,72770,768071,353,61
19502,FIRST NB OF TENNESSEE,1336078,1166292,5898,1.770794943716913,16.17,0.2927138409597604,0.10433522593740784,913,0,11.252242380090175,147968,0,9383,0,3.8207264472895637,679954,0,14698,200419,149668,689337,568,53
19506,BANK OF SPRINGFIELD,1750082,1464251,4894,1.1319414970816772,12.83,0.12969403599548768,1.3947917868991282,3620,1725,9.008476884619887,153126,11.304506230729269,15210,900,4.015368589142664,1491368,0,3786,370412,154984,1506578,860,379
19512,ROYAL BANKS OF MISSOURI,1036882,909589,1679,0.6449636463686224,5.71,0.011137393001474379,1.7849668525444555,430,0,9.933917960140496,102042,12.550251712334784,5037,64,3.2412208857140086,739835,0,1871,412207,118235,744872,27,6
19525,MT MCKINLEY BANK,612672,512454,999,0.6440071556350626,4.3,0,0.5294839653191268,3380,0,17.918832674378873,117473,0,4661,0,3.586651804719669,243549,0,2496,103379,94205,248210,0,0
19531,MACHIAS SAVINGS BANK,2567242,2162803,4118,0.6365906689535288,6.27,-0.06163848566789866,0.28828602835260564,22725,46,11.31085865098705,293397,14.927898270842,19322,0,3.125552139293168,2159699,511,4256,826544,266786,2179021,89,423
19532,SKOWHEGAN SAVINGS BANK,842808,725198,1600,0.7600214468552035,6.11,0.011035207993385365,0.21321582139704415,1058,0,14.2011406621623,123777,21.44506768871416,6140,158,3.5524145874394772,615665,0,806,176672,106845,621805,22,5
19540,PIONEER BANK,286825,257506,859,1.248886869604725,14.56,0,0,0,0,9.332127792219156,25597,0,2517,45,3.0018846931129226,192574,155,636,49945,23919,195091,0,0
19544,MADISON VALLEY BANK,268975,235341,449,0.6829299825655124,8.27,-0.03371841293560932,0.5665954084952133,281,86,9.083264839231402,23981,15.067759109451703,2058,0,3.462915307155437,127750,0,2166,47087,22159,129808,0,11
19559,TEXASBANK,2579372,2108473,8934,1.3946373819874558,13.15,0.0030468024216638535,0.41176689519774584,19326,81,10.78695906868085,276765,19.45810296569893,21893,415,3.761511766418507,1840376,0,4586,340423,273996,1862269,30,16
19573,LAKESIDE BANK,2645749,2174193,9558,1.4301764920537334,13.64,-0.0073050841981195025,0.06829823993130112,5778,0,11.110036947523405,299946,13.867948720125941,26381,-1,3.450899422676289,2146650,0,45,1130295,284160,2173031,0,39
19581,BELL BANK,14499349,12679006,19686,0.5424439447380065,5.79,0.004652619215417776,0.6180208504533549,45378,37,9.503046113307349,1364460,13.0054343221326,124797,0,2.066631894391493,11786115,0,59208,3465528,1370693,11910912,615,476
19589,NORTHERN STB OF VIRGINIA,98965,88339,231,0.9220820692958647,10.16,0,0,952,0,9.370876367929675,9445,15.481566250154646,558,15,3.7677670066949673,70359,0,498,19328,9282,70917,0,0
19590,ALTAMAHA BANK&TRUST CO,328803,303355,1813,2.20035286960664,29.84,0.0017713340581041856,0.3485369659035958,662,0,9.619106944803173,31656,14.139728035176288,3402,86,4.523353822077804,224260,0,7200,74004,24821,227662,11,10
19595,COMMERCIAL BANK,111832,99568,375,1.3790186902999826,16.46,0.04523761054941078,0,298,0,10.159918828399285,11315,0,621,0,3.3633032029395196,44218,0,935,2316,9349,44839,5,0
19600,ACADEMY BANK NATIONAL ASSN,2938382,2401804,5353,0.7303594799889621,5.19,0.16076168853417874,0.9057705907536869,4712,12,14.289665073424374,421629,17.521390939781206,30589,1625,3.2287270907864443,2282675,1654,14533,1056518,417291,2313264,1270,341
19603,HOMETOWN BANK NATIONAL ASSN,951378,867169,1780,0.7455431024959464,9.08,-0.0006787063517582312,0.05139912842214135,4318,0,10.745373308191157,107188,16.947012736251903,6912,0,2.9756950857788547,585031,0,8807,310929,81056,591943,3,4
19608,PARK BANK,1490291,1211808,1620,0.438547959584557,4.63,-0.01674797730649075,0.02925603120464392,3092,0,10.298461851889579,153672,13.070522025586337,16053,125,2.5437016794835063,1256738,5160,6416,575133,141474,1272791,13,66
19629,INTERNATIONAL BK OF COM,9542204,6566935,67031,2.8523781236117043,15.32,0.028042720057370216,0.797624951216721,25806,4754,17.84419315606271,1650749,20.713925268464763,109465,1309,5.063097764189313,6413204,810,32180,2074163,1762995,6522669,983,529
19638,GUARANTY B&T CO OF DELHI LA,437881,371687,1679,1.5595338582092066,18.65,0.018499448099798355,1.0167145868398035,4067,75,8.793369423255285,37165,15.201291006610951,1833,50,3.98849193342802,326239,1015,3993,93940,36900,328072,23,8
19644,FIDELITY BANK,546524,510030,1386,1.0176911957045502,17.76,0.0015516746448604657,0.006404110340991429,662,0,12.097365764378628,66626,0,3619,0,2.6674981144632826,262108,5,2303,127469,32604,265727,2,1
19674,CITIZENS BANK OF WESTON,285456,246547,982,1.4054019241984592,13.98,0.09326272013094847,0.3324505352838967,822,2,10.731438611145114,29807,0,2329,90,3.968004522959786,211432,0,2813,61087,28513,213761,51,2
19679,CITIZENS BANK OF ADA,325676,280774,1422,1.7396064782602711,20.93,0.03662070958346804,0,120,0,9.20763240801284,29431,17.855622108042127,2019,60,4.382276659634626,172162,0,2903,44278,28325,174181,19,3
19680,SECURITY STATE BANK,62147,53875,303,1.9011317380767512,14.69,-0.03164390063815199,0,43,0,13.902772172725298,8957,22.983068937078542,722,30,5.763531696017986,36654,0,970,15676,8116,37376,1,4
19681,COMMUNITY BK OF PARKERSBURG,327597,240517,834,1.0313597037004976,11.52,0.5331882282264735,0.5253405861470037,963,2,9.342583088082517,30126,0,1978,75,3.7251968900388017,270438,2038,8120,41301,29217,272416,383,18
19687,GARDEN PLAIN STATE BANK,160404,136141,784,2.0123267849293662,13.73,-0.015098897780462027,0,3,0,15.487356632696963,25197,25.300876338851026,607,-40,3.6920945781195336,51290,154,827,9558,23258,51897,0,2
19689,STATE BANK OF WHITTINGTON,175156,154085,498,1.1346225044855183,12.76,0.34930183736294756,0.8295462330722327,875,1114,10.749116568321508,19255,16.16262673210389,1262,106,4.211630695443645,113160,0,5505,17375,15949,114422,101,2
19690,NORTHEAST BANK,4228502,3328164,18681,1.7980748731043863,16.39,0.22416087447516153,0.7906346029870625,4376,0,11.457114800643865,467279,13.98169707980472,46024,3062,4.542584942085181,3754765,0,145,2168717,467516,3800789,2171,90
19700,VALUEBANK TEXAS,300351,260859,1088,1.4566145092460883,12.34,0.0025465217695779777,0.03862147953561,106,0,12.728313963281119,37784,0,1990,1,4.91845037517922,150384,0,1840,80131,36003,152374,1,0
19716,FIRST CENTRAL STATE BANK,747521,579725,2033,1.1036070116773076,9.79,0.16651652280020882,0.18046315755677766,6129,114,13.248492911371661,95402,0,5232,60,3.0043055924300153,454849,0,4267,103213,84868,460081,200,11
19720,FARMERS STATE BANK,151256,131870,709,1.8812291670121557,15.97,0.0066792737959565345,1.4372983551065743,834,88,13.276953648505014,20111,18.252077843097506,2898,30,5.0378143930712955,115053,0,5677,49420,18027,117951,3,1
19742,FIRST WESTROADS BANK INC,369296,322316,1259,1.3917657544373587,12.93,-0.008363389263499032,0,1511,0,11.15997816072717,40676,0,4792,0,3.8013243341794274,235426,0,106,91159,39990,240218,0,5
19744,CITIZENS B&T CO OF VIVIAN LA,155904,139669,-133,-0.3401414911879697,-5.5,0.023070046428468438,1.6760314039408868,921,396,11.124196476765299,18136,0,568,0,3.1686594896671063,69154,0,2373,23555,10015,69722,12,8
19755,SOUTH LAFOURCHE B&T CO,171053,148811,123,0.283446875315061,2.71,0.18264193128097336,1.225351206935862,905,181,11.945478528506522,20376,0,3304,0,3.5516981177818248,121099,0,6542,23168,18363,124403,347,289
19772,INCREDIBLEBANK,1993556,1793974,3783,0.7569938260379963,10.94,1.284346738696822,0.714351640987261,5335,0,7.8574969926894624,158009,10.935001724793466,15504,645,3.5716107574969373,1471007,0,97607,489673,140359,1486511,4793,12
19788,PEOPLES BANK,1119713,1012462,3755,1.3545235404828488,15.2,-0.0027242463372507994,0.530493081709331,339,5,10.132906048614426,112692,13.784925034413483,5865,485,4.250337022700531,753197,0,10673,200380,100002,759062,2,7
19795,ABBYBANK,647131,549826,435,0.266608646087748,4.05,0.0037254744449916237,0.9027538473662984,3817,0,8.63054809194109,57689,13.118453975079527,4867,150,2.913468132277845,424374,0,487,157947,44047,429241,6,2
19796,MIDLAND COMMUNITY BANK,66955,57795,145,0.8749434303816565,6.66,-0.15056166558842557,0.11201553282055113,634,75,15.422032731162,10526,22.6466633047571,252,0,3.4847929930101538,41377,0,825,2341,8940,41629,0,16
19800,PLAQUEMINE BANK&TRUST CO,229567,204689,456,0.8371369366020226,7.86,0.009125700825305567,0.0017424107123410594,273,0,11.184460125957964,25058,25.40262408186205,1156,0,3.3301993095578157,88021,0,5203,23001,23620,89177,5,3
19809,HERSHEY BANK,116117,92094,305,1.0285333704279795,8.03,0,1.4218417630493383,21,8,12.442248793064664,14381,0,1515,29,4.038915094339623,98998,0,1215,15609,15348,100513,0,0
19819,SOUTHEAST FIRST NB,67642,58898,563,3.506695733416381,28.04,-6.580440208758794,0,37,0,12.864570514398228,8363,0,331,-287,2.9970512882486586,17352,51,588,4680,8321,17683,0,290
19827,PIONEER TRUST BANK NA,696263,593170,4063,2.3272598133838915,16.35,0.1773857864880374,0.25105455840680896,0,0,14.407195163962431,100790,18.766802622729745,7587,525,4.091235363121138,512525,1340,461,260302,100407,520112,242,9
19836,FRANKLIN SAVINGS BANK,733639,586835,1380,0.7563741996923804,4.33,0.021783665774497415,0.8970351903320298,7070,194,18.718185323931248,135909,23.606127414352713,4463,34,3.887397497396177,622904,0,3409,246703,128641,627367,74,40
19850,WEST GATE BANK,1263160,1061521,2901,0.9046468396415248,8.66,0.004762989836970435,0.13806643655593906,826,0,11.944815052650611,153273,0,9930,25,3.2451744728651164,910235,0,210,227670,134227,920165,20,9
19899,KS STATEBANK,2648160,2234471,11024,1.7192280940335425,13.95,-0.04327349142977394,0.9052700743157513,46400,8203,11.98261989952353,301508,0,36099,349,2.9952746904339036,2002820,3564,1967,731169,303419,2038919,3,222
19904,CENTINEL BANK OF TAOS,417651,384729,1767,1.6684410179661922,26.46,0.002791892344631191,0,460,0,9.035466272178198,38357,25.69102564102564,1670,0,3.2239616667842883,146005,902,1248,31759,28718,147675,1,0
19977,ISRAEL DISCOUNT BANK OF NY,13581365,11758189,21873,0.6377548045186617,6.58,0.01495801849900098,0.680049464836561,12030,519,10.485703901972926,1446927,14.424839394860618,81015,4938,2.7924378879856167,9486158,1299,14232,3703689,1347859,9567173,465,112
19978,PENNSVILLE NATIONAL BANK,288457,262160,959,1.3436100588617492,16.73,0.9550642280693377,0.3040314500948148,958,10,8.968744021011252,25782,22.51173886382918,1005,90,3.7745710054876453,104625,612,8477,6134,24042,105630,280,30
20015,BESSEMER TRUST CO,1011949,747287,9779,4.084223803268966,33.21,0,0,0,0,13.541013395973453,122209,44.34192288992257,0,0,1.502112212622328,249622,0,156512,0,121365,249622,0,0
20026,EASTERN NATIONAL BANK,112925,99248,-1150,-3.768731002728234,-43.5,-1.146688463224232,0,266,0,8.360409170606859,10061,15.20783954980803,1602,0,4.557762328896795,72778,0,16,35346,10008,74380,89,331
20093,ALL AMERICA BANK,612798,548682,931,0.6164470863605289,6.03,1.2133335250131951,2.981569783191198,8178,1500,10.259786054666131,62265,13.970130106246284,6040,1274,4.131630762354136,476159,0,5285,151972,61814,482199,1535,58
20099,TEXAS EXCHANGE BANK,3334542,2741612,21102,2.1740157876795725,21.64,-0.00036902786068091176,0.31059737739095805,0,0,12.446074364819903,395477,26.778105175128548,12924,-2208,3.0056132952827865,972236,0,0,59710,393495,985160,0,1
20100,TOWER COMMUNITY BANK,400715,351809,913,0.9266448453477455,9.65,0.8242994954833589,0.8372534095304643,5288,1310,9.333696345426173,37025,0,2821,182,4.365442099495794,298120,0,3411,61708,38254,300941,621,3
20130,BANKFIRST,1101696,733230,5067,1.817510894259659,11.66,-0.002751516085363035,1.7000152492157545,12337,0,14.782011301254261,161590,19.253761605664746,12497,600,4.0290572124974,710571,0,1000,173658,174819,723068,0,5
20156,KIRKPATRICK BANK,1004739,907499,2249,0.900558193918329,12.52,0.005445077207791633,0,1,0,10.363164535866485,108821,15.006290674643274,16386,0,3.2115258920003895,719743,0,1478,401090,74582,736129,13,3
20161,CITIZENS BANK OF LAS CRUCES,1056797,943758,5586,2.1250775124495456,22.21,0.0028314795400827784,0,273,0,10.556754936718889,111930,15.132161485784302,10383,347,4.457147236653317,695124,808,682,284367,102355,705507,5,0
20162,ASCENT BANK,104551,92677,339,1.2924071082390953,14.58,-0.005004222312576236,0.2697248232919819,1115,0,8.91947336485953,9261,13.976840341213478,1209,3,4.390614706329499,79325,0,1275,23844,9314,80534,0,1
20164,SUNWEST BANK,3573018,2981166,15111,1.7111690270592543,18.92,0.00542092623474626,0.3986545827644865,8184,0,9.466739402279206,335447,11.192945486394859,51081,2077,4.770582408702418,2864250,0,168346,1712723,329388,2915331,42,3
20179,FIRST INDEPENDENCE BANK,690859,523091,1199,0.7185120986740635,8.54,0.2693363483452118,0.32770796935409396,3846,0,10.153804373218708,69543,0,5215,309,3.1538234311633313,365746,0,31972,65484,57389,370961,267,13
20198,SOUTH GEORGIA BANKING CO,576163,503172,1958,1.3614997357661391,11.36,0.059080006144320636,0.13902315837705648,1640,1,12.887960306694932,71925,18.62353860785685,4816,75,5.229884768151911,343279,0,13426,109730,70500,348095,54,4
20215,BCBANK INC,223017,200011,706,1.2589326711751674,13.15,0.004624919063916382,0.1946039987982979,394,1,10.762307815931859,24108,0,1608,0,3.4581774869972244,170373,0,2658,76497,21965,171981,2,0
20231,PINNACLE BANK,2744975,2408464,6601,0.9731750296054704,8.44,0.01150403130016836,1.0616490131968415,5185,405,9.852831705208223,260614,15.0854652570414,20896,694,3.0943847096838497,1736779,601,6551,751463,319849,1757675,66,16
20234,CITY NB OF FLORIDA,27175452,21966925,55245,0.8232904540257965,8.6,0.1018449514002663,0.5179601060545378,93205,0,10.521389940357649,2887923,15.137427460730619,198560,15020,2.5468538173071096,18752266,0,30727,7685592,2618597,18950826,4906,153
20239,BANK OF CADIZ&TRUST CO,140374,137091,211,0.6192359332927357,48.21,0,0,378,0,8.988550007823822,13212,18.841280068728523,824,15,3.272533867284047,68372,0,1910,9480,2337,69196,0,0
20241,AMERICAN BANK NATIONAL ASSN,2517020,2265224,7028,1.11504604146161,11.66,0.11138022885875537,0.20695107706732566,4033,0,9.640962772129468,239541,13.507876703091966,18408,1222,3.9202652855918627,1733803,0,6021,720301,235680,1752211,706,222
20268,SCALE BANK,524035,406288,2222,1.6859596625425022,8.19,-0.0032934596009150333,0.20380318108523285,1667,172,16.049228487723102,79652,0,4020,265,5.776155334656518,358217,0,548,66577,109520,362237,27,30
20279,COMMUNITY STATE BANK,377589,352635,846,0.9320632227518175,14.55,0.013939980638915779,0.16870194841481082,382,0,9.179376914692059,33769,14.048850738066815,3510,95,4.112760532053182,256391,0,8529,42590,23482,259901,43,34
20296,JOHNSON BANK,6848587,5311049,17823,1.0489523608159528,8.59,-0.00023464199692853626,0.15870426994648676,7971,127,12.528357971933367,839407,16.84941109628264,80849,0,3.414244020582688,5095094,18049,7035,1411816,840795,5175943,127,130
20311,AMERICAN BANK,663889,592030,1914,1.1624252417543877,16.13,-0.010865002345852779,0.7721170255871087,842,0,9.493015134759583,62579,14.959296888517057,6572,0,3.4883739702209615,401880,0,294,154300,49165,408452,0,11
20353,GULF COAST BANK,501439,437370,1372,1.101387672204712,9.43,0.017396162473466672,0.7083613360747768,2527,860,14.70630693749651,76405,0,3632,249,4.793254332415646,295165,0,7329,140865,59935,298797,31,18
20369,HEARTLAND BANK&TRUST CO,5089169,4398517,20540,1.6239516261653868,13.05,0.04950787127549558,0.10722772224699159,10368,4,12.124858942534715,607930,16.45846370532358,42111,576,4.192615953213894,3422388,5851,2525,1213012,640298,3464499,665,236
20387,BANK OF THE ORIENT,982458,825157,1886,0.7747479809722553,5.72,0.19874796273975068,0.4120277915188232,11143,0,13.776954520391534,134175,0,13362,0,3.6224309072571375,792333,0,0,516124,132975,805695,398,0
20429,LIBERTY BANK,213329,188859,812,1.5457318669185778,14.16,0.008187326019322089,0.28453702965841493,2806,351,11.963328226733053,24989,0,1528,75,4.70253807106599,150381,0,8274,31262,23489,151909,5,2
20454,CITIZENS BANK OF EDINBURG,33740,30546,88,1.0733016221490426,12.12,0,0,31,0,9.594876287725446,3176,0,151,0,3.1981354999514453,8712,0,264,4775,2978,8863,0,0
20468,FIRSTSTATE BANK,338135,316946,688,0.8200837069452328,15.05,0.09203593345802011,0.18986499475061736,1770,2,11.005732769935559,38991,0,2089,60,3.6205935672327314,151598,0,11639,12912,19276,153687,57,22
20479,FIRST SECURITY BK OF ROUNDUP,87465,76532,493,2.235941743059453,19.4,-0.21176826501285734,1.8247298919567827,406,247,12.768580283182986,11083,28.451533742331286,648,0,4.4001391538009385,26380,0,2312,796,10478,27028,1,15
20484,BENCHMARK COMMUNITY BANK,1284317,1154270,4631,1.4772571854199406,16.46,0.07254499127378895,0.12878440447335043,5518,659,9.571208081041448,119312,13.311927659263437,8070,440,4.542792104332917,1013087,1155,7534,268158,115080,1021157,206,23
20488,FIVE POINTS BANK,2091857,1912742,7212,1.3773294475785969,21.47,0.13186787890845622,0.424311986909239,5010,8129,9.904100038922302,207129,15.083243196961519,17909,703,2.6895725186437196,1210146,0,5968,388833,137923,1228055,432,31
20504,AMERIS BANK,26427916,22015816,93822,1.4268692713458893,9.76,0.1702330335103717,0.4386460135562713,111410,15392,11.577292483378239,2912474,15.13822939606628,345555,21892,3.7816443346575412,20906477,0,119229,6820328,3899613,21252032,15384,6336
20537,AMERICAN BANK&TRUST CO,306591,254727,1540,2.012999532696537,13.69,0.12250016500561019,0,0,0,14.702179839053093,47300,0,1062,0,4.7137535700218836,193479,0,558,47540,46019,194541,60,2
20568,LUMBEE GUARANTY BANK,508278,452686,954,0.7422882552724641,8.21,-0.03479224224556456,0.3649577593364261,1308,0,11.363795368506151,58474,0,1458,20,2.911994956128829,217451,0,5640,81683,47870,218909,6,25
20624,BYLINE BANK,9566291,7584919,30718,1.290382475028192,10.16,0.38082158646237724,0.62582248438815,42671,0,12.098703114419935,1103514,14.14615375037559,100420,9179,4.144850737505733,6946750,0,1382,2383347,1226326,7047170,7636,992
20657,FIRST SECURITY BK DEER LODGE,88084,79722,529,2.4923732906159084,25.32,0,0,1208,0,9.68931204810652,8121,0,665,-14,4.008216355912058,70588,0,206,7571,8121,71253,0,0
20666,NORTHWEST BANK OF ROCKFORD,483415,420880,1136,0.958175754821718,12.28,0.06195813523223544,2.963912994011357,2163,1,8.946745462610819,42556,0,5462,270,3.2674339711640457,341268,0,3112,115697,36810,346730,74,20
20698,SOUTHERN HERITAGE BANK,390556,348399,1185,1.2219423727852294,14.38,0.2617223790708856,0.9988324337610996,4083,4,10.257721988068331,40303,0,1908,56,4.110433725682144,275826,742,7191,76173,33767,277734,203,22
20720,TENNESSEE STATE BANK,944853,849321,2429,1.03516646725471,12.83,0.05137290306008741,0.0379953283738317,1172,289,9.122839400648349,86986,13.853459834589465,7175,150,4.090741110866259,656436,2075,23546,277258,76918,663611,105,20
20727,DALLAS CAPITAL BANK NA,1178371,986285,1887,0.6625516137187158,5.91,-0.06505406166776542,0.0017821212504381047,0,0,10.694383373565334,119175,0,7380,0,2.809557203661843,880676,0,0,302576,128925,888056,0,140
20741,PIONEER BANK NATIONAL ASSN,2068930,1771257,5418,1.0705780242026115,8.54,0.004045423361982796,0.5170788765207136,1750,1,11.738043153972797,236850,19.122578620811378,22810,800,3.9153405949214592,1487176,0,10660,299428,257314,1509986,56,41
20776,BORDER BANK,995483,882771,1309,0.5309232904062181,6.29,0.048741011068271264,1.2416083448938857,863,0,8.831532750879354,87175,11.56078320057244,10468,397,3.3077308479951744,813628,0,20441,243856,84396,824096,160,61
20818,CITIZENS TRI-COUNTY BANK,1525995,1386475,6304,1.674965326304714,20.75,0.012716848764876063,0.5337501105835865,5823,146,9.205886154243828,139608,0,17761,-7,3.521765784405933,929170,936,61057,224042,125320,946931,373,343
20845,WALLIS BANK,1268774,1126318,7610,2.4179705093386565,23.26,-0.0031309668768165107,3.293730798392779,6120,70,10.395043797356092,129400,12.417878366077149,8325,450,5.17942690649843,1037125,353,2907,670952,131504,1045450,11,19
20856,LIBERTY BANK&TRUST CO,1106412,969256,3110,1.139840779636433,10.84,0.43656328737874567,0.6087244173056692,6038,142,11.414956514010505,123295,20.440704639350237,7372,0,4.0091304230314675,621094,6665,3984,215850,117850,628466,778,91
20872,CITIZENS GUARANTY BANK,288727,254330,896,1.2506499261963004,15.73,0.07003854022933816,1.7778039462883624,3695,5,8.222854028459052,23687,12.19143856019286,3075,104,4.976731282599629,261990,0,10435,28591,23245,265065,56,10
20884,BANK OF GUAM,2727820,2474938,2051,0.3100621087965006,4.03,0.2857442196728132,2.9624022112896014,11519,2663,9.499341410294866,254940,15.499841061363723,32150,5680,4.6389152364371125,1633856,13958,181483,749624,207358,1666006,1637,454
20954,CITIZENS NATIONAL BANK,1885947,1699871,7279,1.5263633983131681,18.72,0.009661859086616152,0.00424190075330855,6780,78,10.109201733926502,195173,14.976774443899155,13856,300,3.129024586029635,1237411,1556,3057,608602,161305,1251267,43,13
20989,INDEPENDENCE BANK,1283425,1128935,4951,1.5701235707229513,13.99,-0.1441104503666024,0.1639363422093227,8989,860,12.680126377437004,164550,16.477399304936732,12963,29,3.9164649586307263,933931,711,13173,284919,142806,946894,29,365
20993,HARDIN COUNTY BANK,628428,560894,1627,1.0366135803068905,12.01,0.039981248794315465,0.6226648080607484,2028,0,10.29943674955276,65920,0,4217,225,3.892443298801105,492096,0,9617,123546,55322,496313,52,2
21031,BANK OF TAMPA,3024877,2748184,8337,1.1102778441339438,13.55,-0.07550482782518972,0.10066525019033833,1507,27,10.233688509006141,309500,15.681235733191423,24948,901,3.386566385536326,1815518,2213,6237,841916,250659,1840466,1,342
21050,FIRST STB OF THE SOUTH INC,133683,111553,301,0.926460290711543,6.93,0.019885163182620368,0.6246119551476254,719,335,15.994310732532915,20129,0,612,0,3.7130002367984845,58610,0,4320,11959,17786,59222,4,1
21074,TEXAS BANK,857325,740420,1931,0.9034842747064759,8.92,0.09212189984641266,2.1599743387863413,20950,470,10.52425082709335,91202,0,6947,390,3.9951596527837614,645874,0,14734,177212,87525,652821,296,145
21083,UNITED MISSISSIPPI BANK,545953,481718,1449,1.114661471580075,10.22,0.003400179926187761,0.1097164041593324,6825,57,10.410827335172023,55715,0,3037,90,4.342005282773094,358744,0,10018,147619,57717,361781,16,13
21085,BANK OF ONTARIO,80295,67273,354,1.7471882731092176,13.81,0.18919306292102622,4.356435643564356,4381,0,13.229064437183993,10649,0,1245,90,5.168073545661996,68144,0,1689,10210,10303,69389,38,5
21121,WESTERN STATE BANK,781696,703445,4638,2.3960711252893865,25.91,0.02079486515365456,0.4824126002947437,1645,0,10.557163961632869,83396,14.87133277178136,11133,300,4.447135880679262,528284,0,2477,60650,73119,539417,31,3
21161,BANK OF THE BLUEGRASS&TR CO,386528,335243,1551,1.6286948520484041,20.07,0.004084550188910446,0.024319066147859923,282,0,10.186689358190867,39505,0,4999,0,3.3601494137585166,292433,0,676,120722,31382,297432,13,10
21219,BANK OF THE MOUNTAINS INC,95144,83870,254,1.081731409072277,11.14,0.07567277829452476,0.7630538972504834,252,101,9.783254787075958,9217,15.652391294158086,915,0,5.045583336297139,63961,182,11847,6788,9217,64876,23,11
21227,CBBC BANK,510787,439878,1232,0.9859569164037382,9.34,0.04241890127732088,0.024276263882988407,180,0,14.412883218012663,76405,22.541105795352905,4934,25,3.524958475207519,273367,0,920,169168,54241,278301,33,4
21247,FIRST KENTUCKY BANK INC,589079,518758,1423,0.976893181055618,14.96,-0.0022733698872266454,0.15379940551267318,945,137,8.89276256691278,53260,14.369637894726422,4740,110,3.1714742857142855,348532,0,34859,84603,39272,353272,0,2
21255,LAKESIDE BANK OF SALINA,48491,41879,295,2.4123972686756345,20.34,0.022015823873409012,2.0168691097317026,854,0,11.913632175619918,5948,0,924,170,6.588825889155331,35826,0,13077,2644,5948,36750,5,3
21265,BRADESCO BANK,5113732,4373262,11842,0.9006875424443395,8.96,0,0.16295339685380464,16748,0,10.922303044404652,537016,18.20117986137026,37445,821,2.5743209977155432,3770353,3533,41609,217160,535760,3807798,0,0
21284,BANK OF PENSACOLA,139244,125899,261,0.7349085060028087,8.1,0,0,0,0,9.3289359036214,12955,21.59201752562483,548,0,2.6182193016363873,71857,0,99,16748,12955,72405,0,0
21292,PEOPLESSOUTH BANK,1120160,1052252,4136,1.4843252685651687,29.94,0.0015696143588321545,0.7725682045422083,4408,14,9.895173583299426,116003,0,10032,-39,3.8871625507130156,753833,0,9801,256335,59816,763865,8,5
21329,NBT FINANCIAL BANK,528335,445547,1451,1.138238965465508,10.65,0.0027045940911380596,1.9506563070778957,2681,285,11.126490757009085,56108,14.158986652188515,5304,183,4.646234974569332,441530,0,3807,122880,55339,446834,13,10
21342,SONATA BANK,221739,199107,-802,-1.4580061947083647,-16.19,0.04227357874907196,0.3053139050866108,2255,43,9.544420529099533,20265,12.74630471041583,1843,186,3.4309309125009513,191634,0,17405,59560,20235,193477,20,0
21379,FIRST NATURALSTATE BANK,102353,87476,214,0.8664756911054651,6.11,0,0.4758043242503883,1147,14,15.573631249188095,15585,25.396456668525058,1389,0,3.862800317286244,70755,0,2089,6412,14680,72144,0,0
21448,HOLLADAY BANK&TRUST,65704,53582,286,1.756338709305985,10.17,-0.01008750914180516,0.03348350176549373,639,0,17.335964630471032,11332,0,565,-50,4.819702378564839,38120,35,232,13812,11332,38685,0,1
21455,FIDELITY BANK OF TEXAS,126956,97336,113,0.35628423915185436,1.9,0,0,200,0,12.967310362236525,15411,0,405,0,5.1408072243223755,81698,0,1245,26248,23847,82103,0,0
21486,CROSSROADS BANK,218255,186358,530,0.9700053304538208,7.42,0.0028897036247719846,0.0004581796522416439,101,0,16.087006035759025,35315,0,1394,18,2.8048153553407706,135748,0,1287,88552,28982,137142,1,0
21525,CORNERSTONE STATE BANK,233532,213490,358,0.6087775347485711,9.74,0.03729690668780158,0.6166178510867889,1339,123,9.966602935987593,24292,0,1592,60,2.8666649961159694,148856,0,6173,26114,15050,150448,20,6
21526,WEST CENTRAL GEORGIA BANK,155694,120571,449,1.1798983684423174,5.59,0.020739223704932697,0.004495998561280461,803,2,23.65991228997147,35823,0,1654,42,4.247318086731364,75915,377,3072,17983,32383,77569,12,8
21529,BANK OF OAK RIDGE,117974,102767,10,0.03507725765999614,0.27,0,0,3875,0,12.833034235229155,14874,17.78492802709568,870,22,3.8642684961987763,90157,0,2895,28931,14772,91027,0,0
21557,THREE RIVERS BANK OF MONTANA,322693,279036,589,0.7286718131433095,7.93,-0.00902559319771126,0.4372577031419957,2552,0,10.007281967060718,32295,0,3202,0,4.203439980183977,264437,598,1287,82708,30124,267639,0,6
21567,AMERICAN BANK NATIONAL ASSN,632208,528004,2279,1.5327435622164254,14.36,1.0614229582647257,0.059948624503328024,5561,156,11.080442742544093,63428,0,6002,1640,5.108399249271196,437939,0,844,221375,64682,443941,1287,171
21573,BANK OF TENNESSEE,1974651,1771505,6996,1.4336227150101077,16.85,-0.0122592447155951,0.2332057664873438,4446,0,9.436893302749723,185342,12.596932954303727,15231,-126,3.609022887190812,1551133,0,2228,574715,169363,1566364,107,155
21591,BANK OF GREENE COUNTY,3008192,2671921,8613,1.1533634998214817,13.44,0.024216655824878263,0.09750042550475502,7244,0,9.51300748564073,276991,17.093061428984853,21196,1161,2.3533646744471968,1598549,0,1942,624354,262291,1619745,137,41
21606,HCN BANK,997524,881399,6085,2.513040138434027,22.96,0.0011529869568350508,0,0,0,11.436068925768959,112307,16.048675073460622,9593,-61,4.009186824193976,684250,0,235,656757,107932,693843,3,1
21635,BANK OF BOURBONNAIS,81104,71104,115,0.5942922108962184,5.06,0.028824154641589654,0,0,0,12.098794893210835,9126,18.274376713222818,1004,5,3.5484874301864853,53960,0,97,31415,9127,54964,8,4
21692,PEOPLES BANK OF GRACEVILLE,113470,103440,210,0.7384160974709248,12.61,-0.07927070947284978,0,815,0,10.48164318144188,12028,30.886842562486038,381,0,2.2027220630372493,40572,0,1628,3442,6932,40953,0,8
21693,LAKESIDE BANK,307777,237734,1485,1.9292980473165215,12.3,-0.1716187799979255,0,398,0,15.709130643879043,48017,0,1922,-605,3.827410997266614,207135,0,275,68085,49759,209057,0,91
21714,PREMIER BANK,1089955,934385,4405,1.5827027298927363,16.44,0,0.9696730598969682,2224,9999,10.496230815120127,116124,14.331462737138057,11871,0,3.738757296822414,821489,0,1812,447812,110158,833360,0,0
21716,CITIZENS BUSINESS BANK,15263140,12039174,52459,1.3794206033778569,9.59,-0.006153822849428263,0.17119675243757182,718,0,11.696943606818705,1719949,17.16702696209465,78252,-1500,3.27430805541968,8285380,0,5255,5493350,2212100,8363632,40,170
21721,HERITAGE BANK OF SCHAUMBURG,145665,124130,383,1.0529752392735021,7.41,0,0,0,0,10.170682730923694,14182,24.636844795462416,899,0,3.226059625295716,70653,0,0,2764,20990,71552,0,0
21728,FARMERS&MERCHANTS STATE BANK,141703,109009,308,0.8533983541603171,6.99,0.6413939628793244,0.4495317671467788,1246,637,14.231207329089246,20365,0,627,5,2.787273588687634,72274,113,2235,2387,17588,72901,120,0
21752,FIRST STATE BANK,83198,73869,296,1.4637523489269113,14.06,-0.41429788017584646,0.14543618836991276,422,37,13.704670871107608,11126,0,1271,6,4.38452091662094,41973,0,2713,16366,8734,43244,2,47
21761,JPMORGAN CHASE BANK DEARBORN,68834,500,565,3.2999204222730025,3.33,0,0,0,0,99.5766052500949,68204,506.6785528564,0,0,4.885245901639344,0,0,0,0,68204,0,0,0
21784,FIRST PORT CITY BANK,562104,507831,1928,1.3760260645601026,15.57,-0.002660010728709939,0.6125201030414301,3458,0,9.501579236594045,54119,13.65084965553267,5902,180,4.311883033455505,451019,0,6091,174509,50666,456921,0,3
21805,FIRST STATE BANK OF DEQUEEN,429998,377097,1437,1.365062891924209,23.36,-0.006238595068390598,0.7065149140228559,2926,0,9.067635719859766,38926,0,3763,117,3.209240677931935,257722,0,3514,31554,27660,261485,30,34
21807,LOVELADY STATE BANK,55649,48546,207,1.534811299770149,13.64,0.017153394227882843,0.7421517008391885,598,0,11.871267904897973,6481,23.18475671997278,333,0,4.543116569569096,23244,0,5230,3140,6210,23577,1,0
21843,MIZUHO BANK USA,7486619,6142378,21737,1.0968669315901978,6.9,0,0,0,0,17.06212994255561,1276176,26.414236446429012,4468,-310,2.001296296817748,2221091,0,0,0,1271740,2225559,0,0
21848,QUAIL CREEK BANK,781224,705990,3390,1.7359877559093677,18.55,0.10797030816525456,0.20544683727074436,5499,617,9.76295501383474,76602,15.47669452181987,7457,0,4.237171909796827,589290,0,924,249657,72533,596747,194,32
21868,BESSEMER TRUST CO NA,4998286,3746260,26299,2.3809612727129315,28.61,0,0,0,0,8.572472926089562,317313,21.959012445468034,0,0,0.911537877595275,781607,0,491095,0,375020,781607,0,0
21874,FIRST PEOPLES BANK OF TN,214497,187961,315,0.5856651482755415,6.97,-0.002791590334118468,0.013520002610759125,17,0,11.147939186900603,23039,16.02184447350204,2413,0,3.6375026523456837,139442,0,6067,67072,18390,141855,1,2
21883,TRUPOINT BANK,504957,434305,800,0.629866704458669,6.65,-0.0049487724724531215,0.1350610051945017,522,47,12.47959536029885,63607,0,3338,-31,3.4570724561740334,316948,0,63487,96925,49586,320286,5,9
21897,BANK STAR,190476,174691,297,0.6301050175029171,7.91,0.10084045064779767,0.07087507087507088,2026,135,8.063389109064046,15117,12.104073210120223,2059,60,4.103883130043375,143825,0,890,30920,15158,145884,39,2
21906,PRIORITYONE BANK,1151856,1005979,4415,1.5448189955002554,13.95,0.018370811468987214,0.3858989318109208,15535,174,11.459027489454641,131375,0,13341,528,4.4498775898562775,874799,0,20355,364086,129214,888140,248,207
21928,KIRKWOOD BANK&TRUST CO,358496,322747,1157,1.3040384899865454,15.04,0,0,0,0,9.141200451985004,32602,0,2647,30,3.3334489942778003,208714,0,4024,63568,31291,211361,0,0
21943,TRI COUNTIES BANK,9815501,8211270,27763,1.139740612845092,8.36,-0.023190053821230877,0.5862054315923354,12401,144,12.082096942956767,1165564,15.739169486226285,128423,3728,3.8362534006482476,6694379,0,3079,3345825,1347509,6822802,374,768
21955,STRYV BANK,249000,219343,541,0.888788491749751,9.49,0,0,60,0,9.900574789022526,23839,12.174735993853131,2041,105,4.237213204198395,207041,0,772,92025,22848,209082,0,0
21956,MONTECITO BANK&TRUST,2143357,1841726,1223,0.2299844859197969,3.04,0.03075061482010506,0.12233146414712996,1421,0,10.191932651014827,225034,0,14209,0,3.182540191322806,1299208,1323,15041,570333,165142,1313417,108,8
21978,FRONTIER STATE BANK,561601,469739,2298,1.6756293636181345,14.22,-0.006363621900859316,0.09597561257903743,1714,539,12.343107339565414,67432,0,5883,75,3.3971534027083408,444007,0,1252,199090,64952,449890,0,7
21988,COMMUNITY STB OF ROCK FALLS,323320,288442,533,0.6583599672672812,7.19,0.019218896018565454,1.9825559816899665,7258,5,11.286160079333069,37216,19.783435179840364,4757,0,3.165601619516982,203004,0,318,13401,30739,207761,33,23
21998,COVINGTON COUNTY BANK,102425,88023,606,2.399489217641789,19.93,0.40377616014558687,2.6975835977544547,3601,968,13.369932432432433,14247,21.092473973497704,604,0,4.533060668029993,69549,0,3197,14979,12567,70153,71,0
22015,ANDREW JOHNSON BANK,595955,541160,1874,1.2812218781967522,15.01,0.01778301908866707,0.6544118263962884,4248,0,10.297330302927508,60711,16.081497888801245,6761,94,3.8986637819942715,422981,0,1890,122441,50836,429742,19,0
22020,INSOUTH BANK,543004,497450,953,0.7097658908334629,9.16,0.010745073139759214,1.1460320734285567,3375,331,8.779140165833322,47635,11.93018250302677,5656,10,4.3053020342469095,405017,0,4965,133166,41988,410673,22,11
22046,FIRST NATIONAL BANK USA,219641,188230,1023,1.9158693631794441,14.1,0.06465015235568992,0.015935094085348364,158,35,13.234767986834104,29594,0,1411,0,5.043443200286718,104861,523,504,27935,29594,106272,19,2
22065,GRAND BANK,647274,570972,2125,1.33611664769905,14.82,0.005460591108987548,0.0033988697213235817,6991,0,10.273280285108607,66877,14.001448419126755,8712,60,4.091508872691255,502320,0,247,252419,57983,511032,7,0
22081,MAGNOLIA STATE BANK,478752,426085,-204,-0.17452249597111824,-1.66,0.02284196926327511,0.2932624824543814,7581,646,11.104829319759059,52837,16.182952230801984,2982,-4,3.8940111152821393,347043,1625,8183,97777,49316,350025,31,11
22086,MAIN BANK,242473,202208,1369,2.1830387931893656,20.72,-0.03662221137119663,0,0,0,11.131845713472396,28156,15.170300064264175,2806,30,4.039937814833386,192395,0,2,147178,26938,195201,0,18
22090,COFFEE COUNTY BANK,384640,343640,2026,2.132505312185463,25.01,0.02194078426114409,0.26622296173044924,1777,0,9.396744011277905,35261,12.571395548192596,4005,183,4.36000450772763,326381,0,8196,57912,32961,330386,40,22
22092,FIRST NATIONAL CMTY BANK,678617,585542,3086,1.8582007937696683,14.07,0.19068454565055276,0.23002665715712986,649,0,13.197027994017194,87086,0,6335,270,5.133841359791369,505803,0,3736,253009,89115,512138,266,25
22134,CACHE VALLEY BANK,3336843,2951542,13570,1.639619588923083,15.26,0.011663182085680856,0.2804147513083474,3423,0,10.98313934608351,359863,14.556025833331477,31594,1500,3.9543731529133446,2434644,1161,12017,1167289,359570,2466238,185,114
22138,RABUN COUNTY BANK,335785,297458,1049,1.255533729003996,12.01,-0.0020342982688121734,0.29334246616138304,239,0,10.735360326560015,35767,0,2962,4,3.7448405850120485,197015,0,5069,39053,35496,199977,0,1
22139,PROGRESSIVE BANK,752170,672963,1446,0.7632157456792013,8.48,0.01877829785162363,0.019144608266748207,21,0,9.763481676255248,74077,13.582703055467228,7582,0,3.4399122338563135,575310,0,939,207678,69153,582892,33,6
22180,UNITED BANKERS BANK,1254707,643238,2078,0.6637750288185531,6.29,-0.0005527488198812696,0.2782322884944453,3007,5,13.600902404592357,139505,17.908357520048806,12060,557,2.0302316457225915,717503,0,1167,267859,133433,729563,0,1
22205,BARWICK BANKING CO,603254,543537,778,0.5399979350978703,6.81,0.0017132418604949983,0.0760873529226495,2932,0,8.356544495271237,47643,10.264190527992541,4916,350,3.615307215184142,481512,0,2417,257242,47970,486428,2,0
22229,COMMONWEALTH NATIONAL BANK,67245,58505,-39,-0.23349797934440952,-1.88,0.03200896250950266,0.7093464198081643,1038,0,15.400383424273706,10443,37.94884407279882,552,0,3.678642436936974,24762,0,378,9539,8484,25314,2,0
22242,UNION BANK&TRUST CO,182042,161935,503,1.0878321753940148,11.13,0,3.3393392733545,0,0,11.04436906224291,19600,16.695421994280444,2027,90,4.130925699298229,107371,0,9,78998,18416,109398,0,0
22257,COLONY BANK,3160265,2648929,7132,0.9116007975867887,9.24,0.1266168922291233,0.41135790827667934,5908,22,9.622625569066587,300693,15.012846265240343,19997,1500,3.01345846047993,1926110,105,97482,914510,314422,1946107,719,113
22263,AMERICAN STB OF GRYGLA,81478,75326,227,1.1338024211926152,15.71,0,0.06382090871155405,663,52,9.87737653279334,7902,0,479,0,3.235729151668259,40031,0,2597,3936,5846,40510,0,0
22271,FIRST NATIONAL BANK,364679,304714,1885,2.091527924949099,13.13,0.4497396244279628,0.07239243279706263,3933,0,18.05939357745867,66529,0,1925,164,4.698277278416542,153453,0,17361,27846,59008,155378,205,34
22273,GUARANTY BANK INC,143919,120442,240,0.6719983200042,5.05,0.00340598004947186,1.078384368985332,1348,469,13.633372075112375,19472,19.298408168559938,1927,30,4.412328565108392,114996,0,2185,52522,19370,116923,3,2
22282,FIRST NATIONS BANK,542790,449032,1223,0.9089954689586036,7.27,0,0,531,0,12.631798765310098,67748,16.852440147329652,7789,0,2.9483823523808437,435648,0,2493,303532,67845,443437,0,0
22308,WEST MICHIGAN COMMUNITY BANK,1063884,925921,2962,1.12177423630731,12.9,0.0034975812039986097,0.8328915558463141,552,0,9.380600237250155,99717,0,12356,1186,3.796750622606995,911610,0,3709,421500,94119,923966,12,4
22319,LEGACY BANK&TRUST CO,1915268,1632305,16185,3.4127210045228833,30.68,-0.002458003474387911,0.14081580227936769,379,1506,11.746793172182928,215983,13.569371167831171,18457,250,3.23305634249648,1621539,0,2501,258956,219132,1639996,15,25
22334,ONE COMMUNITY BANK,2188804,1704255,4581,0.8410811500559183,7.68,0.008944104798730373,0.34557685384346887,7510,0,11.187764779937302,243140,0,18624,638,2.8987311994212615,1829163,1628,1952,929754,241249,1847787,45,4
22340,PANHANDLE FIRST BANK,534621,435513,2135,1.6021507091017733,11.17,0,1.300173393862194,1349,31,13.363514897871134,70312,17.331351134999142,5391,270,4.72704560658606,371672,236,4941,100973,77821,377063,20,20
22354,COMMERCIAL BANK,2245139,1902775,9056,1.6019408674025113,15.05,0.021246682651999745,0.24020784459225017,3710,20,10.62755392534267,240599,14.014331793142143,18110,0,3.7655393234428542,1764577,1739,10318,816025,243270,1782687,331,236
22355,PINNACLE BANK INC,55607,44078,104,0.7486794626065204,4.42,0.14016756395145105,1.0682108367651555,1102,0,16.135439503813217,8611,0,553,5,4.03631878020667,31405,0,1925,8567,9505,31958,15,4
22358,CITIZENS BANK,124771,113426,304,0.9861405088030881,11.93,0.11447452291441727,0.517748515279993,731,503,12.192628769379295,15029,25.902944836167563,464,15,2.8442532341429896,37736,0,3300,2423,10754,38200,13,2
22366,GBC INTERNATIONAL BANK,655141,522259,852,0.5140856915078565,3.49,-0.07266121707538602,1.0406920037060725,8042,0,14.778308091247322,98309,0,5501,0,2.8884712706610043,447741,0,0,352690,98402,453242,0,83
22373,AMERICAN NATIONAL BANK&TRUST,2370355,2113108,4996,0.8587117518983056,8.69,0.007474988518530894,0.7945223394807952,10953,592,9.990408731290447,231551,13.779865294835139,19885,900,2.7953037152563818,1733155,0,5575,839467,231983,1753040,34,1
22381,ANAHUAC NATIONAL BANK,291547,281105,306,0.46623598244758657,73.65,0.0044120647911714585,0.00788895100961423,450,0,8.656449516313208,24107,19.168697616358557,2369,30,3.3316415906746775,90586,0,4089,42651,2310,92955,3,2
22394,PEOPLES COMMUNITY BANK,712003,588619,2911,1.6569770130726722,9.66,0.001742716262919246,0.7565979356828553,8561,14,18.428695780801966,129567,0,5391,270,4.238143597810069,456220,0,11594,89238,121629,461611,129,127
22396,CENTRAL NATIONAL BANK,1275478,1133110,6449,2.008424232515046,22.39,0.006156989770738714,0.04751159957286601,6887,606,10.313152995256122,130396,14.319933931742831,12545,180,3.764194155438035,1032945,0,6105,275674,117593,1045490,31,15
22398,MODERN BANK NATIONAL ASSN,744299,564478,-1561,-0.8201587776954641,-7.23,1.5706199856373984,4.589687746456733,4709,0,11.395059714647187,83133,17.11851145038168,7885,1882,2.237120307222467,493522,0,0,36765,85640,501407,2034,0
22430,WASHITA STATE BANK,43021,36410,104,0.98153719105763,6.38,0,3.1077845703261198,638,1069,15.378442802860448,6516,0,403,15,4.784033288898302,29584,0,357,5185,6481,29987,0,0
22434,BANKCHAMPAIGN NATIONAL ASSN,239591,188720,937,1.5462652207904188,13.2,0,0.27880846943332593,2276,0,12.290875045863048,29144,14.872422638265265,3318,34,4.145068771440476,196271,0,51,65462,27905,199589,0,0
22447,WRAY STATE BANK,263687,234009,603,0.9091662960142934,9.22,0.04336379123431934,1.9724142638810407,7223,1907,9.899792079094185,25854,0,2969,90,3.9056169578323017,193173,0,4479,20269,26731,196142,25,4
22448,FIRST STATE BANK,87400,80425,50,0.23066853508180085,3.05,0.16461711822056735,1.7345537757437073,614,0,9.90102377470154,8733,0,763,29,3.1154716981132076,50676,0,2637,12863,6717,51439,22,1
22451,VOLUNTEER BANK,1591203,1353694,2361,0.5990519451110091,4.92,0.020378698074122056,0.3680862844024301,647,0,9.508674891710543,145849,13.050419641945082,11403,150,3.8523297877690785,1084799,0,10599,359594,193267,1096202,158,102
22460,MONTEREY COUNTY BANK,243748,188999,-1160,-1.972768146597081,-15.84,17.45474804073346,2.085350443901078,476,7,10.63913622406,23491,0,1145,192,3.3377670629312495,99882,89,0,65454,29491,101027,4074,1
22502,FIRST CITIZENS BANK OF BUTTE,75279,53266,171,0.9088553604528331,8.02,0,0,458,0,12.230660079882279,9309,0,673,0,4.172287665326898,32880,0,623,8828,8621,33553,0,0
22514,UTAH INDEPENDENT BANK,159646,135886,1322,3.3929952101533196,24.87,-0.08167640827994589,2.1328439171667313,1804,7,14.960390793605665,23153,0,1309,103,6.286245211918998,98816,0,1178,26681,21983,100125,0,20
22526,SPRING HILL STATE BANK,248062,205486,825,1.3540350243726305,9.31,0.020005390341286403,0.5651812853238303,3549,420,14.860515688101895,35877,28.54265474887511,4222,124,4.277300273721656,173863,0,6958,39280,35798,178085,24,15
22536,FIRST SECURE BANK&TRUST CO,397643,342721,151,0.15251928270484363,1.6,-0.14537625624988101,4.255324499613975,8953,8585,9.77329832440126,38041,14.722309893718505,3474,0,2.5416311870991684,284466,0,3669,130004,37936,287940,3,108
22537,PEOPLES BANK OF ALABAMA,1418494,1286005,6427,1.8557150508683056,21.31,0.031029825137808928,0.1397256526992712,8709,0,10.145606246010727,143851,15.960525764268926,15290,39,4.463373985627346,862925,0,8482,374318,122539,878215,341,273
22549,FIRST PROGRESSIVE BANK,32459,23702,-15,-0.18430348640761787,-0.69,0,0.175606149296035,413,0,26.922011998154133,8751,0,138,16,3.1909310381022356,10789,0,299,503,8751,10927,0,0
22559,BRAVERA BANK,3492547,3099264,9797,1.138259225555006,12.68,0.1928488107584797,0.9961211688776127,6552,275,9.275534303968618,319685,12.698900814163208,27254,745,3.1640337127829508,2285630,2560,25953,508333,317199,2312884,1623,505
22567,COMMUNITY STATE BANK,121756,100501,452,1.5256997713138063,14.07,0.09877056637122139,0.2973159433621341,2873,9,11.799851920725933,13706,0,939,42,3.5616189176898594,75955,163,2646,3012,13038,76894,20,1
22578,BRIGHTON BANK,312766,269377,1785,2.3008470275086563,24.22,0,1.1507005237142145,118,0,12.121002307945929,36763,0,2669,-16,4.925973563941874,219970,0,34,116687,30340,222639,0,0
22597,BANK OF THE SIERRA,3603679,2853421,10277,1.140176723509086,9.59,-0.04467349432321058,0.5050671827318693,3056,0,12.106188859606021,433634,0,27050,2071,3.7979800439544382,2279613,0,997,1250930,432518,2306663,386,645
22598,FLORA BANK&TRUST,115437,108556,111,0.3808739513098976,7.05,-0.006580137853888039,0.06670305014856588,734,0,8.962745164689487,10547,15.129990454264696,227,12,2.3193332861156364,58922,0,11407,6333,6394,59149,0,1
22600,VALLEY BANK OF COMMERCE,346114,310230,2140,2.740278573646587,22.97,-0.09000992154817065,1.288014931496559,1361,21,11.446745439004792,35757,24.423742209668433,3086,500,5.349073704103208,142154,0,729,15928,35755,145240,18,51
22601,CITIZENS BANK,193040,174947,1355,2.8641257678842726,30.75,0.010262956180384284,0.31029838375466223,1210,0,9.125299239733774,17344,12.417782399584038,1762,30,6.709936711784543,156950,0,1622,35003,17490,158712,6,2
22636,COMMUNITY BANK OF MARSHALL,237645,217292,545,0.9252421333197518,12.4,0.09986119294181088,0.0021039786235771845,505,0,9.684027002421972,22551,0,1489,43,3.0049039001186872,97671,0,3257,15658,18441,99160,36,11
22639,BANK OF COMMERCE,197776,178104,618,1.2381202809811804,13.83,0.023109365070194697,0.0030337351346978398,667,0,11.2010994944289,22820,0,1749,0,4.0109708107535145,103519,0,3040,25369,18561,105268,7,1
22653,GREEN DOT BK DBA BONNEVILLE,4900518,4691150,631,0.05314256472039042,1.9,30.3187286580967,0.0440565670812759,3339,0,7.554391874224435,388585,29.745658408288673,6806,4678,6.333528236918931,54397,11665,19721,2614,169926,61203,5550,34
22657,CITIZENS STATE BANK,78550,68826,25,0.12773349683220928,1.52,-0.05801936396272255,0.2673456397199236,648,0,11.409274869177429,8852,20.944558521560573,419,-10,3.671918363861492,40352,0,4873,11074,6757,40771,12,18
22669,NEVADA BANK&TRUST CO,199596,180824,422,0.8495945803113503,9.55,0.22177146720757265,0.006012144531954549,69,0,12.412023909096472,24337,0,1050,30,3.8136453521197273,72453,0,6729,34972,18375,73503,44,3
22717,CITIZENS B&T CO OF ARDMORE,318713,273164,1108,1.4036021142706938,17.84,0,0,75,0,9.880341029620805,31765,16.697491790956207,2000,5,3.3490682566283647,198406,0,5618,67102,25614,200406,0,0
22738,FIRST UTAH BANK,857627,734553,2976,1.3747355389462208,15.52,0.05922996557632177,1.1811661713075732,17785,0,9.00273996942082,77017,12.342521138320834,8246,290,4.6708298259695,657937,0,151,371616,78259,666183,201,102
22739,BANK OF ST FRANCISVILLE,383474,330189,1325,1.3734822049831488,15.59,-0.0029436276899697726,0.7638066726818507,1639,855,9.674976532364301,36795,0,3385,255,4.0435396035276066,271195,0,3053,87310,35493,274580,9,11
22756,PEOPLES B&T CO PICKETT CNTY,297823,263162,1188,1.617176373298213,16.62,0.22644281266301897,1.0103316399337863,3442,0,10.692516657431309,31646,0,2425,75,4.807257537805657,210940,0,22477,19270,29227,213365,236,115
22811,BRICKYARD BANK,172132,121395,501,1.1200912170092894,8.69,0,0,142,0,13.280395231059025,23548,21.565481427807395,1651,-84,3.905284031260935,118699,0,386,73197,23443,120350,0,0
22835,LAUDERDALE COUNTY BANK,64519,57711,107,0.6765407900352497,7.82,0.21835253015994324,0.36268386056820473,360,0,11.882555022233637,7402,0,381,15,3.9709653583691917,27840,0,1853,1268,5645,28221,18,3
22839,LATIMER STATE BANK,67463,51452,431,2.5598574557333236,10.92,-0.1861836235987743,0.26977750767087144,732,113,23.71299727642095,15933,70.24663969724651,216,0,3.9917499603363478,12462,0,1509,313,15883,12678,0,6
22855,OKLAHOMA HERITAGE BANK,101200,84627,121,0.4820789155216463,5.28,0.6176402245691884,1.6719367588932808,263,0,9.57501943508681,9607,0,703,0,3.381312921208087,64921,0,522,8725,9253,65624,114,11
22858,UNITED BANK,32690848,26592282,92484,1.181611506313197,7.11,0.1410405847527559,0.21795090785041732,78909,12387,11.532393754242324,3497239,14.769766479356457,310424,30759,3.8365810246845427,23581290,9118,23223,7987523,5383948,23891714,8677,636
22867,COMMUNITY BANK OF RAYMORE,334356,325684,1565,1.9361593217875142,139.58,0.10208452963641501,0.36039431025613416,78,42,9.1484169289063,34188,19.921169321727707,814,10,2.7843203910998873,119103,0,3032,24057,6517,119917,69,41
22874,HICKORY POINT BANK&TRUST,751281,664663,1963,1.0440892342592112,10.73,-0.0008451031554039065,0.40024970683406075,31,0,9.8240959366201,74352,15.324329151311355,5445,0,3.5025104133416454,466956,0,269,182002,73807,472401,2,3
22876,SOUTHWEST MISSOURI BANK,1157301,1014636,2582,0.8903686219200686,16.19,0.09243757895709868,0.1144041178569793,2800,511,8.54173669036568,99874,16.071102333790822,6067,225,3.490189447408469,581115,1727,50326,76838,66207,587182,220,85
22888,FARMERS&MINERS BANK,179926,155342,675,1.515376865807766,11.71,0.03478620074899038,0.18285295065749252,997,82,13.271667114334317,23717,0,1529,27,4.816470126821615,91370,0,6531,14150,23372,92899,24,16
22895,PUTNAM COUNTY STATE BANK,281939,241473,1223,1.7453694371254922,12.58,-0.04164028003088321,0.08193261662983838,3003,177,14.110070048473114,39501,0,3037,50,3.7889584468105744,225764,0,2908,902,39501,228801,1,25
22918,FIRST BANK&TRUST CO,3925973,3494458,15182,1.567668565415984,16.47,0.2753974597338314,0.3154886699424576,16813,6725,9.812254417715375,376951,13.733272186341594,41391,2504,3.8693504769699643,3257013,0,128730,780510,374155,3298404,2310,60
22925,INDEPENDENCE BANK,178746,149521,391,0.8692897280412634,5.9,0,0.3401474718315375,3958,0,15.601074546675623,27876,0,3927,0,3.1256926855362828,111574,0,118,62291,26760,115501,0,0
22942,AMERICAN NB OF MT PLEASANT,137389,123822,606,1.8075523474318438,23.32,0.009546026764672541,0.3559236911251993,519,2,12.143577163561513,17227,0,1568,60,4.961614847678889,82795,0,7157,13796,10319,84363,18,16
22953,AMERANT BANK NATIONAL ASSN,10147301,8241155,15177,0.6061061994746141,6.43,0.2149272584683852,1.3871668929501548,70808,1015,9.692236675445988,972353,13.021550230726712,98266,18446,3.800071257533792,7120896,0,114429,2633118,958260,7219162,5380,1487
22954,CITIZENS BK MORGANTOWN INC,51267,42567,132,1.0423555656456978,6.52,0,0.22431583669807087,131,0,18.138405825938158,9116,0,756,5,4.469795948716315,36519,0,680,3258,8205,37275,0,0
22957,WEST TEXAS NATIONAL BANK,2876290,2592308,11929,1.6907506027701649,19.28,0.0667574757720076,0.965584137899864,14228,0,9.135756695106627,255763,16.718237808346366,27134,2000,3.5271405078913785,1361344,0,4704,264471,252205,1388478,272,37
22964,FIRST COMMUNITY BANK,734078,644203,2788,1.518761512088331,20.91,0.03241670825389107,0,1423,0,9.78995560816033,74607,0,5847,250,4.266207746466035,465336,0,3545,159733,55369,471183,44,6
22971,FIRST SECURE STATE BANK,296821,247027,428,0.5793648644990118,4.96,0,0.9925173757921442,15014,1659,12.454437583930765,35057,20.05870681923192,1843,75,3.748351131658821,167589,0,268,69691,35057,169432,0,0
22993,TWIN RIVER BANK,158516,138882,1138,2.8505585892490357,24.14,0.0035299204885409956,0.19745640818592444,2549,0,12.066536865104457,19274,18.833673075863587,1174,1,5.236071141990725,110208,0,1222,23780,19172,111382,1,0
23007,OREGON PACIFIC BK DBA OR PAC,797501,698892,1915,0.9734277109199272,9.28,0,0.10043874553135355,617,0,11.398115839136368,90548,16.09600382992258,7400,0,3.792538105556363,575538,0,598,323718,83940,582938,0,0
23030,COMMUNITY WEST BANK,3549790,2931170,9319,1.054775401118697,8.61,-0.021191518778206405,0.1953918400806808,3550,0,11.12326158312284,384086,14.76105584937229,26095,-41,4.167470528622749,2320802,0,321453,1247959,437326,2346897,29,153
23041,BANK OF THE PACIFIC,1218107,1075100,2623,0.8850725827846971,8.22,0.04253246822292968,0.10056587803862879,294,0,10.856610629325921,129734,17.38063175041786,8890,83,4.206986282539408,697549,623,1724,336194,129166,706439,75,0
23086,NEW OMNI BANK NATIONAL ASSN,530581,389476,856,0.6444861051506185,2.56,0,1.596174759367561,20039,0,24.98741349123453,133012,44.317582200583345,5950,10,4.0869012630073875,348820,0,0,141096,134056,354770,0,0
23091,ALPINE BANK,6661051,5968861,15861,0.9625548941442226,10.48,0.07657929846183299,0.49211453267660016,17679,1796,9.76363673303841,648759,15.278390654287843,45379,1820,3.526172379457327,4084108,5100,25379,1262804,615021,4129487,1500,716
23099,BANK OF PROTECTION,96815,76564,446,1.8248212513936763,14.16,0,0.5319423643030522,154,471,15.183896365185436,14792,0,713,0,4.434919274182026,59742,0,971,654,12882,60455,0,0
23123,BANK OF BARTLETT,583451,456817,675,0.4654157326031478,8.33,0.040571960613989,1.018594534930954,2245,0,7.772076390629716,45576,13.482483896641085,3354,112,3.4676535723530333,383505,0,2104,56518,33764,386859,44,5
23126,HURON STATE BANK,88485,76678,274,1.2447614396529205,10.65,-0.08103279986740088,1.0216420862293045,1415,0,12.4945474068026,11171,0,813,-17,3.429832753204856,53830,0,5019,3306,10287,54643,0,11
23144,SOUTH LOUISIANA BANK,700361,568033,2559,1.4900777938230774,11.31,-0.12256014525646845,0.30812680888855887,4040,8,13.48806003166915,92677,0,13905,200,4.284219459473995,341880,176,7617,141711,92581,355785,11,119
23152,FIRST CITIZENS BANK,373643,324070,1459,1.552294861547587,14.23,0.056226499080462455,1.9162676672652774,761,628,13.810809855228554,50780,0,3458,50,4.014096650121771,210359,0,10105,71046,42165,213817,48,18
23189,COMMUNITY BANK&TRUST CO,295417,273930,912,1.269978311499779,21.81,0,0.09342725706374379,1164,27,8.549517202914211,24526,13.841715095385753,2545,60,3.4570311010804176,163138,0,7490,22413,18073,165683,0,0
23210,BANKERS BANK OF THE WEST,428264,277167,2521,2.3457490857998904,18.6,0,0.350251246894439,3415,0,14.14560352978254,56105,14.806090870217501,5718,0,3.46056770864026,320240,0,0,145411,54616,325958,0,0
23220,WOODFOREST NATIONAL BANK,9100532,8332439,29923,1.334135577297982,17.37,2.0942053983091973,1.130813011810738,116018,3428,8.753437580689392,797690,11.061538333075976,80944,20300,4.490800831113008,6277361,0,6302,2076187,701597,6358305,37235,3512
23242,CALIFORNIA PACIFIC BANK,83071,41655,674,3.2594437425571403,6.81,0,7.7644424648794415,0,3666,47.115759156741696,39916,50.58941157591992,5395,0,7.38312877067383,64292,0,0,41757,39916,69687,0,0
23244,NORTH ADAMS STATE BANK,45454,39273,115,1.0150380087602193,7.92,0,0.15840190082280986,4,38,14.363612182471073,6480,0,275,0,3.507898697574099,21659,0,780,1723,5912,21934,0,0
23257,COMMUNITY STATE BANK,367974,327379,1298,1.4113911663005894,13.69,-0.4695823088306712,0.9525129492844604,83,3331,9.970654566203843,36695,0,3910,75,3.6721341425121463,260141,0,1334,104969,38083,264051,7,314
23270,SIOUXLAND BANK,90534,80261,309,1.4225782504359237,13.38,0,0,2,0,10.739139905758801,9367,29.754113401431283,352,0,3.526077750270277,33844,0,773,5932,9367,34196,0,0
23275,PLUMAS BANK,1632802,1385916,7382,1.81389291593975,15.95,0.049986691535373697,0.23132014781951518,4941,0,12.338700375095042,204310,18.99019553247621,13319,250,5.022353454216198,1000651,0,3386,566375,189561,1013970,312,185
23286,FALL RIVER FIVE CENTS SB,1886107,1361369,-299,-0.0636036070052247,-0.97,0.15936441720666988,0.190657263877394,5544,0,8.140695605624046,155112,11.633847175864187,9169,701,2.0259573668544175,1442221,0,18962,462578,124698,1451390,595,17
23287,CAPE COD FIVE CENTS SB,5566583,4390641,8790,0.6237023939102806,6.45,0.007192767672105698,0.2521115736529932,8548,0,10.099893794676861,564881,17.249232684335976,23107,0,2.538472049459803,4562380,0,100499,584395,548755,4585487,98,14
23293,FLORENCE BANK,1969537,1707941,2652,0.5397314164591624,5.62,0.007066926740788072,0.18689671735032143,225,0,11.693426493942008,232093,0,7083,175,2.5391367596250807,1181242,0,0,329064,194266,1188325,30,9
23296,SALEM FIVE CENTS SB,8046347,5641218,15059,0.7581125569849281,6.74,0.0013884006071277512,0.42404335781193625,5243,0,10.676084537302271,840586,14.856517473041317,69272,1500,2.34852188218026,6070588,0,203965,1855808,899071,6139860,54,33
23298,WATERTOWN SAVINGS BANK,1498349,1326113,2056,0.5527658118647041,5.46,0.010355760836939646,0.029499135381676762,1902,442,10.812099522105308,161448,27.87197090154705,1903,0,2.521651595633924,622776,0,681,46141,153639,624679,18,2
23373,UNITED ORIENT BANK,102009,68597,-67,-0.2702634564477499,-2.03,0,0.6891548784911136,2485,0,13.338910952966554,13233,0,1082,0,4.640781369746536,77749,0,0,15205,13181,78831,0,0
23376,FIRST JACKSON BANK INC,432613,353469,1648,1.5300396784409935,12.56,0.0026851945087772292,0.4336439265579166,786,1457,13.37613934265643,57351,0,2969,91,3.43832158176406,294481,0,7066,116668,53264,297450,5,3
23404,EVERGREEN NATIONAL BANK,137185,121741,370,1.0770372742224228,10.07,-0.009066131764892538,0.20993548857382366,359,288,12.076800141404172,16398,0,1022,0,5.100353463129208,88867,0,254,29077,15008,89889,0,2
23430,FIRST NB OF BURLESON,267589,234822,1986,3.001649320151367,25.69,0.07528171830522032,0,0,0,12.148511319738011,32014,0,1409,0,4.719205696833659,102596,0,482,69629,31910,104005,20,0
23472,BANK OF NY MELLON TR CO NA,1334040,882,52869,16.045286987161177,20.1,0,1.1366225900272855,7892,15163,64.64406705502913,413691,325.8747307008854,0,-32,4.5291002609775255,0,0,0,0,1066996,0,0,0
23473,FIRST FIDELITY BANK,2903190,2504392,5192,0.7271244046905265,9.98,0.08136708853073202,0.3761035274990614,6210,3,9.827761589130409,285495,0,25354,500,3.111218219974281,1967320,928,15320,1044113,214513,1992674,570,168
23474,AMERICAN NB OF TEXAS,5518998,4827275,7056,0.5115746390280299,11.27,0.044991471672291644,0.057854704785180205,6134,0,8.685129195496975,499372,13.752767751105027,38993,1800,2.8016137316766194,3187461,0,14346,1300205,267277,3226454,600,241
23498,TBK BANK SSB,6264658,4988062,2207,0.14459434105117366,0.89,0.5032273533315866,1.5711152947215954,68136,25704,13.020390502630299,748389,14.70952472274324,36229,1184,6.473288831181636,4632944,0,4851,623844,991828,4669173,6076,278
23523,CITIZENS BANK INC,155904,143033,290,0.7548716880818125,9.77,0,0.10455151888341543,3201,0,10.352108101084909,15935,0,889,0,3.2674136276555417,80874,0,6082,25001,12255,81763,0,0
23537,BANKERS BANK,1463208,979798,2452,0.6685801091282522,6.18,0.012801047491429011,1.2301737005265143,1443,181,12.064692095136405,175476,14.938411526483957,12212,750,2.0355693710375746,1085291,12306,0,243993,160930,1097503,48,13
23546,MUNICIPAL TRUST&SAVINGS BANK,356425,280110,2832,3.2048570785951025,19.41,0,0.012064249140772953,46,43,16.976840598805115,59787,0,2966,0,4.397268434690997,245205,0,317,79563,59787,248171,0,0
23551,COMMUNITY BK EL DORADO SPRIN,133789,112439,639,1.9572933298108182,12.31,0,0.13379276323165581,194,65,16.542063307793516,21374,0,860,12,3.7001785587867446,75057,0,1905,10020,21069,75917,0,0
23597,LAMAR NATIONAL BANK,376427,315165,615,0.6509262468809784,8.85,0.03178599659555247,0,3242,0,10.404928961954374,38690,0,2984,330,4.213539806744951,236968,28,1287,65988,27733,239952,24,5
23620,DEDHAM INST FOR SVG,2499756,1894915,988,0.1586585961685073,1.51,0.00040959402320401347,0.7973178182190581,4622,2985,10.85410858440313,270618,14.060275805650221,13630,2173,2.6224301364430103,1943714,0,276,345228,261909,1957344,2,0
23621,BERKSHIRE BANK,12012880,10028931,27586,0.9089115655504197,9.66,0.14976929078044712,0.2508807213590746,9783,6858,10.443255697901751,1242252,14.152237390485887,116678,4750,3.2450805281525628,9313529,69,44549,3230452,1158748,9430207,6256,2733
23622,BRISTOL COUNTY SAVINGS BANK,3031420,2549057,2742,0.3635722967058885,2.52,0.014975057683798778,0.5228242869678237,1593,0,14.216547436572066,434159,19.920449974338702,22635,631,3.0238904578483936,2399305,0,5440,743755,438390,2421940,122,31
23623,WASHINGTON TR CO OF WESTERLY,6585037,5044462,12591,0.7449933279874397,9.55,0.1745310094600125,0.3287908632859618,2847,0,8.375307246405278,571388,13.014940744104154,41056,1200,2.354928881070936,5077763,0,15922,1828847,538123,5118819,2522,218
23627,REPUBLIC BANK&TRUST CO,7068101,5463852,47374,2.7249647922084206,19.76,0.24785471359478847,0.34084119624210235,10355,255,12.974107627761786,947449,16.935807375790375,106303,17692,6.486636196469537,5224875,16113,210730,1471820,978478,5331178,4526,1179
23647,TIB NATIONAL ASSN,2969250,2418384,11449,1.5458737599439927,11.78,0.1516599498865195,0.24649322219415676,15644,395,12.766218276224468,392599,18.638864162364253,23371,893,2.5952221671497395,1763672,65080,0,176503,390938,1787043,737,56
23737,VAST BANK NATIONAL ASSN,587906,512919,593,0.40730015119215146,3.99,-0.005971761035005717,0.32028929794899186,5986,0,11.008644137005072,63626,14.563108826931565,7203,-5,3.1957928802589,404543,0,2061,170996,59669,411746,2,8
23741,WELLINGTON TRUST CO NA,94259,0,1968,8.10431004751193,16.19,0,2.47191249641944,1602,2330,52.14962708940387,49575,55.14276498003403,0,0,0,0,0,0,0,49575,0,0,0
23749,MISSION NATIONAL BANK,246284,189133,-380,-0.6533812479581836,-4.12,0,0.6151434928781406,2473,0,16.608435408856316,36460,0,2508,164,2.380941733114499,203922,0,0,109194,36722,206430,6,6
23764,FMS BANK,318409,285760,730,0.9108050487296296,9.58,0.5940210490067366,0.4789437484493214,2637,491,10.642485852479593,34171,13.06977794717599,2854,647,5.506908740359897,228751,0,31634,74296,30890,231605,346,1
23772,COMMERCE BANK,754397,662135,3588,1.9142265901705158,17.12,0.10058675607711651,0.06177118944004285,1797,466,13.869175836349834,105787,39.670783093005966,2896,198,3.0171160045435084,153883,0,11033,29085,87635,156779,66,27
23798,MCCURTAIN COUNTY NB,380664,325404,1190,1.261562110731229,8.85,0.15029884632898252,0.2469369312569615,3854,0,14.262518739851949,54988,0,3764,60,3.68183090924338,152211,0,11736,13821,54523,155975,102,43
23799,TEXAS FIRST BANK,2303575,2025680,6877,1.1944998639751772,13.06,0.12563961153985223,0.035727076392129624,3455,0,9.727869047603754,227183,15.168455699736446,15794,325,3.455629219718978,1207752,2265,5667,548975,214898,1223546,395,8
23805,UNITED PACIFIC BANK,164141,131857,73,0.17995421028142497,0.93,0,0,0,0,19.426086848804296,31364,0,2809,-5,3.9702359392772495,125611,0,0,100759,31364,128420,0,0
23806,TRAILWEST BANK,1024247,794179,4239,1.6582171525137306,20.43,0.037089638735164965,0.062192029852174334,433,0,8.286338083383777,83915,12.663213956960329,10162,210,3.749302569611743,762250,0,10159,178696,83155,772412,209,138
23815,FIRST STB OF DEKALB COUNTY,343821,294792,1974,2.294525076026485,20.71,0.3590347911320609,1.1625235224142796,3430,1657,12.371286586575032,41798,21.153782052808268,2410,200,5.630476605886889,181793,995,7031,36356,39360,184203,236,73
23826,BANK OF JACKSON HOLE TRUST,41075,2763,170,1.659791549708316,5.11,0,0,0,0,31.439572723885234,12656,73.81604240694355,16,14,4.465468306527909,1349,0,0,1227,13402,1365,0,0
23864,SUMMIT BANK,287130,230152,906,1.2471458289957964,7.58,0,0,0,0,16.469634186817586,48133,22.947483125526272,6729,150,5.264579789424261,194108,0,195,122340,48133,200837,0,0
23886,AMERICAN BANK NATIONAL ASSN,602901,541254,1551,1.0318022611836788,10.55,0.004277823229649593,0.4139983181318326,1294,0,10.32647124184327,61338,15.313187820983126,5296,45,3.5388764312018166,456208,0,2758,158955,59767,461504,5,0
23966,ONEUNITED BANK,606628,518228,446,0.2617764555262492,3.07,0.015586794088708344,0.008736820588564986,1719,30,11.115225423156993,67540,0,1653,0,2.4058874574150955,409895,727,839,1788,59040,411548,21,5
23986,MINNESOTA LAKES BANK,123146,106882,492,1.5340723071886255,13.09,0.0047334197182431915,2.1267438650057655,768,314,10.859340907988944,13438,15.720105973239532,645,15,5.405020741850818,83878,0,354,41210,15206,84523,1,0
23989,MINERS EXCHANGE BANK,94645,82392,5,0.021206996188042435,0.19,0.12717702335111458,1.5352105235353162,2706,0,12.610439217429029,11918,22.20744680851064,601,0,4.76825008103144,56116,0,2171,14054,10539,56717,18,0
23992,COUNTRY BANK FOR SAVINGS,2073726,1516777,2255,0.44485455672610724,3.08,0.0012853652172460021,1.0029290272678262,3164,0,15.597885970817746,314403,0,14883,302,3.020482731823741,1584715,0,4318,576313,295632,1599598,7,2
23998,STATE BANK OF INDIA CA,1271606,1085677,2800,0.891564999068633,6.48,0.7174736641429522,0,22592,0,14.615554192770022,182321,17.575258322737774,14098,785,2.678235681455804,1093399,0,0,591279,173236,1107497,1958,1
24015,HARBOR BANK OF MARYLAND,385647,335375,419,0.43638503428460584,3.67,0.8980283560315532,1.0164736144712652,8557,7,11.9332232542493,46470,0,2807,200,4.307713641879009,226825,492,1508,125069,46182,229632,607,93
24038,BRAZOS NATIONAL BANK,30563,9784,149,2.0158971757145276,3.82,0,0,1125,0,54.391777418018904,14447,86.53482880755608,237,-5,7.332677165354331,20298,0,92,534,15660,20535,0,0
24045,BANC OF CALIFORNIA,33692415,27517035,63722,0.7591520286612593,6.55,0.23479410624424965,0.7094059597686898,58315,0,10.883160913018362,3578154,16.223968702226284,234981,9300,3.231472166002104,23917343,0,297906,4482646,3859134,24152324,16550,2474
24064,ATASCOSA BANK,86746,77686,230,1.057525963986643,10.97,0,0,1156,0,14.127168644309435,12882,0,235,0,3.0351937947149086,19897,0,1838,5637,8874,20132,0,0
24085,CITIZENS NATIONAL BANK,96037,83688,186,0.767734512452468,7.27,0.011348805538217103,0,1,0,13.320477256086871,12917,0,670,0,4.382891150787029,34547,342,3474,6961,10590,35217,1,0
24156,OCEAN BANK,6926798,5829220,15264,0.8948263892298405,9.49,-0.008819689556038877,0.20534740582878264,25196,1525,9.876355238090655,677204,12.930083768414608,76118,0,3.3793671245238084,5366274,7764,2499,3476461,652798,5442392,263,384
24170,HANMI BANK,7684437,6626112,19654,1.026187518094948,9.57,0.12407225599859806,0.4644191890700646,17312,112,11.491446847605355,868057,14.472733622435083,70597,2720,3.06994338418328,6223423,0,6866,3422829,830813,6294020,3190,1243
24199,CAPITOL NATIONAL BANK,187247,153538,894,1.8715409072472493,12.42,-0.005353229502986098,0.01281729480312101,2188,0,15.332881143691953,29387,0,3974,0,5.459211318896825,134327,0,15,97068,29255,138301,0,2
24211,BANK OF WHITTIER NA,173360,147931,175,0.39478656146544777,2.91,0,0,0,0,13.569799847985811,24102,0,2267,0,1.941736229970734,82419,0,0,48131,24102,84686,0,0
24303,PAVILLION BANK,72989,59480,310,1.7353700606679776,10.74,-0.07367839381101492,0,125,0,16.32262243374919,11592,22.54077284748751,705,0,6.6384863751930245,54844,0,414,13972,11592,55549,0,10
24305,LLANO NATIONAL BANK,299815,265726,788,1.0705921712947475,12.98,0.26082404845584384,0.3335390157263646,1108,38,12.173994631781063,36330,0,3756,0,3.6311490008648217,167670,0,3831,39130,25190,171426,116,7
24332,FIRST CREDIT BANK,533459,291352,6168,4.621319469874418,10.68,0,2.6465014181033593,0,618,44.03245063293046,233822,46.830744409717624,14104,97,6.42228188328199,399168,0,0,246276,234147,413272,0,0
24347,LONE STAR NATIONAL BANK,3160255,2783696,29700,3.7580142500863585,36.42,0.02890511679242143,0.2613080273585518,12890,692,12.739012296403187,414916,22.506054021767234,21960,-140,3.524299141967402,1600460,0,16319,840199,341191,1622420,417,300
24353,FIRST COMMUNITY BANK,671017,601337,2219,1.3318898024748602,13.81,0.012633932848541253,0.44976505811328177,1735,0,11.165873505693503,76348,17.111354333030807,7543,0,4.667624487507446,472198,180,6389,162589,65412,479741,23,8
24367,CITY NATIONAL BANK,63233,54584,67,0.42462845010615713,3.87,0,0,2464,0,11.842001358245021,7498,21.548830662624514,587,0,3.3903199232252197,44196,0,735,5149,7013,44783,1,1
24387,INDUSTRIAL&COMMERCIAL BK CHI,2776883,2091418,3456,0.4885570426748781,2.91,0.09228325966388544,3.9042336317374553,7137,0,16.99563772663443,477461,17.99197387015969,21089,0,2.9281789944161005,2629690,493,0,818929,477461,2650779,623,4
24443,PROGRESSIVE NATIONAL BANK,117604,104759,297,1.0296902695136274,9.66,0.03750871784653074,1.4106663038672154,114,122,10.841279084927553,12473,0,646,8,4.467217240007478,84381,0,2244,12793,12443,85027,21,13
24472,AMERICAN NATION BANK,672711,569409,2338,1.4122067088879022,16.86,0.013076453665765845,1.2974367893493641,18,0,9.834184941742862,66265,0,7409,165,3.4909095568373925,454290,822,11733,192952,57530,461699,28,13
24498,FIRST STATE BANK,280772,250333,796,1.1497531858346364,14.63,0.010421449949358267,0.033835282720499196,1520,12,10.353774673183475,29170,17.933026077825097,1568,165,3.723410368088994,156044,0,2176,22964,22418,157612,5,1
24516,INTERAUDI BANK,2394408,2074916,5664,0.9325160646636669,9.27,0,1.782110651150514,2533,0,10.17315963077766,243590,19.2290688410608,10461,660,2.8639355775162283,1441205,1217,1817,497587,242294,1451666,0,0
24540,BANK OF NEW ENGLAND,1688107,1385459,7825,1.947004769539639,11.39,0,1.8300972627919914,0,0,16.7757068695021,273415,0,14532,611,4.218292112868268,1445759,0,36,762205,273377,1460291,0,0
24563,TEXAS COMMUNITY BANK,2040181,1736772,12057,2.336473953266645,17.01,0.05985349334286688,0.04867215212767887,1850,707,14.148052293470384,288310,26.94845259786255,21483,450,4.513596675450592,1111327,452,13025,475680,290637,1132810,191,24
24603,FIRST COMMERCIAL BANK NA,528006,470782,1606,1.2192275062584101,12.66,0.03649347993645101,0.3204509039670004,5867,347,10.111356255158954,52429,18.22731863976587,4582,0,3.688356787958718,308332,0,3183,127922,51569,312914,30,1
24677,TRIAD BANK NATIONAL ASSN,207361,178266,1137,2.2415148460929974,17.27,-0.07309006523288322,4.098649215619138,6663,8057,12.952986185118432,26375,0,2363,0,5.026843637770331,140361,0,2080,41568,26375,142724,5,30
24823,INTERNATIONAL FINANCE BANK,1360753,1235699,4429,1.350324433052003,15.63,0,0.24302720626006336,904,0,8.912271231769656,116235,12.42372568545953,13406,221,3.6615989806900133,1090048,0,61731,358424,114617,1103454,0,0
24829,ATLANTIC CMTY BANKERS BANK,942449,578779,2391,1.040203472674266,6.98,-0.015877182774339225,0.34474013978475226,1841,0,14.385948233815835,139218,21.45123445374266,11017,26,2.941174739100257,550029,0,455,353377,138722,561046,0,22
24865,FIRST NM BANK OF SILVER CITY,137425,116203,528,1.5128289615059525,12.25,-0.027416226293531826,0.09896307076587228,250,97,12.75675203216502,17514,0,1137,30,5.084375658436608,75027,0,202,22745,17514,76164,0,5
24867,BNY MELLON TRUST OF DELAWARE,235031,139593,3408,5.597621667789038,14.56,-9.014514896867839,0.10594347128676644,0,0,26.254619642468935,47100,142.1036769138035,2,-178,4.029180404475714,7761,0,0,0,92329,7763,0,177
24897,COMMUNITY NATIONAL BANK,2451853,2142145,14099,2.3239134676422575,20.98,0.007814321634957745,0.3589530041156627,7517,0,11.542173064543194,273066,15.219247919136253,23396,-753,5.015622705291493,1567449,0,14196,516711,275658,1590845,84,53
24902,FIRST NB OF S PADRE ISL,82694,72589,464,2.320087003262622,19.21,0,0.7013809949935907,0,0,12.543697050371346,10083,0,580,0,4.960509009388424,32618,0,614,3294,9983,33198,0,0
24919,UWHARRIE BANK,1161989,1064329,2857,0.9983349436449185,13.54,0.028051620950979794,0.03244436909471604,355,0,9.584027001756027,109265,14.379645333854304,6065,281,3.4911733780966965,663383,2348,4756,241830,86937,669448,88,41
24920,WOORI AMERICA BANK,3791565,3167827,7459,0.7855634935722074,6.11,-0.008234968898880061,0.15558219363244466,1130,0,13.249551703686146,496382,17.962314487210175,36845,602,2.783672112119249,3034813,1461,0,1644430,492015,3071658,8,70
24922,GRAND VALLEY BANK,575174,527820,1620,1.123804007193733,14.79,-0.0028887280027876227,0.10692416555685759,1721,0,10.910883775147488,64398,0,5310,15,3.62279648354066,271094,0,1110,81399,44977,276404,0,2
24938,STATE STREET B&T CO NA,46885,0,1358,11.720536831657533,11.86,0,0,0,0,100.19623910980764,46463,309.65011662779074,0,0,2.22876201687267,0,0,0,0,46463,0,0,0
24961,INTERNATIONAL BK OF COM,492333,423986,1892,1.5755670521615122,14.66,0.35622648120503825,0.12572791179953405,1495,200,13.744218741263209,68825,33.919866444073456,2280,64,3.2517871012909394,135312,0,7217,25485,53985,137592,183,61
24966,VALLEY BANK OF RONAN,189333,170795,486,1.0391554189496193,10.91,-0.0030867055591567117,0.23609196495064252,569,0,9.521022022038299,17566,14.651556518158108,2189,30,4.505606407973558,129287,0,2107,26325,18057,131476,0,1
24998,COMMERCE BANK,32238584,26196760,134856,1.6844657340531497,19.27,0.2498088679547393,0.13425527622429073,57955,19417,10.526341356054184,3380460,15.29276503787404,167031,14487,3.565047008818968,17215281,568163,293927,3121832,2900384,17382312,13292,2486
25054,SUMMIT NATIONAL BANK,91395,86093,-1430,-6.19295605383108,-164.32,0,0.2429016904644674,317,0,3.9588033985037083,3667,8.96064878038532,854,0,2.435668088619788,42341,0,329,7923,3116,43195,0,0
25093,HABIB AMERICAN BANK,2856490,2476410,5164,0.7782630409264405,8.91,-0.0002452183945674317,0.25478821910806615,16287,0,8.96929095977356,233793,15.101694553778563,22929,0,1.7991032935350357,1617057,0,4288,1143584,234330,1639986,0,1
25103,CITY BANK,4403133,3898869,13900,1.2879779765032047,12.68,0.06734370445845492,0.15704726611710346,13852,4613,10.928756225970817,477126,14.741840007623505,42968,420,4.000593519876115,3046823,2330,61402,942294,440066,3089791,690,171
25158,FINANCE FACTORS LTD,711499,542136,-502,-0.28451497493845307,-2.72,-0.010273228362012762,0.6312025737211155,1239,3603,10.818862568103969,76371,15.62048845043311,11995,0,2.711441338325541,498433,0,412,84444,73868,510428,0,13
25161,COMMUNITY NB OF OKARCHE,126250,105795,274,0.8607419972984011,5.73,2.819633353045535,0.25742574257425743,153,0,16.72171441738997,21770,0,556,0,2.4631596811145635,41071,0,1605,4578,19576,41627,298,0
25173,MEADE COUNTY BANK,427243,358278,967,0.9222644118716508,12.84,0.01839014403218275,0.07372853387884647,3612,0,8.661758034686114,37233,12.565300982257785,1092,80,3.227850582897704,352995,0,5203,43761,30621,354087,17,1
25178,BANK OF AMERICA CA NA,16118000,13313000,22000,0.5533025244427677,4.85,0,0.4405013028911776,45000,0,11.440040140491721,1824000,32.99802407041494,13000,0,1.4939072638075646,10574000,0,0,0,1824000,10587000,0,0
25247,FIRST NATIONAL BANKERS BANK,1001913,371490,2387,0.9772128656808226,6.02,-0.4899174917231966,0.8396936660169098,0,0,16.79392450749411,167511,0,17218,0,3.6048016960557825,575429,0,0,310691,160897,592647,0,778
25249,C3BANK NATIONAL ASSN,928807,824623,2637,1.1225420447761034,12.14,0,0,0,0,8.97911185115589,88114,17.98948933834492,7943,0,3.602600976051989,541542,0,0,282786,88090,549485,0,0
25258,INTERCREDIT BANK NA,1210614,982988,-2343,-0.8241841592543298,-9.52,-0.0007129724445062354,0.022880951318917507,10765,0,10.447729586929706,118406,20.296078289468394,8810,919,2.040221509763917,572953,553,4472,231129,114860,581763,0,1
25267,TRUBANK,455050,345771,1044,0.9391413468447346,10.32,-0.0014377783449014583,0.8869355015932315,2688,3801,9.32323381680176,41615,0,2936,135,3.325750654542556,275554,0,1987,73975,40806,278490,0,1
25291,BANK OF THE VALLEY,537792,462874,981,0.7377451395116669,8.21,0.020192633130833346,0.06712632393192906,2306,136,9.648750943374704,50756,12.822313154685238,6110,-435,3.507397974928944,422724,0,3421,55144,48185,428834,24,2
25328,BOC BANK,211728,188235,897,1.6984414385628575,16.12,0,0,0,0,10.400666359162214,23225,16.141192158270616,2257,53,4.084950170735101,145665,0,183,31995,22794,147922,0,0
25591,CEDAR SECURITY BANK,59961,47637,234,1.6298669638503867,9.39,0.10998453342498712,0.9622921565684361,49,319,17.42049706039551,10430,0,995,0,4.395686406209187,29398,0,425,632,10131,30393,9,1
25620,CREDIT ONE BANK NA,1812405,917780,144566,33.265260805986394,104.36,13.105515729063422,2.828727574686673,48165,51268,33.99718748150804,586017,0,179271,34500,24.39810843461547,1136252,1315523,0,0,593873,1315523,50600,7577
25621,SAGE CAPITAL BANK,689159,612199,1774,1.0435915668506728,9.85,0.0139726659721919,0.030181714234305868,158,0,10.31947780251632,70636,17.747341357952553,4946,120,3.9836120857280206,400437,0,2380,172484,71850,405383,14,0
25644,BEACON BUSINESS BANK NA,169196,140024,-203,-0.469094364801747,-5.25,0,0,1032,0,11.264689553067456,19478,17.258808156019626,1597,99,3.0672545366219617,110495,0,0,72088,15649,112092,0,0
25665,COMMUNITY NATIONAL BANK,855668,786571,3136,1.461222107740668,28.29,-0.003907518798828721,0.7359162665893781,5231,0,9.457392627098264,79829,17.14510341490949,4961,52,2.8920335279734792,407014,0,1878,134107,46250,411975,2,6
25677,CITICORP TRUST DELAWARE NA,25229,0,468,7.507971203401047,8.01,0,0,0,0,92.81446540880503,23612,478.0724843085645,0,0,4.897197287875044,0,0,0,0,23612,0,0,0
25679,INTERNATIONAL BK OF COM,4263676,3726072,22802,2.1780598818410635,20.46,0.10838522275872908,2.5500999606911967,2335,674,13.515520521677447,577682,27.064660382082238,24119,1219,3.482038866184271,1507211,0,20669,545116,466257,1531330,581,181
25703,BANK OF WEST,174090,151126,1070,2.477468351499505,19.82,0,0.41070710552013323,50,0,12.647501663223501,21672,14.728007460366802,2357,0,5.112729434039724,138492,0,247,19739,21672,140849,0,0
25726,MURPHY BANK,351951,285379,1524,1.721175741473531,11.94,-0.04112080729430062,0.35004872837412027,3432,281,14.504500179329394,51360,0,3968,18,4.2387591104466456,295704,0,75820,14055,51360,299672,4,35
25738,SOVEREIGN BANK,1212024,1036957,2284,0.7565835647623854,7.17,0.0037894318010169357,0.0036302911493501775,0,0,10.335943330816077,117022,0,13624,150,4.191680965318004,953838,0,3714,401413,132005,967462,24,15
25744,SMALL BUSINESS BANK,85158,76220,-1764,-8.190936106983655,-80.05,0.7839675640900965,1.676882970478405,784,0,8.28058006817345,6972,25.109349371241112,1156,655,2.7076597273432035,65259,0,590,17161,8532,66415,136,5
25749,EASTBANK NATIONAL ASSN,151612,114216,-86,-0.22013675355882417,-1.21,0,0,0,0,21.146904072222675,33801,30.42611577094336,2232,0,2.922066519158501,93868,0,0,50636,28694,96100,0,0
25750,COMMUNITY BANK,130405,118365,157,0.48372623251980545,7.28,0,1.305164679268433,422,164,10.743538943757763,14533,0,847,0,2.0745197833530273,54909,0,634,8583,9003,55756,0,0
25752,COMMUNITY BANK,295889,261756,1922,2.581572381742293,23.36,0.0016279486219414913,0,311,0,11.479771685783238,33869,0,2616,0,4.196236582353906,239172,0,4489,67157,33869,241788,1,0
25795,PEOPLES BANK&TRUST,558455,511539,1571,1.1593956899040878,14.98,0.0015738024838537702,0.08433983042501186,432,0,10.313444900158668,55120,0,2403,70,3.580604991388283,246173,0,1906,70973,43193,248576,1,0
25796,COMMUNITY B&T WEST GEORGIA,236091,201011,12,0.02120464470071632,0.41,2.7326575986715627,10.129145117772383,10117,1918,7.332217533768652,15552,9.504752640649617,7375,1023,4.697973832627561,178971,0,363,51322,12665,186346,1226,0
25803,HATCH BANK,134347,40741,729,2.313487010436873,9.46,1.400637566203971,0.23149009654104669,1182,311,26.388267573290385,35393,36.7259429945399,2613,154,4.926435459970688,83177,0,75770,0,31430,85790,375,96
25824,BROWN BROTHERS HARRIMAN TR N,14185,0,182,4.721141374837873,9.61,0,0,0,0,52.32843137254902,7686,0,0,0,2.6817708935383195,0,0,0,0,7674,0,0,0
25849,MIDWEST IND BANKERSBANK,334009,244969,1350,1.6198339670183808,12.08,-0.021716841619491698,0,0,0,13.875836343718028,45978,15.340210986883026,4526,0,3.603857795105935,245483,0,1166,66910,45453,250009,0,13
25858,EQUITY BANK,5433900,4512865,16534,1.2300327287724455,11.25,0.018504769744589318,0.5502677634847899,17291,1167,11.092776127672018,576638,15.615211553704789,45824,2719,4.307301664984181,3586142,1866,22067,1121977,602021,3631966,1139,974
25869,METROPOLITAN BANK,243181,200890,353,0.58848290607196,4.92,0,1.7180618551613818,3194,682,12.194926580015768,28926,0,3086,32,3.6177967161605014,194830,0,828,100818,28861,197916,0,0
25883,FIRST EAGLE BANK,592593,431020,3488,2.3569996232719927,12.03,-0.0009971891730185538,0.10074368073871949,356,0,20.8093789872061,125420,0,5345,-274,3.9670173281619503,397194,0,152,57856,117685,402539,0,1
25886,RIO BANK,974607,762331,1601,0.6670833333333334,8.04,-0.07524913768690955,0.27159665383072357,1992,131,9.860112727530632,94536,14.700019932230415,6504,403,3.8849360617156368,507643,0,3286,190446,83573,514147,128,222
25894,FIRST NATIONAL BANK,459792,386075,2480,2.1763573438348427,16.26,6.6398476956468,1.1124595469255663,10713,0,14.48690127056283,67625,19.150971993410216,27794,4674,8.945381205881663,331293,69080,1977,100543,62740,359087,6398,421
25927,BANCO DE LA NACION ARGENTINA,541106,133462,,0,,0,0,0,0,0,,0,,,0,52288,,,0,,52288,,
26021,VALLEY STATE BANK,147688,120588,385,1.0344213789374344,5.83,0.0780511600963444,0.3873029630030876,1956,209,18.623265077488018,29922,0,1922,60,3.9030246347021604,79811,0,2750,13558,26696,81733,17,1
26028,BANK OF EAST ASIA LTD,382550,19653,,0,,0,0,0,0,0,,0,,,0,361850,,,206394,,361850,,
26181,TEXAS NB OF JACKSONVILLE,836710,743340,2034,0.9638965303989935,9.45,0.3529170351823107,0.36344731149382703,8042,234,10.687052834587565,89937,16.841413761485384,8343,700,3.6944979847688812,688011,0,21038,243302,87345,696354,624,7
26185,CHARTER WEST BANK,483970,430549,986,0.8287507590928288,9.46,0.02035996962078217,0.19939252433002047,7603,0,9.20784757079772,43329,0,4687,90,3.9725194467546805,371559,0,2005,64518,41616,376246,28,9
26189,HAVERFORD TRUST CO,183525,126263,3411,7.450994312363987,39.35,0,0,0,0,19.8500605650556,36380,0,279,0,2.0967432029974065,104086,0,73436,0,36380,104365,0,0
26217,BANK OF COMMERCE,470321,418482,1533,1.3258865731280933,14.01,-0.003945947101290818,0.030404766106552756,206,0,9.10530112329426,42791,14.569118886357252,3806,32,3.5530519491855843,306629,0,5180,21681,44343,310435,0,3
26223,GOLDEN BANK NATIONAL ASSN,2134765,1785605,7506,1.4501423022168234,11.59,-0.011990386937856937,1.2889474953917643,7621,0,12.98150237947616,266534,16.061254730403846,20307,520,3.6387028930376695,1741889,0,621,1270416,263138,1762196,396,448
26228,FIRST NB OF DUBLIN,135961,120180,817,2.4370327560170773,21.33,0.33309326611451207,0.11694530049058185,1232,35,11.571444564690077,15504,16.88390238001633,1700,50,5.994101043417589,86487,0,4838,7170,15504,88187,89,15
26260,FIRST NB IN MARLOW,72848,63711,162,0.8872944366091111,14.3,0.01612578109252167,0,231,0,7.6074721269296735,5677,11.981676956781516,339,85,4.01307966706302,49708,0,2530,23130,4451,50047,10,8
26271,HOME BANK OF CALIFORNIA,253791,204583,903,1.462736069686496,12.24,0,0,0,0,11.934705693148922,29684,0,2382,0,4.04722035121231,229537,0,0,154894,29684,231919,0,0
26299,PACIFIC NATIONAL BANK,1334584,1097123,3362,1.0198378482088757,8.91,0,0,0,0,11.54260893337181,152000,16.401239520506714,6402,132,3.446560029264451,872063,143,2,481503,152104,878465,0,0
26312,FIRST AMERICAN TRUST FSB,6622592,6257640,25292,1.5878454361921341,33.32,0,0,0,0,8.479097712943377,541392,36.17706845144624,0,0,3.006967189643649,0,0,0,0,353729,0,0,0
26323,FLORIDA CAPITAL BANK NA,610364,543330,2413,1.536718774255025,15.73,0.004224288603397385,0.3804287277755569,862,0,9.247083185871768,63231,16.01147461393386,6069,100,4.144719857016795,477117,0,0,191369,62642,483186,49,44
26333,GENESEE REGIONAL BANK,1254535,968178,2964,0.9518136320649443,12.03,-0.0008736199534797375,0.0426452829135895,11015,0,9.800110758486042,121574,0,11332,465,2.8620575286263676,886909,0,1013,302440,100990,898241,0,2
26336,VILLAGE BANK,2033568,1729285,1663,0.3306862360802446,4.27,0.0024461779692319737,0.04883043006184204,789,0,8.986430650673167,183128,15.085467389933141,7892,0,2.0398341353267053,1644148,0,3130,177658,158766,1652040,12,2
26340,FLINT HILLS BANK,157014,142891,349,0.9105139577354553,10.57,0,0,1,0,12.869521675144572,21075,0,950,10,2.6850597364207416,74681,0,1904,7617,13765,75631,0,0
26342,RBC BANK GEORGIA NA,6874737,6032420,40442,2.373673715240738,21.8,0.40098757669335555,0.28364721443162116,25266,3913,11.371183193251715,776524,38.026000888226136,23420,3697,4.100147051091274,2878943,269560,294,0,766072,2902363,3340,432
26351,UNITY NB OF HOUSTON,202617,170454,385,0.7622686898135659,5.74,1.5576455848366588,2.079786000187546,1020,1379,15.266831467209538,31497,29.66055840126975,1859,252,2.880331172721826,116028,0,121,26230,26351,117887,475,15
26358,STATE BANK OF SOUTHWEST MO,164599,146583,375,0.9307145095289654,12.96,0,0,54,0,7.967474448801183,12395,11.181279430537591,805,0,3.958400515962593,130059,0,4593,9619,11689,130864,0,0
26363,COMMUNITY COMMERCE BANK,395456,302399,548,0.5509191830210327,3.6,0.0027141737546183364,0.6840204725683767,736,0,15.35961451800905,61011,20.339855493519945,3398,2,3.030361087010666,289120,0,0,156246,61011,292518,5,3
26379,PIKE NATIONAL BANK,396621,354757,866,0.8999038786272829,9.13,0.18811691685122905,0.326003918098134,1469,0,11.772186345415154,44990,21.128772275454462,2039,180,3.5462501390976326,183929,0,6982,62238,38978,185968,105,19
26381,BONVENU BANK NATIONAL ASSN,1540477,1340390,2145,0.556270343496937,6.78,0.023929225576416253,0.06433072353563214,552,194,9.906618909189808,154443,14.340809914320477,12420,150,2.8791198806191307,1055395,0,3178,537458,127901,1067815,72,8
26392,DEUTSCHE BANK TR CO DELAWARE,134983,3022,863,2.5425070799099956,2.7,0,0,0,0,95.45596711496358,128184,0,0,0,3.9875122264949816,0,0,0,0,128184,0,0,0
26393,PITTSFIELD COOP BANK,404215,299374,62,0.06199418804487079,0.46,0.05808592360248898,0.29142906621476194,4959,0,14.896740915325617,61688,21.589941829755308,2520,14,2.809023439160914,275118,0,195,55316,54488,277638,44,4
26395,MUTUALONE BANK,1245483,894193,-855,-0.272954843930885,-1.35,0.5436629289840299,3.8622767231668353,2895,65,20.658181601572583,260102,0,26183,6400,3.447659174359321,1073500,0,6587,263188,253901,1099683,1503,1
26397,GREENFIELD COOP BANK,813074,717354,1306,0.6533515848215822,5.92,0.000785599181405653,0.4968797428032381,810,0,12.755893109405841,103660,0,4803,-104,3.004627413435456,505948,0,3118,59280,90066,510751,2,1
26398,AMERICAN NATIONAL BANK,452431,387449,900,0.8228543216423257,6.46,0,0,0,0,14.692946019790282,63671,18.32091441799899,2100,0,2.9498646845492704,315192,0,5055,212498,56950,317292,0,0
26403,BANK OF IDAHO,1302348,1101507,4796,1.4589214445634187,12.76,0.012166589120502936,0.5834078141940557,1837,15,11.885229400660151,156453,14.815056038098612,13021,126,4.355887358136546,1056821,0,8386,459488,154216,1069842,72,40
26411,HAVERHILL BANK,621009,512326,-460,-0.2973833497648409,-3.53,-0.003428003359443292,0.04508791337967727,911,0,9.727391355925501,61499,13.89922398214096,3660,45,2.207105243740782,465843,0,358,73135,52538,469503,3,7
26416,COMMUNITY STB OF CANTON,68399,59858,217,1.2764142758407717,10.66,0.05669795178649171,0.7690170908931416,216,25,12.269086870104056,8395,0,917,0,4.538402760089842,48535,0,964,4578,8276,49452,11,4
26442,TERRABANK NATIONAL ASSN,820644,750624,1602,0.7966408806810235,10.51,0,0.058978070880917915,1866,0,9.583835076580117,77041,17.255877043748843,7169,0,3.3046633035560173,506341,1461,71,213809,64362,513510,0,0
26444,EVERETT COOP BANK,1451779,1051980,1243,0.3465373447656273,3.4,0.028133315892964743,0.08706559331688915,816,0,10.31114273744134,146931,16.22979151853601,8808,-10,1.8805436257617159,1177626,0,209,254932,146545,1186434,82,0
26450,CANTON COOP BANK,160350,134352,-41,-0.10253716972402496,-0.82,0,0.003118178983473651,976,0,14.386632506970084,22911,24.466647259419446,672,0,2.54070448015324,98084,0,2238,11011,20150,98756,0,0
26451,FIDELITY COOP BANK,1577525,1341584,3352,0.8573065433563858,7.64,0.00259684010930842,0.5731763363496617,744,0,9.074549497391905,136757,0,7743,163,3.991148616918589,1078051,0,17504,348480,176398,1085794,14,7
26455,SAVERS COOP BANK,777837,566475,1055,0.5452664860740619,5.58,0.013522867591687155,0.3852992336440668,4093,0,11.12443474686146,87947,0,5201,13,2.735249554921143,587428,0,3903,254669,77064,592629,25,5
26474,STATE STREET B&T CO OF CA NA,9096,0,66,2.911978821972204,2.92,0,0,0,0,100.16556291390728,9075,482.96966471527406,0,0,2.3062574190266236,0,0,0,0,9075,0,0,0
26483,NEEDHAM BANK,5128842,4331202,10993,0.8677391450464502,7.17,0.12303065979965234,0.22172646379046185,20264,0,12.47186391501092,625176,13.793910789057579,38338,1158,3.4627814350606725,4426262,1621,187593,1375981,619460,4464600,1558,205
26484,NORTH SHORE BANK A COOP BANK,2980521,2412290,8862,1.2015014701004996,8.28,0.00034645983014806826,0.5041400479983198,3469,0,10.985564132695597,308871,15.23094461789268,11042,-72,4.016595432272311,2286739,0,1329,695432,433029,2297781,2,0
26487,WALPOLE COOP BANK,630443,500678,784,0.5003721677555133,2.76,0,0.4178014507259182,1518,0,18.267962346311474,114109,0,6856,30,2.7937228110319596,516313,0,0,193250,114395,523169,0,0
26499,AMERICAN NB OF MINNESOTA,480533,355770,962,0.8033746746990216,8.55,0.02379521835087239,0.8190904682925002,6864,0,9.544924875996411,46280,12.92739786856128,5235,-139,3.7958931781162843,413236,0,4404,118878,45078,418471,25,0
26512,METHUEN COOP BANK,137373,124501,96,0.27965000054619144,3.06,0.0038488369295903396,0.6573344106920574,18,0,9.244894961069487,12586,0,428,-3,2.894104450725569,103469,0,276,19818,12586,103897,1,0
26513,STOUGHTON COOP BANK,133301,118539,166,0.5020793950850662,5.87,0,0.11102692402907705,110,0,9.417467000284674,12571,0,734,0,2.5236593059936907,106527,0,1315,5932,11499,107261,0,0
26516,WAKEFIELD COOP BANK,305779,261018,-261,-0.34188146144500586,-5.75,0.001585021546386646,0.3371716174099595,772,0,6.770586747433345,20879,12.948586993530814,1750,-7,1.8850672698148618,250643,0,0,19977,18070,252393,1,0
26517,CAPE COD COOP BANK,1623407,1370717,942,0.23237871810574343,2.5,0.015444992765522485,0.015153316451142568,24210,0,9.354034778974366,150847,0,9899,0,2.592639470640006,1394307,0,76130,326418,150652,1404206,56,2
26519,FROST STATE BANK,53418,44073,117,0.8821284175407843,5.43,3.9379994047210203,0.2770601669849115,181,33,16.375063699677256,8676,19.101590932723305,509,200,4.435938550664666,44725,0,791,1475,8676,45234,473,43
26520,SECURITY BANK OF SW MO,140697,124745,977,2.8567355874838727,25.55,0.040558789504491426,2.906245335721444,3335,3145,11.327049007565902,15585,0,1379,50,4.49465262777623,107142,0,4196,18269,15603,108521,29,18
26522,THE BANK,602344,535505,2993,2.2203634704585204,18.44,-0.07879151893256867,2.16221959544712,9674,2889,9.662466239208493,58636,17.06355732290894,6980,955,5.501327818336313,345567,0,1387,17334,65085,352547,0,61
26523,BANKHOMETOWN,1567141,1345001,4518,1.1771276898901653,10.46,0.005519529800996599,0.2514770527986952,1774,0,10.871661757446377,166275,14.535166628279283,12439,156,3.565671117649173,1229638,0,1053,508037,174944,1242077,18,1
26530,DENALI STATE BANK,521505,452451,1989,1.541054099599047,14.19,0.0983478920085508,0.33614251061830663,1019,33,12.197495582996225,63169,17.29862452993558,7628,399,5.313790991706931,361302,0,3913,108454,57332,368930,105,15
26536,BANKGLOUCESTER,378386,306242,215,0.22595337215702707,2.89,0.06035695100826287,1.7106869704481669,1932,0,8.24015646333813,31262,13.375556555329746,3389,45,3.17424589700445,330510,0,464,75649,30043,333899,60,10
26539,MICRONESIA,246163,213447,949,1.532474243451862,12.3,0.7647542220806011,0.3367687264129865,560,0,13.617613219535857,33969,51.04400193415095,1926,135,4.335293050109944,57369,0,16837,10972,31791,59295,173,59
26542,BANK OF DESOTO NATIONAL ASSN,267104,240006,1363,2.054397057826077,20.72,0.5606268388016602,0.8835509763987062,4969,1362,9.942958559412213,26443,0,1477,100,4.958024304808125,162820,0,9812,34921,26443,164297,253,21
26543,FIRST NATIONAL BANK,1594433,1216251,2783,0.7094600946222963,7.45,0.018331107967895707,0.40453252033795084,17785,282,10.38600036141964,148856,15.97381170461312,10910,155,2.6005134873795472,1290167,0,5133,122986,151077,1301077,89,30
26554,BANK OF EASTON,210706,187038,219,0.4206593691550077,4.22,0,0.0018983797328979716,7,4,11.244351424630167,23639,0,652,7,1.8758847019678049,112391,0,201,4887,21083,113043,1,1
26555,ONELOCAL BANK,973568,795616,1597,0.6588029031467946,4.86,0.0014481568884901095,0.0417022745201157,1837,0,13.688599486685316,131682,0,7627,130,3.140700642980658,827836,0,1196,158626,132710,835463,3,0
26559,STONEHAMBANK A COOP BANK,834218,728800,-578,-0.27867844701855043,-3.74,-0.022681759985197166,0.12754459865406884,1274,0,9.051727699741118,76678,14.257084868586839,6781,-12,2.370256001593784,664422,0,627,198426,62633,671203,19,57
26564,DELTA BANK,600986,527744,2359,1.6227361918667143,16.55,0.06053515963746165,0.9289733870672529,8503,2507,10.035562891416165,57031,0,2756,225,3.9289292212313844,423252,0,6275,88514,57030,426008,90,27
26567,NORTH CAMBRIDGE COOP BANK,83356,57930,180,0.8620121998671064,2.99,0,0,784,0,28.61134360691251,23245,63.47914547304171,493,-54,2.9417245363181235,48323,0,66,1321,24213,48816,0,0
26576,WRENTHAM COOP BANK,182902,165672,-159,-0.35133754091342234,-3.86,0,0,0,0,9.117177992520435,16407,0,406,3,1.614609497355279,108495,0,1237,925,16408,108901,0,0
26588,DEDICATED COMMUNITY BANK,105110,96680,158,0.6115024382692158,8,0,0.33488726096470367,408,0,8.235294117647058,8533,11.603597974512178,385,15,4.04452269895695,70720,0,745,29820,7955,71105,0,0
26591,COASTAL HERITAGE BANK,971216,790017,250,0.10331581785834575,1,0.02570928709432352,0.959827679939375,2948,0,10.964165454468384,106051,0,7801,0,2.5039157949214457,767054,0,8188,146093,100978,774855,50,0
26602,CHARLES RIVER BANK,312446,291785,113,0.14484394026789718,2.47,0.001785001082156906,0.38246609014037625,1018,973,7.945556545247136,25423,12.464674126015979,1492,10,3.0007147863621535,227523,0,8021,61186,18850,229015,2,1
26610,BANK OF HOPE,17063123,14514368,24286,0.5695603183015724,4.37,0.24666050707571177,0.5609992965531574,39645,98,11.731155767537583,1972477,14.847330955250879,147412,4800,2.6004392491087334,13188065,3170,6620,7171235,2233899,13335477,8549,234
26620,READING COOP BANK,922342,799292,541,0.2335868535073649,3.98,0.05794803810356845,0.6238466859364531,5030,0,7.710785751152652,71261,12.362932424004342,4789,165,2.7436565910297417,724336,0,23140,102530,55573,729125,121,15
26622,ROCKEFELLER TRUST CO NA,15388,0,467,12.236342198349274,14.65,0,0,0,0,85.31790387270695,12976,288.9334224003563,0,0,3.8048920040051497,0,0,0,0,12976,0,0,0
26626,UNITED TEXAS BANK,1051134,737708,5998,2.2210012927760525,14.45,0,1.7021616654013667,363,0,15.379734805879043,167499,0,6438,0,4.212429473451089,503189,0,697,378617,166725,509627,0,0
26627,BANK OF THE WEST,794026,719118,3084,1.544942149205393,18.1,0,0.4746695952021722,602,700,9.100781680173656,71567,15.494700391871724,5131,152,4.305519653336293,491474,0,2851,228336,68955,496605,5,5
26634,MECHANICS COOP BANK,828366,667120,2471,1.1866664505598665,10.08,-0.000567064604252701,0.02583399125507324,695,0,12.376680433035933,103361,16.529203406436054,5658,37,3.9807592386574817,695141,0,1568,217661,99424,700799,252,253
26647,FIRSTRUST SAVINGS BANK,5314715,4133389,27432,2.05109895989835,19.56,0.055431564872892775,0.620729427636289,11599,349,11.329895918457773,606012,13.470083244363455,81227,-57,4.076497354009954,4403008,1070,403493,1345215,568352,4484235,1406,783
26653,BANDERA BANK,92849,82868,517,2.239585871548704,21.46,0,0.0053850876153755025,792,0,11.663891881304474,10719,0,460,17,4.690431519699812,49330,0,967,6814,9733,49790,1,1
26658,AMISTAD BANK,52241,41939,193,1.545081557089963,8.17,0,0,1,0,14.987885081343025,6928,0,433,0,5.647447743890541,30722,0,997,15112,9568,31155,0,0
26677,BANKERS BANK,266592,219451,784,1.1561972319104536,8.53,0,0,2023,0,13.596474891423377,36503,16.28481544315056,3155,100,4.039465578703937,207910,0,172,71266,36364,211065,0,0
26687,PNB COMMUNITY BANK,158895,144353,486,1.2379248202652877,15.79,0.07907414490337053,2.207747254476226,53,2040,9.557396303393707,15461,0,1409,0,4.896258004471376,115636,0,528,23286,12804,117045,36,13
26689,BANK OF ALMA,322593,162421,2789,3.4887793650396537,7.11,0,0.6298958749879879,6508,4,49.322825816097684,158346,0,2936,0,4.77477391445515,191049,20,1007,95330,158341,193985,0,0
26703,RIVER CITY BANK INC,491377,423884,368,0.299299229080824,3.58,-0.005419319875355643,0.00020350972878258446,1129,0,10.467224876610373,53104,13.588174063971021,2405,0,3.197803672151942,368803,0,396,107636,41837,371208,0,5
26704,BALBOA THRIFT&LOAN ASSN,416037,366779,-513,-0.4897380545800174,-4.34,2.1826942047495925,0.2237781735759079,7445,56,11.203926869446848,46997,0,8252,1631,4.6261112905498685,381026,0,15506,19306,46997,389278,2271,169
26708,SPECTRA BANK,103081,93275,72,0.27971892133390963,4.53,0,0.18335095701438675,1128,0,9.88055506762691,10125,0,700,0,2.611319825090842,56484,0,875,36113,8949,57184,0,0
26725,BANCO DO BRASIL AMERICAS,3035260,2708325,11579,1.5789641448388352,15.36,0.0014098187413666959,0.2795477158464184,14177,17,10.60945008479766,312537,25.422671229593245,23617,1279,3.8367543245122553,1737616,13811,44940,296212,311395,1761233,11,5
26727,BANK OF SOUTH TEXAS,159107,128540,635,1.5879912848037363,8.82,0,0.18792384998774408,1816,9,16.269904030467323,25718,0,1305,5,7.1257152081502335,106051,0,1437,15478,29189,107356,0,0
26732,DEUTSCHE BANK NATIONAL TR CO,455494,0,2466,2.1725149547612963,3.79,0,0,0,0,57.3793286394836,259564,0,0,0,5.045072929160057,0,0,0,0,261588,0,0,0
26738,TEXAS FINANCIAL BANK,159749,133125,639,1.5895324685016354,10.61,0.007029815203732832,0,4,0,11.044227855907549,16476,0,716,31,5.490511567308959,57957,0,759,27052,24406,58673,1,0
26755,MINNESOTA 1ST CREDIT&SVG INC,27404,22115,9,0.13471541368858286,0.87,0,0.10217486498321413,77,0,15.341141476110801,4126,23.01365529604049,409,0,4.021241233937331,23523,0,3596,159,4126,23932,0,0
26760,GREEN BELT BANK&TRUST,726198,650219,2489,1.3866517360654105,16.17,0.041231951817519166,0.12668721202757374,2454,688,8.844138903578354,62716,10.79429332318813,8322,98,3.054566563752585,606846,0,3044,133766,62519,615168,135,72
26790,HANA BANK USA NATIONAL ASSN,680042,558732,947,0.601837765955334,3.72,-0.025765971025211287,0.011469879801541669,0,0,17.492417941544637,104107,27.618172009513025,5099,327,2.669785162625983,431036,0,0,211390,102650,436135,0,27
26798,HOME SAVINGS BANK,115006,87990,403,1.3805506787136557,9,-0.9564000122615386,0,0,0,15.640925475433706,17617,0,981,-128,3.971935878588343,97930,0,0,46485,17617,98911,0,234
26799,EVABANK,468131,311285,2539,2.203259113988721,7.96,0.20447327182375072,1.495521552727762,1535,0,27.636110743144787,125175,0,8127,108,5.540481942637675,350946,0,10759,129836,128321,359073,208,25
26816,LIBERTY BANK INC,14181,8560,-170,-4.8940228147828275,-15.51,0,0,0,0,35.33894905736061,3524,0,0,0,0.3893288501526346,0,0,0,0,5000,0,0,0
26829,FIRST NATIONAL BANK OF PASCO,318994,272359,113,0.1434465249127261,2.56,0.008353673658517483,0.045141914894951,415,0,9.182439036979448,28464,0,2855,0,3.4943544767100585,190631,0,4452,71643,18178,193486,4,0
26847,CHESAPEAKE BANK&TRUST CO,128868,105416,680,2.0924364576281618,21.32,0,0.035695440295496164,488,6,9.998829998829999,12819,15.54946035144055,1527,50,4.681003613767755,100257,0,2201,20646,12881,101784,69,69
26856,FALCON INTERNATIONAL BANK,2121798,1871146,7695,1.4881920086796696,13.22,0.03196823879361001,0.1781507947504899,4983,0,12.908793545626432,278145,20.231654210618196,13740,150,3.8481119105968387,1320255,427,13935,597074,237339,1333995,137,32
26871,COMMUNITY BANKERS BANK,140984,108069,65,0.18299935950224175,1.42,-0.03479067609880552,0,0,0,13.921277309543534,20333,0,1880,0,2.868330997497047,100004,0,46,51427,18440,101884,0,9
26876,SAFRA NB OF NEW YORK,11099112,9419824,33177,1.1846670299902653,10.42,0.007009630828356383,7.207783829913601e-05,12,0,9.56965592023812,1053386,26.840602383934968,24347,-698,2.2278676694315886,2823969,9194,125,806058,1292774,2848316,75,23
26881,SOFI BANK NATIONAL ASSN,32856707,27382942,169992,2.1267453170969333,14.68,0.1216040713627376,0.07640144826442893,92635,22774,13.932940649724653,4496976,16.621910932874744,44369,5678,6.520898305317657,27109631,355002,25464990,18911,4726207,27154000,8764,772
26891,LIBERTY BANK MINNESOTA,278099,254127,570,0.8387502621094569,10.39,0.04239353922462217,0,115,0,13.179256429649405,37813,25.70874346304573,1365,0,3.201338652572723,138723,0,2305,653,23107,140088,17,2
26906,TEXAS REGIONAL BANK,2787338,2511891,1589,0.23099010660215225,2.66,0.04818412797327531,0.09220266792186667,2866,0,8.910429295654271,248546,14.199230647051179,15942,395,3.298924098095226,1489524,963,10155,540033,238905,1505466,193,14
26912,BANK OF SOUTH CAROLINA,567088,498548,1854,1.3197443796080275,13.99,0.005488715201545622,0.19432610106367973,573,0,11.26294832941958,62400,0,3724,12,4.235329600934985,355943,0,3024,81849,54310,359667,6,1
26922,COOP BANK,551230,457316,118,0.08534945811231229,1.01,-0.0025557336286625527,0.6057362625401375,830,0,9.089600496058111,49254,13.74189478473996,3712,-29,2.589090631529735,464217,0,590,95302,46880,467929,0,3
26941,PEOPLES BANK OF DEER LODGE,44251,39844,234,2.0308974136434643,22.37,0,0.8609974915821111,124,0,10.835239268121041,4927,0,403,0,4.672612671530213,35224,15,876,3575,4343,35627,0,0
26944,AMERICAN STATE BANK,329115,261510,1488,1.8247285670270446,20.56,-0.0034401130077123033,0.08689971590477492,1531,7,11.077140313718267,36086,0,2703,60,3.910677757856214,229984,53,3324,36937,29256,232687,0,2
26955,BANK OF CLEVELAND,379768,284233,-1533,-1.6670925926932842,-8.02,0,0,0,0,18.375563217659963,63580,23.443187407771767,3094,3094,2.1859629947693024,275991,0,676,127331,90255,279085,0,0
26960,FIRST BANK OF THE LAKE,1728960,1465832,-2273,-0.5507707731659779,-7.63,0.28593177195994807,3.42234638163983,21706,912,7.578287367859391,123138,16.962306976839134,10766,3965,3.218461361869792,1651690,0,1185,726524,125571,1662456,1146,13
26962,WILSON BANK&TRUST,5529480,4975192,16930,1.2441437335077927,13.85,0.02415875588205309,0.08995420907571779,31922,462,10.42271762023163,574451,14.585515708573457,51480,1840,3.4228471882803477,4132674,4329,17873,1412307,504178,4184154,382,132
27010,YOUNG AMERICANS BANK,16680,14601,-540,-12.726469288555014,-119.67,11.267605633802818,0.005995203836930456,9,1,11.203709137860203,1909,329.43201376936315,5,2,3.4105513933732485,38,4,0,0,1910,43,1,0
27015,42 NORTH PRIVATE BANK,211207,153564,-998,-1.8957571037466374,-21.06,-0.12030075187969924,0.5132405649433968,2488,0,8.817297897067757,18436,17.08074800683127,2122,0,2.7572435632380974,163722,0,14824,18455,18459,165844,2,53
27026,NATIVE AMERICAN BANK NA,399597,349315,1367,1.3607050383164885,13.1,-0.1468602963188902,0.5948493106805106,2,0,11.198407839852086,45183,0,1458,0,4.774572209730711,175459,0,94,26469,43976,176917,2,67
27043,SANGER BANK,209026,174044,787,1.5081106458814397,9.45,0,0.0038272750758278876,1416,8,16.416849253449804,33942,25.945501270375143,1697,22,4.15783884451001,132929,0,2190,44943,33712,134626,0,0
27046,COMMUNITY NB&T,2279181,1972018,2644,0.4687536011942225,5.98,0.618170421608845,0.5951260562456426,7488,0,8.677066291890597,197199,13.25556714209864,17490,2800,3.504184407288829,1491477,2878,13123,378912,179017,1508967,2368,43
27052,ST CHARLES B&T CO NA,2974063,2535806,9683,1.3301006881962665,12.89,0.4036366857077013,0.5893284708494743,15859,3021,9.741099082005636,279289,11.327251304341926,18958,1367,3.3038763700897236,2343284,0,487620,406970,307134,2362242,2581,234
27054,SUMITOMO MITSUI TR BK U SA,3832567,3292418,17426,2.015737465984575,13.89,0,0,0,0,13.15634688413041,493656,35.49153361247872,0,0,2.7370386955111914,51634,0,0,0,493656,51634,0,0
27074,STATE BANK OF TEXAS,2790233,2334995,28339,4.068780466005945,29.51,0.005074997303907682,2.1031935325831213,10642,0,13.822999223334174,384790,0,25253,0,5.093830793599065,2257511,0,2244,2091284,378607,2282764,34,5
27102,ASSOCIATED TRUST CO NA,80234,0,5817,28.774060310766775,35.65,0,0,0,0,79.21144925896596,42009,130.95891265041462,0,0,4.83731644111719,0,0,0,0,65257,0,0,0
27118,PREMIER BANK OF THE SOUTH,375168,344552,981,1.056714946834366,14.01,0.06450052406675805,0.017592118730808598,468,29,9.181101237876607,33435,17.835329221403395,2190,75,3.865561603515171,206109,0,10586,37254,28659,208299,64,31
27132,UNITED SECURITY BANK,1192110,1029026,2745,0.9135018569545945,7.78,1.1953826560273428,0.5334239289998407,1952,653,12.844588911032723,153005,0,15356,2305,4.604510874503739,905297,0,33373,368106,142247,920653,2834,71
27153,CITIZENS BANK&TRUST INC,131642,117778,504,1.5329399598515725,15.88,-0.14880306534314605,0.041779979034046885,667,0,11.512477807410596,14979,21.72766283106021,1304,43,5.118430477485462,79017,0,7076,8570,13143,80321,47,77
27201,COMMUNITY STATE BANK,83843,77155,162,0.7869521392225205,9.85,0.1578645235361653,0.47231134382118956,157,0,7.910872199757622,6593,21.68241673121611,571,3,3.4149953320670896,26731,0,1144,3237,6593,27302,20,9
27210,INTERBANK,4676183,4085958,42193,3.668077379280292,30.19,0.029964282228315674,0.5925345522191925,15232,10598,10.74576304262593,484566,10.605823588396534,36166,0,5.460694433921327,4121941,0,11896,1694928,570983,4158107,319,17
27211,FIRST COMMUNITY BANK OF TN,753645,602102,-17,-0.008835213523073874,-0.08,0.002761270080689489,0.97220840050687,2269,2966,12.386945780077507,91351,17.1054884720277,3175,61,4.678565666256431,574921,878,2227,103922,84652,578096,11,7
27219,INDEPENDENT CORRESPONDENT BA,144433,68458,283,0.7851324217381805,5.83,0,0.6695145846170889,0,0,13.590003330373001,19587,21.454590611805614,1120,18,2.8265061203443804,81703,0,356,37628,19549,82823,0,0
27233,PEOPLES INDEPENDENT BANK,458063,416759,1781,1.5651845309499641,19.24,0.046026910051388,0.11439474482767654,528,1,9.561277087471924,44184,16.275530382214185,1907,15,3.731750281265416,188515,0,3824,83838,37642,190422,26,4
27235,STAR FINANCIAL BANK,2964716,2595775,6114,0.8240279487529821,9.76,0.04790958938246299,0.1945548915983858,3895,8,10.5779565845235,323190,14.36298041856964,18991,400,3.1966688849553906,1762657,0,17292,512269,255899,1781648,232,21
27237,ENTERPRISE BANK&TRUST,15647682,13161765,52966,1.3574165901481774,11.47,-0.037621183106277004,0.867598152876573,44560,48810,10.422781076823053,1600395,13.528896791151826,142944,5184,4.1706941851609365,11155819,3252,53088,4651841,1870654,11298763,1285,2344
27238,WINCHESTER COOP BANK,873553,706650,756,0.3504735855452826,2.93,0.006251377256551834,0.35899367296546403,7911,2270,12.073670088049905,103761,0,1955,19,1.931194622086426,639591,0,723,36448,103761,641546,17,7
27254,WAYCROSS BANK&TRUST,241968,221137,800,1.2889868160817217,20.19,0.014077963763321273,0.03182238973748595,337,48,10.76509891764995,28018,19.312029493657832,2343,43,3.156544018992765,137858,0,729,68229,16919,140201,6,1
27267,AMERASIA BANK,995918,817853,4877,1.9925804263803428,14.04,0,0.6509572073202814,0,0,14.428447135868225,141623,19.56136455575775,6827,-61,4.237710118193983,763967,0,60,441290,141425,770794,0,0
27269,DEAN COOP BANK,477031,407602,267,0.22437846849089724,3.74,0,0.19558477331661886,277,0,8.00889283395386,38978,14.191008629644694,3216,0,2.8438338368176823,335193,0,2081,54330,29440,338409,0,0
27314,SYNCHRONY BANK,114809000,86092000,615000,2.169809656535008,17.39,6.317807325230443,1.9484535184523861,2170000,2205000,12.049360325038451,13553000,16.159370459798048,10518000,1559000,12.788956176336525,85173000,87992000,5736000,0,14306000,95691000,1920000,371000
27351,BANKERS BANK OF KANSAS,227737,126051,326,0.5870053051054606,3.69,0.6039576237244763,0.20286558618055037,3469,462,16.930173161410835,35530,23.90538051134299,2917,225,4.670675498907466,134071,24491,210,29474,35499,136988,233,20
27362,PRAIRIE STATE BANK&TRUST,794693,693193,1705,0.872054737418181,7.11,0.001507636177237709,0.1425707789045581,1159,10,12.276539884522315,95531,0,5612,2,3.354676643861334,531211,244,2420,133254,95531,536823,11,9
27381,FIRST METRO BANK,997571,897576,3830,1.5479031570353816,16.78,0.018305476153597025,0.03749106579882534,1501,0,11.686286262405398,118543,0,6478,68,3.646411758800873,560141,1801,5004,134918,94549,566619,41,15
27385,PORT RICHMOND SAVINGS,98835,60823,720,2.9174306350476615,14.42,0,0.6374260130520565,0,0,20.542200935665424,20330,0,1046,7,4.737606305745696,87056,0,0,36684,20330,88102,0,0
27389,WELLS FARGO NB WEST,10221426,8419160,20314,0.7859611491093252,5.36,0,0.41425726703886523,12130,0,14.856674632083855,1538622,48.139245493301566,18077,-720,1.5428349621866104,5495271,0,0,0,1522845,5513348,0,0
27394,FIRST BANK&TRUST CO,982410,846174,5121,2.1059146345851554,15.8,-0.01194101140366589,3.6488838672244785,10006,0,12.680156853045599,123040,17.297152804490835,10702,202,4.381450807952737,731180,0,11324,246123,130961,741882,84,106
27398,PEOPLES BANK,171856,157066,640,1.5095229671560824,19.36,0.00303438335640729,0.17456475188529932,1043,0,9.91225144618357,17238,0,1139,5,3.7717158924910503,132576,0,655,32394,13494,133715,5,4
27408,ENTERPRISE BANK&TRUST CO,4900489,4301664,11357,0.933943174570052,10.51,-0.04231945989415903,0.5811664917521496,7627,0,10.194705842639417,501332,13.053277969939872,64042,331,3.4522905009194935,3986669,0,7077,1637099,445029,4050711,203,628
27409,COMMERCIAL BANK,280697,252223,170,0.24679394701551718,5.85,-0.08482226011204562,0.32312422291652565,1643,0,7.7536783447274145,22207,11.581964008125352,2082,15,3.135582784311311,177224,0,2736,68797,12345,179306,0,37
27417,SHOREHAM BANK,494091,432226,1543,1.2604020952244812,11.48,0.3446087933453248,0.7516833943544812,1495,0,11.142891681299162,54385,14.255033492914409,9609,900,4.815572790142619,421027,0,34613,129165,54111,430636,457,87
27471,AMERICAN EXPRESS NB,203447693,158851165,2109169,4.255466605697381,44.75,2.6305438410652755,0.5480671633863157,980335,535256,9.488049197056267,19159693,13.42241429126681,5486808,950778,8.293664227786813,152237569,102978032,7038413,0,19159693,157724377,1287226,245123
27476,BANCFIRST,11760868,10388313,49204,1.6991889277141947,16.02,0.02995884984872124,0.3861109571164305,33813,4347,10.364127850019111,1190053,17.4202935546327,83233,1339,3.656315401185854,6648570,0,190059,1848934,1248358,6731803,782,280
27479,FIRST FINANCIAL TRUST NA,17213,0,287,6.753934402117959,7.68,0,0,0,0,87.10444748792618,12084,0,0,0,4.575702579332344,0,0,0,0,15093,0,0,0
27496,BANK OF THE LOWCOUNTRY,369808,347074,439,0.4887688924764105,8.87,-0.00146118187696118,0.171981136157141,399,0,8.263459187575057,30689,11.729595250041813,2649,0,3.7024378294091504,274213,0,3354,83887,19399,276862,0,1
27499,COMENITY BANK,7663180,3221855,101840,5.170308851577385,35.77,7.399582821168524,3.243901356877954,225431,248586,14.816430128240498,1173398,18.368939399533783,805739,86546,21.590877215213368,5742549,6548288,0,0,1167277,6548288,161294,36096
27503,BERKSHIRE BANK,585256,447998,893,0.6089738398681808,2.75,0,1.8453463099908414,19844,857,22.68535881079754,134891,75.22539063142261,9178,0,3.5216398528873474,179617,0,8,119864,130739,188795,0,0
27510,METRO BANK,1137305,977150,4328,1.5302965479932535,11.57,0.03555669336974338,0.37887813735101844,3586,358,13.990229788773032,157827,0,7625,0,3.538597454693059,555802,0,10219,273532,152130,563427,72,22
27556,BURLING BANK,218141,179965,1243,2.300962359458265,18.23,0,0.4497091330836477,0,0,13.652951156861073,28808,0,2923,75,4.784974143068612,170432,0,1137,43867,27747,173355,0,0
27560,NORTH ALABAMA BANK,179258,156818,595,1.3333744176991447,13.79,-0.0028485666368754073,0.17628223008178157,226,0,9.920507490098647,17609,0,1529,30,5.0853605306677,139769,0,1093,39083,17370,141298,0,1
27567,GLEN BURNIE MUTUAL SB,105259,96164,45,0.17122066062638225,2.01,0,0.5966235666308819,0,36,8.465867845728885,8980,18.641024617962735,364,0,1.247258307389134,83825,0,0,123,8980,84189,0,0
27589,LAKE FOREST B&T CO NA,8724205,6807136,42647,1.9850487156610999,21.4,0.015513344421774452,0.23422191477618878,26994,1122,9.605774698989903,824952,12.336829721095501,47176,6813,3.540716396874055,6035907,0,664310,829396,813869,6083083,685,448
27619,PIEDMONT FSB,1277019,942006,390,0.12193553908991533,0.67,0.0082178950707736,0.01754085099751844,1053,0,19.229625774297464,243848,0,6406,60,2.019649953612129,819972,0,330,177580,232602,826378,17,0
27643,FIRST FEDERAL BANK OF OHIO,286618,242124,11,0.015427174968707377,0.11,0.940218083075226,1.2574227717728823,1073,0,13.310290175184205,39471,32.93176608301224,1035,125,2.7415321664014547,117108,127,34,16066,40174,118143,277,0
27654,HOME FEDERAL BANK,619535,558256,980,0.6388105087587927,6.87,0.1060813505967076,0.5576763217574471,2664,0,9.23530750281137,56009,14.527782968467756,4632,6,3.3121860933867002,459300,0,704,136550,57348,463932,126,3
27664,STERLING FEDERAL BANK FSB,536668,418644,125,0.09337251243955297,1.43,1.580893892869328,3.4613578599804717,4996,0,8.10779071463342,42805,12.196762396747053,6498,1022,3.3854770821595466,358473,0,991,192785,35883,364971,1451,3
27677,HOMETRUST BANK,4557173,3740581,14826,1.2959385229001803,10.61,0.1403268817013302,0.6016229798605407,15750,0,11.96688357961532,524952,14.182482372687232,44742,1540,4.073576399630654,3757206,0,2260,1431665,564497,3801948,1806,463
27678,FIRST FEDERAL CMTY BANK SSB,587713,513173,1178,0.8205278229805255,6.79,0.01617456613322522,0.3821593192595706,3675,687,12.658423465902406,72082,18.517409694246588,5858,87,3.592219580641598,465065,0,5360,79799,70224,470923,28,9
27683,NORTH SHORE TRUST&SAVINGS,282804,213902,-65,-0.09257759159395469,-0.46,0,0.09299727019419811,900,0,23.11138696858792,64790,0,1156,-37,2.78151221547448,132835,0,159,3264,57263,133991,0,0
27686,SLOVENIAN S&LA OF CANONSBURG,607277,509736,1227,0.8121881171980172,5.11,0,0.5188735947516537,3285,952,16.02927172401894,96619,0,2410,-84,1.8684712241520185,250549,0,3546,33493,96619,252959,0,0
27697,FIFTH DISTRICT SAVINGS BANK,530778,420504,78,0.05898868438217861,0.3,0,0.1507221474891574,3590,0,20.712075691673018,110856,42.527871490798915,1699,0,2.369770269327908,376241,0,4515,1809,105281,377940,0,0
27711,ALTOONA FIRST SAVINGS BANK,321587,277792,582,0.7345262022029475,5.91,0,0.8843641067580468,5794,0,13.58364715644348,42563,0,2569,70,3.44273442971253,182055,0,6726,72305,40000,184624,0,0
27716,MUTUAL SAVINGS&LOAN ASSN,37894,20475,-30,-0.29319781078967944,-0.77,0,0,345,0,42.036084974294305,17334,98.73753029363694,185,0,3.4578961845259144,30810,0,225,569,17334,30995,0,0
27723,SECURITY BANK S B,217662,201931,411,0.7601925451190922,11.31,0.12390148062269345,0.40291828615008596,452,0,8.216065735710117,18298,17.43394268023157,1126,0,3.914539217791181,110650,0,1146,53417,15133,111776,44,9
27727,LYONS FEDERAL BANK,173201,145121,277,0.6238440164744368,4.62,0,0.06004584269143942,114,0,12.578590190042668,21167,0,1631,93,3.9065952407445677,124505,0,1872,3722,24178,126136,0,0
27742,MUTUAL SAVINGS BANK,314063,245339,557,0.7116301056585452,11.69,0.009636766190369498,0.5613523401355779,1271,0,9.947837019396408,32916,13.448136020907809,2914,-43,3.063730361312109,203659,0,187,80107,19277,206573,12,7
27752,HIBERNIA BANK,254353,218655,-182,-0.2838848550549442,-2.13,0,2.0278903728283133,6885,0,11.219165558842434,28103,0,2591,55,2.0314984866362287,189117,0,146,60212,34053,191708,0,0
27760,WEST VIEW SAVINGS BANK,352384,130880,425,0.4827632230976644,5.04,0,0,0,0,10.430510162117704,33733,31.10589259323063,527,25,1.7670467247932038,81453,0,4,5057,33649,81980,0,0
27763,INFIRST BANK,621417,560033,880,0.5740097516429399,6.52,0.023408860436556957,0.2528093051847632,4309,21,9.190477270444612,56733,14.535532941449128,6688,161,3.4150899805866755,549654,0,2823,72496,54517,556342,35,3
27767,UNION FS&LA,148512,124424,65,0.1741675961187421,1.12,-0.003179991493522755,0.018180349062702005,123,0,15.880429077107364,23598,0,1473,-29,3.073227922755927,123631,0,159,8471,23194,125104,0,1
27774,GATE CITY BANK,3810682,3375906,4126,0.4355193127112581,5.03,0.156064145125844,0.5950903276631323,9350,938,9.50542635576841,359119,0,18509,1455,3.1322173481135986,2875959,0,295461,224841,332634,2894468,1375,245
27799,WILLIAM PENN BANK,766134,623549,-31,-0.015897517423166273,-0.1,-0.0008771920206227845,0.39183745924342217,961,0,17.11170435337794,134543,0,2576,-63,2.5413420977717966,439317,0,1415,160720,122667,441893,0,1
27806,FAIRFIELD FS&LA OF LANCASTER,277146,244655,198,0.2891407918514868,2.5,0.011476327001543156,0.21396664573906893,854,84,11.866969572827827,31864,0,1149,0,2.87809894783634,242692,778,0,3642,31790,243841,11,4
27811,INDEPENDENT BANK,5321109,4703588,16347,1.2279901295795512,13.54,0.006686844383487083,0.1771999032532504,3874,0,9.560371911665454,519015,13.185768744512366,60035,917,3.618444616049256,4024782,0,534349,1115312,487396,4084817,618,550
27824,SALEM COOP BANK,575397,382749,-905,-0.6336370240064414,-5.81,0.03703485484862003,0.3592302358197905,844,0,11.598669592363654,67025,18.732576942094642,2896,123,1.8260418207287399,470321,0,185,65739,62093,473217,78,34
27841,CITIZENS FS&LA,41983,27793,-6,-0.057866882060061,-0.22,0,0,0,0,27.79907789371512,11456,58.42399441061982,272,0,2.0983735153884813,31258,0,58,0,11152,31530,0,0
27847,PIONEER SAVINGS BANK,56701,37151,-10,-0.07123395010061796,-0.83,0,0,248,0,11.150595806371769,6307,0,326,-37,1.5713628698451634,35388,0,66,3359,4927,35714,0,0
27872,PIONEER BANK,1044263,827994,5422,2.1398668601834596,23.82,0.44800997456169783,1.3949551023066027,6197,650,11.367273242228988,120405,17.71830585248969,8695,969,5.158403280744486,574583,0,4213,202082,94894,583278,728,92
27884,HUNTINGTON FSB,554637,429774,-858,-0.6248725493052116,-3.96,-0.1381685192999699,0.19706582864107516,1901,5,15.42995877032776,84654,0,2398,0,1.0286066863266976,278478,0,1614,14784,86231,280876,17,114
27897,BLACK MOUNTAIN SB SSB,43310,36822,-35,-0.3213957759412305,-2.69,0,0,32,0,12.058173356602676,5182,0,62,0,1.980388386848683,28339,0,45,87,5182,28401,0,0
27898,HOME S&LA OF CARROLL CNTY FA,127807,107485,195,0.6180518688145289,4.49,-0.01866335392134563,0.6361153927406167,500,0,14.18658748620561,17869,25.304562036426294,987,0,2.561444574485872,84161,0,2166,8881,17556,85148,3,7
27910,CENTRAL SAVINGS FSB,115433,78963,180,0.6357868524577135,2.47,0,0.6263373558687724,221,0,24.80686167784528,28257,32.56148903168624,1500,1,4.036551595140445,102116,0,48,36683,29271,103616,0,0
27943,BRENTWOOD BANK,994663,705836,150,0.05956532206225073,0.63,0.24663928232602986,0.08274159187584136,7726,0,9.87067475943169,101397,0,4710,762,2.1973535484847773,771896,0,7198,304389,95495,776606,480,1
27965,GREENVILLE FEDERAL,255708,232290,-81,-0.12627369824093723,-1.64,0.015281976341590377,0.39028892330314263,580,0,7.898859159163911,19968,11.580975831705164,1667,8,2.9951666199468243,207709,0,1112,27297,19968,209376,13,5
27969,COMMUNITY SAVINGS,278968,218587,681,0.9929682971905995,8.28,-0.0017985005002079514,0.6065211780562645,65,0,10.858959600942827,29715,0,2507,310,4.569709150246095,214049,0,454,307,33275,216556,0,1
27981,CAPITOL FEDERAL SAVINGS BANK,9738052,6474772,15476,0.6418072788683937,6.42,0.0057405248765834355,0.1131540476473118,13508,0,9.49772000841637,908202,0,23970,0,1.9223736905721638,7877973,0,4202,1174165,975553,7901943,123,9
27989,OSB COMMUNITY BANK,351696,287911,499,0.5660067036064496,4.98,0.15856158218032085,1.1834083981620491,1174,3104,11.469421389311291,40503,17.5120719621404,4067,-93,3.0291224310898994,295126,0,477,55420,39358,299193,221,101
27998,GUARDIAN SAVINGS BANK,1341864,1184669,4555,1.369798131451001,11.88,-0.011906068560351675,0.3694115051897957,5385,0,11.424342462724878,152439,0,11397,0,2.4155052581854983,1062680,0,0,40808,152439,1074077,0,32
28035,BELMONT SAVINGS BANK SSB,139597,97136,46,0.1345959014085022,0.99,0,0.2141879839824638,725,0,14.182849348504972,19756,0,435,27,2.285926971301846,117027,0,312,5867,18568,117462,0,0
28060,CITIZENS FS&LA,183715,165642,129,0.2797915661278691,2.92,0,0.038102495713469235,672,70,10.426663208403578,19296,20.49319194327665,300,0,2.208302126597218,141875,0,0,15755,17773,142175,0,0
28063,COVINGTON SAVINGS&LOAN ASSN,87006,72466,202,0.9541748100211973,5.68,0,0,17,0,17.386118574027446,14431,0,228,0,3.361263487853397,47710,0,1,1098,14340,47938,0,0
28080,HARRISON BUILDING&LOAN ASSN,268499,209447,463,0.6992558136022624,5.12,0.26953447214229564,0.254749552139859,444,63,16.67805828894217,46118,0,1055,30,2.9196602725834087,131405,0,11090,27777,36270,132460,87,0
28088,WASHINGTON FEDERAL BANK,27629229,21588301,58223,0.84228673477778,7.72,0.0955271100509147,0.24457432380758795,29800,0,9.211465026287149,2480725,14.188291651899712,202709,2750,2.5542005541508273,20925569,4952,42664,4046228,3023464,21128278,5443,380
28094,HOME BANK NATIONAL ASSN,3475895,2834729,11700,1.3544931402736828,10.63,0.004681657357910328,0.6177114095794033,9644,77,11.475644344759575,385061,14.583263305734661,33278,394,4.117263177075381,2715854,6216,20006,1195366,444727,2749132,226,194
28103,COLLINSVILLE BLDG&LA,119341,84716,12,0.04015627483623769,0.14,0,0.06535892945425294,120,0,28.791039399499024,34367,0,631,0,2.1684453810074094,86072,0,16,386,34367,86703,0,0
28105,FIRST ROBINSON SB NA,477205,396704,986,0.8339385942933143,11.57,0.012415540376695256,0.2579604153351285,706,0,8.453588993338728,40737,15.39469928428709,2881,57,3.0879497268378295,257570,0,8256,59232,34667,260451,18,10
28116,YAKIMA FS&LA,2038880,1436550,3346,0.6575661748431316,2.55,0,0.11344463627089382,1636,0,26.480410416321696,542130,0,4443,104,1.98394720871193,839009,0,64,14581,527883,843452,0,0
28155,PROFILE BANK,299190,270079,-77,-0.1035254099421367,-1.12,0,0.1016076740532772,1504,0,9.294997637569956,27935,17.47640748875895,788,0,2.6187590343056715,175317,0,244,27604,27411,176105,0,0
28157,CINCINNATUS SAVINGS&LOAN CO,172630,143266,386,0.9127992905704995,5.95,-0.01695921309251251,0.0005792735909169901,713,0,15.971534945096375,27112,0,1209,3,3.392928868043278,118193,0,2102,45762,26219,119402,0,5
28167,EASTERN CONNECTICUT SB,269692,241569,-104,-0.15593255916815976,-2.24,0.010711870761279265,1.251798347744835,989,0,6.942649987079907,18270,11.562734479970684,1589,0,2.8994081649491172,220376,0,4607,40061,18540,221965,7,1
28178,NORTHWEST BANK,14475487,12506747,46916,1.2969809517326172,11.66,0.0804279711773753,0.4105768600393202,67408,603,9.650251094189095,1372608,14.228070741018092,122809,7912,3.9816756179294908,11167471,42501,244029,2009309,1627220,11290280,5353,3086
28186,MCS BANK,208632,182824,317,0.6098396766118308,5.36,0.32897925374581066,0.5948272556463055,815,14,11.426806670784435,23865,0,1925,232,3.9869228095575338,168478,0,6367,49673,23928,170403,144,4
28208,SAN LUIS VALLEY FEDERAL BANK,378835,313221,1028,1.0848387713778798,7.03,0,0.2631752609975319,315,0,17.629353975196473,65660,29.885504183333044,2578,0,4.435069688578712,259838,0,1145,32539,59649,262416,0,0
28213,WINTER HILL BANK FSB,430619,307569,117,0.10855496638971233,1.15,0,0.12307863796070309,0,0,9.474901785548045,40711,16.699584260566546,1865,-20,2.5140479267383973,311723,0,403,19896,40711,313588,0,0
28217,WARSAW FS&LA,94104,64763,7,0.029738513499160946,0.37,0,0.36767831335543655,95,0,9.607311759392104,9040,15.891040476864415,491,-31,2.095371572332824,76647,0,0,3545,7793,77138,0,0
28222,HADDON SAVINGS BANK,399846,320311,-339,-0.3397227601722665,-6.4,-0.020562645384328695,0.4149097402499962,4208,0,8.856854584436876,35113,14.811723280022369,1280,84,1.4897777872637872,237426,0,41,35436,22215,238706,0,12
28246,HOME SAVINGS BANK,109425,85506,240,0.8854495731856353,5.42,0,0.0822481151473612,187,0,16.47220833608436,17464,26.27604390565443,969,30,3.791808263280272,75257,0,2192,3860,17902,76226,0,0
28262,ESSA BANK&TRUST,2166357,1703394,3533,0.648380013452096,6.14,-0.007902197883452741,0.5419236072355572,9024,0,10.274902329170791,223680,13.791296675790504,14950,-42,2.7558857793897786,1757056,0,1260,465930,232420,1772006,0,35
28263,CFBANK NATIONAL ASSN,2092547,1790012,5098,0.9825315412764912,9.62,0.005236849317914607,0.7209873900084443,1662,69,10.55418468980662,216083,13.759908145661399,17803,582,2.78451035031141,1753644,0,0,461102,214614,1771447,94,71
28266,CONNECT COMMUNITY BANK,68122,57612,-382,-2.2117681117463994,-36.19,0,0,155,0,5.783215479281114,4032,12.24117262423714,605,5,2.5646543727505473,57698,0,739,0,4032,58303,0,0
28277,OZARKS FS&LA,290404,212251,252,0.34812880765883375,2.65,0,0.8154157656230631,1224,0,13.65506818259884,39754,19.602637903090596,2175,90,3.0026159735487483,234315,0,550,6033,38315,236490,0,0
28288,AUBURN SAVINGS BANK FSB,101149,72293,55,0.21626297577854672,3.65,0,0.00098864052042037,668,0,7.991704113377117,8092,13.3963087197846,805,0,2.708855114623358,80917,0,3130,6332,6164,81722,0,0
28302,MUTUAL FEDERAL BANK,96955,63217,169,0.6967527815999547,4.47,0,2.113351554845031,1812,0,15.593564463038732,15207,24.247509335268415,1318,0,3.8236856080722257,84510,0,0,3290,15207,85828,0,0
28314,RIVERSIDE SAVINGS BANK SSB,93698,72575,45,0.1931102552273873,1.17,0,0.06617003564643856,201,0,18.794109959048534,17256,0,352,0,2.915766084845403,54549,0,356,2752,15341,54901,0,0
28315,RG BANK A SAVINGS&LOAN ASSN,137807,122704,99,0.28493923454960174,3.09,0.014957534624355541,1.8736348661533884,54,26,10.953395184289375,15171,0,1363,12,3.7352350201512214,106525,0,824,12764,12941,107888,4,0
28316,FIDELITY BANK,1238522,917608,616,0.1998107312310498,1.02,0.22031519286463053,1.2997750544600741,6568,0,20.31804712494458,254794,30.28839684668173,6195,385,4.633089999526032,786024,1847,1329,194369,242849,792219,458,24
28332,SOUTHERN BANK,4925588,4278551,16265,1.3301219046707806,13.67,0.10930140010125283,0.48207442441389736,8811,0,9.823620519311577,481341,13.223993155046163,54940,932,3.49257235792448,3969163,0,32282,1337258,483563,4024103,1119,19
28348,BELMONT SAVINGS BANK,527581,419544,335,0.25690060918036245,2.24,-0.011080025484058613,0.6687124820643655,7134,0,15.995579510644072,82502,0,2643,110,2.2591343976954814,330527,0,15781,64770,60678,333170,0,9
28349,HOME FS&LA OF NILES,158154,87278,99,0.25186673959777645,2.78,0,0.5538905117796579,1610,0,9.09930478951284,14188,15.220395329741853,1001,-29,2.2979231106099633,121301,0,12,14119,14451,122302,0,0
28359,OCEANFIRST BANK NA,13218348,10309166,22877,0.6893211789389887,5.38,0.0250679737223783,0.29477208498369084,35892,0,9.215710239090543,1169501,12.748607670649662,78798,5340,2.9525115933936847,10067770,0,16445,4149878,1704184,10146568,798,162
28362,CENTURY BANK,1432531,1306091,4374,1.2047135035535124,15.82,0.019631624829833688,2.1298666486100477,156,0,9.401095856174988,138427,14.175982609410193,12182,0,4.045125047642019,804754,0,107384,290162,114629,816936,67,27
28368,MIDDLESEX FEDERAL SAVINGS FA,644880,585085,1203,0.7540995938017151,9.53,0.00473496058145316,0.040162510854732665,248,0,9.494870633792921,60808,14.203619649281245,6095,100,3.859495604078095,506039,0,3,112486,51581,512134,6,0
28369,ROCKLAND SAVINGS BANK FSB,93473,72638,20,0.08545547769612033,0.88,-0.004930723337113555,0.09414483326736063,299,0,9.124294692662662,8522,14.002381824844266,630,3,3.505478698885377,80247,0,386,6075,9063,80877,0,1
28380,ADIRONDACK BANK,994373,910931,677,0.28114515779894905,4.07,-0.011562633743137696,0.859838310171334,5860,120,8.474924274554903,81727,17.492332978200793,4716,210,3.7799050790664306,617737,0,4733,147660,68563,622453,29,47
28390,EDWARD JONES TRUST CO,139260,500,3509,10.25442457672006,11.1,0,0,0,0,96.7122977712411,128226,346.22924260834344,0,0,3.5272414999522916,0,0,0,0,128226,0,0,0
28396,FIRST PALMETTO BANK,1003396,907305,2252,0.9105105955010184,10.03,-0.010416659528056793,0.10125613416836422,180,0,9.294142909730459,90893,14.362238240183872,11908,0,3.1453223235046424,725427,0,4405,339393,90898,737335,0,19
28400,WESTBURY BANK,823735,735871,2003,0.9768009768009768,10.34,0,0.013596605704504482,11,0,10.615859992753597,88192,15.41620311474315,6094,0,3.8102920436398,596189,0,580,193739,78571,602283,0,0
28401,EUREKA SAVINGS BANK,421074,311715,982,0.9418512364195266,4.76,-0.016017362821298287,0.6533293435358156,836,0,21.24612856927028,90002,39.021516371884374,2668,-60,2.8779051712358545,245837,0,857,39676,83406,248505,0,10
28405,FIRST FED BANK,2157857,1673624,-9007,-1.6464282907087484,-20.6,1.8265685134806426,0.9460775204288329,4712,0,9.043144668075168,198433,13.350582873426925,20569,7785,2.8142943403973084,1637733,0,140018,381424,171063,1658302,7701,51
28425,CENTRAL FS&LA,194039,165828,-109,-0.2241627956596736,-2.37,0,0.5833878756332489,389,0,10.326767736647577,20033,0,1488,0,2.4483830694850037,130738,0,178,2596,18475,132226,0,0
28445,FIRST FSB CHAMPAIGN URBANA,199362,172506,944,1.9356360020094527,16.4,0.0036722009795596114,0.06570961366759964,73,0,11.851111282011843,23115,0,1020,45,5.691971888940058,108892,0,603,15681,23498,109912,2,1
28453,TIMBERLAND BANK,1932097,1651093,6808,1.4179533661422499,10.92,0,0.1339994834627868,996,0,12.485564821548708,238291,20.24208837684118,17525,247,3.808950380380375,1421225,0,2083,602248,251784,1438750,2,2
28463,LIBERTY BANK,59581,50912,33,0.22236822155960986,1.54,-0.06949874033533142,0.45987814907436936,379,0,16.11036206386267,9798,0,69,0,3.4274644214291037,28434,0,501,1134,8664,28503,0,5
28471,ROXBORO SAVINGS BANK SSB,334781,272203,710,0.8574633275917509,5.32,0,0.1627929900442379,0,0,18.73004975825001,63841,41.486317859258605,2257,123,3.0026206687067596,179598,0,734,18922,54053,181855,0,0
28478,FARMERS&MECHANICS FSB,119216,109163,-124,-0.41369014108001484,-11.16,0,0.8371359549053818,161,0,6.490155604953954,8175,13.583972774263975,266,3,2.5237145924157116,65087,0,198,8895,4610,65353,0,0
28480,COLUMBIA SAVINGS&LOAN ASSN,24251,21950,-6,-0.09928021841648052,-1.11,1.2873892053436868,5.121438291204487,2049,662,8.49317363263255,2028,13.549770290964776,184,0,5.95847686435155,19297,0,278,6431,2167,19481,65,2
28481,COLONIAL FSB,365886,284176,53,0.05821361100127411,0.33,0,0,0,0,17.664901831016984,64060,34.24235633771255,1504,66,2.0366137375579805,173164,0,1577,14736,64059,174668,0,0
28489,BANNER BANK,16187323,13677444,47259,1.1669614277875173,10.28,0.09617501682384458,0.2621001631956068,37339,370,10.95279672218398,1743056,14.162272061616154,157323,3139,3.8942149750588095,11306009,23559,59732,4334741,1865328,11463332,3678,931
28507,ARGENTINE FEDERAL SAVINGS,68083,50293,-8,-0.04737442077368351,-0.4,0,0.49645285901032565,999,0,12.062565484208951,8059,0,356,8,2.3783494695116674,43579,0,83,1226,8059,43935,0,0
28513,WATERSTONE BANK SSB,2174289,1414295,3015,0.5504060842235406,3.67,-0.002669414680779714,0.3476078846924213,4895,0,15.86144654910929,344293,20.683301256135476,17905,-558,2.562836741277636,1761904,820,0,321022,328716,1779809,21,33
28515,TRUSTTEXAS BANK SSB,353056,349629,-8413,-9.17803511719368,-3841.55,0.03184722431535576,0.3954046950058914,515,761,8.006025249130314,32634,20.603161570909265,1869,13,2.2631018381054946,175101,0,1157,22618,73,176970,23,9
28530,FORWARD BANK,1103516,948037,2350,0.8451713517481785,9.94,0.06154084742977727,0.2618901764904179,1211,0,8.56916162130727,95041,12.179726309427119,7973,300,4.04566785739301,806950,318,10037,154955,96948,814923,136,11
28533,FIRST BANK RICHMOND,1518129,1110430,2207,0.5849270630141633,7.32,0.13336754745521215,0.463070002615061,3263,1699,10.682588442848742,165669,14.039111307356395,16078,731,2.813318057146825,1176821,0,6496,377199,121312,1192899,557,162
28543,CUSTER FEDERAL STATE BANK,125883,97803,172,0.5439122150983073,5.17,0,0.03574747980267391,859,0,11.425500595808312,14670,0,738,0,3.1455773903039983,70950,0,474,3489,13366,71688,0,0
28555,VALLEY CENTRAL BANK,181497,134904,193,0.42746874273247765,2.09,0,0.0892576736805567,388,0,20.443643436835483,37206,0,1779,0,3.4614668596376386,151110,0,642,57061,37172,152889,0,0
28585,MAPLE CITY SAVINGS BANK FSB,125733,112685,115,0.3629005218667287,4.56,-0.008394323338842108,0.582981397087479,604,0,8.617651261371394,10856,15.450835856259049,882,5,2.7598660953857426,93983,0,1107,7498,10234,94865,1,3
28593,STURGIS BANK&TRUST CO,958391,842527,1843,0.7703082330088363,10.45,-0.011817393018875074,0.6407614428766547,5093,262,7.919622370610327,75348,12.557039597973061,9108,-158,3.6194255095079897,766542,0,9461,214990,71486,775650,1,24
28599,OLYMPIA FS&LA,982425,704987,1028,0.41637849939700045,3.62,0.00047194994970783347,0.2710639489019518,4010,0,11.984227716917239,117743,0,5237,98,2.38686554332782,847137,0,3415,60357,114422,852374,1,0
28614,EQUITABLE BANK SSB,317388,281632,-600,-0.7527557919069343,-8.69,0,0.21802966715817862,837,0,9.679375732826587,31122,0,2668,0,2.53463468293189,275843,57,8,22752,27571,278511,0,0
28635,FIRST FEDERAL S&L BANK,117885,98698,1200,4.140143869999482,35.51,0,1.3979726004156594,767,3,11.76572248241536,13616,0,1011,0,4.752747131849127,96604,0,0,2471,13616,97615,0,0
28637,MILTON SAVINGS BANK,80016,59749,-146,-0.7426954503544971,-4.7,0,0,235,0,19.15924012082179,15350,39.80609348705197,537,67,2.7333165915489235,50311,0,635,6453,12459,50848,0,0
28652,FAIRVIEW SAVINGS&LOAN ASSN,58920,46134,196,1.3644630472427925,6.31,0,0,20,0,21.576563388044022,12528,0,240,0,4.014644164657559,42707,0,875,4020,12528,42947,1,1
28663,BROOKVILLE BLDG&SVG ASSN,42768,33815,95,0.8884420700700233,4.44,0,0,0,0,21.45737662882585,9205,0,122,0,3.0789973647116504,29433,0,13,1627,8631,29555,0,0
28667,HOMESTEAD SAVINGS BANK,72948,66795,69,0.384,4.79,0.06848663559402644,0.2865054559412184,778,0,8.217495819397994,6290,17.44042410829173,556,15,4.409859316901139,51967,0,115,16886,5832,52523,12,3
28677,CONNEAUT SAVINGS BANK,75277,63585,-11,-0.05862562872655808,-0.47,0,0.516758106725826,377,0,14.946222455403987,11395,0,290,0,3.1274659562299556,51597,0,48,6538,9530,51887,0,0
28679,NORTH SHORE BANK,2485859,2088988,5761,0.8998757418585925,6.28,0.035306600179492525,0.12172854534388314,144,0,13.51274460016202,342452,0,13567,0,3.6719817843179023,1922629,0,625612,107202,369979,1936196,322,152
28701,AMBLER SAVINGS BANK,503575,412751,371,0.29629807106761147,2.66,-0.0024026549337017402,0.25179963262671895,531,0,14.088949658372435,70171,22.816575449569974,2785,0,2.512158367011439,330765,0,0,79782,56504,333550,0,2
28703,VERSAILLES SAVINGS&LOAN CO,59660,45708,174,1.1494917297703493,5.87,0,0,0,0,19.88341438653371,12143,0,495,3,3.553203553203553,44187,0,409,1094,11971,44682,0,0
28706,FIRST FS&LA OF GREENE CO,1012785,855966,771,0.3037593170340129,2.09,0,0.3193175254372843,5554,40,15.261358285849091,155905,33.626410263534154,1436,-164,2.4760702409500794,672967,0,2238,11449,148513,674403,0,0
28708,GSL SAVINGS BANK,161302,130335,-77,-0.19395404926306908,-2.72,0,0.33849549292631215,1456,34,7.3778835265227185,11597,13.191412515801437,816,15,2.16022536966597,114319,0,0,23966,11305,115135,0,0
28710,NORTHFIELD BANK,5709366,4177801,8396,0.5907455030940965,4.58,0.28356536080613726,0.377817782219602,7031,3300,12.61976674291807,712983,0,34921,2685,2.433605640582747,3961505,0,1411,889219,741884,3996426,3098,254
28712,FIRST FS OF MIDDLETOWN,182645,111559,962,2.123011056429722,6.01,0.9996884004664357,0.192723589476854,0,0,35.67337859597284,64470,0,1620,22,5.034937540293088,156905,0,0,82739,64470,158525,389,0
28722,KENTLAND FS&LA,3287,3042,-56,-6.851200489371463,-82.35,0.4238036376478898,6.87557042896258,0,0,7.47091243110839,244,8.445945945945946,31,0,0.681314937830012,2804,0,35,202,244,2835,3,0
28729,ASCENDIA BANK,394079,291877,-46,-0.046792072812534176,-0.51,0,0.16874789065136686,1499,0,9.169797087561737,35981,14.265171124532644,1697,-157,2.075130346179183,316108,0,0,36438,36030,317805,0,0
28735,GOLDEN BELT BANK FSA,337488,269048,1066,1.2633924338674505,11.86,0.0016458907252000273,0.4690537145024416,1186,335,11.193843964060136,37749,0,2579,30,3.612787551827365,240741,0,5841,29262,36172,243320,1,0
28747,HOYNE SAVINGS BANK,465410,382421,-13,-0.011349821131184289,-0.07,-0.01958604086545818,0.37730173395500743,998,0,18.949705652159118,89100,0,2273,135,3.0049942735060235,244764,0,0,55832,79629,247037,0,12
28765,KEARNY BANK,7720773,5737943,6794,0.3520056785137423,3.88,0.02527078756186257,0.48807289114703933,4525,0,8.649455647819329,660000,14.411296218174702,44455,403,1.9235415357650836,5807907,0,2730,983984,703456,5852362,372,4
28769,FIRST FSB OF ANGOLA,137730,105859,286,0.8284572156885465,3.64,0,0.0711537065272635,261,98,22.274273879382616,31619,0,1026,0,3.4789145305570175,99137,0,444,0,31614,100163,0,0
28778,SOMERSET REGAL BANK,1073794,840027,482,0.18041985984708295,1.02,0,0,584,0,15.858166569759607,164734,0,5124,41,2.9371467935552182,780795,0,36,129620,190329,785919,0,0
28780,ARUNDEL FEDERAL SAVINGS BANK,454283,343424,401,0.3525972170319404,2.53,0,0.4241849243753343,3737,0,14.758427367905705,68128,0,2235,0,3.0096057035565593,373759,0,101,80379,63857,375994,0,0
28788,STURDY SAVINGS BANK,1129648,983421,996,0.353971135892842,4.92,0,0.16367930541195133,6,0,8.905596630441481,102589,15.627923507459945,3753,64,2.952578986274124,624248,0,338,265428,82271,628001,0,0
28790,SUPERIOR SAVINGS BANK,85755,67531,103,0.47618772429655404,2.59,0.20655275370570206,1.1078071249489827,279,0,17.897727272727273,15939,0,1658,30,3.6430178491075447,74295,0,1814,11724,15939,75953,39,0
28793,SHARON BANK,172547,144365,-345,-0.818624295938615,-8.86,0,0.5233356708606931,258,0,9.245231736427879,15647,0,1331,71,3.2448550427417207,135182,0,161,40748,15420,136513,0,0
28805,SUNNYSIDE FS&LA OF IRVINGTON,87658,76835,-274,-1.244768508265331,-10.45,-0.03659233847913093,0.05818065664286203,172,0,12.939529934301842,11187,22.87363067292645,506,90,3.678942690420064,44071,0,2232,14987,10621,44577,0,4
28808,BANKFINANCIAL NATIONAL ASSN,1433172,1243658,2626,0.7347432700412349,6.51,0.014224334969323042,1.145291702600944,3944,1,11.37807369488538,161901,0,7279,-296,3.515345039063295,841055,0,1733,104610,162719,848334,46,15
28812,ARMOR BANK,468721,428810,554,0.47383839031795927,5.97,-0.0010988045007032348,0.016214336460282343,1318,0,9.017175572519085,41580,12.776793375904072,4172,120,3.418334027776949,357525,0,2498,122172,37866,361697,2,3
28818,CREST SAVINGS BANK,552164,473302,523,0.37727886715347425,4.38,-0.0008733767474358204,0.02173267362595171,978,0,8.656782138551824,47970,13.802582894744035,2474,-216,2.7407860604917023,455360,0,25098,105389,47970,457834,0,1
28834,COLUMBIA BANK,10607834,8253380,9009,0.3418950030540571,3.42,0.0429786835508868,0.24804309720532955,63377,0,9.88309047764298,1039094,14.372178791114433,62034,3401,2.1402218948550646,7969688,1770,276,2281382,1062753,8031722,992,135
28836,UNITED SAVINGS BANK,438484,319606,856,0.7842023535231848,4.36,0,0.023718083213982725,341,0,17.30060593330624,75777,0,1318,0,2.907959643095679,166319,0,112,54432,78871,167637,0,0
28837,BRATTLEBORO S&LA,289565,257144,504,0.6983136210990473,6.95,0,0,1378,0,9.56677569768251,27493,18.176166058270596,2206,38,3.9550403029204673,201936,0,1079,63747,29273,204142,0,0
28841,COMMUNITY SAVINGS BANK,408191,361110,-633,-0.6169305027301367,-5.52,-0.00525819950485288,0.10338297512684012,2315,0,14.089169874851365,59836,0,2140,2,1.7997164509237478,226000,0,38,28012,46571,228140,0,3
28845,FIRST FSB OF TWIN FALLS,1470209,1284442,1757,0.4769350206572311,6.19,-0.0011570887839045094,0.002924754235622282,8312,0,8.74773827198907,129327,13.333901468181736,9684,150,3.1331999688238814,1031537,0,4982,241504,115609,1041221,5,8
28859,FIRST PIEDMONT FS&LA GAFFNEY,563485,399748,2478,1.7506830878573736,6.28,0,0.5416293246492808,296,0,27.987258236728362,158060,0,6014,0,4.670712054811318,485937,0,681,76352,159112,491951,0,0
28860,CENTURY SAVINGS&LOAN ASSN,75417,62179,-48,-0.2559795216382689,-1.9,0.009931226258162227,0.5012132543060583,84,78,17.694525221244508,14056,0,308,-10,2.2260791354268408,39520,0,317,4807,10447,39828,1,0
28865,MIDCOUNTRY BANK,1093070,922196,2133,0.7636450536261057,6.8,0.29730542021202966,1.6750070901223162,5267,412,11.655000218550768,130655,15.935314370988332,13484,10,3.474309534619533,768224,0,39982,352576,127579,781708,710,114
28868,BROADSTREET BANK SSB,441201,344661,718,0.6500311209189159,6.54,0.016060870699952823,0.5602888479400545,6431,0,11.092182343093764,48833,0,3273,113,3.2745699982230065,297522,0,3087,57342,44561,300795,13,1
28870,WALLKILL VALLEY FS&LA,469043,405453,341,0.2929034266909321,3.2,-0.040167669590487565,0.20531166652097993,2037,0,8.812861764641152,40043,13.330063004920822,3403,73,3.0598092760332474,325305,0,1375,50454,43046,328708,10,43
28894,SECURITY FSB,426113,372914,182,0.1738632021398548,1.94,0.01820849638788953,0.22834318596240905,577,0,10.141145628396174,42010,15.421505926494413,3029,23,3.2566589748676558,329077,0,966,79083,37591,332106,32,17
28905,FIRST FINANCIAL BANK,1806913,1531328,8933,1.9692981936434304,17.2,0.102016777732959,2.3213071132921175,36861,333,11.192244387757988,197880,0,15435,950,4.096383385590224,1493815,0,18072,197391,210098,1509250,486,106
28908,IRON WORKERS SAVINGS BANK,206652,178088,-95,-0.18103513987346595,-2.44,0,0,680,0,9.124717248782732,19040,13.91146867272664,932,0,2.062692337743187,157409,0,1,40702,15748,158341,0,0
28914,EVERGREEN FEDERAL BANK,612092,533978,836,0.5464034431260029,4.47,-0.0008177367092230479,0.5750769492167844,989,0,12.754253065205429,77415,0,6486,66,3.4872005024476507,480181,0,997,216748,75558,486667,0,1
28924,FIRST FEDERAL SAVINGS BANK,439489,345333,60,0.056210564775649584,0.57,-0.005551584630437951,1.2678360550548478,157,0,10.039905005717248,43375,0,3105,20,2.492912419055351,280735,0,1088,45823,42670,283840,11,15
28925,SECURITY SAVINGS BANK,243150,218448,443,0.7249282026526154,7.82,0.10737692574623689,0.09253547193090685,434,0,11.561825433127101,28816,0,1637,30,3.2246541390852603,150824,0,1874,9234,23118,152461,41,0
28930,VERIMORE BANK,471316,409687,2044,1.743694409876954,17.35,0.008206885320318581,0.056862062819849096,556,0,10.391167301847444,47933,13.564290301862556,4718,0,3.8685577643995086,386407,0,1851,118063,47468,391125,10,2
28942,CARTHAGE S&L NA,308272,256194,447,0.5885615627823688,4.23,0.03905608542631049,0.05287538277884466,1005,0,12.26836347398973,36267,26.22323360960911,1415,18,2.752312385964847,224018,0,3644,1907,42618,225433,22,0
28949,AMORY FS&LA,71642,61830,62,0.3475433728523782,2.59,0,0.7314145333742776,2386,432,13.44059608613772,9849,0,532,0,2.316812662184055,52517,0,416,492,9632,53049,0,0
28983,LADYSMITH FS&LA,89797,65541,109,0.48670763494694774,6.79,0.01765536723163842,1.1247591790371616,2317,0,8.882937172190603,7960,16.57484377129285,554,10,3.107094051928748,67340,0,772,2578,6532,67894,3,0
28989,WCF FINANCIAL BANK,219649,168721,23,0.04122694987788757,0.45,0.007144132880871585,1.6330600184840358,3993,2977,10.12694628553406,21834,14.798916653891359,1288,30,2.5491446624821164,166538,0,1323,6278,20611,167826,3,0
29005,FIRST FS&LA,22938,17076,-26,-0.4487303950121891,-2.02,0,0,60,0,22.11961681194442,5126,0,145,0,2.426442491402369,14060,0,70,462,5126,14205,0,0
29009,LIBERTY BANK FOR SAVINGS,857235,652112,287,0.13356299653469178,0.59,-0.06979827053417934,0.06765939328188886,439,497,23.427895445849416,206955,50.91150125055742,3114,0,2.3674738516820217,556333,0,0,1545,195801,559447,46,144
29011,MECHANICS BANK,817912,749164,1088,0.5312230886740967,6.82,0,0.2602969512612604,1031,13,8.65161309051499,71526,16.920064223740443,6649,64,3.0242852015791364,657322,0,2001,29509,64849,663971,0,0
29012,HERITAGE BANK,7125457,5849495,15748,0.8854700095389881,7.1,0.025002688938850135,0.06228372439830877,24424,0,10.043509554126333,695620,13.427634938423516,52160,51,3.4490620446509546,4712688,6794,4800,2305060,895598,4764848,376,77
29024,BEDFORD FEDERAL SAVINGS BANK,263241,227106,613,0.9435232821681026,9.95,0.007699674207535093,1.4021372050706389,2336,0,9.853091824324064,25681,0,1925,101,3.7107165793126304,208843,0,4752,28818,24999,210768,8,4
29035,HANCOCK COUNTY SB FSB,492764,389184,924,0.758808367011956,4.26,0.007540731733755614,0.49557191677963486,437,0,17.940887774021157,87185,35.950432955558384,4452,40,3.1551996971815806,420637,0,8018,7467,87190,425089,16,8
29047,FIRST FEDERAL BANK OF KS CTY,990615,671117,-202,-0.08191162263072152,-0.77,0.7444025946850806,0.48777779460234294,3213,701,11.233795415347494,110989,0,13700,39,2.4195271179132587,749111,0,118859,0,105607,762811,1758,335
29056,FIRST FEDERAL SAVINGS BANK,605103,484301,278,0.1811675367976194,2.26,0.13549375391054824,1.4617346137764977,5070,39,8.804994990104422,53165,13.51763778326,4958,0,2.7352587598696627,450542,0,323,83826,49108,455500,157,0
29058,FIRST FINANCIAL NW BANK,1439590,1168932,187,0.0522405467657654,0.48,0.024565465885357986,0.02743836786862926,4363,0,11.107613939908475,160926,16.652711417244095,15195,175,2.546341816537266,1141742,0,80,379810,155683,1156937,99,28
29059,TUCUMCARI FS&LA,37350,27093,30,0.31788500509940526,2.12,0,0.7336010709504686,109,43,15.16392366853033,5777,0,288,-2,3.4146616329520487,26584,0,184,2445,5695,26872,0,0
29061,TARBORO SAVINGS BANK SSB,57254,49581,-94,-0.6712547643913629,-5.68,0,0.1187689943060747,2623,53,11.482167184825515,6574,0,165,0,1.6206083328294127,40085,0,0,0,6574,40250,0,0
29066,DEL NORTE BANK,141114,118001,352,0.9989535110590821,10.89,0,0.08291168842212679,2257,42,10.396308551995654,14735,0,1319,15,4.56206060233936,113793,0,281,31010,13182,115112,0,0
29087,SOUTHWEST HERITAGE BANK,940015,818153,2637,1.1376039136680716,9.85,-0.8995316048448144,0.6065860651159821,4303,86,11.098742176319465,102991,14.810139079952872,10181,-1500,3.8241141319952066,666431,0,0,409618,109041,676612,0,1521
29089,NEWPORT FEDERAL BANK,274297,250699,421,0.617992990697077,8.52,0.009782023900745064,0.04994586160256948,1693,0,10.305143213636947,28081,22.968708914015252,1625,0,2.3886304889637637,122288,0,1238,12162,20482,123913,3,0
29090,FIRST FS&LA,290875,251034,122,0.16714732941039465,1.3,0.0019251269982216638,0.44589600343790287,575,0,13.774192321390904,39834,0,1403,32,2.637697087542799,207389,0,520,27016,37710,208792,1,0
29093,INVESTORS COMMUNITY BANK,93667,84038,165,0.695795183199709,7.1,0.05304570771815047,0.2167252073836036,680,134,10.940059297961891,10553,0,598,7,2.9097448785492777,45041,0,2482,7411,9441,45639,29,23
29120,PYRAMAX BANK FSB,586224,397718,449,0.3104038879988109,2.99,-0.03376845393244199,0.26269821774611757,812,0,10.983456825598818,64215,15.284830833155247,4495,100,2.6307840022604814,429100,0,58,109229,60982,433595,1,37
29121,UNION SAVINGS BANK,182650,168650,39,0.08609390306157647,1.3,0.09400407652293383,0.2299479879551054,649,198,9.226083543842,16691,16.31496062992126,921,0,2.90439318513183,110292,0,220,24805,12346,111213,26,0
29135,FIRST FS&LA OF VAN WERT,180380,153853,-56,-0.12324486112945113,-0.93,0,0.12196474110211775,1405,0,14.792902652732238,26979,0,238,15,2.4383718937961594,117565,0,836,9818,24150,117803,0,0
29140,AMERICAN FEDERAL BANK,770656,621241,1853,0.946914288415375,10.73,-0.00881550470968339,0.12392040028235685,441,940,9.14588656106285,71594,14.016918446241853,6970,0,3.752401793882786,661334,0,3099,89747,70040,668304,1,16
29143,ARLO BANK,135970,93535,97,0.30425764662983684,1.16,0,0.744281826873575,532,128,25.84875638556235,30866,0,1353,210,4.3838892922735235,85113,0,795,30275,37181,86466,0,0
29147,NORTHEAST COMMUNITY BANK,1919111,1593311,10718,2.192099096459621,14.36,-0.0534257105548459,0.26679019608558335,0,0,15.091739950960974,297163,15.097527620919465,5098,237,5.134245706407064,1716366,0,0,29197,304145,1721464,117,352
29164,FIRST FS&LA OF VALDOSTA,256468,198647,520,0.8228678130112016,6.55,0,0.3532604457476176,11460,0,12.60910812173271,31766,0,969,30,4.34311273484648,215060,0,2949,12490,32021,216029,4,4
29170,UNITED ROOSEVELT SB,317893,250895,205,0.25880856530103064,3.43,-0.1426448736998514,0.02453655789841236,547,0,8.061599063199326,25541,12.576818105865097,1454,-40,2.7900395587751725,253908,0,519,38836,24124,255362,0,90
29173,NEW CARLISLE FSB,286963,210992,613,0.8785554713546846,10.56,0.006578785062868515,1.9525165265208408,7707,965,8.372637340102814,23681,10.674386865310591,2283,44,3.5788809765253964,242899,263,610,65431,23566,245182,4,0
29177,BANKTENNESSEE,608675,529814,1971,1.2897210021348122,14.23,-0.013674086199026323,0.8216207335606028,2540,0,9.155749467833003,55442,12.471110139683233,6317,0,3.416489828804458,488787,0,3693,110884,55899,495104,65,82
29186,LAWRENCEBURG FEDERAL BANK,86512,67139,74,0.3416218961169362,1.71,0.2088633016468068,0.9628722027002034,523,831,19.52451842829431,17312,35.83665420483957,134,28,3.155914011023917,75510,0,429,0,17312,75644,39,0
29188,FOX VALLEY SAVINGS BANK,373260,304588,-22,-0.023421977533532687,-0.18,0.018001435614490257,0.28719927128543105,157,0,16.05008307746907,59697,0,2675,30,2.1850412361361267,224214,63,3171,60427,49574,226889,12,2
29206,GRAHAM SAVINGS&LOAN SSB,156033,128260,152,0.3879889346576859,3.69,0,0.43772791653047755,1150,89,10.645122052713456,16628,19.560599222903434,1741,-21,2.9704511654251142,112497,0,1658,8393,16605,114238,0,0
29208,DALHART FS&LA SSB,133345,91819,-70,-0.20817998646830088,-2.22,0,0.3457197495219168,1054,199,10.988148259983392,14556,25.545683323917622,362,-9,2.4084375062304364,80935,0,650,5566,12615,81297,0,0
29209,NEXBANK,13909181,10602877,45373,1.3032506838508022,13.75,-8.898517084374181e-05,0.7147509260250479,215841,53276,9.796625351608848,1352888,15.814692920529716,35874,-68,2.1688168425664416,8892849,0,11115,269100,1310982,8928723,0,2
29227,WASHINGTON SAVINGS BANK,580614,501370,261,0.18195396599517405,1.75,0.010858598426408113,0.2721257151911597,1777,0,11.847730700087757,69529,20.414169759849738,3458,0,2.200300126671942,328993,0,2824,143253,60540,332451,19,10
29231,COUNTY SAVINGS BANK,97282,89438,36,0.14596912347568702,2.05,0,0,0,0,7.021085240331767,7026,20.145703645309485,377,0,3.1181434599156117,52854,0,6,4620,7026,53231,0,0
29238,WOODRUFF FS&LA,96639,61678,64,0.26635314681676775,0.77,0,0.25662517203199536,49,0,33.25762622897866,32947,0,700,0,2.2794625675930313,61280,0,0,1735,33338,61980,0,0
29241,HENDERSON FSB,116289,86954,270,0.9468161116541666,3.78,-0.01406206056060748,2.3673778259336653,2824,0,25.839967376464955,29148,0,1506,15,3.5697182625819592,82702,0,2772,5372,28784,84208,0,3
29268,EUREKA HOMESTEAD,96761,67744,-141,-0.5765073264472736,-2.97,0,0.7058628993086058,992,0,19.660284126003706,19098,40.275422430173876,825,0,1.7708787599432525,80304,0,212,0,18951,81129,0,0
29293,CUMBERLAND FEDERAL BANK FSB,293905,244335,841,1.1503017661440613,12.97,-0.005332426820773802,0.2664126163216005,592,0,9.812565232034306,29427,17.392340425531916,1227,30,2.794216703042369,149599,0,1723,20914,26828,150826,0,2
29294,PREVAIL BANK,971353,754840,170,0.07025983741047037,0.54,0.011077522249786467,0.16173317012455823,83,0,12.862474998117012,122956,0,7412,260,2.1617700065890824,687385,0,15487,215253,125761,694797,23,4
29331,TC FEDERAL BANK,540452,452001,449,0.3400252936409969,2.6,-0.03234711393903304,0.5419537720278582,1623,0,13.411872681998391,71312,19.330771141882195,5185,46,3.269857053574459,401002,0,7850,152705,69822,406187,4,37
29332,FIRST SOUTHERN BANK,648002,538707,505,0.3044128561686929,3.03,0.4770287920949514,4.884398504942886,36673,482,10.360164629201792,67713,0,7363,1200,3.2186734905157874,534070,0,1815,102134,66941,541433,668,17
29345,FIRST FS&LA,232271,196544,469,0.809734074006932,5.45,0,0.06802398921948931,189,25,16.683291444700473,38301,41.944280176095674,694,0,3.523501607284501,98552,0,185,2931,35020,99246,0,0
29357,FAMILY BANK,149932,129151,521,1.3987328178694158,10.52,-0.029635605533626125,1.4006349545127124,1351,46,13.294916241035276,20095,23.519769631188392,2029,75,4.805963110643434,119816,0,3830,11246,20076,121845,2,11
29379,SIDNEY FS&LA,14106,13599,-110,-3.0470914127423825,-122.73,0,0.10633772862611655,140,0,2.115264581455025,305,5.159293176834773,95,0,2.5031907447815884,7452,0,20,29,305,7547,0,0
29384,PERU FEDERAL SAVINGS BANK,205516,172913,299,0.5926557269819404,4.15,0,0.17322252282060766,498,0,15.737872826563324,31960,32.980352644836266,745,56,2.7287218423591595,99512,0,1320,20959,29359,100257,0,0
29399,GN BANK,65256,55723,53,0.3263019370329611,2.34,1.026987944696109,2.880961137673164,1369,0,14.697236005039585,9449,0,398,1,3.8796657021386656,32032,0,4397,7271,9328,32430,105,18
29426,WORTHINGTON FSB FSB,105648,85987,44,0.1689059500959693,1.3,0,0.2214902317128578,407,0,13.919591309632331,14659,33.465931819191965,400,0,2.241455947499588,70941,0,978,188,13569,71341,0,0
29430,COMPASS SAVINGS BANK,58210,51775,-133,-0.9096193960947919,-14.47,0,0.45696615701769455,1297,0,5.96278861241874,3458,12.953438935747103,320,0,1.2305478096608797,52168,0,837,628,3611,52488,0,0
29449,NORTH SIDE FS&LA OF CHICAGO,43214,34547,-27,-0.24795096080997314,-3.13,0,1.3398435692136808,0,0,8.96332032963228,3883,20.178388653311888,287,0,3.2908951088216982,30974,0,2,2939,3545,31261,0,0
29471,ARMSTRONG COUNTY BLDG&LA,96790,81561,-20,-0.08230622029259863,-0.68,0,0.7201157144333092,710,697,12.069178378155929,11731,30.755725190839694,356,17,0.848855901405387,60109,0,739,721,11731,60465,0,0
29476,HOME FS&LA OF GRAND ISLAND,508514,433727,972,0.7833876680918627,6.14,0.6115654762863504,0.28140818148566216,1031,102,13.746906524771148,67713,17.816664179524377,5441,143,3.633747693045523,396756,0,10174,120283,64431,402197,618,1
29486,KINGSTREE FS&LA,36385,30843,-41,-0.4496723424090373,-3.08,0.01533125083842778,2.646695066648344,793,0,16.17590188387382,5856,0,248,6,1.7193182842886772,25789,0,52,366,5337,26037,1,0
29488,FIRST FS&LA OF LAKEWOOD,2997408,2237421,2044,0.2732410275948039,3.65,-0.0027473909381754216,0.6293771151608323,2017,0,8.080535732106881,238857,12.818241662042606,20606,-22,2.1214866687190628,2454083,0,131344,286581,224111,2474689,49,66
29490,FIRST FS&LA OF RAVENSWOOD,25305,22438,0,0,0,0,1.1262596324836989,299,114,10.592530856848036,2669,23.98896266275761,113,0,2.104662071215891,19607,0,64,1609,2670,19720,0,0
29495,GREENWAY BANK,372159,306047,-252,-0.2875485487784179,-3.06,0,0.20770692096657611,2223,0,9.42633839290667,32287,15.990494134578059,1200,205,2.377499772255832,166624,0,167,21606,32662,167824,0,0
29496,SENECA SAVINGS,280298,219997,194,0.27649359094269704,3.35,0.14026099259003125,0.3225138959250512,1427,32,9.626231345696487,26795,0,1842,110,3.3417587643227393,204467,0,3433,47944,23216,206309,75,3
29510,AFFINITY BANK NATIONAL ASSN,911705,739223,1661,0.7471212666426772,5.93,0.05294086505373498,0.48754805556621933,2182,0,10.566573041677305,93110,12.607778394934769,8471,55,3.5153737140203827,712779,0,964,319686,106961,721250,113,18
29517,PIONEER FS&LA,111588,84700,-200,-0.7147324220494953,-4.37,0.013719067789343713,0.052873068788758644,1435,57,16.906680483839267,18925,0,1205,0,3.2256027359329233,86178,0,669,4490,18274,87383,3,0
29520,WASHINGTON FINANCIAL BANK,1474298,1274909,3038,0.8172466481589085,6.57,0.0003661451234504052,0.5851598523500676,3592,0,13.765229685632644,207669,0,10841,-1018,2.966300653482151,1078290,0,908,232870,188309,1089131,18,17
29521,FIDELITY FS&LA OF DELAWARE,129218,96837,-29,-0.08995037220843673,-0.67,0,0.14935999628534724,1204,193,17.329025728854464,22260,34.46674182638106,669,0,2.4082112864619254,74422,0,3011,2453,17728,75091,0,0
29523,PEOPLES BANK,2041664,1753848,477,0.09297536518291856,1.27,0.008786018515868415,0.691249882448826,18242,0,8.476023891841143,178036,12.265988562880628,17955,454,2.847842861703476,1476590,0,30384,554866,150295,1494545,120,87
29535,DEWITT SAVINGS BANK,147384,128330,54,0.1498475509290895,1.7,0.465866766957429,0.41117081908483954,238,0,11.659614789858457,17719,24.269564525117428,572,19,2.9136378149201425,80933,0,16658,3141,12943,81505,196,100
29537,FIRST FEDERAL BANK&TRUST,620021,556030,630,0.4088668951670148,4.17,0.14030845162401875,2.30266394202777,5200,694,10.805453537635698,66669,14.432641150198403,6733,326,3.0349922979579893,480998,0,5076,127480,61112,487731,289,119
29546,GREAT SOUTHERN BANK,5995890,4858195,19035,1.2710527501915594,12.26,0.004703764176782997,0.15874207165241522,2618,0,11.080948119692097,659509,13.913875553992316,64704,-348,3.704566998780176,4697493,0,18603,1460765,625598,4762197,425,369
29548,PINNACLE BANK,359195,337087,1047,1.188332886431639,28.85,0.2226353344539312,0,1403,0,10.958857575876351,41939,19.888449082403742,2277,0,3.6520428693453977,135433,0,3958,40845,16188,137710,80,5
29566,UNITED FIDELITY BANK FSB,6332637,5512608,-13074,-0.8244868300226657,-8.74,0.004248261889005988,0.30698112018737217,3518,1617,9.32517344843593,595631,14.281210394667927,75515,11650,-0.8423585331261444,3590990,0,2319,131551,599079,3666505,56,17
29571,HOME S&L KENTON OH DBA HSLC,227603,179277,221,0.39271696612816165,2.23,0.05630487966239594,1.1493697358997905,10368,174,17.84225304177657,39843,0,1883,0,3.4412497170024903,177863,0,6345,45508,39860,179746,25,0
29577,HERITAGE BANK OF ST TAMMANY,183492,153483,287,0.6295481840167148,6.09,0.010892430441619977,0.37494822662568394,2724,0,10.5958179261214,19514,0,1305,0,2.692812179944059,145160,0,256,37155,19060,146465,5,1
29578,MONROE FS&LA,144414,122584,32,0.08848181111207121,1.26,0,0.4355533397039068,0,0,10.003873984808445,14461,0,853,-63,2.7897429636440636,106996,0,241,24057,10276,107849,0,0
29582,PEE DEE FEDERAL SAVINGS BANK,37032,29839,95,1.0251014985365328,5.32,0,0,123,0,19.419022164628387,7193,43.40186259005448,562,0,4.040570854492658,11918,0,2350,589,7193,12480,0,0
29613,ROSEDALE FS&LA,1265751,1011119,-171,-0.05410594085603667,-0.28,-0.01546322293328503,0.4718937610951917,4791,0,19.636499494527712,250180,0,8134,315,2.2278147835048667,909026,19,85,308314,247883,917160,4,39
29617,FIRST MUTUAL BANK FSB,111323,90713,117,0.4199117108710476,4.9,0,0.45453320517772605,375,0,9.202255666103948,10248,18.8548675951524,579,-3,2.8374202351808004,69199,0,363,1750,9843,69778,0,0
29624,FIRST FS&LA OF MCMINNVILLE,668134,575224,396,0.24148347690471236,2.4,0,0.018708821883035437,959,125,11.691953294930325,78265,22.009473720687843,4095,50,2.6198569011811084,401916,0,45,83971,68029,406011,0,0
29627,SECOND FS&LA OF PHILADELPHIA,39339,22885,73,0.7348315172257593,4.35,0,0,0,0,16.990424760619018,6796,26.056646470545296,419,-5,3.4852441376776415,32045,0,527,7238,6762,32464,0,0
29632,WINDSOR FEDERAL BANK,848503,720001,874,0.4179730816249062,4.91,0.003201590550185332,0.6564502423680294,637,0,9.936459064929046,84038,0,5309,199,3.1697169877100513,626001,0,134,198452,72616,631310,9,4
29636,FIRST FS&LA OF BATH,186509,143798,64,0.13861477276111422,0.93,0.027784048483164604,1.7243135719992067,3952,0,14.452510717132332,26836,27.140941927643446,1959,2,3.42549547345241,142637,0,1507,8786,27465,144596,27,17
29637,BIG HORN FSB,375464,315263,857,0.9239244689051441,8.84,0.04104287377071783,0.10706752178637631,1027,17,10.759338127864364,39840,23.211006644793073,2064,46,2.639252691741103,155728,0,2132,33346,39408,157792,21,5
29645,FIRST FS&LA OF CNTL IL S B,215165,184057,612,1.14381566251831,11.22,0.029963975129900643,0.6074408012455558,2823,0,10.96661911818337,23756,16.018513891665002,1841,82,3.9139940780350067,144509,0,3196,47413,22190,146350,11,0
29657,GREAT MIDWEST BANK SSB,1002130,621189,1530,0.617196797031001,3.87,-0.000453633290786311,0.2092542883657809,8817,0,16.422352424138705,162175,0,4009,0,2.4614364859201947,886150,41,3367,0,159360,890159,0,1
29672,CFSBANK,755663,640879,293,0.15785542894047624,1.68,0.028946963734881998,0.16541765310727136,873,0,10.928512183036387,81163,21.690000802690825,2564,0,1.8755248941493736,444036,0,3167,38567,70867,446600,35,3
29675,IROQUOIS FS&LA,879141,690718,1049,0.4756587635819508,5.94,-0.0018457321673433068,0.04288276852063548,6037,319,9.786418484177497,90074,0,7094,-263,2.5020677747849636,638193,0,2543,183795,72544,645287,21,24
29676,PAPER CITY SAVINGS BANK SA,214057,163297,295,0.5497756635745669,3.86,0,0.5652699981780555,210,0,14.620727694263705,31279,21.150088036685176,1500,0,3.2697655156092846,185743,0,620,25548,30764,187243,0,0
29677,NASHVILLE SAVINGS BANK,101761,89195,322,1.291674814848243,10.81,0,0,95,0,12.23150593150199,12414,0,618,25,3.1479367150546405,64957,0,2723,13667,12128,65575,0,0
29679,ANTHEM BANK&TRUST,201452,175003,591,1.1381115724860082,11.73,0,0.6259555626154121,1207,0,10.045423288878558,20744,18.50573469846049,1787,0,4.130694278655303,118646,0,2900,29717,20463,120433,0,0
29683,HOME FEDERAL BANK OF TN,2745467,2134799,423,0.06182484130893273,0.37,0.0009425796204860254,0.18492300217048685,8373,0,16.724939119881984,456446,0,12886,75,1.8639650313748293,1261052,0,3425,350059,451970,1273938,3,0
29685,MARTINSVILLE FIRST SB,32488,25348,38,0.4619428953486605,2.17,-0.06096321885795569,0.892637281457769,155,40,19.318323562429836,6195,42.43781759828831,152,-1,3.180836442175535,19664,0,57,116,7028,19816,0,3
29690,FIRST FEDERAL SAVINGS BANK,542376,444448,1080,0.8116875491451446,9.28,0.9882353516735789,0.5162470315795684,6876,164,10.074122409793985,53726,0,6381,620,3.4051637436180977,413832,0,569,178869,47021,420213,1043,33
29691,KEYSAVINGS BANK,120943,91435,41,0.1384158975722358,1.97,0,0,817,0,9.829593766810696,11329,0,211,17,2.8640893424884446,68505,3,974,6364,8663,68716,0,0
29692,LINCOLN FSB OF NEBRASKA,369582,328409,-216,-0.2361807602888294,-2.36,0,0.21537845457841565,256,73,11.75031086530584,44319,21.50824076654893,4000,0,1.6530938957332777,269363,0,0,33184,37100,273363,0,0
29695,HOME LOAN SAVINGS BANK,351946,278569,1657,1.9036841515709415,16.92,0.08960926887986836,0.5418444875066061,5375,1386,11.579579475542545,40109,15.511264856562839,3873,160,4.959438100400381,317175,0,2010,70910,40041,321048,71,0
29696,BUFFALO FEDERAL BANK,201063,176015,389,0.7888266457124028,10.3,-0.014412700471655621,0.8445114217931694,178,0,9.682103200847326,19471,10.815537510009383,2606,50,3.8998624484181565,137378,0,2250,50643,15556,139984,0,5
29700,CENTURY NEXT BANK,909382,807441,3553,1.5983777792648386,15.5,-0.00971810215183077,0.4139074668291214,3235,60,10.261386236181535,91635,0,6627,75,4.353015101368387,616206,0,10566,244178,94125,622833,29,44
29705,FIRST FED CMTY BK OF BUCYRUS,321468,255619,457,0.5718951692377964,7.48,0.06937898269296029,0.5521544912712929,890,0,8.014536012270328,25186,11.326278601920151,2400,45,3.5967824794767567,265346,0,1814,44995,24480,267746,77,31
29708,NORTH AMERICAN SB FSB,3033522,1940859,5840,0.7849008726646175,5.76,-0.0005583404075838447,0.615785875296108,29660,30,13.925892301350615,417226,21.61719465714987,30099,136,2.75447740322818,2104835,0,288,64953,408790,2134934,1,4
29710,FIRST FSB OF WASHINGTON,89885,73003,68,0.30097484868268176,2.95,0.017084768928500242,1.484118595983757,631,7,10.49618112086015,9606,0,575,22,3.179559971611072,69250,0,348,7282,9298,69825,3,0
29731,SOUTHERN BANK CO,128214,104706,232,0.754462343955155,6.06,0.280790894352426,1.7689175909027095,1361,21,14.581821050970492,18481,0,1605,99,7.439177135916802,58804,0,306,7759,15705,60409,116,74
29743,AROOSTOOK COUNTY FS&LA,199014,176536,306,0.6089885516122773,6.63,0.10613637787498756,0.27485503532414807,816,0,9.97321079193715,19880,18.4080928760645,828,0,2.6672150250188498,135496,0,6759,166,18836,136324,36,0
29744,FIRST SEACOAST BANK,592720,473305,-599,-0.4082547195932447,-5.34,-0.0009029946689452233,0,0,0,8.68289835906294,51475,15.16426904330567,3517,0,2.258738853166098,444745,0,12352,89537,44713,448262,0,1
29745,MARATHON BANK,236581,187927,160,0.28174904524493455,2.19,-0.015196619837558989,0.5904954328538641,395,0,13.416372339853345,29933,0,1728,-41,2.822934893885819,188391,0,70,81130,29356,190119,0,7
29749,SOUTHERN HILLS CMTY BANK,194580,166311,-80,-0.16705515691438685,-1.22,0.04916053988807199,0.3299414122725871,250,0,14.061887974931453,26925,0,1208,52,3.9631777667562087,110582,0,2713,13643,26402,111790,14,0
29764,CLAY COUNTY SAVINGS BANK,137347,116321,-222,-0.6423402015993402,-8.67,-0.1395072560121633,0.04805347040707114,2118,0,7.917848354297013,10972,14.983603274338497,1034,0,3.1153579327024428,90098,0,212,29092,10234,91132,0,32
29771,KS BANK INC,721101,658206,2213,1.2545938231238138,15.66,0.0042673684116943675,0.09748981071999623,864,0,9.313604196565546,65870,0,4449,195,3.862915552652984,561587,679,452,242664,57562,566036,6,0
29772,VIDALIA FEDERAL SAVINGS BANK,228966,174937,-486,-0.847223099903903,-7.2,0,0.06813238646785985,1845,154,11.979592818982528,27379,0,923,0,1.0855095682717324,92607,0,1142,509,26803,93530,0,0
29774,CARROLLTON FEDERAL BANK,39739,33852,45,0.45846439896590807,3.21,-0.09643201542912247,0.41017640101663355,144,0,16.211919171197046,6322,0,191,0,3.6090885405953896,24686,0,993,2017,5663,24877,1,7
29782,FIRST FEDERAL BANK,975349,854957,3977,1.625749550972021,15.13,0.028043706115981757,0.2549856512899485,9961,0,11.037651739979278,106965,0,11846,400,3.3451046292312396,555288,0,7342,74243,106361,567134,50,10
29783,HIGH COUNTRY BANK,503567,423968,1272,1.0145067688617404,12.24,-0.0009566459991270605,0.7601768980095995,1320,0,8.813288669572213,44043,12.646308717874286,4450,0,4.596498416250374,413902,0,978,132244,42065,418352,0,1
29787,FIRST FEDERAL CMTY BANK NA,837379,757301,3066,1.4599582869060883,17.3,0.007527622847276294,0.06842779673242344,1329,0,9.149789956229473,76864,13.651184079732348,6346,199,3.5466156315783435,642337,0,3049,194725,71594,648683,42,30
29800,LISLE SAVINGS BANK,555438,390941,221,0.15891949127785474,0.69,-0.0042854464453114536,0.631573640982432,666,0,24.931447862482344,144747,0,2892,-21,1.8475470722599328,276541,0,0,10362,128372,279433,0,3
29804,CATALYST BANK,268241,182470,613,0.9055990545132221,3.28,0.09365066500977028,0.6419600284818503,3161,91,29.448381102029096,77964,48.203639692155754,2500,0,3.8782949388746992,163577,0,1850,22103,75371,166077,53,14
29809,FIRST SB OF HEGEWISCH,810368,691259,20,0.009828052086219044,0.07,0,0.03677341652187648,460,0,14.3413151320769,117286,0,1980,-29,1.4464648308274966,369789,0,65,918,117342,371769,0,0
29813,PEOPLES SAVINGS&LOAN CO,155166,124893,-7,-0.018028401170558334,-0.09,0,0.473041774615573,1599,578,20.41077558619887,31572,0,224,0,2.4354575622925925,64536,0,2007,1352,29985,64760,0,0
29835,MILFORD FEDERAL BANK,519271,407367,167,0.12803201567050537,1.18,0.005321714257205103,0.08319355404018326,888,0,11.131012621971013,58292,0,1981,-4,2.311233942121321,451641,0,2308,17852,56771,453622,7,1
29838,FIRST FS&LA OF LORAIN,507698,419241,-385,-0.305164714636314,-3.05,-0.03391717989954862,0.4295860925195687,1656,274,11.829881463079737,59620,24.548719118936383,1661,-30,1.7311301028341035,359094,448,75,2010,50961,360755,12,42
29839,CROSSROADS BANK,572976,506892,1372,0.9517054568723782,12.17,-0.0028039839939247016,1.5161193488034403,1950,0,9.291663019840977,55204,14.12750135870516,5627,50,3.091512352598305,422212,0,2935,65276,45689,427839,0,3
29842,COMMONWEALTH COOP BANK,202513,130034,128,0.24545524277057607,1.95,0,0.1624587063546538,0,0,16.20493283722032,32838,0,777,0,2.722774791982038,131270,0,110,25338,26635,132047,0,0
29846,EATON COMMUNITY BANK,503684,439624,645,0.5222841225626741,4.23,0.029309448458985966,0.08954026731045656,1341,83,13.59941345918854,67888,0,2831,-4,3.3581184883103825,286430,0,40338,80008,61541,289261,30,9
29847,MAIN STREET BANK CORP,1413034,1188598,3853,1.0915713790437702,11.82,-0.0059921634838438495,0.38909184067757746,10733,70,9.004429920375847,125922,12.49519488465016,12029,244,3.5489189497240248,1131728,0,9559,303484,132124,1143757,22,39
29857,LIBERTY SAVINGS ASSN FSA,28483,21618,35,0.4936791438193134,2.06,0,0,0,0,23.820672304144246,6817,0,80,0,3.1993687344201147,10120,0,701,120,6817,10200,0,0
29858,SSB COMMUNITY BANK,266202,239380,622,0.9417785533403235,13.11,0,2.003365865019797,1601,0,7.298467903549033,19193,10.597559090070273,1966,115,3.6277013575925547,228863,0,869,53129,19193,230829,0,0
29874,DEARBORN FSB,277588,171755,-177,-0.255516798966384,-0.9,0,0,842,0,28.507385690723748,78470,0,1625,100,2.63023493360572,199748,0,0,10294,78470,201373,0,0
29875,NVE BANK,645178,407525,2222,1.3731857972295265,6.95,0.0055024265701174215,1.855456943665159,239,2000,20.53911269449773,134905,40.69505591068588,1700,0,2.87810869051565,357779,0,0,141854,129519,359479,5,0
29878,AMERICAN CMTY BANK OF IN,375206,340510,900,0.96278179754036,11.23,0.094835029512095,0.6044679456085458,2840,0,8.874582889033894,33457,12.919372008262306,2959,-247,3.2334482127996798,276653,0,150,117849,32578,279612,74,7
29881,HOME BANK SB,422148,362302,245,0.23239655389110087,2.98,0.026382287591668146,0.2484910505320409,1123,10,11.918112318913922,52989,0,2827,27,3.1190575728227863,242412,0,766,54434,33318,245239,27,11
29904,ELIZABETHTON FSB,315471,181877,663,0.8420090106394125,2,0,0.18258413610125812,975,165,42.261038021711215,132635,0,1495,60,2.701970843528908,158878,0,472,6900,132635,160373,0,0
29907,LOGANSPORT SAVINGS BANK,266253,229461,393,0.588311243593414,7.52,0.01135666749948895,1.1665596256192419,449,0,10.406153617479841,28004,0,1947,0,3.117701748238292,172437,0,800,36608,20845,174384,5,0
29910,SCOTTSBURG BLDG&LA,76077,58685,56,0.29160022130373936,1.82,0,0.04206264705495748,1230,0,18.35868411743898,14532,41.48864780225925,306,0,2.1888857439381075,45197,0,605,607,12556,45503,0,0
29922,RIVERVIEW BANK,1511054,1239534,1547,0.41018787904097703,3.49,-0.008350853518912073,0.010257740623432385,4086,0,11.102679467203897,164891,16.480438414460142,15374,0,2.7947421272130195,1047086,0,13734,593878,178808,1062460,5,27
29933,UNION SAVINGS&LOAN ASSN,255705,231085,440,0.6994479924650375,7.67,0.09525128601385517,0.6429283744940458,1392,0,9.432611419366387,23715,0,2251,75,3.7471599579504224,205808,0,3125,14280,23210,208059,73,24
29937,FIRST FSB OF KENTUCKY,296044,223633,55,0.07535123952789023,0.76,0,0.7083406520652336,3655,427,9.979531094625118,29204,0,1662,21,2.3687344375879613,252699,0,867,23373,29101,254361,0,0
29941,BOGOTA SAVINGS BANK,930709,642503,664,0.2791647550292487,2.1,-0.028180087668252737,1.450507086532955,350,0,13.547954951094395,130256,0,2591,-80,1.6235173763151798,702018,0,77,126162,127160,704609,0,50
29950,SANTANDER BANK N A,104558642,80783937,136316,0.5261660939275049,4.28,0.8954621816960915,1.0713892018605216,402689,8657,11.710922877211715,11905841,19.135094412417732,1284477,90179,2.571694995320391,49769376,348131,1259962,4178508,12843680,51053853,187697,73090
29961,FIRST SAVINGS BANK,2374283,1811621,6411,1.076922204717267,12.04,-0.03206956628995205,0.5574314435136839,6502,0,9.084705951684395,215819,12.358370033570191,20484,-235,3.0399787165169907,1941416,0,1935,984565,205896,1961900,122,278
29966,EQUITABLE SAVINGS&LOAN CO,9350,7009,15,0.6439841150584953,2.62,0,1.0802139037433154,227,101,24.87282173395389,2298,0,50,0,4.062572962876489,6837,0,114,0,2298,6887,0,0
29975,PEOPLES SAVINGS BANK,166517,148567,272,0.667279975467648,7.79,0.16168440503387072,0.5879279593074581,730,486,9.573357888275016,15595,0,1141,0,3.508816764630718,137913,952,1905,21491,14195,139054,59,3
29980,MIDLAND FS&LA,121062,109629,-193,-0.6409883841612767,-7.2,0,0.45596471229617885,120,0,8.82723215015614,10798,35.30762761208514,117,50,3.350494472284261,33409,55,20,7249,10886,33526,0,0
29988,MUTUAL SAVINGS ASSN,366919,245780,1374,1.513442958814029,6.56,0,0.2921625753912989,3310,506,23.924724627078,88293,35.161483369046934,2404,24,3.9449653726094844,234004,0,2850,17571,83950,236408,0,0
29995,PHOENIXVILLE FEDERAL B&T,651873,542862,872,0.5337859086947573,5.05,-0.0015663669684533694,0.6219002781216587,456,182,11.49685435169549,75637,0,5908,0,2.900057883428661,502991,0,0,154673,70076,508899,0,2
30012,THIRD FS&LA OF CLEVELAND,17099007,10512762,20378,0.47743624374961763,4.75,-0.017244291547940636,0.21645116584840277,15079,0,10.043690225206536,1712453,17.582483904007653,70546,1500,1.725080027557518,15365946,0,6991,0,1715192,15436492,279,944
30031,HUNTINGDON SAVINGS BANK,17779,13778,8,0.18115942028985507,0.81,0,0.8324427695595928,242,0,22.441590767664195,3967,49.669765166340504,94,0,2.234902520209225,13495,0,0,323,3967,13589,0,0
30039,HAVEN SAVINGS BANK,1036053,902504,-2226,-0.8494720136465047,-9.57,0.00426092735533116,0.5179271716794411,6832,0,8.715682488832954,91414,0,6602,0,1.1335925524621535,831648,0,0,113295,91968,838250,9,0
30043,BEARDSTOWN SAVINGS S B,71949,54158,122,0.6830333398650729,8.21,0.029381519024533564,1.285632878844737,585,380,10.864517218571008,7720,20.22505402787093,415,0,3.1426511236630215,40075,0,1350,3979,6038,40490,7,4
30052,BLUE FOUNDRY BANK,2088391,1429154,-2207,-0.4258920975258168,-3.27,0.003988611268387732,0.2740387216761612,3017,0,13.73312356596878,287537,19.45116461248204,13152,201,2.1755871321980593,1612503,0,41446,288186,269654,1625655,22,6
30058,FIRST FS&LA OF GREENSBURG,148641,132248,65,0.16976487564722859,1.64,0,0.5335001782819007,1129,0,12.790363835673643,19602,24.671740403111148,1256,0,2.373728485445778,86481,0,375,5320,16089,87737,0,0
30065,PEOPLES CMTY BK SB MONTICELL,41080,19058,40,0.39185432815350896,1.21,0,0.8860759493670887,985,0,32.285013478398135,13294,0,347,0,3.8894233852863827,36598,0,339,3425,13294,36945,0,0
30067,CORNERSTONE BANK,44540,37311,66,0.580666446717255,4.4,0.17997127381591016,1.1742254153569824,329,0,13.658858462553614,6210,29.013228459063285,499,36,3.9618104330849264,28063,0,328,2043,6055,28562,26,13
30072,SCHUYLER SAVINGS BANK,139189,108536,16,0.04600923779227548,0.31,0,0.7277873969925784,182,0,14.851242939885601,20641,0,1020,0,2.210713340641893,113993,0,40,13665,20879,115013,0,0
30076,SPENCER SAVINGS BANK SLA,4063494,3147363,4268,0.4229649241620076,3.85,0.0018832075481469471,0.37669552360603953,27890,0,10.481257433467844,425294,17.40375132480448,27937,0,2.234591694364974,3150403,0,1190,1038161,447065,3178340,134,119
30084,MERCER SAVINGS BANK,180510,141551,117,0.25901143967191886,2.24,0.14882861615047085,0.5301645338208409,670,209,11.71038801666309,21280,16.39893695555884,934,28,3.971933266735657,153954,0,65,2244,20981,154888,126,68
30085,PRESENCE BANK,462895,367628,589,0.5177879728578886,5.52,-0.0285590257945121,0.23633869452035558,176,0,9.713071966015049,43168,13.478922275448085,4447,61,2.7739860934250666,346688,0,194,178132,43074,351135,0,25
30103,MONROE SAVINGS BANK,110839,85323,101,0.3690963990260971,2.72,0.1217391304347826,0.28419599599418977,1295,228,13.704051577133164,15028,23.79930681630632,947,103,3.443247830388162,91243,0,24812,6381,14898,92190,52,24
30111,OCONEE FS&LA,660123,537622,1039,0.630118958453995,5.44,0,0.1442155477085331,4734,0,13.318834868610132,89904,25.642261505388124,3338,118,2.6642569956927407,478505,0,1945,47146,78192,481843,0,0
30117,RELIANCE SAVINGS BANK,652492,519035,752,0.45630583413100895,4.18,1.0837439482899316,0.9731920084843952,2973,0,11.606673330661776,77912,16.360230524892287,5089,213,3.007440468923712,466386,0,2298,126782,73141,471475,1261,1
30119,PENNCREST BANK,232387,197325,140,0.24454255258756588,2.03,0.03188044831880448,0.30724610240676115,630,20,13.833651681560816,32446,0,315,0,2.80787796962344,150231,0,4070,1856,27830,150546,13,1
30121,INVESTMENT SAVINGS BANK,105107,75622,60,0.23122055550738463,1.15,0,0.22453309484620435,389,0,21.66396234829723,22831,0,384,-1,2.4538676151474115,46249,0,238,6433,21158,46633,0,0
30128,BOONVILLE FSB,69083,50718,52,0.3005606612334547,3.54,0.0751659915647054,0.8497025317371856,2097,460,8.51707738867272,5910,16.452186649926762,380,17,3.0154886462283548,47541,0,1208,3507,5910,47921,21,12
30133,MID-SOUTHERN SB FSB,227969,192140,815,1.4389632402274093,9.45,0.009073106556075579,0.1342287767196417,163,0,15.554128945196327,35616,0,1848,-69,4.090741261079671,127698,0,689,30521,34917,129546,4,1
30150,CITIZENS FSB,189475,139289,-40,-0.0847857305615465,-0.45,0.002984451010236667,0.12244359414170734,357,0,19.706671640089937,38039,0,419,35,2.8093649329413557,134497,0,2077,6533,35633,134916,2,1
30152,MILFORD BUILDING&LOAN ASSN,26691,23212,9,0.13435091713160793,1.11,0,1.9557154096886593,500,1,11.959203210722045,3248,0,285,5,2.3040244135037193,18107,0,0,359,3248,18392,0,0
30154,SEWICKLEY SAVINGS BANK,304605,213250,556,0.759170033264892,3.22,0,0,0,0,26.561242696707833,75920,57.66586912764422,469,30,2.4303073624017157,47530,0,447,28885,70309,47999,0,0
30155,HATBORO FEDERAL SAVINGS FA,576567,430344,860,0.5978564067092001,2.52,-0.004538919532899791,0.4865002679653882,1107,0,24.07453759245993,139465,0,2958,231,2.4175753651939367,439565,0,0,464,137433,442523,0,5
30166,FIRST CMTY BANK OF CULLMAN,98963,75763,-61,-0.2409507680305731,-1.9,0.02024432368143026,0,2506,0,13.20803189740217,12853,0,837,0,3.6376249214160294,76301,0,873,27041,12818,77138,4,0
30167,CULLMAN SAVINGS BANK,429982,296058,913,0.8492055556459845,4.63,0,0.07023549823015847,4729,0,18.97261648547089,82248,0,2894,6,3.845049995599316,358188,0,1758,90714,79663,361082,0,0
30176,HOME SB OF WAPAKONETA,42497,33771,15,0.14138438880706922,1.26,0,0,0,0,12.006681979536438,5175,0,265,2,3.3229089943128995,35105,0,0,1956,4820,35370,0,0
30182,OPPORTUNITY BANK OF MONTANA,2085207,1702423,3928,0.7509315551600377,6.86,0.0005222366743968574,0.25604172631302313,3506,2638,10.290370380378008,213267,13.637525472042592,16720,42,3.909058860125117,1513011,0,11723,548354,230697,1529731,6,4
30183,MILLVILLE SAVINGS BANK,160928,142318,129,0.3224838758062097,2.92,0.024417229407500667,0.027341419765360905,86,0,13.898849310960907,22249,30.16083352820433,1369,7,2.9435943673923997,63657,0,0,9587,18038,65026,4,0
30219,HOMETOWN BANK,255599,216584,-44,-0.06832603163572909,-1.01,0.01614799638688581,2.1361585921697657,2438,524,7.920761020444974,20200,10.91175932885088,1283,23,3.19228866977449,194511,848,273,99416,17924,195794,34,26
30220,CHESTER NATIONAL BANK,101339,94770,224,0.8998468452635016,14.11,0.024098321150293197,0.06808829769387896,477,0,6.401170774736125,6386,17.80384353563387,414,0,3.059555151081787,49779,0,651,1623,6373,50193,3,0
30260,CROSS COUNTY SAVINGS BANK,536296,461265,490,0.36546845224110475,3.08,0.006847087420188637,0.4862986112147023,4620,0,12.001301115241636,64567,19.981700914954253,2031,6,3.778708509899699,405695,0,123,86819,64038,407726,8,1
30270,CITIZENS SAVINGS BANK,316358,275012,772,0.9904832775758821,7.82,0.31539393441613106,1.0257366654233495,6409,877,13.917866855784178,43960,0,6344,75,4.547147551889073,237167,0,10501,41747,40177,243511,209,17
30291,FIRST FED BK LITTLEFIELD TX,60102,48305,87,0.5799661686401627,3.06,0.03520313307884402,0,1619,0,19.105268452999766,11394,0,664,8,4.674535468037864,41695,0,1750,5633,11401,42359,5,1
30303,MASPETH FS&LA,2191782,1401464,4369,0.79456914083688,2.35,0,1.5449985445632823,11432,0,34.080590598670426,751552,0,17384,-164,3.3245899270517487,1948791,0,32,611722,745576,1966175,0,0
30313,EAST WISCONSIN SAVINGS BANK,276861,232774,-482,-0.7013204321414281,-13.42,0,0.003973112861688718,1509,0,6.562743229579626,18044,11.842129405936355,1190,110,1.4964247930737358,189855,0,32851,2160,14407,191045,0,0
30315,FIRST FSB OF LINCOLNTON,481674,384775,610,0.511687015312863,3.2,-0.004678437811134389,0.15446131615989236,7166,0,17.251940388225805,81508,35.072440918746686,3643,0,2.8145931779287743,339901,0,760,26575,76967,343544,0,4
30332,ABBEVILLE BLDG&L STATE-CHART,64542,43776,-18,-0.11274045425008025,-0.37,0,0.9807567165566607,1886,633,30.635729107715527,19488,42.805600893394036,444,-22,3.4858694028867356,42802,0,80,0,19488,43246,0,0
30339,BEAUREGARD FSB,80896,67215,96,0.4742116539983823,3.47,0,2.9358682753164556,2246,334,11.148726926344516,8661,0,764,7,4.6678102081335515,55732,0,3389,4427,11106,56496,0,0
30350,BANK OF BENNINGTON,609028,474831,1168,0.7768365691824344,7.55,0.0347410327423377,0.26057915235424317,4067,0,11.361632299317579,67645,20.186231101209636,5308,52,2.713024113916103,459408,0,812,77750,62866,464716,42,2
30357,STREATOR HOME SAVINGS BANK,158379,108999,-43,-0.10864930593939011,-0.4,0,0.42493007280005557,667,17,27.185457004734115,43413,0,282,0,1.2270140573418427,37952,0,890,154,42745,38234,0,0
30358,FIRST SAVINGS&LOAN ASSN,58501,44453,-45,-0.302910464715138,-1.35,0,0.14016854412745083,652,0,22.2796367832238,13323,54.649799943418344,198,1,1.6480662092685812,35880,0,0,1091,13323,36078,0,0
30367,1ST BANK OF SEA ISLE CITY,310633,225585,-7,-0.009130901252563989,-0.1,0,0.0779054382502825,380,0,9.683299758924738,29322,16.34307046792489,1359,-9,3.145925457991156,239449,0,164,23523,29284,240808,0,0
30387,FIRSTBANK PUERTO RICO,19102301,16874463,75052,1.5640520601851202,17.49,0.6760976951739991,0.801249022303648,131216,37117,10.998953539646136,2150369,17.574519564634976,247269,24810,4.642620193944542,12442842,305826,480318,3039535,1739360,12690111,28210,6700
30388,GUNNISON SAVINGS&LOAN ASSN,101639,82711,-54,-0.21265075067683978,-1.66,0,0.13282303052961952,751,0,12.901136137133745,12945,0,510,0,1.9954170299920915,55451,0,668,857,12965,55961,0,0
30394,CARVER FEDERAL SAVINGS BANK,734760,668520,-2957,-1.6131440966740838,-22.21,0.06140971220730351,3.4295552289182867,19893,0,8.697582621078764,64252,11.555741575164639,6337,374,2.8145153802752523,607347,0,23896,293005,52299,613684,228,134
30395,TECUMSEH FEDERAL BANK,53406,35968,-2,-0.015059532213280625,-0.08,0.1182033096926714,0.1273265176197431,336,0,21.115635486181805,11201,0,342,0,2.1579548847409113,26184,0,39,1001,10757,26526,8,0
30397,GEDDES FS&LA,641217,470704,106,0.06553586388324724,0.43,0,0.0832791395112731,784,73,15.307399262861212,98846,0,1041,-18,1.4305176565490687,555927,0,220,188,98846,556968,0,0
30401,PENN COMMUNITY BANK,2896676,2303482,1365,0.18728313230695773,1.84,0.005110159712931668,0.09662799705593583,4588,452,12.4992495447238,374750,18.20833233880903,18646,1406,2.1791584135987936,1976110,0,1455,493080,301349,1994756,57,32
30402,FRANKLIN BANK,326812,297233,270,0.33324487944557923,4.09,0.003893294530164516,0.07894446960331934,365,0,9.982440220875388,32233,18.574557690101763,1756,-8,3.359339086549277,203536,0,1163,44236,27040,205292,2,0
30422,FIRST FEDERAL BANK OF WI,294432,220839,566,0.7781124929328895,3.31,-0.003509703232656034,0.055360830344527774,169,0,23.796977680869748,70722,28.293795166664754,2738,0,4.191422380927216,225912,0,27,94145,68867,228650,0,2
30428,CENTURY SAVINGS BANK,640174,513218,1301,0.8104176983763615,10.84,-0.013899901752967157,0,0,0,12.501147840329013,83044,0,4437,72,3.077946266887439,316329,0,35,143461,50192,320766,0,11
30429,MASSENA SAVINGS&LOAN,187159,145958,303,0.6482964833125169,4.36,0.1443449607931874,1.410031043123761,1069,0,14.966548012179953,27918,24.144809263290323,1254,62,3.2273202725242416,167912,0,8473,2197,27918,169166,64,3
30431,SSB BANK,334023,282870,571,0.7016368967619949,8.89,0.32629125629651906,1.5657604416462338,5324,206,7.99093175596402,26154,12.049419928619338,2742,198,2.805663016185888,261370,237,508,56752,25993,264112,218,1
30434,MORGANTON SAVINGS BANK SSB,104387,67968,67,0.25549358882692214,0.96,0,0.23757747612250568,639,0,27.280028300173054,28533,0,2388,0,3.8828940385635944,65198,0,3,11916,28050,67586,0,0
30441,FIRST FEDERAL BANK OF LA,1160340,1020562,999,0.3477894568270217,3.44,0.019195484262327287,1.5938431838943758,2825,14,11.761542212249047,135805,21.4495918914457,5322,-147,2.5556348770203434,662295,2335,8243,209570,118168,667617,35,3
30447,RAYNE BUILDING&LOAN ASSN,52349,37794,72,0.5503114610004969,2.07,-0.553049549783101,0.27889740014135894,378,0,28.97155854653458,15412,0,300,-39,2.6202226304025493,29465,0,561,2127,14023,29765,0,40
30470,MANASQUAN BANK,3252967,2753444,6013,0.7490873495584723,8.42,-0.0016139385602934432,0.48217519575206264,2369,0,9.489804080662283,297778,11.54213953151942,23856,20,2.8259140783432994,2730482,0,3121,1035771,289569,2754338,0,11
30492,JACKSON FS&LA,28187,21334,67,0.9240582708387207,4.58,0,0.20222088196686416,306,57,24.6874678905367,7208,60.16699410609038,142,0,1.942302199371608,14327,0,504,1290,5948,14469,0,0
30516,CROSSBRIDGE COMMUNITY BANK,210508,181063,489,0.9242349427905185,8.29,0,0.5201702548121687,963,0,11.934850159143927,25273,0,1977,8,4.042790305931172,168281,0,3769,21576,24008,170258,0,0
30530,LAKE SHORE SAVINGS BANK,688370,585153,1145,0.6668962459420164,5.21,0.0014458819925338268,0.5043799119659486,503,0,14.31084413016678,98438,0,5170,48,3.4606223151399065,551663,0,9961,173442,88487,556833,7,5
30544,MARQUETTE SAVINGS BANK,1341745,997086,344,0.10518164855417277,0.89,0.008936071345593623,0.40104490793705216,7664,0,14.388597425641056,187484,0,5358,135,2.385647828144136,906539,0,1106,133855,155711,911897,20,0
30551,WESTMORELAND FS&LA,166675,121961,194,0.4638152389604801,1.76,0,0.48057597120143997,1232,0,26.403239734389423,44335,0,417,0,1.795070803221705,68179,0,6,17,44281,68596,0,0
30585,MAYVILLE SAVINGS BANK,75716,65640,137,0.7309688004375142,5.74,0,0.01849014739288922,231,0,13.347865625334332,9981,26.396425957242737,457,0,3.4655941169426696,45621,0,178,5746,9646,46078,0,0
30595,F&M BANK&TRUST CO,186029,170864,305,0.6738060653591883,8.73,0.05354489516355734,0.14513866117648325,1239,0,9.674691414910745,17847,16.386180185429556,1261,0,3.1341590939216757,111722,0,554,37060,14400,112983,15,0
30619,ABBEVILLE FIRST BANK SSB,134158,112754,297,0.908041672080776,11.49,0.010069732900334818,0.26684953562217684,1,0,9.724253031444311,13168,0,752,13,3.5309298034754577,80151,0,572,8927,10621,80903,3,1
30637,GREENVILLE SAVINGS BANK,333701,255936,166,0.2000376576915835,1.6,0.04353995373879915,0.20257655805646374,3849,676,12.546599549274415,41699,0,1714,18,2.282706646995494,255939,0,1697,18913,41699,257653,28,0
30656,NORTH COUNTY SAVINGS BANK,61530,56530,-6,-0.03906186422747026,-0.52,0.1604434072345391,0,0,0,8.376177185852551,5132,22.595183929261278,132,8,1.8440650488879884,27148,0,988,728,4677,27280,11,0
30680,FIRST SHORE FS&LA,369811,306036,474,0.5148948824173989,3.23,-0.0028107257293833268,0.2950155620032936,1326,0,16.413514766436695,60190,27.33199902959728,3825,22,3.101596077869736,281406,0,51883,28373,59050,285231,0,2
30688,PEOPLES FIRST SAVINGS BANK,102904,83896,166,0.6392359974584593,6.97,0,0,680,0,9.103653396228202,9611,14.670723131897306,612,3,3.439384423714188,90988,0,31,19450,9611,91600,0,0
30692,BANKPACIFIC LTD,177536,154294,224,0.5057746367567202,4.33,0.23694712337878282,2.7431056236481615,1054,350,11.498770140673798,20803,25.62387234341683,1187,77,5.718318928155725,96233,0,13728,8162,20803,97420,73,16
30704,MAGYAR BANK,1021204,863569,2876,1.133931906915861,10.53,-0.0024775748506332064,0.25636405654501937,8931,0,10.90831776783943,111077,15.959578115652839,7936,-30,3.4059994599786183,801057,0,1715,414961,110577,808993,0,5
30707,EQUITABLE SAVINGS&LOAN ASSN,161238,124598,-23,-0.05697723387915872,-0.35,0,0.07690494796511987,0,0,15.951323999627478,25692,29.19548476050623,354,0,3.2958134523129736,144743,0,839,0,26098,145097,0,0
30722,UNIVERSAL BANK,366322,251716,16,0.017712217970982404,0.1,-0.01474458689353671,0.5339564645312047,8916,0,18.32797516998391,65960,0,3411,0,2.8967239143345416,265976,0,0,100844,65615,269387,0,10
30776,PATHWARD NATIONAL ASSN,6992855,5822039,76022,4.168212445490521,37.21,0.5575354205340366,0.5951503355925442,72816,5569,8.50937412034206,701329,15.510591390748662,102890,35266,8.64115778764054,4407747,0,331195,90213,844351,4510637,14393,8019
30788,GLACIER BANK,27842369,20810915,58551,0.8405181544424295,7.26,0.04155820101609223,0.14104403256777467,46458,5289,9.071504905013002,2456938,13.915543985791185,210400,7814,3.0709746428558304,17048641,3646,107658,7236696,3274834,17259041,3897,2102
30812,FIRST FS&LA,378748,241807,157,0.16581405326908477,1.84,0.058546798460601034,0.406602807143536,651,46,9.326697536169414,35269,39.05714535175605,1276,0,2.2426584473234574,312862,0,2633,231,34321,314138,47,1
30819,COMMUNITY PARTNERS SB,285125,231131,361,0.5094885179846977,5.62,0.07797592493317689,0.2216571679088119,6141,0,11.590272257372963,32222,23.805139062092167,611,15,3.098578026135131,131649,0,4067,28185,26704,132260,30,4
30836,TERRITORIAL SAVINGS BANK,2110009,1684568,-7617,-1.4240444207633418,-13.2,-0.002809578477380162,0.09123183834760894,1267,10,10.670270695588382,230536,26.568943062845673,5092,-31,1.4835160097991276,1270817,0,441,8121,228636,1275909,13,22
30878,BAR HARBOR SAVINGS&LOAN ASSN,98994,72918,-17,-0.06841183927241996,-0.57,0,1.4344303695173444,405,0,11.94433472091398,11793,0,698,-22,1.434583714547118,84960,0,153,10699,11849,85658,0,0
30879,PROVIDENT SAVINGS BANK FSB,1260127,910164,2054,0.6533364611206756,6.72,0,0.10998891381582968,199,0,9.85359622167294,123261,20.030875811993756,6577,-391,3.056408325629973,1058980,0,13,75633,123287,1065557,0,0
30889,PEOPLES SAVINGS&LOAN CO,107585,74783,104,0.39404760777107345,4.52,0,0,2,0,8.699628519168034,9227,14.580211530907663,795,4,2.6367404711353752,95597,0,305,10099,9257,96392,0,0
30895,FIDELITY BANK NATIONAL ASSN,3213935,2607592,7180,0.9000681475691814,9.39,0.06778913232325917,1.0924303073957624,12163,0,9.983856963777406,308860,12.01685131141992,31929,930,3.5310577481426875,2477172,0,38344,1048823,309080,2509101,497,76
30943,MID-CENTRAL NATIONAL BANK,121628,100209,191,0.6241116212197951,3.74,-0.024311527918750873,1.0038806853685007,1000,800,13.58190781911225,15951,26.31403224267862,600,31,4.696280791859779,82320,0,3988,2704,20347,82920,1,6
30953,EL DORADO SAVINGS BANK FSB,2451708,2125134,5662,0.9334754484581251,7.27,0.005314963806045581,0.026348977937013705,937,0,12.67985374095781,307384,51.20464118825918,5961,0,2.637616903153175,518731,0,25,1678,313793,524692,16,9
30969,FIRST FSB OF MASCOUTAH,191608,173203,399,0.8297245169038174,9.17,0,0.5292054611498476,3222,198,10.115993116320663,19457,16.105748664141434,1240,40,2.767651456977731,150415,0,904,7009,17767,151655,0,0
30976,GOUVERNEUR SAVINGS&LOAN ASSN,197731,164019,250,0.5064906780390707,3.38,0,0.5532769267337949,261,0,13.569043349205367,26331,24.593399298484837,1064,0,4.113416087185777,125385,0,2597,4428,29794,126449,1,1
30987,SPRATT SAVINGS BANK,144611,113718,62,0.17275367972303685,0.81,0,0.09819446653435769,166,0,21.309772749304123,30776,0,1156,0,2.7190533666057,48440,0,76,13133,30535,49596,0,0
30996,CENLAR FSB,909242,529602,6233,2.6929117188968266,18.43,0,0.8743546822518097,2847,7167,13.950906909677698,138500,43.27935839586527,673,-36,3.2106130057168993,241808,0,37,0,138441,242481,0,0
31028,HOMETOWN BANK,607224,552053,997,0.6608354730118803,9.35,-0.0020464178734137064,0.5118374767795739,2232,2698,8.382713291858549,51041,13.526259842330319,5463,30,3.64066808135926,387488,0,3577,53358,44110,392951,1,3
31043,INTERSTATE BANK,277674,260892,1415,2.0233073568313436,37.57,0.07971616214992074,0.7868939835922701,4696,0,9.86099060212999,26935,0,2199,60,3.5348319516836577,161222,0,2629,44172,15992,163421,37,4
31077,FIRST FEDERAL BANK,262637,239991,123,0.19043379812856218,3.02,0,0.5996870204883546,87,0,9.412460253995445,24836,17.194884805089437,1868,0,2.974044224265386,185066,0,2088,40148,16554,186934,0,0
31083,JARRETTSVILLE FS&LA,162694,143862,52,0.12844382280927635,1.14,0,0.3147012182379191,1457,316,12.236543674282236,19908,0,1180,0,2.169202992004127,108620,0,120,28588,18465,109800,0,0
31089,PICKENS SAVINGS&LOAN ASSN FA,129507,112254,140,0.43485350872424855,4.87,0.0052009517741746746,0,1029,0,10.849854238559066,14180,23.13961565177124,823,0,2.8778539622657258,76158,0,452,2589,11595,76981,1,0
31090,BLUE GRASS FS&LA,54468,36932,34,0.25287741023781635,1.5,0.05916284573287975,0,0,0,16.843404589575268,9006,28.87157623531577,387,9,2.7193625750698667,40449,0,230,2768,9107,40836,6,0
31100,SECURITY FEDERAL BANK,1519347,1349012,2606,0.6800269166448395,7.87,-0.06320356673100905,0.5248307332031459,8934,8,10.578176830158762,162254,20.155175104890542,14005,0,3.0175130291490806,689936,3606,4103,289493,136008,703941,29,140
31121,CECIL BANK,225761,193210,234,0.41667223119966884,3.29,0.05502013916506939,0.7339620217840991,752,0,10.206585187887631,22381,13.477318165178948,1793,50,3.4276003900705794,164138,0,13145,14065,28691,165931,309,286
31127,FIRST FEDERAL BANK A FSB,175119,121627,7,0.01654949036435476,0.22,0.025896579133831362,0.5733244251052142,691,492,7.883367356265805,12937,13.357353422862758,1378,0,2.1554606210124474,143183,0,132,0,12943,144561,10,1
31146,SECURITY FSB OF MCMINNVILLE,391657,350734,1030,1.096838602329451,11.4,0.0029305532151831966,0.007149112616396489,1898,0,10.28833182699554,38362,14.847810745847347,2787,7,3.2380984449270724,276348,0,10063,56251,36876,279135,4,2
31158,FIRST SOUTHERN BANK,278380,250840,1174,1.713130841462436,17.91,0.09155875412771773,0.4766865435735326,1002,172,10.94531648113458,30500,0,2061,0,4.615145915906173,145244,0,6791,44834,26931,147305,45,11
31184,CITIZENS SAVINGS BANK,355955,302738,82,0.0914067866752314,0.63,0,0.1831692208284755,4100,0,14.8759497075237,53100,30.381975596626592,1037,-25,2.428723055986588,294135,0,215,0,51887,295172,0,0
31189,PONCE BANK,3076841,2030903,6563,0.8601361368904761,5.57,0.04404624940892263,0.8873386697590158,25328,0,15.60961385757359,489286,21.38018200412485,22974,-285,3.051619169890948,2379498,0,967,391061,475771,2402472,263,3
31197,FIRST FS&LA,86741,56511,26,0.1191192051083813,0.58,0,2.148926113371992,1847,19,20.488185184760553,17870,0,499,0,2.282716574507302,78041,0,679,9015,17787,78540,0,0
31198,GREENEVILLE FEDERAL BANK FSB,191685,149092,968,2.0332610419412602,13.67,-2.0782932424132268,2.123796854213945,2418,0,14.992820427444698,28818,22.549562929957958,2205,-833,4.457259158751696,158149,0,1062,43483,28805,160354,11,840
31217,LIFESTORE BANK,480057,427020,906,0.765805030350096,7.46,-0.04941601593666514,0.8996848290932119,1193,0,11.048630262722003,52362,18.41017894416064,4315,141,3.3858998670440363,291071,0,1238,69429,48752,295386,25,61
31223,FIRST HARRISON BANK,1212222,1087621,3311,1.104822587298628,11.75,0.05194122602935607,0.3376444248660724,3891,18,10.609641065556739,128675,0,9535,338,3.398079793814799,643282,0,10979,182161,115397,652817,127,43
31232,HIGHLAND FS&LA,78907,60555,172,0.8762991644589362,4.05,0,0,80,0,21.83088677579124,17058,0,269,0,3.631235925102251,38094,0,37,0,17058,38363,0,0
31236,HEARTHSIDE BANK CORP,567634,498748,799,0.5664140901707837,6.74,0.012864971783211441,0.16084307846253043,966,0,9.78899008961555,56124,14.686870041131375,4998,161,3.4232470078080417,430949,0,9371,91199,47790,435947,37,23
31249,1ST UNITED BANK,167195,148261,441,1.0602681925552824,10.22,0,0,29,0,9.918988925142935,16811,17.898673172487577,1090,0,3.2353899526575045,74959,0,897,29415,17872,76049,0,0
31266,JACKSON SAVINGS BANK SSB,29860,22661,-18,-0.24449047505857585,-1.01,0,0.6865371734762223,1100,132,24.257510144235685,7114,48.704733487047335,68,0,2.7913468248429867,20780,0,27,2680,7114,20848,0,0
31267,HOMEWOOD FSB,65609,48617,54,0.3282475229469333,1.28,0,0,14,0,25.749631453365552,16943,41.403533838167355,444,2,2.618034131292225,51915,0,607,16826,16937,52359,0,0
31272,COMMUNITY BANK,323498,286505,362,0.4564633859936984,5.23,0.2501090482938856,0.06800660282289225,340,0,8.920195335089636,27765,11.752180516213302,2521,0,3.887963845944443,263501,0,2713,57759,27898,266022,179,12
31313,FIRST FEDERAL BANK,3974533,3153301,10473,1.074832644308444,11.12,0.08896038313547087,1.1944044746892277,13227,40665,10.900542734208136,439268,21.702646596914402,9037,246,3.1617639860431828,1243721,3551,102137,333070,384292,1252758,377,98
31329,WEST PLAINS S&LA,96578,71423,62,0.2599049460540036,1.22,0,3.8455963055768394,3025,956,21.544012152924296,20422,0,942,-1,2.61407294646392,74383,0,539,12369,20336,75325,0,0
31345,HERTFORD SAVINGS BANK SSB,17664,15414,1,0.022881986156398377,0.18,0,0.19248188405797104,129,34,12.12313368305759,2103,0,135,8,3.028406211809592,13175,0,263,206,2226,13310,0,0
31361,COLONIAL SAVINGS FA,1006281,597492,930,0.3645961460619206,1.54,0.04918289961459262,3.4568872909256956,0,0,13.907979662000534,123666,23.741754456831043,8018,-57,2.038997665810966,693985,0,1203,41366,241349,702003,90,3
31390,AXIOM BANK NATIONAL ASSN,861206,762019,89,0.04110968433305311,0.39,0.4082933707955452,0.9191761320752526,7070,0,10.679607123080062,91607,15.615708855519175,7812,233,3.7835230643805033,550360,0,53204,100488,92279,558172,600,22
31406,FIRST FS&LA OF SAN RAFAEL,237353,185803,-451,-0.7709549969978055,-4.27,0,0,0,0,18.043379328702315,42027,22.311790595320822,1300,0,2.5844934943708946,216393,0,0,24807,42027,217693,0,0
31409,FIRST FS&LA,39788,27702,26,0.259170653907496,1.01,0,1.4728058711169196,516,24,25.87213654738733,10368,40.52037570065142,442,3,3.5828403505845214,35418,0,295,1903,10368,35860,0,0
31410,1ST FSB OF SC INC,152704,132109,136,0.3655471784327165,4.41,0.01012158554637584,0,144,0,8.865656457485544,13246,18.212908762536664,956,-3,3.845105666080321,116694,0,1217,1055,12276,117650,3,0
31461,HARLEYSVILLE BANK,871750,704837,2347,1.0831897330043458,10.68,-0.006334731533357761,0.1299684542586751,2913,0,10.246813934717935,88106,15.114413742326501,4828,-28,3.1928319414566384,694418,0,415,245932,88113,699246,38,49
31469,ORIENTAL BANK,11590201,9934489,43684,1.5190532797053695,14.81,1.0394448980549824,1.3256198059032798,160654,56810,9.83576708314527,1137103,14.209794838684841,181173,25728,5.523803052162775,7688271,35289,623959,1288373,1170624,7869444,29499,9127
31479,FIRST FIDELITY BANK,157688,143876,399,1.0214857625621627,12.22,0.04208754208754208,0.16741920754908426,32,0,10.43053566132625,16530,18.245223061367668,1058,15,3.407990008270182,75098,0,4115,25312,13274,76156,24,16
31485,EQUITABLE BANK,527692,464983,510,0.3942185149363404,4.13,0.4375696209286348,0.31609347877170774,1744,1,9.448725571345856,48629,13.168482282432386,6027,555,3.233869628261917,438392,457,1290,118783,49568,444419,495,3
31488,PROGRESSIVE OZARK BANK,177552,159311,895,2.031580291401251,21.76,0.01563044419768604,1.6209335856537805,1105,0,9.629163905362311,17000,13.788041076497862,1408,8,5.272093810105863,152538,0,2108,12881,16741,153946,10,4
31516,FIRST FEDERAL SAVINGS BANK,629095,502422,1318,0.8154351101115809,9.19,0.02450344489607657,0.8841271985948067,6842,0,9.188209281139702,60213,15.437244082986615,5782,0,2.992063753973835,535343,0,404,47112,58018,541125,34,0
31539,WILMINGTON SAVINGS BANK,244097,207827,319,0.5234141699209136,3.64,0.0340569549357308,0.6632609167666952,605,0,14.91040489816772,36188,0,6560,0,2.3188206797268394,178598,0,1559,21689,35450,185158,16,0
31545,CENTRAL BANK,139608,122304,295,0.8580726089406804,7.82,0.03641929995276872,0.08738754226118847,511,14,12.696092760401442,18242,23.697907054003174,1133,8,4.095622783291828,88810,0,3652,14652,15430,89943,15,7
31628,EAST WEST BANK,75712113,63156194,292590,1.544479236298065,15.88,0.11321421755642565,0.24065237751322563,123851,0,9.900153472617657,7486690,14.80517266761194,734856,49000,3.3363271501239433,53517878,4579,2887,15468514,7489605,54252734,16983,1702
31694,VOLUNTEER FSB,363314,325239,476,0.528471983213243,5.48,0.017440060691411206,0.16377018226657933,3570,595,11.224657847797749,40212,22.001250251639632,1277,150,2.9014658632750967,231407,82,5771,7535,35244,232684,11,1
31711,RIVERBANK,144818,125218,677,1.9114169754720312,15.7,-0.007461016190405133,0.1325802041182726,942,0,12.997954468529718,17665,0,1700,63,3.847059322982397,108102,0,822,15815,17593,109802,0,2
31723,HOME SAVINGS BANK FSB,27982,18732,-37,-0.5309226574831396,-4.42,0,2.6588521192194983,670,49,11.002745268024853,3046,0,151,0,2.7451715732233266,22302,0,0,1929,3331,22453,0,0
31762,GREATER STATE BANK,172628,154039,634,1.4527248615872852,15.19,0.029695619896065333,0.028384734805477672,260,1,10.042685338109749,17269,16.714418737912755,1468,64,5.208874650754736,120367,0,1493,35812,17061,121835,11,2
31774,HOME FS&LA,40870,34319,-30,-0.2930760776651606,-2.18,-0.012013815888271513,0.22999755321751894,343,0,13.36427929132136,5499,0,423,0,3.5909384090879173,32932,0,507,2179,5499,33355,0,1
31823,INTERAMERICAN BANK A FSB,267841,225186,421,0.6303197263124799,4.63,-0.003640947920791178,0.9934998749257955,5923,230,13.862159436444566,36562,20.964144885690274,4727,0,4.493866075163685,217277,0,2617,84576,36562,222004,0,2
31840,FINANCIAL FEDERAL BANK,1074819,813987,1923,0.7196317640895142,7.41,0,0.0477289664585386,1936,0,9.820518643501567,104650,0,8069,125,2.0289795686941376,1029944,0,28591,272501,104650,1038013,0,0
31864,GRAND BANK FOR SAVINGS FSB,265118,241180,226,0.34899971431439314,4.27,0,0.5020406007890826,4134,227,8.238703503531426,21265,0,1374,35,3.913399878575035,187322,0,109,13,21265,188696,0,0
31900,CBL STATE SAVINGS BANK,183926,118325,-46,-0.09883970777825525,-0.64,0.10088090648700258,0.034796602981633916,0,0,16.279329906517166,30562,0,1062,0,1.82514500870932,110102,0,343,5479,28951,111164,28,0
31905,CYPRESS BANK SSB,232806,185284,308,0.5327832519238794,4.95,0.16434517875905919,1.399878010016924,2661,0,11.559800824356135,26419,20.322212634011496,1355,13,3.6211911886199064,143096,0,8893,17161,25083,144451,70,9
31928,FIRST SENTINEL BANK,396653,347603,861,0.870618154056944,9.27,0.6265212228028375,0.22815912144872216,1246,0,9.422331806974286,37450,12.917347231007929,3595,464,4.0559035104869645,331548,0,9345,61873,37227,335143,748,229
31936,FAYETTE SAVINGS BANK SSB,472670,427635,1787,1.5428997579236041,16.94,0,0.0071931791736306525,1226,0,10.65495608531995,48829,17.73435274005129,3081,0,3.228682799703815,364427,0,5007,57294,43517,367508,0,0
31945,TRUSTCO BANK,6337626,5496683,14435,0.9181822345254331,8.82,-0.020205789702761476,0.32901909958082093,6421,0,10.536866720173755,658910,19.91273731110052,50606,300,2.662848848559845,5065536,0,3344,136123,659331,5116142,124,382
31972,FIRST WESTERN FSB,60535,40152,256,1.6417360075673768,9.66,0,0.01321549516808458,483,0,16.88596143163241,10639,0,389,0,4.62446650205223,55617,0,0,1219,10639,56006,0,0
31994,SLOVENIAN S&LA FRANKLIN-CONE,176908,159806,-45,-0.10291771728503062,-1.64,0.021594871218085704,0.3662920840210731,2691,637,10.358361970875906,18025,0,178,-13,1.8784362564928163,111488,0,722,750,11341,111666,7,1
31999,MADISON COUNTY BANK,605472,478299,1512,0.9852922968649197,6.96,0,0.11330003699593044,2814,0,14.442173115086767,87111,18.988983689344114,6376,3,2.386299314175892,452113,0,2032,31928,87531,458489,0,0
32018,ANGELINA SAVINGS BANK SSB,80824,71904,208,1.0344656089918933,9.89,-0.053453068206115034,0.15094526378303474,18,0,10.659270642029908,8532,28.307389912183368,620,0,4.962663949754317,37302,0,5955,5838,8532,37922,2,7
32025,UNITED BANK,291462,245443,499,0.6871976726171007,6.76,-0.03944392286247835,0.22095504731320034,226,0,10.501707949379103,30098,14.209101434554118,3595,60,3.9016824217235317,239528,0,18334,53717,29831,243123,20,44
32082,VIKING BANK NATIONAL ASSN,279840,231616,980,1.3960611132875103,11.19,0,1.0141509433962264,1344,952,9.40456400181351,24892,0,2895,87,3.6803786874751623,227106,0,5733,92014,35324,230001,0,0
32084,GRAND SAVINGS BANK,938504,828428,4909,2.0689815039206967,18.97,-0.0016243687804442244,0.9742100193499442,1478,0,11.216127124374903,105819,0,7741,220,4.889760902146733,736186,1303,25293,209574,104323,743927,21,24
32135,SHELBY SAVINGS BANK SSB,409684,318060,1809,1.7484764864224858,15.64,0.05725010815716456,0.2704523486394392,4671,639,12.324758106535384,50620,15.70079593427385,3523,310,4.840947041672555,315399,0,9201,28021,46795,318922,201,157
32172,PACIFIC PREMIER BANK NA,18080513,14721298,41069,0.9131285801447006,5.18,-0.011399669633918138,0.15316490190294932,652,0,13.619732373094243,2339590,20.06680222466076,174967,-3718,3.225164249501946,11850914,0,500,4411673,3192855,12025881,468,811
32188,USAA FEDERAL SAVINGS BANK,110780000,97291000,40000,0.14545388430052592,3.88,2.1871448983495156,0.44773424805921647,327000,0,8.436300879431583,9190000,17.631663283837195,1784000,300000,4.577318173579508,41958000,16727000,6975000,0,4322000,43742000,298000,55000
32203,SUMMIT STATE BANK,1063363,957065,2494,0.9365126824901888,10.67,-0.22500382650171544,2.0579990088050835,1153,0,9.44562913913553,99796,12.433600730645956,13625,-628,3.1911368721387343,877354,0,100,664862,95341,890979,0,509
32232,STERLING BANK&TRUST FSB,2298402,1982584,-37161,-6.29365965995083,-48.27,0,0.4336056094625744,7577,25,12.086699351945256,288042,0,20978,-43,2.8505070308795393,719895,0,0,171943,292444,740873,0,0
32242,LIBERTY SAVINGS BANK FSB,1212048,1035277,781,0.258512864200892,4.25,0.04302208900608337,0.9266134674534342,6616,0,8.43378260009607,104468,18.068844272073488,7723,171,1.5260106537645888,827100,0,42823,373,74829,834823,193,102
32245,DOLLAR BANK FSB,11742879,9826174,13902,0.47563223043016456,4.76,0.10435270954618325,0.5396206500978168,58556,1033,11.074622802559901,1300176,16.897975193686527,79426,2667,3.0600764662881623,9113013,71543,89504,1562859,1188394,9192439,3053,656
32257,ABACUS FEDERAL SAVINGS BANK,325440,263557,382,0.4736794789525731,2.74,0,0.4135939036381514,957,0,15.914433103535314,50440,33.18541556044401,2989,0,4.35547763269772,251683,52,3,25118,55969,254672,0,0
32277,EASTERN INTERNATIONAL BANK,116566,89169,35,0.11430204314902129,0.66,0,0,0,0,19.314663062631514,22580,0,1300,10,3.554938613827865,83181,0,0,58750,21168,84481,0,0
32282,MALAGA BANK FSB,1380739,941413,5603,1.6048124323556023,10,0,0,0,0,16.2063647733359,225731,28.62777825597192,3730,-44,3.3308162203933156,1222095,0,26,38714,225731,1225825,0,0
32286,COMMUNITY SAVINGS BANK,91963,72437,57,0.2468414043976745,1.49,-0.015505278255139353,0.1935561040853387,127,0,16.840334310213827,15515,0,364,0,3.3282887278962843,77438,0,3143,10987,15357,77802,0,3
32292,WOODSFIELD SAVINGS BANK,113766,104392,106,0.3803185167577846,4.87,0.2933404139640152,0.45532057029340933,1137,0,8.660012971103265,9614,15.544945915703096,738,66,3.8094148601498596,78641,0,3262,8237,8832,79379,67,9
32293,MIAMI SAVINGS BANK,134038,104603,138,0.4070271167069147,1.98,0,0.43495128247213477,1335,95,20.93024999063004,27922,0,1355,186,3.5730728820295683,97078,0,75,23183,27922,98433,0,0
32296,UNION SAVINGS BANK,3910615,3428956,10502,1.0751522682352368,10.54,-0.0034746120233737155,0.37971009674948825,5048,92,10.501679704781546,399978,0,28665,0,2.3905848847698263,3437336,0,5954,223763,399978,3466001,4,34
32306,NEW FOUNDATION SAVINGS BANK,19016,15583,-17,-0.35057871265434487,-2.48,0,0,184,0,14.057590274558285,2729,0,86,0,3.3348254252461955,15754,0,50,442,2744,15840,0,0
32307,GALION BUILDING&LOAN BANK,77248,62518,56,0.2891050006130575,2.7,-0.00716492767901124,0.20194697597348799,236,0,10.881682779572868,8453,0,347,5,3.257996655698797,55101,0,5761,2935,8321,55448,0,1
32348,TAYLORSVILLE SB SSB,195511,180705,307,0.6497062301430888,9.82,-0.0026897808501052376,0.5089227716087585,1044,125,8.294305951150656,16453,15.756887651013853,1311,21,2.9334955508084937,150166,0,820,10340,12732,151477,0,1
32360,EASTERN SAVINGS BANK FSB,411148,283346,2070,2.025041546368682,8.36,-0.0039092149970518,4.146195530563204,2363,2777,23.8253943630564,98295,0,3691,-210,5.523188800637089,302682,0,3,100658,98295,306373,0,3
32363,PRESIDENTIAL BANK FSB,956132,847723,701,0.2905214777638135,3.24,0.22558784736435167,0.9839645571950316,3219,0,9.58371444889616,89270,13.769631596974612,7676,742,3.169950343508084,762144,0,11061,263933,87265,769820,591,157
32441,UNITED MIDWEST SB NA,488725,399185,2616,2.1376980726192216,15.44,0.9921996087100136,1.4382321346360427,2643,0,13.586938470480778,65451,20.705786606628372,8421,884,4.447576959092848,315629,0,51237,79343,69112,324050,1402,621
32459,HOMELAND FSB,594463,514541,1481,1.0097153570819841,11,0.8369076263207449,1.7198715479348587,6117,3259,9.430332947821455,54713,0,6191,400,3.5555651794970347,513947,0,29067,149563,54758,520138,1185,105
32489,HOMESTREET BANK,7798917,6106400,1067,0.05361825548332404,0.71,-0.00019414406492695248,0.8971117400018489,5913,4182,8.461999743035811,681006,13.396556346717583,39634,1000,1.9123177128641713,6065101,0,2036,815897,608507,6104735,60,63
32526,AMERICAN SAVINGS BANK FSB,9162762,8239631,-87214,-3.7808769923096217,-61.72,0.10208305023629256,0.14544740985305524,9505,0,7.8427512661762275,744617,13.47406749723564,64554,2379,3.181954330651577,6008653,0,216180,1273134,583975,6073207,3130,1574
32527,BAYVANGUARD BANK,914177,694727,2241,0.986011701464168,4.83,-0.008064890105791197,0.5431114543463683,2704,0,19.387662711476015,173443,25.316467991047453,8888,296,4.251726163718572,741283,0,15771,384826,186450,750171,5,20
32532,SOUTH GEORGIA BANK,238999,213821,1067,1.8246295057297555,21.44,0,0.6364043364198176,2057,164,11.433332611941914,26415,21.62241319511349,2923,50,4.079576246953254,117225,0,4385,40619,20449,120148,0,0
32541,FLAGSTAR BANK NATIONAL ASSN,97568113,74441023,-76204,-0.3084083278666577,-3.55,0.6746229987849258,3.6008659919455446,1042500,0,8.909482980090305,8857298,14.615256968533982,1168000,78839,1.866813611626611,65955874,0,134695,8650963,8602768,67123874,124247,9312
32551,LENDINGCLUB BANK NA,10343576,9018229,12034,0.46256412316298307,4.14,3.397447955679634,0.6004403119385404,55764,214,10.381225562683557,1060486,16.974068002472688,244193,58149,6.074305244970166,5490352,0,4731832,300457,1150642,5734545,66576,17653
32574,XD BANK,6333936,3814385,9046,0.5586612017175466,3.19,-0.01379382726230012,0.8268160587666185,5288,0,17.03078472689899,1161257,245.64144113809502,14136,-3052,1.865156568482975,372470,0,2395,111162,1167496,386606,52,75
32612,NATIONAL COOP BANK N A,3912854,3360769,11166,1.1621305310091417,10.94,0.01013283555230369,1.2654957225595433,20638,27786,10.677465667480766,414324,14.437222656674024,26549,-165,3.2050637985079495,3053525,0,98,299818,413820,3080074,186,109
32629,FIRST SAVINGS BANK,1489118,1216547,8510,2.3229517045784123,13.32,5.144316435697848,0.40198291874787623,11013,86,18.020964739625494,263136,25.217213580106733,70919,12184,8.313578943558527,1035999,177283,7748,503490,260254,1106918,15304,1042
32647,NORTHWEST BANK,2909774,2536769,5273,0.7258004296578875,8.01,0,0.4923406422629386,3673,5903,9.774997907173589,283746,12.913869039178088,29413,525,2.9143432318567966,2258908,0,6401,601243,267753,2288321,0,0
32718,HELM BANK USA,1065367,958274,2238,0.8626064165506342,9.67,-0.017194473630042714,0.8245046073324966,9734,0,11.698206613451664,129494,31.998538077619536,10830,-2,4.055712280984717,595880,1405,123,3418,95933,606710,34,60
32773,EASTERN BANK,24985090,20970665,-214466,-3.394993901299796,-25.12,0.25190366018236576,0.39710083093556997,61397,0,10.988209931660762,2697753,14.343367801767409,224310,6480,3.34192256549319,17699475,0,183700,4727904,3411439,17923785,12487,1245
32779,BANK OF MARIN,3783907,3307886,5169,0.5524721632961928,4.82,0.15877582873765517,0.8700266682029976,5965,0,10.458930226281472,385191,16.45429406746279,29906,75,2.934026834798768,2043642,0,19038,1321075,433514,2073548,825,0
32908,TUSTIN COMMUNITY BANK,81836,67738,146,0.724610707860289,5.12,0.2521352705726622,0.015885429395376117,34,0,14.19821204944762,11451,0,2170,40,5.700975275959552,60134,0,75,13469,11451,62304,48,8
32912,WHITAKER BANK,1927178,1631326,5945,1.2469275793585768,11.57,0.01072045955036606,0.07477254306556011,5020,298,13.158769162608863,256616,0,15180,80,3.905896753154815,992902,3988,15461,325072,212167,1008082,111,84
32941,WESTSTAR BANK,3149142,2795803,13754,1.731457860074689,17.32,0.041992445715833986,0.12790785553652392,407,1,11.216450518224683,352375,13.9586100574903,26168,300,3.2429140764023834,2272953,0,1042,1066490,326694,2299121,260,19
32961,BLACKROCK INSTL TR CO NA,4555690,0,113865,9.783944865689868,12.16,0,0,0,0,61.21116657677075,854544,181.52482770695732,0,-2057,5.421297519712112,0,0,0,0,3695059,0,0,0
32968,BANK47,71276,61821,-774,-4.271788397458452,-35.03,-0.04139858209856312,0.665020483753297,160,0,17.067584546120827,13041,34.91060140870508,964,120,3.477637100534414,29688,0,9033,7423,8684,30652,0,3
32974,GULF COAST BANK&TRUST CO,3418101,2967225,9984,1.1764108070370787,14.63,0.2869806091894512,1.7525520749679429,10452,7352,8.457132818609493,287883,11.630389975035602,49419,2733,6.954219863819685,2386038,3400,13926,476829,279349,2435457,3367,1630
32992,MORGAN STANLEY BANK NA,234481000,187089000,1116000,1.9192034273946512,19.6,0.10305467498571796,0.34373787215168816,44000,0,10.076311633017443,23477000,21.406346356230134,563000,68000,1.9617381459894043,93022000,0,0,8108000,23458000,93585000,31000,8000
33005,FCB BANKS,2510982,2080369,8852,1.4294408374469254,18.22,0.002922161700426766,0.32497246097343585,11225,3175,8.273949224678828,205952,13.422971632989045,20384,300,2.8200686081934214,1910818,0,12777,277099,198752,1931202,36,22
33009,COUNTY BANK,656866,535814,3909,2.4789732776320066,22.08,0.026365253232764542,0.022531231636285023,586,5,13.126312136586254,83594,17.010104055537518,4225,165,4.7870463321124745,462789,192,61669,213813,73153,467014,70,40
33010,FIRST PEOPLES BANK,376106,329423,1242,1.29907825063738,13.65,0.054792980878654626,0.18930833328901958,222,0,10.59433645092376,40020,14.673003457956149,4341,150,4.407321252659377,283047,0,2171,85199,37274,287388,39,0
33013,ASIAN PACIFIC NATIONAL BANK,55491,43763,51,0.36674157303370786,1.91,0,0,601,0,19.73124218990528,10895,0,582,0,2.961496585172721,27811,0,0,26736,10730,28393,0,0
33026,SURETY BANK,213148,193416,1010,1.9918501773683417,20.74,-0.005647803004631199,0.1459080075815865,0,0,13.284833067047222,25693,27.04559902323845,1110,0,3.3337361353707795,68333,0,173,39543,19496,69443,0,1
33103,GATEWAY BANK FSB,257601,230261,-958,-1.4918284241589,-15.76,0,0.8874189152992419,4147,0,10.585669185879652,27663,0,2559,90,2.015289382959834,185403,0,0,27672,23975,187962,0,0
33111,COLORADO FSB,2224256,1325031,738,0.12998089474585697,1.22,0.0406734500401559,0.21121669448121078,4902,0,10.500326663979708,243331,16.185170649227437,13534,-9,1.3300390673020814,1588921,0,0,15123,241146,1602455,171,4
33119,HERITAGE BANK INC,1821131,1686685,4121,0.8903429067881086,15.53,0.08618906731487307,0.13727732930799597,1746,21,8.521191121468078,156359,11.842459798276096,12691,982,3.2132375063440946,1150376,847,1871,502122,108798,1163067,431,182
33124,GOLDMAN SACHS BANK USA,598460000,407086000,2335000,1.6108489122026979,14.51,0.877096360203802,0.42275172943889316,590000,437000,10.905419050824639,64476000,17.788075455282083,3744000,304000,1.9195743415051623,196998000,20355000,9393000,6568000,65748000,200742000,468000,40000
33131,FIRST FARMERS&MERCHANTS NB,130341,110789,218,0.6535482347827064,6.89,0,0.1718568984433141,173,0,10.215167600008762,13991,13.56761800799338,1422,0,3.787605819337091,106621,0,1802,16644,12590,108043,0,0
33136,WOODLANDS BANK,613397,547218,1109,0.7306230884142877,10.96,0.00991529185886934,1.6382538551704688,6961,0,8.434112065733057,51734,12.139403246481287,5552,180,3.030281459546419,435146,0,2738,134514,41331,440698,11,0
33183,SOUND BANKING CO,52007,46236,238,1.9106874059207226,17.13,0,0.03268790739708116,250,17,11.68045437708359,5676,16.03970197467827,634,0,5.614672647776957,37635,0,16,10171,5676,38269,0,0
33188,SHINHAN BANK AMERICA,1821024,1578449,-186,-0.04178149792847446,-0.38,0.008701329820281285,0.6260214033422953,1259,0,10.591174096231082,189184,15.500724029591714,11183,-189,3.1968652979119447,1540940,730,118,899279,194406,1552123,49,16
33204,PREMIER BANK MINNESOTA,686128,607716,2823,1.65698915737435,16.38,0.0007086544423775357,0.6064466105449712,0,4000,10.81313432135134,73706,14.508745073419762,7036,62,3.935963515870993,561408,0,467,269881,70817,568444,1,0
33216,NORTHRIM BANK,3128582,2781277,14036,1.8234059406840954,20.96,-0.005849381857970126,0.3859575999606211,792,0,7.587722128195329,229315,10.09864409644664,24617,-1409,5.197895760663759,2358500,0,4557,961434,274592,2383117,50,84
33239,TRUST CO OF TOLEDO NA,6770,0,1705,111.72086165943156,134.86,0,0,0,0,97.42404227212683,5900,190.56847545219637,0,0,3.1102238100241673,0,0,0,0,5870,0,0,0
33306,CIBC BANK USA,61303250,48857202,194651,1.2678751297922688,7.59,0.1148533185998675,1.2272970845754507,220192,0,13.298472161907052,7595947,18.174806905850616,539458,27014,2.971320592419425,36471823,0,23037,10232605,10381141,37011281,13739,3223
33380,ENTERPRISE BANK,535976,424739,919,0.6934069748140099,6.6,0,0,0,0,10.896595800529926,57287,12.938250435920692,4847,90,2.6491194446219044,445216,0,2026,244169,56063,450063,0,0
33418,LEDYARD NATIONAL BANK,974770,799352,1443,0.599734421139911,8.24,0.012117264830396159,0.12628620084737938,526,0,8.454602540437117,80245,12.45162425237481,4177,488,2.5748879079259455,604485,0,4528,156815,70425,608662,19,1
33440,CITIZENS FIRST BANK,4083501,3472637,11460,1.1359212546874717,10.84,-0.0027504231640638876,0.04660216809056738,950,0,12.85404862834984,532984,20.52143435779589,23157,0,2.709595121546503,1297021,0,4306,318306,439277,1320178,0,9
33450,ARBOR BANK,616500,558151,1323,0.865516243149223,9.55,0.01556801861935027,0.3917274939172749,6474,1446,9.294955572476203,57252,12.79264606536332,5428,50,4.017474075194256,511655,0,921,116219,55532,517083,23,3
33457,OAK VALLEY COMMUNITY BANK,1924135,1713777,5497,1.149810569911338,12.02,0.0043752466773191775,0,2,0,10.67080794865197,206101,15.54998977204125,11448,274,4.046350231020533,1077740,0,208,737007,183105,1089188,16,4
33470,TODAYS BANK,345213,296131,557,0.6542540461413546,9.63,0.0016697173794620588,1.1062735180888321,802,0,8.981373740756888,31106,13.996607280415649,2927,0,3.5111785100773343,235730,0,2277,71334,23779,238657,3,2
33492,CRESCENT BANK,1058467,934222,5567,2.043430702482069,21.07,11.438956046048075,2.307204664859651,165115,11407,10.9385431959345,121076,14.021710657292244,93923,9600,13.956860092443366,844680,0,4194,11130,109168,938603,36048,8258
33497,CHARLES SCHWAB PREMIER BK SS,25262000,22876000,87000,1.3453434878416515,15.49,0,0,0,0,13.65296975631803,3625000,61.67063627084042,0,0,2.117238110285985,1758000,0,0,0,2334000,1758000,0,0
33503,UNITY BANK,2759008,2175499,11703,1.7320896319013523,15.45,0.08593076801057903,0.6927489880420789,36882,1123,12.047556266553295,308316,15.231338221050073,27651,1317,4.339562080897885,2318925,0,1430,1202405,308093,2346576,532,37
33506,FIRST NB OF COFFEE COUNTY,502904,457010,1837,1.459566936875915,17.59,-0.0031646696282699935,0,289,0,8.229483619462018,42706,19.267014823376556,3237,131,3.62323234646532,247211,0,4071,111532,41697,250448,0,2
33539,PREFERRED BANK,7100798,6078374,30024,1.712604791802496,15.58,-0.006868255269328098,1.3031211421589517,49677,0,11.520760829179794,799687,15.150117665202092,72274,700,3.690477119533663,5572488,0,0,2292823,778604,5644762,0,97
33552,BOONE BANK&TRUST CO,175514,163484,220,0.5297710245350206,8.18,0,0.001139510238499493,458,0,9.170492916227467,15399,13.04585758926447,945,8,2.212622749077027,72722,0,7,16150,11189,73667,0,0
33555,SOUTHSTATE BANK NA,65108690,53444278,108622,0.7795015603782749,5.64,0.43163809641341716,0.4295018069016594,139376,3810,9.924255890483273,6104593,13.480834073640565,623690,100562,4.521943919500077,46500960,38401,720284,20471191,9248706,47124650,46851,2982
33565,DESJARDINS BANK NA,335576,245701,1323,1.5349296563085986,8.6,0,0.025329582568479274,545,0,18.35448079322888,62216,0,2771,4,4.409658064650071,267646,0,2929,468,62216,270417,0,0
33568,UNITED BANK OF PHILADELPHIA,53708,44334,-101,-0.7552601815241674,-4.49,0.0651911731151602,6.553958441945334,593,101,16.63669564894978,8974,35.65003128911139,141,5,5.935172373185739,29944,25,228,18056,8968,30085,9,4
33645,LEE BANK,560062,483842,588,0.4222249748226816,5.5,-0.08348410222434169,0.561366420146341,3924,0,8.987717250463147,50358,14.955449124674224,4013,54,3.1789836805094867,407896,0,3716,108476,43635,411909,4,90
33646,BANK OF EAST ASIA LTD,3818887,3009233,,0,,0,0,0,0,0,,0,,,0,2617167,,,404277,,2617167,,
33648,BANK OF INDIA,7723954,5653184,,0,,0,0,0,0,0,,0,,,0,5130336,,,0,,5130336,,
33649,INDUSTRIAL BANK OF KOREA,544017,5422,,0,,0,0,0,0,0,,0,,,0,498449,,,97309,,498449,,
33653,BANK OF CHINA,42330913,18505243,,0,,0,0,0,0,0,,0,,,0,15362615,,,2645051,,15362615,,
33656,METROPOLITAN BANK&TRUST CO,35620,8682,,0,,0,0,0,0,0,,0,,,0,5311,,,3811,,5311,,
33661,MIZRAHI TEFAHOT BANK LTD,8428578,2800884,,0,,0,0,2883,0,0,,0,,,0,2078349,,,389905,,2078349,,
33664,STATE BANK OF INDIA,3864986,2944704,,0,,0,0,0,0,0,,0,,,0,3691239,,,0,,3691239,,
33681,BANK OF BARODA,13567481,8679032,,0,,0,0,0,0,0,,0,,,0,8656796,,,0,,8656796,,
33682,STATE BANK OF INDIA,21608100,12749471,,0,,0,0,0,0,0,,0,,,0,13744185,,,21969,,13744185,,
33684,ALLIED IRISH BANKS,1588601,0,,0,,0,0,0,0,0,,0,,,0,1187679,,,0,,1187679,,
33686,BANK HAPOALIM B M,9382595,7035981,,0,,0,0,155192,43165,0,,0,,,0,7196550,,,1698868,,7196550,,
33690,BANCO BILBAO VIZCAYA SA,27920230,9200030,,0,,0,0,0,0,0,,0,,,0,21086066,,,242810,,21086066,,
33692,STANDARD CHARTERED BANK PLC,64084960,43584351,,0,,0,0,3723,0,0,,0,,,0,23197824,,,1305718,,23197824,,
33693,MASHREQBANK PSC,5299478,3141961,,0,,0,0,0,0,0,,0,,,0,2166719,,,89369,,2166719,,
33708,INTERNATIONAL BK OF CHICAGO,993844,879686,1736,0.7057416207157118,6.93,0.0634727529984264,0.71057429536225,462,0,11.341960449280096,112844,18.658690758841846,13382,300,2.832446677132174,772683,0,94,363630,101536,786065,149,23
33739,CITIZENS COMMUNITY BANK,346768,303197,1614,1.8595782248459352,16.87,0.0018866545134671757,0.16062612467124995,2563,437,13.723798894402952,47095,0,3286,0,3.9565505748169985,207163,0,4097,26916,39274,210449,4,3
33753,CITIZENS COMMUNITY BANK,506768,426489,1034,0.8152524749791801,9.12,0.05521289657026204,0.6028399583241246,9259,1155,10.75889306274167,54647,0,5020,150,2.5955805701198065,270954,0,1854,84054,46538,275974,39,1
33758,STARION BANK,2177523,1831517,4043,0.7713527266951623,11.33,-0.021101515599872403,0.17873519590837847,12120,1030,9.096428731674207,190570,14.940841792202756,16498,270,2.2831708262826123,1195740,320,8184,354519,148104,1212238,88,152
33761,VILLAGE BANK,400021,365451,750,0.7484086960101085,12.86,0.1218786315580624,1.140440126893338,77,0,8.755737876942824,35879,13.66358418698301,3754,103,3.3269610587129415,279917,0,144,129026,24366,283671,100,14
33785,STIFEL TRUST CO NA,920774,851739,7015,3.0740628955897713,50.61,0,0,0,0,8.995528331307264,83766,39.623658965771696,0,0,4.113255798700705,0,0,0,0,61598,0,0,0
33794,FIRST CMTY BANK OF E TN,208852,179909,466,0.9213150487224415,9.17,0.23093438216031897,0.07708808151226706,2489,0,10.700580098170459,21582,0,1621,13,3.808687833179901,134916,0,2154,34702,20656,136537,86,6
33802,TIOGA-FRANKLIN SAVINGS BANK,67247,62411,-420,-2.4330724056279283,-40.22,0,6.403259624964683,1901,411,4.401774267230581,2987,7.83197414986921,1196,0,2.8942394099965916,52512,0,34,16770,3968,53708,0,0
33803,WHEATON B&T NA,3756973,3173334,12791,1.3795238156867313,14.88,0.1472632454357401,0.3930291753494103,26180,1073,9.280525697881362,335562,11.593293364703712,22870,2269,3.1699056956764426,2675181,0,558505,371346,353230,2698051,1399,418
33805,COMMUNITY BANK OF ELMHURST,191493,182319,231,0.491145820875292,11.42,-0.010257900720617526,0.05326565461922891,2022,0,10.058629236518259,18546,14.830406102891114,2011,17,3.576696691213184,116380,0,265,48355,8756,118391,0,3
33812,AMERICAN NB FOX CITIES,417359,355914,1210,1.1789278820097797,10.26,0.10846354608005965,0.07667260080649992,0,0,13.220551529547947,54821,0,3220,60,2.997078747858541,316627,0,153,167925,48257,319847,84,0
33818,PRIORITY BANK,132439,107774,735,2.2489787800437555,20.74,0.012082645293809658,3.0716027756174538,2046,0,11.044525723958648,14615,0,1235,0,4.4385327916981225,99539,0,542,14095,14555,100774,4,1
33823,CAPITAL COMMUNITY BANK,1139621,954060,11983,4.30016655385144,31.14,4.365004703668862,2.412995197526195,14000,793,13.913579297412909,151963,17.282066191791444,30293,11620,15.20895868573852,861968,5,138049,345317,153485,892261,10528,929
33831,FDS BANK,95990,7000,113047,416.79578584497403,1305.52,0.5215123859191656,0.010417751849150954,8,10,27.079152185618483,27660,52.326592326592326,26,26,5.516078525834036,1185,374,0,0,27660,1211,1,0
33849,HINSDALE B&T CO NA,5676855,4617041,20751,1.4964333418848275,14.19,0.06377917804344164,0.10595655517007214,27312,639,9.295600831077344,507978,11.304488621708279,27862,-8,3.28810084323569,4234064,0,481330,589561,586685,4261926,1069,405
33851,BANK OF MILAN,112085,102656,295,1.0725127701732382,22.9,0,0,0,0,7.857694579490208,8647,15.882763683239935,224,0,3.012774849218787,56992,0,490,17469,5481,57216,0,0
33855,CREDIT FIRST NATIONAL ASSN,40176,500,2047,20.945461987107336,21.78,0,0,0,0,100.38734499701043,38616,409.02446774706067,0,0,-0.04275902616317913,0,0,0,0,38616,0,0,0
33860,NATIONAL BANK OF INPOLIS,3123192,2895674,8874,1.1665406332170276,18.18,0.028208876815636535,0.15372093678518642,1620,82,8.47545219638243,258956,12.861015812523258,23955,-186,3.0523015859844294,1783174,1608,3590,566067,201445,1807129,163,35
33867,QUAD CITY BANK&TRUST CO,2761422,2397051,8543,1.282061623523272,11.97,0.46218839751625085,0.6707413788982632,26163,6,11.564175932857815,302140,13.978399504281303,29476,1413,2.9657975417990894,2011705,0,2358,335679,289980,2041181,2888,525
33879,RAYMOND JAMES TRUST NA,75087,0,3166,16.759414267470405,20.14,0,0,0,0,75.67544459644323,61957,228.21939001031382,0,0,3.8648936082508225,0,0,0,0,61956,0,0,0
33893,RAYMOND JAMES BANK,41906621,37925051,141788,1.3642059643312212,19.08,0.08710277575377107,0.4047188629214462,4049,0,8.103798238136644,3416738,15.365530562069324,399920,9174,3.0050267662030468,33117749,0,561700,2390922,3004652,33517669,8190,973
33905,HERITAGE BANK OF COMMERCE,5512160,4702210,12810,0.918789514538804,7.19,0.11055271488540754,0.1145104641374706,7339,268,10.15888194940251,547101,15.384263637967724,48262,289,3.456340414875978,3440520,0,1397,1985729,715605,3488782,1038,73
33922,FRONTIER BANK,338230,301450,359,0.43098532368918635,7.02,-0.001820126043728528,0,207,0,8.94320480690842,29619,12.18720580643202,2486,50,2.496267819710553,222649,0,825,55466,20747,225135,0,1
33926,CHARLEVOIX STATE BANK,236885,211837,1113,1.8724055701121678,20.45,0.022732808313712757,0.0899170483567976,892,4,10.59124992123669,25213,20.016903262479243,1514,0,3.8822294498301857,121653,585,4634,37265,22281,123167,7,0
33928,PATRIOT BANK NATIONAL ASSN,956552,872000,-1835,-0.7457091246756572,-13.03,0.751376571802084,3.3762931863610133,3284,0,9.227822545522118,95345,14.13500121378286,6729,733,2.035911892421908,688294,0,25702,335157,78379,695023,1670,338
33935,WINTRUST BANK NATIONAL ASSN,9641519,8356958,46527,1.9510593450886682,17.29,0.2679106422362304,0.45044769397851103,59323,416,11.050381191631537,1043881,12.680499591002592,76791,851,3.8636119897010857,7683245,0,612663,1623456,1077306,7760036,5622,384
33947,TD BANK USA NATIONAL ASSN,34737458,28325155,112710,1.2835600313573112,10.3,6.184114627664642,0.6026808294377787,199020,208418,12.77683864121513,4415690,35.296205007388245,914852,121626,6.436284204294293,8051792,8745553,0,36902,4449250,8966644,182744,35890
33959,NATBANK NATIONAL ASSN,231481,182620,127,0.21837017613618045,1.14,-0.0020686213414492245,0.23760049420902796,1057,120,19.495179560292442,44851,37.33097373607369,1421,30,4.024397576275829,192327,0,65,493,44503,193748,0,1
33962,SYNOVUS TRUST CO NA,153090,0,5035,13.042140879729313,13.5,0,0,0,0,98.69214992717653,132812,119.93786912781982,0,0,1.291940997086721,0,0,0,0,150543,0,0,0
34010,EVERTRUST BANK,963184,698944,2753,1.1533051744777292,4.53,0,0.23941427598465093,4713,0,23.43480517186172,212242,0,9928,0,3.6991753448828546,709749,0,0,266676,244756,719677,0,0
34011,VILLAGE B&T NA,3110520,2565787,13648,1.7579847065120016,17.29,0.031213161712423956,0.3666268019495133,22054,553,9.940038182795499,300314,12.184324791883116,23076,2163,3.682817511046084,2424100,0,489532,320522,324043,2447176,340,148
34014,TEXAS NATIONAL BANK,140184,132163,69,0.1950130361975284,4.13,-0.021969572142582522,0,15,0,10.33806338355964,15547,28.674159697437812,597,-51,2.46795808779407,34328,0,910,3559,7246,34925,0,2
34020,COMMUNITY BANK,177179,151402,958,2.1705883019338175,19.48,0,0.0016932029190818325,0,0,11.050520528189644,19616,0,1419,0,4.635088683749703,129078,0,1046,41187,19599,130497,0,0
34023,TNBANK,297419,257794,815,1.1131541701452734,13.61,0,1.0581032146567637,181,0,10.493481027321597,31252,13.152581482549754,2453,-103,4.091153643520819,215284,0,794,78132,24195,217737,0,0
34038,TIME BANK,703979,600169,3287,1.8591339784024854,15.33,0,0.27813329658981306,4261,0,10.377426425898776,72054,0,8342,210,4.135439093057918,458763,0,646,89602,86840,467105,0,0
34040,FIRST AMERICAN STATE BANK,296121,202854,185,0.2509291159156878,3.01,-0.04530919989144671,0.8101418001425094,1363,3,8.37813079663962,25700,14.54570843418358,2018,148,2.7116686270504795,209177,0,59,98991,24646,211195,0,24
34047,FIRST COMMUNITY BANK,2038509,1730111,4693,0.9396415927055141,11.97,-0.0038566049984814616,0.032229438280625695,1732,6,8.45061265467565,167673,13.9872608720077,13608,437,3.133125488347948,1245424,0,5981,670264,159649,1259032,9,21
34052,BAY BANK,307771,269097,774,1.0566625028157188,12.87,0.06558848404301224,1.222012470310718,2736,0,10.024523313650871,30372,22.774998937270627,2460,587,4.043183548425562,115892,487,1123,33608,25755,118352,45,26
34056,DEUTSCHE BANK TRUST CO NA,161350,0,2864,7.12701528239616,7.8,0,0,0,0,91.6186701730343,148414,0,0,0,5.566202377424347,0,0,0,0,148414,0,0,0
34057,PRIVATE TRUST CO NA,27378,0,1881,28.414433807284883,30.39,0,0,0,0,91.76547835155074,23759,767.1617694543106,0,0,4.217880709017984,0,0,0,0,25743,0,0,0
34058,LUSITANIA SAVINGS BANK,390318,328502,312,0.32339146433106164,2.19,0.003505005586102653,0.2403168698343402,227,0,15.501558211529472,60038,33.901070216653615,2578,25,2.0836413428709206,225443,0,120,11476,57439,228021,2,0
34065,UMB BANK&TRUST NATIONAL ASSN,3053,0,1,0.1310615989515072,0.13,0,0,0,0,100,3052,103.00371245359432,0,0,0,0,0,0,0,3052,0,0,0
34068,THOMASVILLE NATIONAL BANK,1899875,1642787,10503,2.2163505708242233,23.51,0.0030650470021765025,0.08890058556483979,1909,0,9.591511636644839,179971,12.922454262259295,33137,600,3.9943679827090834,1559701,0,7400,405073,183948,1592838,20,8
34069,WILMINGTON TRUST NA,709727,5688,8958,5.044320107103113,5.88,-0.48390999274135016,0.2364289367601909,475,0,86.50399281419955,615392,266.14262693814777,651,0,7.8503892385241745,31590,0,0,0,615391,32241,14,54
34073,LIBERTYVILLE B&T CO NA,2844878,2395555,11441,1.6480514827025536,18.61,0.019992016949195286,0.4636754194731725,18443,3089,9.462602233454433,265204,11.686547329221057,16756,745,3.413863816863065,2208633,0,348762,431796,251402,2225389,160,51
34074,CAPITOL BANK,640116,552345,853,0.537659824582967,5.49,-0.00323788323383588,0.1210718057352105,209,0,10.195899939772607,66531,14.07457093505431,5936,128,2.5684690633528118,486985,0,3538,173466,63037,492921,1,5
34108,PAN AMERICAN BANK&TRUST,486878,438310,777,0.6303160097832833,7.06,0.013870157983576246,0.24749526575446007,942,863,9.37139190478818,45859,12.691638021781754,5720,178,3.867527435961562,394601,0,17554,160309,43836,400321,27,13
34120,BANK OF ANN ARBOR,3244258,2700807,13549,1.6857475543580958,12.47,0.05938398541164845,0.2201427876574551,6131,14,11.889185714508308,373886,13.670597823079516,30186,1630,4.206215431984276,2531163,0,8703,1074265,437321,2561349,491,113
34146,PEOPLES BANK OF SENECA,479462,422497,1390,1.1656905406099538,13.32,0.0059663201229061946,0.21962115871539348,817,0,9.36268088920086,44817,0,5136,225,3.4618196429468324,398212,0,2399,123198,42329,403348,6,0
34147,BANK RHODE ISLAND,3403329,2467149,6826,0.7884099350508912,7.44,0.9660053710067904,0.09379052098695131,12615,1,8.984782872271314,297900,11.783370474845505,26682,1120,3.030222358914354,2810848,0,410,1192086,370593,2837530,7262,414
34148,BANK OF STAR VALLEY,403597,345652,2100,2.0990606703500183,20.1,0.11346375565031203,0.17195370629613205,1473,86,11.289131626438925,45102,18.86161896281885,2960,128,3.958569825571598,216445,0,12322,39057,42856,219405,64,2
34150,FIRST UNITED BANK&TRUST CO,584250,541905,1417,0.9792801392554327,21.22,0.001031838672023629,0.15318784766795035,145,0,8.610548020938653,51864,13.9953909481407,4372,61,3.3911410279259147,385693,0,3605,101082,28198,390065,1,0
34160,COMMUNITY BK CO FITZGERALD,279928,245678,1041,1.489614020401702,13.19,0.06802832333077137,0.4415421108284988,1216,0,10.942732874229794,30191,0,3669,30,3.9181122242792097,151328,0,10577,24731,31739,154997,28,2
34162,WEST POINTE BANK,361758,265105,1377,1.5520695669816078,8.6,-0.002685244080295511,0,525,0,18.56319093762795,65286,22.980392939861034,4940,0,3.7851002994484317,299667,0,121,112312,64768,304607,0,2
34171,EAGLE ROCK BANK,268231,212102,448,0.6764906293590137,6.85,0.003739077803198314,0.9394887242712437,0,0,10.667860907030704,27632,12.588024078572182,2088,150,3.519562138262216,216109,0,1239,67779,26544,218197,2,0
34193,APPLIED BANK,277124,233460,2382,3.554262373052066,22.88,0,0,0,0,15.94751046998604,42839,73.47206152589668,340,-20,4.834168680590166,57517,14,0,39661,42839,57857,0,0
34207,GREAT PLAINS NATIONAL BANK,1769451,1570557,5899,1.3499651295242225,13.48,0.07020046602959978,1.130802717905158,20778,1252,9.390334408423566,161704,12.289947616480767,16134,1199,5.126270248515947,1399254,0,21244,369418,176735,1415388,364,115
34211,PLATTE VALLEY BANK,1128711,955858,3024,1.0800091607919888,11.48,0.33305844605422696,0.9593243974764134,31533,7207,9.592403705984784,108245,0,9788,416,3.8750565000801167,875442,3175,10011,136011,106476,885230,950,220
34217,FIRST BANK,7933164,6466366,448,0.02250053944164384,0.16,0.04662070314989927,0.47988419248612535,10737,846,11.147970220770974,855189,14.69394067228105,56076,500,3.348475806619148,5326494,1790,23559,2556522,1102342,5382570,996,367
34221,MORGAN STANLEY PRIVATE BK NA,223785000,203572000,568000,1.0209148241595538,13.05,0,0.21315101548361148,130000,0,7.8769740193581255,17318000,27.038254938227297,374000,48000,1.719976620786871,149619000,0,459000,5601000,17746000,149993000,0,0
34229,CITIZENS BANK OF GEORGIA,582384,527758,2148,1.5096474590148812,17.06,0.01959604159959688,0,394,0,10.480910135229038,59578,18.816615230135408,3978,0,3.7275616720369906,279684,0,2157,140824,52335,283662,14,0
34233,MARINE BANK&TRUST CO,642569,595256,936,0.5811548434615036,8.7,0,0,247,0,9.325794249052773,60992,15.560183979866354,6890,0,2.868435633811488,439943,0,221,166050,43670,446833,0,0
34240,WOLF RIVER COMMUNITY BANK,340224,287278,1399,1.6650648798064764,14.57,0,0.04879138449962378,209,0,12.021246522146672,40398,0,4550,150,4.405693630299256,259845,0,330,108381,39017,264395,0,0
34252,PACIFIC COAST BANKERS BANK,1139353,453965,1835,0.6138894580794627,5.32,0,0,0,0,11.783839853455353,138822,27.15182676620359,3945,19,2.7981780213426797,433869,0,0,236488,137971,437814,0,0
34254,PLANTERS BANK INC,1866353,1585367,4979,1.0719551798294162,9.9,0.00542998885882643,0.15527609192901878,741,848,11.880834393480951,221147,13.95083183628837,19769,450,2.9703087291222263,1524724,0,6287,399141,204871,1544493,24,3
34259,CROWN BANK,661195,483811,5638,3.487358865340351,14.62,0,8.138143815364606,5200,0,23.761947268394685,154662,0,4050,-68,5.243083714436205,514885,0,61,407121,155840,518935,0,0
34294,CFG BANK,5425933,4749472,17005,1.2565856672013591,11.91,0.35649945170667174,5.148533901911432,125112,4966,10.88514709183,591194,13.18810391890344,57155,5472,4.153346403619566,3634505,0,251,1853664,582349,3691660,3416,139
34313,EAGLEMARK SAVINGS BANK,716698,516194,7302,4.058456333174699,22.51,0,0,4023,0,19.07921555389956,133391,19.900993492453065,158,4,6.098894546453261,652538,0,652696,0,133391,652696,0,0
34319,SOUTHWESTERN NATIONAL BANK,1267765,1100438,3637,1.1732291179854137,10.53,-0.04979407278169799,0.01688010001853656,2282,0,11.531232489435208,140555,14.42335448993593,12678,285,3.5502051275061675,1049003,0,379,770667,138834,1061681,0,130
34331,DSRM NATIONAL BANK,4194,500,23,2.1985900346516907,2.57,0,0,0,0,88.63972400197142,3597,173.26589595375722,0,0,2.4734108335394507,0,0,0,0,3597,0,0,0
34334,AMERICAN METRO BANK,109457,88308,203,0.7532118176336904,5.46,-0.04905157661800527,0,0,0,12.374150245245676,12942,17.230480517556423,1109,15,3.8551782096933245,89533,0,0,38093,14975,90642,0,11
34352,CITY FIRST BANK NA,1257047,848744,-2535,-0.7829453802940987,-4.93,0,0.06841430750003778,3999,0,14.778691756969167,186256,0,10259,1914,2.613632335306406,991587,0,125,174014,205242,1001846,0,0
34363,CORE BANK,1097368,908389,872,0.31797473431834394,3.82,-0.008758754192341199,0.24868594673801311,1796,0,8.680290419177968,95716,11.74077889061781,13431,0,2.628540498020806,946134,0,10503,283269,92046,959565,4,25
34383,TEXAS CAPITAL BANK,31102641,26559632,53307,0.6909045881883434,6.29,0.17482994031878313,0.30336973635132786,9127,791,10.703908069955169,3312614,13.089616839598794,278379,17000,3.231327595570024,22101405,0,10598,2559817,3178283,22379784,10697,900
34384,PREMIER BANK,710877,587906,3636,2.0886408611909735,21.17,-0.026469206387019502,0.4805332005396151,3908,472,9.54702503029738,65543,0,7095,0,3.650551971933733,606954,0,1282,48284,70263,614049,32,72
34386,SPRING VALLEY BANK,114312,67444,961,3.5009266891014987,10.12,0,0.6867170550773323,531,0,35.7880715742802,38421,0,468,36,5.919652690897037,95790,0,0,44597,38421,96258,0,0
34393,1ST EQUITY BANK,122102,87475,561,1.8370103556956328,10.84,0,0.7239848651127746,0,0,16.41472803902698,19785,25.097604472935846,1487,0,3.6489195418539553,84711,0,124,23184,20781,86198,0,0
34394,SECURITY NB OF SOUTH DAKOTA,250854,201347,1181,1.9018172741692634,16.03,0,0.001993191258660416,37,5,13.086413771942574,32414,0,2285,0,2.3539892751289213,141227,0,4741,37296,30291,143512,0,0
34395,BARRINGTON B&T CO NA,4541360,3470416,8436,0.7591265770003139,6.89,0.06730646222712934,4.055282998925432,48810,156858,10.848412265570538,469040,11.663459158093023,18517,3184,3.041755639907359,3486613,0,380335,329747,496840,3505130,706,122
34401,FORTIS BANK,1313584,1197137,1411,0.4317224187011382,5.48,0.016048772985329703,0.2815959999512784,8492,3699,8.537724165834643,110994,12.366475604075102,9640,-48,3.117207131531372,1053850,0,29092,452264,104338,1063490,43,1
34403,COASTAL COMMUNITY BANK,4335783,3836863,10477,0.991461338496465,9.47,5.456612009980392,1.3000419993343761,53127,36008,10.570664637402441,448956,13.419399574025032,183178,55781,7.871237386351322,3376313,571057,660086,936194,448964,3559491,53686,5486
34404,WEBBANK,2081177,1620427,21785,4.155605835493041,22.66,1.8657754097470873,1.1660709300554446,13410,4830,18.873974543632777,385778,19.37803547621909,21957,4425,16.490387596141403,1727614,70720,540889,4540,390436,1749571,8749,413
34407,NORTHSTAR BANK,206279,174528,665,1.2933780018768568,8.28,0.011584213612899023,0.0004847803217971776,220,1,9.8840382694308,19195,14.83961190936823,1280,0,3.126845076367794,134437,0,641,8341,30747,135717,4,0
34409,THE BANK,439088,366977,1610,1.4990584330183914,12.4,0.24031392587580197,0.5026327296578362,5590,387,12.479948668591595,53293,0,5233,388,4.955140401826281,313390,0,17779,39274,52618,318623,240,50
34415,FIRST COMMAND BANK,1077501,970586,5697,2.127319929761475,24.26,0.3442912520147201,0.03044080701549233,663,328,9.463349213925337,96954,17.330596115387774,4223,219,3.500135787689883,482801,20573,212458,77562,96807,487024,482,70
34422,AMERICAN BANK,1005824,811787,2504,1.005507401763252,9.57,-0.021637224878382814,0.35423692415372865,327,0,10.800254152377384,106068,13.08554313982349,8127,622,2.9218460541434745,812502,717,822,458079,105993,820629,5,49
34441,STATE BANK,87657,77117,129,0.6103186431055283,5.52,0,0,0,0,10.970665672545959,9417,0,877,43,4.445635391545126,73341,0,564,36564,9417,74218,0,0
34444,CUSTOMERS BANK,22416411,19133891,14953,0.2675432511742982,3.27,0.46096462150980905,0.32316948507055837,59462,14482,8.430376784001306,1890194,13.918171225734746,141076,29505,3.1791916755868366,14956892,60,911594,2473100,1829021,15097968,20763,3620
34455,FIRST NATIONAL BANK,93786,90542,225,0.9775064895569723,35.3,-0.040010002500625155,0,98,0,9.057443448657738,8833,20.749387647019883,839,-67,3.105636091048494,37669,0,1406,3063,2990,38508,17,21
34456,KEYSTONE BANK SSB,1016662,862270,2321,0.9489878161780753,9.64,0.0010290255963685687,0.017606638194404826,7536,0,9.748889890749192,94713,12.753592180112177,7256,173,3.482669078060573,777250,0,853,325173,97906,784506,2,0
34457,BANK OF JACKSON,213789,180438,209,0.38536888929863783,4.61,0.013205024511826749,0.021984292924331936,691,0,10.055020756602941,22332,18.077101718532283,1020,0,2.125269601123773,59760,0,1494,18673,18502,60780,2,0
34460,MILLENNIAL BANK,176456,161794,244,0.5618090712593791,7.28,0,1.3504783062066463,0,0,8.677593300523537,15481,10.794353545075392,1342,35,4.193524816453866,129184,0,183,65077,13628,130526,0,0
34465,WELLS FARGO DE TR CO NA,238535,0,2731,4.599772622005137,4.61,0,0,0,0,100.38680644508867,238246,492.45747121685025,0,0,4.461707864778865,0,0,0,0,238246,0,0,0
34478,CEDAR HILL NATIONAL BANK,15330,2000,165,4.291008386970939,5.88,0,0,0,0,72.61675028946352,11289,92.6847290640394,0,0,4.648408586232421,0,0,0,0,11326,0,0,0
34488,HIAWATHA BANK&TRUST CO,142475,115022,377,1.0542358188504075,10.24,-0.008113754842897423,0.19301631865239516,0,0,10.909467149508536,15816,0,1124,0,3.715124049007384,96757,0,337,17178,14760,97881,0,2
34489,EDISON NATIONAL BANK,441420,386140,643,0.5926704273126129,7.39,0.002552037642555228,0,0,0,9.032093995557796,38713,27.584729335428186,2291,0,3.25313420267481,154097,0,981,36865,35532,156388,1,0
34496,FIRST COMMERCIAL BANK USA,820130,626655,2230,1.0578176818020375,4.86,0,0.21179569092704817,2374,0,22.564969957500853,184771,32.35706013842881,10102,3,3.455374506696441,675797,0,0,285593,184812,685899,0,0
34507,PRINCIPAL BANK,8687582,8212813,23645,1.0820463535249536,23.66,-0.6052414984280777,0.11014572294108994,12435,0,7.404645871529017,692285,16.320022845176336,7231,-1743,2.547595100377633,2589621,0,72,0,417150,2596852,21,3809
34517,PEOPLES BANK OF EAST TN,428307,386632,1356,1.29233012553996,14.28,0.0630904875317424,0.21059660477181089,201,186,10.842993875260854,44737,0,3479,110,4.701975556948394,251996,0,7018,68718,38241,255475,67,27
34519,MERRICK BANK,8907169,6971341,46955,2.4085890011915345,12.12,12.71921833809273,2.653851072097094,205261,207523,24.327582306102602,1904305,32.18400405995379,972820,167438,15.448681054675312,4995171,3539813,2428178,0,1849398,5967991,218526,28983
34526,PRAIRIE COMMUNITY BANK,181239,163159,284,0.6469137770994801,8.47,0.11824504643581511,0.2985008745358339,77,0,8.76326173229779,15413,14.120611820859652,2307,-150,3.9961905932229422,118216,0,257,63300,13696,120523,552,516
34533,FIRST COMMUNITY BANK,3093546,2507946,8663,1.1433592397314367,15.1,0.5493646131026882,0.6703310699113574,36253,191,8.921114301172771,272227,11.251445694962866,21176,1752,3.8612447561765286,2513589,6852,137194,685777,232649,2534765,3727,276
34535,TCM BANK NATIONAL ASSN,358400,276682,-2176,-2.3598500150472974,-13.48,3.5672741372625048,0.8331473214285715,3976,2986,16.543105332167833,60561,19.03950344228778,11140,2790,6.448787703483476,303930,196579,0,0,63487,315070,3353,478
34548,NEIGHBORHOOD NATIONAL BANK,190837,157401,26,0.05693544943420398,0.46,-0.005821674823075664,0.8745683489050865,0,0,12.560631007475969,22581,0,1914,0,3.2256334149873944,143280,0,0,81276,22507,145194,0,2
34562,ENCORE BANK,3705306,2932232,1214,0.13052642387300337,1.73,0.3374668850728434,0.11054417637841518,5131,0,8.785111926082172,330193,11.734625175940936,40870,0,2.0016874823744866,2955624,0,2408,1296760,281394,2996494,2565,6
34566,ALLIANCE BANK,371931,312702,1212,1.2948147317225605,9.76,0.06131187417737125,0.1564806375376078,2958,53,14.18439523295023,52119,0,4109,0,4.180685719208962,292291,0,1381,87174,50510,296400,58,12
34585,PACIFIC CREST SAVINGS BANK,331165,259028,481,0.5939435661001462,5.8,0,0.3913457038032401,0,0,11.041152377518284,35826,16.294533227549206,3613,25,2.222886653131061,234563,0,53,57928,33048,238176,0,0
34588,U S BANK TRUST CO NA,2486515,0,82782,13.521193014736282,14.9,0,0,0,0,90.65471747326725,1810789,395.85798169790615,0,0,4.584421665735848,0,0,0,0,2263797,0,0,0
34589,ATLANTIC UNION BANK,24519745,20561746,59720,0.9752350195758385,6.86,0.04936445030921178,0.31985650747999217,43175,6784,10.7802028750452,2543038,13.408202115666453,193796,17638,3.4829707959916134,18243418,0,72291,7436203,3485558,18437214,2885,607
34598,MERCANTILE BANK,6073612,4699650,22251,1.475044609807744,12.87,-0.009667314894656479,0.0882670806103518,47,0,11.786846692953,705187,13.987303173215645,56666,1427,3.5555420570038736,4595074,1131,2803,1773990,696691,4651740,63,175
34599,PITNEY BOWES BANK INC,834332,701108,12309,5.84035116125554,74.64,1.1637780458014488,0.1855376516782288,3659,0,11.34329580742536,94170,0,7272,777,7.393677731537266,407011,0,0,0,67528,414283,1504,363
34603,MVB BANK INC,2973327,2589465,9422,1.2437524441577,11.6,0.1646720358012762,1.3786240127641527,8932,17894,10.926947916205542,355444,0,19165,177,3.997489401146623,2044131,0,23,782347,329520,2063296,1387,530
34606,AMERICAN BANK OF OKLAHOMA,385461,320855,113,0.11712894160267116,1.25,0.22208022124218266,2.0004617847201143,4517,1029,9.307474935160453,36066,0,3728,425,5.144327757488145,278057,0,23796,60793,36097,281785,193,34
34607,FIRST INTERNET BANK OF IN,5830147,4958287,2954,0.20464108878203657,2.57,0.9071971056539918,0.6133807603821997,31135,1035,8.183028030020376,471982,12.026060475338744,47238,11933,1.9296244819615065,4238912,660,424586,1291747,460158,4286150,9841,189
34610,COMMUNITY FIRST BANKING CO,293328,251789,958,1.3210740966742165,15.7,0.3949907985098074,0.5556919216713031,152,0,10.188652439086269,30120,0,1822,0,3.2471350705702577,211548,0,3689,31918,24433,213370,209,0
34618,MACATAWA BANK NATIONAL ASSN,3314645,2756150,9893,1.1995277306670427,7.63,0.005269964406780169,0.07038461132338455,27681,1569,10.279321342571624,307057,17.10042699682414,18711,1658,4.258290986280474,1658301,0,1608,418045,523916,1677012,35,13
34619,ITS BANK,29583,500,296,4.03902572149826,4.18,0,0,0,0,97.70820544301208,28650,0,0,0,5.009057811703045,0,0,0,0,28575,0,0,0
34627,COMMUNITY FIRST BANK,615019,565956,2326,1.5147075103704717,20.1,0.05178775651123147,0.03821020163604701,1,0,9.814448972649785,60013,16.30236260587149,3860,0,3.218139350569208,368768,0,5948,177911,47868,372628,86,38
34629,COMPUTERSHARE TRUST CO NA,1088244,0,74971,27.515650992277042,32.03,0,0,0,0,68.9321650690918,381716,168.2554095571414,0,0,4.8298513891880255,0,0,0,0,931711,0,0,0
34643,SUNSTATE BANK,546078,446115,276,0.20216910603348426,1.64,-0.007893153018637708,0.021242386618761423,1979,0,10.99058614597896,59040,15.157921276946501,3484,467,2.9943309142393413,303208,362,291,146856,67704,306692,0,6
34644,KEY COMMUNITY BANK,115864,99446,357,1.25301077957803,15.16,0,0,1476,0,8.789566763445842,9294,11.17712429475124,1136,72,4.0645266181332085,91661,0,2193,61088,9288,92797,0,0
34656,AMERICAN FIRST NATIONAL BANK,2807023,2411929,12419,1.791325507312644,14.18,-0.04148821547983403,1.1409240323289123,15583,0,12.979250955524357,359620,15.150617248972564,24312,0,3.932600432596509,2390561,0,3569,1868410,357201,2414873,0,250
34662,NORTH GEORGIA NATIONAL BANK,267434,250409,649,0.9929620563035495,19.38,0.4876970213841246,0.0605756934421203,70,0,8.781606038760666,23023,0,1860,141,3.875968992248062,159777,0,1577,58218,14035,161637,196,3
34666,COMMUNITY BANK,164586,146527,452,1.0910264881679745,11.13,0.03977966485632359,0.22176855868664405,1571,243,12.801142440296983,20707,19.82828998717109,1492,0,3.758244440020294,89724,0,1406,47255,16703,91216,9,0
34681,CRYSTAL LAKE B&T CO NA,1832095,1502775,6783,1.5047752154670393,16.43,0.045187020940395235,0.2843738998250636,18550,221,9.828986007946105,178097,11.658825538078842,12042,2035,3.6630051812244337,1432510,0,220825,279802,167244,1444552,395,234
34685,PEOPLES BANK OF COMMERCE,812255,693705,2080,1.0329578101294425,8.03,-0.0035607463324312774,0.5633698776861946,272,0,13.686255606783702,111585,0,5684,94,4.1334983082768515,559144,0,1716,303933,105178,564828,0,5
34686,CHARTER BANK,212715,186957,596,1.1232778604949207,11.96,0.01072763539449203,0,99,0,11.118538958268143,23451,0,1424,61,3.1172196220667896,147924,0,932,55282,20260,149348,9,5
34697,WEX BANK,7963639,5658891,92774,4.884324112026623,63.64,1.5718122379891237,0.2122270986919422,30608,15011,9.291874356075224,684977,13.823348780399636,37762,9270,10.280118649208173,3321917,0,0,0,621443,3359679,14292,2450
34699,METROPOLITAN COMMERCIAL BANK,7614929,6526140,18031,0.9671672181216595,10,-0.004007692831029368,0.45363522102438514,16662,22,10.003068561285989,748137,12.076695712256727,67803,4506,3.723672205760066,6274319,0,12947,4289671,710700,6342122,118,180
34710,NATIONWIDE TRUST CO FSB,167635,500,9052,21.351196759109108,58.7,0,0,0,0,35.57286329165812,60746,121.29065750853583,0,0,-0.47526722268019395,0,0,0,0,63309,0,0,0
34711,FARMERS BLDG&SVG BANK,116701,90835,89,0.3058287874232206,1.46,0,1.1979331796642703,533,0,20.926691134324017,24461,50.02004168670835,425,0,1.5463820317951233,54326,0,0,0,24461,54751,0,0
34717,TOWN BANK NATIONAL ASSN,4248047,3506030,12666,1.203189506622007,12.52,0.011248366683824736,0.2270690507896923,12986,1423,8.970547393677434,378883,11.496963264309787,20264,2239,3.1572674927468265,3125263,0,604520,380824,414113,3145527,860,773
34719,FARMERS&MERCHANTS BK COLBY,592273,460259,1997,1.3747549690301506,12.93,-0.010896429438190004,0.3393705267672172,510,2010,10.764418675617943,62084,0,3727,0,3.337278446743365,409511,0,368,107535,63646,413238,0,11
34728,INDEPENDENT BANK,1565973,1321617,3752,0.9371407590665308,8.62,0.44218281637435985,0.6716590899076804,23873,3562,10.69763623658591,160286,11.872969115266274,14479,1366,4.272222328649651,1220798,0,49603,193831,175022,1235277,2128,762
34732,NEW COVENANT TRUST CO NA,8006,0,80,3.99002493765586,4.39,0,0,0,0,89.56949569495694,7282,249.98283556470992,0,0,4.870498400577856,0,0,0,0,7282,0,0,0
34742,EAGLEBANK,11267391,9291538,3529,0.12633374348244836,1.14,0.5652141496069606,1.8007984279590545,83035,0,11.244987070376178,1376790,16.07648494921411,129469,25996,2.5325143294843273,7829088,0,12,3432812,1256474,7958557,11307,78
34748,CLEARPOINT FEDERAL B&T,126518,110758,699,2.215917196341676,19.82,0,0,0,0,18.082588498177113,24601,0,0,0,2.503727791209995,0,0,0,0,14697,0,0,0
34752,FIRST CMTY BANK OF HILLSBORO,140413,100819,174,0.5107282280078663,6.03,0,0.28843483153269284,681,36,10.709597541692771,14359,0,760,24,2.3559744640775646,76303,0,1488,6313,11812,77063,0,0
34755,VIRGINIA NATIONAL BANK,1632583,1434678,5055,1.2450309595235634,12.26,0.007101163743555997,0.30859074240023326,11164,2274,11.71145448438025,195244,18.758276318693447,8328,-160,3.2918195356111846,1234170,0,17687,490400,168168,1242498,70,48
34759,ASIAN BANK,606439,433746,1732,1.1808711822603422,5.84,-0.004795950299567046,0.19309444148545857,4632,0,20.48524515977686,123128,29.724636771946457,4675,40,3.1158721587419147,418918,54,0,314610,119698,423593,0,5
34760,PORTAGE COMMUNITY BANK,520548,460769,956,0.7400218484484021,8.05,-0.0010718343372848292,0.23033418628061195,1657,0,10.703305886501987,55843,15.707733119140975,3495,25,3.0612572311023567,370828,0,3047,126574,48015,374323,0,1
34775,EVERBANK NATIONAL ASSN,41858343,30811669,74012,0.7162975116628987,7.96,0.010569099810077696,1.2696226412975784,178323,363382,9.15574439389547,3699523,13.75359014628331,245938,11980,2.4793571808213786,29955566,1636,339845,3351471,3745049,30201504,2807,2018
34778,FIRST TRUST BANK OF ILLINOIS,386534,312222,624,0.66083231512382,8.54,0,0.3764222552220503,406,163,10.17598208939682,39089,14.301826256908884,1709,0,2.46780994585062,148038,0,909,46452,30141,149747,0,0
34781,TRANSPORTATION ALLIANCE BK D,1643986,1374347,4624,1.1417442526207926,11.7,3.3887798326273373,3.025147416097217,27858,902,10.355226516334987,167706,0,26308,9434,7.08520453606173,1290239,40478,45446,106431,161034,1316547,11824,959
34784,COMMERCIAL CAPITAL BANK,438351,348243,2451,2.4014108656248467,23.6,-0.01998447872152628,1.0557749383484925,5570,755,10.440958908628604,41145,0,2866,300,5.119593762316096,318764,0,5244,93990,42769,321630,20,35
34786,ENTERPRISE BANK,468588,367747,602,0.514779604637292,6.29,0.018271069588413708,5.911589712071159,6323,0,7.913234786851869,37623,11.615891945746169,1262,88,3.2479167855217614,327977,0,0,218379,37648,329239,19,4
34788,AMERICAN BUSINESS BANK,4174286,3758705,11887,1.157642055411145,13.15,0,0.28263516203729216,405,48,10.444630060013663,436782,12.836436826229766,31429,862,3.5509040502323757,2800566,163,944,2049605,368219,2831995,0,0
34799,THRIVENT TRUST CO,14569,2000,191,5.248514409370384,6.58,0,0,0,0,82.96395006312245,11829,0,0,0,2.7969552133120903,0,0,0,0,11726,0,0,0
34803,RESOURCE BANK,997699,841116,2317,0.9486502614724959,8.42,0,0.16277454422626464,821,0,11.933070037131955,116175,0,4844,137,3.810958779557986,782107,0,5986,295476,111380,786951,0,0
34805,MISSION BANK,1866111,1654421,7278,1.5649160360083354,15.1,-0.0006178708325577767,0.046674608316439915,825,0,11.465121440547211,214380,0,19580,155,4.089910069910671,1279200,0,0,699474,196944,1298780,0,2
34811,NEBRASKALAND BANK,969983,740154,695,0.2884828913042125,3.17,0,0.9849657158939898,130,2538,9.998297826407356,96331,0,6564,42,2.39296022910068,674318,0,4608,249439,88757,680882,0,0
34813,U S BANK TRUST NA SD,172866,0,4302,10.119971771347918,10.24,0,0,0,0,100.1212064157027,170164,474.20577416118607,0,0,4.414906832298136,0,0,0,0,170164,0,0,0
34836,NORTH AMERICAN BANKING CO,1368790,1190074,3283,0.9629588619603752,18.86,0,0.40393340103302916,5,0,8.49154295099234,119641,14.540598904062085,9066,569,2.055621546511459,726238,0,1427,361942,75466,735304,0,0
34847,SOUTHERN BANK OF TENNESSEE,469103,407884,882,0.7677760392070666,8.44,0.02139050142900433,0.0014922096000238752,528,0,9.048711694356964,41289,11.896639036221647,3040,145,3.4803969397301313,351304,0,6499,123435,42551,354344,18,0
34849,PREMIER BANK,358493,303710,619,0.6786583067804159,8.95,0.31077073083564305,0.19888812333853104,0,21,8.819420950967446,32326,13.39148065262715,2463,62,2.886372203935253,252340,0,655,106370,27625,254803,200,0
34857,COMMUNITY BANK OF OELWEIN,108821,92600,195,0.7212672110076473,6.16,-0.01672741972580971,0.014703044449141252,471,0,12.299885714285715,13453,17.239055588909174,617,0,2.4041191096145185,70855,0,835,24013,12518,71472,0,3
34860,NEW REPUBLIC BANK,196703,171629,-221,-0.47027530256683076,-5.56,0,0.059480536646619515,17,0,8.589285809029121,16189,14.421073519198332,1211,1,2.24206190016406,136887,0,718,21963,15876,138098,0,0
34876,CONNECTICUT CMTY BANK NA,585638,511239,648,0.4656610878360413,3.75,0,0.4801600989006861,1813,0,11.953424816839167,65784,0,3446,0,4.2126114352741615,314919,0,7,137414,69381,318365,0,0
34885,SUSSER BANK,2563795,2281179,6267,0.9878642990973148,9.49,-0.0004164355666165469,1.0137706017836838,2241,0,9.77212612889029,242693,12.367988002705632,24901,1252,3.689007498566785,1921575,0,690,531141,268029,1946476,1,3
34888,PARKE BANK,2141452,1669985,8585,1.6034422178304735,9.95,-0.00021325781163364013,0.6046831775823133,3079,272,16.3904818657748,348490,0,33091,590,3.3632176669761997,1850084,0,4704,580094,348206,1883175,0,1
34890,NEW PEOPLES BANK INC,881169,778016,2095,0.9652014915703241,10.12,0.011443482372143553,0.5179483163842578,2259,0,10.670716447113962,93802,15.864081360495042,7832,259,3.8280637896014014,662899,776,23574,249143,83698,670731,78,59
34900,PREFERRED BANK,68141,62654,-9,-0.05291899718500334,-0.69,0,1.862314905856973,1178,1099,8.784331050732641,5965,12.979186082634358,276,-1,3.206567049317001,43470,0,3962,8868,5292,43746,0,0
34908,COGENT BANK,2131275,1930078,7900,1.5393826198830751,17.51,-0.20398818223446094,0.11913056738337381,2131,0,8.91156167787944,183022,11.776254337879974,16812,451,4.437965838470966,1618745,0,1452,563968,185697,1635557,22,835
34918,FIRST NB OF HEREFORD,316432,278455,1443,1.8108462537569099,16.87,0.05223957385171876,0.24112605551903726,4589,0,11.944047297036207,37092,14.163942537062887,2909,230,5.024902090921547,255537,0,892,32795,34719,258446,34,1
34935,GREENLEAF TRUST NA,43860,0,3605,32.877336981304154,40.03,0,0,0,0,90.13372063905443,35994,0,0,0,3.08300395256917,0,0,0,0,36026,0,0,0
34936,LEGENDS BANK,871298,772998,2010,0.9337317565189922,9.92,0.02893460107259893,0.026856483086154223,724,213,10.320653541362253,89420,13.51084324747594,5543,25,3.640136304993993,592644,0,17691,248965,82500,598187,46,3
34938,COMMERCE BANK,159456,143208,944,2.3989606198162026,26.12,0.25386721229171993,0.4979430062211519,3379,25,12.410121372099118,19417,0,1640,75,5.485381333888252,103878,0,4136,15135,15162,105518,73,6
34953,NORTHPOINTE BANK,5859772,3849883,17902,1.2921273754510776,13.35,0.020800769628476254,1.4987101887240664,46418,10217,11.008455613871208,588659,12.160433069866794,12315,1295,2.3259110643305627,5342488,0,0,904,587965,5354803,311,51
34955,AMERICAN B&T CO NA,501067,435045,72,0.056406108311479235,0.83,-0.011842185119998343,0.2534591182416723,1330,0,9.546043425404878,47821,15.673678654904622,4533,0,2.9914163825449314,330870,0,1694,140837,35059,335403,4,14
34966,FIRST CAPITAL BANK,1012100,834148,2086,0.8438549730454883,9.12,-0.0009473083417604305,0.06224681355597273,1039,0,9.564152239203748,93305,12.78200554746602,8703,689,3.343424591261802,842264,0,5337,271444,92547,850967,0,2
34967,POPULAR BANK,14528600,11952885,14816,0.41068614154985583,2.97,0.07257936861659219,0.3594152223889432,23508,190,10.952143276970167,1529645,14.564006645895772,85885,10610,2.7616096063117412,11047651,0,93767,3951112,2009070,11133536,3844,1842
34968,BANCO POPULAR DE PUERTO RICO,59140000,54706000,163000,1.1088812544644377,20.09,0.7231047347974923,0.9012512681772066,197000,219000,7.257386802917745,4318000,16.96647067593168,676000,54000,3.7226617031177294,25296000,1188000,1790000,4464000,3312000,25972000,71000,24000
34969,FIRST CENTRAL SAVINGS BANK,983613,856740,1788,0.7340869562539806,8.07,-0.042365539777845705,1.6205560520245257,1127,0,9.623798104092046,93664,14.63154360977979,9144,93,3.134394284415512,875042,0,26,225958,89856,884186,0,92
34973,PEOPLES SAVINGS BANK,591788,526414,449,0.3108374264876409,5.55,0.5566021016980303,1.5316295700487337,0,0,10.030937033547085,60146,15.806291651044374,7690,732,2.8550637183420524,301275,0,1032,61641,32508,308965,424,0
34978,SYNERGY BANK,1224878,1046932,4752,1.5688151764380598,11.81,-0.0010920033278801417,1.6126504027339865,14910,4012,10.789376347194647,126889,0,14960,958,4.408153984004967,731726,0,14712,245042,163628,746686,2,4
34980,RED RIVER BANK,3185557,2833177,10659,1.3461864523175113,13.37,0.06599149358204115,0.16286005869617148,2648,2438,11.763746281546876,380029,17.893465892672815,21835,450,3.2891057138611597,2095085,1335,19068,809945,325217,2116920,387,41
34995,FIRST CENTRAL BANK MCCOOK,128985,108812,-230,-0.7097861769142045,-7.29,4.872107186358099,4.757917587316355,2802,0,9.730320699708454,12549,13.139185644223092,1217,325,3.679816663938452,90915,0,1836,9215,12497,92132,2157,1007
34997,BAYFIRST NATIONAL BANK,1291832,1128513,-176,-0.05457104176816377,-0.6,1.2274934739441177,2.079604778330309,16196,5677,8.559739325568309,109360,11.72802969790655,16513,4401,3.810298409887627,1068304,0,83461,306627,116840,1084817,3596,295
34998,FIRST IC BANK,1226276,977123,5379,1.7793317664804857,15.03,-0.0003921045821341468,0.3336932305614723,9347,0,12.02914174752101,144275,17.99390312537351,12036,100,4.340289409893125,1032237,0,395,717392,141550,1044273,0,1
35014,NBKC BANK,1134324,916779,5269,1.851122368094576,11.64,0.08821421351515263,0.5751443150281578,2603,0,17.199084800741428,190032,24.026489970986148,10935,50,3.654956337151352,814746,0,17236,246832,184358,825681,229,49
35015,LONE STAR CAPITAL BANK NA,491946,429406,309,0.24973304224751655,2.77,0,0.4071585092672773,2435,0,10.125370300659585,49492,16.128491892352862,3389,0,2.7680255523634725,282287,0,934,107470,45555,285676,0,0
35019,CURRENCY BANK,197372,161983,490,0.9876045550740703,5.71,0,0.10234481081409724,478,0,15.875728315249841,30844,21.402259813206193,2625,68,3.927994069713689,135858,0,570,57431,34662,138483,0,0
35020,COMMUNITY FIRST BANK,718387,655072,3135,1.8114659728973488,21.16,0.04626750200998165,0.17567133035536556,4466,152,9.757767343354365,68557,14.584828138702383,7966,0,4.320657243967566,520469,0,15928,195563,60601,528435,63,2
35029,AB&T,271973,238595,1183,1.7489166289373261,15.92,-0.021271378473955854,0,33,0,11.345421966579961,30139,18.350606694916696,2465,0,4.348720892250584,166465,0,777,61534,29901,168930,2,11
35031,FREEDOM FINANCIAL BANK,266985,204281,764,1.154702123881099,12.52,0,0,0,0,9.218476438815422,24747,11.472315261060949,2723,45,3.005158195877002,216387,0,81,105248,24814,219110,0,0
35033,AMERICAN COMMUNITY BANK,287564,238649,743,1.053915658378133,8.34,0,0,0,0,13.027805321434474,37839,0,2703,75,4.489127893383213,232685,0,11,126665,35695,235388,0,0
35052,HEARTLAND NATIONAL BANK,763384,667407,2768,1.47876676834969,16.47,-0.20231412389866812,0.0410016453056391,299,0,9.74199660457923,72188,30.005157792464825,2627,44,3.2860248227491464,156595,0,2292,48692,69146,159222,0,81
35056,MADISON CNTY CMTY BANK,194757,182946,311,0.6446831776039966,12.97,0.004600080501408774,0.16790153884070919,196,0,8.3925055194224,16878,15.478839993255775,1555,12,3.5652211634397095,88868,0,1034,33141,9851,90423,2,1
35060,SETTLERS BANK,133619,111754,565,1.7000150443809239,10.7,0,0.14219534647018764,413,0,16.337910311513447,21477,0,1600,0,4.502366842739098,78371,0,789,7462,21303,79971,0,0
35063,WINTRUST PRIVATE TRUST CO NA,129704,0,1238,3.8330250090949205,3.88,0,0,0,0,99.58752929254544,125791,490.66193392362607,0,0,4.667032230548955,0,0,0,0,128241,0,0,0
35075,PHILADELPHIA TRUST CO,26926,5525,716,10.725185837062558,15.52,0,0,0,0,71.71894700645703,18771,0,124,0,4.061827822520134,7960,0,4285,758,18810,8084,0,0
35084,PETIT JEAN STATE BANK,242659,195766,1045,1.745652573375875,10.47,0.0032282797304386424,0.056045726719388116,47,0,16.556810459478278,39713,0,2552,0,3.8848246783667877,121647,0,3326,39255,39713,124199,5,4
35094,COMMUNITY BANK OF MEMPHIS,60348,52534,107,0.7532293829854634,5.65,0.05944419676029127,0,0,0,13.38430361090641,7265,0,714,8,2.9467752988654534,26229,0,917,997,7641,26943,4,0
35095,TOWNEBANK,17511883,14760571,50592,1.164372607865125,9.33,0.02132696840295501,0.03903635034564815,17656,15,10.610809836119675,1787712,15.649151310303544,126131,2582,3.1212257894559996,11695127,0,30230,4954338,2200659,11821258,1208,582
35101,BUCKEYE COMMUNITY BANK,230619,201127,239,0.41162894836554026,3.47,-0.009035387660484014,0.026884168260204063,400,26,13.15215818029501,29986,17.43850510115857,2175,28,4.018448245665246,175209,0,1256,94800,27900,177384,0,4
35103,IDAHO TRUST BANK,202439,178585,438,0.8665952747804452,7.11,0,0,0,0,11.633003287120193,23251,14.406799572383491,1245,35,4.155181828394962,150148,0,7476,54348,23607,151393,0,0
35111,VILLAGE BANK,738615,639227,-32,-0.017151141756866488,-0.15,-0.0006540275836133389,0.08502399761716185,846,306,11.637714393415845,88914,14.676649127350593,3697,0,4.1575504808788,596330,1820,429,302817,84337,600027,7,8
35115,AUTO CLUB TRUST FSB,466093,339070,-937,-0.7787372322831047,-12.02,0.5752335375654086,0.7580032311148204,3595,1445,9.804895842575888,49727,19.12919909688309,3276,-115,1.464000619189138,238742,0,9106,0,32172,242018,557,200
35117,CENTERBANK,341288,280357,796,0.9297531219293544,8.72,0,0.46236609549705815,1155,1578,11.575115546648124,39620,0,3762,105,3.632401017072285,302488,0,63,107000,36774,306250,0,0
35118,COMMUNITY BK OF WICHITA INC,114106,104688,242,0.8730591795227939,11.34,-0.023528442946466912,0.39612290326538485,376,0,9.111744748429942,10098,0,1219,3,4.043109802806859,84291,0,4051,22142,8790,85510,0,5
35131,SAUK VALLEY BANK&TRUST CO,696479,590987,1127,0.6525549959975275,8.7,0.030606163114740896,0.7098562914316153,7447,952,8.803324036395226,61612,12.380794924575367,6534,250,3.5179327080253993,493012,0,1456,105506,53136,499546,117,79
35138,MILLENNIUM BANK,527682,466639,1856,1.4276387712383862,13.17,-0.08585209382407397,0.23840115827335404,162,0,10.51991324958611,55346,0,5027,150,4.440415490858056,418644,0,955,207966,55760,423671,1,92
35139,SEATTLE BANK,961053,856166,27,0.011236913677612946,0.11,1.1661624159241315,6.275304275622677,798,0,10.371067425052646,96875,15.941647172825208,22833,828,3.7581631529346398,774620,0,187151,50853,93504,797453,2592,275
35141,BMW BANK OF NORTH AMERICA,12294454,8074760,75688,2.467721458809477,16.12,0.4073360206195805,0.08447711464047122,82340,0,15.757001801435038,1944527,17.13046064943135,38786,6232,3.0608283300820287,9414493,0,0,0,1918616,9453279,10879,1291
35151,NEW MILLENNIUM BANK,923932,801900,2123,0.9242218611338152,7.52,-0.05361303150713945,0.2799989609624951,3237,0,12.432409985618682,113766,19.57306833386198,10218,0,3.1311241735409543,788890,0,1,384280,114264,799108,0,106
35154,M Y SAFRA BANK FSB,402168,298212,195,0.19307002377484075,1.65,0.022527173402917267,0.18648922838216864,0,0,11.219553174771818,45408,21.503069126726384,2782,71,2.737721675159382,261926,0,4184,42498,47622,264708,28,13
35157,FARM BUREAU BANK FSB,1117256,964868,970,0.33666951418502333,3.86,1.0920507352699809,0.32042790551135997,5672,1480,9.395788423051,109575,13.631987525000847,13177,-287,3.726274824887616,786544,120130,133744,78437,102058,799721,2725,521
35161,MURRAY BANK,515890,470945,1971,1.5323242875537524,20.86,-0.009456662218532957,0.0317897226152862,3624,0,8.886386633900651,46720,13.774897622263675,5829,196,3.3303311992371047,380742,0,4488,73606,38962,386571,6,15
35164,CAPITAL BANK&TRUST CO,169620,500,27622,69.5242889504153,114.96,0,0,0,0,66.18657820629087,110934,144.77142521565506,0,0,3.5477068796080933,0,0,0,0,110396,0,0,0
35169,STATE BANK,385891,310047,1219,1.27094511555409,14.19,-0.04635041596090206,0.20472102225758051,1306,0,10.58885538666646,40983,0,3182,0,3.2364408918120326,293139,0,538,74555,35083,296321,0,34
35206,FIDELITY PERSONAL TR CO FSB,67144,500,4705,28.844680133648037,29.95,0,0,0,0,100.34020935960591,65181,0,0,0,4.23196683239003,0,0,0,0,65181,0,0,0
35207,BANK OF THE JAMES,1002624,918952,574,0.23276985995283775,3.3,0.030737051440760863,0.17932943955061917,1080,0,9.122520268889808,91534,12.750861649606177,7022,137,3.4883772229746723,647127,0,13127,310491,71315,654149,62,12
35212,COMMUNITY BANK OF THE SOUTH,267404,244146,525,0.788007279686298,11.1,0,0,353,0,9.324619557028777,24755,25.746424938670497,955,0,2.663368863239307,72752,655,697,48055,19584,73707,0,0
35214,FIRST RELIANCE BANK,1095406,983518,1849,0.6845273766987658,7.56,0.07284173173629523,0.08517389899270225,332,0,9.79869240075706,105046,12.989701016281382,8655,707,3.641519409154264,798192,0,6627,394141,98915,806847,162,18
35220,WYOMING COMMUNITY BANK,244837,220004,744,1.2376484679109692,18.16,0.04174058228112282,0.020421749980599337,2556,50,9.218980301463343,22642,0,1948,30,3.8728882342663917,142986,0,5901,35894,17083,144934,32,17
35221,FREEDOM BANK,569113,493210,2954,2.0754292780260237,18.95,-0.0016325897567237189,0.14988236079653777,689,40,12.180613405346788,69191,14.89951681293758,7812,-529,2.9524596804495777,479434,0,2490,64850,62954,487246,2,4
35223,FIRST SECURE COMMUNITY BANK,503044,420827,204,0.1602438219722558,1.83,0.4638990032648743,2.0039996501300084,12165,574,9.12135394317989,45703,12.269379754054448,3994,600,3.249107428864785,319938,0,14593,167255,44953,323932,407,31
35229,SOUTHERN ILLINOIS BANK,156585,121484,388,0.9888562526680642,8.37,0.04247253884910038,0.48791391257144684,5762,0,14.564722924634992,22924,0,1000,21,3.4968740799750617,92106,0,1263,31292,18767,93106,10,0
35230,EVERGREEN BANK GROUP,1401243,1213810,2922,0.8202764362469827,7.43,1.1972485312886316,0.27953752489753736,14394,1946,11.448725436366242,163683,14.210730871737878,20112,3050,4.382298032212804,1173093,0,742729,131861,155779,1193205,4176,589
35237,JOHN DEERE FINANCIAL FSB,3789750,1326464,42664,4.72281718524734,21.1,1.1123375526955124,1.314440266508345,172007,0,23.36951410032458,790120,0,5669,8010,6.621333871298536,3745062,535586,0,0,790120,3750731,17033,7069
35241,OPTUS BANK,673149,587225,1400,0.8384877872756484,7.13,0.015757378392432256,0.523509653880493,9140,1995,12.22902144415474,80437,19.84009967312794,1968,198,2.8040409026744584,375653,0,33164,99166,79935,377621,17,2
35248,OLD POINT TRUST&FINL SERVICE,6798,0,228,13.442405483086448,14.35,0,0,0,0,93.98485289833964,6453,365.81632653061223,0,0,3.116194264876513,0,0,0,0,6361,0,0,0
35261,TWIN CITY BANK,70720,62627,97,0.5525884782453891,6.59,0,0.8286199095022625,441,0,10.517365335692954,7607,0,636,45,4.438133811286205,43989,0,96,18622,6046,44625,0,0
35274,BLUE RIDGE BANK NA,2668336,2175574,445,0.06604474531495087,0.58,-0.019497849912460806,0.9429097385036966,18951,2608,12.32797120645855,339061,17.93169565236869,23126,0,3.068131622006682,2060208,5944,18317,654461,311492,2083334,2789,2892
35276,FREEDOM BANK OF SOUTHERN MO,740328,674092,2432,1.3457849801376358,15.93,0.014154507060445054,0.10333257691185528,1887,0,8.732813849946035,63275,0,4749,77,3.4075101748354077,569511,0,10307,88697,62625,574260,33,13
35278,CAPITAL BANK NATIONAL ASSN,3284789,2904226,12205,1.5192689957249164,16.29,0.3709465663916947,1.3308312954043622,46286,1563,9.334238879986676,293705,12.927453317441397,47794,2246,5.986348384268289,2618749,115992,1386,875903,307059,2666543,2448,4
35292,GREAT AMERICAN BANK,495655,409803,3130,2.546599516715619,20.39,0,0,0,0,9.617249838172787,45909,0,3475,75,4.468770037794152,389488,0,227,140456,61166,392963,0,0
35295,SOUTHERN FIRST BANK,4291482,3646426,5680,0.5421377910485939,6.4,-0.0025089069605942075,0.25716057995815894,10050,0,8.982302265298344,368555,12.633363200389415,40687,750,2.4078220927361564,3655917,0,8002,1363240,358539,3696604,78,101
35314,ALAMERICA BANK,18839,15102,106,2.3182066703116457,16.67,0,2.3833536811932694,1076,0,14.130086510733738,2646,21.580734794689718,150,0,4.03028822667318,10175,0,202,3771,2621,10325,0,0
35317,GLENMEDE TRUST CO NA,189464,0,5080,10.795074216135237,20.69,0,0,0,0,47.60579482530646,82448,61.02603199040731,0,0,4.331994561565269,0,0,0,0,99990,0,0,0
35320,GEORGIA COMMUNITY BANK,381979,332297,1523,1.5845931351638178,13.08,0.04497523551094679,0.571759180478508,547,0,13.018226657133681,50254,0,3249,160,4.63562470322058,267028,0,5595,31427,47141,270277,39,9
35323,FINWISE BANK,795714,632275,3479,1.820904681868351,9.81,1.5530479342925316,3.7093729656635426,6566,146,18.802636521050538,138667,0,14235,3336,8.007064067164702,591170,0,157952,217371,143514,605405,2622,374
35331,LIBERTY BANK NATIONAL ASSN,445427,380662,-1650,-1.428146385004463,-10.57,0.010934053986891559,0,4128,0,12.667714380405615,59245,19.029956005305774,4216,0,2.481559876465612,384632,0,957,160277,61665,388848,24,13
35333,OAK BANK,464055,403741,1257,1.074799917915042,10.79,0,0.3309952484080551,20,0,11.225681016441182,52888,15.88278408540886,5938,75,3.3637222420596355,370922,606,165,158896,46882,376860,0,0
35361,FIVE STAR BANK,4243340,3746231,14435,1.3919706389178983,12.59,0.0799952963659539,0.04373913002493319,1630,0,11.518305344262886,472723,13.495500365006464,39224,1900,3.5528979941950345,3585264,125,277147,1835128,461588,3624488,815,99
35365,BANK OF OAK RIDGE,674415,550262,1785,1.0689398856054668,9.89,0.09156760468956947,0.6761415448944641,2206,0,11.107111952933908,74063,0,5558,304,4.1717372580305865,521212,896,3005,287272,72937,526770,120,1
35366,CHINO COMMERCIAL BANK N A,470999,374347,1508,1.286946095264307,12.28,0.00581939507388207,0.23630623419582633,29,0,11.640023335908694,51676,0,4631,0,3.4507010092706762,203052,0,612,161619,49716,207683,11,8
35377,ALPINE CAPITAL BANK,215479,178633,49,0.09430467144926072,0.59,0,0,0,0,14.352119526811855,31277,42.084100314625516,1003,62,3.6167425953955625,70139,0,0,41401,33414,71142,0,0
35388,SEI PRIVATE TRUST CO,284928,500,28625,39.64894237744755,42.59,0,0,0,0,88.28817641426502,270168,372.3117205264246,0,0,4.39157152695118,0,0,0,0,264701,0,0,0
35393,UNITED TRUST BANK,165180,116246,309,0.7379082450500148,8.46,0,0.17374984864995763,648,0,8.986664556692373,14765,16.59378523334352,983,85,2.3716517857142856,141069,0,3336,8966,14765,142052,0,0
35394,MASSMUTUAL PRIVATE WEALTH&TR,89725,50500,1702,7.670337717939329,24.29,0,0,0,0,34.465652727826196,30570,56.36685474056865,0,0,2.066785325292883,0,0,0,0,29178,0,0,0
35406,BANKVISTA,607972,510078,1211,0.8007763099817661,8.67,0.1157276006665324,1.8035370049936512,2694,1498,9.347693292696869,57232,12.667981470439848,8248,418,3.364813459253837,533855,0,3006,217700,55776,542103,164,6
35407,YAMPA VALLEY BANK,621529,567552,2943,1.8787105011171403,23.78,0.007608074280165222,0.07191941164450893,2145,0,9.287964733158177,58930,0,7233,269,4.264549654530631,468211,0,3671,128564,50134,475444,13,4
35412,AMERICAN COMMUNITY B&T,1037593,887589,3152,1.2561847771288288,11.61,0.0808341851899382,0.1191218522098742,4679,0,11.035101469803203,113902,0,8226,525,3.6250833526690625,669854,0,403,340850,110831,678080,137,0
35413,BESSEMER TR CO OF CA NA,16321,0,394,9.780618735842616,9.85,0,0,0,0,99.55148685180633,16203,0,0,0,4.120040691759918,0,0,0,0,16203,0,0,0
35417,TRISTAR BANK,505538,419581,1067,0.8548985909596678,10.99,0.11047330228528107,0.09316807045167723,4452,416,10.007326621588978,50128,12.832947100391955,3589,0,3.7243519742513933,370822,0,10163,113162,39452,374411,120,18
35420,BRANSON BANK,376761,337627,1191,1.2817598099422483,14.26,0.006212009678311079,0.5998497721367126,1515,0,9.19251081216178,33838,12.450600734783041,3705,137,4.2862497519531395,322732,0,6988,124004,33812,326437,7,2
35427,UNITED NATIONAL BANK,297495,241072,1084,1.4831334614884695,9.66,-0.008956821403220426,1.2702734499739492,4255,61,15.359299710348223,45550,24.20780188626991,5092,242,5.055042559420639,217321,0,3721,28999,45454,222413,5,10
35430,OPTIMUMBANK,977176,854083,4237,1.7747386663804412,16.25,0.12275854927838807,0.7683365125627317,56,0,11.70786376288821,112303,0,8270,-165,4.068954689338633,791233,0,6909,481440,107105,799503,325,79
35439,BANK OF BROOKHAVEN,256014,226234,860,1.4059006960025828,13.95,-0.0029856316476954657,0.004296640027498496,209,11,11.50801115591288,28141,18.331045670077366,1224,0,3.582105162240602,133368,359,2773,54262,25411,134592,1,2
35441,FOUR CORNERS COMMUNITY BANK,561062,491035,1074,0.7794038540214319,8.86,0.4840448135442493,2.4234398337438643,1264,0,10.554623081932329,57538,0,6898,573,4.068089066210052,352847,0,49678,162582,49097,359745,686,256
35442,CITIZENS BK CUMBERLAND CNTY,93928,79200,419,1.796692841636963,16.01,0.04891732208234925,0.3928541010135423,368,0,11.772518193793594,10903,0,764,0,4.67516319552378,64829,0,4828,10870,10533,65593,8,0
35444,BCORP BANK NATIONAL ASSN,9385015,8374080,63381,2.802693935384177,28.44,2.419280109934088,1.2673075109629552,49819,13884,9.79097744490018,912252,16.243298023447153,52497,46852,5.7701048844532865,6539234,305276,25138,798260,911566,6591731,45022,5925
35450,CENTURY BANK OF KENTUCKY INC,195623,178975,736,1.5333692716756382,18.9,0.006324160665301702,0.057764168834952945,890,0,9.754373745237022,19046,0,1331,0,3.4328423065224003,126504,0,1174,42969,16234,127835,3,1
35455,HOMETOWN BANK OF CORBIN INC,296792,268698,405,0.5430428501034128,10.1,0.10148069560404077,0.35277231192215425,41,16,8.230015001263782,25072,12.95953412705004,1455,64,3.187371172892263,172283,0,5209,44442,16528,173738,55,11
35456,1ST COLONIAL COMMUNITY BANK,867569,759259,2036,0.9533921867262615,9.41,-0.017137634244801584,0.3168624051804525,2383,0,10.676971703934694,90665,17.46771661427657,9118,183,3.3635395010872142,622538,0,418,133121,87868,631656,4,31
35477,CITIZENS FIRST BANK,327977,263497,-1173,-1.445424593474333,-27.99,0.026779251101505915,1.6492010110465063,5555,233,7.809065872453419,26115,11.272537596219859,4642,1517,2.3754694828067127,234775,0,573,48687,16552,239417,18,2
35480,CROWN BANK,429761,347728,161,0.15049665063160686,2.08,0,1.440102754786963,67,0,8.242806967751092,34851,10.68151995324578,3896,0,2.4792893551134734,342672,0,2423,144765,31053,346568,0,0
35497,QUAINT OAK BANK,651475,513557,430,0.25715492462893813,2.5,0.2785163956345582,0.9125446103073795,9490,513,10.391297339340852,66398,13.920060449824549,6388,441,2.866743828300079,577320,0,43,318849,66856,583708,419,5
35506,CYPRESS BANK&TRUST,185325,160195,165,0.37570979264804244,3.64,0,0,0,0,10.139332961778768,17283,0,1393,70,3.164850488204956,106912,0,253,58182,18208,108305,0,0
35510,DAVIDSON TRUST CO,11204,500,400,14.292094685127289,17.74,0,0,0,0,80.12476173973315,9248,197.18550106609808,0,0,3.7077643775540716,0,0,0,0,9248,0,0,0
35513,COMMUNITY BK OF PICKENS CNTY,594752,512669,3655,2.483433865408756,19.48,-0.0027543751527817468,1.045141504358119,1355,210,13.175948414171796,77361,20.640151980330778,5498,150,5.419527953819267,430588,0,7418,210524,76981,436086,3,6
35518,FEDERAL SAVINGS BANK,1185010,784782,-962,-0.3254227197153059,-2.47,0.2308562321035685,1.6377920861427329,3936,0,13.267869395891271,156816,17.927075417674608,7851,425,3.155235538426128,1024321,0,27439,640,156102,1032172,639,56
35519,NORTH STATE BANK,1435137,1205337,2512,0.7065969914776583,8.66,0.03221747480974767,0.1979601947409899,2363,0,8.14312066715802,116452,11.573969868502559,7761,144,3.764371254207912,1159558,0,1721,467658,116651,1167319,112,18
35521,INSBANK,934717,786948,2086,0.9080219670798507,8.4,0,0.5550343045007206,1862,0,11.332246832606971,102423,13.184363540448496,10158,263,3.143505630361957,774093,0,5831,302071,100053,784251,0,0
35530,FIRST CAROLINA BANK,3228743,2716753,5804,0.7407760758938108,5.88,0.003356460490359807,0.7184839425126125,0,0,10.269247929235126,317634,11.495717769437853,21694,532,3.3676013397450624,2628105,0,899,1364532,398083,2649799,23,1
35533,FIRST ELECTRONIC BANK,489658,324917,18225,15.405210934107327,51.94,0,0,0,0,32.34832618957192,149053,52.327940908005786,0,0,23.696545849189327,275441,26106,242256,0,149500,275441,0,0
35541,BCB COMMUNITY BANK,3472064,2687587,-7480,-0.8464569045365223,-8.31,0.5533201458698568,2.870079583786474,49508,100,9.912347600496995,353657,0,51484,20736,2.78702838521068,2917611,0,1628,1466129,355712,2969095,4198,48
35543,BANK OF FRANKLIN COUNTY,422500,351923,451,0.42619139868268113,5.4,0,0.23976331360946748,126,0,8.830571784311847,37802,11.382752627974801,3841,135,3.3956588249462545,333824,0,2962,108640,33865,337665,0,0
35546,AXOS BANK,23099500,20330952,89328,1.555557055093734,14.82,0.09186584031553256,0.6121690945691465,75433,2279,10.059794180462935,2309183,13.379269008810054,236155,27451,4.822946155633845,19292721,0,96949,2135412,2432508,19528876,5912,1507
35558,CENTURY BANK OF FLORIDA,105335,93360,130,0.5088436039826797,6.23,-0.006758926006657542,0.04651825129349219,57,30,9.596771033347702,9796,16.21287317706345,1013,0,4.24552649690296,57349,0,2242,19893,8400,58362,0,1
35568,AMERICAN BANK&TRUST CO INC,891906,777217,1876,0.8584501108812327,10.71,0,0.19273331494574542,15023,442,8.90545846390131,79090,11.17912387952952,6269,258,2.9993887646267527,716358,0,3844,178476,71552,722627,12,12
35583,PINNACLE BANK,54173093,44735690,150569,1.1293134771749396,9.16,0.15552440942378773,0.3314283716456803,47937,4337,9.725248116931636,4954080,12.448467976900899,417462,16960,3.1241462149369728,35874703,49774,334231,10571959,6639380,36292165,17972,3980
35585,COMMUNITY FIRST NB,352450,309311,1289,1.4867465884269637,13.92,-0.0014352710688822468,1.1871187402468435,573,3,10.724197593943053,36941,0,4750,49,3.6943840273276645,276370,0,3825,84465,36820,281120,0,1
35597,NEW FRONTIER BANK,171110,155762,232,0.5457780130269213,6.39,0.0069039019991111224,0,0,0,9.140083381559212,15478,11.7151957923455,1134,0,3.3813990538585337,116073,0,1563,62733,14688,117207,2,0
35602,COUNTRY TRUST BANK,39701,760,2464,26.54957842846753,31.58,0,0,0,0,77.81774580335733,33099,100.48269581056466,0,0,4.220271481890782,0,0,0,0,32212,0,0,0
55130,"SERVBANK,SB",912344,507666,9840,4.551867699780271,21.87,-0.021473512422426937,0.3452645054935419,3843,0,21.895914283518024,176605,0,3471,395,5.228725855151165,291322,0,46,100262,184899,294793,0,15
57022,BANK OF CLOVIS,386089,321509,1063,1.0963425167919347,11.44,0.06822627671085384,0.2512374089911912,2104,350,11.48568416095978,44881,22.862384614273402,2795,150,4.381662867537012,185922,0,4683,25676,37947,188717,250,218
57025,AMERICAN HERITAGE BANK,136277,122099,618,1.833868706276846,19.02,0.06578447992308277,0.14015571226252413,273,0,11.352192947999171,15895,17.26873408604441,1128,60,5.130736660445889,80007,0,234,9579,13035,81135,15,2
57031,CHAMPION BANK,48615,31817,-44,-0.3796007721424797,-1.07,0.11148272017837235,0.049367479173094725,0,0,36.86169869380904,17130,93.02014141847012,385,0,3.8412323141231095,14080,0,4,10911,16565,14465,4,0
57033,WILLAMETTE VALLEY BANK,464578,339354,543,0.46477191510851096,2.96,0,0.20125791578593905,0,0,16.24631284314781,75456,0,3312,51,3.4549786949014853,307148,0,18,144337,73519,310460,0,0
57038,NICOLET NATIONAL BANK,8961944,7729854,32376,1.4595029188029787,11.26,0.020436347388326677,0.3266144041962324,6242,0,9.748772157234322,830300,12.244505719304055,67480,1500,3.7075922765332012,6686210,13592,14767,1877080,1170289,6753690,388,46
57044,CALIFORNIA BK OF COM NA,3981440,3345302,17907,1.7880159645352371,12.19,0.19801773587843483,0.6758609950168784,5103,45,12.152383011083046,469986,14.420365640812935,45839,-3776,4.831836138693602,3027561,0,23091,1752987,597644,3073400,3158,1616
57047,U S BANK TRUST NATIONAL ASSN,863907,0,17519,8.218371595273698,8.39,0,0,0,0,99.14837833167482,831959,487.4778807729718,0,0,4.511263223397635,0,0,0,0,843737,0,0,0
57056,CELTIC BANK,4004278,2744106,39456,4.054185271211494,22.29,1.1282576816467829,1.9688942675808223,28106,0,18.992070773367033,720811,0,50884,6603,6.558130816285525,2959674,0,245633,1367014,725738,3010558,8553,260
57058,PEOPLES BANK,277318,241274,1166,1.7192568563845472,14.33,0.005984910544290209,0.018751036715972277,317,0,13.679234690440367,36549,0,2252,75,4.156996414978371,132071,0,3187,38742,33541,134323,4,2
57061,CORNERSTONE NB&T CO,997764,892930,2259,0.9160811475954137,9.17,0,0.07807457474913908,2,0,10.293416162848743,102069,14.33384862350369,8731,0,3.5938491094991116,651624,0,2159,318105,98730,660355,0,0
57069,FIRST COMMERCIAL BANK,889292,772678,1623,0.7220361151520814,6.74,-0.0009968946730933143,0.026200618019728054,11,0,10.90900496017342,96924,13.645820553385207,8008,20,3.4361501200555296,791172,959,5109,253780,97256,799180,0,2
57071,GEORGIA BANKING CO,2473575,2025319,411,0.06486065512812446,0.76,-0.0001941838537581979,0.48993865154685023,1721,2491,10.072918204170971,223842,11.929436587411006,24285,2438,3.7152121555970528,2020094,0,44878,658605,231884,2044379,0,1
57073,COMMUNITY BK OF SANTA MARIA,401926,361061,864,0.85602505656676,9.24,-0.006175090841375424,0.0161721311883282,151,0,10.777782893477402,44477,16.092294391744016,2619,54,3.942148239887487,259842,0,265,149450,38363,262461,0,4
57074,BANKCDA,231442,194363,326,0.5509444006684003,4.64,-0.011893788468972079,0,0,0,12.70101131681614,30179,0,1765,107,3.8580225811009767,134050,0,722,64272,28524,135815,0,4
57077,WESTFIELD BANK FSB,2123374,1863321,4357,0.8343802184670538,7.28,0.11986701276095098,0.07530468019293822,2367,24,11.806959724200732,245832,0,18290,750,3.0523327013616117,1524831,0,30763,309349,243945,1543121,529,69
57081,SECURITY NATIONAL TRUST CO,7568,0,526,29.383422945325048,35.13,0,0,0,0,122.91216348988014,6255,0,0,0,4.431678292983176,0,0,0,0,6268,0,0,0
57082,NORTHBROOK B&T CO NA,5410763,4509737,21583,1.508805853185214,18.89,0.013194728082757958,0.2569508219081117,21155,1152,9.55900959986999,494088,11.795898397665807,23794,-1413,2.697772858162416,3822079,0,470864,517716,473588,3845873,647,520
57083,EMIGRANT BANK,5952816,4603506,-6558,-0.43159193042208954,-2.32,0.9186192412683968,3.6084602648561623,0,0,17.52254061586831,1040868,17.672135207765912,84982,19091,3.887750189119679,4067221,237,15674,618080,1129722,4152203,10097,391
57092,TRADITIONS FIRST BANK,322751,284962,639,0.8007932740884162,9.17,0.006770351783247188,0,106,0,9.71826350466042,31300,0,1827,0,3.4881779878875285,232012,0,2002,57708,28435,233839,9,5
57093,NORTHWESTERN MUTUAL WEALTH M,494460,50500,40793,34.91101725738884,56.15,0,0,0,0,54.208519583284485,328283,0,0,0,3.9489191515804203,0,0,0,0,313044,0,0,0
57095,DOGWOOD STATE BANK,2293903,1883873,7359,1.3067934748227166,12.56,0.10464943660010914,0.3373725916047889,14220,0,9.953574778433346,218924,12.686963764929873,20491,1118,4.125116061201648,1837663,0,124042,916982,238488,1858154,641,159
57097,NORTHSTAR BANK,1026280,906550,3527,1.3765043930472283,15.9,0.001383042174142298,1.480882410258409,700,0,9.312996839476313,95796,0,10993,269,4.0203882999415175,859041,0,4167,408756,91224,870034,18,15
57101,MISSION VALLEY BANK,706107,592374,1837,1.0626951064394434,10.84,-0.017292857239357463,1.778200754276618,227,0,10.40315444947469,72660,12.639772289115081,8324,200,4.941413964102339,554165,0,164,304871,68922,562489,0,24
57102,BANK OF BRENHAM NA,594317,613751,-1080,-0.7117601895391023,,0,0.13292569453675396,637,0,11.114275030920126,77282,0,1445,0,0.4836453117369858,122458,0,2728,26210,-25437,123903,15,15
57103,SCHAUMBURG B&T CO NA,2186161,1877078,7497,1.384577986050335,13.56,0.14367586912971533,0.15049211837554508,8767,1995,10.13431573610207,214267,11.793527691155035,12061,894,3.1293306495063815,1710485,0,371415,275565,221511,1722546,734,126
57109,EVERENCE TRUST CO,12617,500,192,6.116841224961172,6.76,0,0,0,0,77.63554721533409,11584,201.8821889159986,0,0,4.169579863980169,0,0,0,0,11497,0,0,0
57123,FIRST CENTURY BANK NA,706180,589934,5465,3.143950807093593,25.03,0,0.003115353026140644,65,1,13.102265699668298,93220,0,455,62,6.696110959536523,58169,0,3723,3416,90679,58624,0,0
57124,FIRST CMTY BANK OF CNTL AL,661431,617557,3351,2.07270230650758,37.38,0.05663751380844558,0.16479421133874889,4138,0,8.613879269049246,54845,12.23984986350317,7854,284,4.533445423418938,408015,0,15044,135516,37166,415869,97,39
57127,GUARDIAN BANK,590758,534740,1977,1.3616687157129133,18.99,0.004326317938401344,1.2329921896952727,4314,0,10.488413313201601,63908,17.225839509104315,5647,60,3.1379887363477694,360488,0,2849,156376,43923,366135,6,2
57129,COMMUNITY FSB,797027,699229,3616,1.7118598130730511,17.28,0.14662214412377994,0.3096507395608932,4812,197,10.079120904304384,87962,25.028033684395684,3102,132,4.623888795850794,311159,0,1782,30673,85794,314261,114,0
57134,LEADER BANK NATIONAL ASSN,4904733,3995119,6540,0.5506687910357183,5.19,0,0.030480762153617738,3622,0,11.452917940066044,540088,19.868535673694346,35871,1323,2.0735096215697415,3831686,0,124,789687,508748,3867557,0,0
57137,MISSION BANK,194322,181275,87,0.18415572801045665,3.2,0,0,9,0,8.7622516485967,16503,17.43161566449828,838,0,3.070217862568491,75412,0,189,39015,11072,76250,0,0
57141,COMMUNITY BANK OF MISSOURI,89606,77436,339,1.5707806988584039,11.66,0.23325808878856283,0.8950293507131218,553,0,13.495528974567414,11621,18.99203665321261,558,23,5.183670940965125,51457,0,1060,8568,11578,52015,31,0
57150,WHEATON COLLEGE TRUST CO NA,3979,0,16,1.6282915659585295,1.71,0,0,0,0,95.9887583035258,3757,851.9274376417233,0,0,5.9830289083848704,0,0,0,0,3757,0,0,0
57160,NATIONAL ADVISORS TRUST CO,17783,500,256,5.294041618198269,7.65,0,0,0,0,77.4808490731536,13250,307.99628079962804,0,0,4.900746493489104,0,0,0,0,13512,0,0,0
57176,COMMERCE WEST BANK,1149945,1006673,3402,1.031021565989017,10.53,0.06719924576368934,0.6325519916169904,6854,23,12.352951218394564,137486,18.013027370156035,11355,0,2.8390101017687486,790826,0,0,410639,131311,802181,140,6
57179,FIRST COMMUNITY TRUST NA,13323,0,149,4.279918135794047,4.58,0,0,0,0,89.78373617770819,9175,0,0,0,4.033613445378151,0,0,0,0,12634,0,0,0
57184,FREEDOM BANK OF VIRGINIA,1081002,911396,2419,0.8917162819780876,9.64,0.1357567656472726,0.9912100070120129,2699,0,10.764517489330453,118445,14.945428624987612,6592,305,3.1119929188891384,751698,0,22875,353282,101836,758290,260,0
57192,GOGEBIC RANGE BANK,139418,128069,203,0.5761316872427984,7.35,-0.006855595451312418,0.7839733750304839,150,0,10.56453822965196,15420,0,1489,0,3.653282515036137,55518,82,1050,16499,10820,57007,0,1
57197,BNC NATIONAL BANK,965171,855762,2042,0.8462236183208242,7.91,0.02403450668459717,0.7515766636171207,517,871,11.742484146143493,112119,14.697664521448752,9311,100,3.570484541218338,689955,0,56194,354568,105074,699266,47,5
57203,BARCLAYS BANK DELAWARE,45277000,35721000,163000,1.4497103914440403,10.78,4.0369851843874525,1.2037016586787994,417000,506000,12.562211162460008,5654000,17.377777247303246,2334000,269000,11.031503150315032,29609000,31422000,207000,0,6195000,31943000,423000,95000
57228,EMBASSY BK LEHIGH VALLEY,1754946,1612425,3025,0.6994781661647959,11.08,0,0.02695239625606714,451,0,9.071689279160136,159964,15.151707050637619,12222,47,2.412625780335185,1260788,0,79,261619,112084,1273010,0,0
57230,DOUGLAS NATIONAL BANK,326636,299630,2471,2.900732666845688,36.83,0.03450193505918671,0.3358478551047649,763,0,9.146310128744208,30257,14.891545336106605,2319,33,4.552119012636364,219573,0,4728,56633,26772,221892,23,4
57244,CEDAR RAPIDS BANK&TRUST CO,2622065,1883959,13606,2.079938363137732,12.62,0.2655755319112991,0.40445221609685494,4884,0,17.04955649406063,437939,14.919260633986775,24640,86,3.4581098360706704,1765425,0,1585,339650,438716,1790065,1250,71
57250,CORNERSTONE BANK,458595,363419,843,0.7418089182063272,8.59,-0.00800247076284803,0.14413589332635549,2500,0,8.903077886935309,40074,0,4593,75,2.4752725439040795,395322,0,1020,154719,39345,399915,0,8
57252,FIRST CHATHAM BANK,604491,522656,1975,1.3233850514444998,10.36,-0.0311988983561408,0.8243298907676045,50,0,13.77103105303899,81301,21.056451396854854,6968,0,4.992842289670999,370236,0,1091,229549,77260,377204,2,31
57265,CITIZENS CMTY FEDERAL NA,1777811,1540519,4164,0.9452003954224517,7.48,-0.0020540403340163016,0.8176347204511616,1651,568,12.028413694301845,207551,15.591330619114174,20205,-250,3.088273521520504,1335819,0,5667,614319,223776,1356024,82,89
57269,SIGNATURE BANK NATIONAL ASSN,1268477,1115926,7086,2.243737282302506,19.6,-0.007572841266936343,0,0,0,11.87148717591875,150133,15.029632963859038,9943,-4210,3.731688926528402,947462,371,5923,349616,147359,957405,0,18
57273,FIRST COMMERCE BANK,136652,122581,476,1.406099992615021,13.65,0.019677776411265526,0.2861282674238211,87,0,10.760880988484693,14335,0,1020,0,3.6122356830722366,101670,0,2152,6898,13825,102690,6,1
57280,FLATIRONS BANK,345906,318101,948,1.1055893196339777,16.36,0,0.8915716986695807,35,0,8.278720961888752,29497,12.782498573338232,3519,150,3.571637245105104,253629,0,53,85457,23566,257148,0,0
57288,WESTERN ALLIANCE TRUST CO NA,50259,0,-16,-0.1155349357788228,-0.13,0,0,0,0,95.90893767227874,48364,0,0,0,3.69241753898331,0,0,0,0,48402,0,0,0
57295,AMG NATIONAL TRUST BANK,732314,622507,3786,2.0809429650689046,14.97,0,0.015430539358799641,2856,113,12.671847726706009,91473,18.496192769579626,2989,-242,2.5039753745605204,264366,0,17856,133947,103204,267355,0,0
57298,1ST BANK YUMA,619270,558237,2879,1.9123278390164034,20.58,0.011332978653075487,0.24771101458168487,599,0,10.997683947977908,67903,18.97006619975055,3223,0,4.451582468788148,313549,0,183,194671,57778,316772,14,5
57301,UNITED CMTY BANK OF W KY INC,493334,432512,1393,1.141377600976685,15.31,0.0917873616690958,0.04662155861951538,422,0,10.924176649960565,52770,0,3354,20,2.788063219553382,277817,0,5522,39350,36913,281171,68,4
57304,VANGUARD NATIONAL TR CO NA,215999,0,1526,3.306626796461519,7.4,0,0,0,0,45.2534707500299,83251,184.47339847991313,0,0,4.213370188610002,0,0,0,0,83251,0,0,0
57311,STIFEL BANK&TRUST,19529888,17901748,87229,1.7874897184991605,25.48,0.32398232065303595,0.893794168200043,81930,13746,7.07430277631329,1373088,12.091563640842205,109560,8948,3.3133902667421555,14566278,0,41811,468742,1374975,14675838,11806,0
57312,TOWN&COUNTRY BANK,198379,169436,1139,2.388447797265028,16.33,0,0,0,0,15.900823637493295,29943,0,2252,0,4.87337857645155,151373,0,0,102923,28613,153625,0,0
57335,FARMERS BANK,294609,274837,1539,2.0947788759449217,36.23,0,0.6700406301233159,1096,0,12.593452371488084,39602,0,2962,-170,4.13539426413536,167659,0,278,38950,18308,170621,0,0
57336,DRAKE BANK,275026,236060,709,1.0741203651100253,14.32,0.07596214861716467,1.8060110680444756,3060,0,8.42105663911552,22119,11.705546523498054,2937,250,4.038895648322059,215266,0,482,58435,19736,218203,50,9
57337,GOLDMAN SACHS TR CO NA THE,145483,0,17581,51.813975420706726,66.74,0,0,0,0,86.57061611374408,114165,264.49737043300973,0,0,4.198121892837415,0,0,0,0,114165,0,0,0
57348,SOUTHEAST BANK,3294195,2977155,5011,0.6394380193499866,7.53,0.07006948180227748,3.1467778926262713,75194,101961,8.901806049724772,268629,13.836482537110447,16783,230,3.2768982033309095,2814404,0,1616330,510827,268843,2831187,596,131
57358,STIFEL BANK,11477591,10649229,41829,1.5027590010742846,23.41,-0.0004621755193859882,0.0006970103743895387,7002,80,7.115107190014671,780209,13.87609802101332,30501,3073,2.6498553015533144,6843354,5390,0,2915,725732,6873855,0,8
57359,AMERICAN EAGLE BANK,485969,372273,339,0.28247381232364915,3.25,0.05815770916783588,0.03107194080280841,303,0,9.06685916898448,42704,10.549880700275011,1326,52,2.1750760386770716,415546,0,634,58222,42683,416872,251,191
57363,CHEYENNE STATE BANK,40586,34114,-51,-0.5021291259507225,-3.19,0,3.5628049080963877,0,0,16.99417850878308,6685,31.321671088726,459,0,3.8444639718804923,22225,0,144,6085,6409,22684,0,0
57368,BANKWELL BANK,3178509,2762903,8185,1.016471716146703,9.95,0.008834079332652685,0.8316163333185465,2732,0,10.144514081155743,328924,13.212808906243215,29485,462,2.9847137395730194,2611494,0,0,1510697,330816,2640979,99,40
57369,U S CENTURY BANK,2675803,2324767,8187,1.2462088202723942,15.16,0.00039909604745252004,0.15531786159145497,7074,0,9.545329798068003,252507,13.653163368854534,24740,681,3.06858709543944,2011472,0,215155,899486,221860,2036212,13,11
57373,OREGON COAST BANK,468734,377904,360,0.3092624091541673,4.7,-0.0015273121596957595,1.4711968835202907,3647,197,9.168460495894125,43700,0,2725,90,2.870244310262602,260956,0,10702,89477,31293,263681,0,1
57379,INDEPENDENCE BANK,15284,0,-118,-2.676571493379455,-3.02,0,0,0,0,75.13464991023339,15066,0,0,0,4.126696832579185,0,0,0,0,15066,0,0,0
57380,LEGACY TRUST CO N A,34208,0,1060,12.25681496256468,14.71,0,0,0,0,83.72975131188683,29359,241.83690280065898,0,0,3.088978479359491,0,0,0,0,29430,0,0,0
57391,UNITED BANK&TRUST CO,124232,110676,301,0.9461875478889565,11.18,0,0.8999291647884603,0,0,9.576774213891012,12149,16.08813542760828,993,19,2.9447453072193492,73676,0,48,22427,10948,74669,0,0
57396,BANK OF LINCOLN COUNTY,220051,192526,877,1.6018886577789548,14.04,-0.023313487726905804,0.07043821659524384,887,155,12.287449024177105,26997,0,1681,0,4.802384605440003,171841,0,2028,49960,25073,173522,1,11
57405,CETERA TRUST CO NA,17430,0,236,5.40726314583572,5.87,0,0,0,0,91.84456865782208,13638,107.12434215693976,0,0,4.5017886571003665,0,0,0,0,16254,0,0,0
57408,OPTUM BANK INC,18867000,14996000,137000,2.921420194050538,24.05,0.413192651073563,0.09540467482906663,20000,7000,10.958538149177175,2051000,16.69974049763395,71000,11000,4.416458207539032,7003000,0,1304000,3098000,2399000,7074000,8000,1000
57414,WORTHINGTON BANK,636787,581139,1215,0.7778601164229318,9.42,0,0.0020414989627614887,35,0,8.512399103429512,52561,12.098197389851121,4339,132,3.6625954224332276,458477,0,2671,163571,52273,462816,0,0
57415,FORCHT BANK NATIONAL ASSN,1539852,1391702,-410,-0.10557289711985549,-1.22,0.010452286662972324,0.12001153357595405,570,0,8.302060986480935,130570,13.567422036990568,13429,30,2.9997735816830096,1086030,1727,11924,339926,134756,1099459,51,22
57416,PATRIOT BANK,441466,392467,307,0.27977763601567485,3.24,-0.1673505230793368,0.21383300186197807,2876,0,9.679619640572865,43283,13.453069708167986,3060,0,3.1927091717331817,225695,0,4180,73888,38344,228755,4,100
57417,COMMERCIAL BANK OF CA,3625686,2991239,8832,0.9863684703833988,11.84,0.13005075876391162,0.3819139329770973,3045,2188,8.845736392214086,314260,11.857111192391597,30615,826,3.5412088428091133,2536005,0,10531,1582591,305164,2566620,974,148
57418,PLANTE MORAN TRUST NA,19725,0,1092,22.90688832367517,29,0,0,0,0,82.83665338645419,15594,16243.75,0,0,4.233340726892488,0,0,0,0,15603,0,0,0
57420,HIGHLANDS COMMUNITY BANK,191764,172214,104,0.2148949029615204,2.32,0.687893277135501,0.6388060324148432,1243,0,12.02967838072768,23250,0,1286,37,3.203505220393505,98005,0,3454,23097,18466,99291,204,31
57425,SANIBEL CAPTIVA CMTY BANK,989799,841754,4482,1.8453509826071963,21.61,0.25848142164781907,1.1815530223813118,5823,2069,8.729096022432579,84487,12.564298425958281,8141,250,4.935066344666648,834845,0,8307,205302,84487,842986,543,2
57429,COMMERCE BANK&TRUST,170268,151806,355,0.8298803686538989,12.6,0,0,522,0,9.982939061533882,17437,14.012016363330332,1798,25,3.490458122628595,124587,0,1635,66577,12027,126385,0,0
57444,AMERICAN CONTINENTAL BANK,362729,292575,1090,1.211371892560204,7.77,0.028163690332813292,0.9304466971209912,4498,0,15.45200031107309,55634,0,4277,0,4.024128507244651,262998,0,0,85123,56654,267275,20,1
57449,MEDALLION BANK,2535508,2027474,15639,2.4583829400265147,16.17,3.1804065383731346,0.3641084942346859,69366,0,15.955912521041732,397064,17.726248251218244,91807,19038,8.507062331132081,2276917,0,2368724,0,391142,2368724,24501,5631
57450,CHARLES SCHWAB BANK SSB,260404000,219880000,494000,0.7375487328979955,9.64,0,0.011520560360055913,71000,0,12.148835911015782,33078000,43.402436305941286,21000,0,1.3253790091946247,45637000,0,0,0,21297000,45658000,0,0
57451,SOUND COMMUNITY BANK,1069344,919414,1468,0.5692421188758244,5.17,0.009389928519169147,0.9047603016428765,2224,0,10.758154010145521,113037,0,8393,-203,3.388448944877724,880100,0,141222,215906,112466,888493,27,6
57463,PCB BANK,3182682,2723247,7930,1.0157533025992174,8.86,0.041224915773553174,0.19631241826861748,5336,0,11.822963692291065,367564,14.630950998670192,31942,1598,3.256977729075196,2707769,0,0,1575643,361028,2739711,353,76
57465,FIRST COMMERCE BANK,863563,766727,3551,1.65527432232983,16.73,0.04213227017475459,0.045972326280769325,825,7,9.942788529453313,84462,0,4977,210,4.118244709493129,638342,0,10762,166497,86116,643319,80,13
57468,COMMUNITY BANK OWATONNA,94748,87231,76,0.3236831737986989,5.36,0.46280583752429727,0.028496643728627518,0,0,7.595333667837431,7266,11.470868449981678,560,43,2.8463379222880882,65433,0,790,10930,5773,65993,75,0
57470,MEMBERS TRUST CO,36374,500,-685,-7.348701237746577,-8.95,0,0,0,0,85.39169753758988,31349,0,0,0,4.383561643835616,0,0,0,0,30410,0,0,0
57483,CITIZENS BANK&TRUST,1104951,997392,1080,0.4044673039211326,7.17,0.026430553720100437,0.16018809883877203,573,0,9.62797630585298,99343,15.531544173196368,6946,-64,2.5877861853430746,596982,0,8023,247137,63171,603928,98,59
57488,METROPOLITAN CAPITAL B&T,258944,235311,-615,-0.9721667858822414,-72.94,0.3980782829091142,6.115608007909046,3848,0,4.636884925995977,12356,7.5475422780812,7775,79,5.252232600078978,157370,0,991,8755,3636,165145,173,2
57491,BANK OF COMMERCE,361348,307850,116,0.12691847949473314,1.4,-0.058785491740638414,2.465213589116309,4574,956,9.712317620333849,34375,0,3046,150,3.3769977570370506,263151,0,870,103370,33096,266197,48,88
57495,PRIMEBANK OF TEXAS,224452,193295,594,1.0788990325781191,8.03,0.0032048328879950966,0,490,0,13.098024441357225,27813,0,1440,95,3.8463786753960365,124660,0,727,52812,30063,126100,2,1
57497,PATHFINDER BANK,1488082,1271769,3472,0.9392906961998564,9.77,0.14854167030739387,0.8891983103081684,14811,0,9.80248481252884,141269,14.863654314803934,17407,457,3.5267842998267707,894743,0,63931,280640,143725,912150,508,168
57505,LIBERTY NATIONAL BANK,588247,440094,1734,1.1533712746365574,7.01,0,0,942,0,9.31528445509182,51288,11.735762254215922,4371,99,3.876832433744306,434153,0,796,138807,99348,438524,0,0
57510,AVIDBANK,2313465,1931024,5819,1.0094095478885166,11.28,-0.009281921919069736,0.05792177534563955,1649,0,11.019438200513346,257076,12.73990648189089,18722,0,3.563559822830546,1822465,0,478,548985,210717,1841187,0,43
57511,COMMUNITY FIRST BANK OF IN,854905,698772,3239,1.5299663681366436,13.69,0.03670605508731806,0.5117527678513987,8178,135,10.01067988047164,83517,12.736420814738672,10286,281,6.55097932538901,708631,0,8491,286415,96451,718917,80,15
57512,WESTERN ALLIANCE BANK,82943883,69721272,195149,0.9530740488974911,11.15,0.18011376789791825,1.384656659973346,352755,646454,8.68490949108539,7190344,13.62345403875069,388607,31200,3.4532347861249835,57988891,0,3034,10943862,7095773,58377498,27491,1677
57522,TOLLESON PRIVATE BANK,954951,839307,4381,1.8695018573400672,22.06,0.0010462405634005434,0.03330013791283532,34,0,8.937554879484923,82345,14.642305922074458,7497,-72,2.1332400960416944,751222,0,5076,31246,80702,758719,2,0
57540,HOMETOWN BANK OF ALABAMA,636482,549497,1698,1.0789558338198324,12.5,0.07166277395532406,0.744718625192857,6504,0,10.762360298442774,69527,19.726156244121363,3869,60,3.3663561578065186,379848,0,27380,32210,54615,383717,117,49
57542,TOYOTA FINANCIAL SB,9170743,7600225,4265,0.2084074064278537,2.01,-0.00018536198705269692,0.00037074422432293653,1908,0,11.589706148514843,943236,20.72070992700561,25019,8066,1.284601495155765,4684876,0,0,916944,858360,4709895,0,2
57543,TRINITY BANK N A,528814,469829,2209,1.6813694522038953,15.95,-0.00392921518838131,0.17945818378484685,1000,0,12.371912286487367,62276,19.24495708867378,5586,0,3.776393821691376,299359,0,24,97578,56324,304945,0,3
57548,HERITAGE BANK,149523,128131,512,1.4035809132185386,15.21,-0.04390607236661571,0,555,0,9.686470746222241,13705,12.007378046387505,1664,94,3.929804268854711,129278,0,355,39173,13720,130942,0,14
57554,TRADITIONS BANK,824652,719556,2801,1.37607974482834,14.5,0.3660921316138955,0.5415617739361573,2011,305,9.921452381512758,80094,14.701502435224375,9168,633,4.987150293099935,632861,2593,16098,89439,78839,642029,620,38
57565,UBS BANK USA,116337907,97879104,327860,1.1139843851062978,13.48,0.13110493782159668,0.061307618332862045,7906,718,9.070346589996362,10624200,29.961734971678183,101157,11704,1.9287881947115844,85394176,276002,870654,1622290,9924547,85495333,28015,113
57569,PEOPLESTRUST BANK,193024,171764,576,1.2065638329348984,12.56,0.014941429595983742,0.7009491047745359,782,0,10.312229372689135,19886,0,2043,17,3.60075269971689,133827,0,8675,30701,18603,135870,6,1
57570,COMENITY CAPITAL BANK,13240224,9942092,70099,2.1159618736566346,15.23,8.578366854832636,3.2625278847246086,391013,431500,13.15475964374728,1735034,18.922519778237405,1366095,209815,19.34294273535134,9528258,10595526,281464,0,1826524,10894353,299353,58890
57571,CONTINENTAL BANK,188093,139335,-206,-0.4344719768211309,-3.03,0.40540413724932045,0.646488705055478,2529,33,14.798686503882024,27085,17.11823020664375,3320,213,5.041137688661254,154527,0,0,12332,27169,157847,432,270
57576,HERITAGE BANK OF THE OZARKS,375860,334461,1126,1.2187927889897334,14.87,0,0.1920928005108285,1313,0,9.491839783208668,34186,0,3317,206,3.836508835177118,284645,0,2368,66911,30900,287962,0,0
57579,COMMUNITY BANK OF GEORGIA,229616,205007,945,1.677104200081193,17.53,0.07464561277588372,0.31487352797714446,1064,61,10.515664318905028,23694,0,3273,75,4.5586592178770955,141521,0,1168,41517,22173,144794,30,4
57585,GOLDEN STATE BANK,887357,758252,1998,0.9270520683805298,9.65,-0.0059876165203783084,0.18786125539100948,0,0,9.926260509918098,83904,0,10208,590,3.916151034570415,749934,0,0,451855,83904,760142,0,11
57587,INTEGRITY BANK&TRUST,397978,348341,986,1.0097286226318485,12.29,-0.09864449448978019,0.627924156611672,2440,376,9.13297912065636,34241,13.79248217614637,3270,35,4.017629370705284,303633,0,835,96015,32716,306903,0,72
57591,SANTA CRUZ COUNTY BANK,2658101,2256646,11976,1.7946795752921356,13.65,0.00038549925285426056,0.08498548399778638,7191,0,11.539928679510705,300405,14.244895470285329,33102,1382,5.330080772864145,2072145,0,20,1182117,357661,2105247,5,3
57598,MAINSTREET CMTY BANK OF FL,864491,789583,1830,0.8628376869113299,11.08,0.0006593332327850153,0.7435589265822317,3782,0,9.08978047988119,78343,0,7689,239,3.505240097104624,607599,0,2221,294582,68227,615288,6,5
57603,FALCON NATIONAL BANK,923493,829461,1805,0.759023256914129,8.81,0.33314817982569944,0.7970823817830779,3679,16,9.266006454051722,86773,0,17250,690,3.9187966523410993,758172,0,1506,164935,82893,775422,655,5
57607,FIRST WESTERN TRUST BANK,2901587,2532333,4832,0.6647465095047436,6.78,0.09265028303556538,0.5908490767293898,6732,0,9.242697701987801,260407,12.521968028191344,17956,80,2.6653993740615207,2417968,0,32074,613368,287711,2435924,594,28
57610,REDWOOD CAPITAL BANK,522659,461346,1402,1.0637480616662793,9.95,0.028209813096928136,0.2550420063559606,3812,0,11.749823894646957,62884,17.051689141662816,6307,-18,4.004270837094386,376747,0,166,199354,57216,383054,30,3
57614,FORBRIGHT BANK,7286866,5827429,12230,0.6733330585128767,5.97,0.3540996514614709,1.7902346495736303,30538,5741,11.9309064332439,802840,0,46893,8471,3.518857127634907,4458511,0,206811,1188931,827225,4505404,4434,526
57624,CLARION CNTY CMTY BANK,244372,223276,44,0.07373457229758604,1.11,0,0.13544923313636587,606,0,8.243661405366362,20087,10.962841097198103,1503,15,3.18470333668826,202815,0,1483,73142,15909,204318,0,0
57626,1ST STATE BANK,449175,394054,1315,1.1675164084886878,10.51,0.0974754209204906,0.649635442756164,611,1,11.390372600433784,52779,14.803175483460167,5365,100,4.169492389050715,293288,0,9,136131,50854,298653,74,3
57632,HOMELAND COMMUNITY BANK,246424,232881,329,0.5462065416119319,13.65,0.04137345080438115,0.25890335356945754,909,0,7.713881470442958,18428,13.078959269999203,1155,15,3.053866318325846,136263,0,2954,30346,10387,137418,14,0
57633,1ST SECURITY BANK OF WA,3066005,2632562,8485,1.1137450711694257,10,0.26877015995687503,0.47198227008762217,6993,0,11.290224358077559,342982,14.439148979368962,31653,1592,4.406507531891549,2532201,655,606257,353035,342465,2563854,2070,348
57640,BANK OF WALKER COUNTY,95547,86282,321,1.3124942501712171,14.11,-0.005644296438448947,0.02302531738306802,363,0,10.213317425380042,9930,0,843,30,4.926268731214532,71701,0,1951,19992,9091,72544,0,1
57644,GATEWAY BANK,291885,258167,794,1.12068144206578,10.84,0,0,34,0,10.49968844705016,29657,14.734415915042188,2971,-35,3.3693484103166242,220600,0,1380,53886,29555,223571,0,0
57656,HERITAGE COMMUNITY BANK,177668,148934,568,1.3168686116367831,13.72,0.002780954632201369,0.003939932908571042,616,0,9.889433809699591,16878,15.720553955848073,1950,77,3.883336630150492,145130,0,3969,28191,16855,147080,3,2
57665,VERITEX COMMUNITY BANK,12561209,10696190,31313,0.9909606056527921,7.22,0.16668471158760892,0.7714305207404797,7399,3249,11.016504904974141,1331533,12.86849556005506,111773,5300,3.3627721794753476,9357910,0,3689,3092816,1715643,9469683,4220,248
57672,EMPIRE STATE BANK,631692,501944,738,0.4653901544442632,4.95,-0.002122066574533609,0.8538971524097186,2289,0,9.457106980460798,59649,15.05756917792047,5150,-30,2.8489806798116906,561355,0,0,212930,59794,566505,0,3
57684,CEDARSTONE BANK,353463,299880,476,0.5421489485898148,6.7,0.006023654136838598,0.01499449730240506,303,0,8.606672429463643,30965,12.12944425010606,1508,0,2.8649296915731726,263024,0,1251,74727,28612,264532,7,3
57686,AMERICAN COMMERCE BANK NA,511515,416718,1767,1.349156204725101,9.72,0,3.3426194735247257,2283,0,14.118073411910883,73629,18.12909848273081,9125,220,3.82591232612398,432192,0,1958,268174,73629,441317,0,0
57694,FIRST NB OF DECATUR COUNTY,318395,293372,9,0.01101989090308006,0.18,0.13244156016157868,0.34673911336547375,1115,188,7.896379041096316,25434,11.814358425987127,2425,0,3.1249108235456053,226792,0,6271,61120,20433,229217,77,2
57701,BEVERLY B&T CO NA,2473643,2094601,9600,1.5487861590143588,15.06,0.12490122285662111,0.552221965740408,22068,813,10.011017815384966,246418,12.063280736655184,17711,1082,3.847164904712583,1996504,0,160258,298598,256156,2014215,829,210
57703,T BANK NATIONAL ASSN,901462,755322,3195,1.4569913925782363,11.22,0.5712284251053811,2.258331465996348,10741,18,10.78923760642972,94050,17.48869403113888,9136,855,4.447107734763504,753435,0,315,354962,114332,762571,1184,128
57706,SUMMIT BANK,1282770,1140787,3069,0.9680750518400404,9.65,0.7226810114719981,0.05916882995392783,1577,0,10.40628332861636,130162,0,12636,1952,4.530355373094437,1063950,0,264,518941,129010,1076586,1994,68
57710,GREENE CNTY COMMERCIAL BANK,1377646,1271165,2288,0.7042890293824428,8.89,0,0,0,0,8.93160819396291,119327,43.08518320599662,0,0,1.1263651627562608,0,0,0,0,105610,0,0,0
57716,UNITED BUSINESS BANK,2547328,2135069,6587,1.0146275341139048,6.99,0.02080541430311041,0.39021280337671477,8796,150,13.919759537388154,349640,18.173133751563185,18500,642,3.9128617505303067,1948444,0,288,1436611,381099,1966944,105,3
57734,EH NATIONAL BANK,301700,247849,-867,-1.1553568513527468,-15.41,-0.16980955858005248,0.21677162744448128,0,0,7.712569100378093,23132,11.796014527425756,3567,-538,1.236687952232585,229941,0,0,57256,22245,233508,26,126
57740,PACIFIC VALLEY BANK,564080,479431,1106,0.7253368660168037,6.04,-0.017184151711510824,0.02552829385902709,276,0,13.273512202083632,74406,0,7640,0,3.3010720258821595,484013,0,24,299534,73932,491653,0,21
57741,FIRST SOUTHWEST BANK,598286,430656,163,0.1120222944983652,0.71,0.12013122025597192,0.11298943983312328,702,0,18.644540707397315,105579,33.93279433431971,4287,0,3.2148889024797587,298900,0,4390,118300,91687,303187,96,5
57742,MAINSTREET BANK,2217133,1913810,3029,0.5461729352287403,4.48,-0.002185043703605377,1.1270410931594992,40054,0,12.902885155151427,278580,15.829473159187746,19460,0,3.3604780062185626,1811788,0,29,933388,271208,1831248,0,10
57754,PROVIDENCE BANK&TRUST,1595496,1376969,3566,0.8826380382713686,8.88,-0.002565152585353162,0.6028219437717174,9680,0,10.730605010385007,176174,0,18658,90,3.327499842360388,1074079,0,6205,579120,164155,1092737,5,12
57756,COASTAL STATES BANK,2188029,1938553,5351,0.9989967559675985,9.77,0.0037000618835350023,0.7024586968454257,2206,6,10.623383922225187,224939,12.515345424149835,17104,629,3.422045752930986,1642609,0,304236,642374,219719,1659713,49,34
57777,MERIDIAN BANK,2525029,2131772,3397,0.5538164445742353,6.18,0.5425491739241988,2.0736395502784326,17534,359,9.296150491657459,225324,0,20827,5212,3.5615483705220585,2078895,0,317,627184,220769,2099722,2998,175
57784,NANTAHALA BANK&TRUST CO,264012,240331,659,0.9948483762006303,11.93,-0.012769829150327492,0.3302880172113389,30,0,7.910387435764189,20550,13.27240237865073,1995,-31,4.0314208944513545,185404,0,3359,47165,22484,187399,5,11
57785,LAKEVIEW BANK,172358,156069,418,0.9623049274961942,11.66,-0.2319594697845363,0.37190034695227375,2039,0,9.239296218064197,16053,14.696472243626252,1693,0,3.9523618617577636,127044,0,200,43836,14465,128737,0,74
57793,FIRST NATIONAL TRUST CO,55634,0,5983,46.10597901996859,56.29,0,0,0,0,94.4838992119856,38848,163.5292136723354,0,0,0.8393442622950821,0,0,0,0,45513,0,0,0
57803,ALLY BANK,182323000,155287000,15000,0.03299132328197684,0.43,1.4928998917868421,0.8325883185335914,3385000,89000,9.458407778057897,17258000,13.23499115239454,3406000,189000,3.9321951515887967,132311000,2248000,0,6361000,14406000,135717000,743000,236000
57807,QUONTIC BANK,795786,697799,1064,0.5652287376845941,5.12,0.0007234901890208555,2.2827745147564795,15316,538,9.885504557617082,76143,0,873,170,3.347171374232432,584254,0,0,1497,83630,585127,1,0
57813,STERLING BANK,1424760,1242174,4723,1.3293684022387882,11.1,0.015622470662901514,0.5881692355203684,655,0,11.885200800468224,169562,18.69460775992881,12719,10,4.057566766480257,970131,0,4550,85790,171050,982850,51,13
57815,BANESCO USA,4748519,3839713,13151,1.1491234776910055,9.94,-0.0005983061951614978,0.5974704955376613,7637,0,12.62937606414157,579165,0,36789,-815,3.2261511064712476,3332900,0,168,1334374,537643,3369689,0,5
57825,TRUXTON TRUST CO,1191874,1028664,4967,1.821513998281902,19.96,0.004665661605395837,0,2598,0,10.461952169087233,111035,14.734624350008966,6708,390,2.907253795203147,695034,0,12955,205295,100670,701742,10,2
57833,BEAL BANK USA,16287294,8914506,-12742,-0.3136212557532176,-1.59,-0.021415077279074504,2.4288319471607744,60472,0,18.773753590505727,3043704,53.18647479366108,24012,201,2.5024213497974337,3599029,0,10,916722,3101516,3623041,5,181
57834,EMIGRANT MERCANTILE BANK,3481,500,18,2.0654044750430294,2.43,0,0,0,0,85.7843137254902,2975,418.4247538677918,0,0,3.954637976155859,0,0,0,0,2975,0,0,0
57841,VALLIANCE BANK,725068,614372,2682,1.4911162662048394,16.63,-0.0440908271038339,0.0413754296148775,882,0,9.519139258996946,68815,0,6820,135,3.7571864447011416,604360,0,770,254804,66002,611180,0,66
57857,TIMBERLINE BANK,758517,703189,1088,0.5669974151588426,8.28,0.3951342143272675,0.08912127216660931,1413,200,8.298295222500107,64005,12.775692099932478,7075,931,3.9658902287312863,583346,486,1608,215381,53359,590421,572,4
57867,UNITED CITIZENS BANK OF S KY,267453,231237,1094,1.6769592467479215,15.44,0.06478403073642347,0.1450722182962988,3431,0,11.227466756748457,29248,16.070523862600062,2848,80,4.5385998725837275,219213,0,6834,21148,28167,222061,38,2
57869,1ST TRUST BANK INC,319281,291463,331,0.4193715445004205,4.97,0.03386141008586286,0.18322418183355726,3153,314,9.555176085601495,29433,0,1594,60,2.8759340425145257,250148,0,6559,89515,26959,251742,27,6
57872,PACIFIC WEST BANK,342781,290765,82,0.0976802431285076,0.97,0.028288598712475858,0.25672368071742596,0,0,10.52126761267848,35760,0,3554,0,3.1329198477808218,252718,0,1,131563,34149,256272,18,0
57873,COMMONWEALTH BUSINESS BANK,1814029,1477925,4614,1.016977170912337,7.21,0.4262247296889826,1.2763302019978733,25402,0,14.001848885453642,255063,20.175824471283075,14850,500,3.390161943528177,1435755,0,156,1145468,257714,1450605,1567,28
57874,PARAGON BANK,873400,774841,2090,0.9567926844272262,12.43,0.003552954567227928,0.25727043737119304,23435,0,8.176544192924581,71880,12.270408516358033,8281,0,3.830516712533908,781127,0,857,191625,68598,789408,29,22
57882,LEGACY STATE BANK,181990,155364,267,0.6021175595070303,5.37,0,0,77,0,12.089055463877157,21611,15.918476362665132,1484,38,3.7133041388360537,122950,0,3082,68683,20247,124434,0,0
57884,PARAMOUNT BANK,80998,73432,-873,-4.193687851275399,-51.98,0.12810248198558846,1.2827477221659793,319,0,7.095836539283577,5810,10.135474159558456,619,-13,2.455177694123652,69488,0,2161,9583,6431,70107,23,0
57890,HSBC BANK USA NATIONAL ASSN,166236581,139393219,294970,0.7127973934214584,7.41,0.05118559666303922,0.5456933693793906,250101,2966,10.231760013415846,17261794,20.258994110294772,588367,109106,1.6402750155142576,57079939,177192,33848,2121785,16100625,57668306,10844,3500
57892,VISIONBANK,299992,258756,-889,-1.2263464463197535,-11.04,0.0017759702347388657,0.583682231526174,1996,0,8.169590798764762,21508,10.218786438445173,1413,1455,1.249355454563936,217423,0,4514,62839,38940,218836,2,1
57897,SOUTHERNTRUST BANK,275700,200190,704,1.0182901693052049,10.14,0.2526303420791085,0.9811389191149801,2444,3,9.575059701004285,26343,0,2035,169,3.392020423730133,202386,0,1545,59147,27973,204421,162,33
57899,1ST ADVANTAGE BANK,182343,157879,162,0.35398036720000436,3.51,0,1.1450946841940737,45,0,10.063519201843897,18600,0,2296,355,3.701237729406744,157525,0,2905,103356,18566,159821,0,0
57901,ONE WORLD BANK,276075,226475,717,1.0777174035578203,7.52,0.11334885133083696,0.17748800144888163,2012,0,15.282014617095646,38474,0,3069,272,4.791337944343603,199315,0,36,126425,38552,202384,60,4
57903,POPPY BANK,6791228,5669983,16666,0.9711364280319059,10.93,-0.024120148996371892,1.4606342181414025,35435,0,9.193537272106726,633688,12.801743430788365,80278,0,2.6353781267831984,4931243,0,0,3137753,620522,5011521,0,299
57910,FIRST STATE BANK,67597,56833,222,1.302750005501478,12.51,0,0,295,0,10.658256746473102,7283,0,492,0,3.3173843700159487,52625,0,412,1382,7175,53117,0,0
57915,BANK OF GRAND LAKE,252946,230676,825,1.3391145206680153,15.36,0.021596377207723404,0,573,0,8.684688560638653,21801,17.72059281399838,960,0,3.4097202021181467,146218,0,4175,35627,21801,147178,9,1
57919,CONNECTONE BANK,9751832,7805107,21233,0.8656540258130667,6.62,0.1650797165095739,0.5112885455778976,14962,0,11.666546545347254,1121771,13.790902627093768,82403,3500,2.959461383677514,8118933,0,21,2839094,1289096,8201336,3555,155
57920,PRIME ALLIANCE BANK,886706,804316,4113,1.9024645774093316,21.31,-0.036007416366241884,1.7157885477260784,7886,0,10.017402653904721,87495,12.405895478148924,25784,2956,4.214898335112811,684857,0,0,43954,79396,710641,308,370
57922,HARMONY BANK,822786,670771,1182,0.5883205675153224,3.98,0.3170100942687912,0.3564717921792544,192,0,10.182076873958398,76859,13.688850542649739,7430,1582,4.71412947663978,607984,0,4153,295149,119290,615414,509,34
57923,PEACH STATE BANK&TRUST,708331,636100,2018,1.1119812814647516,12.08,-0.0008639448803166358,0,0,0,10.318017794672617,74915,16.710232983286254,5668,90,3.57175169934011,458279,0,2170,173056,68479,463947,0,1
57931,ANCHOR BANK,500445,395911,1048,0.8805094856413099,9.85,0.004495209090436584,0.19762411453806114,363,16,9.458863976475003,43360,0,2194,155,3.127800383673307,358802,0,6336,171612,42708,360996,16,12
57933,VALLEY BANK OF NEVADA,237188,209922,443,0.7687502169159754,8.08,0.36993442071632754,0.3646896133025279,10,0,10.197442326530245,22694,16.750322673167933,2057,41,3.9210174332932826,127342,0,21,109164,22240,129399,121,0
57944,OPEN BANK,2512826,2191167,5745,0.942064276824235,11.16,0.022943370026931028,1.0878190531298226,6452,0,9.153235496441981,221678,12.243696591316544,25368,736,3.000429980098618,2023072,0,13,1122280,208558,2048440,130,15
57952,BANK OF BOZEMAN,101025,84382,124,0.49476802761124794,5.41,-0.010691042242980661,0.2543924771096263,1057,257,10.71449937184677,10746,15.530937010175075,1220,0,3.8014580788983876,73134,28,297,24429,9267,74354,0,2
57953,LEGACY NATIONAL BANK,1148502,1041772,1997,0.7174063085592555,8.25,0.0027514306006086392,0.29743091435626584,5784,167,8.772192618194966,94871,11.562066035419116,12559,100,3.295854131623418,869937,0,4507,246250,97941,882496,12,6
57957,CITIZENS BANK NATIONAL ASSN,220014392,181419006,415658,0.7605935771944929,6.68,0.5706131309811179,0.9521877096112876,660985,432305,9.73874276132369,20492047,14.245368335928573,2014314,153000,3.0008251575641425,138541405,1880078,11478744,15302144,25408466,140555719,233937,33678
57967,FIRST RESOURCE BANK,675241,574974,1766,1.0552930850964501,13.45,0.7305329018159459,0.03880096143451005,397,0,8.393620112906317,54299,12.338103940214811,4649,174,3.4840313925419664,600391,0,401,221728,53458,605040,1100,1
57968,PRIMIS BANK,3667199,3190665,5039,0.5486967703086338,4.85,1.4461930957046982,0.39984195021868185,57050,1713,9.721059952370913,343499,12.217044355825928,44021,1609,3.3259016985787184,3072766,15,347187,1080139,419901,3116787,14334,3035
57974,CALIFORNIA INTL BANK N A,62655,50635,68,0.4487708298960567,2.38,0,0,639,0,19.100842855715094,11467,29.643907381323054,2387,0,7.940497739497457,49334,0,0,37890,11465,51721,0,0
57978,SAVIBANK,667242,521980,387,0.2380804075050696,2.97,0.08758343035736896,0.2775604653184302,2540,112,8.339601604886896,53107,10.515202851437165,6434,412,3.4477097901228224,526440,0,11178,249636,52590,532874,130,15
57990,HURON VALLEY STATE BANK,247489,220221,629,1.0210893919932142,9.7,0,0.06788180484789222,52,0,11.14952675199843,27282,14.3162280596729,2688,45,4.240729316019029,186924,0,121,128847,26316,189612,0,0
57993,SERVISFIRST BANK,18635833,14452961,63813,1.4185942260971942,15,0.18484502806069816,0.4006260412400132,121184,111,9.812228786651584,1739283,13.016525749344742,165034,6630,2.884783111573178,12733183,14321,18385,5448562,1727288,12898217,6093,198
57997,BRYANT BANK,2707389,2153773,10850,1.593633983032939,16.9,0.028813617850481827,0.442049517080848,497,0,9.681157853864663,261548,19.265105057504904,13618,435,3.696014282264517,1349968,0,6043,461434,259806,1363586,136,39
58010,FREEDOM BANK,139797,120331,644,1.864093407289213,15.66,0,0.4177485926021302,341,0,11.649433561653796,16021,0,1682,0,5.763196717014759,124249,0,1373,43858,16021,125931,0,0
58011,BESSEMER TR CO OF DE NA,37137,0,5400,62.310688013846814,73.11,0,0,0,0,81.31033226654178,31250,0,0,0,4.439284885070815,0,0,0,0,31247,0,0,0
58013,TWO RIVERS BANK&TRUST,1191575,1040829,2648,0.8987189097942287,7.9,0.04145305926815919,1.109707739756205,5642,0,10.840237616723405,126862,0,12160,198,3.084839935185544,908953,0,6150,376423,135816,921113,148,52
58018,ST LOUIS BANK,1074162,969745,2571,1.0136019187866738,12.14,0.021786023252779934,0.8151470634783208,6792,0,8.461410936781107,90850,11.108289985655661,11673,368,3.4237120240661905,773895,0,13697,302200,86027,785568,52,9
58025,VERUS BANK OF COMMERCE,190732,148593,293,0.612016835684968,3.2,0,0,300,0,18.762996176608688,36364,0,1347,0,3.982627803693091,165017,0,661,114836,36771,166364,0,0
58029,SUNRISE BANK,601221,530219,1682,1.1393898134012088,14.06,0,0.1515249799990353,999,911,9.287793841188508,55828,0,5827,245,3.375335843995498,469113,0,75,232217,49118,474940,0,0
58030,PARADISE BANK,446912,405717,3075,2.860914213277666,42.87,0,0.2412107976514392,97,0,8.730164274155053,37493,12.432814492709085,2964,0,5.424071422555378,321605,0,838,133526,28631,324569,0,0
58037,CALIFORNIA BUSINESS BANK,109881,89009,188,0.6948775878876923,4.52,0,1.7291433459833818,2411,0,15.931696823750011,16738,20.073296310452594,1596,0,4.119709243597615,85106,0,0,56816,16733,86702,0,0
58039,FIRST RESOURCE BANK,689425,556713,1269,0.751910884635895,8.57,0,0.26630888058889657,1986,0,8.138899668646825,54529,12.378128660221277,6569,275,3.3481593024823044,562656,0,298,169454,59698,569225,1,1
58049,ECLIPSE BANK INC,479140,346853,-99,-0.08244563740783421,-0.98,0.8323353512267565,0.5221855825019827,391,539,9.262808976537453,44264,0,3821,0,2.199929466903828,406623,0,28,126366,40593,410444,856,2
58054,FIRST COMMERCE BANK,1581983,1211571,1728,0.44122321988262136,4.12,-0.02083936138578547,2.395032057866614,13125,0,10.74098060976322,167339,13.293680794640364,14834,83,2.3215631571346966,1241413,0,636,858147,167216,1256247,0,65
58057,TRADITION CAPITAL BANK,2582450,1899401,3620,0.5683455101097205,7.43,-0.00464595747255074,0.13820209490987242,1275,0,8.167256429132616,211234,11.301103914277336,25181,290,2.46232923714352,2037185,58,1799,619364,197446,2062366,3,27
58060,FIRST GENERAL BANK,1142968,836150,7213,2.5136991463163354,10.41,0,1.1058052368920215,15870,0,24.65065437161581,281438,0,12295,200,5.2908691650420705,880504,0,0,601417,280798,892799,0,0
58063,VISIONBANK,270991,200936,1718,2.544454832409216,27.76,0,4.032975264861195,148,0,9.422543404331483,25269,12.696185476002416,1979,34,3.8214532137360013,238163,0,59,122729,25269,240142,0,0
58069,BANK OF SAN FRANCISCO,638907,553531,1098,0.7002863648249603,5.78,-0.004620774037410942,0.18187310516241018,446,0,12.30180189576958,76662,19.41325829709424,6968,300,4.184909609029584,523849,0,829,133236,76742,530817,0,6
58074,FLINT COMMUNITY BANK,336212,281187,1485,1.820251678906378,20.87,0,1.4089324592816437,5299,0,8.870008496176721,28710,12.63099900115739,3451,60,4.21464022670246,273249,0,1836,89419,28746,276700,0,0
58079,PUTNAM 1ST MERCANTILE BANK,155379,139425,500,1.2673427940472908,14.55,0,0.028317855051197393,110,44,12.073406915743751,19263,0,1944,85,3.5959538956714034,119272,0,2402,33781,14145,121216,2,2
58082,AUSTIN CAPITAL BANK SSB,462233,376451,568,0.49327607393930445,6.09,-0.004007177857336955,0.5194350035588112,16170,2354,8.035104608599287,35890,32.65749013362269,1570,0,6.448397572293009,401615,0,217171,2210,37691,403185,0,4
58088,SOUTHPOINT BANK,1792650,1652188,2208,0.4970452763111947,6.95,-0.004560358014929807,2.628176163779879,21648,571,6.90894499014254,122760,9.317223954305904,16378,3000,3.038837678267391,1468580,0,4004,424730,128445,1484958,6,23
58090,FFB BANK,1557746,1321719,8474,2.2140667309627395,16.45,0.061984630966426695,0.9893782426660058,19070,46,14.661330200628525,226641,21.09436013255377,12913,1163,5.509826595355826,1075582,0,0,348694,209424,1088495,167,0
58095,IDAHO FIRST BANK,961640,863053,1584,0.7081905206865737,7.1,-0.05485316981864616,0,0,0,10.659291911166017,94913,16.83614388072664,7352,220,3.2066298928242607,571573,0,404,246434,94177,578925,24,101
58103,SIGNATURE BANK OF GEORGIA,249237,201181,557,0.9003893739505392,6.56,0.12096500878560516,1.220123817892207,0,0,13.62741556433184,33574,17.807584200404357,2498,351,4.881141722617764,189319,0,20,130396,34458,191817,61,3
58106,RIVERLAND BANK,220277,185737,217,0.40189371578057903,3.41,0,0.39495725836106355,749,870,11.853062279584186,25678,0,2305,10,3.1193579794122375,191440,0,984,62569,25594,193745,0,0
58111,NOBLEBANK&TRUST,424770,392420,1218,1.1596879887078,17.59,0.0721513452892818,0.06427007557030863,1617,0,10.617612554386652,44438,0,3186,238,4.195091991152679,254800,1052,6434,117596,28755,257986,62,16
58113,FLAGSHIP BANK,692837,602092,1646,0.9789679500999934,7.69,-0.0007538720754475173,0,2621,0,11.563240504657442,77052,0,5291,149,3.415534483105967,530689,0,2173,329038,86481,535980,0,1
58114,BANK OF BELLEVILLE,475022,407288,749,0.6274069622068977,9.33,0,0.007999629490844635,5793,0,8.07250854184995,39456,11.52841016245925,2972,59,2.8891628249942305,347582,0,272,135468,32264,350554,0,0
58115,OAKSTAR BANK,2879681,2556651,8177,1.1459761986055095,11.36,0.1627699418438213,0.49658278121778077,8569,341,9.637714597173211,275488,0,31230,742,3.7375270638069042,2508312,0,53969,796953,291178,2539542,1396,369
58121,TRIAD BANK,916208,717190,3425,1.5270298211090139,14.77,-0.0027109546287855937,0.13916053996472416,0,0,10.7460252199175,95138,13.570007623381649,12973,0,3.868690664119802,733037,0,36,280169,94085,746010,0,5
58140,ESQUIRE BANK NATIONAL ASSN,1933525,1699624,12441,2.615060507825371,23.51,0.861223333787535,0.41375208492261545,42,0,12.009753047307067,230860,16.494743250613762,19391,1430,6.101193030403533,1391364,0,8829,86760,219177,1410755,3037,19
58148,MILESTONE BANK,368245,304769,1983,2.1619323292286055,16.58,1.419522905734807,0.7666091868185583,3301,0,13.412944018345152,48197,0,7329,1117,6.863958905679255,331790,0,0,14406,48836,339119,1496,304
58158,SMARTBIZ BANK NATIONAL ASSN,164596,125078,-1578,-4.036528278719976,-22.81,0,1.5504629517120707,1434,0,14.105358824575385,21418,18.53762086945292,1536,934,0.733212848892635,104615,0,0,61489,34455,106151,0,0
58164,BANK OF LEXINGTON INC,456968,408509,1224,1.2023117980528737,12.75,0,0.01969503335025647,754,0,8.748105776484886,40237,15.564982960213303,1649,51,3.7644542196753026,290830,0,202,86156,38973,292479,0,0
58165,BELMONT BANK&TRUST CO,977841,862180,3230,1.3470063513643131,12.53,0.04741443176766929,0.07680185224387195,2323,0,12.201210965218994,118469,16.50571690940098,8545,255,3.8969108465715947,727862,0,166,415475,105573,736407,100,14
58177,SALLIE MAE BANK,28934031,20426390,334697,4.540533904149719,47.65,1.3543928983647195,0.4884179463276306,428891,141234,10.094477343603337,2992368,12.889830572779498,1452219,25973,5.679216486339942,21153944,0,22584553,0,2936737,22606163,86931,10734
58181,METRO CITY BANK,3644728,2766958,16346,1.8103406266751134,15.49,0.021483464840572154,0.508405565518195,20557,0,11.68859716228155,416358,19.971274982391012,18591,135,3.592826524229769,3151149,0,0,786447,425319,3169740,173,3
58184,MERCHANTS COMMERCIAL BANK,491577,382528,2058,1.7180405738906668,46.47,0.0636064878617619,0.9201000046788194,0,0,11.020501665653287,51475,0,2197,0,3.278273513060151,188447,0,328,55471,18887,190644,30,0
58188,HSBC TRUST CO DELAWARE NA,56641,500,664,4.695192554160001,4.82,0,0,0,0,97.32476882896873,55152,0,0,0,4.572788192540407,0,0,0,0,55152,0,0,0
58201,FIRST VISION BANK OF TN,466346,412798,938,0.794336331148485,7.98,-0.012255214849235327,1.4813035814609754,709,1393,10.597775817935426,49268,19.08771370963363,3642,2,2.9645181702619805,289937,0,4541,91102,47556,293579,26,35
58203,NEWBANK,620890,525466,1777,1.109812582507961,8.57,0.13822651740627812,0.9689316948251703,5212,0,13.23179605640463,82828,0,5257,400,4.153933056211347,383428,0,1,300892,83243,388685,174,41
58208,FIRST FREEDOM BANK,769676,680115,2112,1.097582602899993,10.29,0.1506363376540408,0.06911999334785025,672,51,10.71001435949307,83013,0,6929,433,3.5207688141430693,587791,0,29332,238542,83164,594720,266,42
58210,BRIDGEWATER BANK,5126909,4179090,10821,0.8499432998041265,8.14,0.0011175211957578388,0.20070572736906386,466,0,10.494240979743266,532236,13.4184787851936,53766,1500,2.603618049637808,3959092,0,4272,1250181,538698,4012858,12,1
58214,TOWN CENTER BANK,168511,127858,334,0.8004505530058835,7.09,0.05159160088737553,0,102,0,10.807571645105574,18396,15.180979526786809,1417,0,3.7956666139490745,113107,0,2353,49525,19052,114524,21,6
58216,BMO HARRIS CENTRAL NA,8167,1000,4,0.19595835884874463,0.22,0,0,0,0,89.59276018099548,7128,403.6240090600226,0,0,0,0,0,0,0,7128,0,0,0
58218,FIRST PACIFIC BANK,456121,390153,395,0.35546556427346104,4.08,0,0.18613481948868832,766,0,8.98447501338361,38600,12.661605942009668,3180,0,3.3713175071864354,290884,0,0,105300,39016,294064,0,0
58220,HERITAGE BANK&TRUST,402948,369280,619,0.6272173310585305,8.83,0.40655504002851167,1.0207272402394354,1308,0,8.499224665025832,31735,11.533479699754546,5614,140,3.694464824325426,298931,0,2315,94545,28580,304545,319,11
58224,COLUMN NATIONAL ASSN,785527,689338,10390,5.46683495117535,75.2,0,0.11902837203558886,1217,0,9.668382119059464,71127,19.937472279016433,2435,0,6.380886240753274,219530,0,154,133113,62063,221965,0,0
58228,B1BANK,7788126,6471608,22281,1.1393124739337401,10.06,0.06533459109665733,0.549965421720193,20725,5635,10.702976946703238,822145,12.920636096547975,56863,2812,3.708754848616083,5924056,16300,24789,2343448,902438,5980919,1648,671
58230,FIRST MO STB OF CAPE COUNTY,227261,198359,672,1.1923138340341726,13.87,0.03516696064047827,0,697,0,9.512688563320616,21018,0,2253,100,3.4424856991847483,174157,0,1560,43420,19755,176410,21,5
58234,PACIFIC ALLIANCE BANK,426320,344378,502,0.47921283087581634,3.74,-0.03239501181608056,1.23170388440608,4402,0,13.063398565349887,55599,0,5383,0,2.443662155986437,310353,0,0,153995,53950,315736,0,25
58239,PROVIDENCE BANK,1354984,1156396,5451,1.6319601934640757,13.52,-0.0007022555130349596,0.037860225655801105,180,0,11.73601630954457,156120,13.788028936676247,10369,187,3.8661471439225283,1138667,0,25849,593751,163634,1149036,0,2
58243,JOHN MARSHALL BANK,2268866,1927714,5321,0.9458782037380055,7.94,0,0,0,0,12.611276296932832,281335,16.50318727198493,18826,170,2.61581230107192,1851646,0,605,1076203,271507,1870472,0,0
58255,RIVER BANK&TRUST,3632550,3159687,8896,0.9865791247742289,12.77,-0.003494957233439513,0.23672076089799177,11046,26,8.630242682537093,308933,13.208378990670614,33798,1686,3.3552054799395914,2508395,0,37852,655039,286958,2542193,137,159
58257,DR BANK,711650,591434,1666,0.9495237776341839,11.02,0.10578763471394109,0.06112555329164617,2408,284,9.05291330341246,63659,0,4495,100,4.390256197570695,589455,0,321774,101952,61792,593950,475,319
58259,FIRST NB OF MICHIGAN,959577,768384,1582,0.6557006738857984,7.83,0,0.07367829783331614,0,0,9.15782278663165,89096,12.101064639431478,9953,66,2.7135320243713767,742096,0,314,447077,82440,752049,0,0
58263,GLOBAL BANK,259579,197880,237,0.3647816408632396,2.73,-0.0019057783198658334,2.67163368377257,15749,3078,13.673000318365002,35217,0,2566,0,3.4562826239583226,210861,0,0,146045,34902,213427,0,1
58264,SIGNATURE BANK,1925382,1674659,9711,1.8933999822085525,22.56,-0.03487835966416417,1.0177720577007574,419,27,10.919507931910504,227334,16.358618705933992,12884,-151,4.040601377312956,1205953,0,1724,507101,179840,1218837,2,108
58271,REPUBLIC BANK OF ARIZONA,284250,240971,1137,1.6049093003929347,14.59,-0.016118452718086023,0.08654353562005278,0,0,11.619858255807818,33037,0,2437,0,4.753692452780564,221525,0,4835,128114,31892,223962,0,9
58276,RIVER VALLEY COMMUNITY BANK,635192,578529,1275,0.8240612972340624,9.81,0,0,0,0,10.217447753873378,63744,15.261170687123151,4410,100,3.3123046026687994,346820,0,0,252773,53440,351230,0,0
58278,GOLDEN VALLEY BANK,574592,528675,987,0.7107878438715253,9.29,0.0016255768257767717,0,0,0,9.49641616198202,53486,17.865718980947914,3940,3,3.105949742264365,240693,0,185,117494,43374,244633,1,0
58281,AMERICAN RIVIERA BANK,1288204,1141924,2585,0.8056394763343404,7.82,0,0.37315518349578175,13505,0,11.550943591366881,147424,14.514726547054282,11859,361,3.7550927329767836,982929,0,13,547047,134213,994788,0,0
58282,EAGLE BANK,164079,147380,1083,2.738946529845792,28.12,0,0,157,0,10.974124130189365,17206,0,2422,74,5.223430856465527,85894,0,303,32606,15995,88316,0,0
58289,RIVER CITY BANK,369593,335462,1473,1.6241628683620404,19.88,0.04584832339336752,0,15,0,9.442175736866961,33989,13.53899319688546,3778,187,4.642565548094499,274562,0,5276,103824,30646,278340,50,19
58291,CALPRIVATE BANK,2482525,2195430,10966,1.787909518669845,18.01,0.24774057857787601,0.6262172586378787,319,0,10.348598631070166,255213,12.998813242701534,26437,299,4.725727893038693,2054282,0,695,1201034,249369,2080719,1291,0
58297,PINNACLE BANK,892522,774972,1914,0.8803192422079501,7.64,0.19427786694531404,1.4118419489939744,8946,0,11.939882236397471,103173,17.203140379584724,7068,0,4.214864297346374,565858,0,217,443184,101500,572926,286,2
58300,TABLE ROCK COMMUNITY BANK,431722,372925,1336,1.2718207456239514,19,0.008238207777897917,0.12415396945256439,5940,155,8.073923833759558,32045,11.53725585953612,3031,178,3.203728713735923,295339,0,6183,91439,30482,298370,67,61
58303,AMERIPRISE BANK FSB,24177571,22672002,181731,3.042635611461354,58.39,0.21978134536326477,0.010497332424336588,3092,912,7.461324436722854,1819982,33.64019819427486,10763,2041,4.448715938924307,1397490,114414,0,0,1352998,1408253,889,138
58307,FIRST BANK OF GREENWICH,817494,612185,1023,0.5032368509080892,6,-0.028163857321898807,0,0,0,8.432545923987798,68357,11.567540398886967,7631,85,2.4628003765481283,711020,0,159,269940,68580,718651,0,50
58309,AMERICAN MOMENTUM BANK,2823668,2209648,11770,1.6748246779084115,8.41,0.002217769322252215,1.0494859877294356,8712,12409,17.307113049130677,465408,22.88535890220937,25888,1083,4.883772665035296,1967364,0,2107,652485,571688,1993252,31,20
58310,US METRO BANK,1417198,1237300,2898,0.8241544365309725,9.2,-0.0003369107641304586,0.891124599385548,11665,0,9.608751469125759,132853,12.815575393802748,14406,300,3.000431419132552,1183725,0,0,758882,127450,1198131,0,1
58311,COMMUNITY BANK DELAWARE,396380,314731,461,0.46834779141252325,6.19,0,0.03355366062868964,283,0,8.275269275238848,32637,12.548284818379168,3218,27,2.772785622593068,337794,0,106,98375,30022,341012,0,0
58314,OLD PLANK TRAIL CMTY BANK NA,3028179,2678976,10297,1.394433404785011,16.52,0.08538421865521233,0.37448248600891826,17295,2280,9.199795897343002,266119,11.331072701361403,13646,-238,3.3033277507615746,2200921,0,398735,311566,256672,2214567,842,377
58316,INVESTAR BANK NATIONAL ASSN,2726375,2348401,6835,1.0041231854210422,10.21,-0.644277792809771,0.431195268442529,5621,0,10.028547192350167,275698,13.291531026369618,26435,-3596,3.025723610761901,2080196,194,6874,931868,273564,2106631,128,3536
58322,RIVERBANK,265327,236165,860,1.3038452062842307,13.78,0,0.4341812178933919,0,0,10.447772395186437,27843,0,2775,142,4.35080942336527,228028,0,162,97878,25560,230803,0,0
58324,LONE STAR BANK,167617,143941,296,0.7066737095296501,5.24,0,0,1850,0,13.515971962116755,22734,18.239083002062348,1735,54,3.9908374879037694,144826,0,106,86084,22734,146561,0,0
58339,BANK OF CHINA,10805128,10767104,,0,,0,0,0,0,0,,0,,,0,2989063,,,952211,,2989063,,
58341,MOUNTAIN PACIFIC BANK,811436,647596,3815,1.890365022548735,18.09,-0.0012159754859342037,0.6542721791983594,7160,0,11.097001781585039,87389,13.93089226333856,12290,310,4.791713344048837,660700,142,443,322334,86448,672990,0,2
58348,MILLENNIUM BANK,735761,598507,3320,1.9102361615760601,16.54,-0.0007727176576609642,1.8019438377407881,16782,0,11.257773503163627,78892,15.879054160525754,8167,920,3.2344813745619585,546189,0,578,316250,82042,554356,0,1
58357,SOUTHERN INDEPENDENT BANK,376112,322417,878,0.9322227354048215,8.95,0.009694355158760213,0.16191985366061173,416,0,14.034842343372182,52180,0,1845,54,2.975368299361294,166334,0,3693,30934,40302,168179,57,53
58359,UNITED REPUBLIC BANK,214756,171197,-697,-1.3146757518243013,-10.07,3.073831356366003,4.487883924081284,0,0,11.105473788028222,23421,0,1745,630,2.235693048357579,155010,0,89,64154,27381,156755,1220,4
58371,HYPERION BANK,464354,364785,692,0.5968031789256033,6.48,-0.004049418085966616,0.7920681204425933,1103,0,10.050521986005858,44959,13.181499991860257,3235,71,3.6017496543752694,394882,0,122,59077,43245,398117,0,4
58377,CENTRAL BANK,352443,283669,479,0.5508129234050932,6.49,0.009471330620473634,0.35239740894272265,35,0,8.579756044384775,29908,0,2249,88,3.339404428577038,293750,0,1233,140865,29898,295999,12,5
58396,JONAH BANK OF WYOMING,528851,475256,2212,1.6687334090876944,18.88,0,0.0769592947730079,0,0,10.09235077443314,53483,0,5965,120,4.531542974656747,342490,1503,101,160073,48541,348455,0,0
58401,MEGA BANK,509877,436105,1178,0.9112031381588552,7.03,0,1.485260170590162,4782,0,12.987487372272078,68266,16.276525731693088,5057,272,3.876426265236514,426591,0,0,168521,67397,431648,0,0
58405,GOLDWATER BANK N A,467698,342607,1569,1.3760834245094578,11.12,0.0342163758065064,1.6102271123673821,3663,1390,12.592894160624098,57224,0,5177,0,3.728209177935459,388043,0,37,44468,57194,393220,34,0
58407,UNIBANK,441763,383612,-2053,-1.7039094263830001,-28.94,6.01525856244137,2.3091567197796103,522,0,5.979414021940318,29139,9.013574660633484,6991,3104,2.3933193424274224,359436,0,39,199707,27273,366427,6193,462
58410,CROSS RIVER BANK,8543817,6564584,18451,0.8780318638101245,7.16,1.8008683509484276,7.635322713489767,61415,491294,12.874437101727821,1053556,0,110994,11002,5.768418466375508,6159122,1,2551338,975203,1037491,6270116,29406,2014
58411,CORNERSTONE COMMUNITY BANK,648168,572603,1498,0.9175477953280402,11,0,0.06294664346280594,0,0,9.746489296415293,64797,12.826891047132877,6224,60,3.4576956555549145,485305,0,15238,260801,55217,491529,0,0
58413,EMBASSY NATIONAL BANK,185601,159617,790,1.7227514958226002,14.55,0,0,0,0,11.893505175782304,22037,15.937374548374148,1679,30,5.221488612896659,143449,0,0,101672,22011,145128,0,0
58423,COMMUNITY BK PLEASANT HILL,138353,133443,313,0.8941835218832134,26.25,0.008839876683720263,0.0043367328500285495,33,6,8.46436022964367,12414,21.41007733451436,118,-2,2.7542267170738257,50603,0,1087,8734,4689,50721,8,7
58424,ALMA BANK,1500290,1290895,894,0.2390119502633242,2.43,-0.006481233934352045,1.1170507035306507,17050,0,9.951137377717162,147752,13.06054438505066,23850,450,3.0145402759744173,1272779,0,1035,772087,147838,1296629,0,21
58426,WEST VALLEY NATIONAL BANK,71319,61929,-345,-1.9724429706706306,-15.51,0,1.2170669807484682,2429,0,12.889105756397193,8981,16.482379676423704,775,0,4.492352161869204,55108,0,49,36895,8763,55883,0,0
58428,LEWIS&CLARK BANK,383457,279194,33,0.036380072539659795,0.35,-0.013049165995178332,0.29155811472994364,85,0,11.081307168031158,40403,20.906088476177782,1747,0,2.556399586588846,153172,0,1987,103745,37679,154919,0,5
58433,WATERFORD BANK N A,1766198,1568310,4072,0.9429423761939469,10.9,1.7955865723534896,0.28898232248026556,1444,18,9.414573510845402,164278,11.773945914624653,14629,476,2.9698889300934397,1305594,0,6959,594472,152646,1320223,5902,1
58443,FIRST SECURITY BANK OF NV,281307,202523,1061,1.508787335287457,5.6,0,2.4403943023102874,0,0,25.662561674865742,70580,0,2764,292,4.33370254195482,204782,0,0,148928,76401,207546,0,0
58446,COMMENCEMENT BANK,643820,579559,1327,0.8207614928643384,10.17,-0.02889439629301892,0.015687614550650805,484,101,9.692161632207302,62478,13.502130503966228,5731,88,3.8393273311068357,468309,0,1595,220790,53219,474040,0,34
58450,TEXAS ADVANTAGE CMTY BANK NA,190392,168589,342,0.7074904517233443,6.77,-0.00876313786058943,0.8629564267406193,422,519,11.1178084799264,21027,18.943637916310845,1139,0,3.2499489088589275,87328,0,1068,42110,20575,88467,0,2
58457,TRISTATE CAPITAL BANK,20707539,18974002,36326,0.6972907401355092,10.2,0.20454911956192864,0.21681475524445468,13604,3758,7.487866854923693,1576457,17.785021698916793,51959,6257,2.0308699345748034,15183294,0,5195,2141305,1452903,15235253,8445,744
58463,SMARTBANK,5407465,4814717,12074,0.904427012547202,9.12,0.009205418147267976,0.14703747504607056,7667,183,8.76908065037824,453025,11.35054997431241,38175,979,3.212399004394935,3957875,0,6850,1746843,536747,3996050,332,241
58469,AMERICAN PLUS BANK N A,783388,634260,3160,1.630583765758386,9.67,0,0.3523158383840447,0,0,17.13702954521569,132078,0,9619,92,3.6136715165016806,671127,0,19305,406696,131514,680746,0,0
58470,HOMETOWN BANK OF PA,398311,365430,848,0.8672940400381998,11.12,0.012342964702978125,0.039918556103145535,810,0,8.557241779657502,33020,12.730002253676764,1921,-31,3.18430796944324,261916,0,12043,61982,31453,263837,8,0
58479,BANK OF CENTRAL FLORIDA,1197066,1103890,3835,1.3052508693872724,18.99,0,0.0025061274816927386,23,0,8.075232108439048,96153,12.020798652546748,7849,450,3.7822618905102043,775770,0,10092,375202,82659,783619,0,0
58481,FIRST BANK,3880759,3119795,9381,0.9795975906869832,9.11,-0.0018806056741320965,0.2997867169798485,17376,0,9.633635784419235,359406,11.45977048602097,39223,1545,3.643608287131138,3197434,0,2615,1840333,414915,3236657,4,19
58482,BANK OF MONTANA,326582,298887,2767,3.8175126842274087,40.22,0,0,0,0,9.466765064273087,27580,31.85897945057813,468,-1,4.170898217106748,82456,0,1627,14579,27580,82924,0,0
58483,PEGASUS BANK,1449548,1296438,5655,1.6165421862482428,15.57,0,0.008347429681528311,2371,0,11.111143866620875,150762,16.658474976980315,9891,105,3.638725874370307,878660,0,11263,226858,147999,888551,0,0
58484,AUSTIN COUNTY STATE BANK,417616,373149,1761,1.715066238468225,17.47,0.0012416556857741956,0.4101854335082947,2135,796,10.128080431136297,40819,0,5676,688,4.91363788613984,320132,0,2251,65639,39711,325808,22,21
58486,FINEMARK NATIONAL BANK&TRUST,3964325,3138508,4585,0.45407829904348923,4.82,0.031642063774879464,0.01833855700529094,656,69,10.237440590266845,412920,19.151060197541643,23128,0,1.8188678069120068,2619427,0,39891,342416,385476,2642555,221,10
58490,BENEFICIAL STATE BANK,1875868,1633038,-683,-0.14301740551140502,-1.56,1.6136439921414663,1.4065488616469815,19544,402,11.582728887027475,231755,0,22829,4366,3.710498192917818,1254253,2448,80913,323884,176664,1277082,7576,2420
58500,COMMUNITY VALLEY BANK,320430,282479,405,0.5128229478772454,4.51,-0.0060261043306975405,0.07802016040944981,371,0,10.823218249657582,34374,0,2741,25,4.502539790044023,265349,0,16,165364,34374,268090,1,5
58504,OLD DOMINION NATIONAL BANK,1440923,1184612,2303,0.6520013546793235,6.14,-0.0033183110626268993,0,561,0,11.332467366785156,156340,13.473220274025103,11920,20,2.778334905353123,1215387,0,51,467219,151752,1227307,0,10
58508,FIRST FARMBANK,365801,313262,979,1.0793766296767935,9.68,0,0.019409460334990886,2171,0,11.894252415799633,43007,15.288606860105494,2788,0,4.2067560715990595,281710,0,1115,25238,40930,284498,0,0
58509,FRONTIER BANK OF TEXAS,942568,792106,3817,1.6591333017111305,17.93,0.012623057661304154,0.12985800493969668,3724,132,9.888528174918676,91166,0,4550,72,4.29670588935948,745446,0,6435,345368,87190,749996,23,0
58511,PLATINUM BANK,636800,536103,1910,1.1998646226040988,14.63,0.2178196539246946,1.0172738693467336,790,0,8.525092047300308,54690,12.37259941922417,6666,735,3.810790713180064,553163,0,1033,213160,52948,559829,408,104
58513,BANK OF PRINCETON,2317714,2011439,5682,0.9759120030349112,8.62,-0.012842090714134516,1.1443172022087282,8292,0,10.913079977723118,252584,13.691715160114901,23942,268,3.5230401259368134,1832597,0,1168,842502,266171,1856539,84,143
58517,COMMUNITY BANK,178338,161861,662,1.5237218402048507,18.29,0.028143620412919682,0.16934136302975247,701,0,10.691293980295946,19414,17.614663035490423,915,22,4.795711071514387,111681,0,1482,17987,14851,112596,9,1
58534,SOLERA NATIONAL BANK,1111032,918164,4695,1.6458099545211355,20.79,0.0030780181410694192,0.5046659322143736,14533,1096,9.79885827096609,116344,14.613846328792016,10914,7,3.8301947015639963,755778,0,14872,203749,91260,766692,6,0
58536,THINK MUTUAL BANK,2142065,1805461,2733,0.5209767981372172,3.48,0.044693065479418766,0.06050236570785667,1461,183,16.54784524778316,353412,0,6285,132,2.6709749723220897,1217272,0,25848,64672,318689,1223557,154,17
58537,BANKFLORIDA,401347,344616,479,0.49724065175896287,4.67,-0.04694001170048821,0,86,0,10.908903042570554,41175,13.522600259310591,4198,150,3.504782555974807,285593,0,0,151913,41426,289791,0,34
58556,GOLD COAST BANK,451442,357132,1511,1.3204824436353468,9.82,0,0.3938490437309776,2900,0,13.658992319804902,62282,0,13533,-300,3.489520590569388,340054,0,1469,93954,62282,353587,0,0
58558,SOUTHERN STATES BANK,2851727,2434039,11651,1.6347236002082866,12.79,0.04224369263346645,0.2516019240270896,7371,0,11.990814892587453,335765,14.554402968725086,28876,775,3.92678819776229,2232395,0,6290,1344971,369977,2261271,332,95
58563,SELECT BANK,494476,446268,968,0.7921148566542149,11,-0.0018941187612463303,0.812577354613773,2206,0,8.66690332794725,42481,12.0030321248399,3587,25,2.8861443809780005,426168,0,2903,104100,35787,429755,0,2
58564,FLUSHING BANK,9008074,7778728,-5237,-0.232043658502584,-2.38,0.2606531563606148,0.7133933402412103,11150,0,9.558254436905262,856082,13.346165058707824,40037,4655,2.684110524965042,6731422,0,452,2707328,873677,6771459,4471,44
58581,TEXAS PARTNERS BANK,2442694,2224742,5340,0.8672694107866632,10.68,0,0,784,0,8.934210195632065,220405,12.140906390266066,21744,52,3.1473516751992356,1861930,0,11913,721397,204122,1883674,4,4
58584,AMERICAN PRIDE BANK,491161,418559,1058,0.932249967232471,8,0,0.002850389179922673,239,0,14.055417102246572,61982,0,4220,415,3.258004750869734,329508,0,270,256967,61154,333728,0,0
58586,TURTLE MOUNTAIN STATE BANK,134969,122612,736,2.2599390491981977,24.57,0.03227975790181574,0,118,0,10.53206997084548,12427,0,453,23,4.608928995296929,36802,0,2331,4165,12117,37255,6,3
58588,PARTNERS BANK OF CALIFORNIA,650188,563713,1264,0.7696593465811354,8.77,0,0,0,0,9.075093195270863,58475,16.134283221718903,8250,215,2.9779970683494494,385054,0,78,243705,58458,393304,0,0
58590,NANO BANC,996599,870172,-252,-0.1032961515010222,-0.87,0.9983907722035676,1.1641593057990225,18031,0,12.08146075694841,110675,18.82733513065447,24572,424,3.836969601616923,631328,0,0,206612,115675,655900,1603,0
58595,CHAIN BRIDGE BANK NA,1726751,1581591,6056,1.5489110018782721,18.83,0,0,0,0,9.069604479230675,145090,38.115225625152725,4476,-65,3.60877802418882,297526,0,32,44646,138497,302002,0,0
58596,CARTER BANK&TRUST,4693568,4201633,9547,0.8171883460998505,9.9,0.006236050085875606,5.582554679084228,2224,0,9.528000245222131,450713,12.109739184035135,73518,-2139,2.744413515130164,3613977,0,23621,1713238,394340,3687495,179,122
58597,PEOPLEFIRST BANK,245412,194336,578,0.906183368869936,8.11,-0.15199580860042952,1.0883738366502047,3002,232,11.144343302990897,29138,16.779832649363108,2371,0,3.3895415410064946,173147,0,21,96356,28748,175518,0,66
58602,RELIANCE BANK,300117,252836,555,0.746613753499752,9.17,0,0.9536280850468317,2545,632,9.02379720466543,26684,0,3760,30,3.5473005384793845,232854,0,1209,47149,24700,236614,0,0
58615,VICTORY BANK,466960,417620,831,0.7163075252156842,7.39,-0.009233811653326802,0.001713208840157615,56,8,10.275771934118962,47017,13.070532449578149,3565,-56,3.3306492936095453,381847,0,1201,180475,45589,385412,7,16
58619,MRV BANKS,762294,640395,1546,0.7802042106299039,6.79,1.5083823630088717,2.8635933117668513,17939,0,11.955674531210212,92494,0,11159,2168,3.5982842901303895,604061,12183,1001,250482,91981,615220,2343,2
58626,GBANK,1186200,1007457,5804,2.0145765232761863,15.67,0.38170295133229676,1.7175012645422358,15478,1153,14.234109647508753,159745,0,8997,721,4.45331564780632,875681,2454,0,792397,158736,884678,827,0
58629,STELLAR BANK,10432888,8603944,27403,1.0273938737942625,6.79,0.008856898399760864,0.5693246203735726,30667,0,11.222248968529165,1138930,15.402001313362673,83746,3631,4.270132724152441,7199387,0,16831,3363209,1620866,7283133,582,419
58636,FIRST CAHAWBA BANK,201495,185860,569,1.1694854726370716,15.75,0,0.07196208342638775,422,145,10.018854498330104,19289,0,1364,0,4.636306050109843,127006,0,2741,33554,14960,128370,0,0
58644,FIRST COLONY BANK OF FLORIDA,294806,268538,1391,1.8467839770579242,22.45,0,0.3222458158924852,39,950,9.061865323240049,27485,13.253190922627494,3095,45,3.684633157963537,198949,0,930,131066,24795,202044,0,0
58647,FIRST FOUNDATION BANK,12556723,9591386,7729,0.24567051020177066,2.59,0.00842844693025098,0.35855692603874434,16029,86,9.278370175547925,1162820,13.736321026735308,35200,3418,1.8106258697986641,8961586,0,148,849964,1197036,8996786,403,211
58648,CROSSFIRST BANK,7447108,6513746,-34524,-1.8276626944842957,-18.08,1.9357958022678246,0.7034945646014533,10595,5909,8.778095769037343,652977,10.26989398140789,112507,45192,1.2458995763480765,5925156,0,21849,2075254,764424,6037663,29792,39
58657,PROMISEONE BANK,796184,722765,2765,1.375935069798225,17.47,0.07125864788396269,0.8671362398641519,5100,0,10.09974955452547,82469,17.003196096747548,5530,220,3.053025128143625,600102,0,44,268417,64142,605632,110,4
58658,LOCUS BANK INC,334843,232475,799,0.9508904928802223,4.61,0,0.8427830356316243,851,0,20.948404642433065,71097,0,1808,7,3.325562697214235,275447,0,0,42082,69792,277255,0,0
58665,LIVE OAK BANKING CO,13503776,12445573,13192,0.4003678030173413,5.35,0.25041076662790424,3.644987890794397,18906,0,7.895725491020541,1036548,11.898058193142926,190184,28964,3.243805121760742,10871682,0,0,4160705,1001802,11061866,6923,149
58668,SPRING BANK,500108,410251,1766,1.4531137343315605,8.97,0.053103383333873634,1.0543722555927921,52,0,17.229780098809506,84362,0,4184,621,4.564248746520736,335338,0,0,195137,78656,339522,48,5
58675,HANOVER COMMUNITY BANK,2290246,1936408,1824,0.31713707289349546,3.31,0.09157444650291277,0.510731161630672,29070,0,8.950231085946598,201925,14.618952457674073,22925,600,2.7114507526229557,1954055,0,432,515975,220731,1976980,472,17
58678,GATEWAY COMMERCIAL BANK,214310,183250,594,1.1233245869087298,10.85,0,0,140,0,13.000636340847297,26968,0,1470,75,3.4746077719651445,135390,0,2548,63913,22628,136860,0,0
58680,GREAT NATIONS BANK,115223,103079,174,0.6218699880718903,7.17,0,0,0,0,9.188927794245389,10261,13.211454265767363,904,30,3.7046136160310756,93539,0,46,24749,9899,94443,0,0
58687,TOUCHMARK NATIONAL BANK,432478,373677,750,0.6808031661885916,5.74,0.6100329401620737,5.327901072424493,13839,0,11.97076884404065,53336,45.28367301453654,2092,295,2.7687921874447805,360744,0,0,340675,52673,362836,566,0
58689,SOUTH ATLANTIC BANK,1865179,1572856,3809,0.8349817683407861,10.84,0,0,0,0,8.66860362933345,157831,11.698518462604733,12648,397,3.080087321215567,1366660,0,5294,519192,143549,1379308,0,0
58691,BLUEHARBOR BANK,522293,457471,2393,1.859498312328501,16.95,-0.005531642725025498,0,0,0,12.081756125686912,61186,14.518486140913225,4125,27,4.030295364313631,430853,0,1344,183563,57721,434978,0,6
58692,INTRACOASTAL BANK,576623,510334,1651,1.1699760477344558,19.12,0,1.2358161224925124,2532,0,9.061480896639319,52794,11.867570073346487,5983,61,3.360926353004965,421486,0,148,311303,36113,427469,0,0
58694,PRIME MERIDIAN BANK,974668,872625,2284,0.9624678619907894,10.26,-0.001691732503256585,0.5169965567762561,6203,0,10.085504718429576,95577,14.630198013390833,5938,289,3.486895673385998,704452,0,2683,217287,89316,710390,22,25
58696,FVCBANK,2235305,1908034,5537,1.0001885401460677,8.91,-0.029847810809651185,0.482395019918982,1330,0,11.920199658469453,264699,15.073852728143212,18422,200,2.8932633221951978,1863712,0,634,843867,251979,1882134,49,189
58712,FREEDOM BANK,774815,654974,1017,0.5271198497941667,5.34,0,0.26135271000174237,2133,0,10.00892666703532,76020,12.94750575842018,4200,0,2.622778129362619,670728,0,23,282928,76020,674928,0,0
58716,THIRD COAST BANK,4894115,4248815,15337,1.2480506836987568,10.6,0.040027838456494366,0.5582418884721753,16325,1503,11.927996746625592,560511,13.633447778194272,40456,450,3.7925953937839174,3947583,0,455,1054129,589652,3988039,810,412
58722,MEADOWS BANK,1352720,1161824,4761,1.4268492510240214,10.56,0.013973602671684668,0.9329351233071146,14874,476,13.636542925193803,179776,0,14096,0,4.496719910612996,1161581,0,107,856213,178439,1175677,41,0
58723,BLACK HILLS CMTY BANK N A,511583,469905,1378,1.1140597493365565,13.63,0.004629582744387716,0,0,0,10.55370610538837,51104,0,5000,57,3.050491217561279,343217,0,266,140973,38590,348217,4,0
58724,NEBRASKA BANK OF COMMERCE,201395,170946,367,0.741281234930101,7.12,0,0.1772635864842722,0,272,10.329956119651769,20575,13.972179289026275,2204,35,3.0499820968111715,173947,0,702,84192,20789,176151,0,0
58727,ACCESS BANK,966272,807188,2229,0.9294732463698316,8.95,0.014667117544724525,0.000517452642734137,601,5,10.208938559037291,98748,12.872622506876061,10213,168,3.4271952885563657,727673,0,732,303055,101194,737886,33,6
58732,COMMUNITY STATE BANK,193701,169959,1012,2.1100587459537223,17.21,0.36683567938825534,0.6824951858792675,1645,34,12.52838516402094,23503,15.263032469466786,3569,175,4.407531186923,144972,0,721,22772,23025,148541,151,12
58739,TEXAS SECURITY BANK,1164413,1004706,2541,0.872674445810085,10.55,-0.002320997425433606,0,5859,0,9.863260783106782,119537,15.004654256084187,10988,200,3.224523025098512,850833,0,379,416769,97859,861821,0,5
58741,FIELDPOINT PRIVATE B&T,1118543,795452,-10610,-3.514021725000476,-63.36,0.2899252151170637,2.0354157149076966,7074,0,5.645151050544874,71135,10.770062550352097,9084,-1347,1.0999816699026395,782379,619,21912,225259,62241,791463,779,156
58745,FIRST NM BANK LAS CRUCES,158633,133612,631,1.6213941805824557,12.26,-0.004553759982695712,0,38,0,13.470926796680285,20971,0,1715,10,5.332941411129891,86803,0,1622,37946,20681,88518,0,1
58752,NORTHWEST BANK,1495006,1158124,5665,1.5451002559370615,11.4,0.8594201748319142,0.9472871680782553,458,0,14.271215150993328,203043,0,14315,1653,4.496402625008956,910600,0,0,419150,202224,924915,2011,116
58764,MINT NATIONAL BANK,428056,349981,1358,1.2436936694572691,8.48,1.7326311719534688,3.3722223260507973,2242,0,14.704038095411192,64721,0,7584,495,4.59726810681018,330830,0,208,197131,64721,338414,1490,0
58768,GUADALUPE BANK,242245,212778,1276,2.1433355659745477,22.45,0.0021863478971432633,0.27781791161840286,234,0,9.934954510670861,23369,14.874997071159118,1988,0,5.087160911427468,176992,0,1388,52416,23369,178980,3,2
58778,LIBERTY BANK,203816,167996,-165,-0.33793297662630245,-3.69,0.002733043175249561,0.11530007457706952,20,0,9.597611561732146,18163,14.546668467089766,1218,61,2.499195334835375,148777,0,8858,43115,17836,149995,1,0
58780,SPRING BANK,398446,296804,1090,1.12303115381148,9.47,0,2.6470337260256094,3604,0,12.597458093339714,49232,0,4650,63,3.253350641446017,327605,0,17,171205,46862,332255,0,0
58783,OAKWORTH CAPITAL BANK,1817074,1632701,5595,1.2416646739742534,13.97,0.024426229563811998,0.832107002796804,14725,9748,9.491057705935262,172106,11.73495810554757,17015,775,3.7581644906762928,1475398,0,4239,417154,163684,1492413,90,0
58789,GRAND RIVER BANK,516223,436653,368,0.28308672223269266,3.03,0.003380223369385528,0.08910877663335419,1084,0,9.474435727055273,49234,12.57324190557135,5083,-133,2.7028654757708686,461114,0,769,274337,48982,466197,4,0
58796,PARKSIDE FINANCIAL B&T,1103720,957369,2620,0.9432790467841204,9.18,-0.08850391918988743,0,0,0,11.536806508760513,121452,14.067435407809088,13900,474,3.759262744669836,790569,0,0,248614,116494,804469,0,176
58806,GENUBANK,201221,154087,794,1.5673617639728872,7.75,0,0.1654896854702044,600,333,18.336882486908642,34702,0,1045,55,3.8019750590003594,138164,0,0,67835,41411,139209,0,0
58811,ONE FLORIDA BANK,1899314,1706087,5148,1.1034006785335466,12.47,-0.0034236124576039915,0.034486135520508984,691,0,9.510400202110924,177681,10.96614103438088,12962,406,3.408176304834989,1525336,0,207,693421,168228,1538298,0,13
58816,ROYAL BUSINESS BANK,4001883,3171061,3701,0.37070610448082614,2.44,0.34058192087301337,1.6182382143605896,5917,0,14.271044979750211,553969,23.09655024799884,51932,6746,3.0315124414755212,3091786,16,4870,611736,609528,3143718,2727,84
58826,REDSTONE BANK,239111,207015,346,0.5827110801417201,4.45,0,0.8661249377903986,0,0,12.70591003832448,30236,16.86546047875746,2829,0,4.0964081402982275,152694,0,88,90898,31273,155523,0,0
58827,OAK VIEW NATIONAL BANK,731338,625061,1618,0.9078564935866503,12.41,0.01604698062172792,0,33,0,7.689439613023591,54652,16.540331971049568,3065,84,2.975507341589928,324567,0,4422,103636,52395,327632,17,4
58852,LIBERTY CAPITAL BANK,419858,369299,2093,1.9799943003030773,16.79,0,0,260,0,11.790074782812598,51286,15.164711957737417,3914,137,4.129032258064516,355798,0,0,127856,49243,359712,0,0
58857,NEW HORIZON BANK NA,213756,182385,-523,-1.0144555060396956,-8.33,0.23075074112651228,0.18619360392222908,265,61,14.47528609690772,29725,0,1151,60,3.397818539091544,96665,0,3433,51679,29924,97816,54,0
58859,CORNERSTONE BANK,221957,185730,432,0.776377981057815,7.66,-0.02318316438602287,0.9335141491369949,307,193,10.28629155917955,22808,0,1464,0,3.6779028210966445,171160,0,9518,57326,22808,172624,5,15
58864,COASTAL CAROLINA NB,1106551,1004746,2606,0.9494999731290779,11.03,0.0014102350156653606,0,0,0,9.038573895670412,98081,12.761362743019408,8850,335,3.5078586445089597,855354,0,28544,338686,96240,864204,3,0
58892,GUARANTY BANK,2332497,1841624,4172,0.7142721095103097,4.35,0.17775132932561713,0.5067959358575809,11555,342,12.545184791033492,277260,14.702251415707865,23259,1374,2.683790657123153,1771656,0,13299,605258,385073,1794915,804,2
58927,EVERCORE TRUST CO NA,14739,0,61,1.6558089033659067,1.74,0,0,0,0,101.4623905017013,14015,703.9176293319939,0,0,4.572857589425267,0,0,0,0,14015,0,0,0
58935,R BANK,1006069,898948,1313,0.534679602003725,5.82,0.004975993939239382,1.6616156545922793,13741,0,9.156402950837025,91687,13.121327925960587,9069,-135,3.589024160025467,788748,0,1572,336245,91313,797817,17,7
58952,NEW HAVEN BANK,197900,145138,-188,-0.378228712689523,-4.82,0.009489438551437206,0,2109,0,8.188337345481509,16123,11.872088963259175,1931,0,2.5413728822997514,165529,0,0,62344,15578,167460,4,0
58961,LAKESIDE BANK,361658,263769,401,0.4411993249980402,4.7,0.006707836010179141,0.6566977641860542,5163,0,9.641172920903829,34510,15.076099695929054,2180,389,2.5307443178364797,234278,0,2885,122924,34401,236458,9,5
58979,BANKUNITED NATIONAL ASSN,34811275,28520672,69109,0.7896154412327901,8.59,0.32090869014975787,1.477472456840492,215283,250163,9.52851413679197,3359004,14.321816567842225,219747,15111,2.9027724744775765,23770152,0,0,6455357,3200781,23989899,22758,3388
58999,CANANDAIGUA NATL TR CO OF FL,6521,1,127,7.759871687161078,10.15,0,0,0,0,79.93690851735016,5068,215.0190920661858,0,0,1.0743801652892562,0,0,0,0,5068,0,0,0
59025,BROWN BROTHERS HARRIMAN TR N,16350,0,1255,28.920382532549834,65.92,0,0,0,0,49.79198070545674,8258,0,0,0,2.2852789944772427,0,0,0,0,8250,0,0,0
59043,STIFEL TRUST CO DELAWARE NA,302374,279435,1810,2.224102947704397,38.72,0,0,0,0,11.623166964566343,36611,47.51404877162473,0,0,2.8056501438325525,0,0,0,0,20596,0,0,0
59046,NEUBERGER BERMAN TRUST CO NA,27970,0,373,5.341543749104969,7.92,0,0,0,0,77.07978938841636,19031,154.33460384397048,0,0,3.7954945091403736,0,0,0,0,19031,0,0,0
59047,NEUBERGER BERMAN TR CO DE NA,8632,0,82,3.797175272053716,4.55,0,0,0,0,94.61187214611873,7252,171.36105860113423,0,0,4.017752861480963,0,0,0,0,7252,0,0,0
59052,NBH BANK,10061641,8545676,26283,1.0601775715749948,8.71,0.7837066973278909,0.3602493867551029,17003,1012,9.854962948796338,949171,13.499425040209543,90170,10185,3.8976010912853134,7566646,0,7474,2263650,1224539,7656816,15251,133
59069,KEY NATIONAL TR CO OF DE,8755,0,203,9.403590040532714,9.59,0,0,0,0,99.87176498018187,8567,477.0044543429844,0,0,0,0,0,0,0,8567,0,0,0
59070,HARBORONE BANK,5706465,4642972,5614,0.3918622960711948,4.17,0.7127936553224571,0.5415261462218729,10429,0,9.197829602002033,525104,12.184785640941666,49323,1385,2.388246815659872,4791014,0,5590,1771662,538890,4840337,8716,47
59074,BANK OF BIRD-IN-HAND,1614930,1345743,2461,0.6139727448242828,6.64,0.005384394395553907,0.024087731356777074,3288,0,9.33866608339713,149435,11.120552145510294,8345,194,2.5498656669342346,1427203,0,353,270418,149435,1435548,19,0
59086,PRIMARY BANK,699078,590147,2415,1.3722351096154475,9.54,-0.0006645992092930908,0.5880602736747544,5858,100,15.010426651252295,102573,16.879372769820016,5883,89,3.787884264232397,598779,0,0,338139,102573,604662,0,1
59093,INTERNATIONAL BK OF COM,1643212,1176257,4967,1.2298713642949177,9.07,0.09126364498442102,0.8269170380936848,308,1,13.569137223848246,224990,20.09763688258784,18679,731,3.8592355348120986,625592,0,1345,283318,214736,644271,187,43
59098,INFINITY BANK,338676,289040,1261,1.5026618325681993,13.67,0.42603613318954614,0.16033022711972506,0,0,12.230461118824412,39817,18.49093149509273,3682,211,5.560259450089972,220679,0,0,42895,37538,224361,266,26
59099,ENDEAVOR BANK,704358,626698,1732,1.0025788040253656,9.52,0,0.34286541786989005,0,0,10.572661969489367,73768,11.652525229582457,8159,332,4.447163274465397,589687,0,346,323287,73807,597846,0,0
59105,WINTER PARK NATIONAL BANK,803539,746376,3608,1.7563299130414676,32.33,-0.2191857687064094,0.023272050267628578,3772,0,6.918362230330528,56845,12.56646359732348,5862,-125,2.8487716245233434,444308,0,1387,166129,47074,450170,0,250
59106,BEACON COMMUNITY BANK,836761,672770,806,0.3983928358489295,5.57,0.04100029642106196,0.03585253136797724,263,0,8.14196136622458,64417,10.24917560219257,5981,205,2.443878281867109,745675,0,94,214650,60751,751656,74,0
59108,CHARLES SCHWAB TRUST BANK,9831340,9004509,47501,1.9061973032189927,24.2,0,0,0,0,12.188000559442846,1281886,86.92001833483863,0,0,2.3990036291431776,0,0,0,0,791513,0,0,0
59112,STUDIO BANK,1049482,924538,1945,0.7518724329548201,8.17,0.0005215198653435708,0.5673275006145889,1967,64,9.80278883507935,102322,13.046103380112589,9080,203,3.028594244546204,763742,129,225,309804,96494,772822,2,1
59113,GRASSHOPPER BANK N A,938977,840398,220,0.09742795728448354,1.2,0.3408745655701868,0.9975750204744098,4887,0,10.809463279931622,98645,13.989862011455099,5551,326,3.0048088762851535,700055,0,100201,244936,89326,705606,575,0
59114,COMMERCEONE BANK,779786,701683,2915,1.4984864130591933,15.45,-0.04974730629642611,0,2334,0,10.207631181219863,80169,13.419373315723169,7534,179,3.6355428485441275,620279,0,1252,197050,76977,627813,0,77
59117,LEXICON BANK,401406,369171,561,0.6514724176623347,7.88,0.009173128466797575,0.11086032595427073,1587,0,9.335107187131497,30874,17.530180821340082,2885,307,3.7864198016090165,173572,0,0,128218,28972,176457,4,0
59138,MI BANK,261032,236996,132,0.1967154481237519,2.42,0,1.2040669343222288,2132,0,8.0297091282526,22206,11.865557143471674,2720,350,2.815485168426345,190873,0,0,70543,22000,193593,0,0
59140,GULFSIDE BANK,320374,289949,849,1.1097458956394437,12.62,0,0.04432319726319864,0,0,10.243305098896926,31285,0,2398,52,3.8418456275949406,219369,0,502,101142,27616,221767,0,0
59143,NEW VALLEY BANK&TRUST,340754,278018,-439,-0.5274286950044453,-6.67,-0.007810776137297823,2.8533780968088416,652,250,8.569528767270995,28611,11.102891844002134,5738,613,2.7538860482222334,251824,0,28,124090,26171,257562,0,5
59144,OHIO STATE BANK,455432,368054,521,0.455875356152622,4.3,0,0,0,0,11.077023527885979,49538,0,4399,-61,1.7273097909557507,396344,0,0,140192,48770,400743,0,0
59148,WATERMARK BANK,371128,315336,1112,1.2137021736401787,9.07,-0.01915151929686565,0,0,0,13.693332027807696,50346,16.376353913114293,3650,100,4.102540919455142,292860,0,431,91321,49751,296510,0,14
59149,GENERATIONS COMMERCIAL BANK,17381,8319,31,0.6979624000900597,1.39,0,0,0,0,56.185942313077575,10032,249.11845045939907,0,0,1.4048016581265472,0,0,0,0,8891,0,0,0
59154,PIERMONT BANK,488742,368303,-1159,-0.8920350849174684,-7.3,0.8529423254723738,2.171902557995834,3578,0,13.451768202312964,68708,21.460692993885345,4997,484,1.9532380889331988,300121,0,0,44787,63529,305118,655,0
59157,AMERICAN BK OF THE CAROLINAS,192369,165759,507,1.0416185149231882,9.28,0,0,0,0,13.092227325466377,24486,0,1403,134,4.425086638169339,136516,0,583,44181,22401,137919,0,0
59176,MILLYARD BANK,253661,203852,121,0.19713181357195517,1.77,0,0,0,0,11.453458191464575,28021,0,1805,99,2.8022107639942035,191538,0,0,93629,27423,193343,0,0
59177,SQUARE FINL SERVICES INC,1016616,330219,52356,21.50460565802046,33.82,3.8439820954548503,0.9224722018933403,1036,0,67.20339405624625,646916,122.50743852443658,26496,7788,16.271996110487816,457946,0,0,0,646843,484442,6032,1590
59178,TANDEM BANK,249064,219905,425,0.7056108514647651,6.84,0,0,0,0,10.737782344265282,25918,15.33962428248391,2488,47,3.9002057189432677,172312,0,83,93112,25095,174800,0,0
59181,GULF ATLANTIC BANK,178109,158183,437,0.9958411667521221,12.2,0.09799736446481933,0.05614539411259397,2833,0,9.015407095429444,16782,12.12658681918731,1473,101,4.575977354968897,135025,0,11355,52075,15534,136498,33,0
59182,LOYAL TRUST BANK,210372,154968,301,0.5976253822022793,5.05,0,0.08318597531990948,362,0,12.318076462647412,24181,17.969655904664776,1544,42,2.509968107238439,142290,0,1467,85761,24162,143834,0,0
59183,TRUSTAR BANK,997358,831677,1010,0.4166666666666667,4.46,0,0.02697125806380457,0,0,10.366014792307668,100028,14.010205603356049,7711,79,2.7963816120621363,762548,0,871,299500,99710,770259,0,0
59185,GULF CAPITAL BANK,568806,421104,347,0.2506023574315425,1.96,0,0.7109629645256906,3086,0,14.106256352842392,76606,18.900603298662354,3134,492,2.7149304466157123,266417,0,12,90973,72242,269551,0,0
59188,TRIAD BUSINESS BANK,521205,453662,199,0.15214561635221327,1.82,0.12191290980182468,0,14470,0,10.670519672271377,57382,12.343199697261538,3836,-165,2.2862103032062633,370565,0,0,190806,45162,374401,114,0
59190,VARO BANK NATIONAL ASSN,355299,214653,-25053,-24.96207563948318,-135.77,17.791036680452912,0.13819346522224943,2164,482,23.08367837093138,78331,0,4885,3526,4.615637094678683,80250,44657,0,0,87547,85135,4739,1131
59193,FOUNDERS BANK,364526,296971,122,0.13879566320435954,0.96,0,0,0,0,14.67064771911046,52083,0,2883,263,3.6287081567190675,302798,0,849,144485,51016,305681,0,0
59194,ADP TRUST CO NATIONAL ASSN,40879,0,8026,88.10945068818356,103.55,0,0,0,0,98.55060227400652,35017,448.53336749071343,0,0,3.511203511203511,0,0,0,0,35017,0,0,0
59195,FWBANK,181646,158015,171,0.38703106433542694,3.21,0.006284071449892385,1.0300254340860795,2,0,13.122534197264219,22784,0,1734,125,4.96274196105562,126381,0,0,77682,21680,128115,7,5
59199,RIVERSIDE BANK OF DUBLIN,235192,206380,169,0.2971702882463876,2.96,0,0,291,0,10.262248569128758,23076,0,1575,70,2.2760161665142014,185488,0,708,57979,23011,187063,0,0
59203,SCOTTSDALE COMMUNITY BANK,82434,65855,-142,-0.7192468168896374,-4.34,0,0,0,0,18.060756823989077,13359,0,684,35,3.1137259972845412,59509,0,0,11824,13092,60193,0,0
59204,LEGACY BANK,75514,58429,-887,-4.722763908393288,-32.05,-0.006377449339136812,0.956114098048044,0,0,14.270363206533418,10624,0,665,-52,4.944550399095854,62637,0,18,35000,10625,63302,0,1
59205,NELNET BANK,1689633,1381972,3439,0.8765504591598918,7.47,1.018169878189365,0.3961215246151087,10827,6693,12.630282216923849,187420,0,16859,2325,3.2685022734594456,743026,0,754195,0,189634,759885,1966,183
59206,ROCKPOINTBANK NATIONAL ASSN,318892,267261,267,0.34135147056003373,2.76,0,0,322,0,13.036934866888169,40454,17.002248650018213,2336,91,2.800359225861591,251063,0,393,96310,39103,253399,0,0
59209,CRAFT BANK,260763,226580,1227,1.8728142391882945,15.9,0.14713895204879496,1.5753768747866836,46,0,12.415816366392175,31783,14.000444830863174,2838,110,5.216923521383529,222302,0,2179,83827,31522,225140,82,2
59219,CLASSIC CITY BANK,250588,221072,1184,1.9747609209157455,18.03,0,0,0,0,11.33616957192877,27099,0,1530,0,4.683842808195846,150426,0,98,55952,26954,151956,0,0
59239,AGILITY BANK NATIONAL ASSN,126417,93649,-680,-2.364816400697273,-9.21,0,0.3338158633728059,178,0,25.71554381329811,29200,0,2075,478,4.919250807947744,94929,0,36,43028,29194,97004,0,0
59245,GENESIS BANK,241577,190237,-1901,-3.5658431244739046,-18.11,0,0,0,0,21.05071441397532,41031,40.706730769230774,1637,-11,2.66635435576116,136392,0,0,20240,41031,138029,0,0
59249,FIRST BANK OF CENTRAL OHIO,207244,178804,-187,-0.37121403864000674,-2.86,0,0.10808515566192507,228,0,12.807803983495491,25143,0,2212,77,3.0262362595146137,162045,0,6,44197,26200,164257,0,0
59255,CHILTON TRUST CO NA,22218,0,786,13.555814254300866,19.92,0,0,0,0,65.9824301991824,15172,168.82163124513184,0,0,4.7018835858943495,0,0,0,0,15176,0,0,0
59257,CLIMATE FIRST BANK,1031563,870922,1127,0.4693542786671296,5.18,0.0014611498518759339,0,0,0,9.878378780219453,93016,10.879427148062552,8696,1244,3.21898479749884,864571,0,118860,289875,94649,873267,4,1
59262,INTEGRITY BANK FOR BUSINESS,91605,55785,-53,-0.2339258719807563,-1,0,0,0,0,28.740527082001115,21124,43.232245525953516,218,-5,2.9416151348622694,43324,0,0,22462,21196,43542,0,0
59265,WATERFALL BANK,314876,271198,-87,-0.11614653821571548,-0.83,-0.0015519937299453312,0,0,0,13.93901762797632,41980,15.811069180588474,2154,371,3.0042911132154346,259994,0,297,147511,41843,262148,0,1
59273,GAINEY BUSINESS BANK,54866,38941,-471,-3.5240972306656313,-21.18,0,0,5,0,16.41788224623989,8689,0,834,0,4.696518200988011,50856,0,0,18910,8689,51690,0,0
59276,ANCHORAGE DIGITAL BANK NA,68593,0,6367,40.17763474447258,45.65,0,0,0,0,90.70142018615745,58565,0,0,0,3.2676269901440484,0,0,0,0,59103,0,0,0
59278,LOCALITY BANK,303213,255391,-497,-0.6803361298524855,-5.06,0,0.8660578537199922,0,0,15.883115859469607,44332,0,3981,779,3.3953451481850303,231864,0,0,153495,46574,235845,0,0
59281,GULF COAST BUSINESS BANK,130347,113189,-486,-1.6064323401934495,-11.87,0,0,185,0,13.454964753602331,16453,0,1320,183,4.006994457781334,100185,0,0,58534,16332,101505,0,0
59283,INTEGRO BANK,119569,93418,-927,-3.2056435926031592,-25.18,0,0.6247438717393304,49,0,12.883553553278576,14070,0,806,113,3.995475133353901,91620,0,0,49830,14326,92426,0,0
59285,MOULTRIE BANK&TRUST,131112,111427,76,0.23256169770039323,1.57,0,0.009152480322167308,19,0,16.456670274658368,19461,0,315,73,3.168407760303065,26608,0,127,8893,19460,26923,0,0
59287,ENTREBANK,388680,346567,1178,1.2547682926017403,12.58,0,0,0,0,10.02435064935065,38038,0,3379,352,3.69861247752485,311819,0,3,138402,38038,315198,0,0
59289,WALDEN MUTUAL BANK,130262,113554,-204,-0.6424488639047664,-5.18,0.14361406982690153,3.5067786461132178,174,0,12.216135224984782,15654,0,655,113,3.9161332190326634,96952,0,0,23234,15654,97607,47,14
59290,BEACH CITIES COMMERCIAL BANK,153845,132051,-242,-0.6801788982928775,-6.39,0,0,0,0,11.196586964182618,14933,0,1214,0,3.4419265509692196,122269,0,0,67226,15089,123483,0,0
59292,ADELPHI BANK,77743,57226,-474,-2.599093881299821,-9.85,0.007096161863452105,0,1875,0,25.982898989485744,19053,0,951,119,5.195248595205918,59967,0,2332,21615,19053,60918,1,0
59296,BANK IRVINE,243588,175919,290,0.5079976789761219,2.42,0,0,0,0,28.241382694137375,66193,0,2318,290,3.706092456598419,189164,0,0,54959,66193,191482,0,0
59298,BANK OF BURLINGTON,273586,247768,14,0.020944640696558908,0.23,0,0,0,0,9.26253382406686,25091,17.828806628936608,1172,52,2.3155488648353684,142208,0,0,67969,24927,143380,0,0
59304,TEXAS TRADITIONS BANK,285036,237661,578,0.8200733525818831,5.66,-0.0019267312282189057,0,0,0,14.641615923713236,40781,0,1857,129,5.65906336652123,212325,0,233,83199,41271,214182,0,1
59305,COMMUNITY UNITY BANK,67073,43838,-445,-2.7103365842145735,-8.12,0,0,0,0,32.988355078648944,21643,49.516384837045145,507,25,3.5969505498877945,40158,0,0,20840,21745,40665,0,0
59306,EVERMORE BANK,215213,174339,34,0.0661277578557102,0.36,0,0,0,0,18.963705001357052,38429,23.01702520786591,1653,291,3.5160818531936506,173646,0,232,100803,38422,175299,0,0
59312,GS&L MUNICIPAL BANK,38704,24243,191,2.069703496010945,5.51,0,0,0,0,36.98837269930653,14188,83.78410298807134,0,0,4.413516393956492,0,0,0,0,14025,0,0,0
59314,ICON BUSINESS BANK,121127,101731,-1298,-4.763783501087266,-33.74,0.38010592657806846,0.013209276214221438,25,0,14.328880856231116,15222,0,908,176,3.817298233765471,75040,0,0,30240,15247,75948,73,5
59318,ZENITH BANK&TRUST,116961,93718,-199,-0.7624557588877342,-3.69,0,0,0,0,19.89703631556978,21450,54.524303905135966,330,144,3.291209007519389,40260,0,0,7966,21443,40590,0,0
59321,HIGHTOWER TRUST CO NA,18844,0,68,1.474174841472007,1.76,0,0,0,0,86.45451985356237,15350,0,0,0,4.150354880804609,0,0,0,0,15448,0,0,0
59324,NAVE BANK,232059,154000,-1748,-2.8842088328895508,-9.03,0,0,0,0,32.70271420062963,76871,129.29801103125521,470,-103,2.5903838986209466,45919,0,0,19588,76837,46389,0,0
59326,NOVA BANK,80846,55682,-299,-1.871718428445112,-4.88,0,0,0,0,36.23770028835578,24380,0,590,75,3.7343869487637016,39917,0,109,5075,24380,40507,0,0
59330,FORTUNA BANK,37330,16314,-333,-4.493548115037531,-6.71,0,0,0,0,62.22928923517252,19568,0,31,31,3.3801580333625987,2954,0,0,1779,19677,2985,0,0
59337,DAYFORCE NATIONAL TRUST BANK,19371,0,978,21.127102854211106,24.34,0,0,0,0,88.8239395076956,16563,0,0,0,4.365148103239217,0,0,0,0,16563,0,0,0
59339,ALTOS BANK,28563,4073,-1016,-14.753235438258944,-17.32,0,0,0,0,85.73133882941023,22982,0,0,0,4.233792513036034,0,0,0,0,22982,0,0,0
59342,INTEGRITY BANK SSB,82165,44365,-858,-5.330558295215389,-9.16,0,0,0,0,57.80513684736136,37045,80.36927811257854,558,377,4.63453111305872,36874,0,0,24927,37046,37432,0,0
59344,TIAA TRUST NATIONAL ASSN,249271,0,25034,41.77590134252267,49.91,0,0,0,0,89.5267574400887,213165,274.1566241817036,0,0,3.50180586964106,0,0,0,0,213165,0,0,0
59346,BESSEMER TR CO OF NEVADA NA,9661,0,-586,-23.484620779481013,-31.17,0,0,0,0,71.5431060081164,7228,0,0,0,4.35773001881747,0,0,0,0,7228,0,0,0
59349,INSPIRE TRUST CO NA,10732,0,368,13.98508384399791,14.21,0,0,0,0,97.56661732050334,10545,313.65258774538967,0,0,3.194011228945727,0,0,0,0,10545,0,0,0
59352,FOUR STATES BANK,61835,39105,-178,-1.2491885537835323,-3.22,0,0,0,0,40.65686834971508,22047,0,415,139,4.499498340665277,34507,0,0,10137,22047,34922,0,0
59354,BANKMIAMI,40477,2648,-851,-8.409714158658003,-9.01,0,0,0,0,96.39618812771313,37528,433.09867282169654,0,0,0.6250160096313943,0,0,0,0,37799,0,0,0
59357,PREFERRED LEGACY NATL TR BK,7484,0,-124,-6.847045831032579,-6.99,0,0,0,0,100.09548492702223,7338,98.04917156600749,0,0,4.166214603450146,0,0,0,0,7338,0,0,0
59358,GALA BANK,19100,8948,-179,-4.859178825924669,-7.01,0,0,0,0,84.87313234904076,9600,115.73951700108134,33,33,3.348129359543437,3390,0,32,1035,10131,3423,0,0
59363,PAYCOM NATIONAL TRUST BANK,12412,0,1692,56.59572688882385,64.9,0,0,0,0,120.93746648074655,11275,241.27969184677934,0,0,9.736112784672853,0,0,0,0,11275,0,0,0
59366,FUNDBANK NATIONAL ASSN,28474,0,-2100,-30.825122474816975,-32.6,0,0,0,0,87.22509828344556,22409,326.1388444185708,0,0,4.216596089737814,0,0,0,0,25504,0,0,0
90040,HOME LOAN STATE BANK,192916,177129,229,0.46452188729765914,7.37,0,2.1304609259988805,0,0,8.336793719158306,17266,17.22213495708095,1600,0,3.0981710634617263,78327,0,577,18130,12946,79927,0,0
90140,ADAMS COMMUNITY BANK,1046097,799404,1082,0.4159344807089722,4.47,-0.0032228379505282864,0.26259515131006017,1177,0,9.518142467854753,98534,15.710732629622173,5250,0,2.4613502873087265,866590,0,1466,85336,98030,871840,4,11
90141,BANKPROV,1553926,1203222,2138,0.5435012295825584,4.14,-0.0009026119332819345,2.021910953288638,3904,0,13.795153570574955,207205,0,21160,-12,3.5117437492725925,1311195,0,0,486644,208057,1332355,7,10
90146,ATHOL SAVINGS BANK,675710,547517,369,0.22423602512780388,2.25,0.032509866163847406,0.08361575231978216,450,0,12.012728838082483,80369,17.20695285050322,4617,0,2.385496183206107,428208,0,19414,61323,66815,432825,47,12
90169,BLUESTONE BANK,1595368,1288587,910,0.22976381983612917,3.17,-0.0013845369718964956,0.08136053875970936,2347,30,9.285621849483565,149964,0,7218,207,2.16979141233557,1156781,0,22068,264791,116771,1163999,0,4
90173,EAST CAMBRIDGE SAVINGS BANK,1622577,1296260,1285,0.31481990188521386,3.53,0.008561404957129912,0.1593144732114408,491,0,9.318961281324604,150206,14.864233702604658,7876,83,2.2881254525744166,1296115,0,8962,228583,146860,1303991,30,2
90175,BANK OF CANTON,743303,625516,1425,0.7711231950474952,5.34,-0.009907583207027525,0.02354356164309844,57,0,14.813966600907769,110611,24.197033251903772,5140,0,3.855795545148292,516719,0,586,178057,107635,521859,0,13
90181,CLINTON SAVINGS BANK,749770,597337,-298,-0.15981165820683813,-1.99,0.13057764753175602,2.016351681182229,1828,0,10.269080247709633,78037,15.942454602615221,7095,90,2.5017898796738955,529434,0,6232,115297,60765,536529,186,11
90183,MIDDLESEX SAVINGS BANK,6138950,5276650,4350,0.2848916785351066,2.43,0.07692717676565475,0.035901905048909014,5247,0,12.657971883700315,772454,18.17484281229798,34414,527,2.0930584903792018,3534810,0,14054,1121210,725880,3569224,694,3
90188,BANKESB,2031813,1742336,2509,0.4985223402434842,5.19,0.003362865497690582,1.9428461182205252,1730,0,9.78485793407226,198506,12.65673248484446,18345,700,2.7079240854832958,1632344,0,724,621523,194623,1650689,19,5
90190,MARTHAS VINEYARD BANK,1291336,1029225,1675,0.5154131613443206,5,0,0.007046965313442822,1188,0,11.210191374871128,146683,0,8717,-151,2.5807919387896643,1117333,0,3936,224738,135809,1126050,0,0
90191,EAGLE BANK,636419,548565,672,0.4246277793136132,4.24,0.001569247457573924,0.04572459338894659,730,0,11.126568352387753,71503,0,4526,0,3.172344571560517,507710,0,339,153863,64113,512236,2,0
90196,BAYCOAST BANK,2958260,2418707,1477,0.20097285420742692,2.33,0.028362608257918625,0.20245008890361227,6892,0,8.105177899992844,235565,11.93735300747001,26207,1440,2.848062932692824,2296877,1574,118048,766390,254004,2323084,186,20
90203,CAPE ANN SAVINGS BANK,979385,721280,2266,0.919384466824969,4.65,0.001152423077560234,0.36951760543606443,1856,0,20.330474689600972,199703,27.59954499839892,6113,60,2.247697071056471,691112,0,1907,106399,197044,697225,4,2
90206,GREENFIELD SAVINGS BANK,1295247,1125528,1346,0.42557143675810055,4.33,0.005213066551310861,0.27600913184898324,6486,0,11.285924477451324,142211,18.889153694667787,8179,190,2.8721297043503777,999255,0,1407,155123,125948,1007434,17,4
90208,PENTUCKET BANK,1080144,856755,105,0.038964490824558204,0.39,0.012014246123383997,0.7018508643292005,920,1030,11.311836180887893,123054,0,7930,168,2.400154771885092,856790,0,2753,290301,108166,864720,31,5
90211,HINGHAM INST FOR SVG,4523473,2589626,7124,0.6345655393901726,6.56,0,0.040544068683509335,3979,0,9.902990494593897,437557,13.790518289969441,27280,300,1.4697891107000405,3924153,0,173,1198714,437557,3951433,0,0
90213,PEOPLESBANK,4308780,3473066,5329,0.4944285170855716,5.75,0.21062596838258424,0.16856279503711027,8158,0,9.140477387410218,396011,12.176280041274028,17358,2982,2.79021344627848,3391299,0,367182,859269,376710,3408657,1917,126
90215,AVIDIA BANK,2709220,2145099,-11328,-1.6871588527155972,-21.34,3.102044092477818,0.43853950583562795,2267,0,8.011407587586099,214282,11.18478974112092,21849,17616,3.0839933713789303,2212671,0,2321,548944,208568,2234520,17231,33
90227,LOWELL FIVE CENT SB,1732788,1495374,2873,0.6768919046272736,5.55,-0.00030536623909031396,1.1108110166967915,2829,0,13.001476404863022,221123,17.59830733362819,14884,447,3.4118878008450406,1308247,0,788,483605,209451,1323131,7,8
90229,WASHINGTON SAVINGS BANK,293259,229016,25,0.034308907106918564,0.37,0.0033898017813408362,0.26699947827688153,663,0,9.907158351409977,28545,17.61608732451916,1547,7,2.3017316200014313,235628,0,206,26925,27029,237175,2,0
90234,MARBLEHEAD BANK,269878,238597,318,0.4794780022503803,5.12,0.024684149690380065,0.09189337404308615,0,25,9.805230940456317,25549,17.31998419863098,1171,-20,3.8676566408983772,207700,0,264,20645,25414,208871,13,0
90235,MAIN STREET BANK,1627695,1370450,2869,0.7079899341549619,7.41,0.007124158876163937,0.6904241888068711,726,0,10.627339080429193,179776,16.076936336570533,11693,-1244,2.775242063467509,1328578,0,8957,347395,157235,1340271,30,6
90245,MONSON SAVINGS BANK,741456,668089,1204,0.6608911876143282,7.43,-0.03882974217051199,0.08011264323169548,678,0,9.48985793357181,69798,0,4012,113,3.074568685483289,567626,0,1950,133710,65478,571638,7,62
90250,INSTITUTION SVG NEWBURYPORT&,5325960,3318864,-8617,-0.6461695128270311,-5.67,0.0014628710526710378,0.013762777039256772,5818,339,11.322577774148309,601741,15.394584303574819,14149,0,1.0922844047779605,4084708,0,2719,470737,609278,4098857,15,0
90251,NEWBURYPORT FIVE CENTS SB,1611460,1328514,197,0.04860174386510919,0.57,0.15865746827589264,0.9727203902051555,1385,0,9.44389183399351,154471,12.701071516718315,18125,298,2.554154762518109,1325380,0,25578,478762,137826,1343505,657,120
90253,MOUNTAINONE BANK,997538,753627,2393,0.9664191555342186,6.27,0.4258659956863637,0.22766050015137268,811,66,14.448075500718826,142405,17.89683205718892,7601,509,3.532739911988994,743734,0,11516,251751,154726,751335,886,92
90258,NORTH BROOKFIELD SB,428835,374481,341,0.32179829569582985,3.82,0.035544813123145,0.26047314235078756,839,0,10.786880859319005,45150,0,1748,41,2.615491661163005,282490,0,1933,53998,36561,284238,25,0
90259,NORTH EASTON SAVINGS BANK,1730065,1552751,2615,0.6099459678839539,6.79,0.03311760028618606,0.37570842714002073,3853,500,8.69496951148065,148412,13.381784433430912,6329,16,2.8286828594909275,1279185,0,12166,259343,156389,1285514,665,559
90268,SEAMENS BANK,472612,417058,628,0.534200984614076,4.59,0,0.4608431440589744,1779,0,11.853872038126251,55765,0,2100,0,3.468378146120913,340697,0,38,101054,55251,342797,0,0
90282,CORNERSTONE BANK,1705834,1349607,1624,0.3840243278465818,4.26,-0.03356579378275357,0.20388853780614058,1421,20,9.74904299627307,162025,13.94198523806808,11487,-326,2.3326321100980394,1348168,0,27027,461196,151254,1359655,42,155
90290,UNIBANK FOR SAVINGS,2733614,2277829,4111,0.6198903995774915,8.49,0.04866816107890863,0.16772667977263797,8963,0,8.88182193204133,247815,14.101580990985246,27422,825,2.768207790093879,2048577,0,686935,435255,198253,2075999,501,252
90291,SAVINGS BANK,833245,735274,283,0.13638357035801893,1.46,0.011807682373344156,1.5923287868514064,2012,0,9.730176310354118,81264,0,5939,68,2.392375556173973,604307,0,35,77177,78588,610246,18,0
90297,WEBSTER FIVE CENTS SB,1302156,988423,2341,0.7200124871879453,6.72,-0.0015900344590280416,0.31378728815902246,1636,0,11.51130514663806,150872,0,8775,-255,3.2198171808429885,995586,0,1914,465550,141666,1004361,17,21
90300,WESTFIELD BANK,2707580,2329915,2993,0.4468359632035884,4.95,0.005590698234833424,0.2196795662547367,1515,0,9.263138176492626,250217,13.56221759900676,19669,142,2.5376490137415133,2059892,0,257,776242,242981,2079561,61,32
90303,SOUTH SHORE BANK,2289303,2014506,2258,0.3975032815365843,4.2,0.005647295587151889,0.24299972524388425,1836,0,10.475718363326033,232245,15.258607837471219,15274,150,2.7500576967459036,1547976,1224,4164,606858,218485,1563250,31,9
90308,WINCHESTER SAVINGS BANK,923745,705256,305,0.13415438750824718,1.51,0.02738506829151405,0.20319460457160796,884,0,9.055480528070998,82140,0,3600,-21,2.0626574034626,727925,0,209,101499,80914,731525,50,0
90311,BAY STATE SAVINGS BANK,547133,488189,357,0.2591146010533335,2.94,-0.05584356356393622,0.405203122458342,2642,0,8.764903164328441,47094,14.157640274519261,4317,0,2.8248402803294237,427425,0,4769,94596,48859,431742,26,86
90384,BANK OF LANDISBURG,400096,335872,1385,1.3858800338214765,9.01,0.02412122422750837,0.6001059745661042,3578,0,16.59580280640755,66823,0,2897,0,3.3723712777927446,262241,0,5466,29438,62765,265138,25,9
90544,DEPOSITORY TRUST CO,4189832,0,23685,2.5033630518516405,10.71,0,0,0,0,22.399241591477494,850122,96.09916010083312,0,0,1.4112817701101366,0,0,0,0,896374,0,0,0
91005,5STAR BANK,372754,309782,1325,1.4275036865956057,8.75,0,1.3614877372207945,4553,1064,16.911469444952836,61909,0,4073,150,4.812156085025558,320831,0,101,154532,61301,324904,0,0
91280,BANK OF LITTLE ROCK,306200,281730,152,0.20118893394682724,2.75,0.22542284617744204,0.8494448073154801,438,0,7.190703807483105,21813,14.022127261019726,2382,0,2.507295232619925,138717,0,3999,18352,22649,141099,80,1
91325,CIBC NATIONAL TRUST CO,377428,1066,11358,11.990087434318696,17.06,0,0,0,0,57.631976634359695,158647,182.24671373629528,0,277,4.618804098375468,0,0,0,0,262428,0,0,0
