CERT,NAME,ASSET,DEP,NETINC,ROA,ROE,NTLNLSR,NPERFV,P3ASSET,P9ASSET,RBC1AAJ,RBCT1J,RBCRWAJ,LNATRES,ELNATR,NIMY,LNLSNET,LNCRCD,LNCONOTH,LNRENRES,EQ,LNLSGR,DRLNLS,CRLNLS
14,STATE STREET BANK&TRUST CO,348989000,266945000,2772000,0.8494192877012545,10.42,0.10711065277715505,0.05472951869543167,60000,0,6.091423778569931,19173000,16.065055152434642,173000,75000,1.1821211740178614,43201000,0,0,1756000,27504000,43374000,43000,0
35,AUBURNBANK,976852,896825,6609,0.6678024056649529,8.67,-0.0022940887685296194,0.051491935318758626,828,0,10.486415451006238,106288,15.807684110970118,6871,37,3.0796847917309234,557146,0,8583,235474,76853,564017,184,197
39,ROBERTSON BANKING CO,466500,412206,7963,1.6919427573886245,19.01,0.007181113297361159,0.11404072883172561,1807,0,9.670522101603295,45726,14.214842764442906,4728,0,3.975480147133656,321549,0,2199,143371,41709,326277,162,139
41,PHENIX-GIRARD BANK,309995,303329,2307,0.7931612788771558,118.08,0.01921185294479282,0.26000419361602606,85,95,12.016998597146161,40946,0,1210,33,2.609405690271659,75881,0,481,24842,-720,77091,38,23
49,BANK OF EVERGREEN,77436,68383,368,0.47933018816314943,5.3,0.1666213275299238,0.17821168448783511,259,0,12.853584208995612,10165,0,513,5,2.91322319792961,30922,0,1585,8867,7174,31435,113,64
50,COMMUNITY SPIRIT BANK,209453,192178,2848,1.3905421649686884,19.65,-0.08728669314363025,0.17521830673229793,137,0,9.485384893420267,20207,0,1765,184,4.220299977880247,131254,0,6745,26052,14507,133019,99,211
51,BANK OF VERNON,363582,302019,4507,1.3053718644429102,7.78,0.03624663823617594,0.6251684626851715,1508,54,17.806737819128195,64384,0,2637,443,4.086724389173514,234855,1448,4434,52241,59616,237492,499,418
52,CITIZENS BANK OF WINFIELD,270958,229551,-1845,-0.59150919804818,-7.29,0.5799678165400166,0.0974320743436252,1458,50,16.44232274221318,56727,0,1006,293,1.3123970160236265,89321,0,11128,13937,21701,90327,591,103
54,EXCHANGE BANK OF ALABAMA,382173,335004,3769,1.0077793399085433,8.87,0.15414802387205911,0.09079657641957961,364,33,14.202348415831562,56122,25.78248241254608,2553,150,3.510423611488823,204826,2241,3538,86745,43548,207379,333,23
58,UNITED BANK,1394003,1168170,23773,1.7762210969011432,13.92,0.4274363397225148,1.1762528488102248,4991,1084,14.463999344980632,204919,21.320389566634542,12383,4356,4.615191019957134,860875,2409,16311,161764,186268,873258,4109,503
70,PEOPLES EXCHANGE BANK,93855,83654,392,0.40449901970900837,4.06,0.1282785718553299,1.9306376857919132,854,138,12.26527001487796,12201,0,724,16,3.739416175671125,54795,0,2459,17750,9688,55519,92,19
72,CENTRAL STATE BANK,665959,601590,10091,1.595213253659616,18.05,0.14679362881226987,0.08619149226904359,6129,155,9.607958693606129,65538,0,5338,853,4.214115797592498,433583,598,3213,136218,59129,438921,744,147
77,BANKSOUTH,209643,168974,2629,1.275283749421538,6.67,0,0.017649051005757407,40,0,19.397389814971174,40204,0,2815,0,3.4965069672057925,161340,0,243,46010,39601,164155,0,0
81,WARREN BANK&TRUST CO,149533,116766,370,0.24330580251459835,2.07,0.11745360582569886,0.9088294891428648,697,0,14.635170942932852,22645,0,942,145,2.102877333296813,81404,0,6281,12056,18803,82346,93,2
88,GENERATIONS BANK,965242,832733,11149,1.20247946541704,12.07,0.07788566384547484,0.5764357539352826,9369,53,10.755859136190594,103802,14.438655527693687,6676,868,3.8328101729654804,657920,0,14037,216826,96552,664596,596,92
89,SIGNATURE BANK OF ARKANSAS,1289197,1096448,8321,0.6905605084039081,7.49,-0.0035999582404844105,0.02831219743762978,154,0,9.836013502621672,123866,12.75101361733497,12815,1380,3.3782663417061563,1064977,1095,4342,331426,118736,1077792,299,335
90,COMMERCIAL BANK&TRUST CO,360120,338721,1620,0.5102558271530434,10.22,0.38044814025888907,0.38098411640564256,2090,0,10.97076237360298,39579,0,2380,388,2.5635479716891663,222383,0,18829,58960,18121,224763,939,196
93,RIVERSIDE BANK,61937,53119,906,1.4889414053897707,16.29,-0.0018896304638664862,0.04843631431938906,5,4,8.52096988733794,5317,13.565448566964388,500,-2,4.097237832977408,50687,0,2258,1856,5599,51187,0,1
99,BANK OF DELIGHT,184236,149773,3795,2.144976685036032,15.69,-0.010663368131458002,0.6106298443300984,3548,0,13.103901821284737,24110,0,1177,150,4.413182468389014,154854,0,3778,39189,24110,156031,0,16
105,BANK OF CAVE CITY,191079,162098,2421,1.3035387766442033,26.16,-0.009478493298705239,0.92213168375384,2463,77,8.343007548562777,15595,21.69750613944082,843,-739,3.8047993164178395,130854,377,3656,12521,9232,131697,149,161
107,MERCHANTS&PLANTERS BANK,52513,49542,302,0.6111999352370929,10.15,-0.029145341991442923,0.1428217774646278,26,17,11.011771136314835,5641,0,133,0,3.237051792828685,18531,0,603,7005,2854,18664,8,13
109,HORATIO STATE BANK,306833,274345,1694,0.5660406359703788,5.41,0.5646497758756108,0.7603484631705195,9072,254,11.407095947197242,34617,0,4295,1814,3.3855140990552433,251000,0,33062,23787,31637,255295,1868,469
110,BANK OZK,38258852,31043072,716456,1.9596268553800655,13.21,0.20168439982547662,0.5221693531212072,25610,0,13.732106284848895,5115692,14.493049112820719,465547,175552,4.594306277886938,29503320,0,3647842,7842692,5705623,29968867,73021,15601
131,SEACOAST NATIONAL BANK,15167038,12248021,123858,0.8294447599352828,5.78,0.2679483737921487,0.6650144873376067,18091,1649,10.66182796218361,1555986,15.303043110620292,138055,17259,3.3226529700000915,10179172,0,119760,4675956,2181416,10317227,31862,4728
147,CENTURY BANK&TRUST,349465,313001,4580,1.2982146430675054,14.54,-0.0016193807488016582,0.11245761378106535,286,0,12.822251820135477,47076,0,2220,240,3.5660864488714945,186412,0,1527,88386,33818,188632,16,19
148,BANK OF MADISON,399131,358946,5413,1.3241258518877295,15.26,-0.030130299851265883,0.18865986355357012,771,0,10.454574527812456,44132,14.788775597845424,4422,383,4.0163716411359855,290883,0,2124,67877,36318,295305,17,105
149,BANK OF HAZLEHURST,133733,120876,2576,2.0804662311901945,22.21,-1.003616956797242,0.13160551247635213,733,40,13.73114413846781,18524,31.637436485821997,1972,0,4.770266559033296,48238,0,4253,9668,12488,50210,44,554
155,BANK OF ALAPAHA,238000,220657,1178,0.5131140271784913,7.68,0.045793340482645155,0.08529411764705883,2096,29,10.064477087834584,23617,19.57872205117069,2929,0,3.185375228741942,115730,0,6226,11900,15303,118659,70,15
160,EXCHANGE BANK,394772,326801,4504,1.166508766686333,11.32,0.14402660824494184,0.33791656956420413,1956,833,12.259670268737754,48863,0,3558,-19,3.7997132086949907,233789,0,1606,66971,41945,237347,331,9
169,FIRST NB OF GRIFFIN,360645,317347,5019,1.3719734713525706,21.25,0.35149276033303556,0.07486586532462672,142,90,10.081990497568691,36201,18.135941536304536,1570,315,4.526472529045509,143984,441,1334,52254,25425,145554,467,13
170,PEOPLES BANK OF GEORGIA,197399,179583,2312,1.270720661302379,14.97,0.1466885903567603,0.5162133546775819,2117,232,9.400020529665367,18315,0,1555,487,5.006100539726667,155361,0,9273,21343,16484,156916,274,59
172,UNITED BANK,2223345,1958565,59176,2.7340756587151342,25.32,0.20465592223074958,0.23954896788397662,6643,83,12.54903813902463,270874,26.35341097553066,16941,3256,5.3250160024724815,885221,3256,54187,258996,245497,902162,2772,980
175,COMMERCIAL BANK,432837,398331,11627,2.69916153507935,40.56,0.01663781623116027,0,173,0,10.413537145972352,43743,0,5331,360,4.699509501755475,294304,0,4751,99173,31302,299635,92,44
178,TALBOT STATE BANK,50785,44095,-686,-1.2352659423134407,-22.13,-0.0030649462101940113,1.3882051786944964,2643,290,9.800979308166166,4964,21.959416344067726,198,2,3.2757705869292804,31472,0,56,700,2588,31670,1,2
183,MERCHANTS&CITIZENS BANK,134754,121391,630,0.47609835133942335,5.14,-0.014556535156458493,0.07569348590765396,282,60,13.828044185712884,18314,24.550921089510027,957,-30,3.0527110345150064,43204,0,3178,6371,11369,44161,20,26
197,ALLIANCE BANK,427779,382673,8580,2.02899428097929,22.93,0.006724055232883918,0,568,0,11.880468610710523,52642,0,4587,219,4.106488593824221,282975,0,218,98726,37742,287562,26,8
210,TRI-COUNTY BANK&TRUST CO,291855,234114,805,0.2684974747895881,3.83,-0.002734058162530644,0,553,0,9.167732823793303,27588,0,2804,300,2.562087737914451,214622,0,499,114970,21067,217426,1,7
214,WASHINGTON STATE BANK,576639,511618,7048,1.2390183908442025,14.74,0.014166166558059388,0.6295099707095774,2435,678,12.791976752935444,71402,20.64918593194598,4466,700,3.182025760655046,318035,0,1805,29539,40223,322501,60,16
226,GUTHRIE COUNTY STATE BANK,272239,198473,1305,0.481974522198897,5.7,-0.010951079338379592,0.031222565466373295,261,0,11.754111964285068,32437,18.36162432846864,1774,218,2.3472037383948443,144500,95,3385,22014,23089,146274,2,17
228,AMERICAN STATE BANK,1484768,1245966,15512,1.0861042926185658,10.85,0.3127430480917672,1.5504779197827538,7097,1885,9.943124663560091,146292,12.187132026438496,13442,4365,2.6868815219298288,1306739,1469,12965,255976,147923,1320181,4404,403
230,COMMUNITY STATE BANK,328394,278840,4105,1.2428464423104288,16.53,0.08625972985624182,0.4199224102754618,1531,430,10.327335869126365,34020,0,2292,-5,3.040638713745676,163783,47,958,41023,23152,166075,157,14
231,COMMERCIAL SAVINGS BANK,318777,269063,2697,0.8942503383694735,13.76,0.011206229587852806,0.4137688729111574,1993,1264,7.84124156425431,24737,12.532719769727343,2171,184,2.4937175250593486,235948,0,2023,38225,22451,238119,41,16
232,SOLON STATE BANK,128272,92621,3215,2.539434294605973,12.83,0.11431614735754864,8.354902083073469,1615,3265,22.212086481260574,28489,0,461,200,4.746232198466226,79405,0,1036,32751,26014,79866,104,19
234,POCAHONTAS STATE BANK,119491,87438,1521,1.305942596911072,4.93,-0.005616368343901467,0.17323480429488414,528,0,24.96727721058276,29566,0,279,0,2.2754970260290666,37177,0,567,2769,31164,37456,0,2
235,SECURITY STATE BANK,433512,302494,8466,2.0842185805156825,21.11,0.004879995488715282,0.1520142464337781,1020,117,10.369092823486252,43528,0,4000,600,3.5149995437085706,391090,0,5552,21401,43596,395090,28,10
245,RACCOON VALLEY BANK,448959,404589,3498,0.7796730455125782,8.94,0.11450423406736876,1.2065689740043077,775,0,9.43392431765668,42217,12.975275930832597,4514,400,3.0196567772205403,334263,0,391,76009,40109,338777,398,0
248,STATE SAVINGS BANK,252663,189305,2057,0.8816444791139837,9.35,0.017755545488747783,0.2295547824572652,84,142,9.258129448629356,22307,10.939405909649302,4015,1225,3.794125704623345,223953,0,331,65488,22307,227968,37,0
251,FIRST SECURITY BANK,64205,54647,-47,-0.06586415168373996,-0.51,0,0,102,0,13.051844783715014,8207,17.6890560847845,524,0,3.3524060352582237,40063,0,836,2550,9199,40587,0,0
252,PINNACLE BANK,291448,246372,3239,1.0785959803901326,8.48,0.6152088209182202,0.15234278499080453,64,0,13.931236535975872,40418,17.54976424215992,2061,1310,3.2204542755237555,205409,0,2128,81350,35230,207470,1319,1
253,LUANA SAVINGS BANK,2087762,1785330,19275,0.9329790449276241,10.31,-0.0003058795805926013,0.0016285381188085614,537,0,10.367020226665208,216913,0,18128,360,1.7673318098872601,1633268,0,8460,261592,195951,1651396,1,6
254,FIRST WHITNEY BANK&TRUST,287939,257925,2928,1.036732479823019,12.64,0,0,0,0,10.85311353041227,31522,13.290079096233057,453,0,2.236753937337276,160320,0,2565,12647,24238,160773,0,0
258,STOCK YARDS BANK&TRUST CO,8860929,7168882,117684,1.4047116495242287,13.04,0.020167562132638272,0.25080891631114527,14204,487,9.648585908840424,828872,12.387253300934109,86943,9725,3.4433258461217005,6439745,3058,22848,2334831,940962,6526688,2776,1545
262,CITIZENS BANK,246317,219266,2279,1.0269734879516497,13.23,0.02063815342837746,0.8517479508113528,2510,27,7.175683141047711,17925,11.834316023774004,2066,0,3.6902303045362075,196209,0,6150,21441,17640,198275,63,25
267,KENTUCKY FARMERS BANK CORP,304359,259253,5350,1.8887108048379238,11.49,0.0037137307768010663,0.04764110803360505,1022,11,15.980814118218492,47378,27.34205340345118,1599,-76,4.419351618252091,153400,0,3552,42670,43825,154999,76,70
275,MORGANTOWN BANK&TRUST CO INC,387042,323003,2201,0.6222566004151393,9.26,0.022693799373197262,0.31262757013450737,342,0,8.252345508881287,30900,12.624939089196438,1920,494,3.1924403399310233,289954,0,5936,35074,27138,291874,90,30
281,HYDEN CITIZENS BANK,144822,134392,987,0.6800921121717883,13.99,-0.007418507692992477,0.19817431053293005,251,50,8.751249145321623,13311,12.702996931990967,808,0,3.387217342552794,82840,0,4073,12587,7321,83648,26,32
284,AUBURN BANKING CO,139356,120689,2348,1.7205750883003825,27.44,0.04640173851846983,0.08108728723556934,884,3,8.48588427104488,11867,12.178906596265392,773,144,4.203343751675503,106401,0,2117,15448,9184,107174,60,12
287,COMMUNITY FINL SERVICES BK,1449113,1311569,7675,0.5456931832078654,7.73,0.2236782917645645,0.39741552246098133,2646,0,9.651895789409314,145212,14.418429215314882,14970,1025,2.862891634622934,955784,0,290612,176900,102265,970754,2728,554
288,FARMERS&TRADERS BK CAMPTON,66104,56878,667,1.0005310164615102,20.58,-0.19189899811538,0.17245552462785912,194,0,9.099640554739002,6253,12.612305888138605,415,66,3.511688610066947,36600,0,1415,4803,3470,37015,45,112
289,BANK OF HINDMAN,258559,210772,495,0.1895224340959665,3.19,0.015295847177491311,0.8071658692986902,3536,961,9.146793891996973,24655,16.002441257247483,1487,-22,1.5747621534779477,118062,0,5994,39505,14974,119549,36,18
291,JACKSON COUNTY BANK,173672,114953,3379,2.0091759702791796,7.71,0.10952961039516146,0.1692846284950942,970,99,26.566855186611615,45941,0,1970,167,4.508597053679921,71938,0,6172,3736,44855,73908,130,48
292,MONTICELLO BANKING CO,1153231,926546,8497,0.720245152903545,10.04,-0.03820265470719198,0.0800360031945031,1987,63,9.622840050838661,114402,0,9577,-714,2.848684806686835,819486,1483,12059,233368,88999,829063,348,672
296,BANK OF EDMONSON COUNTY,280032,244031,3743,1.343346040628412,18.23,0.3225578944748218,1.1073734430350817,5514,0,10.085644937586686,29087,16.575264851458687,1923,755,3.5563740350255726,194566,0,3032,28945,20925,196489,677,55
297,LEWISBURG BANKING CO,198223,163456,2813,1.4990114943753763,18.96,0.019934247650825583,0.3364897110829722,478,0,9.875104760736699,19324,0,1661,59,4.004124747813637,135334,0,2933,15523,15571,136995,54,28
303,UNITED CUMBERLAND BANK,424425,367432,7228,1.7664666561089244,17.3,0.22461720609783234,1.2991694645697118,6925,0,11.638636176397895,49445,0,4244,1088,4.2496536895205566,300633,0,17404,66685,43679,304877,767,125
304,CLINTON BANK,68949,57999,427,0.619772933775738,4,0,0.008702084149153723,414,0,18.379085719216,12781,27.04506154002645,514,48,3.2683431943625663,41532,0,840,5059,10659,42046,1,1
306,BANK OF ZACHARY,394087,358138,1969,0.4890243950899864,5.7,0.035878633977995004,0.15960942634494416,767,0,11.917736530281061,49645,21.49430666042739,2690,0,3.363037943402954,254165,0,2363,61701,34539,256855,97,12
307,LANDMARK BANK,215672,197253,683,0.32984333648849656,3.91,0.26556068988138287,1.901962238955451,4968,245,9.874373364756636,19776,0,1495,132,4.073745317123696,147796,0,5776,32251,17742,149291,419,32
314,MER ROUGE STATE BANK,49957,45202,447,0.9137628632054066,9.75,-0.025832228288012123,0.35830814500470404,152,0,12.2812005035942,6048,0,254,82,4.510915930318394,22001,0,347,2809,4656,22255,0,6
321,HOLMES COUNTY BANK,145725,129054,1397,0.956593786591253,10.08,0.07080192838706771,0.6690684508492023,311,0,14.372560224166776,20876,28.76080539742779,1031,0,3.1932475958397073,56196,0,2656,3866,13967,57227,63,19
324,CITIZENS BANK,469274,408892,8516,1.8511087741599475,15.88,0.1817300303103263,0.3839974087633238,2783,546,13.389471504557632,62076,22.00044785647203,4477,946,4.8106816079676955,299089,0,11660,69647,55075,303566,855,304
327,MERCHANTS&PLANTERS BANK,233150,200414,2279,1.1104895704612698,7.05,-0.004132479012172217,0.2328972764314819,12,81,16.06696639735498,33628,0,2180,200,4.376432258146199,93701,0,1481,34416,32272,95881,21,25
340,PEOPLES BANK BILOXI MS,831396,720988,22124,2.620599207992472,27.97,0.017703755472357273,0.05027688369922395,1264,0,13.945206916708718,111647,0,2982,-162,3.0340173230473533,230594,0,3754,114252,89138,233576,269,227
342,FARMERS STATE BANK,725698,628691,3864,0.5322088264024061,9.91,-0.03055118177525867,0.4946961408189081,3827,1031,8.562683944020954,65578,14.114561777565065,6512,-140,3.320839774374213,461310,230,5479,179722,39367,467822,252,395
352,BANK OF BAKER,162495,145015,2675,1.7339099637272517,16.74,-0.007919895909939469,0.788331948675344,252,0,10.866265149458199,17609,0,1193,-356,4.118315659599521,83656,0,1083,17873,16744,84849,1,8
358,STOCKMENS BANK,43664,40210,-45,-0.10501211139684777,-1.1,-0.008150623522699487,0,3,0,7.9672138591830715,3509,19.536752047576815,236,0,3.4685125646619195,11221,0,400,2303,3219,11457,0,1
363,FIRST MONTANA BANK INC,565711,427508,5738,0.9989039562028141,12.62,0.06805213840757995,0.12144009927330386,1266,0,8.874537126410557,50568,15.240722406970217,3370,286,3.0302426824401865,333341,0,6404,133602,48092,336711,309,75
384,OHIO VALLEY BANK CO,1488169,1278465,11176,0.7925240643379772,7.92,0.11596719909331857,0.3256350589213994,9223,51,9.924246170542347,148509,0,9867,2409,3.622309086893585,1039429,6277,48221,220147,144207,1049296,2239,1067
389,PEOPLES BANK,56474,51178,90,0.15447090283093676,1.87,0.10417304981922913,0.3683110812055105,37,96,11.001902899739878,6302,23.46716241821887,262,55,3.5202868274770314,32341,270,308,5152,4971,32603,56,22
399,FIRST SUMMIT BANK,31037,26687,185,0.6369733779559008,4.43,0,0.5992847246834423,361,160,13.774014978834256,4230,0,216,1,5.877049047162608,17540,0,1302,5167,4290,17756,0,0
402,SOONER STATE BANK,304231,269215,5616,1.8326242356723441,17.26,0.0027208426340804043,0.010847020849288862,3,33,12.512059875454376,38517,0,2126,236,4.51330135527704,189587,0,1918,55960,33539,191713,6,1
404,FARMERS STATE BANK,184836,176223,1708,0.9287656334964655,28.76,0.5878811987144059,0.31974290722586507,1603,1,8.891223533214806,16503,13.966712898751735,1632,749,4.67768516085887,116455,0,13311,16725,5840,118087,796,128
406,CLEO STATE BANK,109454,93245,1604,1.4446285755457886,10.34,0.04509102977090149,0.8368812469165129,2723,611,16.390292953143657,18256,0,603,40,3.640664699113094,56780,0,2506,0,16047,57383,51,26
414,STOCK EXCHANGE BANK,291587,240054,3997,1.3555907520018449,8.69,0.05230245200432803,0.07476327819827358,2091,0,17.765927301653413,52038,0,2537,0,3.5086011968613535,124851,0,9113,35023,47628,127388,643,579
418,HIGH PLAINS BANK,185184,160760,2748,1.5202461603826505,12.39,-0.016542216455621546,0.4357827890098497,434,47,11.623839707136378,21401,0,1412,0,3.6498442263440776,146535,0,4700,57245,22179,147947,0,23
420,BANK OF VICI,34937,31753,-632,-1.882061452879971,-17.43,5.384233910552895,4.336376907004036,757,1397,13.068412211087296,4512,0,13,500,4.858163196550098,18103,0,2879,4145,3124,18116,1132,68
421,SECURITY STATE BANK,262167,235338,4562,1.7527547680154913,18.05,0.14461836539566703,0.7689755003490142,2272,299,10.77193418965571,27708,0,3109,480,4.2040237442861565,154126,0,1847,23908,24957,157235,481,252
428,AMERICAN EXCHANGE BANK,90525,77391,1436,1.5883269033376988,14.2,0.10181505982322704,0.8528030930682132,3535,285,14.012906048342993,12812,0,869,55,5.423861062787235,73853,0,5381,7572,12198,74722,127,53
432,SECURITY FIRST NB OF HUGO,136386,121823,3620,2.753798263737802,27.21,-0.004897447450388857,0.5770386989866996,2,0,9.621433511053606,12939,0,1335,165,7.005905341302232,104874,0,1512,19069,12940,106209,33,38
444,PS BANK,581168,510606,7227,1.299773856974158,14.19,-0.08338274031420133,0.11511301379291358,1035,450,10.831215958405474,62621,0,4802,148,3.444715350436985,379388,0,2132,131594,53886,384190,140,448
445,MERCER COUNTY STATE BANK,583970,491664,5360,0.9311268406692578,13.73,0.012452330095904135,1.2651334828843948,8362,2518,9.899074796715428,59360,14.41547618236607,4002,414,3.449563393145106,386374,0,1651,192473,38697,390376,165,118
485,SECURITY BANK MIDWEST,344300,256707,3598,1.0652849740932642,14.54,0.0004343678817963371,0.1609061864652919,768,123,9.14894998023284,31010,0,2950,0,3.3085241440703252,230900,0,499,11777,26297,233850,2,1
492,WESTERN DAKOTA BANK,76131,68791,1191,1.6213876137421788,18.13,0.008157139128164969,0,5,0,9.517962530201608,7209,0,375,24,3.631875150031562,24780,127,330,2418,7028,25155,3,1
496,BANKSTAR FINANCIAL,328522,263626,1935,0.6161360785087915,7.78,0.016260215480375546,0.08431703204047217,269,3,8.573039361295837,28284,12.028441944053759,2504,225,3.3385344233788423,253805,388,1334,67887,27569,256309,60,20
501,FARMERS&MERCHANTS STATE BANK,160400,138697,3848,2.507268341567095,26.16,-0.06819492353536295,0.5816708229426434,1172,233,10.755799482277977,17285,13.73224434382605,1759,0,4.7207264135392055,121705,167,2952,2853,15484,123464,40,119
505,GREAT PLAINS BANK,148393,121799,3187,2.2069169916681437,14.09,-0.11519644381801672,0.8814431947598607,1729,7,16.13619140413554,23848,0,1657,0,4.346114593964135,104041,0,3876,4581,23407,105698,0,119
526,FARMERS STATE BANK,29633,26087,393,1.3232590557384996,12.5,0,0,0,0,10.844896900531708,3345,24.918635913400312,199,4,4.947177262441809,16293,0,145,5619,3345,16492,0,0
529,CENTRAL BANK&TRUST,207787,189795,4082,1.9999608042958492,25.22,0.31203378608484894,0.11020901211336609,530,1,9.010645175618254,18258,19.0291650019976,794,20,3.627178448111701,109802,0,424,34799,17721,110596,361,0
588,MANUFACTURERS&TRADERS TR CO,207556263,165412981,2655814,1.2650282785821043,9.91,0.41056887265944286,1.03400011591074,1653589,430327,9.480804010640902,19232962,13.696011829277879,2183229,613300,3.7448590676505535,133453813,875144,13220170,24572771,27567934,135637042,713182,158268
597,CHEMUNG CANAL TRUST CO,2775430,2400921,23817,0.8631633958124416,12,0.057490661484577384,0.3379656485661681,6176,23,8.982669608924502,252950,13.09306300185182,21388,-46,2.8512604410821556,2050031,0,7076,678646,209709,2071419,1873,713
609,TOMPKINS COMMUNITY BANK,8069333,6510624,72464,0.9202653519815588,11.62,0.04334214496781785,0.8078115006531519,28828,323,8.770047380055432,697031,12.411413507526996,56496,6611,2.8539003846028845,5963426,0,84741,1983091,644041,6019922,3140,634
618,BANK OF MILLBROOK,277527,245091,4405,1.5272918913109053,15.51,0.020395572121292466,0.21151095208754464,5188,587,10.801996135380904,30802,23.31237827929889,2337,50,3.8736033611430694,121579,527,4591,33039,30503,123916,35,11
622,AMALGAMATED BANK,8259701,7232975,108628,1.3217981857970675,15.8,0.3528991177787426,0.36645394306646206,17656,4398,9.166485887491662,765652,15.350473413749022,60086,10284,3.6016004662656247,4650431,0,399363,411388,721911,4710517,17850,1892
623,DEUTSCHE BANK TR CO AMERICAS,39780000,27421000,590000,1.4908251085270143,6.06,0,0.6737053795877326,9000,5000,25.852341096879428,9668000,55.895927079727706,20000,3000,3.525705006123451,15134000,0,197000,2009000,9671000,15154000,0,0
628,JPMORGAN CHASE BANK NA,3459261000,2516998000,52502000,1.5041494608073118,16.95,0.637212968594173,0.36348803978653244,7965000,2966000,7.8978702098913205,275737000,17.22393762360773,24317000,10621000,3.042332738710401,1335559000,203572000,4480000,50393000,312794000,1359876000,10415000,1880000
639,BANK OF NEW YORK MELLON,335955000,291378000,3488000,1.0105188991370029,12.53,0.22415150454863542,0.05000669732553467,7000,0,6.312513492120601,21054000,16.272323312944646,272000,65000,1.3830537879425417,36812000,0,0,2231000,27960000,37084000,83000,1000
659,FIVE STAR BANK,6080731,5155241,-30859,-0.5028442909305623,-5.91,0.19513318165394042,0.6819245909743418,21987,43,9.792193697245262,603964,12.600804701512375,48028,6151,3.058485901119353,4433456,0,56133,1121890,595490,4481484,20343,11657
660,ADIRONDACK TRUST CO,1714346,1520026,12028,0.7403530058282796,7.74,0.0031971241558818725,0.2494245619029064,1039,2,10.03562011264884,161409,16.471567335659447,19973,82,2.5800108828370414,974653,898,9040,456019,165541,994626,113,82
686,JOURNEY BANK,1592800,1293267,19239,1.204299497560666,12.39,0.026483248480762514,0.6351707684580612,10649,0,9.095757972431832,143417,16.03261896662509,9858,837,3.4938633132905004,1117770,0,10713,240278,162334,1127628,306,15
698,WAYNE BANK,2318752,1861387,608,0.026903421495727574,0.32,0.10120366343937409,0.3395792219262776,3088,154,9.327665709398504,216870,13.393692261355444,19843,2673,2.9833758095727214,1693869,0,63061,566707,212754,1713712,1949,278
713,ORRSTOWN BANK,5441746,4639692,30320,0.7447253086102872,7.53,0.1123004399005143,0.4927646384083344,35393,641,9.100757249624198,490029,12.35720685823619,48689,16546,4.292709764858283,3889139,0,4718,1793805,569254,3937828,4066,724
737,APPLE CREEK BANKING CO,256282,235830,2525,1.0087217478011863,14.2,0.0005054400512718389,0,0,0,8.10163915830072,21426,11.372503006658649,1774,106,4.212149124769615,205890,0,12415,56038,19342,207664,2,1
763,MINSTER BANK,757664,678651,9619,1.3093509354529056,17.71,0.03755957365710613,0.11905013304050344,849,0,9.31065655524125,71786,18.111699678111844,4604,797,3.267798674132863,373424,0,1530,132730,54125,378028,143,8
769,FARMERS BANK&SAVINGS CO,457599,418097,2135,0.4841891272213168,5.79,0.08138026542594501,0.9060334484996688,2168,0,8.925266935311335,40466,0,2839,473,3.1994708691083726,293058,0,5269,56648,37600,295897,308,76
803,WESBANCO BANK INC,18649074,14456604,171376,0.9452785977223118,6.55,0.11184663341715397,0.2893226762894501,45927,13555,10.351619719943361,1834180,13.582523417679473,138766,19178,3.1282362938847017,12539541,0,41656,4752436,2728605,12678307,19875,6232
823,CITIZENS BANK&TRUST CO,552521,472541,9074,1.6379232851174257,14.43,-0.014084496319378515,0.18297947046356608,3021,430,14.09789080200985,78898,0,3329,363,3.9962473197913897,266442,0,3689,54721,66246,269771,22,59
845,BANK OF ROMNEY,351232,261865,4595,1.2821471542192826,9.32,0.13977267161710574,2.8098237062682214,4755,476,15.324773625634268,54665,0,2679,675,4.269418787514311,261028,0,7790,20919,52449,263707,752,381
847,PLEASANTS COUNTY BANK,75050,67875,190,0.2535842126477128,3.05,-0.00263758987587502,0.14123917388407728,225,0,9.80965939048824,7442,0,408,0,2.887564604163648,39586,0,1790,8410,6299,39994,0,1
855,MERCHANTS&FARMERS BK GREENE,125965,113432,1482,1.2490139363660269,13.5,0.19436481856953086,0.8248322946850316,2685,0,11.660680662580148,14058,0,1060,150,4.002670859940901,71496,0,7091,16823,11693,72556,239,100
861,STATE BANK&TRUST,376950,320215,1941,0.5203365540048221,14.94,0.044884612881435054,0.4165008621833134,2602,483,8.724138544013043,34354,0,2098,120,2.3288146198057667,186964,0,12707,23763,13741,189062,94,14
872,STATE BANK OF COCHRAN,268536,220053,10133,3.87567546065958,23.39,0.2550119171422743,0.9171954598266154,3597,0,18.007650967212353,46508,32.852740330441634,5233,0,6.239553838480649,152609,0,6173,43729,46494,157842,814,404
873,SYNOVUS BANK,60119623,52005192,507749,0.8506030951158065,10.08,0.3100683363825986,0.5957156451230574,60286,48592,9.442143333879486,5657947,13.306482718605118,486845,136685,3.285167220830855,42212294,185871,706703,13778016,5177551,42699139,160948,26954
876,BANK OF DAWSON,159541,130563,2198,1.420696930053622,9.96,0.1697291248892046,2.3429713992014594,1826,0,16.91848009922201,27009,25.41578321121519,1404,275,4.189611932326361,94817,0,2543,3398,22000,96221,168,6
877,MAGNOLIA STATE BANK,195454,166497,5493,2.723924116918975,20.22,-0.22514352899973733,0.46558269464938046,1446,227,13.77610643334432,27585,0,2188,-172,6.040029432777334,101113,609,956,23190,27320,103301,59,275
879,FARMERS STATE BANK,184656,163464,4222,2.409688064681461,19.44,0.04153026823667367,0.06390260809288624,1368,3,14.403441176311652,26654,33.093654073552074,1552,60,5.7516795921976795,80124,0,6812,22663,20692,81676,83,49
889,GEORGIA FIRST BANK,228651,206498,3704,1.7800691843303933,19.46,0.14141699832319843,0.6853239216097896,634,0,9.363054140170817,20599,13.641091624028235,2905,750,5.439143912761875,171805,0,7630,33995,20579,174710,255,17
893,CITIZENS BANK,786117,680332,11609,1.493082100094763,11.55,0.03965503484355728,0.23520671859277947,2470,321,16.792035046965818,137491,0,4942,565,2.8773025185070873,429361,0,20375,183658,100334,434303,277,112
898,BANK OF FOREST,256788,222581,1951,0.746705654065929,9.48,0.06661911362932856,0.40033023350000785,1445,295,11.599610084290601,30344,0,1894,240,3.314842936624248,149582,77,6619,52649,20365,151476,112,13
899,GERBER STATE BANK,89047,78615,922,1.022978175725904,12.31,-0.004704089264797889,1.137601491347266,260,417,12.601460827524408,12094,23.959741625356767,713,79,2.960509066202774,42980,0,563,1584,7591,43693,4,6
902,BYRON BANK,362791,333313,1729,0.4855424061897811,6.54,0.06511201037539953,0.42228169938063514,1284,0,9.933433352441188,36217,0,2460,270,2.4459924066957557,230062,0,2461,83140,26917,232522,344,197
903,AMALGAMATED BANK OF CHICAGO,1427519,1243586,11488,0.914917600870701,9.97,0.0009637269689905703,0.7709179352428934,0,0,10.343309492858676,124285,16.238423692841984,11275,1664,3.54095894526434,748856,0,0,364936,122250,760131,7,0
913,NORTHERN TRUST CO,154947706,124949239,1995700,1.292122540905698,17.46,0.025353396541418178,0.08895388228593716,135587,82295,6.873683696990092,9983803,12.812169193796882,168048,-2996,1.5607418914251545,43222566,0,353542,4242608,10797892,43390614,15523,4244
925,STATE BANK OF GENEVA,110905,96155,1112,1.0193268775964417,10.07,0,0.5617420314683738,270,0,12.095437879001551,13723,20.374730096816883,1367,0,3.703696574080669,69506,0,17,35051,11393,70873,0,0
926,PEOPLES NB OF KEWANEE,570814,516256,3197,0.5737404539602449,7.73,0.3635597796992455,1.1681563521567446,556,0,9.86518465520224,58738,14.6934863605324,2477,745,2.4980036134691317,172354,0,2890,73683,42003,174831,1094,476
931,CITIZENS STB OF MILFORD,56688,52686,486,0.8762345712400341,12.57,-0.11377261230669596,0.003528083545018346,142,0,9.24631894185176,5187,13.865513378318525,135,0,4.358538588516551,22863,0,263,2685,3940,22998,0,26
950,IOWA STATE BANK,467480,355490,2950,0.624623902302893,8.34,-0.0010406996832110166,0.23038418755882603,1587,50,10.608846918489064,51228,16.7982644308739,3943,3,2.637265872772857,284432,0,3405,57658,35432,288375,7,10
951,CHEROKEE STATE BANK,260666,210490,1836,0.7074288506130665,7.89,0.24893684454514922,0,40,0,12.916070115698641,33379,0,1955,68,2.6259266158185293,170778,0,434,30633,22994,172733,423,2
953,BANKERS TRUST CO,7173068,5813674,60267,0.8782780404986921,10.19,0.24436314102074821,0.05025743517278799,14925,180,9.880700753255867,707837,11.163200370970213,70629,11000,2.71243532418154,5614157,2131,4350,2497673,612557,5684786,13678,584
954,FNB BANK,273163,210873,2756,1.0309972541655132,7.57,-0.06186284862592543,0,696,0,12.997927096663151,34738,0,4248,0,3.3498668791682937,209652,419,493,10151,37853,213900,206,335
955,CONNECTION BANK,488603,408955,5294,1.063396851911443,11.12,0.0030313247775357382,0.28427987548173056,1418,15,9.19471165569968,47132,12.191790433867384,4960,233,3.0923925177864455,436095,0,3088,129258,48350,441055,19,6
956,GLENWOOD STATE BANK,316322,281105,2825,0.9003094514964258,8.85,0.017902704767158748,1.0204791320236974,564,722,11.043550485026092,35235,0,2077,440,3.1407341746438147,153945,0,775,30401,33998,156022,63,36
958,UNITED BANK OF IOWA,2407498,1891046,20176,0.8335259195741681,11.01,0.017565240496885525,0.212378161892554,3539,268,9.57890957419161,239576,0,21466,1404,2.2468449735768803,1554353,0,19667,50477,187184,1575819,1474,1199
963,HOME TRUST&SAVINGS BANK,290858,246396,1872,0.6537317185601139,8.64,0.030644390237923046,0.462081153002496,2019,879,10.229365822537327,29823,15.299103333539902,2271,0,1.756489050011046,198969,0,1245,17727,22765,201240,82,22
966,HOME STATE BANK,59786,44440,657,1.0943762055628292,5.11,0.003031791364245478,0,0,0,24.389887950185667,15041,0,413,56,3.0767277207504953,33592,0,167,2867,13073,34005,1,0
968,SECURITY TRUST&SAVINGS BANK,271261,249046,1310,0.48052797920010804,6.07,-0.0012598425196850393,0.2031254032094551,692,0,9.39203867013854,26114,29.88280179360398,1348,50,1.9108683797480381,79098,0,855,3047,21586,80446,6,7
969,TEMPLETON SAVINGS BANK,156098,131106,1584,0.9996276639383059,6.81,-0.0009772992920443928,0.00640623198247255,127,10,14.222403341653509,22336,0,1492,48,3.1332419443952166,102066,0,798,12649,24109,103558,0,1
976,BLISSFIELD STATE BANK,115383,107764,1095,0.966252634031153,14.98,0.005454604959326829,0.40213896327881926,772,0,10.94346498230027,12613,0,926,28,3.6753052830223245,52662,0,1841,3222,7416,53588,5,2
977,TRI-COUNTY BANK,577704,498741,9687,1.6960791454576523,16.71,0.008207108804538048,0.40003185022087434,1198,101,12.401408705885194,71871,0,4693,759,4.09129290663855,427604,0,1556,218820,62321,432297,41,7
982,EASTERN MICHIGAN BANK,520797,471146,7377,1.3499907219019114,16.91,-0.07265009141036818,0.3673216243565151,515,0,10.170604413127572,54214,15.914756532978243,2795,3,3.815077984998258,217258,0,2393,69837,47479,220053,72,230
983,COMERICA BANK,79332000,65201000,747000,0.9242510102422354,12.5,0.10120472548218212,0.44370493621741547,219000,44000,10.468748086180076,8547000,13.45399965070951,690000,49000,3.1445235763179884,50068000,0,94000,11505000,6133000,50758000,95000,43000
999,G W JONES EXCHANGE BANK,107323,98088,820,0.7277206546646006,9.33,0.00398558811338201,0.10342610624004174,873,48,8.314936138644834,9303,33.18186548267369,263,0,3.2597389963932417,24919,0,1080,9370,8161,25182,1,0
1005,ISABELLA BANK,2037860,1782102,16273,0.8035457338155628,10.47,0.13669316839360263,0.041072497620052405,5682,19,8.357654884334016,172589,12.425421218552655,12896,1884,2.994645564410299,1410918,0,44269,405025,155936,1423814,2783,884
1008,BANK MICHIGAN,132121,115810,-3370,-2.7049414544719026,-29.79,1.1835412050752236,2.155599791100582,723,22,7.127775586440521,9216,10.18218408042029,2581,2240,4.70157979410808,102784,0,804,62853,8919,105365,1143,2
1014,CHOICEONE BANK,2720381,2251832,28964,1.088206819709934,12.19,0.02947048146735501,0.15354466892688928,5423,0,8.88833344922394,236479,12.66748151792934,16552,625,3.1421754426331696,1536376,0,12789,713068,256165,1552928,836,403
1022,CLARE BANK NATIONAL ASSN,326615,278498,426,0.13334660538983223,1.97,0.0013729851443007386,0.296985747745817,3214,40,11.537317239034342,38003,26.545150662036182,730,45,1.477815062184809,156244,276,1053,13093,22757,156974,3,1
1027,FARMERS BANK&TRUST CO,429690,391101,11074,2.673914292764881,30.56,0.10141562857345862,0.4812771998417464,1018,123,8.494031948823933,37524,11.920765066147528,6169,506,4.1562049500031115,338232,0,3189,73274,36446,344401,342,8
1028,FBT BANK&MORTGAGE,253073,222389,1793,0.7121839460313123,13.37,0.01191672870375433,0.33271032468892375,1465,356,9.374625613993052,25040,0,2268,250,3.7244690271057417,146922,0,7786,23383,12942,149190,115,98
1040,MIDLAND STATES BANK,7496784,6202564,44004,0.5725189945835779,5.33,2.873032779217257,2.078864750538364,43681,10769,9.381422238484374,712263,12.433370827281367,111204,120332,3.5845098241591087,5401317,0,418068,2008520,801077,5512521,171633,4256
1047,BANK&TRUST CO,579714,498021,5323,0.919722068733631,9.9,0.009634777693562684,0.2447758722404496,1717,0,10.858464851941735,63222,17.008663930688556,6617,392,3.1472110439314327,380256,0,10675,109348,56535,386873,144,108
1049,FIRST NB OF STEELEVILLE,258163,200823,4501,1.7907329074723015,17.4,0.1329263038236939,0.162687914224734,1995,148,13.778965719398933,35725,23.49389175323191,1202,114,3.6887207863060607,115312,0,4362,13324,25876,116514,209,64
1058,MIDWEST BANKCENTRE,2815493,2345073,28902,1.0445289839987788,9.58,0.008433747641186207,0.21907353348063732,7895,345,11.165662849137496,306611,13.380578966712442,31190,3157,3.4246104203970082,2236450,4620,63909,831977,317491,2267640,1538,1354
1060,WOOD&HUSTON BANK,1260354,1147103,16032,1.3397165971265284,15.65,0.1728686831353911,0.039433365546505186,3481,5,9.884073858941528,120816,13.204980031585322,12481,1436,3.072376034013604,919036,0,12421,280426,105412,931517,1713,119
1068,CASS COMMERCIAL BANK,1434577,1230503,22343,1.6159340660135426,11.9,0,0,0,0,13.498413756239112,194446,17.677439689246285,12818,593,3.488395667445526,1014754,0,0,487966,190233,1027572,0,0
1073,LINDELL BANK&TRUST CO,902043,673642,15392,1.7276220638169582,11.16,0.07706367267790713,0.14877339550331858,3974,276,15.418198909693926,139743,0,15284,857,4.047429356882364,500565,665,1395,187632,141947,515849,689,314
1086,BANK OF VERSAILLES,337447,256986,4946,1.4920375392542227,10.93,0.00749224892792729,0,136,0,14.344631211536695,46851,0,3972,-14,3.5293385020160972,295630,0,841,12758,46851,299602,38,16
1090,UPPER PENINSULA STATE BANK,330271,273225,3475,1.0854253149295177,8.35,0.0064502448271052185,0.15502420739332246,508,76,13.433422274205927,44103,0,3398,293,3.9385472556953114,257991,78,6331,121872,43065,261389,19,3
1092,BAYBANK,159508,141014,1804,1.1525403804405465,13.76,0.03979691717838164,1.3541640544674876,3305,454,9.919893025616897,16024,0,1762,300,4.252591615615023,118981,37,10036,21108,13940,120743,73,26
1095,CENTRAL SAVINGS BANK,456753,422287,7043,1.5568590661232948,24.53,0.030434760554521337,0.29359413074462565,2036,1098,8.457829568767119,40609,15.41371872606811,3229,163,4.293235948918377,253524,370,13806,96117,31551,256753,392,320
1098,ROOT RIVER STATE BANK,81818,76724,15,0.01805584311157548,0.3,0,0,0,0,10.308594444115382,8702,20.159783954090244,249,0,2.1179588302189947,30522,0,116,2895,4914,30771,0,0
1100,PEOPLES STB OF PLAINVIEW,389389,348995,3216,0.8625859769698127,15.68,-0.00040344802822845163,0.09399341018878293,2118,0,8.438826166511827,32791,14.018175724959095,2763,248,2.8741470515161924,256527,0,3698,40375,21235,259290,3,4
1105,FIRST INTERSTATE BANK,29065552,23289006,254075,0.849761054850346,7.89,0.5761790916959397,0.5011086663690406,63535,3002,8.680709911159145,2490306,13.09647546069182,204105,67781,3.144232955036632,17641684,77592,338457,7186897,3264256,17845789,114759,10236
1117,AMERICAN BANK&TRUST,1902100,1695494,20312,1.1332061767993553,13.69,0.024300848809294253,0.002996687871300142,4292,0,9.010349612934508,172448,12.630830337442145,14569,1680,3.4918873995683795,1416195,111,18741,307848,155719,1430764,397,58
1118,CITIZENS STB OF ARLINGTON,137148,121677,702,0.49703196864308863,5.17,0,0,9,0,11.921078928158863,16821,0,1214,0,2.312863618412133,77264,156,1090,4085,14314,78478,0,0
1122,FIRST FIDELITY BANK,650553,595153,8536,1.342354070103718,17.71,-0.015556419172522951,0.08408231151036119,1792,479,9.141114819551452,58611,13.070892684276034,1879,121,3.835674526632881,375893,0,6261,30271,49060,377772,180,235
1125,MERCHANTS STATE BANK,209407,171680,3341,1.5545145596736312,12.08,0.006304702046786494,0.13944137493015993,679,0,15.771406689490744,34596,0,1010,25,3.998038380375878,141841,26,2247,18672,28402,142851,14,5
1141,COLORADO B&T CO OF LA JUNTA,242810,197665,3326,1.5562956980543028,10.18,0.140002680620046,0.015238252131296074,2595,16,13.548992444997191,30613,0,2092,548,5.6647989836565085,176668,468,2118,80158,33317,178760,322,111
1147,PEOPLES BANK,523664,458171,9732,1.8951350799785172,30.23,-0.05350594748331803,0.9857465855968713,668,0,8.93562066306862,46358,15.736477351158678,3527,0,3.5856130291494654,266759,0,1781,16994,32212,270286,89,224
1150,FIDELITY STATE BANK&TRUST CO,148254,120222,1951,1.2452274789983544,15.59,0.055866414581722285,0.006070662511635436,1369,9,9.187948350071736,14409,20.45286964915338,847,-30,3.4339346349469335,66970,0,394,15467,13043,67817,127,89
1163,WAHOO STATE BANK,116446,90300,734,0.6084651259953876,9.31,0.012438260995422718,0.0008587671538738987,222,0,7.975015011008073,9563,13.28327854593827,822,0,3.0654910608627706,85713,0,1968,5452,8105,86535,13,2
1164,CITIZENS BANK,792010,706077,7976,0.9856536480306948,28.6,0.03324477016110617,0.07247383240110604,2231,0,8.538859423902247,72900,18.573089972415254,3845,460,3.4061897480660512,305620,0,1431,108297,27295,309465,182,83
1165,FIRST BANK OF OKARCHE,135425,115553,3344,2.4518717518565007,18.38,0.03687267647913658,0.03175189219124977,189,15,13.88431712705544,18728,0,954,160,3.856888842642608,48839,0,991,1383,18728,49793,29,12
1167,UINTA BANK,213493,198336,267,0.11235472786170016,2.84,0,0.1250626484240701,350,0,11.199263870278338,26411,24.485409828694753,778,0,1.2645502645502646,72634,0,918,43558,9109,73412,0,0
1169,SUNDANCE STATE BANK,292536,254633,3176,1.2082146422223845,12.82,-0.010559480895919156,0.4778899007301666,1434,0,11.133497838045866,29508,17.051014399657404,2897,0,3.3815729883950008,146023,556,3020,33882,25275,148920,128,144
1184,BANK&TRUST SSB,537858,492260,7664,1.4364638398717677,18.77,0.025541875186900518,0.036812690338342086,240,0,9.738406616586133,54940,19.140761097851254,4034,382,4.2491210730446545,352338,0,5771,56874,41166,356372,195,106
1198,ARROWHEAD BANK,290921,262167,4269,1.4781374844447583,16.82,0.000569607779475209,0,1080,0,10.6020983647878,30285,19.14737338691859,1664,110,4.335314542986649,179302,0,6802,32327,27966,180966,5,4
1208,GUARANTY BANK&TRUST N A,3112902,2693919,34238,1.0978664681669708,9.73,0.01941917518001801,0.15782700515467563,7238,0,11.367311599066417,353299,17.03530778424386,28290,-2200,3.4870451669597258,2102708,0,28772,865446,358829,2130998,978,548
1209,COMMERCIAL BANK OF TEXAS NA,1489423,1349261,18706,1.3033449268277661,15.34,0.10171312471073374,0.10124726152342216,3608,1259,9.748596950332308,146328,15.968552428206678,15155,1025,3.681529925398742,983348,0,37807,367723,128680,998503,2241,1267
1210,VISTA BANK,2598936,2296851,27780,1.1816905849121677,11.25,0.002964365191656672,0.17714941806954845,663,12,10.55729521712556,260646,14.205810953065301,22292,3710,3.9588776583845418,1922941,0,1354,643029,261868,1945233,4082,4031
1213,CORNERSTONE CAPITAL BANK SSB,2280636,1380650,17936,0.7763692858337539,5.45,0.00874419740525311,1.6570816210916601,5182,28313,13.356063050900415,338538,26.971609693080502,7394,3151,2.0553111250785667,1392033,0,1622,77649,332626,1399427,118,6
1218,FIRST STATE BANK,175472,154094,2581,1.4265847748416993,13.35,0.21847018697135107,1.4743092915108964,4532,137,11.393910295776063,20409,0,1736,485,4.0915896386475445,152988,0,1361,27356,20377,154724,437,102
1219,WELLINGTON STATE BANK,592480,545028,4265,0.7314063306004632,11.25,0.04087789828556959,0.2752835538752363,8870,1185,9.558047244301344,58213,15.236591158422646,4980,342,3.5352180271556137,352420,0,4984,127924,37721,357400,157,13
1225,FARMERS&MERCHANTS BK LONG BE,11690069,8769593,44878,0.37319245765719194,3.3,-0.01809140694810789,0.19478071515232287,2375,0,11.421088467233224,1363229,18.77010992332431,96585,-6600,2.041732774269102,6363727,0,193575,4465865,1368883,6460312,30,1215
1237,IRELAND BANK,369035,324237,3182,0.8589224005990322,11.75,0.021277795976616196,0.03143333288170499,48,0,10.210045319648156,38119,17.707977645131592,2695,0,3.851244745777391,188586,0,947,36727,29543,191281,110,67
1265,CASHMERE VALLEY BANK,2121563,1837953,28159,1.354220489545008,12.87,0.30884554995650865,0.16652816814772883,5555,134,12.9340173704535,278331,0,12748,1971,3.2555723333524593,949625,3979,6010,241246,231407,962373,3743,617
1281,WASHINGTON TRUST BANK,10727568,8824244,57198,0.5206005756296165,6.5,0.026825963033526194,0.7029459053533849,13175,63,8.688869875128718,948077,13.037937457112047,153558,8460,2.670323347666894,6739134,17508,29498,2157231,904592,6892692,3520,1712
1291,FARMERS BANK&TRUST CO,2941699,2692157,31490,1.0933926031521652,14.37,0.1317348054464438,0.37026221921413444,5329,266,8.846441343121462,266402,11.925055898386528,34306,8230,3.4642376427165398,2202216,3366,47043,948334,226448,2236522,3447,672
1294,FNBC BANK,805145,699959,6690,0.8366712639814147,12.61,0.06081032178733101,0.44998105931229776,1874,4,8.916182341540502,73009,12.660317995919604,10608,600,3.5828459903093566,537742,0,21591,140120,52576,548350,416,90
1296,FARMERS BANK,277413,241010,2813,1.0020732550103664,8.06,0.03299668256429911,0.096967337507615,866,203,16.15569863942145,44813,0,1279,64,3.4536574779244384,154740,0,3962,34587,35429,156019,59,7
1299,EVOLVE BANK&TRUST,1812062,1331043,10298,0.6321066731878372,6.4,0.050435313217650476,0.5183597470726719,5247,1436,10.043670276767548,162855,16.425776519033334,16541,708,2.3215061773746046,1023357,52611,32974,168090,164798,1039898,764,237
1331,FARMERS&MERCHANTS BK CNTL CA,5376767,4706468,91091,1.6809913831729535,15.59,0.018516657199279033,0.03351456367739201,74,0,10.985786174626998,591071,14.552879345123918,75283,0,4.128828410482363,3603105,0,1154,1226585,584542,3678388,858,176
1365,PEOPLES BANK&TRUST CO,1244987,922292,12096,1.0224848613745185,13.32,0.08570914743440329,0.24008282817410947,2901,1063,9.32092768252714,115607,11.999200558472422,10004,4077,3.181801414903998,789798,0,12631,171266,93925,799802,1455,824
1373,BOM BANK,1443742,1293949,14114,1.2234972499485082,11.63,0.3233584595858473,1.0797635588630101,8275,11355,10.652869593413222,143242,0,8000,4302,3.7732037951096005,1044789,0,14440,431328,144015,1052789,2947,145
1374,BANK OF COMMERCE,85343,77603,593,0.7894162313561983,8.17,-0.0026641091219096334,0,213,0,10.645814213695736,8468,0,371,0,3.659359482326072,36630,0,1119,6693,7344,37001,0,1
1376,CITIZENS BANK&TRUST CO,474581,420476,2721,0.5925210387431673,5.7,0.3585478498117781,0.7878528638946777,3887,280,11.147622240367147,50378,15.167895348869326,5407,480,3.6254911302408925,319770,0,2439,142658,49189,325177,1223,81
1380,FELICIANA BANK&TRUST CO,168947,139772,3858,2.4380256163313594,23.8,0.19942340982586448,0.4184744328102896,2965,100,11.674521977989238,19593,0,1745,300,4.211557164833329,121230,0,3637,23776,16060,122975,276,35
1391,ARLINGTON STATE BANK,57456,54829,157,0.26309880114087686,7.68,0.09105419331340853,0.00870231133389028,76,0,9.611561030017942,5946,25.633560239481668,354,0,2.5085243702965165,18147,0,1502,4082,1989,18501,17,0
1399,FRANDSEN BANK&TRUST,3565200,3051123,47042,1.3469562545304654,14.4,0.031177583907903386,0.5347806574666217,21183,884,8.774802052567884,306845,13.038141351545127,31393,4805,3.5937593426346273,2479235,0,20210,697441,347960,2510628,812,52
1402,CITIZENS ALLIANCE BANK,1535975,1341875,12938,0.8334077332353187,10.74,0.05136294643225154,0.3226615016520451,1874,1058,8.655768575970429,128885,13.18960176865413,10277,118,3.5686576283374007,941455,1752,6486,235137,125075,951732,545,59
1409,KENSINGTON BANK,441936,382414,3903,0.9128112106220073,10.84,0.11964804502438556,1.437312190000362,3084,0,8.664062010508133,38719,11.292012595830327,1897,554,3.693787582358948,327560,0,3543,74925,37382,329457,397,6
1413,PERENNIAL BANK,142681,132738,1217,0.8623132953547034,13.84,0.09127352118640973,0.1541901164135379,300,50,9.72378706340931,13895,24.127345645392882,724,113,2.7318353337138874,56513,0,2554,5314,9262,57237,51,1
1415,NORTHWOODS BANK OF MINNESOTA,140012,125194,880,0.6354873465803559,8.17,-0.0039041047757612355,0.11713281718709824,508,0,11.174783024472232,15425,0,1096,11,3.2589467954823785,75513,0,1359,32010,10785,76609,11,14
1417,WOODLANDS NATIONAL BANK,316219,289569,1973,0.5880273693509287,7.97,0.269094240238177,0.976538411670393,421,841,10.105471456555398,35441,21.450514376905762,2298,323,3.1086209781776977,137923,0,14019,47860,24904,140221,478,102
1418,BANK OF WESTON,216659,186500,1895,0.901736854627647,12.24,-0.009708536781115213,0.015231308184751153,522,31,8.211552164019583,17863,12.616195099604887,1918,385,3.837771484777815,162326,0,476,75968,16241,164244,40,55
1426,FOCUS BANK,829050,644600,11715,1.4199679861763117,12.54,0.06658002077180604,0.2917797479042277,11295,0,12.090796660216695,102163,0,7448,800,4.245216960612963,686798,0,11286,138503,94980,694246,690,231
1427,UNITED SECURITY BANK,93397,74921,862,0.9347821372025941,9.77,0.09500856660575563,0,1755,0,11.983278159748748,11294,0,912,84,3.0797969797830924,65957,0,2621,10947,9137,66869,74,14
1434,TOWN&COUNTRY BANK,225794,189545,3201,1.457325095948536,13.58,-0.0006975874635161756,0.045616801155035115,105,0,13.074325537953085,29116,0,1758,150,3.9413272450885515,150773,0,2874,7191,23510,152531,0,1
1435,EXCHANGE BANK,1490495,1204045,22755,1.5885522037837072,16.32,0.0001960530982369141,0.35129269135421454,8761,0,10.320207497594152,152711,0,15012,0,2.670700812653874,1011427,0,2354,300956,142504,1026439,162,160
1438,COUNTRYSIDE BANK,114134,94337,764,0.6849585259405628,4.89,0.001678122650628289,0.01927558834352603,28,22,14.706995327061682,16712,0,639,64,2.702068798458927,62390,0,1138,6044,16065,63029,5,4
1439,AMERICAN INTERSTATE BANK,114532,92432,5134,4.268260239168894,21.52,0,0,175,0,18.209286602619212,21816,0,1509,0,6.110385498639548,68062,0,112,14629,21816,69571,0,0
1464,BANK OF HOLLAND,231461,209221,1734,0.7464684808634583,11.12,0.008198929454068426,0.36464026337050304,1105,184,8.169332783238556,19207,14.22546744916064,1639,92,3.283704200146873,175117,0,3477,25909,16402,176756,15,1
1468,BANK OF CROCKETT,275175,248119,3481,1.2543538438143886,13.97,0.04584614550145998,0.005451076587626056,1547,0,10.137453360209289,28365,15.556250441308492,2566,160,3.4782446593254317,161394,0,6118,3331,25036,163960,99,28
1475,PEOPLES BANK&TRUST CO,154785,133507,2328,1.5324944111350727,12.29,0,0.0032302871725296382,258,3,13.673582026557579,21058,0,1417,180,4.804928189005528,99635,0,2584,22792,19806,101052,12,12
1484,BANK OF FRANKEWING,508066,457591,278,0.05219624134490563,0.55,0.39625954486201415,5.718548377572993,4986,0,9.403730604956444,50661,0,7597,4050,4.001903257810444,385796,0,8854,105724,48652,393393,1910,291
1487,FIRST FARMERS&MERCHANTS BANK,1763096,1603624,16539,0.8969459583958946,12.53,-0.006932364338511842,0.07622954166988072,554,0,9.905301921619659,184439,17.166465418363632,7952,-160,2.661724620583073,990866,0,5911,350091,138288,998818,57,128
1497,SECURITY STATE BANK,925458,837103,8048,0.9065531582811627,9.3,0.007681045189361398,0.386295218151445,8615,2,11.66219723276855,107939,0,4810,715,2.544075558434894,540039,0,5196,286984,86972,544849,44,5
1513,CITIZENS STB OF LA CROSSE,684372,553151,13104,2.014097452560197,21.12,0.03844544047956697,0.946999585021012,2509,0,10.277219456613619,69181,0,6603,3028,3.7443136711317218,541337,1522,694,193483,69368,547940,221,9
1527,DIAMOND BANK,836272,746885,7262,0.8794048044904622,11.06,0.04207685054145684,0.25183193984732244,4932,0,10.002368017992271,85746,15.177815134811107,7295,100,2.968879029609268,653301,0,9780,120395,66284,660596,436,168
1528,SOUTHERN BCORP BANK,2780941,2141524,21460,0.8029551142852824,6.12,0.07381269382627487,0.5191767822474479,6419,0,12.13092055727648,336084,19.579161485941146,19341,1000,3.5373856980021023,1732307,0,34722,429830,357322,1751648,1484,262
1536,BANK OF STOCKTON,4444022,3558874,79698,1.797767590322832,11.17,0.004591305588904466,0.0864757195171401,6604,47,17.240207922822474,773444,18.628117524213938,77869,1039,3.1320862289825375,2294454,2432,60388,1006662,761515,2372323,1516,1411
1545,FIRST NB AMES IOWA,1106948,956928,5235,0.4705694960582726,5.98,-0.0005797015754259864,1.012513686279753,70,669,9.302094040782938,103707,14.566501042745452,8567,-472,1.88422876008317,680077,0,3904,233660,89705,688644,3,7
1547,IOWA TRUST&SAVINGS BANK,206583,151605,3441,1.6414541346898743,19.32,0.0042127879177242524,0,14,0,12.698799613668768,27611,0,1406,0,3.5310935401297643,91881,0,1558,6045,18052,93287,7,3
1550,CENTRAL STATE BANK,457011,377456,3228,0.689396534565078,8.45,0.007904942538972684,0.2391627335009442,6853,11,9.014649512480585,41438,13.19128706024721,4900,122,2.2765889845142215,363784,0,310,120674,37869,368684,37,7
1552,CBI BANK&TRUST,1565288,1343550,19410,1.249534562859893,11.37,0.042249368238369556,0.24161687817194025,4091,89,9.584607501198407,144960,13.545079048568581,11500,812,3.7375666762071416,1020310,0,3211,293017,176731,1031810,663,236
1553,SHELBY COUNTY STATE BANK,547705,480093,5190,0.9366790522468386,9.47,0.02178113865090978,0.15884463351621766,738,32,9.264280134185011,50400,13.707638343121575,4193,485,3.0776733606127706,359712,0,4203,33548,54726,363905,121,43
1556,TWIN CEDARS BANK,107866,91788,158,0.17177199116352693,1.44,0.06906221332666167,0.9548884727346894,547,247,11.590380579660826,12261,15.632253980163663,1660,837,4.61084340744498,84422,0,117,10443,13303,86082,66,13
1562,PEOPLES BANK,168267,151312,1550,0.9268649719189812,12.82,0.006735780766801283,0.16283644446029227,1099,274,9.682507559343826,16267,0,1090,225,3.572541127489035,140699,0,644,26002,12516,141789,12,3
1566,PEOPLES BANK,130789,120315,2218,1.795230417581279,22.67,0.06381863558472807,0.5696197692466493,449,0,11.727138376161179,15553,21.93315962990535,1329,60,4.650883967688596,75939,0,1818,6045,9576,77268,72,25
1596,COMERICA B&T NA,116716,508,5259,4.685478668999754,4.99,0,0,0,0,88.56866367555205,100676,247.79344802973245,0,0,1.5494763838427015,0,0,0,0,106435,0,0,0
1600,FIRST FARMERS&MERCHANTS STB,98342,76939,467,0.45737948001731576,5.52,0.035929099909511895,1.2466697850358952,2668,757,9.745470777172912,10043,12.696021765275978,820,125,3.402397743877731,74416,0,139,13538,8491,75236,31,4
1604,SECURITY BANK USA,247788,225303,3448,1.4069219909088684,16.04,0.07531026076031838,0.5888097890131887,293,0,9.301671106037544,23467,15.173518419647625,2493,115,3.9419771273202215,172875,0,5082,47589,21790,175368,129,0
1607,BANK OF ELK RIVER,677473,634148,5309,0.7883163469399694,16.21,0.014529778781612917,0.02346957000500389,316,8,8.67083845631549,61425,15.09653418400108,4220,375,3.028669229851803,404177,0,15186,136604,35176,408397,170,112
1609,FIRST STATE BANK OF WYOMING,224110,193062,1365,0.6059825796656219,4.73,-0.006586118438167874,0.3029762170362768,451,41,16.22266520397318,38005,0,1688,0,2.313761584179395,58659,0,1544,17861,28851,60347,0,4
1610,STATE BANK OF FARIBAULT,308058,287885,1920,0.634579842042501,12.95,0.05723652323437504,0.027267592466353737,2622,0,8.847073300476193,27608,14.002068634331941,3431,586,3.2747926024498684,166722,0,3747,35045,16327,170153,262,168
1611,CARROLL CNTY TR CARROLLTON M,209899,184458,584,0.28244133780467634,5.92,-0.004115395695296103,0.13053897350630542,635,11,9.280197022276951,19067,0,820,-145,2.1680433837493993,78292,0,1165,6527,10639,79112,3,6
1612,SHERWOOD COMMUNITY BANK,72363,63760,284,0.3654340558805288,6.63,0.01636500507315157,0.6633224161519008,1639,299,8.032635096147395,5986,14.406362007168457,438,20,3.377911635489486,43602,0,344,5812,4551,44040,10,2
1616,EXCHANGE BANK OF MISSOURI,395126,358843,4471,1.203580321690558,13.92,0.03290010199031617,0.44897070807792955,1528,1733,9.015716505468522,35916,12.865149149478183,3223,284,3.974468787671389,287583,0,1187,54430,33812,290806,150,56
1617,BANK OF MISSOURI,3080212,2580477,17666,0.58657448997969,5.6,0.012285079361612676,0.1559632908384228,5464,18,9.520728788292356,290204,13.330067146687611,20366,1000,2.5302627104261974,2061718,18785,41392,649099,308679,2082084,625,373
1622,FIRST SECURITY BANK,56585,52200,556,0.9967766108878123,13.13,0.54282719377059,0.07245736502606698,367,0,7.574582128499895,4296,15.166828636216392,458,117,4.076873895219828,37355,0,2061,2667,4218,37813,204,1
1639,FCNB BANK,192252,164837,368,0.18695406111975324,6.9,-0.035242094641717736,0,142,0,7.733594937749107,15057,10.860267591210587,1162,-82,3.322710684148732,114060,0,2376,38262,5811,115222,16,54
1654,OZARK BANK,383474,355947,4204,1.147716333881711,17.96,0,0,0,0,8.595330154290432,30300,13.665828054446965,2929,240,3.2443466885179912,249922,0,658,82173,23745,252851,5,5
1655,BANK OF OLD MONROE,879754,815732,17214,2.140635818828642,38.2,0.018041829025439826,0.0027280353371510672,276,0,10.398386391044042,97436,0,7162,1268,3.7286561997517267,531104,0,786,112786,49522,538266,131,46
1660,FARMERS&MERCHANTS BANK OF SC,540611,492636,6507,1.501481406274517,14.52,0.04401882927880988,0.1916350203750941,587,0,14.718116790580257,63724,38.091144097039454,1325,-7,3.870084911438876,119849,0,4967,44566,46946,121174,109,60
1673,1ST FINANCIAL BANK USA,1313798,996527,27128,2.1165084538627994,11.97,2.5563522908591145,1.3744122003534789,9652,10412,16.653305186168684,217491,22.202758142491188,18887,24334,10.539154693635897,920461,380626,2441,822,219103,939348,32437,8450
1675,RICHLAND STATE BANK,40310,36256,1075,2.4971196015758568,25.18,0,0,183,0,13.176253176253178,5704,24.502852485737574,481,0,3.4654939305046444,19624,0,3010,6938,3935,20105,0,0
1678,PLAINS COMMERCE BANK,1270295,1006626,7654,0.6221823366547823,5.92,0.032753810556681015,0.9881169334682102,6218,107,10.259055049696258,128702,0,11283,1189,3.07492204694948,1032556,1803,8217,157663,130332,1043839,424,91
1686,FARMERS STATE BANK,241183,228566,1411,0.5784541213318793,12.63,0.01248367369549511,0,8,0,9.6842130171914,24555,0,1365,0,2.859788672182629,131930,0,5907,17184,11005,133295,19,3
1687,COMMUNITY BANK,66901,55796,167,0.2495323136875198,2.42,0.07198171664397243,0.14947459679227515,246,0,12.141467982424548,8428,0,441,80,2.9011514397829856,35685,0,1784,141,6942,36126,38,14
1693,UBANK,168539,142778,1119,0.716237009803294,5.6,0.1432102975023442,0,54,0,13.364640557623014,22625,0,1879,260,4.09820035256527,122094,0,3107,47367,21658,123973,199,31
1696,FARMERS BANK,885733,768200,13114,1.536545385735694,12.73,0.2601683979484069,0.8012572637578143,4942,0,14.377011206135503,130772,20.581270760468342,6933,1660,4.574599836134491,562402,0,5510,127038,105790,569335,1880,432
1700,FIRST CENTURY BANK,711195,642507,9237,1.3676335896850491,16.1,0.0011862283631946554,0.021372478715401544,1146,0,8.623499336817405,60855,12.703390712683706,6032,414,3.761997405562021,608037,0,4976,187843,60820,614069,36,29
1705,MOUNTAIN VALLEY BANK,255673,202124,751,0.3073052723927746,3.47,0.1080198391366527,0.31407305425289334,2310,488,8.870939839073655,23075,14.276378020466076,1828,20,3.59006588072122,203026,0,2739,52425,22231,204854,512,299
1711,CITIZENS BANK OF LAFAYETTE,1667933,1373763,16764,1.0408924702941433,11.52,0.03630371999963787,0.28772138928841867,8005,769,9.498880809328002,159094,14.336743152728962,12749,1811,3.3095605659931837,1153104,0,25917,304946,149255,1165853,734,333
1713,BANK OF PERRY COUNTY,232305,204411,3230,1.421325872619279,15.57,0.024174884336608943,0.40765373108628744,1099,0,9.167196330716507,21346,14.288703443861852,1872,20,4.046587869573583,188351,0,22062,30531,21387,190223,91,46
1715,CITIZENS 1ST BANK,768074,591225,8282,1.1226429851621895,6.79,-0.01191643599260188,0.5449995703538982,10866,0,20.892303281465843,160315,37.9254248697518,1944,370,2.3679011859341315,438191,0,4644,217839,123274,440135,0,48
1720,WESTERN BANK,792161,724503,10136,1.346328717260609,16.99,0.021004245811375964,0.9154704662309809,2907,0,9.268899954730648,68796,0,8139,800,4.600546822747803,628296,0,1729,173292,62365,636435,132,4
1730,PEOPLES BANK OF GREENSBORO,109865,106305,1026,0.9524039380881745,36.36,0.09795911561676726,0.42688754380375915,342,0,8.134530303681114,9469,17.155573538337045,707,283,2.9170646830755995,49740,118,3289,3332,3197,50447,106,59
1735,FARMERS&MERCHANTS BANK,295012,266651,2455,0.8440214061706043,9.43,0.07756409261998812,0.18643309424701368,5514,544,12.533267167217863,36874,18.66878366775235,2045,0,4.163730876112087,144005,0,4402,40135,26319,146050,132,22
1745,FARMERS&MERCHANTS BANK,95472,86745,-2398,-2.399021983364914,-25.51,-0.32578283699359933,0.03351768057650411,137,32,17.201520468973293,17694,0,186,0,1.0899476952213896,5445,0,1111,574,8206,5631,4,21
1753,UNION BANK&TRUST CO,317078,287351,3624,1.1682634653324908,14.46,0.2034907529917785,0.31569519171938765,701,0,10.293158383301137,32822,0,4099,836,3.7087892253966115,240060,0,7422,57527,25906,244159,497,15
1756,CENTRAL BANK,727015,596456,11019,1.7126438782501223,20.82,0.07717289463165115,0.8065858338548723,4132,0,10.574926404356223,72671,12.385100437537535,8335,2550,3.688306181455761,586713,0,855,231645,70908,595048,442,30
1768,MECHANICS BANK,16493900,13945593,28999,0.1700385695956097,1.29,0.4277873144272523,0.16384845306446624,89764,211,9.658659051855377,1509029,17.138490016215712,88558,-1506,3.3703234725031472,9559270,0,432282,2019655,2301868,9647828,59546,15885
1778,STATE BANK,126279,103668,1850,1.4385020916597981,8.66,0.24802266592412028,0.5416577578219657,8,0,18.723716759431046,24221,30.47071028758927,1195,466,4.91265723659405,68231,0,729,11192,22395,69426,166,3
1779,CITIZENS STATE BANK OF OURAY,205362,188980,212,0.10265061314373314,1.59,0.004882669453043368,0.01850391016838558,11,0,8.26282970812963,16935,12.524823852661934,1481,121,3.1819513877849834,147625,228,585,39860,13249,149106,9,2
1780,FARMERS STATE BANK OF CALHAN,390921,319486,3006,0.7547598076090635,15.16,0.013544893737599649,0.2558061603239529,1269,12,9.257907636045145,36150,16.471871863134467,1592,43,2.5794022081213956,185572,1047,6826,21582,20961,187164,30,5
1781,FIRST STB SHANNON-POLO,191431,172971,1583,0.7978983468433367,13.42,0.35740747998798067,0.6921553980285324,202,0,9.256903166809137,18626,14.585096139818516,1369,150,2.6174620595371785,105392,0,1684,17119,11699,106761,399,16
1786,LONGVIEW BANK,636265,569137,6747,1.1047623164542286,13.78,0.2872580161167087,0.8642625321210502,5862,221,8.060870375606358,51032,11.632003708620434,4170,1832,3.7220598277786108,503130,0,4042,50113,50931,507300,1417,50
1808,BETTER BANKS,443262,409905,3699,0.8130581669593734,13.22,0.2296773586550315,1.1990651127324246,2044,80,9.01024735528953,40772,14.585494007910931,3619,591,3.065595661157685,287003,1135,6097,19726,30189,290622,814,150
1821,FOWLER STATE BANK,203691,157550,2446,1.2058777419421634,9.59,0.33869996559238447,0.2955457040320878,820,19,14.313291154512505,29659,0,1440,186,3.7467246937062817,119661,1366,3970,5473,25635,121101,397,19
1829,FAIRMOUNT STATE BANK,56043,49460,145,0.2576385384609917,2.26,0.7148936984152792,1.6719304819513585,1350,420,12.91440493661262,7304,0,692,373,3.9469948294928123,42371,201,2069,1787,6470,43063,346,47
1833,STATE BANK,819892,698265,6019,0.7308975747655153,9.55,0.015820894558580895,0.08769447683353417,10,0,8.964332589380222,74105,11.410684508662388,9240,400,3.1148034283658066,637269,0,5173,315171,64989,646509,136,38
1839,COMMUNITY STATE BANK,181213,168490,712,0.40754974453728793,6.22,0.022357096966259614,0.11202286811652586,2017,203,9.615307335051753,16749,17.667128796594003,1219,13,2.687498310715348,86794,0,1498,2725,11279,88013,28,9
1843,FARMERS&MERCHANTS BANK,207289,182604,884,0.4344253594329274,6.14,0.003288029763245417,0.27208390218487233,17,0,8.398935021947183,17508,13.255167345014318,1500,17,2.7966594644156935,127638,0,419,13535,14730,129138,8,4
1847,BIPPUS STATE BANK,377218,308415,8981,2.4887892252413826,22.65,-0.07311743208832311,0.5967371652466213,1493,285,12.925962245648442,48507,16.631776235327752,3579,315,4.553468729543844,301590,0,855,48110,42272,305169,428,641
1849,WAYNE BANK&TRUST CO,227496,209456,1078,0.48262677907065243,6.43,0.04554078798574868,0.11692513274958681,3296,223,10.067670698675702,22822,13.99110710868464,1965,140,3.3235906878963073,172572,0,1327,72704,16765,174537,87,10
1852,FIRST SECURITY BANK&TRUST CO,554250,487254,1871,0.33241526786345643,4.04,0.03445420646961083,0.08696436626071267,729,0,9.017828305088678,50536,14.263496028118603,5060,-1172,2.9787008485552438,353140,0,2987,47116,47536,358200,194,70
1857,WAUKON STATE BANK,412903,350157,3864,0.9530288014972221,9.53,-0.006859275111806184,0.1339297607428379,722,0,9.931146588693005,40689,0,4984,0,3.0126095440688316,334210,0,1947,65028,39913,339194,12,35
1860,MONTEZUMA STATE BANK,51995,44551,909,1.687226452146991,13.36,0.008848304664826218,1.713626310222137,399,7,13.966913991520292,7379,0,515,65,3.927047918404002,22839,0,1815,6106,7094,23354,3,1
1865,KANSAS STB OVERBROOK KANSAS,89795,74172,974,1.0967406309749281,11.13,0,0.543460103569241,161,8,13.146454968519025,12006,20.50045656248498,1599,85,3.785467903379984,49123,0,866,3974,8930,50722,4,4
1867,FARMERS STB OF OAKLEY KANSAS,304379,202239,3726,1.3203448630221934,11.6,0,0.017083964399646493,0,33,12.318564771476478,35925,13.871701728473912,2300,200,3.093326561721803,222403,0,368,75132,32868,224703,0,0
1868,BANK OF TESCOTT,491891,425801,6166,1.317263544143924,10.54,0.01624163975594976,0.1207584607158903,2761,104,13.865523262990266,68523,0,6677,0,3.226350685632732,367351,0,4608,28660,59532,374028,87,29
1869,UNION STATE BANK,661174,553455,5755,0.8471821734616908,8.96,0.0004822951849095624,0.0071085674875297575,111,0,9.284121637648845,62624,14.083320155471032,4685,209,3.4614276374104884,418635,0,3052,106374,66220,423320,31,29
1874,BANK OF LABOR,933539,874113,9385,0.9714671254903658,35.61,0.01431073251273208,0.03127882177391625,720,20,7.7487861802402,76462,14.388605392918393,5042,834,3.765705104449999,330998,303,198,147048,29540,336040,110,62
1895,FARMERS&MERCHANTS BANK,844739,760383,4751,0.5858573950839276,7.12,0.024972117463091567,0.18704002064543013,272,0,9.124728405885492,76601,12.366749760774299,4260,150,2.82044004414395,583222,0,144,398828,67119,587482,164,25
1900,FIRST INDEPENDENT BANK,527727,427748,4137,0.8016018861767951,10.38,0.46834884280999406,0.08167101550612343,763,285,8.409558655385318,44130,11.345634710844333,4162,1209,3.254789894404013,339197,552,3180,39653,40093,343359,1842,329
1903,ST CLAIR STATE BANK INC,125178,110877,1694,1.4372521503633855,13.04,0.05998630131010082,0.00319544967965617,0,0,10.93071627845552,13243,0,1656,28,3.4769711873122033,95258,0,2407,7548,13243,96914,56,1
1905,PROFINIUM INC,533988,460509,663,0.12603690543087892,1.62,-0.014847564196242934,0.15974141741012907,610,0,8.960277662126163,48638,12.36986467528247,5187,240,2.7733432246109806,408221,68,104,89487,40562,413408,36,97
1906,TRIUMPH STATE BANK,90911,78961,1459,1.6014699716147953,14.05,-0.022015390451417115,0.37289216926444546,1246,42,12.39413552895779,11049,17.269175825777676,798,54,5.404186384803574,62476,0,832,7520,11071,63274,13,26
1908,WANDA STATE BANK,183025,158129,1143,0.6257822277847309,4.88,0.24287398389932313,0.5081273050129764,1033,930,15.410978890014801,29048,0,1923,200,2.6211427501574387,105910,0,705,2325,23759,107833,278,18
1913,CASTLE ROCK BANK,271893,233976,2351,0.8723665735548622,6.46,0.32524787445432046,0.008827001798501617,1463,24,14.114374852837297,38364,25.668367541705372,3269,480,2.2405071735334916,119841,0,8555,20141,37343,123110,865,481
1929,FARMERS STB OF TRIMONT,81037,61986,757,0.9498213281940094,7.51,-0.024958506482972057,0.05799819835383837,664,0,16.40525868271306,12541,23.35998867737598,563,0,3.151172160079003,49401,0,344,2721,9992,49964,41,53
1931,NEW MARKET BANK,180895,165465,1405,0.7529377971558779,10.1,-0.002636959269527123,0,0,0,8.89596519652638,15868,14.781273983115886,1383,73,3.717027879985296,110631,0,435,35658,14307,112014,0,3
1933,CITIZENS STB NORWOOD YOUNG A,133568,120150,1525,1.1637294897446815,12.68,0.08487104230898615,1.9802647340680404,265,100,7.954363704217092,10444,15.909766349188379,794,50,3.4547682033401284,67109,0,976,8733,12824,67903,55,0
1936,COMMUNITY STB OF MISSOURI,319460,284418,4079,1.3516692900339657,12.57,0.002740997650051348,0.1493144681650285,1972,0,11.455640860566344,35766,0,1857,0,3.333276457548626,216307,0,1302,21404,34010,218164,10,4
1937,BANK OF CROCKER,141963,128741,905,0.6357846284839944,7.38,-0.022460604100407885,0.8164099096243388,700,448,12.542154901400401,17554,30.892161841882515,664,0,3.14818401652815,45913,0,1194,16312,12767,46577,7,17
1941,TIPTON LATHAM BANK NA,175067,155200,1580,0.9215955502100421,10.3,0.04306125795184095,0.03313017301947254,3611,15,11.131255140924274,19893,0,1717,100,2.8553667788841413,127459,0,2837,8698,15644,129176,88,36
1945,METZ BANKING CO,104138,93089,920,0.91649166988767,9.02,-0.005333589345621924,0.06337744147189307,57,0,11.477036294983431,11915,0,790,26,3.16225873252354,73373,0,555,19265,10574,74163,0,4
1946,ALLIANT BANK,239313,217348,2801,1.2551386298600213,13.66,0.020618074138136638,2.3600890883487318,510,0,8.97302045010109,21658,14.098032005124617,2314,276,4.436889456050511,192060,0,392,46336,20882,194374,51,14
1956,CITIZENS BANK OF ELDON,227332,198017,3197,1.4329113334008627,14.16,0.2209736231760545,0.8441398483275562,3172,0,10.747620489461697,24492,0,2288,676,4.237623008183883,166799,0,8124,17411,23524,169087,421,58
1964,LAMAR BANK&TRUST CO,242212,212762,4359,1.793775487948907,23.68,0.020789228407787644,0.13789572770960976,138,0,10.323054151239692,25177,0,1892,73,3.8081061450996643,177185,0,2522,48358,18296,179077,57,21
1972,CITIZENS BANK&TRUST CO,151214,120612,1424,0.9946398411928972,10.32,0.002728587410297689,0.06811538614149484,984,52,9.54875236180499,14201,17.706680258082454,1579,70,3.709512859949139,75123,0,1941,18466,14626,76702,7,5
1978,YELLOWSTONE BANK,1263959,1038886,30819,2.2708235826712704,18.24,-0.0010241302646879298,0.07642652965800315,2099,966,13.493170749428224,174571,0,3193,0,3.569511341572877,703485,0,3444,324977,181336,706678,0,7
1980,VALLEY BANK OF KALISPELL,203349,187104,1922,0.9588445175246046,13.15,-0.008171949708335687,0.1804778976046108,2450,0,9.414044004676827,19485,0,2098,0,3.5372496033447574,132003,0,4685,33630,15251,134101,3,14
1982,FIRST STATE BANK OF MALTA,167522,145593,797,0.46810815001544703,3.88,-0.1263804331884379,1.697687467914662,8,0,15.302455928182706,26319,0,1769,0,2.156699933013435,64844,0,1196,2358,20827,66613,193,274
1983,WESTERN NEBRASKA BANK,178106,145341,1086,0.6289912856327039,8.41,0.010124247885200374,0.2032497501487878,53,0,9.195224421250522,16043,0,1416,120,3.6517550159200245,130073,0,1888,16669,12508,131489,13,0
1986,COMMERCIAL STATE BANK,75985,50417,203,0.2755830686106812,1.15,-0.011078982063128039,0,11,0,27.7609105621464,20756,0,242,0,1.879815794961981,19476,0,66,0,17524,19718,0,2
1992,PATHWAY BANK,332117,233519,3327,1.0336908012393105,9.81,0.016588942591524613,0.2730965292351792,1625,893,11.626945399599292,38243,0,3429,40,2.9916797661123185,201997,0,456,27852,35191,205426,131,97
1993,CERESCOBANK,76365,63485,379,0.5340811408762313,4.83,-0.0809449574289483,0.08249852681202122,305,29,12.816306173876523,9765,0,688,68,2.5118615685180017,34706,0,660,1980,8050,35394,28,55
2036,FARMERS&MERCHANTS BANK,894122,757287,21313,2.355206672065236,17.86,-0.012092604795443359,0.19762403788297347,4044,88,13.995512298428867,127677,23.862592257536836,10506,0,5.320264774496106,521577,0,1545,237919,125395,532083,100,165
2057,STATE BANK&TRUST OF KENMARE,175543,162098,750,0.4378840973340448,7.84,-0.02860568432259252,0,0,0,9.160518922869606,16043,15.704499614265663,853,-275,2.28155852479852,82138,156,1605,13606,9382,82991,4,27
2068,FAHEY BANKING CO,341315,277784,3182,0.9832805229494956,6.22,0,0.2516736738789681,6744,0,16.66562984160275,56258,0,2965,0,3.638857772061501,257684,0,175,172336,51934,260649,0,0
2093,NATIONAL CAPITAL BANK OF WA,714037,630677,6968,0.9792141834284019,10.37,0.003333586947399135,0.44577521893123184,1493,3183,10.979412396635025,79718,16.975078434854673,6125,537,3.418964102131241,513027,0,0,198324,70316,519152,17,0
2102,CONWAY NATIONAL BANK,1813129,1542863,18343,1.0141833062652235,11.67,0.056121793928585476,0.04693543592320237,1515,22,9.507207154652743,174383,18.90574908285686,8354,458,2.728420456857649,783600,2797,29331,256644,163823,791954,903,472
2107,FIRST NB OF SOUTH CAROLINA,287731,258619,3139,1.1107776930077977,12.32,0.1801428935117294,0.4132331935036544,1035,0,11.77343325805548,34043,22.883886528080854,1782,207,3.892831583969466,140871,0,1035,71886,27355,142653,242,0
2138,QUEENSBOROUGH NB&T CO,2142783,1958856,17538,0.8433054921027505,11.01,0.03363114349463851,0.5140511195020682,22152,3406,9.151729698771472,195106,14.42670299651993,11413,1900,3.344668675673527,1190164,0,12153,420149,163961,1201577,499,104
2145,BANK OF MONTICELLO,153123,134031,4256,2.802341430010601,24.47,0.22800122109440588,1.2023014178144367,1584,26,13.152690789082083,19887,19.570203476322504,1573,310,5.455504647811868,103783,0,5877,16049,18226,105356,319,80
2154,GEO D WARTHEN BANK,202110,177638,2567,1.201263877475764,12.3,0.06267257024624141,0.7822472910791153,1149,0,11.38389893203331,24005,21.317984986039356,1543,200,5.471313891192394,108160,0,7799,13601,21957,109703,93,22
2157,FIRST STB OF RANDOLPH COUNTY,88991,88981,2,0.0022636059695816625,,0.10974745542685488,1.596790686698655,234,0,8.313663512653681,8101,16.086657233546216,312,16,2.7219738415985253,30239,0,2266,5894,-460,30551,37,2
2160,FIRST NB OF WAYNESBORO,219749,181417,4816,2.2868539139105866,13.77,0.1332933199481451,0.09055786374454491,243,36,17.566669264517785,38318,32.59311969377239,1800,240,5.081517469029968,134422,343,11418,13475,36587,136222,210,35
2205,BANK OF THE ROCKIES,257123,213415,3606,1.4419224352894322,15.3,0.10303343516743751,0.18590324475056685,4086,177,8.960597294973027,22923,12.590639419907712,2290,340,4.81285276984329,186788,0,399,51539,23908,189078,309,120
2208,FIRST NORTHERN BANK OF WY,857808,778484,8514,1.0497083896777937,15.3,0.14089207996729158,0.24189562233040493,6855,133,7.7871826434658615,67500,13.566822396106701,5329,615,3.8126271803134366,487153,3303,10565,148800,55906,492482,737,54
2224,BANK OF BRIDGER NA,775154,719072,4397,0.5860136650336828,8.5,0.001999563523847937,0.5013197377553363,1427,0,9.646278009325867,76770,20.513193611672797,5973,120,2.669662677878761,345529,0,8932,69176,53026,351502,15,8
2228,RNB STATE BANK,262027,248072,147,0.057522314353578324,1.12,-0.0006726831447129795,0.05724600899907262,10,0,8.644776732199611,23582,15.610139253377822,2183,45,3.544835582369431,146909,0,1701,73277,12961,149092,13,14
2229,RSNB BANK,362934,342257,3707,0.9763819346954041,25,-0.01389894733762006,0.056208566846864726,3636,0,11.879835577996701,48091,0,1400,-27,2.7188224630947513,135406,0,2393,58376,13485,136806,7,26
2232,PINNACLE BANK WYOMING,1309395,1182963,12601,0.9493462988678665,12.49,0.03612980444561482,0.36742159546966346,3991,1638,9.559227577698156,127687,15.858515249870434,10608,110,2.789958597070912,822528,519,3925,306331,103040,833136,333,35
2240,FIRST AMERICAN BANK,1765491,1537450,44183,2.4713373972084622,31.67,0.6397748416830087,0.45919237198037255,3071,0,10.970564094206555,203293,18.350009502809637,18054,7358,4.831076174460796,1001621,0,1678,440441,143661,1019675,6377,104
2241,CNB BANK,886662,810242,19304,2.2722724843622357,28.39,0.20356727085387494,0.11639159003092499,6325,620,9.530648564024567,85472,0,7795,3600,4.523069374543084,609895,0,54748,202217,73807,617690,1202,0
2244,JAMES POLK STONE CMTY BANK,401885,348659,5539,1.4230499668066336,25.45,0.07693846461600012,0.4508752503825721,4429,168,9.554343522078453,37400,0,4285,395,4.124877908663057,179382,0,4122,65977,23080,183667,382,252
2247,BANK OF THE SOUTHWEST,177290,159779,4209,2.3583240602843434,24.1,0.1474809903862973,0.4066783236505161,726,0,9.496395048292749,17452,16.926779397262255,1236,236,7.339768458868111,113168,0,6406,43318,17452,114404,195,23
2249,WESTERN BANK,292537,253733,5594,1.937765646054669,16.42,0.05297559862426445,0.4050769646232784,158,0,13.559524704306769,39689,37.59994138603705,1559,0,3.817241801676521,73292,0,2523,13500,35474,74851,42,3
2270,ZIONS BCORP N A,88774720,76638293,784269,0.8959469097743287,13.05,0.10318599985134498,0.35526217373594643,57384,17562,8.340197659362484,7429762,13.335694558150967,695967,71920,3.0275990850987555,58788443,148661,41256,16454213,6123655,59484410,91254,30798
2273,FIRST NATIONAL BANK OF ELY,120721,115635,1160,0.9741775757758988,24.08,0,0,0,0,11.136559782247891,13420,0,125,-90,2.9029041550216936,8958,0,144,4589,5022,9083,0,0
2284,NORTH VALLEY BANK,415442,367933,1475,0.4361832809617679,4.49,0.003382840578751401,0.8533080429999855,715,4,9.547284595089598,35499,0,2460,-123,3.930058370650406,311810,314,8930,103282,39020,314270,14,5
2285,GENOA BANKING CO,672454,599183,3016,0.46997636405341525,6.99,-0.0014452364799159617,0.009368670570775102,6,0,7.10199374494173,48527,11.920451949330927,4998,370,3.194599404485638,491911,780,13342,143628,45449,496909,40,47
2286,BUCKEYE STATE BANK,473513,387829,2255,0.49173063889656954,5.27,0.05013992897100524,0.09883572362321626,658,0,8.466040140593508,38394,12.20041945757324,2344,47,3.1460092660944463,284341,0,3819,103341,43665,286685,175,45
2290,FARMERS SAVINGS BANK,280143,227603,3812,1.3281100840207312,7.08,-0.12569326167193473,0.7763892012293722,679,0,27.70304267005828,79285,0,3115,0,2.8676134547178838,102941,0,1225,10902,51798,106056,58,187
2300,BANK OF MAGNOLIA CO,100366,87097,1184,1.1755781580755469,10.29,0,0.011956240161010701,128,0,12.71741384929924,12876,23.937557262668264,731,0,4.513557669223889,59847,0,282,9828,12093,60578,0,0
2301,FIRST STATE BANK,147980,129916,2863,2.045584452700772,29.22,0.10779480110975632,0.054737126638734965,1850,18,8.775278439099143,12827,0,526,20,4.318847533145799,123636,0,1085,6735,10619,124162,145,23
2308,WASHITA VALLEY BANK,58964,50552,605,1.0262551694423618,7.57,0.09349936974498912,2.871243470592226,343,771,14.013896675330853,8249,0,572,120,4.229731920475144,29855,0,1021,2665,8032,30427,85,58
2315,ARMSTRONG BANK,2491998,2299342,19327,0.7806321476492176,11.15,0.11077493147209135,0.40333098180656646,29373,640,9.747620549971812,246553,15.357841640864622,16859,1072,2.787981849573569,1588663,5403,47663,377762,177409,1605522,2780,1059
2317,METHOD BANK,164378,132830,902,0.7121090111000584,6.8,-0.004304778303917348,0.015817201815328086,2928,26,11.904048171415166,18267,0,1326,439,4.479865011382691,118726,0,8,8238,19107,120052,0,4
2320,CARSON COMMUNITY BANK,162027,137429,-241,-0.14317914741273496,-2.44,0.7156188652605723,0.09689743067513439,3301,0,11.269550674969436,17790,0,1741,763,5.126523929377016,102285,226,975,16350,10152,104026,3051,2311
2326,AVB BANK,509721,442173,2943,0.5705151268896982,7.03,0.0004915430026395859,0.04453416673042704,50,0,9.519961994965081,50900,13.469530747598068,7089,-89,3.8130315669210204,400809,0,3416,155309,43073,407898,91,89
2327,LOCAL BANK,401622,335526,1508,0.40420935256812324,3.29,0.01070372640323871,0.18076698985613338,2808,234,12.768041454269705,48492,16.351996492800247,1957,231,3.178702455088607,281780,0,4775,51491,46043,283737,29,2
2328,AMERICAN EXC BK LINDSAY OK,87750,78149,486,0.5577782521570869,5.76,0.007231076273392531,0,8,0,11.36501244589958,10136,0,1439,42,3.3344510264148135,27781,0,856,6233,8189,29220,18,16
2331,PEOPLES BANK&TRUST CO,42193,31182,628,1.4464846737117534,8.04,0.35454111184092674,3.4342189462707085,667,26,18.291890330500927,7599,25.928215808141612,369,150,6.193024983595534,28189,0,25,18744,8139,28558,95,0
2359,MAUCH CHUNK TRUST CO,633758,604413,2007,0.3061125505840695,,0.7860997319370138,0.1382231072428277,360,0,7.211570813533454,50369,14.099248137137996,3098,1360,2.424565070226288,268366,0,1844,56728,-7517,271464,2134,22
2379,BANK OF GLEASON,124486,101760,947,0.7483432928053154,4.28,0.01642281277993431,0.40727471362241535,2019,0,22.10165576819245,29473,37.36837557248139,768,60,3.3312280222593973,68049,0,5921,5559,22067,68817,51,40
2380,CARROLL BANK&TRUST,549148,503791,3520,0.6807022836401327,8.93,0.07960548654409655,0.8307414394662278,4609,142,8.63990039296918,46215,12.933475661158859,3240,523,3.7023857972935255,405199,0,10151,57403,40296,408439,335,26
2391,SECURITY BANK,215123,188662,861,0.40479053852656244,4.41,-0.01634921932477724,0.2505543340321584,449,14,10.564732296272537,23057,15.834514656022785,1181,0,2.9321358066334158,79402,1023,1085,18389,19385,80583,15,27
2443,CLEAR MOUNTAIN BANK,977564,828803,11407,1.1659838943555423,11.68,0.11336054569260523,0.3215134763555123,2124,14,12.592650131028646,123208,0,9880,1128,3.8261161924951717,683902,1820,27017,164846,100832,693782,977,199
2444,CLAY COUNTY BANK INC,129705,112140,1653,1.3080532717158209,9.93,0.07274682523365963,0.11487606491654138,875,5,14.385396642802004,19008,0,1207,12,3.813055572502469,63524,0,10542,2361,17161,64731,106,60
2448,PIONEER COMMUNITY BANK INC,174066,149551,3108,1.8598238552927786,14.08,-0.04530201885211156,0.22232946123884045,1000,110,15.441107018040995,26156,0,1394,6,4.148024539618123,127819,0,3561,33687,23640,129213,2,58
2452,WEST UNION BANK,271375,246168,1494,0.5624695046654096,10.88,0.1969596448028171,0.04200829111008752,451,58,8.154614424948543,23335,14.822824526261677,1729,488,3.359410693487256,132825,0,27311,38963,13324,134554,450,203
2453,DAVIS TRUST CO,239347,182989,2192,0.9200844530072743,14.69,0.2475665693754841,0.30917454574320963,210,1,8.731732054769259,20834,13.114754098360656,1846,131,3.9604994397250466,190962,0,4764,39786,15485,192808,474,8
2455,BANK OF BRODHEAD,340128,273101,2205,0.6867460198318546,6.64,0.0026715252806437306,0.12260090318938753,524,167,10.39133513446162,34193,0,2761,76,2.8448856947241987,233016,0,1708,41797,32767,235777,21,15
2467,CITIZENS STATE BANK,237624,192898,1397,0.603386392751416,8.08,-0.0022179661915413423,0.39389960610039393,154,0,8.008909218139305,18770,11.950610527755925,2262,330,3.495024374521575,181421,0,2484,39933,17917,183683,3,7
2468,NORTHWESTERN BANK,710593,538006,11062,1.59583783794701,20.29,-0.029822638947129915,0,51,0,9.586901909814838,69188,12.65644486106329,10992,0,3.3974725248006226,554340,129,2431,208216,57380,565332,15,179
2469,BADGER BANK,200883,169551,1853,0.9268364416283111,9.61,0.003065298521759788,0.3041571461995291,10,0,11.840385311507058,23551,0,1479,84,3.0687834179022078,129251,0,803,34035,19298,130730,10,6
2477,BANK OF DEERFIELD,233226,198117,3607,1.5857649568365946,15.51,0.00868904514152041,0.3871781019268864,641,0,10.140612426411419,23943,13.780868800728449,2452,300,3.8189779003263147,204580,168,221,40542,23626,207032,18,0
2482,NEKOOSA PORT EDWARDS STB,278303,238924,4295,1.6261042932939382,11.79,-0.05704099821746881,0,132,0,14.63297955187682,39459,28.657994835771994,4000,54,2.73955401230596,163809,37,1907,30658,37439,167809,0,96
2496,NATIONAL IRON BANK,295222,266409,1161,0.3895100024558254,5.18,0,0,1624,0,8.808450771395188,25858,17.27643708719578,1053,-9,2.2590944040598653,246248,0,1409,14330,22729,247301,2,2
2608,NATIONAL GRAND BK MARBLEHEAD,437449,372247,1518,0.3550790811170909,4,-0.0060482587381422296,0,193,0,10.282344947409463,45096,0,1296,-76,2.0436777451676122,317664,0,1186,9805,37900,318960,35,54
2616,MILLBURY NATIONAL BANK,132899,106131,479,0.3751683949998434,4.37,0.03910899147423986,0.014296571080294057,2661,0,9.289724852451089,12293,14.544305511668847,587,15,4.053751253252733,98655,0,197,22803,11410,99242,38,1
2682,FIRST NB OF BROOKSVILLE,74524,63949,418,0.5607516755474707,6.24,0.040887671344897736,0.3757178895389405,1010,218,10.437077095906158,7990,0,442,16,3.384406597917417,40341,0,744,1099,6958,40783,21,5
2691,CUMBERLAND VALLEY NB&T CO,787093,716710,5159,0.6932557596398026,7.91,0.10078464438167357,0.41126016874753046,1000,1,9.632427888539416,74940,14.170505318781037,6845,640,3.4189548973833,527685,2640,12732,204893,67673,534530,885,366
2695,FIRST NB OF GRAYSON,361935,320890,5192,1.5288385714899873,14.89,0.05744868899145635,0.7719618163482393,1343,0,11.513646958224722,41741,0,2382,228,4.129406312305792,208126,0,22309,48942,36229,210508,204,87
2700,FIRST SOUTHERN NATIONAL BANK,1213054,1085539,14066,1.1661965179590617,12.82,0.039240682467753585,0.32216208017120423,4280,988,9.13880230608471,110153,16.51730664250304,11218,550,4.072969375120775,757409,0,12304,243845,115866,768627,475,171
2708,FIRST NB OF MANCHESTER,242170,221071,1785,0.7687530524018257,9.24,0.05754131204653523,0.716025932196391,3465,543,8.380273968152116,20635,14.440751629809537,2246,150,4.143285038458065,153614,0,6945,54312,19675,155860,312,224
2710,FIRST STB OF THE SE INC,419975,358626,3607,0.8803985737884817,11.61,-0.1661717372165243,0.9283885945591999,2664,0,8.613692601081059,34915,11.777330974048876,4732,0,3.4206502484393573,356372,0,4150,111095,30312,361104,343,930
2711,TRADITIONAL BANK INC,2367921,2129528,11268,0.48227646819543335,6.55,0.03468689611878748,0.17196519647403777,3189,22,10.022166286251757,243475,15.08726174952216,16353,1241,2.396978030063399,1496630,0,3375,522318,175889,1512983,608,97
2718,CITIZENS BANK OF KY INC,659669,573922,5436,0.8148566535833907,6.89,0.019813088278453142,0.3874670478679459,1711,47,12.801851575332238,85734,24.436884250607804,4910,82,3.205410277847783,317773,0,7918,138490,77504,322683,176,112
2720,COMMUNITY TRUST BANK INC,6153523,5081029,81085,1.3793843276218865,10.81,0.12964954690462996,0.49293713536132067,16833,10317,13.288155443555235,813739,0,54968,10951,3.472521314917488,4431853,0,277281,1147737,777387,4486821,10503,4977
2723,SALYERSVILLE NATIONAL BANK,153884,118544,1982,1.3717459100239884,14.45,-0.007601499015605877,0.026643445712354757,173,41,13.265870623263446,21342,26.040419688754312,788,0,3.862056398605292,77889,162,1363,31876,14030,78677,0,6
2725,CITIZENS NB OF SOMERSET,649716,533217,6851,1.0881933797942616,27.73,0.043059342352272066,0.1748456248576301,1931,543,8.618324042306751,58856,16.78348251984462,5344,420,2.76890797626463,342357,0,9829,57620,25485,347701,197,53
2733,BANK OF BUFFALO,114666,94708,1398,1.2796900916470473,16.1,0.07608453253925569,0.8755864859679416,783,876,9.177670283697216,10530,0,748,218,3.219763941319826,81361,0,2451,15887,9038,82109,77,19
2735,FIRST NB OF KENTUCKY,225175,198743,2370,1.0885081100743492,12.79,-0.03107764368132867,0.1549905628955257,1236,0,8.967229394240318,19866,14.06932411248234,2333,85,3.9479134807840466,169755,0,1681,42041,19180,172088,136,189
2738,FIRST&FARMERS NB INC,647274,550825,6785,1.0330245069648842,9.89,-0.010273246498899451,0.16778056897079136,2488,256,11.37678859303342,72759,15.06715882292628,7255,525,3.6951098538742455,464569,0,6869,78692,69866,471824,173,220
2740,FARMERS NB OF DANVILLE,966144,879071,11471,1.1857816193615158,15.33,0.13780008901299368,0.572585453100159,3878,0,9.305036096372966,90933,13.765591113753207,9480,1239,3.5554974795092877,709689,0,8243,210837,77165,719169,1205,265
2750,LINCOLN NB OF HODGENVILLE,447779,378122,6145,1.4365364160228162,11.3,0.022827909219188106,0.24766681778287952,880,0,13.760483801764122,60935,22.639211584762357,4207,75,4.245961140853052,335561,0,9508,21987,56626,339768,121,46
2753,CITIZENS NB OF LEBANON,152792,142864,1009,0.6472869758675506,14.37,0.04691123054859333,0.00392690716791455,1157,5,11.861618748427633,18388,29.951852560423443,388,0,2.6661267375006625,45994,0,2463,2850,6880,46382,24,3
2754,FARMERS NB OF LEBANON,133912,120262,1112,0.8494554165769086,9.09,0.006244925997626928,0,461,0,11.226212850933866,15291,0,994,49,3.659598389162872,83521,0,2952,26681,12790,84515,19,14
2759,FNB BANK INC,689969,636904,5657,0.8345449996341396,11.75,0.026219456430814615,0.16609441873475475,2396,291,8.31078838955924,57353,12.379590870825202,8176,100,3.2072454847088143,474745,0,4064,127531,49302,482921,131,6
2765,FARMERS BANK&TRUST CO,218634,193942,2280,1.1001482304984251,16.41,0.02334237319786269,0.04985500882753826,790,109,9.48870883036987,20236,0,1912,120,3.326895404518826,157062,0,1080,68771,13841,158974,45,12
2767,FIRST NB OF RUSSELL SPRINGS,405649,368360,4220,1.1584152001642645,12.55,0.030262468719082815,0.028103113775702637,585,0,10.690134838762082,42114,0,2858,0,3.2926928840114216,260788,0,3241,113149,34593,263646,83,5
2777,MIDSOUTH BANK,693603,638440,5107,0.7739077172253036,10.35,-0.0012973008876651594,0.03258348075195753,27,2,9.496837867365409,64586,13.432517755507698,6825,745,3.4530329180803574,398738,0,1275,175179,51416,405563,6,11
2779,FIRST NATIONAL BANK&TRUST,217095,202424,1776,0.8220562886380341,12.08,0.020367695089785164,0.9069762085722841,156,0,11.743366784246168,25768,0,2070,0,3.6284689218996578,135804,0,3489,39261,13823,137874,32,4
2784,FIRST BANK OF BOAZ,240129,195555,2288,0.9288797985694927,8.86,0.06389437791810298,0.14325633305431665,61,4,21.06280946945747,51301,0,1026,0,2.5010105527508535,63582,0,1567,21068,23718,64608,63,22
2787,COMMUNITY NEIGHBOR BANK,167229,148959,1813,1.1112473184186333,10.28,0.2660857878619782,1.172045518420848,1739,25,11.513043052178332,18797,0,1315,300,4.484995977312845,87475,0,8063,15833,18090,88790,335,99
2794,DOZIER BANK,55198,41815,492,0.8981380065717415,4.06,0.1290619958515787,0.8369868473495418,441,0,25.458611411999023,14572,0,216,35,3.1759772009502236,21342,0,645,7570,12351,21558,28,0
2804,FIRST NB OF HARTFORD,156697,139987,1490,0.987194301039933,9.89,0.150153320617224,1.4678009151419618,2586,653,12.676030159782414,20460,0,872,140,4.234669316893644,87296,0,5592,13736,15528,88168,225,97
2805,HNB FIRST BANK,240389,215091,3409,1.4636542324037332,16.25,0.0542744858109225,0.05865493013407435,775,0,9.871226620999966,23518,0,1872,212,4.240856982605267,166881,0,5066,32389,21712,168753,112,24
2828,FRIEND BANK,204200,176153,5890,2.961045907774228,23.7,-0.023191688098985322,0.45347698334965725,992,17,13.370638452283186,28004,0,2466,137,4.637251062194781,125290,0,2283,31711,26943,127756,35,64
2829,FIRST SOUTHERN STATE BANK,822277,757574,9018,1.1211648776266812,15.76,0.12553451099801036,0.12489708455909626,2951,0,9.891050273487963,84376,0,5558,730,3.2227307806597674,455315,0,20901,141416,58699,460873,1208,637
2832,FIRST BANK OF ALABAMA,1140972,1048351,16358,1.5410329461501402,21.99,0.6983056771352077,1.5031043706594027,2273,113,9.904671037683501,109417,14.07934831162954,10938,3030,3.798304730429243,693550,2544,12372,295106,79100,704488,5291,400
2838,AMERIFIRST BANK,334279,299333,3605,1.1040475209003393,11.49,0.02863621440538716,0.48552257246192554,1105,0,9.327969936436018,31375,12.66896888310459,2903,283,4.303189587379885,260387,0,2273,89498,30690,263290,95,24
2850,FARMERS BANK,621356,527216,5525,0.8586856716211924,7.05,0.022922938239300573,0.21791050541074683,3432,680,14.455535753311233,93926,23.286533851833436,6686,1697,3.2409113926695627,356381,692,4241,47535,84715,363067,83,3
2945,STATE BANK NORTHWEST,225031,189212,4467,1.9890037081761545,16.42,-0.0012626039438696792,0,0,0,12.417459722088955,28471,15.905222848633125,1427,0,6.23946814048165,163247,0,116,41995,28409,164674,0,2
2987,BAKER-BOYER NATIONAL BANK,669711,587569,1963,0.28443314632904465,3.97,0.03999954286236729,0.09944588038721179,2305,13,9.103107747223111,62277,15.502257996583758,3950,740,3.059576867355859,389197,0,809,122737,52705,393147,224,70
3017,HIGH PLAINS BANK,410774,354098,5101,1.2914506020777645,12.49,0.09416737891827023,0.26316173857157465,7591,0,10.397759103641455,42688,0,3656,440,4.629291902602768,335117,0,1241,106013,42497,338773,312,11
3018,FIRST NB OF FLEMING,28594,23546,303,1.0588481968129717,8.3,0.31101535243899137,1.3044694691193957,325,0,13.044390807010178,3729,0,299,90,4.174516834812204,22938,0,427,2296,3729,23237,69,0
3019,ROCKY MOUNTAIN BANK&TRUST,121769,108933,1418,1.0860158230514134,12.27,-0.008980497950650368,1.1973490789938326,0,0,11.29323802481308,13745,0,861,65,3.528164995516426,59576,0,2535,34533,11924,60437,6,11
3029,FIRST NATIONAL BANK OF HUGO,139329,125370,1148,0.7992458683583574,9.14,0.09336022107700352,0.01866086744324584,37,26,11.175809368214537,16007,0,1360,0,2.7148277971843546,69660,0,842,13113,12499,71020,86,16
3031,POINTS WEST COMMUNITY BANK,814262,682588,8618,1.069243769961471,15.61,0.0013226247753191163,0.044334624482046316,2739,98,9.254703484053415,77495,0,8332,300,3.340049041682786,480937,0,5311,103893,56175,489269,17,11
3034,FIRST NATIONAL BANK COLORADO,606106,518068,11775,2.00755830784743,21.48,0.0011469810312277058,0.0072594562667256226,511,44,11.714456245349817,71638,0,6637,120,4.091166648362895,345818,0,2988,87901,57450,352455,39,35
3063,FIRST PIONEER NATIONAL BANK,241923,200034,1467,0.6120155294247221,6.01,0.00840548037320333,1.5046109712594502,159,0,12.243452760317084,29392,0,1476,60,2.397887492441347,127221,0,2187,8045,25137,128697,22,12
3066,FIRST FINANCIAL BANK,13925288,12220428,207242,1.5529772964164128,14.83,0.0459553435296857,0.45261541448909354,18830,287,11.531007021824747,1591588,18.529617235590866,98325,13821,3.4395948589229306,7823008,0,146881,1806045,1468090,7921333,5015,1558
3067,CLEAR FORK BANK NA,924650,824084,15120,1.7772215210242253,17.41,0.3912692268856653,0.11701724977018332,2610,15,10.32252309510668,92576,0,8867,929,4.546683129464676,656351,0,10623,191450,91461,665218,3632,1121
3075,FIRST NB OF ANDERSON,223895,200275,1917,0.8924996508217329,8.4,0.14160417928396216,0.013845775921749034,776,0,11.099001740086088,24238,0,1909,220,4.048865164516799,139456,0,5517,51570,23328,141365,342,147
3076,INDEPENDENT BANK,17535258,15244551,-396356,-2.1456379270156787,-16.32,0.15940359064150914,0.2941559228840545,12664,631,10.684669083824883,1875699,13.442308094613937,133040,3120,2.648277800924872,13465358,0,27688,7202052,2203856,13598398,23254,333
3078,FIRST NATIONAL BANK OF ANSON,70829,64001,2006,2.812864578659248,33.35,0.21631911395690925,0.33037315223990177,889,93,10.40238748000914,7285,18.147881935588583,846,80,6.156271365575635,42711,0,3913,2639,6561,43557,172,77
3079,FIRST NB OF ASPERMONT,115545,113634,461,0.40561704823411404,20.95,0.017192666754540297,0.11770305941408109,139,0,9.627997452273156,11186,0,511,60,2.4439975420367577,37427,0,1203,5739,1338,37938,6,0
3087,FIRST NB OF BALLINGER,263653,238397,4524,1.764744431927051,19.78,0.0037535893698349048,0.03072219925432292,15,0,10.409121445379792,27735,16.702403163376125,3096,125,4.182323313079629,165368,0,1356,71161,24010,168464,12,6
3091,FIRST NB OF BASTROP,990367,915655,9536,0.9809536976687537,13.54,0.05131545331888193,0.13237517001273266,2799,64,11.48771519905761,118194,20.45602052043297,6801,450,3.152859505175106,554162,0,10266,197048,69437,560963,402,122
3098,CENDERA BANK NATIONAL ASSN,225716,198752,315,0.15593982208008872,1.23,0.00437935198103115,0.6415141150826703,1298,227,12.122227808502318,26040,0,1845,167,3.87443576555185,168974,0,522,53250,25943,170819,8,1
3099,FIRST NB OF BELLVILLE,730918,748966,58,0.007488006279596991,,0.034270490124454295,0.0792154523489639,518,62,11.040273113012242,97858,0,3573,0,1.2976477936742712,241000,0,11384,69235,-26503,244573,117,32
3103,STATE NB OF BIG SPRING,570382,527104,7968,1.411379102307626,17.24,0.02642561088897788,0,4,0,10.23294783922236,58868,0,1924,100,2.4282036296307554,92311,0,1081,28175,41671,94235,41,15
3108,LEGEND BANK N A,1138211,1033151,17013,1.5404306686680587,18.6,0.03765686643437498,0.9259267394182625,1326,153,9.744990573069671,111127,13.79900308933749,10440,1825,4.440427437994869,798015,0,5033,209878,91686,808455,446,159
3109,BRADY NATIONAL BANK,156880,145702,1598,1.0760276131041038,15.46,-0.0064684057191056,0,23,0,10.228106921331062,15187,18.143901055511684,1290,0,2.970735778758702,81007,0,1335,21254,10645,82297,2,7
3110,COMMERCIAL NB OF BRADY,322741,298070,8404,2.772764615247566,38.89,-0.0039397308726066135,0,1017,0,9.713885115891864,31038,13.657584279776454,3102,480,5.7790767748230065,249308,0,4234,46287,24234,252410,14,23
3113,BRENHAM NATIONAL BANK,494229,452661,5575,1.1484109494340753,15.11,0.016432546127886725,0.07688743477214004,15,0,10.701814339527777,54490,18.3353264769194,2929,215,3.312936682829083,239303,0,3094,102573,38209,242232,39,1
3121,FIRST BANK,658273,543219,12065,1.8735461188944758,13.89,0.08830566302414816,1.1405602234939,1753,805,13.804881828748547,89076,14.333431214212302,10649,200,5.053451593410088,572110,0,1850,153630,90765,582759,588,98
3126,CLASSIC BANK NATIONAL ASSN,706310,628140,8643,1.2347442723609003,14.34,0.022023836783093526,0,1622,0,9.57327905359561,68008,14.044134246369177,5916,167,3.045799084802082,570284,0,3571,104586,62533,576200,152,26
3127,CITIZENS NATIONAL BANK,619533,546507,6736,1.0988379983921992,10.28,-0.005301706273485983,0.04261274217838275,1234,0,11.547583918844555,72397,17.607300984910093,6529,-170,2.928558474342112,421672,0,1686,238424,70146,428201,6,29
3133,FIRST BANK OF CELESTE,80264,73597,1084,1.3678336996873164,17.87,0.22826312512969496,0,66,0,7.859616888679222,6331,21.431986993528643,461,93,3.80988740305314,27618,0,3352,4421,6331,28079,69,3
3140,CITIZENS BANK,256195,225488,6989,2.8598177802183593,28.52,0,0.03669080192821874,153,94,10.527071163140706,27139,15.794797125692595,1282,120,5.118381065995594,163352,0,158,9453,25836,164634,3,3
3144,CITY NB OF COLORADO CITY,295282,241725,2745,0.9639215912115634,9.34,0.037044201964989115,0.20861413834910356,244,0,10.66345302644683,30837,18.767106174690245,3131,290,3.497942087686982,202557,0,2878,23692,30829,205688,84,12
3149,FIRST NB IN COOPER,52419,45537,492,0.9345900910655467,7.46,0.0313977657349903,0.0038154104427783816,194,2,14.262642772361994,7330,0,245,0,3.15227244088727,31834,0,660,1776,6749,32079,10,0
3158,CITIZENS NB OF CROSBYTON,69241,56561,1906,2.8111596844893603,16.68,0.011902353095206921,0,74,0,17.486393872203184,12145,0,211,25,4.251082037559959,16869,0,124,3232,12135,17080,2,0
3161,TEXAS HERITAGE NATIONAL BANK,857110,728481,8172,1.098615679714005,12.35,0.020200374893306748,0.020884133891799186,6167,5,9.050555420036401,77173,10.812371679569734,7825,2778,3.2711026899016957,734170,0,11737,216105,77220,741995,138,12
3170,FARMERS&MERCHANTS BANK,175074,148664,1963,1.202837790307934,10.31,0.0020201693710000645,0.23075956452700003,37,404,14.936513334217095,25915,26.90780942198992,1658,180,4.49282563802532,98990,0,2238,21496,25155,100648,17,15
3178,BANK OF HOUSTON,751919,606693,7778,1.1085393732434112,9.58,0,0.1122461328946336,733,0,11.590624834492395,85350,0,4578,812,3.4429231837180794,634165,0,708,279912,85294,638743,0,0
3179,FIRST NB OF EAGLE LAKE,166997,139135,2388,1.473508319645173,15.46,-0.05301323437529583,0.025150152397947267,1573,0,9.962134977667843,16996,0,1823,0,4.750292403157819,100804,0,295,29707,16065,102627,31,87
3182,MAPLEMARK BANK,1061109,854648,2703,0.23951070700583438,2.62,0.22056957878113861,0.13372801474683563,925,502,10.390053457986095,113292,14.641081500492406,11516,-831,2.379806982660969,810519,0,131,333387,104905,822035,1949,0
3183,NEWFIRST NATIONAL BANK,925104,809440,32105,3.4936756906987596,30.33,-0.012616450589924203,0.20938186409311818,2036,5,11.866064637034777,109667,0,9059,152,5.474893951397107,681651,0,1485,292340,106230,690710,131,215
3184,FIRST NB OF ELDORADO,96630,80849,3009,3.175571423445405,20.04,0.0014853279307005401,0.6354134326813619,127,551,16.015897291842236,15394,0,1178,122,6.423009345666604,67195,0,929,7333,15384,68373,4,3
3190,FIRST NATIONAL BANK OF EVANT,178908,163597,2847,1.6324054558006298,20.78,0.017327798165806967,0.02123996691036734,758,0,9.141316426278888,16206,0,902,169,3.9460116619279706,113849,0,7994,8403,14820,114751,49,30
3193,FALLS CITY NATIONAL BANK,588150,503408,13160,2.2848912089678852,16.43,0.2473497764568106,0.5733231318541189,1670,155,14.28816090536671,83428,0,1799,750,3.9207157550260447,142803,0,9393,17991,83428,144602,549,176
3195,FAYETTEVILLE BANK,630022,658848,-3909,-0.5855062269763045,,0.027738131862035574,0,32,0,10.258186052621845,80429,0,2004,0,0.37978028995290225,120385,0,4028,25783,-35164,122389,37,4
3197,FIRST TEXAS NATIONAL BANK,181231,162817,2635,1.5994551533413133,15.59,0.12729608242173357,0.5517819799041003,360,1000,9.774840673291967,17439,0,1354,41,3.794207695380462,141545,0,1670,19737,17203,142899,154,0
3206,TEXAS GULF BANK NA,693805,613784,4709,0.6723396964548323,6.23,0.01674026024111908,0.062121201202066864,491,0,11.96161540054855,86046,0,5251,878,3.2767197625279105,464769,0,3782,188896,76484,470020,81,2
3210,MOODY NATIONAL BANK,1672692,1443373,-19550,-1.153170812733554,-9.83,-0.0032023035011795433,0.9839827057222729,1227,6393,12.582649054727394,219647,0,17390,400,2.6447343250656905,1198707,0,3478,732381,179149,1216097,119,157
3217,FIRST NB OF GIDDINGS,332203,292036,3093,0.9703614651360074,12.02,-0.08106265774977431,0.4930720071763349,1653,48,10.397440593649932,35197,0,3603,80,2.9558587763017523,234595,0,4292,39182,26050,238198,254,430
3218,FIRST NB OF EAST TEXAS,557100,508258,3894,0.7060292797268425,8.22,0.3483684027575148,0.3053311793214863,4083,402,9.7693161141437,55033,0,4743,2179,4.091753699749189,397961,0,7596,103557,46664,402704,2198,825
3219,GILMER NB GILMER TEXAS,350116,320573,2124,0.6336364287248515,7.38,0.1344852489767332,0.9759622525105964,10056,1251,9.711394378020932,33895,16.11924062181984,3057,300,2.9133481912450687,244799,0,17403,48664,28736,247856,483,175
3225,TITAN BANK N A,480604,419018,22085,3.943909164905583,41.57,0.03516666562211224,0.29733418781366777,2135,1266,9.724603983020373,67879,25.06059681283565,3454,555,5.135350827372223,309886,0,0,96838,59980,313340,121,20
3226,CIERA BANK,914612,801881,16661,1.8139685485878132,17.69,-0.4983593430068625,1.779552422229317,7209,0,10.78965956860313,100204,15.239421603623768,10367,-1591,4.041657346798959,625056,0,3449,281927,98744,635423,29,3086
3228,FIRST NB OF GRANBURY,931270,844197,8517,0.9401280702350838,10.64,0.05029373682464607,0.5286329421113104,2745,0,10.987191397914586,101589,0,6340,658,3.2547867314691254,477632,0,9111,95328,82281,483972,313,78
3230,GRANDVIEW BANK,657993,586633,16873,2.6567344194563716,32.12,0.019237629373057532,0.01124632024960752,1710,0,9.81230381779692,64521,17.312430624343573,5794,1250,4.668337204763544,448251,0,10880,121077,60444,454045,138,57
3232,GRANGER NATIONAL BANK,46882,41182,-730,-1.6005121638924455,-14.17,0,0.008532059212490934,63,0,16.158756926041917,8049,0,262,144,3.024789311790629,18767,0,383,6290,5593,19029,0,0
3237,STATE NATIONAL BANK,51931,43441,-540,-1.1574867960765483,-6.06,0.15209074071570525,1.2516608576765322,679,0,16.90694626474443,8514,21.021592755978638,555,331,4.639071341837907,37344,0,1110,6927,8401,37899,48,3
3248,FIRST NB OF HEBBRONVILLE,89855,78731,811,0.9485136054978702,7.45,0.18696481322215158,0.16137109787991766,1786,117,19.10035499887957,16195,45.52651976525301,250,0,3.015992493529794,26526,0,6233,1805,10575,26776,60,10
3250,VERABANK NATIONAL ASSN,4297154,3817758,59322,1.4226629376183815,13.74,0.07014305544148489,0.2908203894950006,9365,5158,9.745758643871264,416205,16.05799786816493,35019,3750,3.889845883468648,2790086,0,47620,916680,439738,2825105,2707,741
3255,CITIZENS NB OF HILLSBORO,219270,209637,1397,0.6544097945050189,17.48,-0.026254126820559606,0.007296939845852145,284,16,12.44680996620466,27291,31.69178735188632,617,30,1.9346509165482522,59950,0,2547,18747,7484,60567,3,19
3256,HORIZON BANK SSB,2476450,2244685,33761,1.4163778267248988,17.36,0.004900338526125853,0,102,0,8.791242472781002,220855,13.974246752050124,26934,0,3.527440161525229,1499927,0,568,748425,199801,1526861,205,132
3268,FIRST NB OF HUGHES SPRINGS,303431,271688,7821,2.5071872058759412,22.74,0.6417318961138879,1.2869482683048206,7973,572,10.595331328274618,32199,15.478180665244711,2706,1734,6.6432852585577296,223981,0,11367,35312,31595,226687,2740,1292
3269,FIRST NB OF HUNTSVILLE,557229,484322,7948,1.4599119350555934,11.58,0.06388337936992736,0.10713728108192502,948,436,12.539486308607595,67046,0,6216,550,3.8472915283326117,301516,0,14204,58086,70261,307732,200,11
3275,JACKSBORO NATIONAL BANK,302690,268366,2657,0.8490136168107891,15.49,0.06648990861407612,0.02015263140506789,1645,0,10.074273972687141,32702,20.564247030822745,2253,335,3.1063977540173418,147496,0,5288,28586,16430,149749,100,3
3276,AUSTIN BANK TEXAS NA,2923289,2476958,46876,1.6398204775083347,11.79,0.08903855971365339,0.39513712123570405,7617,64,14.310476660378798,419977,0,32527,4108,4.496711223230814,2327883,0,76918,746815,419503,2360410,3279,1237
3279,KARNES CNTY NB OF KARNES CTY,491289,448415,3282,0.6473158285879285,7.92,0.013537186651732308,3.149877159879419,12633,166,11.759239940963287,60871,22.697320408257713,2719,560,2.9179055838690267,200974,0,1566,85042,41615,203693,30,3
3285,FIRST NATIONAL BANK TEXAS,4123442,3613738,42402,1.0027470662872993,20.31,1.097099538590103,0.8041097704296556,18928,22798,9.122450988170709,392073,21.33271171712437,26463,19529,3.496024747015991,2032169,0,243393,578552,208413,2058632,25695,4385
3286,KLEBERG BANK N A,699984,612599,9069,1.2768329923846184,15.54,0.0895981761185523,0.2962924866854099,809,0,9.671715174996585,67275,14.475080369997832,5841,1141,3.889095452374558,468933,0,3412,150827,59624,474774,497,104
3289,NATIONAL BANK&TRUST,213956,181926,699,0.313026749232883,3.72,-0.009845346022890429,0.017760661070500477,271,0,12.867578530662241,28994,0,1389,-72,2.342345805980335,117729,0,2796,37214,18667,119118,21,33
3292,LAMESA NATIONAL BANK,411460,369059,5165,1.29276123788709,13.46,-0.0666895067330249,0.27584698391095125,70,57,11.187398930369701,45037,24.311895583958883,1688,0,2.2471563444885536,87502,0,322,6612,41363,89190,4,55
3293,FIRST TEXAS BANK,230585,207032,2890,1.3466111993320065,13.73,-0.05582124442641963,0,11,0,9.982721343212022,22070,21.90500301855927,424,-76,3.1588556868599156,84547,0,1601,28280,21755,84971,41,90
3301,FIRST LIBERTY BANK,481096,419621,5077,1.0494535069565312,12.2,0.10173748358053335,0.3327818148560786,2699,916,10.087294490348455,48845,16.90536574062154,3571,144,3.769322791704816,323788,0,5843,84908,42617,327359,604,266
3302,TEXANA BANK NATIONAL ASSN,293534,250843,3460,1.1677007230294882,14.38,0.1299243019987828,0.3624793039307201,737,0,8.786646417493111,25862,12.38408885444918,3036,660,3.825699534421957,262765,0,1677,82111,25623,265801,362,20
3303,FIRST NATIONAL BANK OF LIPAN,26971,24474,199,0.7329920070720837,8.3,0,0,0,0,9.212278106508876,2491,30.34223215335764,89,0,4.015618191604795,7839,0,1422,376,2491,7928,0,0
3305,FIRST NB OF LIVINGSTON,451521,394931,6193,1.2870266960883783,12.83,0.04365322688713914,0.011073682065728948,858,0,13.68015493995249,66114,36.437994582541734,3071,360,2.794563019487437,199156,0,13769,21815,52164,202227,108,22
3320,BIG BEND BANKS N A,156270,137675,2679,1.7211007335396853,14.66,0.018078932619818126,0,75,0,14.529194026823516,22923,0,667,0,3.5965055406373327,20545,0,3299,8205,18493,21212,5,1
3325,FIRST NB OF CENTRAL TEXAS,1555242,1357407,36803,2.319108818965336,22.51,0.08374413769563274,0.1570816631752486,2608,1283,11.456797901935463,186929,17.325188760282824,15033,995,3.9874612891179724,1173237,0,5938,417089,176915,1188270,991,16
3327,MASON BANK,139516,120710,1876,1.326747685970987,10.09,0.06759558015033257,1.5202557412769862,2570,764,19.343135518157663,27298,0,958,0,3.6430143784385978,65701,0,15555,7800,18433,66659,45,0
3330,FIRST NB OF MCGREGOR,977658,868081,8454,0.9197926451839488,10.52,0.219894712317507,1.051287873673616,3087,1057,10.002804253440045,93099,13.692494206505879,8891,2335,3.911657799946009,735158,0,5650,270944,84175,744049,1584,72
3335,FIRST BANK&TRUST OF MEMPHIS,67305,57363,1662,2.3688711516533636,19.19,0,1.4159423519797936,359,0,13.234896099600036,8802,20.168067226890756,619,0,4.421231447815462,45612,0,518,16910,8802,46231,0,0
3336,MENARD BANK,84010,79914,1668,2.0523774602690237,47.39,0,0,0,0,10.16914749661705,9018,0,222,12,2.0527597506088155,10423,0,344,2840,4053,10645,0,0
3337,TEXAS NATIONAL BANK,955480,803810,8591,0.9779055496452973,10.33,0.031377960475115506,0.4417674885921212,11924,1389,10.747504140484848,99870,16.3600802907894,9092,1959,4.291775628564689,618617,1173,6464,187205,89153,627709,252,75
3339,FIRST NB OF MERTZON,533591,467076,10403,2.0199050840717776,17.13,0.0025243728195729767,0,65,0,12.097973309523194,65579,85.66409266409266,1632,290,3.546631282602576,69297,532,1931,23961,65579,70929,3,1
3342,INCOMMONS BANK N A,247793,218678,3001,1.161948790620777,16.06,0.0914992762737967,0.5177708813404738,1970,251,9.152608712669771,23384,15.001911034016405,2339,231,4.135921935214905,170724,0,8371,40198,18854,173063,235,69
3351,FIRST NATIONAL BANK OF MOODY,57331,46026,561,0.9787330553568625,6.34,0.01572722697533971,0,568,0,18.338673014622973,10246,0,288,0,3.841507610533945,17900,0,1403,1945,8950,18188,7,4
3368,NORMANGEE STATE BANK,147944,130758,980,0.6764106613363666,5.71,-0.021692527562270317,1.778375601578976,763,1473,15.92039463416951,23463,28.951562444662187,1296,0,4.299913343201332,79479,0,7729,18307,16867,80775,82,99
3376,OZONA BANK,316341,278066,2705,0.7866349414807582,11.01,0.015093952306129504,0.3059989062435789,1361,0,12.442392118908128,41010,24.409172274715065,2068,9,3.675908292548153,130655,0,1643,61725,25712,132723,61,41
3384,LIBERTY NB IN PARIS,437874,388054,4468,1.0345701092596802,9.36,0.06365836067252105,0.09865851820386687,4702,372,12.001816580424968,52326,0,5483,587,3.0490121061744415,305864,0,9403,64938,47633,311347,226,32
3387,FIRSTBANK SOUTHWEST,1844133,1607325,23193,1.2978806487019348,16.55,0.1529054323435469,0.30746155510475653,5236,319,10.452157184357613,194613,13.386156877541607,15667,2648,3.522120235061013,1329913,0,15108,358599,144918,1345580,2336,334
3388,PERRYTON NATIONAL BANK,185828,160623,2646,1.399844461726475,11.08,0.0467569835751109,0,225,0,16.81271214248444,31255,0,1968,47,2.8909794414359813,88232,0,5535,8638,24281,90200,41,2
3389,POINTBANK,1032415,936870,10936,1.042352132018053,17.6,0.20408260472423748,0.015207063051195499,489,0,9.483999113027643,100510,16.807994497663987,8497,340,2.7618666986974265,536163,1491,14131,205795,63475,544660,1485,371
3399,FIRST CAPITAL BANK,104434,94996,549,0.5723340596103125,6.19,0.9250248494720463,1.8279487523220408,1160,1705,9.260576981722812,9110,12.578460008700516,1333,1040,5.73644625137359,78998,0,4349,5842,9110,80331,850,139
3400,TEXAS REPUBLIC BANK NA,495038,369664,6486,1.3282790737680243,10.95,0.0037820681558938234,1.1797074164003571,193,2734,12.481528254422576,61574,16.887611435129585,5481,151,4.56390214169666,394524,0,863,176403,62666,400005,17,2
3401,FIRST NB OF QUITAQUE,142001,125442,2184,1.5676141257536607,15.8,1.2981001799243415,1.037316638615221,151,6,10.46749265551156,14751,0,907,756,4.506457635749225,62033,0,1000,734,14781,62940,765,19
3405,VANTAGE BANK TEXAS,4553595,4130341,67918,1.5839659860807456,18.41,0.2344189300416682,0.3087011471156306,8616,659,8.883846521774535,406946,12.8195197962779,42853,4312,3.55964475436735,3264360,0,12775,1297065,381500,3307213,8360,881
3430,WESTAMERICA BANK,6038088,5014531,135755,2.1779627296037654,22.95,0.284343501244107,0.012172727525667065,6226,534,10.406249804516644,632147,15.835626176526782,14780,300,4.341841834881371,805520,0,2207,490645,591386,820300,6674,4287
3440,FIRST NORTHERN BANK OF DIXON,1891283,1701186,20258,1.0698117378489127,12.13,0.08561217403235219,0.5928250822325374,4900,0,10.504618274800396,205326,17.66171341247031,15885,-250,3.629518019632106,1046852,0,272,619834,174796,1062737,984,73
3510,BANK OF AMERICA NA,2589060000,2055465000,27197000,1.06271482785911,11.31,0.5665074701837433,0.4446401396645887,5798000,4044000,7.632592739216378,194341000,14.493359911234613,13219000,5873000,2.498324032351471,1084434000,103566000,10089000,56993000,245482000,1097653000,7053000,1017000
3511,WELLS FARGO BANK NA,1705538000,1435051000,22633000,1.3157835071336477,13.66,0.5379356162957307,0.7556559865567346,4968000,4909000,8.721898791936985,145651000,15.086020572669423,14194000,4383000,3.368735349230308,865296000,56542000,6695000,81191000,166189000,879490000,5835000,1061000
3579,FIRST NB OF MOUNT DORA,351370,316885,2638,0.7154266931719871,8.36,-0.012650242715990244,0.0714346700059766,960,0,11.626847512371308,42621,17.779815498446677,2067,48,2.6031096955455304,118055,0,5458,36830,31060,120122,0,15
3599,FIRST NB OF ARENZVILLE,146917,134681,1691,1.2147534718530628,16.82,0.008160251009321046,0.026545600577196647,454,0,8.538171140939598,12213,11.255690697832438,1039,75,3.550509173915876,98805,0,3743,13688,10791,99844,17,9
3600,FIRST NB OF ASSUMPTION,22852,20735,167,0.7127127468888168,8.2,0.033593120128997574,0.40696656747768245,140,0,11.26431718061674,2557,0,94,0,3.405822010746657,6231,0,314,455,2071,6325,5,3
3601,ATLANTA NATIONAL BANK,72754,63294,232,0.32817123748847155,3.07,0.03799733327806448,0.03848585644775545,358,28,12.245529111200753,9107,21.255037683007355,228,27,3.2132415585370793,32889,0,434,3360,7504,33117,12,1
3603,OLD SECOND NATIONAL BANK,5647659,4846769,92082,1.6265757773010345,14,0.3562583008634776,0.9190356570749049,11702,1436,10.90477359575477,610285,13.82027793691253,43619,12750,4.727900122581409,3939273,0,1844,1749206,671120,3982892,19111,4882
3612,MIDAMERICA NATIONAL BANK,629695,560929,5854,0.931977132013112,9.57,0.11835986396566882,2.198524682584426,6469,0,9.866883541795204,63330,0,7059,1167,3.778748363914249,442362,0,15403,136390,61916,449421,539,18
3614,CASEY STATE BANK,478310,431828,6296,1.31507380371312,14.54,0.13638910126102863,0.12397817315130354,4367,0,10.263044947027526,49976,0,5753,900,3.510401304981233,365333,0,2464,76765,44350,371086,748,246
3639,FIRST NATIONAL BANK&TRUST CO,387304,382777,-307,-0.07929603716117087,,0.016042042986258387,0.587652076921488,32,222,7.387233541396773,27599,13.362000018818392,787,190,2.125710022590571,118988,383,2553,11606,-62,119775,58,38
3657,FIRST AMERICAN BANK,7389795,5046244,121339,1.7077527151437115,21.13,0.14503230069596101,0.22313203546241808,7253,2580,7.549295774647888,553286,14.47291922907793,41761,9507,3.953577176794063,2958611,0,38337,642282,605095,3000372,6429,2243
3661,UNION NB&T CO OF ELGIN,374097,334951,5019,1.3886283539151352,12.78,-0.011378539294647601,0.0016038620999366475,0,0,10.134517575457801,37700,18.014137103227526,3562,0,3.798736327317736,308071,0,44,239029,37700,311633,4,39
3664,INB NATIONAL ASSN,2411933,2176730,19013,0.8397924427779042,9.27,0.30092916069021175,0.31858264719625295,2355,0,9.4050510583976,225592,12.02486362558305,18663,5596,2.8022606075640852,1940799,0,252,826194,216779,1959462,5911,256
3674,GRAND RIDGE NATIONAL BANK,382958,329269,5556,1.4991953562720657,11.22,-0.00404185747602168,0,0,0,13.213610291367056,50865,0,3428,0,5.311434772573944,296505,0,91,232162,51880,299933,11,23
3677,HAVANA NATIONAL BANK,299847,218495,3801,1.2508424511115088,12.03,0.010802009959453183,0.41621226825681096,5503,293,12.524783661019198,37776,0,2148,300,3.563734328988202,199626,0,829,8818,32978,201774,149,127
3688,FIRST NATIONAL BANK OF LACON,100411,93463,1014,1.0965030851314612,16.29,0.07510249784080318,0.3316369720448955,208,292,8.540621442725241,8103,12.903957879448075,426,50,3.6940436218955632,58917,0,1133,2810,6892,59343,45,1
3691,HOMETOWN NATIONAL BANK,324155,284110,2803,0.8925898799477756,9.57,0.057756800397466154,0.18787308540667275,116,0,10.711658186449375,34652,19.582863524872685,1994,0,2.8270062399653084,152619,0,693,70881,31224,154613,264,171
3693,LEMONT NATIONAL BANK,52444,45870,-382,-0.6460647553072021,-10.78,0,1.6741667302265273,0,0,5.9130336186858665,3129,22.3422278695468,36,0,1.6989055972348848,4481,0,2,69,3315,4517,0,0
3698,FIRST SECURITY BANK,126245,110812,1548,1.2818219757944316,10.64,0.007683003659304886,0,195,0,9.376397674270015,11740,0,1146,-11,3.691508697116755,92263,0,959,4038,14859,93409,7,0
3701,RESOURCE BANK NATIONAL ASSN,812982,759494,8376,1.0228829766187708,17.42,0.004227046333258723,1.1659544737767873,2103,1912,8.066416798965612,68999,13.055288325505066,4725,-8,3.1082081271862707,508275,0,3824,158037,50326,513000,149,128
3702,FIRST BANK OF MANHATTAN,261024,239395,1407,0.5543521172153321,7.38,-0.004137782645036178,0.011493196027951453,104,30,8.803097427497114,23646,19.38812440803,1558,6,2.6735998585864538,144518,0,686,31044,20944,146076,29,35
3705,FIRST MID B&T NA,7461415,6099695,73369,0.9739130314737885,8.4,0.07390556916419032,0.41485428702196564,4527,0,10.818521628393762,813000,14.513698851391574,70182,5604,3.4878347219313515,5602280,0,13545,2417585,875724,5672462,5748,1620
3711,MIDWEST BANK,677013,539093,4109,0.611617972905428,7.53,0.10329301174436456,0.14667369755085943,3594,2,9.368483063328425,63612,15.920064283967438,4645,722,2.7768927014578932,399706,1026,6811,85325,54140,404351,452,46
3713,GRUNDY BANK,348576,300121,10576,2.9577888626496374,24.28,0.026390640119637567,0.11561323785917561,254,156,12.327444512132045,42900,20.642274401681394,2925,157,4.874309987722702,243946,0,1085,51912,46872,246871,71,8
3719,AMERICAN COMMERCIAL B&T NA,1717868,1514986,20880,1.296796304478332,15.09,0.15306579386596972,0.46156049242433067,993,128,9.055674561546605,152104,11.001220883842997,22226,3700,3.758725998648052,1427495,509,898,723298,147819,1449721,2264,196
3720,FIRST NATIONAL BANK OF PANA,337682,300774,5279,1.661822962181329,16.1,0.0364084719650675,0.02931752358728034,381,0,10.969544143627221,36324,0,2523,213,3.600704870580032,256986,0,7405,79817,34662,259509,108,19
3722,PROSPECT BANK,724909,601771,-1382,-0.18672349978747027,-4.3,0.3367241843487625,0.49302740068063716,3329,0,7.765585872711307,59696,12.01983874962984,4623,952,2.044278145862691,498089,0,2213,149681,32630,502712,1805,84
3732,FARMERS NATIONAL BANK,885607,623361,10718,1.240170508981343,9.98,0.0011039915920000353,0.05815220521066342,4995,354,14.318638068572032,130098,0,15072,269,2.987886896879485,484748,0,1727,22315,109627,499820,26,21
3745,FIRST CMTY BK MOULTRIE CNTY,111371,104093,1138,1.0213019535765313,19.64,0.19339972018763887,0,466,0,8.795112974133525,10323,18.99981089583799,875,0,3.041064382069831,50432,0,1484,6156,6310,51307,115,21
3747,FIRST NEIGHBOR BANK NA,643763,524342,7010,1.1299456884593053,10.93,0.4632469277399273,1.9295921014410584,3764,0,10.66509827753909,68091,0,6139,2857,4.413081118110637,515765,816,24089,99606,66912,521904,2440,141
3749,FIRST NB IN TREMONT,171487,152429,707,0.4331306339145575,4.41,0.04945521179845179,0.2624105617335425,205,267,9.849555021895748,16734,0,1308,155,3.7629713346347473,119843,1032,1566,16603,16207,121151,75,18
3759,ANNA JONESBORO NATIONAL BANK,234579,205710,2175,0.8996227788623804,9.06,-0.12298804177809174,1.5551264179658024,992,0,13.568969975113927,33587,32.64428827751196,1897,-376,2.8150202997050724,92728,0,2981,16750,24181,94625,46,163
3761,FIRST NATIONAL BANK OF AVA,74541,67309,742,1.0138578795340079,10.54,-0.02357156326607581,0.13817898874444937,278,0,12.310790702447534,9597,22.085956153679184,770,0,3.6921668485160803,36089,0,2741,3225,7088,36859,0,8
3762,GREAT RIVERS BANK,178587,151225,1855,1.0954202575389125,9.98,0.007944773711177142,0.024077900407084504,148,0,11.109898880856269,19348,13.038922809227719,1537,55,3.900985439257252,144789,0,1366,43010,19226,146326,24,13
3770,FIRST NB OF BROWNSTOWN,55494,50458,390,0.7121206588029069,8.26,0.4514585954834929,0.7099866652250694,263,110,10.334465406568395,5812,24.165385676559854,393,92,3.126496518264392,20837,0,1759,1531,4724,21230,142,48
3775,CNB BANK&TRUST N A,1755097,1446891,13916,0.8049497351810234,10.28,0.10157471285578334,0.7165985697656597,2128,0,8.75247356166555,156265,11.91158699574544,14301,1987,3.314936427174897,1274289,0,8236,370324,137188,1288590,1401,168
3777,FIRST NATIONAL BANK OF CARMI,589709,518093,7080,1.1630821940987048,10.87,0.029220425608781003,0,2009,0,10.934689647779114,64260,14.347119835157107,6122,533,4.221923319447756,453422,0,1618,161217,67868,459544,148,16
3787,DIETERICH BANK,1358488,1156132,8846,0.6413194447968664,7.87,0.12190340402780254,0.14170165654757347,2169,0,8.875810378137095,123998,12.65956449806486,11744,1313,2.8015761640859753,842394,0,3577,368690,113508,854138,1174,148
3792,FAIRFIELD NATIONAL BANK,642155,443743,4056,0.637293751567309,6.8,1.4894357914502276,1.2948587179107847,5851,2849,11.488628500879601,76212,0,4976,131,2.26084342005105,359916,0,4231,37021,59114,364892,5943,143
3799,BRADFORD NB OF GREENVILLE,623834,515186,7991,1.2983653692111767,16.46,0.3186172090368337,0.3978622518169898,1400,65,8.964872974278181,56619,13.039455875550377,4170,976,3.2622551819399304,268872,574,16903,68032,51317,273042,840,15
3805,KINMUNDY BANK,65977,55961,1207,1.8272706903964586,13.97,0.32484725504069495,0.9670036527880929,514,195,12.546990335590898,8244,20.279408311810286,393,139,4.429720071471114,45394,0,7316,4137,8814,45787,171,25
3807,FIRST NB OF LITCHFIELD,127478,108998,1267,0.9819695814189965,9.17,0.06749280588046411,0.06589372283845056,510,0,12.72952990076294,16201,16.69908837777015,1325,48,3.2958536035310417,100987,0,2314,10711,13968,102312,86,20
3808,LITCHFIELD NATIONAL BANK,131635,115991,438,0.3370293708015605,5.19,0.08527970470311207,0.6062217495346982,611,135,8.645574387947269,11477,15.89320263123952,819,24,2.612514321760064,79633,0,3619,11189,8734,80452,97,30
3809,PEOPLES NATIONAL BANK N A,1909389,1707120,21133,1.191543441464787,14.37,0.02470191851142674,0.8305274619263021,497,0,9.073125089577626,167758,10.746891078144106,19732,2569,3.654070128154225,1639166,0,2584,570739,155178,1658898,1671,1283
3814,CITY NB OF METROPOLIS,437974,347698,2511,0.5696300739271399,6.13,0.0431251735114403,0.8616949864603836,4776,15,12.934337342851865,59518,25.198142888179014,3686,300,2.5685396944982064,220225,0,4791,51860,40306,223911,266,170
3818,FIRST B&T CO OF MURPHYSBORO,83206,77381,-328,-0.3698316589430482,-5.49,0.11612759898615556,6.12816383433887,1091,0,8.886721018279795,7652,0,1563,722,3.7871763086743906,56791,0,1306,20320,5622,58354,74,5
3821,FARMERS&MERCHANTS NB NASHVIL,259930,237556,3454,1.2892033141557808,16.27,0.0017517204814662133,0.052321778940483975,81,0,11.119845743102937,29988,16.049676244435453,1707,90,3.5621134094309834,174677,0,1035,26953,21564,176384,6,3
3826,FIRST NB OF OKAWVILLE,67279,57249,155,0.21092165961326495,2.32,0.01653452822857332,0,5,0,11.756237313024574,8166,18.790525936599423,176,0,2.4902252167765577,24954,0,199,1942,6705,25130,10,6
3827,OLD EXCHANGE NB OF OKAWVILLE,86199,75981,687,0.820149656420566,12.29,0,0.029002656643348532,60,0,11.180060457423146,9801,21.999569522169608,405,0,2.524684133129258,38191,0,222,629,5589,38596,0,0
3830,FIRST NB OF RAYMOND,174410,155294,1329,0.7561060255221342,13.69,0.07631562262981287,0.4976778854423485,217,0,11.232643286434707,19512,0,934,0,3.1447172649823143,85830,0,1215,10070,9268,86764,66,1
3832,OLD NATIONAL BANK,53244673,41131782,584213,1.1347245580749226,9.95,0.17648194195578262,0.8520946311380294,93251,4060,9.074973936421937,4742642,12.715561160199082,392522,110619,3.385504499632805,35927848,0,239972,10200712,6159142,36320370,71304,9300
3834,MIDWEST NATIONAL BANK,106874,90269,309,0.31076827146463376,3.92,0.18835139472881376,1.0919400415442484,1083,312,8.671556951574793,9138,13.03439470731613,955,94,3.6917678788470236,83401,0,3494,16307,7658,84356,181,39
3837,FIRST NB OF SPARTA,103103,93032,1224,1.1791384967525524,13.41,0.1002214194149866,0.3996003996003996,1600,202,12.596644502860677,13034,28.376409872227075,683,41,3.2958961580038295,43114,0,5075,1776,9156,43797,75,32
3840,FNB COMMUNITY BANK,469275,416649,3155,0.6610447482247125,7.83,0.0129886998311469,0.17303286985243194,1196,575,11.85382308215783,56437,18.689879908794666,3072,186,2.728659631475254,261965,0,4949,81354,39516,265037,39,6
3842,FIRST NB OF WATERLOO,931031,775203,4000,0.4305786632771514,4.98,0.03400810933701097,0.9582924736125865,3507,282,8.464303333568257,79266,13.789474184006318,7833,1081,2.6398656622265464,515430,0,3724,145844,80578,523263,219,38
3846,COMMUNITY 1ST BK HEARTLAND,269334,226496,5075,1.9374399679931098,20.23,0.025073302537418213,0.16485107710129432,128,11,9.689834300231297,25555,12.59227390063856,2248,52,4.24332127355919,214122,0,240,55573,26091,216370,57,6
3850,FIRST CMTY BANK XENIA-FLORA,55306,48099,791,1.4141110765479243,19.85,0.09249654789669456,0.7720681300401403,761,332,10.817581011938602,6089,0,182,20,3.6958797646857193,29810,0,1647,5433,4204,29992,41,13
3854,BANK OF 1889,300557,264499,6020,2.039990593000189,18.99,0.08932335141214498,1.5581071144574905,5424,1303,10.82978631498852,32593,0,2665,551,6.324725286529502,239496,0,16320,32040,32821,242161,270,67
3863,FIRST NB OF EASTERN ARKANSAS,563705,500104,7212,1.3020541836524677,13.31,0.24346480855677358,0.0558802919967004,1908,227,11.069284894368357,63163,0,3728,960,3.693881235779523,320479,1031,9336,86206,58354,324207,779,11
3864,FIRST NB OF FORT SMITH,2190635,1884935,36086,1.6746438794564549,13.56,0.038731382757352245,0.16935728681409729,10940,2758,11.7802687395725,251930,0,18975,1900,4.14936543471408,1499613,614,13570,462878,277055,1518588,673,96
3869,ANSTAFF BANK,1064233,966322,12114,1.1801151474413303,14.25,0.053342254088187886,0.10946850924562572,3255,29,9.388503786252805,101702,13.190483681984787,9801,750,3.116471168693943,763880,1119,15195,169091,87019,773681,507,109
3873,EAGLE BANK&TRUST CO,480848,418722,2961,0.6201527657640488,5.05,0.023110253105641805,0.2426962366485875,142,0,15.695232556472735,76645,0,2322,325,3.1316362099162762,189861,0,1525,54580,57301,192183,59,16
3887,FIRST NATIONAL BANK,2472253,2053854,24738,1.023091478224504,9.18,0.14353534366801576,0.28747057845616936,11328,689,10.641572229386103,261934,14.576534015202661,23524,3562,3.385415664403487,1937738,3720,31436,495954,273520,1961262,3561,781
3890,SIMMONS BANK,26843102,22172718,189850,0.6977604348832614,5.35,0.21652593748743204,0.44714280786177396,36799,603,9.899907142237431,2573121,13.680772481123437,235015,46785,2.775493480143038,16782338,151880,47113,6535172,3570445,17017353,42565,5567
3896,FIRST NB OF COMMERCE,287095,265047,2569,0.8946313067328231,12.47,0.2940441825097461,0.12156254898204429,136,0,10.152521252548459,30227,0,1286,308,3.117601538496901,124298,1251,2214,12180,20697,125584,438,66
3902,FIRST NB&T CO OF BOTTINEAU,161132,138267,1704,1.0447027317995494,8.09,0.2277558457333738,0.2314872278628702,137,0,14.937681566863462,23910,0,1798,0,3.7160246906377736,85223,0,2552,3846,21835,87021,218,29
3919,HEARTLAND STATE BANK,64086,57155,507,0.775260178539208,8.75,0,1.5135911119433263,1,0,11.368503937007874,7219,0,451,0,4.065555585987784,39437,89,701,128,5773,39888,0,0
3931,ALERUS FINANCIAL NA,5252917,4427435,29211,0.6676189910691133,7.53,0.13325619828984245,0.996646244362894,5663,0,8.692985864279054,449497,11.431081484970067,59929,18141,2.697461787555566,3949123,0,15757,1338443,501074,4009052,4833,679
3934,ASPIRE BANK,61505,53726,279,0.4363766039577325,4.45,-0.012833157946841393,0.769043167222177,807,0,9.622962864012823,5763,0,568,10,3.4061715684178324,54349,0,565,20380,6375,54917,0,7
3973,FIRST BANK&TRUST,4684374,3960264,53475,1.1417549090016534,11.28,0.10379804674067383,0.2982895900284649,23817,381,9.940036541918728,460471,0,43543,5515,2.869720962307774,3517481,79966,10026,987476,495364,3561024,4950,1259
3977,DNB NATIONAL BANK,109734,99471,1187,1.0923942853146134,21.44,0.02715896823079691,0.029161426722802416,0,0,9.446452799606625,10374,23.463203463203463,466,15,2.3221387756713283,28151,0,2180,2019,6179,28617,9,1
3985,FIRST NB OF FREDERICK,32462,29518,165,0.5143615993216661,6.08,0,0,0,0,10.667307345786533,3552,0,165,0,2.4080878536879036,9180,25,10,30,2792,9345,0,0
3999,FIRST NB IN PHILIP,425137,376125,6836,1.7876821482311729,16.31,-0.0012385087034134951,0,6,0,12.112753870359471,50426,18.0908869273646,3756,0,3.315402649090027,235258,0,1200,22439,43642,239014,100,103
4009,BANKWEST INC,1806645,1508035,10573,0.6067298871596032,7.82,-0.018947703642617802,0.8943096181042762,4857,1,9.159676362214352,166304,11.284086766769367,13227,1190,3.8835652297190046,1223339,567,112748,218090,139357,1236566,595,813
4016,FIRST NB IN SIOUX FALLS,1956623,1638292,12924,0.6640102830140888,7.66,0.06993228113806516,0.19773865481495412,6091,2463,10.358978425361004,206410,14.553956723258798,21047,1705,2.7474383540029046,1396348,820,19354,241779,169978,1417395,1134,183
4028,FIRST DAKOTA NATIONAL BANK,2916496,2633781,32578,1.119875875210256,12.73,0.013569721569731777,0.4348368727404392,5347,0,9.950654492604617,293445,12.159162497196666,29633,2300,3.2494026126877325,2394132,1854,10973,923668,267939,2423765,621,302
4029,VISION BANK,968699,801439,8020,0.827425972715577,13.5,0.14828544404215832,0.9573665297476306,7583,1080,8.991966105759623,89988,13.78214678566953,9878,1268,3.7091956931095993,673853,0,20294,175658,59153,683731,1140,131
4031,FRAZER BANK,372679,338275,1237,0.3334097004164252,3.78,0.008186317466950668,0.24310465574931775,396,0,11.206784818686428,39774,15.698395808557406,2998,-353,2.5963030325309564,231925,0,4766,125999,33456,234923,354,333
4032,NBC OKLAHOMA,906473,816005,10282,1.1538288894873867,15.32,0.049235549289830725,1.0935791799645438,325,1869,9.537485958047096,84647,12.86273076526043,7358,900,3.8377000259369853,674150,0,2535,207053,68850,681508,346,24
4033,BANCCENTRAL NATIONAL ASSN,267601,253758,-3090,-1.089946321025523,-23.51,5.188476059359612,4.261942219946861,2109,26,9.284442758338926,25452,19.578805031898902,4140,-1341,2.7799139525699914,79117,355,1393,30964,12062,83257,9076,2933
4037,FIRST NB&T CO OF ARDMORE,662296,531527,5886,0.8760430359490198,11.05,0.15422374132061692,0.10523995313273823,4857,46,9.510668947510577,63381,0,5285,633,3.3659461397221797,409648,0,9502,116028,57027,414933,998,370
4041,FIRST SECURITY BANK,179047,162822,324,0.20648858513256696,2.19,0.04526320554021636,1.2186744262679632,974,65,9.279770798777227,13539,0,1042,125,4.018999424432553,126752,0,2833,21261,15343,127794,56,8
4042,LEGACY BANK,618497,558297,584,0.09688559271420341,1.02,0.5083433908799916,3.51966137265015,4596,0,9.359176901415898,56635,17.18630002109853,5646,1658,4.755187324220374,372315,0,2490,155705,56660,377961,1978,118
4048,SPIRITBANK,759984,671819,1388,0.18021681589086444,1.73,1.5309416637042421,1.9942525105791702,8587,3618,10.78784642859961,82031,14.310619050575776,7939,7835,3.6299898741750574,603788,0,5331,279458,80415,611727,9784,456
4049,FIRST ENTERPRISE BANK,196828,171174,3872,1.9681977469422278,15.78,0.01404851185284652,4.639075741256325,559,0,12.712403132063288,25197,0,1584,0,5.724167398787476,172754,0,289,47748,25197,174338,204,180
4050,FIRST NB&T CO BROKEN ARROW,233984,198096,4742,1.9859667285658404,14.77,-0.007645466767508414,1.6813115426695842,133,0,15.026635451331341,34724,19.126706776668946,2873,574,5.744038747799553,188580,0,230,63218,34107,191453,5,18
4051,ALLNATIONS BANK,66503,60272,537,0.8578356981057326,9.92,-0.733767828047229,3.0404643399545885,673,55,9.051645477218809,5952,15.279707926039334,873,-70,4.5338685604072815,40085,0,1168,4795,5734,40958,0,263
4054,FARMERS BANK,91831,74042,602,0.7027406886858749,6.29,0.13665898370799498,1.4254445666496065,0,0,11.784465776198774,10349,0,1068,83,4.5000062569608685,80270,0,1929,22804,9934,81338,136,39
4059,PEOPLES NB OF CHECOTAH,161085,132031,1623,0.985802739839186,6.94,0.18689076759608075,0.1347114877238725,1323,44,16.083988922383156,26251,43.58482351613267,1073,70,2.731289952551596,46007,0,8809,5182,24359,47080,158,69
4061,ACB BANK,137577,112994,940,0.6886931242050723,6.6,1.4630760262625022,2.6363418303931616,537,0,11.345753918058444,15876,0,2111,875,3.7250834021681363,100116,0,887,26095,14303,102227,1550,24
4062,FIRST NB&T CO CHICKASHA OK,1017488,854194,18374,1.7978719865047077,16.63,-0.02213258414868311,0.9691514789363609,1195,0,12.516854430727447,129870,0,6999,-748,3.3199777317537342,497468,0,7114,182535,112922,504467,196,307
4063,MIDFIRST BANK,39086938,24814986,407980,1.0756572226609606,10.92,0.005788341686233746,10.034480060832598,2445955,3809892,8.778425394666657,3451456,18.94446011943537,216977,33616,2.6779143130367076,31954275,26604,61270,6735225,3849223,32171252,3544,1742
4067,OKLAHOMA BANK&TRUST CO,204867,178996,2129,1.1076173273178285,9.24,-0.030945173225697946,0.2347864712227933,395,53,14.527663181386567,27080,39.119616422270994,1804,70,2.5567876840531065,69722,0,365,11723,23365,71526,4,27
4071,FNB COWETA,111283,101608,1687,1.522296637592335,23.22,-0.9484660348710974,0.3405731333626879,441,0,9.898031565880475,11163,0,873,-209,3.8044665232858152,57426,0,941,23310,7952,58299,0,491
4076,SOUTHWEST BK OF WEATHERFORD,76146,64958,1014,1.3064888948443936,9.46,0.06370574098563765,1.2173981561736664,844,150,15.202475273160376,11743,28.205540128060957,762,0,4.326748761196235,43869,0,1545,10260,11043,44631,38,9
4084,CITIZENS BANK OF EDMOND,406080,343918,2470,0.631213427315135,8.25,-0.002476666703816667,0.34377462568951933,0,0,8.917683329198054,33785,12.021933759787247,3365,339,3.8630088960953595,334122,0,131,150654,30075,337487,4141,4149
4086,FIRST NATIONAL BANK&TRUST,311759,286302,6638,2.1198511058482086,27.52,0.028314288603498838,0.5019903194454691,11953,2,12.034885493855397,39466,0,2849,79,3.6977862696007375,152057,0,927,35529,22946,154906,77,35
4087,BANK OF WESTERN OKLAHOMA,411485,372648,10478,2.7029007041265283,30.74,0.03190323073383231,1.658626681410015,1405,56,8.336072899865417,32457,11.796489120277666,2755,225,5.869662294166899,318404,0,1655,44815,34827,321159,107,8
4091,STRIDE BANK NATIONAL ASSN,3928318,3598078,78874,1.977388764799642,30.26,0.14759980886686228,0.5169133456100041,3796,2259,8.644138070140707,300846,19.368489069349117,17169,8679,3.0081903648251878,3319322,1764971,32713,670184,298136,3336491,5351,725
4092,FIRST BANK,101790,85886,5011,4.904129216122264,35.85,-0.00901079493232893,0.013753806857255132,157,14,14.184097540846704,14437,22.145398790754186,1506,-300,7.094621171657951,62263,0,1947,11080,14682,63769,15,21
4094,BANK OF EUFAULA,102363,94331,-1096,-1.0409820183653544,-14.46,6.236788544727525,2.4295888162715045,2140,38,9.695836400167101,9748,0,585,1305,3.3166467602594145,26231,0,1788,3362,7396,26816,2038,132
4097,FARMERS&MERCHANTS NB FAIRVIE,125570,113219,1236,1.0247821508817603,32.83,0.056912206354904515,0.05574579915584932,1135,70,11.461639699620655,14805,0,953,0,2.9552824775477626,47650,0,1478,6442,3144,48603,30,4
4098,FIRST NB OF FLETCHER,21497,19521,109,0.49743070197055583,5.47,0.1887950158115826,0.02791087128436526,77,6,10.028547748411457,2178,21.498280509341015,245,5,3.934432827861017,3649,0,134,607,1920,3894,8,0
4111,FIRST NATIONAL BANK,101755,89520,1464,1.4779548496907804,15.82,0.0483155326384844,0.6024273991450052,454,0,9.371920696858618,9511,16.041242243752237,879,140,6.175751261977045,72703,0,1739,10874,9471,73582,47,11
4122,1ST BANK IN HOMINY,43184,40673,72,0.16427254640699437,2.72,0.01846222014351299,0.5974434975917006,281,0,7.887100478069351,3778,21.89388479237124,171,24,2.8944804264343436,16307,0,1093,2782,2372,16478,6,3
4123,FIRST NB OF HOOKER,88874,75595,1023,1.1412417781506305,8.28,0.04637979902087091,2.5485518824403086,1329,1389,15.462923986972992,13959,23.450431343783386,746,1,4.009819581678281,56654,0,1067,6679,12766,57400,30,3
4132,CITY NB&T CO OF LAWTON OK,428259,343815,6934,1.5833956735437285,12.68,0.2967865992121438,2.553127896903509,3405,396,13.463328122149532,58302,0,6250,1318,3.9748018800402054,312747,0,4267,129488,57887,318997,2024,1072
4144,FARMERS&MERCHANTS BANK,22545,20607,366,1.5587070397342533,19.18,0.3218628864103892,0.29718341095586603,127,0,8.382057771184222,1921,14.486270731539467,410,358,7.456333077007579,12991,0,527,2313,1922,13401,49,3
4145,FIRST NB&T CO OF MCALESTER,549774,480242,6371,1.1286901666656037,11.45,0.04436547202036403,0.8252481928938074,2181,166,10.709351934579875,59692,17.107292530899652,4466,120,3.2505166517661435,342126,0,10442,170781,56860,346592,245,88
4146,BANK NATIONAL ASSN,455971,418657,5324,1.1811656001270796,14.53,0.03829984180149555,0.5059532294816995,3633,40,10.895859518735087,47852,0,3500,395,3.6378391464927406,239959,0,6632,67953,36105,243459,236,141
4147,BANK 7,1738797,1515511,45698,2.6248865993617057,23.96,0.1280613561964867,0.4307575869983673,506,0,12.182767179202338,208808,15.221060121144067,17918,0,5.200782986491781,1379465,0,2759,495496,212162,1397383,2275,502
4148,FIRST NB&T CO OF MIAMI,202027,175687,5507,2.6330611499405685,24.65,0.015123616661688474,0.13760536957931366,2450,258,12.125659756750554,25363,0,1406,218,6.189876192088716,111965,0,2369,21080,24505,113371,17,1
4160,REGENT BANK,1679821,1506276,13218,0.8039902440911462,8.85,0.14332062121689274,1.8820457655905003,5102,618,9.429897655945744,161262,11.666695774059361,18219,5550,3.5561222177697145,1362162,0,19116,447298,157779,1380381,3739,1874
4170,PATRONS BANK NATIONAL ASSN,281678,250289,3500,1.2262037642353498,13.26,0.09716462620951627,0.7749984024311447,4873,221,11.652950725170728,32950,15.86236879696913,2806,-385,3.923015097802155,162658,0,4352,55133,26251,165464,700,541
4173,PAULS VALLEY NATIONAL BANK,325253,300003,3550,1.0852459136670063,19.92,-0.038262662549887604,0.3114498559582848,1259,315,9.792698161559207,32061,0,2387,315,3.8972132969802864,196329,0,14767,88873,18482,198716,235,307
4178,SECURITY BANK,874599,775785,18590,2.1957052524954737,20.04,0.12267998516935291,0.25268723151981654,5702,0,11.120941475329301,96662,13.561099662830822,14188,700,4.065196144533744,735958,0,1828,373245,95687,750146,1133,233
4185,FIRST PRYORITY BANK,458913,410675,6120,1.3772399840672238,14.18,0.24738419327452335,0.8500521885411831,9640,0,10.145692752607134,46309,13.643367718186877,5596,1235,4.351477627633954,365570,144,16020,74911,46309,371166,1284,404
4187,MCCLAIN BANK,276273,248126,4326,1.594409615108192,15.83,0.006465175868946576,0.4006906212333453,1765,61,9.95395498954516,27325,0,2237,250,5.006582898782462,177386,0,2294,43671,27258,179623,332,320
4190,AMERICAN HERITAGE BANK,1496664,1210990,11648,0.7791704617334189,9.42,0.0723515971463071,0.02071273178215017,5103,133,9.434950765023343,139929,24.86452734345335,7230,420,2.3873734749435287,492449,947,14015,166780,125753,499679,792,435
4193,SEILING STATE BANK,191891,175287,1306,0.696414478595653,9.16,0.06716407759066301,0.37729752828428637,301,512,9.470963737445622,17700,13.20346469024543,1522,88,3.38947303265563,128674,0,1946,13320,13954,130196,150,71
4196,SNB BANK NATIONAL ASSN,144591,129147,-1521,-1.0694683315028386,-10.29,0.27892747885549757,1.1805714048592235,150,0,9.73163646424125,14070,0,1037,523,4.039600418761631,108465,0,2898,17176,13356,109502,352,42
4208,ANCHOR D BANK,361750,307413,5984,1.7142811306463275,19.66,0.0022913370960143562,0.0082930200414651,274,0,10.013892858052339,35391,0,3118,765,3.911575848960753,229156,0,6946,30531,31259,232274,41,36
4209,FIRST BANK OF THOMAS,49735,42337,488,0.9705725582542423,6.79,0,0.8665929425957576,93,186,16.0435024212114,8084,33.46346904629113,476,61,3.546303652507522,23951,0,36,6656,7351,24427,0,0
4211,FIRST NB OF OKLAHOMA,828637,716736,14101,1.7490371675049459,18.65,0.0072682105789268914,0.5785404224045029,5110,224,10.063069208583157,84086,14.099719435937871,8181,755,3.7745234470146425,664954,0,3666,287453,80427,673135,78,31
4214,BOKF NATIONAL ASSN,49465723,38532406,526271,1.0563456344304842,10.58,0.053260003061033796,0.20515822643489917,77379,52504,9.26292159733583,4615811,13.248410799475282,280035,18000,2.745471251288235,23867879,0,414718,6536161,5130141,24147914,18835,5956
4217,COMMUNITY BANK OF OKLAHOMA,63973,56552,1054,1.4633807705657758,15.93,0.17937079843401493,0.734684945211261,1959,127,12.274718489989121,8350,17.256081767647586,311,69,3.974465805606809,38381,0,649,12078,6844,38692,69,0
4222,FIRST FARMERS NB OF WAURIKA,56387,49373,552,1.033266695118938,7.98,-0.03278401888359488,0.026601876319009704,13,0,18.743903482501924,10953,0,1029,0,3.19425853005569,18866,0,906,0,6901,19895,16,22
4228,FIRST BETHANY BANK&TRUST,288765,254335,2169,0.7522703373112214,17.57,0,0,0,0,9.042169701259716,27592,0,1632,126,2.559101384021156,169067,0,640,97447,11855,170699,0,0
4232,STATE BANK OF WYNNEWOOD,111450,98317,792,0.7274664511210515,6.16,0,0.09690444145356662,2,0,14.753621399539776,16734,0,661,0,2.5756953799367497,49537,0,1338,4869,12661,50198,0,0
4235,YNB,226397,200156,1752,0.7069618797438474,9.89,0.0077994846100569665,0.20936673189132365,138,74,8.945030602429032,23340,15.032160238695003,1152,20,3.9301814819096057,127400,0,5101,28046,18620,128552,13,3
4236,SHAMROCK BANK N A,448262,400392,5266,1.1818893081885222,17.01,0.04851928316770556,0.058001793593924975,882,14,10.177144610295198,45777,0,3614,200,3.5244105588694676,281182,0,7766,88188,30343,284796,141,14
4239,FIRST UNITED BANK&TRUST CO,16259998,12505436,128711,0.7872114165673451,9.29,0.03726539428066715,1.138727077334204,71468,61918,8.718985551730203,1424008,12.629954652907854,137614,16729,3.3345797460073054,12440121,112,92340,3120563,1426517,12577735,7198,2480
4241,IDABEL NATIONAL BANK,260424,214527,3014,1.100167835823129,8.98,0.5543021627508946,3.4862378275427766,5795,484,13.875461089957163,37315,20.067626131301523,4738,1304,3.087732487872965,188171,49,3788,107872,33525,192909,1353,213
4255,CAMDEN NATIONAL BANK,5790238,4671726,55486,0.9661465629326447,10.56,0.030512311887359395,0.08339898981699888,2261,0,9.356137504935857,536676,14.363157977533197,35728,506,2.550880805534638,4090580,0,7346,1207346,539279,4126308,1883,623
4256,FIRST NATIONAL BANK,3121442,2726323,28047,0.9267634494038439,12.79,0.02067137223890963,0.17431046292066296,6975,1020,8.323089105445913,262562,13.157341162373335,24871,525,2.2489584422240156,2316069,0,11527,762487,223532,2340940,747,284
4288,FIRST NB OF LOUISIANA,553481,495194,10181,1.8496192847290958,17.43,0.00344649502061004,0,728,0,10.799201782566287,60340,15.935070761848099,4946,481,4.266718901230585,377695,0,3156,157425,53346,382641,26,13
4290,FIRST NB OF JEANERETTE,524425,472769,11039,2.2451831983253974,24.08,0.0984564733828915,0.6283071935929828,4045,6,9.926884576256708,51131,13.607974930961083,6558,840,4.798043316511672,416905,0,8398,136917,48782,423463,396,18
4297,CAPITAL ONE NATIONAL ASSN,487192523,385442165,5245172,1.0914436251813093,9.53,3.3475890966468484,1.3250012459653449,8503802,4390906,10.686369304025552,51118013,15.184590431395431,16257931,11716034,7.406429986224778,311719645,149391627,1738,15429497,55894999,327977576,13749871,3001300
4318,RIDDELL NATIONAL BANK,354005,306589,2055,0.6114633761704837,8.9,0.1295190551526933,0.9392522704481576,8435,662,8.161071325782586,28923,11.817879694250582,3312,509,2.9642701289103934,266498,965,6586,49074,23254,269810,355,20
4319,FCN BANK NATIONAL ASSN,794570,708322,4254,0.5320073585597033,8.66,-0.03375954067263003,0,410,0,9.088545489377477,73059,14.878166189970463,6373,0,2.32510252065554,483496,0,3864,140317,49049,489869,0,164
4324,FIRST NATIONAL BANK,413676,381691,2256,0.5507371480018202,8.1,-0.03843822533670407,0.1813013082702405,2296,0,9.221029130838895,39485,18.25393750780184,4365,50,3.1422808682733576,206705,391,1316,47631,28764,211070,41,119
4360,HORIZON BANK,7774767,5676251,46198,0.5879273787133484,5.93,0.04253409756745248,0.35197196263244934,21833,1166,8.644253782549349,671095,12.64176792314099,51980,5389,2.7143384719399064,4862657,0,84155,1457492,801917,4914637,3695,1689
4364,FIRST NB OF MONTEREY,407327,367480,2024,0.5069525638675071,5.22,0.016623087221787926,0.2415749508380245,913,711,12.508133834166097,53246,0,4744,0,2.3082044092102754,226392,0,1617,14875,38434,231136,49,12
4365,FIRST MERCHANTS BANK,18299135,14588622,212860,1.1627530824728427,9.33,0.39052907091380573,0.4624426236540689,40968,5902,9.923522870781873,1776738,12.893799785834826,192757,35700,3.2040674845800643,12680265,0,66221,2721652,2315701,12873022,54243,4866
4382,FIRST FINANCIAL BANK NA,5551345,4722415,50249,0.981768633264898,9.78,0.35659229223145855,0.3068445574901218,22486,1821,10.257522798681201,569033,13.80983330372954,46732,16166,3.7361333431640547,3790407,5328,26094,808943,556489,3837139,19289,7082
4398,LNB COMMUNITY BANK,160648,143022,1519,0.9323376940631142,10.49,0.008308518557907051,0.09523928091230517,927,10,9.609981719810081,15666,17.60409057706355,1593,12,3.3520469755394333,124958,0,734,10681,15074,126551,12,2
4419,SPRINGS VALLEY BANK&TRUST CO,638710,565538,5755,0.9287935689720006,9.29,0.06501341340233974,0.20791908690955208,1601,0,10.709876494420671,67751,13.72828013206562,6776,118,2.975186236420751,472724,1217,2198,109540,63282,479500,509,194
4432,MIDWEST HERITAGE BANK FSB,501632,356322,7835,1.6669921929021663,14.38,0.04323687196378017,0.06558592753253381,1057,270,12.331955834592652,59653,15.685828453869282,3658,237,3.48413963682438,375720,0,34613,65564,57674,379378,206,49
4433,FIRST CITIZENS BANK,1846963,1652560,23923,1.3308196309107516,13.74,0.045739202689465124,0.575972556028464,1855,180,11.196743472843723,207230,13.640792484680436,17289,2550,2.7667539493195537,1331865,0,7246,399091,177788,1349154,763,163
4439,CLINTON NATIONAL BANK,419065,360140,1827,0.43997146807907056,5.42,0.03671433560484629,0.33574743774832067,1154,50,12.348661646031521,54078,0,3156,90,2.4754547482560776,225915,2,1572,64597,35048,229071,104,22
4457,FIRST HERITAGE BANK,68595,57717,628,0.970732717711544,12.13,0,0,0,0,9.148497348261639,6210,13.377128089798978,562,41,3.416115915024117,50182,0,432,5617,5535,50744,0,0
4464,FIRST BANK HAMPTON,245360,206345,3256,1.3759354966848236,13.8,0.1463666534004756,0.10474404955983045,988,0,10.56861083594903,26566,0,3578,575,3.6196155112684725,185158,0,3400,25481,24287,188736,293,26
4465,MIDSTATES BANK NATIONAL ASSN,634585,559333,4828,0.7548496116933522,9.74,0.01446857180972896,0.4971753193031666,7966,0,10.33584210851722,68541,16.820140487574523,8709,2,3.093461519673012,398558,0,1438,58099,51396,407267,92,33
4476,LOGAN STATE BANK,81208,73571,882,1.117556276941089,12.61,0.023837166910647082,0,503,0,8.958025182404633,7207,12.92487837057805,630,31,4.030710691449975,74475,0,1315,1559,7208,75105,18,1
4477,FIRST NB OF MANNING,82002,69957,228,0.2836378293246683,2.04,0,0,0,0,15.281083708236231,12262,30.74776919931693,729,0,1.8389295658719675,37954,0,408,6113,11392,38683,0,0
4482,FNNB BANK,106986,93436,667,0.6006433277261282,10.07,-0.0060621124036881885,0,0,0,8.699548220886383,9320,14.206108485575228,750,95,3.287740992483775,63014,0,615,29563,7481,63764,0,4
4494,FIRST NB OF PRIMGHAR,39544,30746,65,0.1678849084381538,1.39,0,0,0,0,13.322534388443358,5017,17.257383966244728,300,0,2.637822825777953,25749,0,307,2653,4764,26049,0,0
4506,SECURITY NB OF SIOUX CITY IA,1637722,1200158,22418,1.3915811883152371,12.56,9.61120928427439e-05,0.17096918768875305,1208,14,12.184390612021884,198917,0,17475,0,3.0747278381756,1065528,0,6897,128610,180782,1083003,34,33
4511,CITIZENS 1ST NB STORM LAKE,251049,213606,5910,2.417858276684809,19.18,0.12758562338335586,0.029476317372305806,547,24,13.458889498384835,33123,22.38096756705042,2458,100,3.74077744368047,148430,447,5108,6036,32200,150888,330,140
4514,STATE BANK OF TOLEDO,137252,120509,1096,0.8172030182826806,8.33,0.04076686172992325,2.201789409261796,1444,8,9.594017563519444,13099,13.066296349733083,1836,55,4.169615207328395,104122,309,1762,16491,13490,105958,156,112
4519,FIRST BANK,734928,614112,6751,0.9360520206993534,8.71,0.005463700187748927,0.07374872096314196,1194,15,11.187650505753263,82975,17.63752309434412,5807,508,2.9366764604939455,508766,108,4530,78632,80532,514573,49,22
4526,PONY EXPRESS BANK,368069,321840,8702,2.2669392620750597,26.47,0.02899780844798271,0,516,0,9.805867804825596,35565,12.894459051003482,3768,300,4.500521888622828,296716,0,2023,78372,34427,300484,90,5
4539,FARMERS BANK OF NORTHERN MO,533137,453413,4696,0.9139490500651791,9.01,0.19427624100615284,0.10072457923573117,1087,0,12.655262011685014,67408,0,3259,0,3.2963519667670282,273883,0,2915,21885,53474,277142,627,117
4540,HNB NATIONAL BANK,920846,796021,17566,1.9664096132197895,18.89,-0.01757676325857567,0.04039763434928316,1256,20,11.787891418459918,107186,0,6920,671,3.8760643380375708,641016,0,4042,136084,101336,647936,80,188
4549,CNB ST LOUIS BANK,811215,679698,6162,0.7883009083498491,12.72,0.011647460005118227,0.5558329172907306,3587,854,8.649938162555106,69871,11.448366009257894,10968,226,2.9308407450203005,625595,0,3309,283814,50134,636563,87,17
4556,TPNB BANK,111087,93605,542,0.5037455620201869,4.43,0.013381999203771047,0,207,0,14.904453792609083,15802,18.547144101682044,778,25,2.6933493530572856,61240,0,943,6620,12419,62018,9,1
4598,FIRST NB OF NEVADA MISSOURI,112882,98144,620,0.5527157062191215,4.51,-0.006674319886803534,0.171860881274251,165,69,15.912618098980785,17533,23.630480006163804,869,0,2.8080620535680034,45102,0,268,10561,13921,45971,0,3
4611,FARMERS NATIONAL BANK,161833,129331,1652,1.0174167959993101,5.29,0,0.3151396810292091,279,0,18.89198003999571,29947,32.243309808142065,1519,50,3.501131435405265,84083,0,2046,8949,31896,85602,0,0
4619,EXCHANGE BANK&TRUST,591835,519194,7595,1.3305341021408723,12.34,0.029699845612454718,0.03886218287191531,1194,0,12.137388143899267,70463,0,5356,125,3.7721062507117016,387043,0,2607,35809,65233,392399,156,41
4621,FARMERS BANK&TRUST,185490,175428,1608,1.0233238934674007,17.44,0.002794545048066175,0,1379,0,8.981528658510383,14631,0,823,120,2.595782411124357,77713,0,701,2795,9500,78536,2,0
4624,AMERICAN BK BAXTER SPRINGS,146991,132645,1739,1.2326444511861456,12.84,0.0053131010445556645,0,186,0,11.474192350538432,16068,0,1363,7,3.997036875448787,77626,0,407,14477,14219,78989,13,9
4630,FIRST BANK OF BELOIT,111319,92388,702,0.6366480750918242,6.62,-0.002900139496709792,0,2576,0,12.046633296825641,13309,19.447140689296898,1099,0,3.2307190253453717,71979,0,1960,3727,10972,73078,0,2
4636,FIRST HERITAGE BANK,267555,251153,3222,1.2789815147078905,21.56,0.029567031147523355,0,132,0,9.243289458406782,26271,0,1498,0,3.39024610360088,149014,0,572,20502,15063,150512,61,17
4638,FIRST NB IN CIMARRON,150046,142236,1712,1.211484762323956,32.75,0.00446023698725859,0,79,0,8.267862031207226,12081,14.334877564526805,781,200,3.5323979101811944,75355,0,1931,7403,4970,76136,3,0
4649,CONWAY BANK,112041,95304,496,0.4610968154571552,5.95,0.2839631199756747,3.15955766192733,79,0,8.64258833368179,9921,14.129559911722705,1031,183,4.91307936266859,85199,0,2140,16591,8512,86230,245,19
4652,NINNESCAH VALLEY BANK,41042,38230,366,0.9251488832492444,13.09,0.14070204201485326,0.9478095609375762,239,0,12.203985074262858,5004,0,214,41,3.7570076476215415,15857,0,314,367,2709,16071,23,0
4654,FIRST NB OF DIGHTON,74797,61186,534,0.6845925648632224,4.69,0.004295034510602293,1.5802772838482828,705,10,17.318836796491592,13269,25.356804776814972,599,110,3.2100605294845,45850,0,738,2273,11468,46449,12,10
4660,FIRSTOAK BANK,241279,208603,4348,1.838263272446852,18.21,0,0,8,0,10.121067849949112,23767,0,1783,179,5.055471277392941,191531,0,1316,44677,24457,193314,0,0
4664,HOME BANK&TRUST CO,165933,151321,2478,1.5239421270984952,19.79,0.04352184579049454,0.06327855218672597,2426,81,7.8648227926003695,13035,11.721140947683805,1630,153,4.005417248393388,135041,0,2144,27713,13033,136671,64,4
4666,ARMED FORCES BANK NA,1392914,1200469,19494,1.4318662592549067,11.68,0.4199803912101574,0.05463366726158256,9688,7,14.260799203562666,192809,24.028053579170326,11475,3549,3.8569144290887425,811065,1474,22450,339703,170240,822540,4346,884
4668,FIRST NB IN FRANKFORT,59450,56580,283,0.4864231228020721,10.57,0.010997389952784539,0.42556770395290155,396,0,10.567692956558414,6264,0,417,0,2.849834776116093,28383,0,582,1792,2489,28800,11,8
4673,GNBANK NATIONAL ASSN,984392,774374,8634,0.8796042453282866,8.36,-0.0001677989178312191,0.26381766613300395,2090,164,11.320179627334241,111420,0,8509,580,3.545187888126012,623879,0,8728,93488,109110,632388,213,214
4678,CITIZENS NATIONAL BANK,212702,196506,1059,0.49598574708380044,8.18,-0.027247888907879842,0,3,0,10.645989700632315,23588,21.926272612536813,1658,6,2.5839856981001463,87418,205,1153,7157,12795,89076,27,49
4683,VISTA NATIONAL BANK&TRUST,35289,25965,-132,-0.6633365830125532,-4.33,-0.07433424392782144,0,30,0,23.258151823688618,9023,42.37714285714286,243,122,3.697733952782782,20633,0,196,529,9023,20876,1,9
4690,FIRST NATIONAL BANK OF HOPE,87488,73840,236,0.2752674526563309,3.71,0.0218836577220863,3.3684619604974397,159,0,13.205290558604194,11262,19.338675745555573,919,0,3.3053006105203573,46208,0,323,1718,6082,47127,22,12
4693,HOWARD STB HOWARD KANSAS,74609,69110,1259,1.7181380242095061,25.4,0.09893349690338156,0.11928855768070876,247,45,11.851166761525327,8329,15.89760922157393,608,0,4.33203860305617,42415,0,1882,7461,5356,43023,48,8
4697,FIRST NB OF HUTCHINSON,1197636,1032000,10503,0.9193232772338689,10.03,0.0018167300856860747,0.07322759168896058,203,206,10.58102493893144,125357,14.073614159842396,12194,1100,2.9722251550635086,891035,0,7412,357563,106288,903229,223,207
4702,CENTRAL NATIONAL BANK,1263103,1127095,10519,0.8371853889302746,8.68,-0.07196539937935208,0.07972429801845138,256,279,10.978749645879605,140288,0,13763,266,3.1264260921272804,712335,0,6481,283343,119276,726098,402,905
4705,SECURITY BANK OF KANSAS CITY,3582612,2891653,44989,1.222050441409324,12.75,0.005162992117933268,0.026377402855793482,637,0,12.4721148484277,459623,0,31557,3500,3.0792821420749497,1922271,0,3514,959535,360499,1953828,154,52
4707,CITIZENS BANK OF KANSAS,489929,447714,3034,0.6166187909800499,13.31,0.03211100302785352,0.05551824856254682,529,140,8.767557329259358,44993,15.10716451364042,2542,-2,2.9787207566506244,238250,0,1752,50773,19906,240792,123,48
4722,FIRST NB OF LOUISBURG,175095,147359,1160,0.6206255263278978,8.15,-0.0052507550585774235,0,142,0,10.509591557720242,19679,0,1345,72,2.2535576510692623,98197,0,1025,7538,15293,99542,0,5
4728,MARION NATIONAL BANK,29372,24425,214,0.7343907645213763,4.92,0,0,0,0,14.048430493273543,3916,0,176,26,3.395031624438226,11136,0,811,139,4533,11312,0,0
4735,SOUTHWIND BANK,172164,155872,2345,1.313385555111226,24.09,0.15342615209645877,0.3967147603447875,607,15,9.732402496269755,17872,0,1215,172,3.119723519812722,84385,0,5005,14960,9189,85600,195,69
4746,FIRST OPTION BANK,753837,671218,6182,0.8606055645068558,16.08,-0.008192789071183504,0.01485732326749682,916,0,8.232549382130557,58153,16.045831944369073,3777,321,2.4395368312653694,435253,1002,8530,98138,41769,439030,45,81
4752,FIRST SECURITY BANK,96195,77903,468,0.5044886554730552,5.73,0,0.9491137793024585,249,0,9.04366662153859,8684,12.994932111981356,906,27,4.037899477744238,70243,0,691,18531,8764,71149,0,0
4756,FIRST NATIONAL BANK&TRUST,300266,238622,3827,1.2851286404702356,10.67,0.0949478690985378,1.2765348058055193,4721,1622,14.153920613136556,42697,0,4198,700,3.973635903368416,200511,608,3592,12297,37076,204709,327,138
4766,SJN BANK OF KANSAS,275264,201374,1835,0.7081595415911554,8.53,-0.004827466352559522,0.2375900953266682,138,0,9.203312985242695,24846,14.039943613857819,3365,0,3.932399569133575,159878,0,1541,12211,22175,163243,70,77
4767,SUNFLOWER BANK NATIONAL ASSN,8085206,6781740,84843,1.064985545252942,8.92,0.31818274229396437,0.9255546488240374,37141,1533,11.685543162032234,930890,13.942890674318429,88221,27550,4.132575626465309,6349961,4388,19894,1455634,996789,6438182,21694,1317
4769,FIRST NB OF SCOTT CITY,160590,139017,2931,1.8470461755242122,17.03,0.14209339088115663,0.3281648919608942,1503,158,13.733713406404904,21777,0,1232,235,4.027899175223485,105998,792,2685,12808,18274,107230,151,7
4770,ELEVATE BANK NATIONAL ASSN,54993,47505,440,0.8172575066959394,6.18,-0.018169132823628593,0.34731693124579494,108,12,11.832678960197986,6359,0,417,11,5.90874734556274,29965,0,538,12320,7213,30382,2,7
4773,SOLOMON STATE BANK,172477,133710,3646,2.1159759082852703,10.85,0.06027676252799324,0.04638299599366873,1353,32,19.56736755140274,33632,0,4917,0,4.0123214799081,137727,0,1347,14464,33670,142644,288,203
4774,FIRST NB OF SPEARVILLE,78640,70901,685,1.0929223307167018,9.09,0,0,80,0,10.280931518035207,6547,0,498,0,2.993110532561146,29306,0,81,4939,7530,29804,0,0
4775,PRAIRIE BANK OF KANSAS,128362,114849,719,0.5589154397475163,6.86,-0.0013247559799484934,0,148,0,9.30577660907742,12103,0,802,15,3.1146992867178214,79435,0,608,9144,11031,80237,1,2
4778,WESTERN NATIONAL BANK,249780,211675,2072,0.8504141254114577,9.65,0.001577429714989999,0.024821843222035393,68,0,8.831924219447849,21258,11.999224473968855,2260,220,3.5696043572144744,199925,0,2321,20585,21352,202185,4,1
4779,DREAM FIRST BANK NA,689651,622042,8281,1.2652592001349445,13.74,0.07800070475008614,0.5739134721765067,9594,0,9.722477622033326,65561,13.084054811922352,8618,0,4.637150406716046,534769,0,2463,129235,63449,543387,697,299
4789,EMPRISE BANK,2514769,2272930,31666,1.2559654989855022,17.11,0.08307365227212787,0.1810504265004062,3565,0,7.9533616161362595,202770,11.417251221368499,17681,4336,3.6112856917349556,1839073,0,12464,691335,185888,1856754,1859,354
4791,BANK OF THE FLINT HILLS,460774,410268,5786,1.31269502686873,16.48,0.003517204994431092,0.4407800787370815,1338,0,9.107013213300421,40768,11.795848281200886,4548,600,3.9045707849473468,347299,0,2191,66868,35515,351847,131,119
4792,FNB WASHINGTON,85028,56165,1314,1.5292370573475536,6.47,0.012882016190117947,0.24815354941901493,103,0,25.241938261258884,21988,0,926,0,3.4378693760531145,39191,0,799,1642,20750,40117,5,0
4794,FIRST NB OF KANSAS,100469,91056,294,0.29895062230537706,18.44,-0.010845516463493993,0.06071524549861151,99,4,8.542883247924363,8602,17.018960015017832,464,40,2.4485151543830073,40030,0,1376,5278,1748,40494,7,11
4796,BANK OF COMMERCE&TRUST CO,111451,104808,682,0.6139276969609679,13.7,0.14514120711650255,0.7518999380893846,329,11,8.809318457928757,9499,17.411975228504765,422,30,2.975992095388585,52417,0,2947,3007,4858,52839,76,0
4799,INTRUST BANK NATIONAL ASSN,7057805,6486555,57174,0.7943075487030533,15.36,0.1752089153993762,0.42059818881366084,20426,2635,9.604483322420808,723470,14.199814590575416,55456,10397,2.66734274812303,4052249,0,64372,1383786,377837,4107705,10114,2976
4801,SOUTHWEST NATIONAL BANK,535287,448445,4818,0.8702720277446624,9.74,0.3413944046289751,0.3506530141774412,2219,112,9.688311928471702,52391,0,4320,683,3.778888762904431,458243,0,5034,127976,49467,462563,1989,349
4832,SHORE UNITED BANK NA,6231022,5536419,51212,0.8586446733448204,8.72,0.08627629721455533,0.34474280463140716,8807,294,8.580001118873755,521453,11.968623445274977,57910,4738,3.1933208327087974,4733684,3469,183458,2217730,604261,4791594,4433,361
4857,FIRST UNITED BANK&TRUST,1948145,1581526,21253,1.1236707133545778,12.21,0.15607686203390944,0.4574608152883897,3816,918,10.7046506977378,205022,14.590422744273404,18170,2933,3.48644362410779,1463429,0,31351,469013,185974,1481599,3024,785
4865,SANDY SPRING BANK,14122892,11844920,30501,0.21659474039713253,1.66,0.03242240615344131,0.8683703026264027,71362,232,11.331118070739642,1589408,14.792763206387969,134399,14192,2.5744658557088558,11427039,0,3278,5250934,1828351,11561438,4607,889
4931,MOUNTAIN COMMERCE BANK,1744714,1532987,10554,0.5966948060413965,7.09,-0.01688092917008158,0.44230744981699,381,0,9.215542304704822,164795,12.294609857616523,11550,-1770,2.033970057725512,1451557,1697,9480,634750,149691,1463107,95,342
4945,PEOPLES BANK OF THE SOUTH,221679,181540,5112,2.3714204864380912,22.38,0.004546301810792011,0.7555970570058508,4223,0,11.884453022451714,25985,16.675901597345106,2004,0,5.047132946749901,176157,0,2951,57287,24003,178161,28,20
4952,FIRST NB OF MIDDLE TENNESSEE,894852,788362,6012,0.6910581534861769,7.01,0.011638081526916297,0.6050162484969581,1061,4669,10.175407690474819,90107,16.36871103500466,6857,355,2.9675873258611367,688895,0,1403,211364,85268,695752,84,3
4958,FIRST NB OF ONEIDA,327532,295706,5256,1.6398782446563558,19.83,-0.2389245750701015,0.16761720992147333,3367,38,11.130051046014861,36369,19.556898693122676,5632,0,4.006911797999707,197989,0,6235,47704,27358,203621,246,716
4960,FIRST FARMERS&COMMERCIAL BK,219023,197576,1703,0.7799490353912751,8.95,0.06646993238879141,0.6277879492108135,1474,716,9.174282755237385,20197,15.16265873343801,2418,86,3.8060439231408845,157321,0,3315,48343,20016,159739,116,10
4972,FIRST CITIZENS NATIONAL BANK,2498514,2151077,17960,0.7388890991641831,9.4,0.02377170370288943,0.13135807924230164,5563,19,9.536451858832292,244797,0,17982,0,2.47947971584831,1469051,0,14906,669540,189536,1487033,930,584
4977,FIRST HORIZON BANK,81865694,66433430,890694,1.0887752437455613,10.03,0.1781586681535869,0.7753174363855023,95899,26258,10.061185812987294,8128577,13.00197929292392,815468,150000,3.4099276487830723,62312844,88864,279838,16802677,8781595,63128312,157126,45495
4988,TRUSTMARK NATIONAL BANK,18150160,15194687,231420,1.2553649056974243,11.94,0.1886249126996222,0.8891106194105176,59309,75347,10.210575197903331,1828044,13.407689727165659,160270,41255,3.55452905162768,13129979,32553,67130,3533282,2060699,13290249,34949,9932
4993,CITIZENS NB OF MERIDIAN,1713832,1493254,23298,1.3651196404493537,14.14,0.07077336090695462,0.4204612820859921,9314,325,11.233824917111164,197025,14.584932406735124,13895,1053,3.11961774791511,1197601,0,7442,526688,165911,1211496,991,165
5005,FNB OXFORD BANK,817381,697044,7789,1.0126289350040172,9.25,0.056864896772182025,0.08343722205434186,524,0,12.372624689798537,99515,0,3901,1000,2.8621156770140463,398839,0,2775,132188,89846,402740,230,25
5006,FIRST CHOICE BANK,483846,439605,3324,0.6883426969200599,8.48,0.058619127594763544,0.3815263534265035,1901,19,10.330012453300125,49770,0,3799,270,3.1822679380602064,307944,0,14474,59147,38936,311743,404,235
5015,CENTURY BANK&TRUST,467203,401846,9013,1.9144701486672202,16.8,0.03195246854409009,0.5316746681849217,4083,46,13.044345596848949,61466,21.47916453802064,3602,375,4.411594433629791,229327,0,1645,65966,57064,232929,126,52
5018,CITIZENS NB OF CHEBOYGAN,476529,426005,3238,0.6604666835556849,37.04,0.043167879035138655,0.0675719630914383,199,33,7.374708919712464,36420,15.2629138742964,3413,-10,3.251902250743346,236392,214,6638,78912,9178,239805,153,51
5019,SOUTHERN MICHIGAN BANK&TRUST,1495551,1259172,11775,0.8020140326232744,9.14,0.002513421203779813,0.06111459923466335,5143,191,9.12572124691906,135289,12.605071281988556,12782,1014,3.1231334833000663,1104648,0,2744,553008,133707,1117430,124,97
5033,DART BANK,1316430,1157139,8002,0.6381583270649949,8.18,0.03782410827542441,0.6403682687267838,3988,0,8.304381419835556,106726,11.891874646692342,13705,390,3.4433946108332045,1097588,332,1449,269494,103782,1111293,489,88
5058,SUPERIOR NATIONAL BANK,995846,843971,8067,0.7915832921857864,8.15,0.00014904573468368769,0.5384366659101909,6476,494,10.97820836449763,112726,17.822953846515702,8851,-109,3.3274998840793413,656098,0,20676,178546,100947,664949,184,183
5062,FIRST NATIONAL BANK&TRUST CO,410028,359999,2200,0.5293905607737956,8.32,0.03574284351680986,1.6937867657818488,2364,1,8.411795259231278,35629,15.631066002138866,3685,600,3.0520299182247763,193395,303,3028,66144,28579,197080,95,25
5072,RANGE BANK,595346,513158,4236,0.7218038963097009,9.64,-0.00176560738070968,0.052070560648765585,803,0,8.320365336379993,50687,14.259390430435362,4950,-97,2.8614409475939446,338922,0,1227,123133,47221,343872,2,8
5074,FIRST NB OF ST IGNACE,317336,305691,3586,1.1114665159089105,41.85,0.08428131328029526,0.1991579902689893,809,217,7.2059463923718,23994,17.288241415192505,928,77,2.065818843370796,90725,39,3771,41729,10464,91653,100,24
5076,FIRST NB OF WAKEFIELD,53423,48980,258,0.4731097614646598,6.05,-0.026845637583892613,0.37062688355202816,464,34,9.495101733232856,5166,24.621023575727406,275,-20,3.657946205534363,21527,0,2740,2703,4339,21802,24,30
5087,FIRST NB OF BAGLEY,119167,111097,884,0.7759613494002978,12.6,0.008362485888305063,0.053706143479318944,1209,12,7.706042113733906,9193,13.841722255912675,849,32,3.370572129098732,72873,0,6107,4466,7191,73722,12,6
5093,FIRST NB OF BEMIDJI,945175,804213,7877,0.840867730235712,13.16,0.0017660962007738528,1.3988943846377655,1576,135,11.525765744059271,114807,0,3195,305,2.366096941369552,411623,0,14632,149201,65965,414818,47,40
5095,STAR BANK,462459,402472,7405,1.7506828963600456,19.84,0.18256714216840136,1.860273018797342,6017,2926,9.099546429014369,41087,10.973361152894366,4134,480,4.740193967930835,370688,0,7901,32720,42423,374822,628,10
5097,FIRST BANK BLUE EARTH,310977,271218,1697,0.5589245461743475,9.49,0.008631448326565263,0.23442248140537725,1574,47,9.577451956554278,29434,0,2296,0,2.2712681131906143,200999,0,936,28847,18965,203295,40,23
5105,B2 BANK NATIONAL ASSN,82682,71370,52,0.06463577739438266,0.52,0.13932233615693265,0.3120388960112237,401,0,13.069985388219882,10376,26.763874646724855,325,193,4.9083213514002,34137,0,12630,1958,11051,34462,42,2
5107,FIRST SECURITY BANK CANBY,79025,68163,1455,1.8118468634502543,14.56,0.02597793953374794,0.14172730148687127,0,0,13.355387160056932,10416,21.650299353869865,496,70,3.9995816729862645,38316,0,633,6080,10338,38812,10,0
5110,WESTERN NATIONAL BANK,33487,29886,457,1.2265690421488844,13.29,0,0.6241227939200287,324,49,9.139800575598128,3144,18.865248226950353,182,0,4.342787279835967,11886,0,352,6423,3471,12068,0,0
5113,FIRST NATIONAL BANK,79594,72802,201,0.25376288698840266,2.98,0.8270590919461555,2.1119682388119707,689,419,9.656754588306088,7703,0,401,185,3.873239436619718,35032,0,10952,3032,6611,35433,507,188
5115,FIRST NB OF COKATO,125692,118619,1173,0.927915299448472,18.32,0.36855671840693605,0.9889253094866818,85,385,7.864025185232296,9892,12.749416043973921,1348,600,3.414785649812195,93297,0,1416,12750,6825,94645,332,4
5116,GRANITE BANK,306496,255122,2335,0.7853168947056524,8.7,0.016997683679287705,0.5918511171434537,574,0,8.161551431210796,25268,10.759730241287716,1758,195,3.9484280509064678,265464,0,3168,106967,27402,267222,64,20
5117,FIRST NB OF COLERAINE,104334,99246,265,0.2559150169000483,5.56,0,0,0,0,7.714374926817845,7906,18.05145141665218,402,0,2.434830560542936,41226,0,1031,13440,4933,41628,1,1
5123,DEERWOOD BANK,1180009,1062090,13454,1.2402985861665499,12.34,0.35491924231642974,0.7848245225248283,2325,601,8.762322484661972,102245,11.831003076548175,6312,3945,4.1755304239556015,886009,0,6951,270521,114744,892321,3100,220
5131,WESTERN NATIONAL BANK,118107,96864,456,0.3788086468057958,3.29,0.0028638360511137463,1.6425783399798488,1058,0,9.610976267529665,11404,15.440013163057372,795,55,3.6543081717200434,73982,550,845,36396,14019,74777,2,0
5136,FIRST BANK ELK RIVER,356951,290330,2008,0.5610881981468442,8.51,-0.0015486120951250467,0.03361805962162874,144,0,9.603181549637863,35110,0,2571,101,2.929519735393534,259628,0,1109,162572,23996,262199,2,6
5141,MINERS NB OF EVELETH,94345,83303,750,0.8233578950141837,9.37,0,0,754,0,9.14551814325356,8602,20.26835845970202,700,23,4.322224708083226,65003,0,2082,2562,8399,65703,0,0
5142,FIRST NB OF FAIRFAX,38658,25179,663,1.7853007545117217,5.02,-0.03334400341442595,0.8562263955714211,1,0,34.86326854526058,13399,0,394,0,4.592808023399733,15071,0,100,59,13400,15465,0,5
5146,WELLS FARGO BANK S CNTL NA,4465163,3501933,45830,1.1484586397017365,5.88,0.007108077412391008,0.6328996276283755,5011,445,19.53353044722664,807514,52.35691940203024,3742,-2203,1.7040451972915551,2154554,0,17,0,804366,2158296,610,445
5150,FIRST NB OF GILBERT,82754,71197,371,0.4633272139173005,6.59,0,0,885,0,7.044639544948684,5697,14.416100559175563,657,25,2.9189350277525,62108,0,1870,5339,5675,62765,0,0
5162,FIRST NB OF HENNING,378598,341137,3315,0.9136132508371343,12.89,-0.033684190963809243,0.7617578539770415,2861,2244,8.751369170493323,33237,12.907833595032095,3134,60,3.2621997031015306,277320,1103,13112,62182,26315,280454,136,223
5170,BANK MIDWEST,1376433,1185820,7438,0.5493718193971534,6.6,0.4631829912689024,0.6643984850697419,1940,653,9.266538661921125,126638,11.614801120693873,11068,6210,3.334428936008921,1067385,398,27144,156437,115589,1078453,5602,655
5175,GLOBAL INNOVATIONS BANK,87513,75691,658,0.9225066384026336,8.08,-0.015100174558017892,0.017140310582427754,50,15,11.368590589117366,8188,20.425228649483312,410,67,4.055003992085257,37223,0,573,5199,8180,37633,0,5
5180,FIRST NB OF LE CENTER,156951,138174,1151,0.7238383683387689,8.38,0.0290883704694863,0.1701167880421278,2513,4,9.480741055515738,14948,0,1092,28,3.077748579447739,112206,0,3805,8952,13816,113298,46,14
5186,FIRST FARMERS&MERCHANTS NB,226738,199508,2163,0.9229445815088502,9.96,-0.04938021804377255,0.17068157962053118,0,0,11.210777525082479,26471,14.905400613279376,2043,-124,3.542649125685789,167282,0,1671,18608,22257,169325,61,143
5193,PIONEER BANK,858902,767285,9594,1.1636408446911828,13.37,0.17647339385363836,0.7239475516415144,9,0,9.47816233765465,80050,14.422852850990065,5979,1050,3.61267088360513,573494,0,3189,95937,73602,579473,1067,68
5196,FIRST NB OF MCINTOSH,37487,28865,617,1.7074196654896445,7.61,0.024263894112366093,0.1360471630165124,332,51,23.103175253228493,8462,62.08036805405794,252,5,3.6125978352791606,15493,0,571,1730,8482,15745,4,0
5197,COMMUNITY FIRST BANK,120277,104242,1273,1.0637764481732794,9.77,-0.031986228474722156,0.5495647546912543,761,3,11.939903806422821,14448,0,939,36,3.1157728040908794,68223,0,3972,9674,13234,69162,9,31
5198,FIRST NB OF MILACA,275253,252230,582,0.21396712700235732,2.62,1.2363390764739746,0.7956316552408148,1922,388,9.38111827709317,26066,17.57298333061981,2200,2687,3.502296888954135,173737,585,5069,33572,22330,175937,2302,120
5214,FIRST NB OF MOOSE LAKE,138689,117498,1721,1.2790194729042585,11.13,-0.008743895667836891,0.05263575337625911,224,0,14.070218835119427,19681,0,1052,13,3.7248282198663607,97094,0,1889,30414,15501,98146,9,17
5219,COMMUNITY RESOURCE BANK,377239,301201,3093,0.8050213761414879,7.94,0.020692557619222562,0.5012737283260744,747,700,9.735828695964962,36810,12.980611448326403,4458,0,3.4917443425761157,313367,181,3114,133007,37800,317825,80,15
5221,FIRST NB OF OSAKIS,93288,78811,612,0.6640869997374035,7.57,0.0163307521672269,0.5091758854300661,1048,95,8.626009321866999,7884,12.464108587836074,711,12,2.9803455156601713,74593,0,1433,13633,8189,75304,12,0
5223,CITIZENS NB OF PARK RAPIDS,354107,305259,5120,1.478587625376722,13.18,0.038348530972365354,0.5156633446952474,530,1084,11.666142030592319,41879,0,4755,180,3.7429753389109353,285764,1403,7466,63233,40857,290519,245,135
5229,FORESIGHT BANK,409520,341724,3617,0.9521513038707834,11.03,-0.005064916400389239,0.9733346356710295,2050,0,10.251914759929768,40464,14.302515408962185,2325,237,2.93715907236816,327540,0,1602,51003,36409,329865,6,22
5232,FIRST NB OF PROCTOR,32137,29669,83,0.2662355575229187,3.47,0,0.031116781280144383,0,0,8.575640663718202,2734,23.414472594800465,94,0,3.4816833181955795,15004,0,106,1694,2446,15098,0,0
5247,FIRST NB MINNESOTA,456482,393468,3260,0.722664441628664,9.17,0.11759690720134061,1.5345621514101322,2158,0,8.66297071549424,38862,12.633055435982582,5102,1062,3.4200528391133362,334785,0,4382,102320,36369,339887,465,65
5249,MINNESOTA NATIONAL BANK,302631,250154,3156,1.0332479277747915,12.74,0.019331033097557595,0.27393095882444296,706,360,8.461872619127181,25323,11.785341000935176,2528,64,3.2390586335502474,216589,0,3797,58516,26169,219117,44,3
5252,FIRST SECURITY BK SLEEPY EYE,187050,162165,4073,2.0917579703014533,18.07,0.0217864193517032,0.0021384656508954825,28,0,15.605776578141578,28388,36.901822234041205,713,-400,3.0959991608561475,54662,0,713,10302,24169,55375,14,1
5269,FIRST NATIONAL BANK NORTH,787343,698075,17909,2.33187432227339,21.76,0.03200700175767264,0.08369922638545081,2762,295,11.112643497823097,87828,19.04909491629799,9206,608,4.380929736798378,548228,1297,41024,111005,85976,557434,229,52
5270,KEEN BANK NATIONAL ASSN,187787,168804,2079,1.1496337650588753,14.73,0.0045762122386220115,0.3418767007300825,384,642,8.371892226969825,15126,13.194005811015664,1804,0,4.2103220340186445,131897,0,1383,30138,14252,133701,16,10
5278,FIRST FINL BK IN WINNEBAGO,58415,49668,602,1.0223038857736735,10.58,-0.005438329345225147,0.4194128220491312,75,171,12.985573423333996,7849,18.52077549822827,357,0,3.4392120168853526,37042,0,448,4375,5727,37399,0,2
5280,WNB FINANCIAL N A,564618,490862,2217,0.39629934704454,4.27,0.08010727408877977,0.03931861896007566,1118,30,9.904757580626008,56719,0,4163,0,2.7801600020031554,337986,0,3852,134206,53125,342149,334,58
5283,AMERICAN BANK OF BEAVER DAM,204929,186656,2080,1.066747630076539,13.17,0.12249621951322537,0.7783183444022076,72,0,10.034038774604115,20340,0,1564,0,3.871136709458041,81394,0,95,45312,16646,82958,127,11
5285,FIRST NATIONAL BANK&TRUST CO,1576482,1319067,7689,0.49315262486882294,6.9,0.008171451766678087,0.2876658280906474,1759,158,8.106090109624079,123221,12.39696522393622,13066,1167,2.59344118130098,972037,1691,4087,391281,112137,985103,200,120
5286,FORTIFI BANK,669668,537724,9851,1.5054721797115962,13.35,0.008898049385791917,0.6028360321831117,9414,102,12.549124992390915,84523,15.574837681804944,5902,900,4.117491632904703,512253,0,3827,226201,77745,518155,83,39
5295,PREMIERBANK,558926,467748,2122,0.38344320432752343,5.18,-0.07247053862979175,0.21219266951260093,3,0,9.251014900524726,52344,13.61110117663889,4424,0,2.918552331577929,341893,0,2061,106536,39511,346317,23,265
5296,ASSOCIATED BANK NA,42965617,34897534,129224,0.30951532612236204,3.07,0.2298664716199126,0.3470565778212844,79430,5638,8.344569743082998,3425721,12.034881555615483,363545,84986,2.7833725905618576,30084362,197285,64818,4354250,4452640,30447907,76415,7866
5297,FORTE BANK,410416,343686,2483,0.659791863966489,6.47,-0.0047445950589787055,0.06042649409379751,69,0,10.154322430513352,39098,14.428980484271664,3430,35,3.103580157139164,290872,0,242,99962,38999,294302,3,17
5304,BANK FIRST N A,4492896,3733905,67602,1.5908857931230018,11.59,-0.012880941458102757,0.20559122668319052,2011,1670,9.544671726854288,398535,12.175487332938912,44151,-800,3.6704270163961965,3476105,3895,23417,1225621,580523,3520256,566,1008
5306,STEPHENSON NB&T,681150,575767,7477,1.100289869063004,14.76,-0.055528990114163415,0.7877853629890627,5689,38,9.447164733447948,65116,0,6608,-857,3.3144430716775553,471637,282,3748,195833,53026,478245,53,318
5317,PESHTIGO NATIONAL BANK,281190,243580,806,0.2908886178098902,5.08,-0.013611593763759547,0.004267577083111064,88,0,8.947213006548436,25755,15.932544242702825,1923,70,2.798974313296411,170892,0,1715,32879,16178,172815,0,23
5335,WOODTRUST BANK,677302,556032,23863,3.703468034056448,39.45,-0.016758503264556437,0.02598545405151616,0,0,9.731342912582747,62639,0,6403,600,3.7058434572645185,345254,1407,11359,185697,56003,351657,19,79
5336,PILLAR BANK,261996,198248,146,0.056183493751318,0.94,1.1262481207179451,0.7782561565825433,843,0,9.108597267459734,23407,14.53535557026506,1804,1220,3.328104940830915,146109,0,4303,37057,15432,147913,1884,179
5337,FIRST NB OF BANGOR,355951,233803,10604,3.0720684546313666,11.68,0,0.08652876379052173,1135,0,28.45162145835482,96552,0,2064,0,4.4336374848274795,291785,0,1983,84124,96552,293849,0,0
5357,FIRST NATIONAL CMTY BANK,319595,285796,2225,0.6955798635100366,12.34,0.05982516854980749,0.8435676402947481,984,0,9.09102274396552,29087,14.862521555853611,1940,-40,2.929291794215186,199188,0,679,76451,19262,201128,141,23
5364,FIRST NB OF RIVER FALLS,319847,264582,2142,0.6745980756003356,11.64,-0.011493372155390391,0.02407401038621591,37,49,9.690638208579394,32327,17.289872613992618,2888,0,2.8015310637655273,161966,71,4118,57509,16990,164854,5,23
5369,WEST PLAINS BANK,124453,95649,1324,1.0737323227490143,6.75,-0.0014669639713648633,0,159,0,17.303835849389568,21572,0,1203,0,3.601832498820089,69050,0,547,4035,20090,70253,0,1
5377,FARMERS&MERCHANTS BK ASHLAND,134961,114533,726,0.5560806577377169,6.91,0,0,337,0,8.42171576801927,11363,14.324682050986937,1082,85,3.7796838158951305,105775,0,679,15380,10755,106857,0,0
5380,FIRST BANK OF BANCROFT,28022,23988,72,0.24559632151287333,2.12,-0.0423238621935047,0,0,0,14.033133788110815,4032,0,201,0,2.234767456685886,14684,0,213,816,3510,14885,0,6
5384,FIRST COMMUNITY BANK,264888,233809,1696,0.6638281749656931,7.57,0.008351781490670503,0.007927878952613935,80,21,8.670319158187668,21934,12.030640422165662,3135,20,3.283076011159486,188520,0,597,15360,23067,191655,15,0
5394,WAYPOINT BANK,367409,297631,4474,1.190510402729925,12.92,0.038995727354738906,0.5772858041038733,174,0,11.208457919386126,41834,15.037395889251522,6313,0,3.1654705161573577,236945,0,1227,83922,36569,243258,102,5
5396,CITY BANK&TRUST CO,328271,293922,3135,1.0020603767747016,9.88,0.0018059160364621671,0.3567174681893923,5677,55,9.644708954937906,32719,0,2915,100,3.09035625695944,290329,0,6225,87571,32676,293244,6,1
5401,F&M BANK,134228,116482,1269,0.9857658211918678,9.06,0.0015838021387664083,0,1260,0,10.942490220570086,14630,0,1025,176,3.0661681027475205,63200,0,453,7930,14130,64225,1,0
5405,FIRST B&T OF FULLERTON,104071,79193,871,0.8503434567486615,6.78,0.0014580320067186115,0.011530589693574579,28,9,13.685925074255053,14284,0,959,0,3.2097636631254227,69270,0,638,1528,12821,70229,1,0
5408,GENOA COMMUNITY BANK,70684,51197,824,1.191691710511473,11,0.002083802188825819,0,59,0,12.509874326750447,8710,16.064312933929596,512,2,3.9673453291863043,49335,0,344,6078,7621,49847,2,1
5410,FIRST NB OF GORDON,333644,287571,10223,3.0344640073328177,26.33,0.31700560817774887,0.3593650717531261,1514,3,12.334987734611216,43244,31.93497826225718,3480,115,4.520691795078621,114719,0,4514,7663,40324,118199,727,345
5415,SECURITY FIRST BANK,2083076,1743206,15649,0.791197479331489,9.9,0.0584399262800218,0.42739679205175424,9677,2431,7.828111560402188,158358,12.52486978413206,16888,1600,2.9267706748088593,1308985,0,183724,314107,163323,1325873,1243,479
5422,FIRST NB OF JOHNSON,90421,72967,-64,-0.06867424372489098,-0.43,-0.01361349914575293,0,4,0,15.531802586434415,14124,0,239,0,1.5686301628793642,31579,0,1410,601,14301,31818,1,5
5424,SECURITY BANK,318036,270948,4020,1.3128168150280295,12.29,0.012719008609242546,0.16853437975575092,436,0,12.43479746153543,37856,15.680753007342602,2254,120,3.910408126288134,204105,0,2959,7012,32980,206359,45,20
5425,LEGENDS WEST BANK,79475,64997,-88,-0.14808133703985407,-0.61,-0.025266562231542777,2.412079270210758,1471,707,17.431344999361347,13647,0,951,710,5.232310158697475,63990,0,294,13476,14236,64941,3,15
5432,FIRST NORTHEAST BANK OF NE,465405,352574,7127,1.5585036964987353,12.95,0.015574974520315123,0.09604537983047023,58,0,13.003348694908826,60693,0,3395,0,3.1802312154433436,205253,0,2460,20978,59719,208648,36,4
5434,MNB BANK,569885,476795,1970,0.3400437603523475,3.51,0.44186162236958937,0.17336831115049528,2103,439,10.224883746537806,60358,0,5026,1800,2.6712104697539254,340885,0,2501,38519,56077,345911,1656,182
5438,FIRST BANK&TRUST CO,96109,73900,470,0.4852484472049689,6.27,-0.02764536525451508,0.25387840888990626,127,244,9.517483315862126,9170,18.398219828714613,732,0,2.66822393722737,49766,0,1048,4026,7715,50498,5,19
5439,MINDEN EXCHANGE B&T CO,185003,142161,3156,1.6794773823993323,9.42,0.013140777145560388,0.038918287811549,2937,72,20.957915658486,38804,0,2092,0,3.4768191504745802,93937,0,2075,16120,35363,96029,13,1
5442,PLATTE VALLEY BANK,732894,636311,6778,0.9571964565937251,10.79,0.5457766894547156,0.3214653142200646,9436,85,9.168186331542742,66665,0,10532,4733,4.560209178681764,618089,1772,8369,174364,65070,628621,3909,605
5452,FIRST NATIONAL BANK OF OMAHA,31985717,26806146,414212,1.3171165349994245,14.12,2.824327931269721,0.6702116447788242,252041,11269,10.38624620368335,3271935,13.172672056034543,910092,558993,6.555548987043927,22004964,7879051,1879702,2879063,3116334,22915056,740608,95459
5460,FIRST NATIONAL BANK IN ORD,154935,138467,3176,2.0962700122502427,20.09,-0.008990541949868737,0.0148449349727305,108,0,11.069380502382684,16446,19.79011677713152,1294,36,4.487019470793809,86174,0,1584,5683,16328,87468,0,7
5469,CITIZENS BANK&TRUST CO,248634,185172,1174,0.48044184280139335,5.88,-0.004817088276583446,0.16731420481510975,3165,413,10.387946477249715,26675,0,1388,12,2.5352941227509245,152551,0,1013,3560,19594,153939,0,7
5472,CATTLE BANK&TRUST,404627,326049,5432,1.3810398884591644,13.38,0,0.26048681872440543,703,0,11.774393760201738,48186,0,3708,250,3.2568008226335023,299205,0,678,45544,41236,302913,2,2
5473,JONES BANK,442453,355512,4777,1.0826665917238671,18.62,-0.007158623158145917,0.13086135702549198,455,0,10.203584553870693,47338,0,4052,50,2.6130569444267744,263052,0,3380,35580,25587,267104,36,54
5478,STANTON STATE BANK,57285,51918,181,0.3071315609070732,3.68,0,0,420,0,9.21562270718515,5401,17.257163238616098,405,0,3.0705200966267934,31863,0,1123,102,5127,32268,1,1
5486,FIRSTBANK OF NEBRASKA,459584,352127,5884,1.326996945471341,16.85,0.015035289278965728,0.036989973541289516,4353,40,10.233721656808786,47823,0,3585,-6,2.5042197069397605,214658,0,1246,21169,33081,218243,33,2
5490,STATE NEBRASKA BANK&TRUST,248441,201769,1411,0.5705643775348869,7.71,0.3292381211295736,0.8653966132804166,200,637,9.898365898999083,24387,14.3720803910918,2070,600,2.5287019300829936,152326,0,3333,12636,18997,154396,490,8
5495,CITIZENS STATE BANK,586690,530093,6108,1.0776166253592057,12.19,-0.08139552142689221,0.2735686648826467,1123,42,10.210535464762554,61088,13.083299440280442,7382,0,3.3691921058690935,445364,0,1385,35350,50597,452746,12,352
5496,CORNERSTONE BANK,2827903,2417134,27529,1.0026730420486014,13.75,0.05973129062218737,0.27907605034543265,2723,885,8.456389457405106,236711,11.161895886776408,23445,3200,2.9213048562443875,2131996,0,10637,501082,208288,2155441,1290,43
5510,FROST BANK,52580731,43144271,597942,1.1813295894539566,16,0.20539787244826962,0.2066346319909474,101766,15711,8.438337658277655,4387862,14.719724942062145,270151,64985,3.471698727498176,20484674,0,90848,6686043,3822207,20754825,57110,16433
5518,CITY NB OF SAN SABA,81969,73425,314,0.3541443916611402,3.84,0.1029206596070718,0,45,0,11.829414955078171,10033,0,299,12,1.7791126998564017,9444,0,1450,1761,8528,9743,11,2
5520,SANTA ANNA NATIONAL BANK,75570,70552,1005,1.5463251313991704,21.07,0.03186930642583277,0.277888050813815,1,14,8.921864591748516,6295,0,550,36,4.481518778160786,40251,0,2273,2328,4510,40801,13,0
5529,FIRST NB OF SHINER,812643,847340,-923,-0.10562700096220133,,0.1286867438997231,0.12231693375812011,804,293,11.35552801839929,115189,0,3036,0,1.0488894927345565,187537,0,3284,33390,-44197,190573,257,12
5531,FIRST NB OF SONORA,616846,557756,6575,1.0573007136900423,12.85,0.08499554923591181,0.9939271714496,2376,0,9.031185455119518,54919,14.035590872843773,5126,16,4.555363209739251,422535,0,9546,136591,49922,427661,514,163
5536,FIRST NB OF STANTON,429902,378104,10193,2.5663052405196765,21.16,0.007173615850821584,0.0009304446129583022,38,0,14.156470362664129,59805,34.59329876790991,2275,430,3.9777827648114905,99607,0,1257,38950,51147,101882,25,18
5538,FIRST NB OF STERLING CITY,226027,214855,2968,1.2844770430022834,28.51,-0.0027786731280079135,0,41,0,10.805353349621756,25739,37.72037306655519,429,35,2.580926532720929,38384,0,2287,3646,11063,38813,6,7
5544,CITY NB OF SULPHUR SPRINGS,1308306,1159774,20827,1.6314533745242605,19.41,0.192795487070377,0.6147644358429909,10711,506,9.338995653607046,121830,14.88276150599532,13639,2557,4.2158670865132715,883457,0,27331,161160,108269,897096,1955,250
5548,CITY NATIONAL BANK OF TAYLOR,239454,213305,2554,1.0412657616814198,10.21,-0.009052508728707455,0.3867131056486841,833,219,12.651186087185003,30815,28.42780163860692,1611,100,4.576016030677998,143369,622,152,18418,25594,144980,14,27
5551,EXTRACO BANKS NATIONAL ASSN,2363275,1888493,18205,0.7646099938831201,9.31,0.07266598492005574,0.037871174535337615,3706,0,8.203168217249184,195744,15.923442367192925,30297,1251,2.742181273782335,1279768,0,9242,356960,197124,1310065,1252,319
5557,FIRST NB OF TOM BEAN,143064,125838,1268,0.8990242608928701,8.09,0.10132409208036024,0.26911032824470166,6278,6,11.13457450859568,16082,18.102111790832147,1659,58,5.037152264335979,104050,0,7263,7792,16138,105709,308,199
5558,CAPTEX BANK,336612,290082,1454,0.4324847827225006,3.39,0.005168090418153641,0.13725000891233824,819,0,12.295826438143163,41832,13.922380961227637,3109,8,3.7713718901445867,299885,0,530,141073,43597,302994,62,47
5559,FIRST NB OF TRINITY,85433,80531,853,0.967651182735197,19.23,0.0947604409827351,0.4810787400653143,70,7,10.09138263954376,8989,0,531,0,3.821969569015023,42186,0,6483,12414,4216,42717,48,7
5564,FIRST NB OF BOSQUE COUNTY,168818,148944,3617,2.07066242878341,19.38,0.017847639568541428,0.7167482140530038,2545,677,11.859571426897707,20245,17.6951189799399,1730,112,4.458949740374253,126367,0,1448,11100,19540,128097,29,7
5568,HERRING BANK,490953,431267,369,0.07449242196060825,0.68,0.28705019762516026,0.09797271836611651,5140,53,12.536220162673711,62776,17.513764510779435,3203,1073,5.490207047693385,347538,487,42073,164241,53796,350741,1218,186
5569,WAGGONER NB OF VERNON,323496,281709,6780,2.0569252547341135,16.73,0.07045506556029259,0.7758983109528402,1713,0,14.806114376301489,48847,0,5343,1,3.4929918228548,173682,0,8058,52336,39621,179025,188,55
5574,CITIZENS NB OF TEXAS,1928609,1682208,29410,1.5912986641964837,13.77,0.0808970241489475,0.6560687002912462,2669,904,11.32889675880228,218871,14.64949797249183,16468,2954,4.570411276098465,1607458,0,5329,755927,221560,1623926,1440,212
5575,FIRST NB&T CO OF WEATHERFORD,1024257,925883,6361,0.6269759945370984,7.13,0.3024994432015743,3.4006113699979594,9604,415,9.800514279546016,101687,0,9808,3059,4.56448829395674,693200,0,5213,313572,91585,703008,2547,363
5589,FANNIN BANK,140616,133599,1064,0.7537781001958123,18.1,-0.1360911197479249,0.15787677077999657,717,0,8.529903290320814,12454,16.207422348689505,1352,82,3.2363098774304615,79858,0,1433,7158,5710,81210,411,522
5590,FIRST NB OF WINNSBORO,159204,115946,1742,1.0818128749394509,5.2,0.38966525703550875,0.2719780910027386,809,0,20.270514425982345,32536,0,1329,200,5.161562914398847,98485,0,1827,41700,30226,99814,393,13
5595,YOAKUM NATIONAL BANK,330608,283318,2847,0.8847665391053137,11.72,0.024032275345789396,0.024197841552533513,691,40,10.227903557335974,34085,0,2525,325,3.651036373424698,209955,0,1919,84504,24512,212480,50,2
5598,TROY BANK&TRUST CO,1517551,1336678,16394,1.0802919015404275,10.63,0.08063838481623385,0.5529962419714396,4289,0,12.001028687224942,186195,0,13143,1208,3.4433096949516404,985527,0,13427,298731,165314,998670,979,194
5602,UNION STATE BANK,225938,218244,-179,-0.08203648469538341,-2.83,-0.3278023195916519,0.07347148332728447,189,0,8.304888816070925,18248,14.806437315645491,1128,0,2.924377170536018,75315,0,2123,31306,6657,76443,26,278
5605,BANK OF BREWTON,44231,36091,-680,-1.456096547766391,-8.05,3.326827058912338,0.32556351879903234,110,144,20.928823615434432,10018,28.24465167306637,266,653,4.400374146995535,17393,214,3033,3720,8016,17659,617,0
5615,CHAMBERS BANK,1407844,1166319,21512,1.5920104638129187,12.65,0.1744538086372342,0.10448600839297537,1061,0,12.45772056723001,174434,16.017184367879107,12541,745,4.422056338698546,1031808,0,7647,479369,178984,1044349,1946,143
5619,COMMUNITY STATE BANK,60994,52151,170,0.3474834025574779,2.4,-0.02744565759795605,0.17214808013903007,1127,0,14.742473252052749,8295,17.735190222907953,441,118,4.66503278915391,50385,0,1041,9211,8660,50826,4,15
5623,SMACKOVER STATE BANK,237362,193953,920,0.40022308086507347,4.08,0.0050663034368355,0.17315324272629992,700,0,11.122456484962813,25707,0,1313,10,1.9824008957314825,149380,0,4441,25872,22756,150693,8,1
5624,BODCAW BANK,234716,212372,2466,1.0301362904566604,11.26,0.1531218069528857,0.6254366979669047,3059,744,9.927847751213012,23694,0,2686,500,4.07986034965219,202494,0,2288,46830,21976,205180,360,42
5628,PIGGOTT STATE BANK,125526,120336,1321,1.025734203615616,23.85,0.3339063487912082,0.29874288991921993,3150,143,8.910501938238399,11562,16.703640348532634,1102,90,3.2485662293638855,76605,0,4404,6523,4705,77707,278,15
5632,LOGAN COUNTY BANK,111822,94117,490,0.44640335549558974,2.83,0.08114326081353279,0.4641304931051135,852,55,16.94955562797826,19243,30.59394273296298,748,144,2.350148965373052,65390,0,4706,4470,17563,66138,70,19
5633,FIRST SECURITY BANK,7956839,6473036,128758,1.616570004507031,11.69,0.023388413447213936,0.09809171707508473,4650,0,14.19940084818686,1199652,20.540079073442886,106838,6322,3.1448764705984837,4182443,11762,16209,1591043,956143,4289281,1694,720
5634,CONNECT BANK,118481,104389,2556,2.167460950087343,19.05,0.1030751662087055,0.1409508697597083,249,0,14.937755883234031,17951,23.59740696039518,1835,51,4.89059642622909,72950,0,1576,14018,13277,74785,250,174
5635,CS BANK,609843,482320,11221,1.9553713201518435,18.55,0.1951963315917459,0.5475179677392379,6739,229,10.904934214992736,64251,0,7724,1600,4.558370553789732,469596,0,14018,85462,64251,477320,1013,100
5649,DISCOVER BANK,145453245,112460408,4380732,2.946914352294504,32.06,4.686360043105606,1.5802706911076478,2057542,1998713,9.886711098043923,14665375,14.19656078623291,8323000,4910743,10.573976432381135,112798978,102649310,10314481,0,14022045,121121978,7117812,1206069
5673,CITIZENS BANK&TRUST,1348118,1301832,9059,0.6764011486648935,43.06,0.0711571082072234,0.9348588179966443,2497,0,7.513811233043531,108100,13.01576693369573,8040,994,2.564315887840929,776015,0,37705,302905,24207,784055,710,178
5676,BRANNEN BANK,956694,933320,18525,2.0156350169715926,78.17,0.00045603794235680404,0.1894022540122547,7448,0,5.368352847219083,53439,15.229542504437205,3690,421,3.6115357729131055,465408,25,6217,73199,21871,469098,4,2
5685,SOUTHEASTERN BANK,601958,531355,10580,1.7577220984875945,16.63,-0.02528966077955648,0.15698769681605693,1234,11,12.650404028536016,76445,0,8165,342,4.70842187516574,377899,0,4873,115341,65950,386064,238,332
5686,BANK OF EDISON,78993,75408,695,0.8695978579114636,20.88,0.3142897052660986,0.32787715367184433,1261,18,8.490496537498158,6915,15.905119133881762,548,169,4.383800761892634,42345,0,1136,8717,3370,42893,137,2
5694,PRIMESOUTH BANK,1342591,1173471,21087,1.6259564551789802,16.84,-0.014662561406710706,0.41762532297624516,4411,1,10.837505614116527,143815,15.443521773317562,15844,1709,4.294716011581017,1076560,13,10209,347807,134247,1092404,126,278
5699,BANK OF WRIGHTSVILLE,91631,84953,1582,1.772719836309157,28.08,0.03691739732348869,0,63,0,10.580514119728306,9689,0,523,0,3.9071643562577285,42047,0,787,12459,6048,42570,16,0
5704,BANK OF NEWINGTON,274823,238379,3735,1.3923298468549001,16.21,0.03196985862642218,0.9995524392063255,2034,101,9.346527259148619,25030,13.198114827605945,3706,700,4.979776897825614,215439,0,2724,34941,24540,219145,141,74
5709,FARMERS BANK,180117,160105,734,0.4682699276286913,6.39,-0.03910990893699267,0.07717206038297329,12,1,10.708629234149084,16768,18.589503864372976,1048,83,2.214368852091246,88428,119,2769,26770,11810,89476,1,32
5716,FARMERS&MERCHANTS BANK,735787,677301,5111,0.7423921149271219,9.21,0.11379483327766059,2.311810347288006,35080,541,9.138926203815952,66943,0,6598,1900,4.662038684096099,522385,2501,17720,117814,55518,528983,685,112
5722,PHILO EXCHANGE BANK,139368,106269,979,0.7290399162386008,8.06,-0.02034690272265496,0.2769645829745709,0,351,10.307602263120245,14265,15.773207756697014,791,0,3.26896834498267,85681,0,2613,7180,12734,86472,0,17
5730,STATE BANK OF ST JACOB,88646,76588,626,0.7350644531754549,5.42,2.403665590024788,0.506509035940708,1144,253,14.611835643971405,12795,0,1256,1050,3.5763832366754214,46384,0,8207,7520,11908,47640,1250,98
5740,STATE BANK OF DAVIS,177532,157350,1697,0.9645881884840563,11.62,-0.014879889531700118,0.4218957709032738,54,0,11.230430844869971,20832,0,1523,0,2.8556546917693577,101373,0,694,26323,14907,102896,0,15
5744,STATE BANK OF THE LAKES NA,2158455,1784800,29581,1.429820977771144,12.34,0.1442694574070635,0.27093453419228103,8375,1177,9.800075048130259,203972,11.56471229487099,7882,4110,3.6002426432329004,1662932,0,422947,225571,246686,1670814,3062,750
5749,GERMAN-AMERICAN STATE BANK,338883,299399,2766,0.8179879271369712,9.77,0.0657625533407377,2.542765497236509,214,0,9.647175075563823,33194,0,2935,0,3.3229087700705593,228647,0,9636,26486,28686,231582,198,36
5753,FIDELITY BANK,173954,149244,-96,-0.054511446836008,-0.79,-0.028094201731352002,0.5679662439495499,248,122,8.816271248694374,15362,14.323614348839635,980,0,3.4901714633737084,109817,0,301,12849,11854,110797,0,30
5768,FOUNTAIN TRUST CO,670246,610939,7538,1.1185499746107854,13.28,0.013906950580373943,0.39895799452738245,5260,0,9.773595179056265,66415,18.107093008501458,5749,411,3.9705814062222684,350576,0,1484,93685,56035,356325,510,461
5779,PEOPLES BANK,290539,274978,2611,0.8885044336745563,17,0.03227713487765267,0.2639920974464702,1631,0,8.749584949160187,27932,18.942207019437742,1196,102,3.0625301458306797,120782,504,7834,10705,14626,121978,47,9
5786,SPENCER COUNTY BANK,126397,109143,972,0.7716159638769416,6.02,0.02934903832984406,1.625829726971368,1446,351,13.966393365963151,17920,0,577,60,3.758747914690959,79969,261,2287,5851,16746,80546,113,89
5791,FIRST STATE BANK,135060,107030,493,0.36911862259604944,4.61,0.049321129876626714,0.25914408411076556,252,119,11.369004597375696,15258,0,441,50,1.5262126018139217,60285,148,936,4055,11032,60726,34,6
5792,BREDA SAVINGS BANK,96165,75299,1338,1.3484205943531613,20.43,0,0,0,0,10.561274657355568,10526,0,441,27,2.7775455116536847,56714,0,127,8354,6549,57155,0,0
5796,EARLHAM SAVINGS BANK,362313,329231,2021,0.5585758389002053,6.61,-0.118073283154679,0.11647387755890624,1677,39,8.700605411548718,31847,17.544065985201396,3474,0,3.2296112578351,202744,0,2629,46620,31746,206218,57,294
5797,FARMERS STATE BANK,218875,176930,587,0.26433797073098675,3.02,0.03155764507452304,0.3810394060536836,1035,236,12.827601562282565,27654,0,1323,10,3.168379343167629,153024,0,1427,18244,19194,154347,193,146
5800,AMERICAN BANK NATIONAL ASSN,538273,420370,5173,0.9460068380219769,10.11,0.012859393250961776,0.12187124377407003,353,0,9.788210609140384,52248,12.30389327175935,5271,0,2.8796364685989753,460914,0,1647,51848,52880,466185,104,44
5814,AUDUBON STATE BANK,158562,133942,2339,1.597751808144094,14.37,0,0.03468674713992003,19,55,9.956658078175245,14955,13.589271760227875,1218,125,3.749764799698944,122512,0,694,15422,17229,123730,2,2
5817,HARDIN COUNTY SAVINGS BANK,350581,290688,3666,1.0584295861384412,18.83,0.48833075718166935,0.8180705742752745,1079,0,9.979839874302483,34553,13.88929763555115,1259,135,2.600194105075712,203216,0,11545,28019,19262,204475,989,45
5820,STATE CENTRAL BANK,52446,44299,2152,4.29386647511872,34.23,-0.9944800768766622,0.695953933569767,511,279,15.213128896906003,7759,0,831,-600,7.455380676255742,20908,0,1694,1365,8048,21739,55,233
5821,FIRST STATE BANK,358723,285300,4500,1.3141226128962737,13.37,-0.10625894346107466,0.08195738773371097,1159,10,8.711468078715805,31324,12.965200257634715,2695,-270,3.098458537070288,249710,0,2750,23585,34570,252405,44,299
5826,LANDMARK NATIONAL BANK,1569408,1334919,13622,0.8742266283963083,8.8,0.018454106553002815,0.8463063779463339,6201,0,9.099733593048812,140523,13.530769638971929,12825,2300,3.409626638516803,1042641,0,365,307888,158080,1055466,659,476
5830,CITIZENS STATE BANK&TRUST CO,95880,74515,1871,1.9569655841819447,11.68,-0.0033085194375516956,0,10,0,18.51614304778259,17899,31.526992987950166,618,0,4.373853582367959,61142,0,706,2546,16942,61760,5,7
5835,FIRST STATE BANK,500293,423390,7131,1.450384287767958,18.77,0.010778787346502084,0.09514424547215332,2641,0,11.142902744850728,57248,0,4944,0,3.504411522569383,267550,0,11418,18631,40875,272494,42,15
5838,FARMERS STATE BANK,60494,54052,802,1.305963465590631,20.63,0.11247206339070617,1.02985420041657,99,1,12.000878955298845,7646,18.166082286627315,540,61,4.208987840311423,27434,0,2541,5143,4154,27974,54,23
5847,PEOPLES BANK MT WASHINGTON,113126,104468,1847,1.6341517363415172,23.06,0,0.9759029754433111,162,0,10.6468543384909,12496,14.77303868372302,955,30,4.749043103255314,74677,0,110,24897,7899,75632,0,0
5854,SOUTH CENTRAL BANK INC,1987017,1742517,22102,1.169468852031554,13.52,0.023546752452377206,0.26441645944649694,4267,0,9.823510767415074,190610,12.830809992665056,15324,1389,3.4140721043921047,1516507,0,8636,564419,170023,1531831,750,405
5867,BANK OF OCEAN CITY,657961,589683,6319,0.9850931200622578,10.04,0.005292763457656512,0.33482227670029074,4169,2202,10.035975759014338,67649,14.851995664572613,2811,16,2.7539703058359066,445293,0,710,238635,65588,448104,30,7
5873,WOODSBORO BANK,438479,411199,3716,0.8541063992244089,16.38,0.018899738238625396,0,1009,0,7.871802569691906,36184,12.795379853865544,3543,581,3.657415137794442,308287,0,178,134177,24082,311830,110,54
5874,CALVIN B TAYLOR BK BERLIN MD,935338,818528,13049,1.4487392338213387,12.1,0.004667344987471512,0.2347814372986022,1751,1136,12.970336873987312,122475,0,3910,810,3.5926362506473084,626194,0,1553,288138,112177,630104,141,113
5885,FARMERS BANK OF WILLARDS,560622,467503,6190,1.0980963727694806,11.33,-0.010917449172617121,0.45431681239765836,1821,48,9.915957756363076,57932,18.16413960493033,4152,450,3.9343128471466247,368470,0,9022,77938,56326,372622,136,177
5892,KALAMAZOO COUNTY STATE BANK,119849,108839,559,0.4657991747271867,5.68,0.2880330729740262,0.12599187310699297,736,149,11.449685324049277,13681,19.36416184971098,502,221,3.9405059129801243,56010,0,904,6294,10379,56512,188,18
5902,BANKOKOLONA,332316,300204,2530,0.776109806346799,10.01,0.03333327327338149,0.6623214049278398,3744,737,9.161085460882894,30120,0,2800,0,3.1068830071100653,224863,0,7413,42318,25488,227663,116,42
5903,BANKPLUS,7922084,6828013,73027,0.93513770548424,9.09,0.04995386814946589,0.39672641693776534,19721,8124,10.125438654043597,799421,0,71913,5782,3.3676805492589423,6072446,1200,48753,2329574,830087,6144359,6364,3303
5907,FIRST BANK,540804,464411,7291,1.3202502228182553,10.34,0.14238933154130254,0.1479278999415685,8601,68,13.290968413592271,72387,0,5676,1137,3.711787700541354,365372,0,5523,124541,72082,371048,623,106
5956,PEOPLES BANK,1651360,1486156,17753,1.073085117597508,12.66,0.1281628438886937,0.2912145140974712,6045,0,10.708009236503944,183218,15.223013218702825,9995,-285,3.5676203734737566,1129776,0,1943,471444,144061,1139771,1981,551
5962,SUTTON BANK,1580410,1364111,96215,5.026809826560301,52.3,0.015295496454203026,0.02366474522434052,191,0,10.255720067278459,205363,32.64273341711103,5836,-96,4.9913305367796745,396752,1339,815,174345,201174,402588,63,2
5969,FARMERS&MERCHANTS STATE BANK,3357642,2691097,27539,0.829109108880069,7.91,0.005549989498012831,0.09301170285575412,4130,0,8.809530399039284,292845,12.401183404768737,25826,273,2.8395081596362917,2539039,0,11895,1031348,358127,2564865,480,338
5981,COMMUNITY BANK,667976,600240,5294,0.829396545862621,9.27,0.03537173918169817,0.3628872893636897,2558,162,9.617644454516395,64084,16.51689720082184,4545,120,3.324496554802693,448892,0,4550,111024,59841,453437,273,114
5994,PRISM BANK,459748,394639,1111,0.30347480011909544,2.71,0.05604381607438543,0.7473659483021133,1314,1430,11.470814103472186,46155,13.574069871444019,4806,1632,3.5416193747312206,390380,0,815,129145,48104,395186,188,12
5999,FIRST STATE BANK IN TEMPLE,23710,19541,217,0.8481731054861555,5.29,0.05357908272610373,0,18,0,22.447678343710148,5985,0,255,0,3.6205498270411627,9444,0,163,41,4080,9699,5,0
6051,APOLLO TRUST CO,202316,143727,2028,1.0107816711590298,10.36,0.016166151081919662,0.10725795290535597,161,217,10.676737877917912,21570,18.41255117707267,1418,213,3.8505368542143517,173368,0,446,16822,20067,174786,30,2
6063,CORTRUST BANK NATIONAL ASSN,1525700,1276965,3689,0.2383584603684638,3.06,0.9202088501751057,0.029298027135085534,1796,0,9.72653370673109,147922,13.930571838516103,14510,6638,3.2539747861976207,1009202,23190,10727,382276,125588,1023712,10172,657
6064,BRYANT STATE BANK,53956,47400,643,1.2567872374526505,12.41,4.472035260029814,0.2854177477944992,267,0,11.328147397794384,5927,17.52354358300482,1859,1326,7.038365430624455,32194,3757,8,8167,5621,34053,1477,91
6078,ONE AMERICAN BANK,404838,275743,-82,-0.019404949587360845,-0.27,1.0322444264742396,0.5389810245085689,5279,1925,8.293974435498052,33488,16.98546971253771,6747,2937,1.2712918538826696,296409,7804,29655,13215,32510,303156,3558,257
6084,FARMERS STATE BANK OF TURTON,37945,32359,26,0.07011601503718846,0.74,0,0,21,0,10.593307859134566,4103,22.634024116510936,233,0,2.858618808260683,16815,0,481,13,3644,17048,0,0
6085,FIRST PREMIER BANK,3348370,2849742,53854,1.7270924536123313,13.4,0.2500877112242253,0.05587793463685315,6949,1281,13.333549322469079,460936,20.23485231017869,30716,6060,3.5745661805114985,2076691,0,1082158,243577,425255,2107407,6215,1020
6088,UNION BANK,229757,209718,36,0.01597471025869268,0.2,-0.025692014408081682,0.28813050309675003,1319,10,10.963893001331114,24957,22.623389896213283,721,-100,2.4475692749518,82396,0,4189,9766,18202,83117,36,56
6091,MACON BANK&TRUST CO,710139,647886,6204,0.8872820052230076,14.81,0.04888599117890883,0.006900057594358288,3649,49,9.829374327105224,72125,0,3638,720,2.956486008705558,411146,0,8233,82333,43911,414784,266,76
6100,LINEAGE BANK,222738,203403,-5354,-2.0361099575436468,-33.51,-0.003085829254895668,1.450134238432598,15,0,8.377890987782337,18583,15.919746499822162,998,-252,2.674235858230655,116007,0,365,27354,12790,117005,17,21
6101,DECATUR COUNTY BANK,288033,262353,1988,0.7048000856537731,10.08,0.0035790852573899163,0.06179847448035468,187,0,8.267708318840176,23769,10.985841746789797,2132,155,3.8211875694770012,227670,0,4292,59335,20113,229802,137,129
6110,PEOPLES BANK,110877,99857,505,0.45825604988729624,5.41,0.2755713207310607,0.7639095574375209,443,0,10.129727491244969,11252,0,644,150,3.7263053003103517,75200,0,1399,18743,9632,75844,274,63
6123,BANK OF CLARKE,1866100,1576665,16831,0.9204659654550998,11.96,0.13611480624183805,0.11398102995552221,3899,55,8.794467920002075,166145,12.002843929406762,15026,2551,3.0672909232566656,1454683,1475,109571,601520,146852,1469709,2844,853
6137,BANK OF BOTETOURT,859237,769386,7942,0.9769399367682945,10.1,0.07364049462596739,0.19552230641836887,5873,1551,10.24924998584879,86912,0,7989,874,3.3865674119124503,671590,2530,10113,181607,82510,679579,700,230
6156,FARMERS STATE BANK,52422,47240,348,0.641056342957775,7.01,0.05160491278769738,0,2,0,9.63780652926132,5125,124.3158905424868,210,12,2.5922085616945636,3625,0,261,1060,5125,3835,7,5
6158,PEOPLES BANK,2470065,2150278,20785,0.8611409850823118,7.22,0.01447639506197099,0.1089040166959169,3325,0,12.480329426359837,305020,0,29020,-50,3.7436109899694725,1923633,0,179488,710619,300823,1952653,300,23
6161,KITSAP BANK,1665595,1383068,6744,0.4043325455323772,4.55,0.029557578047472218,0,72,0,11.052439201411701,189591,16.556883125494732,9578,5953,3.405547143872012,887145,378,1484,493715,148749,896723,286,28
6176,PENDLETON COMMUNITY BANK INC,778193,666966,5766,0.7542877056859897,10.02,0.24431908861098686,0.7228283986106274,5670,2470,7.96376162275636,62746,11.28655243372114,5037,2035,3.7514730786166877,622724,0,26129,106060,61044,627761,1720,232
6180,BANK OF MONROE,238352,212963,2276,0.9908438367423701,9.43,0.042410041486108434,0.05747801570786064,737,95,12.947289066314859,30227,21.580415414195574,1599,50,3.3477169529288995,138857,0,2701,37860,24547,140456,66,10
6186,CITIZENS STATE BANK OF LOYAL,303125,243507,2280,0.7774602011985163,8.71,0.11852452846788106,0,576,0,10.746502937500201,33273,16.382368235337815,1786,0,2.6168579023919416,169299,0,195,24185,26440,171085,218,24
6194,CITIZENS STATE BANK,452880,369994,4001,0.9174408696633191,10.57,0.014436321104542744,0.545619148560325,415,0,9.442136231949155,42043,0,4695,600,3.2665964172813484,371950,0,2262,91265,39746,376645,105,54
6195,STERLING BANK,344489,304364,3712,1.075183479249712,12.84,-0.00043301515379832236,0,0,0,8.695453311035834,30418,13.546621327417114,2249,120,2.8671660719377425,231323,0,875,73152,29153,233572,0,1
6198,HIGHLAND STATE BANK,43309,37680,343,0.8169662209476809,7.11,-0.109175073147299,0,0,0,11.692453053029409,4950,0,377,0,3.215791213786833,18172,19,938,1023,4950,18549,0,20
6271,COMMUNITY NATIONAL BANK,1248213,1002714,14008,1.222326409667478,13.31,0.14349410406717517,0.7325672781808874,3522,806,9.396810001520613,114323,14.762725233348666,9810,1134,3.309633668851951,918779,0,6347,280055,110120,928589,1482,214
6275,NATIONAL BANK OF MIDDLEBURY,547799,491990,3461,0.6217587166583909,10.72,-0.006393044367727913,0.1513328793955447,113,135,8.557681431790694,49178,15.427660067576635,1350,-47,2.935704495219762,347486,0,880,66189,33538,348836,14,36
6280,FIRST NB OF ORWELL,87669,77381,1099,1.3353714252386415,11.41,0.0694876731763105,1.8432969464691054,911,0,10.966366650876362,9723,0,912,64,4.600849387579245,69952,0,1156,1433,9723,70864,62,14
6354,FIRST HOPE BK A NATL BK ASSN,640537,578979,2768,0.4347869795122344,5.41,-0.001225326819169209,0.06728729175676035,1500,0,9.218342258088844,61113,14.658882994826975,5402,304,3.42555605236999,408286,0,179,210179,52746,413688,19,24
6384,PNC BANK NATIONAL ASSN,556138962,433565511,6200272,1.112043326825585,11.95,0.32446801301218414,0.5999576055597414,1003173,411152,8.941839014824167,49305958,13.357727801390398,4486300,787339,2.8576523301108976,312851818,5957483,3471640,24486750,53454729,317338118,1435098,393733
6423,AMBOY BANK,2739481,2308214,64284,2.4077870809660546,18.69,-0.05675413454687957,1.906748030010064,3853,0,11.513593961629748,319966,14.96718493464851,30398,500,3.6047163058655682,1897802,0,386,566634,313861,1928200,0,1041
6442,FIRST NB OF ABSECON,194498,177287,1156,0.6222132275212016,7.66,0,0.05964071609990848,135,0,10.015861408369469,19449,0,1017,15,3.896478628439523,117405,0,46,33647,15993,118422,0,0
6464,FIRST NATIONAL BANK OF ELMER,380719,343503,2927,0.782381840829266,8.61,-0.0033257727432969048,0.31466777334464524,1327,0,9.571659468757957,36835,14.139668322720594,4035,-48,4.1271122268918505,310330,0,421,163041,35336,314365,6,16
6528,FIRST NB OF BELLEVUE,293584,264614,1640,0.5417944894214626,6.61,-0.0005483791010531072,0.1089977655458063,78,84,11.990943416418903,35854,0,2240,0,3.36366704755462,176402,762,589,83522,24848,178642,1,2
6530,FIRST NB OF BLANCHESTER,75856,67483,585,0.7595824244312871,7.39,0.07667602844461581,0.05536806580890108,330,0,10.495473597077876,7988,23.622562119747542,321,0,3.291637409209369,45944,171,353,3583,7988,46265,40,5
6531,CITIZENS NB OF BLUFFTON,1064586,808130,21104,2.0468680803997055,21.95,0.01732661554558286,0.12915818919279418,949,41,11.212758135893342,119871,0,12629,625,3.8190767521486917,852398,1542,314,404966,97825,865027,201,56
6540,FARMERS NB OF CANFIELD,5105719,4315111,46837,0.9145800545276155,10.84,0.21076308782847958,0.4479290771779646,13032,615,8.552772266383137,442747,12.88384727623588,35863,7966,2.899116837326449,3237488,0,86448,1080971,432271,3273351,7987,1166
6544,PEOPLES BANK,9242858,7641540,130630,1.4206755790359575,11.89,0.3705848269658343,0.5293492553926502,49120,8627,9.483176403670177,840443,12.98754532147863,63348,24788,4.317913585208964,6297003,3436,114464,1753298,1120554,6360351,25111,1889
6548,U S BANK NATIONAL ASSN,662906418,528517873,6462042,0.973808437363064,10.32,0.5689795108424051,0.7502758858490943,1942574,3158689,9.279983592848575,60310796,15.774218525813524,7582988,2248001,2.8097979835851516,374820963,30642030,14071405,24668884,63537409,382403951,2613046,460940
6560,HUNTINGTON NATIONAL BANK,203427533,166964504,2119209,1.081114942371023,11.62,0.2958353712370127,0.5218030147374397,760750,239654,8.941115729927187,17734489,14.13311484334564,2244361,420102,3.135762510897469,128356731,843673,6508411,13768516,19701181,130601092,531252,159610
6574,FIRST NB OF DENNISON,271020,253428,603,0.2167195347322705,3.5,0.16978276235350218,0.19445059405209947,2775,228,9.915797857965778,27886,0,1952,244,4.8002035249733215,158136,572,1634,23739,16672,160088,428,146
6584,COMMUNITY FIRST BANK NA,55262,50710,44,0.07560163436987756,1.03,0,0,0,0,9.122004820643697,5147,19.7738011086722,168,0,2.703083866115081,30801,125,196,175,4433,30969,0,0
6592,FIRST NB OF GERMANTOWN,93655,83770,421,0.46055827101392827,6.75,0.0017959576585022431,0.16763653835887032,33,0,8.316537719697461,7675,17.32605729877217,453,-77,2.6891824475318975,56702,0,385,5113,6534,57155,3,2
6600,FIRST FINANCIAL BANK,18480378,14553326,259218,1.4460531759839206,10.92,0.2967764892499324,0.3592891876995157,46127,361,9.973751398246108,1752054,13.62474598614654,156791,49212,4.16605023844719,11618168,31031,88086,3024646,2412907,11774959,39311,5456
6605,MERCHANTS NATIONAL BANK,1315856,1095157,10684,0.8020878909352656,9.78,0.00019970503566232674,0.2896973529018373,4320,193,8.1517788735438,107887,12.201773092890104,11133,45,2.889710282025062,998647,1944,10617,239443,111997,1009780,117,115
6616,KINGSTON NATIONAL BANK,569150,525594,1923,0.3475332189708679,5.01,0.007167955960078581,0.15567073706404289,1955,0,8.696540809089417,49783,13.15225720840158,3937,129,2.6136009767618247,406875,1023,2303,47282,37701,410812,74,46
6623,LCNB NATIONAL BANK,2303313,1878348,15027,0.6487012075417354,5.98,0.04255431410130679,0.200624057607455,3191,89,7.940258243547577,178721,10.600006453716283,12001,1963,3.025726526941578,1715367,0,6060,718858,259811,1727368,903,161
6636,VINTON COUNTY NATIONAL BANK,1476673,1311254,10860,0.753432802188646,7.74,0.1410028451285322,0.19151159396833287,4458,903,9.964003982538102,149615,0,9701,1748,3.0775308833992807,1002171,9243,45564,133284,143239,1011872,1942,536
6637,FIRST NB OF MCCONNELSVILLE,193117,173166,1722,0.9013979520154777,9.47,-0.016303225502592212,0.2423401357726145,975,22,7.890726571325049,14809,18.432105067755707,1152,5,3.656901128526934,108901,0,1675,12479,18986,110053,0,18
6638,CITIZENS NB MCCONNELSVILLE,110206,91624,396,0.3590983367217949,4.06,0.07137285690251997,0.5108614775965011,2809,309,10.565088651849738,11846,0,747,25,3.4575180396464655,77746,0,2935,5485,9698,78493,75,19
6646,1ST NATIONAL BANK,281726,250679,1149,0.3984215709391514,5.84,0.02549218455970826,0.17570263305481212,3095,100,7.807035161958321,22545,13.137740944911021,2144,72,2.3953347965812823,204971,0,65,41596,20850,207115,130,75
6653,PARK NATIONAL BANK,9751214,8434817,160400,1.6326622345112058,15.45,0.14933527809832298,0.7172542823898646,26706,1757,9.79664257686767,963148,12.848750292279117,87966,16396,4.588942681202699,7728989,0,614906,1866974,1081444,7816955,18332,6919
6659,PEOPLES STATE BANK,266066,245305,1284,0.556636941791556,9.54,0.0018640463973575276,0.28376417881277577,595,326,7.618107553653443,20684,14.005290534267656,1341,50,3.092286847926766,185316,713,3723,27252,19353,186657,57,54
6662,RIVERHILLS BANK,314207,271855,3935,1.212308302786861,13.25,-0.053550955762853646,0.19954997819908532,641,0,10.005689001264223,31658,13.342500286467285,3419,240,4.1666285137226335,251978,0,549,41454,31245,255397,7,139
6671,FIRST NB OF PANDORA,274784,254941,738,0.2769563324676884,4.45,-0.010042681395932713,0.45635844881798066,1102,640,7.63302530221697,21443,12.290321584133947,2428,225,3.120821791812413,182214,0,1885,40155,17126,184642,0,18
6672,FIFTH THIRD BANK NA,212197000,171700000,2673000,1.2540899848270595,12.29,0.4514121053113895,0.49199564555578074,392000,192000,10.018752571302825,20943000,14.19070325996968,2352000,530000,3.2604775224413842,118079000,1734000,8831000,10090000,22064000,120431000,686000,154000
6680,HOME NATIONAL BANK,90113,78559,583,0.676605690915379,7.59,0.20564514621369898,1.9053854604774008,1788,59,10.977997799779978,9979,0,944,84,4.290532148902336,54608,0,4968,5541,7795,55552,251,141
6700,SOMERVILLE BANK,266820,234185,1487,0.5631752327121868,7.66,0.00422572558349347,0.7885465857132149,4698,504,9.717302316474926,26801,0,2277,180,2.9434465535026013,189294,0,1072,79066,19641,191571,8,0
6706,FIRST NB OF SYCAMORE,222977,195699,1734,0.7966187347820095,10.88,-0.0007950275795067331,0,551,0,9.036739801091622,20944,16.492433549867947,1421,120,3.193222803471295,128122,0,1104,36154,16081,129543,0,1
6725,FIRST NB OF WAVERLY,220778,182962,-1039,-0.4517638792386018,-6.31,0.9222897744777266,1.1047296379168214,1760,202,7.809353714695943,17840,18.678900188929536,732,1060,1.7930774618790335,102762,0,1664,37545,17840,103494,948,2
6728,NATIONAL BK ADAMS CNTY W UNI,110325,98171,2528,2.3169108832489544,21.89,0.018530338281619964,0.7931112621799229,948,542,10.630938188649255,11771,0,767,71,4.127869153432607,51203,0,2027,6030,11771,51970,10,1
6732,CITIZENS NB OF WOODSFIELD,136196,127553,835,0.5873853543375771,10.72,0.018401418582087055,0.1857616963787483,647,253,8.606303866719818,12522,23.15898943895573,394,19,2.886847173815227,58009,0,806,823,8334,58403,11,0
6760,CITIZENS BANK OF WEST VA INC,666706,591413,8328,1.237301245116092,13.72,0.29784705452316257,0.4334744250089245,7400,0,9.35315629259295,64094,11.7184714258434,5196,2212,3.610674338845056,544347,0,39713,85736,64090,549543,1908,293
6762,FAYETTE CNTY NB FAYETTEVILLE,142569,130370,787,0.5412557959761379,9.26,0.08097327029729975,0.056814595038192035,2374,33,9.753001317235308,14290,23.875870804306523,839,61,2.6970673839869628,68976,0,3358,7364,8825,69815,88,31
6786,MOUNTAIN VALLEY BANK N A,195817,172107,2461,1.276335770178656,11.33,-0.0008528348229514907,0.16035379972116823,1493,147,13.192018053196076,26014,0,1553,0,3.999793225552152,118342,0,2663,29105,22863,119895,5,6
6787,FIRST NB OF PETERSTOWN,83396,74085,843,0.9928930996874095,9.5,0.03311039004039468,0.26619981773706175,1006,0,12.885426429240862,10999,27.383102071849457,544,0,3.68703565658609,37919,0,719,5200,9228,38463,14,1
6794,FNB BANK INC,258733,224405,1850,0.7045412826916676,8.35,0.03549800146251766,0.4842830253581878,874,0,10.10396336601332,26610,0,2191,23,3.3052063334349637,194217,0,5194,39654,22293,196408,135,65
6800,FIRST NEIGHBORHOOD BANK,155763,141542,-303,-0.20142633778997415,-2.34,0.058965945432220376,0.4654507167941038,608,0,11.673071218152591,16920,0,1048,7,2.8824440546477397,83057,0,1559,18374,12868,84105,61,10
6803,MCNB BANK&TRUST CO,360384,300627,1079,0.2977166046952585,2.9,0.10324882142966696,0.1773108684070325,1549,0,11.535893291760582,42326,0,2692,184,2.690227135288277,260139,0,1832,124179,37234,262831,277,1
6805,FIRST NB OF WILLIAMSON,116183,107715,-120,-0.10285050165332182,-1.75,0.03095224584337132,1.507105170291695,3127,546,7.649006066105427,9104,12.565692206388452,1284,27,2.2716165264292663,76292,0,3923,19757,7004,77576,45,21
6811,FIRST NATIONAL BANK,1041730,950943,9840,0.9715735739886847,12.09,0.024326179745097456,0.15186276674378196,680,0,9.214630274643056,94155,13.522796083740992,5084,752,3.7614010306289756,706024,0,7849,222662,86252,711108,384,221
6813,FARMERS BANK OF APPOMATTOX,352041,308964,2714,0.7796578812955075,8.2,0.230302812213246,0.36103749279203273,4975,16,12.47692452997593,43594,19.05578853729826,1329,637,3.52359829047042,229474,0,10048,30421,34011,230803,679,167
6821,NATIONAL BANK OF BLACKSBURG,1808152,1661495,11001,0.6297784388959774,7.9,0.02648498322724094,0.15319508536892915,2949,548,10.2501511705307,188329,16.136980231405925,10262,1227,2.2450814476590137,978307,4699,24787,324147,136592,988569,519,270
6861,SKYLINE NATIONAL BANK,1217425,1092293,7826,0.7008481641915485,8.98,0.006341178503495461,0.22202599749471222,416,0,8.169102217795768,99740,11.185676994548146,8027,1116,3.9264365475044922,976432,0,6241,293151,93298,984459,130,74
6862,CHESAPEAKE BANK,1520250,1374677,12752,0.8378565013052085,10.23,0.021789519907950396,0.190560763032396,3206,0,9.804912201029367,155451,13.672912554555266,10310,1098,3.785951485628438,897545,0,11179,351703,129784,907855,382,186
6863,POWELL VALLEY NATIONAL BANK,493210,445573,1367,0.28333215191909344,3.1,0.012311101535809917,0.23843798787534723,2856,737,9.548536553136664,46247,14.28623775632443,4655,299,3.0328908176904186,363492,0,6713,95975,44607,368147,128,84
6892,OLD POINT NB OF PHOEBUS,1444009,1260261,10753,0.7466794879166108,8.27,0.14544488383305676,0.09252019897382911,17081,910,10.059535738650052,149079,13.980678808019034,11447,713,3.689246948522404,998713,0,15847,439773,134435,1010160,1959,435
6913,PIONEER BANK,344501,273858,2753,0.7897027126417263,8.36,0.055124343068530264,0.03570381508326536,1662,123,10.69839890090337,36677,15.193844745812665,2551,345,3.4965993775212563,260088,574,7236,93960,34551,262639,375,236
6917,FIRST BANK,2011866,1841001,8430,0.5412206625337012,6.73,0.3476016873976313,0.3714462096382165,3086,362,7.952445773723316,164453,12.344395517066825,16400,7850,3.666847978193106,1450604,0,2760,549404,161652,1467004,4035,285
6947,EVANS BANK NATIONAL ASSN,2186904,1871064,15643,0.7054532624022769,7.61,0.009909381553219245,0.9271097405281622,34861,341,11.091356373995339,252841,15.825416532654568,24176,2236,2.8880808649225513,1759488,0,677,580611,210743,1783664,294,120
6954,CAYUGA LAKE NATIONAL BANK,281913,256658,733,0.25733329682219713,3.82,0.19762137641444205,1.9403149198511598,1166,2832,9.115221830463446,25801,17.262495656921626,2599,562,2.528000187069822,186602,272,4828,32097,19456,189201,380,5
6959,BALLSTON SPA NATIONAL BANK,896333,696455,5126,0.5957710714209338,7.44,0.017583202361018308,0.13108967314602946,1011,548,8.414150806034627,73391,12.0297692836454,8545,600,2.95818252318878,755436,0,47666,194554,73833,763981,152,22
6976,DIME COMMUNITY BANK,14336854,11778419,38392,0.2794132275642575,2.61,0.17703180227009957,0.49284871004475594,41643,0,10.747308357260996,1469047,14.81004536731356,88751,36113,2.6063680109184553,10805817,0,955,4666661,1578501,10894568,19764,575
6985,CANANDAIGUA NB&T CO,5047064,4011062,46740,0.9446289778702168,11.96,0.1424736587908303,0.8171483460483164,32253,2847,8.54129016908021,424326,12.545239253109461,39604,9342,2.9522307804336325,3769957,0,73952,891850,408780,3809561,10708,5371
6989,COMMUNITY BANK NATIONAL ASSN,16129873,13652063,150392,0.9535171062269868,11.4,0.13422978098816857,0.4722169852174285,55946,7000,7.688640831485885,1210171,12.743746028571657,79533,26205,3.152009019709697,10354721,0,264989,2186964,1364743,10434254,24478,10974
6990,PUTNAM COUNTY NB OF CARMEL,171800,127651,1856,1.0711297071129708,4.42,-0.004185010964728728,0.6979045401629802,0,0,24.71071273673558,42731,0,1512,0,4.1855501670490485,118451,0,154,48780,42942,119963,0,5
7018,NATIONAL BANK OF COXSACKIE,532585,460913,1707,0.3138563438880016,4.41,0.0012916992820735389,0.44612597050236114,3008,0,8.45624420832921,46996,17.01528182147505,4028,100,2.465896404038178,384070,0,1548,83169,40064,388098,27,22
7025,DELAWARE NB OF DELHI,368036,335240,1740,0.4744886021838475,6.11,0.0023447850027551224,0.3651816670108359,1207,0,10.309835295650686,37977,0,1279,60,2.2257379506996298,256095,734,2036,26249,28169,257374,35,29
7031,FIRST NB OF DRYDEN,206167,186911,2808,1.2939949051254733,14.81,0.17510970107743967,0.41374225749028704,1955,227,12.421378975623767,25081,0,1313,150,4.189370872904218,90759,362,9423,5957,19208,92072,169,16
7072,FIRST NB OF LONG ISLAND,4117651,3269397,19209,0.45702197164831637,5.07,0.03148948797536855,0.07841849637086776,270,0,10.105579984369845,429693,0,28331,218,1.8643041451544367,3193276,0,210,1092532,377412,3221607,1139,119
7074,GLENS FALLS NB&T CO,4294715,3828264,30251,0.6798015413658934,7.81,0.08612931817780141,0.4874828713896033,20531,398,9.224202763851794,400460,13.985920589091746,33598,5176,2.6705401131670756,3360943,0,3893,572083,400609,3394541,5895,3049
7085,FIRST NB OF GROTON,199362,174684,-248,-0.12426692535566397,-1.03,0.0481539615342057,0.81058576860184,1172,616,14.268858491320694,28540,0,1343,-55,3.8338385436618307,98909,686,8390,5874,23672,100252,186,139
7123,JEFF BANK,621169,534128,11125,1.6733510460361811,15.01,0.0466257972863786,0.27657529593395674,4947,196,13.872205047426208,89476,0,4357,231,4.395879001722235,335375,0,1527,98987,79841,339732,203,45
7151,LYONS NATIONAL BANK,1927126,1766659,16443,0.846280068212963,12.6,0.030665947899887823,0.19619889929355944,3636,43,8.827380504596016,173666,13.562861331577944,21390,1884,2.6998457746962146,1446982,2092,12544,297650,137089,1468372,564,127
7213,CITIBANK NATIONAL ASSN,1696818000,1324835000,13315000,0.7839333637211772,7.96,1.2373835922752303,0.29337265399117646,3257000,2935000,9.014187470167617,155613000,14.925450331730147,16998000,9016000,3.0017487693198954,647340000,170749000,7268000,11270000,170939000,664338000,9690000,1592000
7230,NBT BANK NATIONAL ASSN,13683389,11769051,137982,1.0238324072228957,9.44,0.18339546596951334,0.378553880182753,27734,5798,9.390802229041133,1263661,12.858711220925608,116000,18902,3.4104044693512,9863654,0,917438,2162976,1488114,9979654,25728,7721
7274,WSB MUNICIPAL BANK,148836,106459,1339,0.8987916320418211,9.1,0,0,0,0,12.684356445671025,20039,0,0,0,1.1927895262495114,0,0,0,0,16976,0,0,0
7356,CHAMPLAIN NATIONAL BANK,473728,411351,2562,0.5292489581314909,9.21,0.16571071519124947,0.14903066738719264,426,32,9.978113138845023,50422,0,3402,402,3.019456444429806,321177,0,242,107980,28098,324579,601,69
7404,FIRST KEYSTONE CMTY BANK,1426737,1050627,-12287,-0.8649759028850365,-9.85,0.09651773105296414,0.3376936323933563,4859,604,10.23680100988666,150508,15.686394989296756,7672,1576,2.5186467504054693,940779,0,4172,390575,125270,948451,938,45
7468,FIRST COMMONWEALTH BANK,11554210,9761165,149969,1.288859120974858,11.28,0.34549230603704034,0.5575024168679641,20118,2064,9.77909930933912,1108625,13.559385630977708,118906,29170,3.6177623009552873,8916836,9865,209442,2515760,1370107,9035742,35428,4248
7493,EPHRATA NATIONAL BANK,2217701,1890788,16895,0.8186870962896199,10.46,0.005092271237604085,0.5360055300511656,6617,0,9.119865990986385,200678,14.368479367827222,16122,1015,3.0121995701306474,1415143,0,3619,222762,166696,1431265,98,27
7506,ACNB BANK,2377180,1812773,33139,1.3791833090644128,12.16,0.015114682654642097,0.30498321540649004,3840,941,12.025331385996141,290567,17.01528999347883,17280,-2763,3.889107466972402,1666056,0,6102,786498,284416,1683336,356,104
7514,PEOPLES SECURITY B&T CO,5082766,4408192,12416,0.2892466950024061,2.92,0.0327476747198106,0.4384030270132444,10531,458,8.371837813482935,429958,12.040093393302737,41776,19088,3.0081872984149425,3951729,0,10777,1426105,499447,3993505,1885,795
7526,HONESDALE NATIONAL BANK,1042640,894175,13090,1.3105970936182831,10.22,0.015800994645369833,0.17177549297936007,2866,418,13.506062175578146,142899,0,12298,950,3.860438363342253,770085,0,12581,264609,132446,782383,182,66
7542,AMERISERV FINANCIAL BANK,1417476,1202928,7081,0.5090780675997584,5.9,0.19403131663532242,0.921638179411856,4352,123,9.144983048417581,128854,12.160785638623507,13912,884,2.945895885156395,1054497,0,2763,463781,127905,1068409,2204,181
7551,FULTON BANK NATIONAL ASSN,31916102,26240692,314582,1.044562822755923,10.13,0.1928760354279493,0.6980081715492701,150117,30863,9.574530041963053,3029881,13.513012759994867,379156,71636,3.5512320764195846,23690948,0,269447,7401855,3309356,24070104,54404,9959
7586,LUZERNE BANK,709122,562794,7581,1.091296346626007,11.26,0.10978212814053306,0.15737771497711253,5761,1029,8.019742767590158,55651,11.15455692344492,2161,753,3.3078295608283654,536182,0,1544,135016,69317,538343,759,170
7590,NATIONAL BANK OF MALVERN,204691,173477,2504,1.2205239089130415,8.75,-0.06272301516503122,0.1636613236537024,3152,0,15.529724057632139,32411,0,2454,41,3.9316109422492405,145585,0,6,33283,30014,148039,28,118
7593,FIRST CITIZENS CMTY BANK,3020882,2386662,29982,1.007851642302016,9.34,0.11491205426575393,0.949722630675412,8057,354,8.989568037573505,265207,11.990341554708909,21699,2587,3.2887328235129623,2301150,0,131708,779684,328190,2322849,2673,43
7599,JIM THORPE NEIGHBORHOOD BANK,260962,241922,1808,0.7204547791096805,10.07,0.0023756618197886296,0.005747963305002261,1264,0,9.138171473196854,24573,20.66036683505171,1347,0,2.9017496042491238,126320,0,372,52270,18053,127667,4,1
7613,PENNIAN BANK,675468,584030,1449,0.20703330278556237,3.35,0.11024706903350356,0.775906482616497,402,0,8.524816468372995,60395,15.607758118615825,5455,-5,2.4533867237307154,449439,0,3356,95424,42087,454894,764,249
7614,JUNIATA VALLEY BANK,848356,748038,6283,0.7300728910909727,14.51,0.00523238908643234,0.07249315146000028,1374,119,8.26274702266412,70206,12.778781491518618,6183,534,2.8590091900115353,527686,0,1656,171227,46458,533869,40,12
7631,UNB BANK,164617,155227,181,0.1101569584507428,2.07,0.017986177622497112,0.009112060115297933,210,15,9.281951961192462,15384,0,846,-32,2.370973427472448,86753,0,1682,5586,8393,87599,16,0
7646,NEFFS NATIONAL BANK,457105,369351,2348,0.5126973382535974,3.51,-0.0008426026648151877,0.025377101541221383,858,0,16.42417654092836,75543,0,2267,-1,2.203714364490539,236368,0,2340,66371,66128,238635,17,19
7658,FIRST NB&T CO OF NEWTOWN,1114591,936070,13906,1.2309294889668674,21.46,0,0.005562578560207286,56,0,12.10698071761994,136193,27.530697061240417,3299,-333,3.1504353146569457,453471,0,3118,147001,69816,456770,2,2
7659,NEW TRIPOLI BANK,635450,564392,3525,0.5548206913962971,7.76,-0.02469095158927425,0.5182154378786686,3396,21,10.397863410911866,68132,0,5260,-744,2.404308781554859,480770,0,1153,132269,44357,486030,11,131
7666,NORTHUMBERLAND NATIONAL BANK,659685,583971,1931,0.28401569661063814,3.68,0.035477985219042,0.29893055018683157,3847,441,9.690570877651664,66791,16.88353432778962,3869,0,2.5204617625477077,429111,0,2957,58051,53318,432980,178,24
7675,FIRST NORTHERN BANK&TRUST CO,921940,777851,10778,1.1733130821251663,9.3,-0.01845784689216003,0.4448228735058681,1983,0,13.665288141124199,130653,0,8776,-222,3.8966665923013064,523397,0,2260,211544,118187,532173,24,124
7714,QNB BANK,1849047,1629734,12237,0.6938705661772886,12.65,0.005114104335702984,0.10681177925709838,1389,0,9.709570306496964,183226,13.917718519420324,8744,-68,2.5758892632988766,1208018,0,2169,476762,120576,1216762,199,140
7759,UNIVEST BANK&TRUST CO,8106170,6891902,85835,1.0831760045477872,9.75,0.05678824279641439,0.40868869021991894,17166,321,9.447346802124624,757380,12.02964796183815,87091,5933,3.0052916359146677,6756145,0,15763,2444747,887188,6843236,5033,1231
7789,TURBOTVILLE NATIONAL BANK,203161,168765,3027,1.5399909238724538,9.42,0.028019288478188388,0.9686898568130695,781,0,17.400384885056614,34992,0,1457,42,3.316807633642846,147886,0,1414,7050,32602,149343,48,8
7799,CITIZENS&NORTHERN BANK,2598537,2111547,27244,1.060543304609961,9.8,0.08516388762149535,0.9290612371499809,5658,119,10.227594999010655,267231,15.186475997143441,20035,2195,3.428630718750578,1878298,3896,8325,754039,285465,1898333,1716,113
7848,COMMUNITY BANK,1478935,1297651,12998,0.8641947072296091,9.17,0.025798869807518398,0.1209654244439411,6103,0,9.983461232262794,152238,15.793892196274289,9804,569,3.2947665491235165,1083722,0,2465,384045,144735,1093526,652,371
7886,FIRST UNITED NATIONAL BANK,353115,337447,790,0.2238470178476911,5.51,0.05393925804964104,0.4624555739631565,2853,0,8.316910388685557,30132,16.439499157693508,989,123,2.299948056003435,193446,0,10029,20963,14456,194435,122,20
7888,FIRST NB OF PENNSYLVANIA,48447307,38088297,493579,1.0474510061110076,8.15,0.18736564707361172,0.3590416284645089,106633,14013,8.775193833476607,3961816,12.859377654334198,419539,79073,3.189113100838467,33696045,16113,100064,8834265,6191493,34115584,81758,19082
7900,NEXTIER BANK NATIONAL ASSN,2880232,2516099,26869,1.0072171462553219,10.96,0.053539670339189785,0.6863336009043716,12395,713,8.333236514245257,236693,12.629075377972502,23099,5051,3.3061864362036166,2079293,0,206936,604135,267338,2102392,1149,60
7909,MARION CENTER BANK,409898,362115,1752,0.42586021575945315,9.24,-0.012226013387815093,0.5025640525203832,2595,0,7.206966906259359,30802,11.994679333561566,2750,-236,2.8080185239673017,300289,0,8139,81642,20004,303039,108,145
7946,BNY MELLON NATIONAL ASSN,30536000,25823000,281000,0.9182826480526527,7.56,0,0.03602305475504323,98000,0,6.779361318385968,1917000,14.403070500303011,21000,4000,1.2152308938698353,18143000,0,2882000,621000,3593000,18164000,0,0
8011,SVG BANK OF MENDOCINO COUNTY,1308868,1015021,10853,0.8296673701218532,6.93,0.0011092128166213322,0.025059822686474113,406,0,16.471576207731307,227329,0,18551,-81,3.4057097112133916,722454,0,31926,489495,155482,741005,59,51
8018,GROVE BANK&TRUST,1232853,952630,2167,0.18489278351606178,1.77,0.00033664808257034855,0,3375,0,10.253740468563835,127628,16.440186991521593,10635,-328,2.157337471079467,685115,0,7644,322794,124568,695750,15,13
8021,CREWS BANK&TRUST,2185236,1949484,36286,1.6810835432641578,16.06,-0.04028314160636696,0.01317935454111135,6021,68,10.561410338403359,227892,0,22650,2400,3.664486084404152,1196608,0,5103,678214,226866,1219258,346,824
8028,MOUNT VERNON BANK,183786,172025,2525,1.389381056876033,26.84,-0.022147086181694697,0.3117756521171362,193,561,9.30570949796971,17715,0,1318,120,3.860609261445067,116383,0,3275,30053,9958,117701,4,28
8033,CITIZENS TRUST BANK,793469,695349,16049,2.113751965714256,19.78,0.1030889897430236,0.8813198751305974,1533,40,12.241908028536272,96009,21.161292483119777,4688,528,4.830919211191528,403378,2743,12236,148791,85812,408066,493,84
8035,BATH STATE BANK,321784,277905,2078,0.65398024715292,16.11,-0.05001593728171011,0.06712577381100365,1793,150,8.084281188166887,26639,12.003948667324778,2445,0,2.3504366629230433,239221,0,2362,23137,13361,241666,31,149
8056,MERCHANTS BANK OF INDIANA,18622251,11979302,325425,1.8066524916964768,17.54,0.07277101712976819,1.547095461230761,55102,60,11.200424812807636,2065372,12.888184754737683,84386,24939,3.081419567886717,14553718,0,367,1571751,2074024,14638104,10586,136
8063,NORTH SALEM STATE BANK,654112,582332,9479,1.4819296509437354,18.23,0.013730914505605075,0.002904701335551098,1851,0,8.870084649835128,57674,11.874926353620456,9339,612,4.226222160012952,536717,0,8428,140102,54485,546056,95,23
8067,COMMUNITY STATE BANK,138659,115945,938,0.6988016073926953,8.09,0.007293866223199601,0.2899198753777252,578,2,9.275246075803308,13183,0,1068,153,2.844973103096483,111424,0,130,7350,11813,112492,31,23
8074,GARRETT STATE BANK,360974,305361,4749,1.351887604024748,14.06,0.03285049260974648,0.09529772227362636,59,30,10.2196527906156,36486,19.265520544292922,2708,195,3.122555943362088,272851,0,2619,22680,34665,275559,89,0
8083,FAIRFAX STATE SAVINGS BANK,257422,219335,980,0.3620925996401243,7.39,0.19635737041415377,1.1176200946306065,1633,0,9.55908732151826,26645,0,1668,0,2.055384414120051,151233,0,3995,33077,12895,152901,331,37
8094,NSB BANK,462777,396002,4574,1.0133939035959754,14.06,0.0065617125944886605,0.0559664806159338,75,95,8.124993180801502,37234,11.662694313860698,3527,120,2.6198056355985746,330061,1000,3307,105677,32827,333588,46,25
8101,PRIMEBANK,732434,642908,9185,1.2753996854060394,13.54,0.11277306805637786,0.9047914214796146,4834,76,10.15379274144551,73701,12.565061338525219,6590,950,2.791033321629733,655924,1056,2904,112507,70429,662514,744,16
8108,NEW CENTURY BANK,68291,57114,1785,2.970128988458927,19.61,0,0.5271558477691057,727,0,14.150139737860739,9468,21.124868835257082,781,0,7.6207884169773035,59007,0,866,4661,9468,59788,0,0
8110,STATE BANK OF SPRING HILL,49970,46059,320,0.57532847660211,8.87,0,0,0,0,10.022122659924523,5391,29.980781550288278,225,0,2.9473940970810637,10734,0,111,354,3863,10959,0,0
8117,PEOPLES B&T CO OF HAZARD,332376,304813,1687,0.5156700103195136,11.02,0.038837574509042405,1.6303824584205837,990,463,9.030338415233837,28923,12.69460649225153,3000,42,3.217088199824889,239620,0,20237,73991,16279,242620,133,41
8118,BANK OF JAMESTOWN,251501,184461,2678,1.0917431117858523,9.14,0.016498230729736545,0.006361803730402662,130,12,12.76583060762985,32121,0,2156,180,3.283034118658172,150119,0,1188,61096,30830,152275,36,11
8120,MAGNOLIA BANK INC,480403,401508,4408,0.8934373298709257,9.25,0.0075000966358605,0.7429179251586688,8361,0,10.766743538195291,53877,0,5886,1600,3.3207971805915752,371574,0,2165,73461,49914,377460,41,15
8121,SECURITY BANK&TRUST CO,69312,57596,1185,1.6508776818055169,10.77,-0.01397467788367478,0.07069482917820867,95,18,15.478816351084248,10807,0,289,0,3.3011615251279864,29062,0,802,6895,10807,29351,1,5
8122,FIRST&PEOPLES BANK&TRUST CO,212452,197265,-1353,-0.6226913705929512,-8.84,2.92364271744706,10.992600681565719,634,21,9.897257304042613,21684,0,4804,1036,2.50741996921933,95141,0,2825,11843,14520,99945,3658,432
8126,COMMONWEALTH CMTY BANK INC,154038,125712,-842,-0.540565526557047,-5.27,-0.014355852881219672,0.22137394668847948,247,103,14.693790482100608,22731,0,654,33,1.3091495639481225,49167,0,3373,4928,17034,49821,14,21
8136,INDEPENDENCE BANK OF KY,3743488,3154370,21004,0.5637331091426915,8.21,0.14288475507790438,0.09752936298981058,1381,119,8.598350006255975,325738,13.239770594977085,19285,3150,1.842650532394046,2050786,0,3468,637756,282995,2070071,2903,17
8140,COLFAX BANKING CO,150328,138125,1502,1.0179186207270459,13.51,0.003099862056138502,0.09446011388430631,316,110,11.172371966726166,16211,0,358,0,3.731661271754784,65980,0,2838,14718,11814,66338,2,0
8141,SABINE STATE BANK&TRUST CO,1375377,1234974,36471,2.7534143818055865,29.86,0.1167417730634536,0.8966995958199097,4630,308,9.556073002446935,129110,13.326621003461044,8339,207,5.272747694342873,1089350,1351,13301,416541,122839,1097689,1584,350
8144,BANK OF GUEYDAN,71095,55160,-595,-0.8132948419337556,-3.78,3.3476690452736197,3.8624375835150153,272,13,21.02057521816946,15151,0,1455,1576,2.829909772640699,25210,0,5324,2114,15104,26665,859,23
8149,FIRST AMERICAN BANK&TRUST,1370658,1227085,11489,0.8383196656119507,8.73,0.09662945934802228,0.6418814904958057,4307,48,13.041618918599603,179927,24.302564319317376,14295,0,3.1242281189764425,819218,2712,10122,176619,133817,833513,1470,661
8162,STATE SAVINGS BANK,376999,339244,1766,0.4747477734436957,5.1,0.03412072347549333,0.15649908885699962,1051,0,9.139326910168634,35401,0,2580,88,4.725679835917608,274421,0,1343,106653,35367,277001,127,33
8165,HONOR BANK,413779,373957,5139,1.2885492875744131,14.33,-0.01159364281918748,0.03866798460047514,805,53,8.964369540959636,37276,12.664611164012578,4030,139,3.9027330352138305,319535,0,1215,149237,37276,323565,60,96
8172,LAKE-OSCEOLA STATE BANK,456833,392403,3318,0.7424370103283326,8.89,0.9003426894410493,0.1766509862466153,1706,0,11.180564420634676,50798,17.25477103143731,5196,3781,4.331512024838335,261820,0,61580,80652,37632,267016,2497,82
8183,CITIZENS STATE BANK,327290,296245,4807,1.689318600497764,18.04,0.2895229995487512,1.4995875217696844,873,20,9.77165637418193,30713,0,2465,2559,5.130404481732651,208680,3,849,107929,29931,211145,516,4
8191,FIRST STATE BANK OF RED WING,80557,79592,68,0.08350464064760305,6.89,0,0.45930210906563057,100,370,9.002027892011919,7946,21.837285623544357,305,0,2.29843862000187,32572,0,2406,6842,804,32877,0,0
8197,PORTAGE BANK,87810,70741,731,1.0047143230204654,10.08,0.7492648722008595,0.8028698325930987,14,0,10.196444097226598,8092,17.318268770923005,583,387,5.239807347997394,57725,0,178,9044,7764,58308,427,3
8200,CITIZENS BANK MINNESOTA,570697,481857,1712,0.2974857243342975,3.74,0.044312902680621456,0.06641002142993567,999,0,9.128489328192416,52512,11.826901789819656,2837,285,2.5278784887055137,391160,0,2610,28548,46359,393997,180,8
8205,AMERICANA COMMUNITY BANK,180656,151224,986,0.5640758081272683,5.92,-0.006167300356778325,0.03044460189531485,1339,0,10.715574530454527,19301,14.062078636535247,1557,27,3.803987620014715,131020,0,165,64030,17011,132577,15,23
8207,PRAIRIE SUN BANK,115192,95473,1350,1.1648173393846313,14.68,0.07146543851987136,2.723279394402389,778,3115,8.660320207702293,10007,10.888338141615197,1240,184,3.2691951966235937,78471,0,1234,6234,9316,79711,68,14
8210,FREEPORT STATE BANK,166499,151228,1262,0.7696980490411099,9.18,-0.018045836424518277,0,426,0,9.357283487914225,15779,15.251101402284323,872,0,3.8148469230680058,102657,421,1884,8960,14331,103529,6,24
8214,FARMERS STATE BANK OF HAMEL,194462,179789,1052,0.5372939181597173,16.57,0.05777090945854216,0,194,0,8.54865457657947,17578,20.503800073014503,956,127,2.1121660124198764,69275,0,302,27717,6460,70231,40,0
8218,FIRST STB OF SWANVILLE,24862,20382,262,1.059322033898305,6.42,-0.010486027368531431,0,61,0,17.225485397291564,4223,23.25847965404054,292,49,5.4527972470332235,18691,0,123,7314,4167,18983,2,4
8231,COPIAH BANK,318143,281862,3389,1.0905535983441863,10.19,0.0469776203199978,0.11095639382290354,2629,0,11.254378297679581,35280,0,2772,82,3.928683175554611,165504,0,4079,55695,33934,168276,103,21
8232,BANK OF HOLLY SPRINGS,570810,477414,8227,1.4862188295091847,10.91,0.4493144529939,1.484732222630998,9901,441,13.408222749244167,74063,0,3937,2244,4.2803158147329485,431048,787,7360,107852,77590,434985,2458,490
8234,RIVERHILLS BANK,409950,359858,5750,1.420258067065821,12.58,0.2962635244298903,0.6410537870472008,2713,1615,12.36028013542971,50635,0,4383,495,3.0300890542965373,151284,0,4426,53668,47271,155667,787,337
8235,PLANTERS BANK&TRUST CO,1995139,1689920,13275,0.6568248330551661,6.9,0.05962329419881888,0.2716602702869324,6853,0,10.311297495333994,210325,15.355645860417344,12090,2136,2.5046181675702344,1252325,0,20657,501611,200804,1264415,1110,353
8243,BANK OF ANGUILLA,193929,166095,2976,1.565340335285801,14.49,0.07947313494329172,1.4928143805207061,2467,2206,14.078296232177562,25860,0,2524,550,4.91845840224624,95133,0,3394,1405,21738,97657,114,38
8250,BANK OF WIGGINS,198479,177841,1014,0.5162911760033564,5.21,0.02132227986345212,0.28718403458300373,1802,520,15.216686048542865,30488,0,1320,-135,2.861786240482269,92744,0,5845,17628,19035,94064,37,17
8251,ADRIAN BANK,180447,156306,3498,1.9678616353616525,22.27,0.13231036836970692,0.4355849640060516,723,362,11.978647111159042,22215,21.5411734619319,1465,258,4.274553138919454,118793,0,3590,15742,15949,120258,177,27
8252,OMB BANK,1769541,1521697,17288,1.0638591157120325,12.64,0.008715580660801268,0.6689870424025213,8868,702,8.888269160379394,147884,10.633175736668724,21998,6050,3.3774847780063504,1530897,0,5446,446878,148428,1552895,249,125
8255,MONTGOMERY BANK,1163911,1004381,13325,1.10301890272259,11.18,-0.0017895648578306516,0.28086339934926297,4870,0,8.909724914183679,101591,11.286382291289545,9582,954,3.930578237883024,972343,74,2551,348198,122351,981925,40,57
8268,FARMERS BANK OF LOHMAN MO,76030,65565,584,0.7718864163851396,5.73,0.004182350480970306,0.23411811127186638,5,8,17.01748874227668,13000,0,211,5,2.6369404670908123,22669,0,386,1122,10238,22880,1,0
8273,UMB BANK NATIONAL ASSN,50150137,43319333,449757,0.9761271892835625,13.55,0.09560119039962177,0.056821380168911605,11503,7602,8.515727013481172,3835875,12.23851941451833,259089,61050,2.3597152401040415,25385968,331738,53435,6076595,3462767,25645057,28403,5141
8274,EXCHANGE BANK OF NE MO,302828,270514,2751,0.9388021144376232,10.28,0.0880826415872715,1.1458649794602875,2155,157,9.62026415245523,28815,14.078759983392636,2632,929,3.943504114735215,181242,0,4127,20626,27244,183874,687,529
8276,ALTON BANK,129257,114349,450,0.37243393022077886,5.4,0.030437011405869536,0.4193196499996132,819,175,7.879589603067741,10007,11.015655617664653,624,0,2.510364011766545,68589,0,4121,9729,8597,69213,140,121
8282,FIRST MISSOURI STATE BANK,261510,229371,3808,1.4686813725074264,17.04,-0.06712472449888254,0.32962410615272836,609,0,8.744707588206863,22616,13.16583708619736,2881,48,3.40230744784596,213569,0,4539,26178,22617,216450,82,221
8283,LEAD BANK,1586647,1387162,21973,1.9074993467467989,15.07,0.21001783682467584,0.952259702378664,35706,11012,8.441117731159286,121388,25.39114627032642,5423,2694,10.842944319095313,758927,224901,247678,111142,163921,764350,1644,143
8295,O BANNON BANKING CO,294533,264819,3091,1.073447269464089,13.09,0.020716840342844874,0.1459938275167808,1382,0,9.482920950551726,27698,0,2252,303,3.9855633386870393,211735,0,2066,47664,24619,213987,59,15
8296,CENTURY BANK OF THE OZARKS,265234,235917,4499,1.708855663039036,18.12,0.02913680144518535,1.2170385395537524,3090,0,9.42636413877327,24391,0,3924,303,5.18529978620205,217557,0,30,82715,24951,221481,80,17
8317,FIRST STATE BANK OF FORSYTH,165132,147219,1898,1.2239965227664644,16.68,0.2245190565472908,1.1905627013540683,2004,715,10.961655929823236,17407,0,1686,120,3.2682261509560204,71795,0,1164,9165,11772,73481,251,80
8321,STOCKMENS BANK,539437,474832,7139,1.3437884934510311,12.72,-0.0067748524951080896,0.3488822605790852,2784,736,10.972874057318068,58404,14.176846129002287,6868,785,4.415491299270261,423635,0,1464,93700,59228,430503,1,30
8322,NEBRASKA STATE BANK&TRUST CO,297542,227703,4789,1.6982221327031695,16.9,-0.1517863779113657,0.010754784198533316,58,17,11.73035980789498,33169,0,2514,180,4.001721364632878,232964,0,4100,43528,29212,235478,59,398
8323,COMMUNITY STATE BANK,44028,35351,312,0.7095230731445518,7.44,0,0,245,0,10.651857667351699,4613,0,427,12,3.2409926427101325,24472,0,328,46,4416,24899,0,0
8333,FIRST TRI COUNTY BANK,75096,62776,76,0.1014962686766489,1.06,-0.06706590606039087,0,132,0,8.773774506541733,6592,13.87210174981238,431,0,2.7884067986710814,51000,0,1344,1237,7067,51431,0,34
8383,FIRST STATE BANK OF HARVEY,88717,82362,744,0.8342378385166713,12.81,-0.0032034853921066118,0.04846872639967537,181,43,10.843761093361733,9775,0,443,0,2.550372828920991,32635,124,2143,4962,5613,33078,1,2
8386,KODABANK,508058,439507,6537,1.3883927225028365,13.75,0.001673416111650323,0.5042731341697207,1103,512,10.494336245964034,50899,0,4314,240,3.5125872871633566,376314,284,11022,45522,48792,380628,23,17
8387,BANKNORTH,648999,511044,8963,1.3901128437245158,13.73,0.007044073283572517,0.24668759119813743,3950,0,9.228238936340768,60093,10.829802149739697,5392,300,4.813276592841487,547679,68,6853,35655,68228,553071,103,65
8390,LINCOLN STATE BANK,117957,108246,784,0.6979957550462244,12.07,-0.014204007423961214,0.4357520113261612,168,2,9.603061215964443,11494,0,977,70,3.0753383245377663,66380,130,1821,5273,6348,67357,8,17
8397,WATERFORD COMMERCIAL&SVG BK,56333,47350,258,0.44932235918620406,3.97,0.005715984178155795,0.16686489269167273,438,94,13.006832922895494,7500,0,351,0,3.45212042683501,35600,0,1753,1351,6755,35951,2,0
8403,OTTOVILLE BANK CO,95666,75709,1248,1.3586660686213459,7.08,-0.002226169963624383,0,0,0,19.97133991072073,19372,0,1140,60,3.6510955757021812,42227,0,174,11900,17842,43367,0,1
8405,FARMERS&MERCHANTS TR CHAMBER,2197156,1825022,13297,0.6495707322782772,8.99,0.028232845790837492,0.012197586334334022,2674,2,8.200980266974087,179837,12.963985816304996,17653,1983,3.1614489995333774,1382894,0,1986,494090,153345,1400547,560,186
8421,SUSQUEHANNA COMMUNITY BANK,585466,488075,2394,0.4077575447068506,6.96,0.014768929547986361,0.2626967236355313,2816,0,8.639791698172756,52560,11.412470830403636,3437,225,2.667445697508204,389126,0,3154,130877,33816,392563,72,16
8426,1ST SUMMIT BANK,1409626,1207480,3598,0.2630300772480884,3.78,0.10356088314434231,0.3295909695195747,4177,622,8.950372516526587,124711,15.812236122951909,7160,86,1.7626892044154396,775608,0,7331,194089,92524,782768,1088,291
8432,ONE BANK OF TENNESSEE,1625309,1481939,24505,1.5472256454181852,24.55,0.02141425761271855,0.04799087435066193,617,168,7.533546874777905,121901,13.353445071434123,5270,559,3.133688457747007,1032365,73,11760,428236,109040,1037635,417,203
8439,CENTENNIAL BANK,764009,664196,11018,1.5106581056308965,13.63,0.023575191220059927,0.1396580406775313,1774,45,11.070416695459885,83304,13.242595273523733,10984,1289,4.784164571417589,628464,0,16746,147806,82782,639448,761,621
8468,EXCHANGE BANK,3299533,2832443,23853,0.7131626084296879,8.9,0.02302261332241891,0.33759322910242145,685,0,11.065117079550586,381903,19.179506485313226,35099,-5800,2.6317001398240487,1583479,0,8700,645742,280809,1618578,1019,650
8487,CENTRAL STATE BANK,175329,146425,3347,1.9566897509678216,12.2,0.2896693577723453,3.298370492046381,1123,0,16.64198234121333,29215,0,1564,425,4.233153974115684,133612,0,5044,6934,28217,135176,675,288
8491,SCOTT STATE BANK,216008,176470,1617,0.7693471539864742,8.65,0.006308761608121359,0.23888004147994518,1827,111,12.566287035170223,26801,0,1245,229,3.025193818192932,121232,347,2401,29302,19290,122477,20,13
8499,UNION STATE BANK,162102,138476,1383,1.081675494223243,8.3,0.014442594625254056,0.08266400167795586,847,79,8.396731658133536,12825,14.295810303362726,728,35,4.085207249538513,89762,103,1106,5852,21293,90490,15,4
8503,FARMERS STATE BANK,73887,64794,671,0.8809103703236919,8.65,0.2965301411483472,1.2126625793441335,91,0,12.751524968994406,10076,0,937,75,2.6958172010266677,44220,0,1092,1715,8187,45157,154,24
8506,NEW ALBIN SAVINGS BANK,324511,273748,2636,0.8208350096719027,5.58,-0.01048157600976883,0.009552834880789866,336,31,15.83637430935047,52337,41.783872204872935,1049,0,1.606931496621781,113061,0,792,4692,45875,114110,1,13
8507,SLOAN STATE BANK,70565,67267,945,1.3650703769616568,31.67,0,0.8814568128675688,256,217,11.248116180298672,8210,0,301,0,3.2481490327203244,24107,0,5581,366,3139,24408,0,0
8510,FARMERS TRUST&SAVINGS BANK,143552,130613,1653,1.184357029549457,14.81,-0.007021436445468013,0,262,0,8.851919146036794,12472,14.791164036388588,894,0,3.038968695583467,87236,0,566,6005,11534,88130,0,6
8511,CRAWFORD COUNTY T&SB,275536,253688,4468,1.6384725680527186,23.08,0.07832419207565293,0.3037715579815342,2030,0,8.978603812983595,25111,13.214853777986201,2223,191,3.308873498860329,193041,0,2582,8363,20501,195264,172,20
8513,STATE SAVINGS BANK,80716,68439,1276,1.5784499522506517,11.54,0.052293491315906666,0.608305664304475,11,9,14.041509480944733,11278,0,1094,0,3.642052952820851,57014,0,325,2638,11261,58108,46,15
8519,WHITE STATE BANK,100083,89489,1302,1.3039245926988237,13.63,-0.00825241383104558,0,4,0,10.785331173680689,11120,0,647,0,3.1563482039964113,36425,0,314,2739,10007,37072,11,14
8522,FIRST STATE BANK,122376,102973,1872,1.4861978897895347,10.89,0,0,0,0,15.548987342759323,19938,0,844,0,3.0694556456621065,68075,0,675,14059,17647,68919,0,0
8527,CONCORDIA BANK&TRUST CO,641634,565332,6253,0.941885101766671,10.8,0.03561831520548554,1.8834725092498215,4815,441,10.89363815893093,71932,0,4167,308,3.0799417566558076,364913,0,11084,179064,57577,369080,241,108
8531,BANK OF COUSHATTA,299033,232596,923,0.31437008477433814,4.59,0.012990029770091756,0.7464059150662301,417,0,9.704920430221891,29199,15.142083173247608,1936,40,2.505553675096496,130705,0,2022,47045,21677,132641,123,106
8532,BANK OF ERATH,111492,97715,649,0.5771874872156084,5.04,0.2143698707366559,2.3302120331503606,829,105,13.563320198112866,15007,0,723,0,3.975595469387045,54858,0,1205,17566,13074,55581,134,7
8533,TENSAS STATE BANK,182505,157334,2444,1.3677854076772833,12.67,0.23541431967167803,1.3539355086162024,1578,1010,13.562173893979917,24745,0,1250,319,3.2534242441070162,106419,0,2389,19748,19027,107669,296,49
8534,ST LANDRY BANK&TRUST CO,293073,274780,2553,0.8747878134142354,18.64,-0.17559262510974538,0.821638294895811,359,1282,11.257149479511074,33026,29.19274621916974,2270,-1100,2.6995720992593943,67999,0,6343,28745,17761,70269,6,120
8535,FIRST COMMUNITY BANK,79161,73060,715,0.8817428665152289,12.65,0.007481557959629514,0,359,0,10.103601622440502,8270,0,385,-65,3.206164457376872,39914,0,261,15865,5863,40299,3,0
8536,PROGROWTH BANK,395773,329035,2677,0.6600476161358343,16.38,0.008979032675982627,0.0012633504559431796,269,0,7.2657772674392245,28854,20.463296355651757,642,0,2.431254919849553,80062,0,459,11098,17431,80704,19,12
8537,BANKCHEROKEE,386857,336896,2240,0.5876908158617751,8.31,-0.02015266673247129,0.2773634702228472,30,0,9.12975222147143,35940,14.43052458631616,3330,90,3.602823414466252,254491,0,175,96069,28110,257821,7,56
8541,STATE BANK OF FAIRMONT,137130,124217,869,0.6327464106749926,6.93,0.11413306972681636,0.9370670166994822,162,143,10.536049662370433,14698,14.971076693412948,2005,110,3.566611427228402,103381,0,2972,4643,12564,105386,122,1
8544,UNITED COMMUNITY BANK,345707,319940,2938,0.872810324472734,13.02,0.014198230802523172,0.7569994243680342,863,1069,9.959893234175084,35785,0,3229,50,3.2483548481514752,203066,0,3038,42496,22547,206295,31,2
8546,SENTRY BANK,322260,274247,3335,1.033618159446836,11.65,-0.003566015868770616,0.013653571650220318,0,0,9.41799720403208,29440,0,3523,240,3.4095090359930857,225621,0,1069,100314,30546,229144,3,11
8552,GREAT SOUTHERN BANK,337749,306468,3081,0.8591395888510954,13.42,0.19670217176118243,0.4846794513085161,2839,477,9.07578781830279,33011,20.37040364653525,974,-49,3.0766128793135143,132971,0,7929,21376,21525,133945,429,150
8560,BANK 21,172142,144571,3462,2.013233140771635,19.68,0.23849705204207222,1.3703802674536139,1080,0,10.740668740279938,18785,13.525061412219724,2176,340,4.920034521268644,149386,0,1926,36594,18688,151562,377,22
8564,BANK OF GRAIN VALLEY,109402,86320,2311,2.1126824942634865,10.18,0,0,0,0,21.722641078364177,23770,0,1000,0,4.393070729281582,65589,0,891,19793,22950,66589,0,0
8569,GOPPERT FINANCIAL BANK,274315,234956,4277,1.6279800942606943,16.47,0,0,2,0,10.368473541740089,27655,0,1681,225,4.283168087278254,156295,0,580,10996,27653,157976,0,0
8572,CITIZENS BANK OF ROGERSVILLE,127600,105799,507,0.39832436645213193,4.21,0.17092676491939296,0.2962382445141066,760,0,10.265132644164902,13187,0,1707,820,3.7712719316914534,96499,0,1683,17741,12084,98206,239,69
8576,MARIES COUNTY BANK,603999,530021,3200,0.5371649307846201,4.76,0.22628132563041609,0.22582818845726566,5096,0,13.931000454708165,86397,0,5188,1084,3.3747326844942758,340667,0,3858,68578,67483,345855,1958,1216
8584,BANK OF IBERIA,67133,60726,411,0.613795616513641,7.82,-0.007544778258966969,0.26961404972219327,252,0,8.886766110662062,6047,15.931438005292675,566,55,4.781470318610801,40327,0,1919,7795,5472,40893,13,16
8594,MONTROSE SAVINGS BANK,54799,45677,1078,1.9619476789685761,13.55,-0.013834128795739089,0.08211828683005164,59,7,14.849274283587643,8379,0,539,9,3.864246049339114,29977,0,473,2013,8216,30516,0,4
8595,I3 BANK,201379,181817,2068,1.0553820401330964,12.06,0.7923702741505435,2.2718356928974717,1256,76,10.081972703244388,19568,12.199734776210432,2327,1138,3.9460256893759564,153451,0,1803,33123,16564,155778,1216,57
8604,FIRST STATE BANK,47432,40575,239,0.500817233141947,4.45,0,0,0,0,11.74215739090796,5667,0,604,0,3.2399968390274743,28881,0,106,2034,5514,29485,1,1
8632,CITIZENS STB AT MOHALL,72642,63145,453,0.6278290420132662,5.6,-0.19456796466796883,0.8080724649651717,408,75,12.35556164759098,9014,16.028667504500525,424,0,3.6016863034300948,54029,107,940,2974,8287,54453,67,170
8637,DAKOTA WESTERN BANK,400433,358261,5603,1.424791214558859,18.22,-0.014731891519128765,0.39407341552769126,1007,0,10.596043075381917,42310,16.11206500022823,4851,150,3.179048395656856,241642,0,9099,9021,32055,246493,42,79
8640,FARMERS&MERCHANTS BANK OF ND,111245,100731,822,0.728372132588539,8.19,-0.19342767914919956,1.1020720032361007,797,22,11.82234423964382,13091,17.908455265210094,458,0,3.2523007089284692,54476,279,1622,5428,10182,54934,16,126
8647,FARMERS STATE BANK,186889,171010,1428,0.7754362643520872,14.23,-0.006781109186029559,0.09203323898142747,276,171,8.37771448537275,15825,13.688578963547817,1097,57,3.958255799159837,114516,0,2299,22775,10392,115613,9,17
8660,COMMERCIAL BANK&TRUST CO,1082878,996512,10865,1.0365862966439983,13.73,0.027635962696086067,0.015975945582050795,428,44,11.431134340081753,121955,20.423964495646064,8238,736,3.0768120211722034,567933,0,14913,111429,77784,576171,309,154
8661,FARMERS BANK,70878,63749,525,0.8519076240052964,8.36,0.07932841497160509,0.11428087699991536,1251,52,9.265632745556264,6542,0,573,176,5.182552704510044,48324,0,1192,5177,6527,48897,34,0
8663,FIRSTBANK,13118535,11243291,119063,0.9351344094998841,7.93,0.13716211860370875,0.9107038247792151,47855,46835,10.818032895140002,1410505,14.7462140731336,151942,12004,3.602113720131321,9577202,0,419202,3387372,1527292,9729144,14765,1714
8668,FARMERS&MERCHANTS BANK,1300072,1199167,7287,0.5556291785609334,8.61,0.31003062770554957,0.5502772154157616,6458,32,8.232731780104096,112114,13.39088805517987,8129,2344,2.8360296413083708,834103,3524,10927,184358,87651,842232,3667,1090
8672,BLUE GRASS VALLEY BANK,57977,51928,136,0.2354978354978355,2.37,-0.0028183780797826465,0.14316021870741846,378,21,10.015258704397281,5776,0,448,0,2.8735955372105315,34560,0,911,4455,5776,35008,2,3
8681,LAMONT BANK OF ST JOHN,71101,61199,-477,-0.6830542405210115,-8.86,2.6623313340007617,1.488024078423651,493,0,8.785403657448706,6303,0,1291,787,2.5978649834352163,41829,0,8266,0,5196,43120,1263,61
8693,BLUFF VIEW BANK,144833,122972,1757,1.2219939435838016,8.36,0.01019093278740129,0,189,0,14.813182998551392,22190,19.937592944392392,1004,47,3.52151672159215,90017,0,939,18044,19916,91021,70,61
8695,BANK OF LAKE MILLS,417234,329095,5820,1.5590510682982235,14.13,0.014053086678785003,0.14164713326334863,3295,401,11.30503332233895,48328,15.273557608085007,2165,0,4.160774144365699,347135,0,128835,33287,43338,349300,51,8
8698,PORT WASHINGTON STATE BANK,959692,872644,2773,0.29811697150999417,4.9,0.05211372586397358,0.20548259233170643,1814,0,8.99578154457743,84361,13.073435219630076,5898,234,2.341610580890245,597863,2701,2753,209069,57487,603761,358,54
8700,WALDO STATE BANK,144576,112960,1060,0.7965624572599153,8.33,-0.0037272266451978415,0.7172698096502877,1565,0,10.330262509023077,14454,0,979,30,3.373229645301521,118535,0,1032,22830,13205,119514,5,9
8714,UNITY BANK,637373,542547,6104,0.9738204392530045,10.22,0.4889012782000324,3.196872161199172,13615,1249,9.621061104073135,61440,13.999720647680439,5714,336,3.8963115369098666,487692,0,7460,184597,61671,493406,2585,77
8718,WYOMING BANK&TRUST,341522,307724,5151,1.5866092764433342,20.49,0,0,100,0,10.713200873226082,37738,24.09591147378234,2245,0,2.5898146956382684,124612,0,565,36528,26933,126857,0,0
8725,COWBOY STATE BANK,51667,46057,199,0.41098889297353564,3.59,0,2.9980451739021037,96,0,10.976980313129747,5665,16.127339054667612,763,279,6.432245013216307,33640,0,1151,14329,5560,34403,6,6
8728,ARVEST BANK,26896404,23710710,53285,0.19898872573983492,2.73,0.420739703411241,0.5790625393639982,144175,310,8.682856821859323,2356405,12.240450154348146,201847,99767,3.6173719988774935,18083165,202043,412352,4249455,1976204,18285012,89822,15461
8730,GATEWAY BANK,175640,150355,2158,1.2828682985290412,14.06,0.05785872408935399,2.3525392849009337,2574,679,9.366542190551234,16404,0,2044,359,4.213707159716564,164509,0,1306,36065,16404,166553,108,16
8735,MERCHANTS&FARMERS BANK,254414,216617,3358,1.3620474680438028,13.05,-0.22971501325240426,0.38991564929602934,6934,0,10.453643532938568,26816,14.00242470344926,2962,320,4.896981943601994,205895,232,4150,41592,25796,208857,60,519
8738,CITIZENS BANK&TRUST CO,532753,476182,7129,1.349149935239289,13.12,0.2740422587750832,0.3787871677869482,1993,31,11.744107138170598,62648,0,4615,415,3.4865298331913257,301294,2050,9526,106987,54665,305909,860,71
8745,FIRST STB OF MIDDLEBURY,787583,623352,11124,1.4179403358647384,14.33,-0.008510234975931053,0.10373509839597858,3263,164,12.405324919129471,101434,17.404277906092645,7600,18,3.838968395539155,604953,9,4114,234749,80535,612553,76,127
8751,IOWA STATE SAVINGS BANK,270270,239482,2012,0.7683565418761953,8.35,0.0031366841484529876,0.00555000555000555,638,0,9.454690346083789,24915,15.11682268998297,2177,232,3.127030408037264,165237,266,1335,12163,24266,167414,5,0
8752,FIRST TRUST&SAVINGS BANK,275630,233306,3312,1.251530404026663,12.34,0.07991843272382208,1.3158944962449661,5091,7,10.53175775480059,28520,0,2903,382,3.7404578937904103,245125,0,4166,24396,27926,248028,292,102
8760,FARMERS STATE BANK,144548,121485,1693,1.1640955259676502,10.62,0.02355227132216563,0.06503030135318372,1573,0,12.111039816284489,17931,0,1339,0,3.345454758134441,103719,0,1420,8196,16592,105058,31,7
8761,KERNDT BROTHERS SAVINGS BANK,352249,273188,1899,0.5258069017762804,6.04,0.17152366539990557,1.2834670928803205,109,0,9.741916294393887,34063,0,2641,80,2.710389566769509,240582,0,1382,43840,32482,243223,517,94
8762,SACRAMENTO DEPOSIT BANK,139089,129408,2084,1.5130218618590712,23.58,0.1233123819724344,0.2818339336683706,154,61,9.677000158828712,13404,15.516359083238065,847,105,3.784578352525246,85953,0,1200,26186,8668,86800,114,9
8772,SPRINGFIELD STATE BANK,438987,342485,3459,0.8149726905219548,7.49,0.0049994429192175725,0.04419265262980453,2205,0,14.571773554297934,63238,0,3106,360,2.666279209245577,297004,0,4256,51627,46927,300110,54,40
8774,CECILIAN BANK,1505966,1248676,14684,0.9751579119613838,10.69,0.02120647472046837,0.27298093051237543,5194,532,11.005310213497644,166731,0,10806,811,3.0690650683649263,1000883,3417,20315,300757,144627,1011689,458,248
8775,BANK OF COLUMBIA,210502,192566,4403,2.164853362283269,26.34,0.03815433188784058,0.11258800391445213,778,102,9.088695212359914,19407,0,2847,284,4.440713075455531,170263,0,1691,38301,17140,173110,89,25
8785,PEOPLES EXCHANGE BANK,554315,460361,4490,0.8195883439569507,9.29,0.016590275644020866,0.054120851862208316,661,300,9.82842587433335,54328,0,5224,285,3.5263011237774116,452489,0,3487,107138,50097,457713,117,44
8798,COTTONPORT BANK,528009,462862,6680,1.3332290168114591,11.14,0.07446910129306011,0.7049122268749206,3399,1600,13.219488076674399,69516,0,5082,90,4.052259287434487,326298,0,10174,102467,63257,331380,297,60
8799,JACKSON PARISH BANK,71106,60468,486,0.7599924939012949,4.72,0.8006165175322173,0.27986386521531237,1198,174,21.61408908267077,12641,0,284,261,3.597146252875553,24125,0,2022,3301,10506,24409,207,20
8811,HEBRON SAVINGS BANK,755798,653043,12327,1.6662233136635989,14.58,0.03870088582422058,0.13323665847223728,1768,0,12.54327245465877,96707,17.1962068306065,8600,218,4.810471454322916,569125,0,3061,260686,89328,577725,342,124
8816,QUEENSTOWN BANK OF MARYLAND,688335,591313,5516,0.7970768838166515,8.53,-0.03908354789030082,0.0992249413439677,1260,133,11.56174359890589,81537,19.029243055510133,6552,-360,2.991999151058003,438526,0,5258,142132,65952,445078,30,208
8821,UNITED FARMERS STATE BANK,218714,170389,3623,1.7586763957764582,18.99,0,0,570,0,9.837940535661115,20816,0,2677,0,3.586873230733344,193012,0,906,15517,18566,195689,0,0
8822,ADRIAN STATE BANK,58531,52278,592,1.009505035588463,10.02,0,0,285,0,10.95068740379001,6189,0,624,0,3.5809564734740653,39929,0,232,643,5955,40553,29,29
8824,EAGLE BANK,217830,178481,3625,1.63186847815322,14.33,0.1468855622315473,0.0968645273837396,130,0,13.702572726054798,29661,21.545808446734124,2148,180,3.560644044921794,131275,0,6431,14914,27293,133423,220,30
8831,FIRST STB OF SAUK CENTRE,143178,130162,266,0.1729602074482127,2.03,0.8154729253193324,0.3555015435332244,71,0,8.699918004639395,12414,16.301179480241554,840,550,2.32717502663021,76271,0,2086,27174,11845,77111,666,0
8833,CURRIE STATE BANK,100310,85580,1192,1.2529905689334022,11.72,0.04935446601832845,0.881268068986143,107,0,10.785052438651869,10592,0,1462,0,4.597580079468774,90551,0,994,4228,10593,92013,125,81
8840,PEOPLES STATE BANK OF WELLS,61904,54531,813,1.2936343008805624,13.37,0,0.13569397777203412,86,0,10.75103898674055,6519,15.994458827269836,524,0,3.448474147437068,40747,0,135,930,6260,41271,0,0
8842,GRAND MARAIS STATE BANK,120016,110317,1090,0.8994215646634597,13.07,0.006945910803391827,0,667,0,8.078810396617211,9763,15.487196148506957,725,5,3.0743465114355226,72438,0,1934,24085,8761,73163,5,0
8843,AMERICAN HERITAGE NB,556709,484755,5325,0.9576652606522051,8.19,0.0016664349528541745,0.013831283489219682,51,0,11.170284290759312,63134,16.67766067126949,6020,0,3.055401683069895,418853,0,967,171216,67159,424873,22,15
8845,FARMERS&MERCHANTS STB APPLET,61043,53392,1419,2.2476359431675985,19.84,-0.008199880281747887,2.0821388201759414,11,23,12.463009891277691,7623,0,1102,100,4.3107283915969035,49295,0,151,3172,7503,50397,14,18
8848,CENBANK,82014,75546,864,1.0726523315290262,14.05,0.034139451122974576,0.006096520106323311,212,0,7.902201634310102,6073,13.375398137322097,562,0,3.7945223525521974,44939,0,1037,8429,6011,45501,17,1
8850,NORTH SHORE BANK OF COMMERCE,523596,426136,11416,2.2343018569992013,27.45,0.005597678764305111,0.12299559202132943,1744,254,9.45541320706985,50084,0,2202,270,4.067837313855687,418312,0,2284,77878,46916,420514,23,0
8851,PARK STATE BANK,1410445,1252225,17090,1.266907356825013,13.71,0.004129270956566263,0.17264054961377437,1804,1,9.6587836956652,137014,15.432581614057547,9472,-93,3.1348749656735535,870417,1931,3385,270231,133585,879889,110,74
8853,GLENWOOD STATE BANK INC,558915,482110,5078,0.931416354482611,10.87,0.032605795927239674,1.0538275050768007,2191,0,8.980564382193101,49261,11.383184603806043,5794,391,3.254474541613545,496900,690,5072,119112,48850,502694,1218,1053
8857,GROVE BANK,53107,41427,-11,-0.0213974478680361,-0.16,0.2940541059554958,0.2918635961361026,16,42,9.227663950034275,4846,11.48846314585487,378,98,4.2003490430894965,34832,0,379,2423,6817,35210,98,0
8858,STATE BANK OF CHANDLER,69714,60273,736,1.0864302499970477,10.51,-0.18726917984809424,0,293,0,11.926508711641647,7913,17.329649343789363,781,42,3.6056667245763383,47327,146,543,1550,7405,48108,14,100
8863,WOODLAND BANK,158695,135609,951,0.6170388364632968,7.55,0.029723385680461716,0.18652131447115536,835,76,8.791374975583015,13952,12.375938622265753,1211,50,4.116716971483488,122755,0,4227,34454,13070,123966,38,3
8865,HERITAGE BANK MINNESOTA,102606,86909,532,0.5217630097487299,8.41,0.2837876018572461,0.47073270568972575,735,2,7.910006832244345,8220,11.516312312003496,739,304,3.572762836395804,80426,0,2321,4313,6368,81165,239,12
8866,MERCHANTS BANK NATIONAL ASSN,2779602,2425963,20618,0.7755762033148679,6.87,0.36388819982312787,0.48424198860124573,7190,260,10.578962228921698,290374,12.975504451014567,28490,10101,3.478570963847346,2087307,19289,4124,607716,302868,2115797,8413,521
8867,ULTIMA BANK MINNESOTA,291202,252148,6188,2.183378379332002,21.15,0.022695447520181926,0.14903743792968455,2509,0,10.241806108532778,29814,0,2526,95,5.181550830894978,271252,0,3137,42063,30610,273778,65,5
8870,BANKFIRST FINANCIAL SERVICES,2730258,2359415,26619,0.97846128059001,7.62,0.18347378341633103,0.629647454562902,6117,139,10.578439487875427,281789,0,23527,2500,3.5588695216935093,1829875,0,16214,654121,343896,1853402,4422,1065
8879,COMMUNITY BANK OF MS,4671996,4269437,26271,0.5458501900845214,7.47,0.0315363883414623,0.3279754520337774,33834,3099,8.080924562440211,388921,14.909855410805422,31186,1500,2.847281595995636,3024942,0,59040,808137,365142,3056128,1401,472
8888,COUNTRY CLUB BANK,2173409,1857288,30448,1.3924987999484857,15.48,-0.021501287151883923,0.45868034962586424,1802,0,10.358478087388088,227415,14.21114524197013,16679,1100,3.6314472078868274,1417052,0,6197,656882,210515,1433731,582,876
8889,MIDWEST REGIONAL BANK,1103792,979929,9544,0.8916126380299322,9.61,0.2723810001985517,1.764372273036949,5665,0,9.27971634807211,102333,11.336545369593505,9936,2335,3.1212240393509636,895129,0,144,357041,103251,905065,3478,1091
8892,SULLIVAN BANK,1167708,1031614,12559,1.1344955853225773,13.13,0.07978692418182513,1.4566141535383845,2881,45,9.134923533911797,106036,13.563852019728225,11771,1500,3.2042393938755493,1005194,0,3189,206485,105261,1016965,803,36
8893,AMERICAS COMMUNITY BANK,50589,41777,621,1.305109894036005,13.3,0.12977382276603633,1.124750439818933,0,0,9.784817692767483,4911,0,548,161,4.223604670602831,45058,0,257,11590,4911,45606,57,1
8896,JONESBURG STATE BANK,133921,119376,2686,2.022599499696535,23.76,0.008445428806090843,0.0022401266418261515,2,0,8.8698904621961,11952,14.873341788640182,1065,41,4.538828102956391,99048,0,4427,28861,11677,100113,9,1
8898,ST JOHNS BANK&TRUST CO,310193,277269,2625,0.8211562380345806,8.76,0.007058762955944185,2.350472125418691,207,3,10.88625373062866,34105,0,3733,129,4.291518899132953,229113,0,1452,110473,32296,232846,31,14
8903,PEOPLES BANK&TRUST CO,870212,771284,10255,1.2371110639830705,17.04,-0.10059714465064623,0.038956024508970226,1536,0,9.67486943786686,83105,12.736377593492469,5103,0,3.189599441707684,442331,0,23903,155832,62104,447434,112,537
8904,NODAWAY VALLEY BANK,1422024,1226544,30375,2.1404896933042945,30.3,-0.030310195184713135,0.02046378964068117,3776,0,11.203426021926063,168894,16.04016500639745,12382,650,4.195123881339017,936445,0,2472,342293,104815,948827,206,487
8941,BANK FORWARD,1036320,861648,14337,1.4071515530783807,13.48,0.016150203109739553,0.37005944109927436,4714,0,10.528082723897962,108819,0,5614,783,3.3377516897825594,851923,0,7846,160180,109404,857537,187,52
8942,STOCK GROWERS BANK,331257,306608,2712,0.8421931305362087,13.03,0.000664951092847121,0.007245129914235775,1806,0,10.786890471621753,34516,0,1006,0,2.467128489669321,156094,0,2051,6871,20262,157100,2,1
8943,MERCHANTS BANK,252663,225526,2911,1.1975116768701297,14.01,-0.015135885321218415,0.8105658525387572,2635,160,9.586580007397743,23585,12.440323841809008,2030,150,3.9798250453148394,177407,0,1731,6699,22275,179437,2,28
8946,KINDRED STATE BANK,44597,40789,621,1.4784024682893382,17.8,0.26126175677905505,0.06502679552436262,100,11,8.916911138449892,3769,16.735253772290807,135,31,3.7568184475545094,22072,113,1766,3832,3745,22207,60,3
8975,COMMUNITY BANK,108107,97106,2911,2.6384387258634066,26.81,0.012903195535025138,0.6160563145772244,335,0,9.44989033615326,10556,15.416716986702092,997,95,6.253269652729948,86680,0,2103,10288,10382,87677,32,21
8980,SECURITY STB OF OKLAHOMA,373072,314960,6913,1.914438739621931,14.77,0.8375614808450043,0.9818480078912382,660,632,11.221046087579168,40431,17.574081550262413,3434,843,4.3525186323174365,193979,0,18119,17274,35786,197413,1768,107
9005,FIRST STATE BANK OF ROSCOE,131821,111250,2527,1.8220150173837681,14.82,-0.004206039873257999,0,0,0,13.87351983039454,18781,24.07066258372272,949,-485,3.2716342350893846,74252,0,213,4146,18228,75201,2,5
9007,HEARTLAND STATE BANK,146535,117313,3091,2.053585902474933,26.07,-0.008124615350242012,0,0,0,9.602738909601415,14501,12.83500576844866,953,0,4.459315156261123,100012,282,715,6052,12272,100965,12,20
9023,BANK OF CHARLES TOWN,875866,754519,7356,0.8630792169679778,9.35,0.01632610413442261,0.3126048961827494,474,0,9.916597887416719,88070,13.572941996217452,6977,511,3.3919408252200087,698638,0,1525,319606,82134,705615,260,150
9024,CALHOUN COUNTY BANK INC,198320,178281,1360,0.7302131041036903,7.59,0.008429596774069946,0.3317870108914885,2725,299,10.581199283380757,20081,20.45700081265835,1990,-34,3.9875664546617196,129209,0,14093,14788,18478,131199,92,81
9030,HARRISON COUNTY BANK,144965,129877,547,0.3688718052464765,4.69,0.07647964207527509,0.1627979167385231,1640,236,10.856112621069682,16017,0,822,120,3.389614536041589,82954,0,2226,17374,11517,83776,73,9
9035,HEADWATERS STATE BANK,110252,92451,583,0.5931813649479669,3.36,0.17320766155222933,4.554112397054022,144,0,11.048228834222055,11147,0,744,450,3.5933587967616374,74061,0,835,32724,17655,74805,125,5
9036,SECURITY STATE BANK,125948,97895,1858,1.5143685702502376,7.46,-0.006985698877258477,0.34220471940800967,1124,0,20.981748544182594,26843,31.252165167346487,1441,120,5.168718820982965,73374,37,709,23587,25691,74815,3,8
9037,MOUND CITY BANK,499992,434725,4175,0.8496216487259135,7.54,0.00701396350245125,0.33400534408550536,127,0,12.297030845541492,61805,17.092941604604796,5845,6,2.7363131945572388,385695,0,776,84283,56987,391540,39,12
9047,CITIZENS STATE BANK,550157,502329,2240,0.4249343912682053,9.62,-0.00821714784292399,0.04834983468355397,45,168,10.972262144294337,61076,0,2672,411,2.2648531970426387,287536,0,1798,56397,24380,290208,11,33
9057,BANK OF MOUNDVILLE,117155,102459,698,0.5753161353921628,5.1,-0.24951145276614875,0.11352481754940036,342,122,17.41204974164998,21129,0,536,-55,2.625335149167979,56251,0,3038,14481,13775,56787,63,194
9064,PLANTERS FIRST BANK,424580,386535,7256,1.7206030837115134,21.7,-0.008331268627629965,0.08314098638654671,1922,0,10.199412704422262,44181,15.380532275135659,4423,300,4.454066918430252,273997,0,5591,144389,34609,278420,170,193
9068,BANK OF DUDLEY,441978,400109,4559,1.1110981129610729,11.8,0.06823434779877438,0.046382399123938295,440,0,10.056749921700067,43027,0,3644,645,4.308877201938137,285655,1033,8527,116648,40688,289299,238,49
9069,FARMERS&MERCHANTS BANK,334680,310327,1838,0.6301050335038981,8.83,-0.008653649479994335,0.1201147364646827,678,0,9.35163983356647,31488,18.71363840560821,1742,0,2.5790002263211496,139619,419,4001,77039,22224,141361,23,34
9070,FIRST BANK OF PIKE,74051,66336,736,0.992802184164805,11.24,0.08316936121873542,0.8804742677343993,1500,0,9.877357246472371,7490,18.053966758629972,727,60,5.94733110974235,47418,0,3628,9870,6844,48145,57,16
9079,HARVARD STATE BANK,313870,282086,1246,0.4013347763347763,5.93,-0.016654969900449224,0.06658807786663268,2478,0,8.768468314508986,28220,15.540021548280002,1838,0,2.5425286559037232,175108,0,548,72359,21336,176946,24,53
9080,HOLCOMB BANK,297874,238404,2747,0.8855165975531761,14.71,-0.09286697622325407,0.08896379005888395,86,0,8.614626710413116,26335,12.723380084764276,2736,0,2.9456899144179025,213116,0,2827,65638,18717,215852,18,217
9087,1ST SOURCE BANK,8929119,7230538,138922,1.5801545635530792,13.64,0.08541919481142587,0.36993571258261876,14901,1959,12.934647268406543,1147375,15.829091236922938,155540,12466,3.782172235798012,6701837,0,53565,766181,1068478,6857377,13730,8055
9096,ATKINS SAVINGS BANK&TRUST,155113,132715,1279,0.8563741960192996,10.03,-0.01410741384904664,0.9870223643408353,938,864,11.806337775983645,18133,0,947,0,2.260933348134554,104203,0,2261,11559,12719,105150,2,16
9099,SOUTH OTTUMWA SAVINGS BANK,541678,460291,3980,0.7361686307078502,6.1,0.30947152172195347,0.42183732771129717,1650,37,11.754238814605648,64604,17.678231241244703,3389,994,2.7907141737079493,321159,0,2564,71461,64192,324548,1015,28
9100,PILOT GROVE SAVINGS BANK,1021778,915752,13821,1.4928694179418687,14.39,0.0257886401871867,0.13838622479638435,1826,646,8.012761294822862,81099,10.557107349982246,8098,300,3.2644363849490627,775034,840,6157,42869,97098,783132,247,61
9105,WEST IOWA BANK,171079,137097,2142,1.2213047548780918,9.55,-0.006239418985304088,0.143793218337727,40,0,15.551638725091202,26558,0,1245,0,3.248352879803698,91057,0,271,11413,23552,92302,3,9
9106,FARMERS STATE BANK,66957,60404,889,1.355550743951865,15.24,0,0.0014934958256791672,0,1,11.20482608572801,7931,0,315,-5,3.1017607523446884,33479,0,290,2693,6172,33794,0,0
9120,ROLETTE STATE BANK,46505,40701,444,0.9401521183067097,10.31,0.020552329166103923,0.02795398344264058,1165,0,9.708293363565012,4453,0,278,48,4.427537749238035,34593,0,771,499,4424,34871,11,4
9121,STATE BANK OF BOTTINEAU,111713,99304,1623,1.5217432070058319,18.32,0.01287258075935354,0,0,0,8.757309268382523,9510,11.50764984312161,1433,60,4.4638990351809325,90315,0,2586,5780,9512,91748,87,75
9123,WESTERN STATE BANK,2344400,2033967,36626,1.6255529503035986,14.51,0.5373246437427209,1.0652619006995392,6382,14069,11.693653461294632,270595,13.691372147630803,34797,13225,4.686551247632574,2069018,0,6978,405637,268655,2103815,12314,1412
9137,OSGOOD BANK,491603,431363,4828,1.0677315084295058,14.69,0.06046620760546588,0,920,0,8.293819671932006,40965,12.226544291386045,5182,-20,3.434899034640608,300260,0,1913,76479,34414,305442,204,20
9139,COML&SVG BK MILLERSBURG OH,1191045,1045383,10314,0.8739303377367084,9.31,0.8707004295047196,0.1431516021644858,1213,486,9.678233988612003,117655,16.26693637252518,7595,7031,3.3373130110096363,730329,0,9652,251362,113963,737924,6394,138
9155,COUNTYBANK,712475,615405,6557,0.9299274097841355,18.95,-0.012893846180794106,0.4283659075757044,344,0,8.561667636465716,62828,15.363032457988282,3509,0,3.3592449559373914,406760,0,9098,154423,33971,410269,1,54
9168,WAYNE COUNTY BANK,538333,462768,8017,1.5964261719106254,12.89,0.01295328762887817,0.5517031279895529,3990,18,12.822572150832103,68173,0,4495,900,4.587759427552137,375948,0,21415,92500,65030,380443,284,238
9172,SECURITY BANK&TRUST CO,1491300,1267386,15725,1.2447914679420085,11.93,0.0022385413193491263,0.070676590893851,1028,155,12.096080618485326,157243,14.806481561806113,3195,0,2.830885591185496,947986,0,21326,225703,159152,951181,73,54
9176,APEX BANK,1262637,956424,35429,2.7766600985268006,18.62,-0.00858138991280002,1.6281005546328835,29334,10506,14.47867411380153,182495,25.360920341918273,11931,0,5.607886104500304,1094429,0,4147,62529,193000,1106360,331,423
9179,UNION BANK&TRUST CO,94781,82181,1700,1.7732308892648603,14.72,1.3877923615908418,0.5032654223947838,473,0,13.839375125175247,13129,0,1090,115,5.007940895944526,63487,0,3820,5435,11969,64577,951,51
9189,BRIGHTON BANK,61747,51174,540,0.9172254947921975,9.79,0.0026161026349385734,0.04534633261534974,430,0,10.030559678686807,5744,24.38003220611916,474,28,3.702690799568108,36919,0,149,4445,5658,37393,1,0
9196,HOME BANKING CO,144054,129012,6,0.004046818997926679,0.08,0.06645094186987172,0.4123453704860678,1185,349,7.31348743468868,10596,15.554070237001142,566,0,2.5561124427979953,66941,0,4951,8976,7651,67507,56,10
9204,CENTRAL BANK,2008559,1503013,29318,1.4774541345685666,11.66,0.08555891849637978,0.736000286772756,6212,12678,14.018222776674108,288676,0,39816,6582,4.436979412645801,1283164,2481,5571,541716,266841,1322980,1241,185
9244,GLENNVILLE BANK,395651,355893,5153,1.3522123485091813,14.83,0.008520508390333957,0.3773527679697511,734,0,10.671342181258364,42422,19.969566655640094,4078,535,4.078067134872619,207306,0,4913,30140,34562,211384,143,125
9245,BANK OF LAFAYETTE GEORGIA,401270,375895,2949,0.7420006592206603,49.81,-0.01898842339120583,0.3299524011264236,3035,32,9.562793938338269,41175,0,1001,90,2.5839077127086902,160707,607,15637,10061,6344,161708,37,67
9259,FARMERS STB OF HOFFMAN,203462,144320,298,0.14045129168057038,1.71,0,0.08945159292644327,1,0,12.693207484247813,25121,0,1215,214,2.2391731035497107,93993,0,1237,12508,16810,95208,5,5
9263,STILLMAN BANCCORP N A,595607,538525,1949,0.33177065778767356,5.43,-0.029930331397838572,0,67,0,9.791741981694647,57963,22.132406998970737,2079,66,2.023050514958313,232837,1180,3178,69983,37331,234916,15,80
9265,RUSHVILLE STATE BANK,120331,108537,1750,1.4376408888071033,17.29,0.08846825683652572,0.15706675752715427,46,0,14.434594459967467,18546,0,649,0,3.2405726005814435,51667,0,357,3163,9911,52316,66,19
9273,VILLA GROVE STATE BANK,83314,72950,1186,1.4314232402304758,12.13,0,0.027606404685887122,146,23,12.054452747465696,9953,0,782,48,3.780824939158419,55208,0,875,3395,9953,55990,1,1
9274,HILL-DODGE BANKING CO,58181,49383,1011,1.7809266455515589,12.45,0.02141290941482801,0,51,0,15.16864359593028,8990,0,466,61,3.8064644298924595,23139,0,869,4898,8647,23605,12,7
9288,FIRST BANK OF BERNE,1100701,994307,15196,1.3900241708335683,28.79,0.038729555439657656,0.46315938660907907,6632,0,8.815516479790116,98788,12.422110189061613,11049,730,2.8533172809369267,772891,0,1700,88817,52210,783940,363,67
9295,FARMERS STATE BANK,34990,29934,261,0.7360489120012634,5.38,0.01667333600106709,0,10,0,13.597445533922969,4812,0,418,0,3.214381380398226,11757,0,672,624,4812,12175,3,1
9298,FARMERS&MERCHANTS SB,603804,513552,6411,1.0560686637362724,9.09,0.023636823783897355,1.2815416923372487,1445,163,12.350166756111284,76172,15.434944514783645,7761,1182,3.5979824282833897,416929,952,1119,102357,72126,424690,111,12
9299,RELIANCE STATE BANK,307455,238584,1869,0.6120287722290225,7.63,-0.008383949372781953,0.5350376477858548,1195,53,8.630393379099823,26237,12.160430121845662,2782,150,2.270008453344363,206237,0,944,26753,24862,209019,0,17
9300,READLYN SAVINGS BANK,141479,105515,2364,1.6949031023036056,9.77,0,0,553,0,19.98561417502279,28063,26.340489176674996,1348,7,3.283002937187306,103878,0,1837,15,24718,105226,0,0
9306,CITIZENS BANK,197122,175658,1933,0.9905678264799841,9.66,0.05067382105947699,0.06950010653301002,4125,66,12.845775872528007,25411,0,1863,0,3.1183133396869627,140950,0,1743,36689,20514,142813,158,86
9309,UNITED SOUTHERN BANK,341845,296604,3682,1.1042989681012956,10.93,0.021740325350121787,0.6295250771548508,1644,0,11.434912500329828,39003,0,2638,135,3.6054501305816977,250543,0,7729,39768,35130,253181,90,37
9310,COMMERCIAL BANK,206757,170716,1701,0.8184747211123172,9.39,0.13498112565055534,0.946521762261979,778,6,9.71354778116929,20685,17.064726386044985,1150,250,3.3219293482343497,133921,0,8170,23939,18101,135071,278,102
9313,PBK BANK INC,159343,138653,2909,1.8668473831407444,15,0.10790773254116363,0.2623271809869276,452,53,14.364240108560386,22970,0,828,0,5.403624337252741,94231,0,5608,15600,20223,95059,161,59
9315,BANK OF MAYSVILLE,156265,126828,1629,1.0374064964954892,6.87,0.008814566701085451,0,797,0,16.072444469451163,25709,29.176564174520227,685,20,3.1645870291972686,83480,0,322,24745,24512,84165,11,4
9319,MERCHANTS&FARMERS B&T CO,496544,452556,2223,0.4594097153478391,5.35,0.029110867558927868,0.3316926596635948,1786,0,11.18874408506708,55968,0,2880,136,3.3364537305209283,252068,0,2922,88528,41396,254948,108,34
9320,MARION STATE BANK,223517,195162,930,0.4176104063124732,3.88,0.052721687759966475,0.8513893797787194,3518,0,11.723941733676496,26375,17.346522158711306,1666,81,3.835164205263623,147723,0,3186,38919,24778,149389,226,150
9322,CROSS KEYS BANK,598063,509342,6562,1.1183497643148599,10.76,-0.09592836757088857,0.8534217967003476,1394,0,13.20669829121384,77202,16.951449782527334,2851,-468,3.2283553572752406,372099,0,3804,147665,64611,374950,1114,1460
9323,BANK OF WINNFIELD&TRUST CO,152703,136922,1578,1.0051890175774307,11.09,0.15775358889414734,0.20824738217323824,635,272,13.896235095779524,21596,32.626029557801274,745,0,3.5669836530397063,52097,0,3390,4711,14153,52842,111,29
9325,JONESBORO STATE BANK,895243,849627,9864,1.2272799549499671,25.9,6.698951584015675,0.1757064841612836,2187,899,8.56851292228587,75989,20.548553844903928,6692,6661,3.70055720683071,137502,0,104378,6085,43165,144194,12236,1651
9326,WASHINGTON STATE BANK,297727,266167,3892,1.3177434219480797,13.59,0.07214917242227041,0.9767337191453916,5050,6,10.19550629297227,30888,15.213195376736325,2979,410,3.948300156644517,224902,0,11884,84671,28502,227881,237,75
9327,FARMERS-MERCHANTS B&T CO,446667,330033,8029,1.8002556995391397,16.15,0.036368696356172875,0.5585816727002442,1793,444,12.941652754772667,59459,0,3650,30,4.237528590032875,248706,0,11959,108369,51677,252356,266,174
9328,PEOPLES BANK,88154,76079,-824,-0.9636029394567338,-7.46,0.3954444795950648,3.352088390770697,1643,78,9.180477934091346,7622,13.25314482736905,955,1225,3.7840690953685203,69766,0,2035,17213,11551,70721,296,26
9330,FIRST STB OF LE CENTER,105231,88871,1424,1.346997538702531,13.33,0.06104633416763323,0.3173969647727381,1139,325,10.95299898025401,11815,16.524937395659435,855,113,4.165721945767054,67090,0,2413,4523,11074,67945,47,7
9332,BANK OF MAPLE PLAIN,88726,79001,-367,-0.39701513850094866,-4.12,1.4058488746417463,1.0087234857877059,1311,235,12.748749485719236,11775,24.60358669169629,546,600,2.589517021818682,43091,0,350,5967,8110,43637,621,0
9336,STEARNS BANK UPSALA NA,64445,44897,553,0.8702193015585267,3.14,0.8931847783571044,0.29327333385057025,202,3,27.724697856051367,17962,34.92417567998201,849,400,3.436532733749927,49598,0,69,0,17914,50447,532,89
9337,CITIZENS STB OF WAVERLY INC,112907,104108,1031,0.9037311561973518,12.98,0,0,0,0,10.122034877423548,11214,19.018346588928672,819,0,2.9131601726681935,55223,0,729,8633,8398,56042,0,0
9340,FARMERS&MERCHANTS STB NY MIL,75021,67269,148,0.18918283242491488,2.77,0.6831442554287571,0.9504005545114035,184,0,14.098902944862965,10911,26.078944374928902,777,467,2.671415850400712,33993,0,2802,10776,4959,34770,245,1
9349,FIRST STATE BANK OF FOUNTAIN,37916,36085,-62,-0.16414275124430794,-3.47,0,0,0,0,8.734840620806644,3450,16.741914677969223,175,0,2.0849438939255514,11877,0,292,1061,1709,12052,0,0
9351,STATE BANK OF LAKE PARK,44408,40875,305,0.6859543536735667,9.22,-0.012360837570353765,0.9435236894253287,251,0,10.516820311984334,4780,0,327,0,3.0740243771301934,24528,0,1541,2319,3389,24855,0,3
9354,FARMERS STB OF HOFFMAN,33943,30758,239,0.709796980244479,8.1,0,0,0,0,13.657124093256515,4575,0,199,0,3.18054775757501,15794,0,520,699,3029,15993,0,0
9356,COMMERCIAL BANK,251777,221325,2252,0.9101299238756337,16.98,0.15046230460543095,0.12391918245113732,3585,175,11.024269847799259,28944,0,2398,330,3.5597755931564197,120934,0,3544,28529,12877,123332,365,201
9359,BANK OF COMMERCE,961776,849480,8797,0.9403197835500797,8.65,0.17524439120913585,0.535779640997488,26260,3776,13.59256433713241,123472,0,4947,682,2.7720456861464156,507029,68,10211,81301,105109,511976,1363,460
9366,PEOPLES BANK,453959,399638,17153,3.695215887812617,32.49,0.48841691900178796,4.316248824233025,10211,59,11.526602980377678,52451,16.355480570183143,5531,1611,7.372132860626131,358596,0,11094,177462,50017,364127,2781,988
9369,BANK OF ADVANCE,486492,424134,10654,2.1889328017764584,19.03,0.04188654881517093,0.6670202182153047,5351,861,12.003143808558606,58034,0,5327,74,4.3345431187327925,374320,0,8787,31715,55597,379647,412,255
9378,F&C BANK,417584,365219,9197,2.3579705403667535,23.44,0.0011948444850160527,0.23683857619065865,1479,240,10.29934267873761,41945,0,4701,450,4.962380151571407,354279,0,4219,46133,41573,358980,9,5
9385,BANK OF BROOKFIELD PURDIN NA,111337,98015,636,0.5894707183201198,6.16,0,0,22,0,11.372595004645374,12608,35.468976257479305,374,0,2.5053409929417763,21498,0,410,258,10613,21872,0,0
9388,CORNER STONE BANK,189415,165824,2142,1.1409541828594805,9.79,0.3559755577660935,1.1952590871895046,4008,1128,12.173958279144774,23402,19.99935932857635,2341,554,5.130451486393006,141459,0,4634,20851,22298,143800,690,189
9392,BANK OF GRANDIN,223354,190912,2201,1.0100509476856938,7.22,0.17944829160264691,1.4662822246299596,1351,803,14.139166256212778,31577,0,1250,217,2.941537130569875,128048,0,6177,41610,31135,129298,292,75
9396,VALLEY NATIONAL BANK,62446510,50357937,366547,0.594041680924405,4.92,0.4038980948178354,0.6046102496360485,93305,5889,9.910036423369977,6041434,13.531343610506177,558850,308801,2.994707067402056,48266549,42740,53955,18225307,7884398,48825399,215112,13502
9406,BANK OF CATTARAUGUS,26120,22874,253,0.8412246635101347,8.46,0,0.6738131699846861,349,0,10.849521396396396,3083,17.891930130053872,205,4,5.7297078859254125,16106,0,1627,7862,3083,16311,0,0
9410,TIOGA STB NA,558088,466066,5111,0.8899102184885422,8.49,0.00400332222366935,1.563373518154843,2394,881,11.65171749958994,67485,20.557719475854654,6462,62,3.950949878754119,368653,0,4771,76215,59310,375115,48,33
9417,GRANT COUNTY STATE BANK,44847,38531,1377,3.1617812515785944,21.4,-0.017555193528453458,0,0,0,14.444265352644548,6273,0,226,0,5.913313597943364,27586,0,65,235,6273,27812,0,5
9420,UNION BANK,293043,265703,2152,0.7490490696754863,8.2,0.048452501639930826,1.6236525015100174,1101,0,9.416957199020844,27929,0,2039,119,3.680717894578086,190518,115,7636,22824,25672,192557,95,4
9422,CITIZENS STB OF LANKIN,67511,56264,532,0.8207571330274521,10.89,0.004591157430788302,0.3703100235517175,600,250,10.13200931137107,6877,0,268,0,4.332844043943892,46472,0,1723,2626,4935,46740,2,0
9423,CHOICE FINANCIAL GROUP,5402301,4709973,99549,1.9606955668415023,18.08,0.2847523726553983,0.2602409602871073,12109,0,10.76911750526027,557314,0,37435,7877,2.9043393027865476,3138232,0,23871,968898,592936,3175667,9341,391
9437,FIRST STATE BANK,1036573,953761,10249,0.9950711501601105,14.22,0.09460216011671005,0.15946778470980819,2092,0,9.713495102342877,105660,17.567819542745937,6429,1302,3.1375375350533967,514414,469,7738,173020,75925,520843,618,155
9438,MT VICTORY STATE BANK,21387,19402,137,0.6325023084025854,6.94,-0.13519746783095546,0.07013606396409033,124,15,9.752662617727314,2216,0,264,100,4.4633609847999125,12190,0,1144,1102,1974,12454,0,17
9439,PEOPLES SAVINGS BANK,65564,58525,540,0.820808405078068,8.05,0.055848934836703924,0.3569031785736075,396,0,13.955584564936983,8980,0,453,24,3.717929777909095,32693,0,1273,2140,6971,33146,22,4
9443,HEARTLAND BANK,1968452,1764261,22539,1.1769674688259495,12.39,0.02322758973108258,0.4282552990878112,7262,3558,9.946218751178408,195184,14.030735051490348,17902,0,3.382472409799714,1541703,5256,4088,540589,187771,1559605,610,250
9450,FIRST BANK OF OHIO,290625,196187,5431,1.7587150467123267,6.03,1.3688876088069635,0.3740215053763441,3895,913,30.52227731731152,92763,0,6237,3600,5.46719130244161,229798,0,26904,0,92090,236035,6432,3010
9457,NORTH SIDE BANK&TRUST CO,1114839,937707,8220,0.7813802597490495,9.31,0.10635437618478774,0.07803817412200327,1252,139,10.84072855765465,123454,12.86457712397585,8681,1315,2.6412663796627602,717609,2846,7342,280005,88062,726290,1213,463
9462,FARMERS&MERCHANTS BANK,322750,277524,4463,1.4211936498150823,16.01,0.011100914715372546,0.017041053446940357,39,0,10.79397258241962,34928,13.659276521220173,3906,539,4.161915964163839,258751,0,150,150700,29963,262657,41,14
9463,UNIFIED BANK,813944,627945,11311,1.3801240659667824,16.09,0.0664800255482117,0.510354520704127,233,56,9.55462974618185,78182,13.780640921838513,4026,429,3.5712046863808724,486996,0,6768,190002,69404,491022,360,39
9465,ALVA STATE BANK&TRUST CO,580356,482643,10419,1.7900628575100344,14.13,-0.09058108805173218,0.2631143642867481,74,154,14.10301996533593,82102,21.75172348357166,5564,-471,3.6442596582580498,300855,0,1252,112289,70052,306419,617,879
9467,VALOR BANK,268447,236612,3999,1.5676303732206867,20.03,0.06230994330249976,0.002607591070118124,1243,0,8.101764359040262,21435,12.620206513447012,1984,325,3.8181781302610496,231109,0,350,59750,21327,233093,137,0
9472,WELCH STB OF WELCH OKLA,411127,355726,5268,1.2553348155244024,13.95,0.07108444978448654,0.2719354360088245,3276,169,10.375721289426872,43047,0,4717,465,4.1433643881048665,276373,0,14078,18200,37845,281090,400,205
9486,CLACKAMAS COUNTY BANK,269452,225908,1491,0.5164187210272125,5.72,0,0,0,0,11.9026834845363,33679,24.580791354366394,1526,60,2.9995311412487955,149765,0,225,64706,27286,151291,0,0
9489,PEOPLES BANK,396367,342896,7540,1.9997750916077341,17.37,0.13031515044602268,0.2086450183794312,6900,0,12.226931019816236,47720,16.06475403142216,3225,876,5.765690836100964,304889,0,11274,63974,46240,308114,627,234
9499,THREAD BANK,768394,698646,7075,0.9866281553972116,12.66,0.4017545792835628,0.20484282802832923,2910,556,9.369336497404934,69844,22.00579741554466,3252,2195,2.6680234938202427,318489,0,59307,56878,62143,321741,1411,237
9502,MOVEMENT BANK,156895,134567,-1421,-0.9184950384462244,-9.01,-0.06534128516973459,0.060550049396092924,121,0,9.60024306049362,14851,13.620565057297224,938,-32,3.0436906900087397,119736,0,48,50759,14787,120674,15,92
9507,BANK OF MARION,580897,531699,6199,1.088582023136451,13.93,0.10272833755896288,0.5581023830386455,8407,1730,10.695948180539641,64036,18.74471198763122,3949,570,3.8758911382156533,391965,2457,6417,67078,45620,395914,482,94
9517,CLEVELAND STATE BANK,224449,196156,1819,0.8594678009058667,12.1,0.0013535536196730897,0.4192489162348685,2301,13,8.860474773340716,20484,0,1751,81,3.3288661568347795,150564,57,937,44791,15573,152315,2,0
9523,BRISTOL MORGAN BANK,173501,136114,825,0.49844184059769525,4.67,0.3309482405816415,0.38155399680693486,36,0,10.71849166062364,18476,13.880324671238911,1331,187,3.8281943426079574,143321,399,69,48904,18104,144652,461,13
9526,PINERIES BANK,142326,125965,1886,1.3728244808234036,13.07,-0.0035736152836378446,0,435,0,10.4807024825918,14645,21.3217861824673,640,12,3.1188916837342595,88505,190,1918,15892,15010,89145,0,3
9529,STATE BANK OF NEWBURG,297813,231228,4427,1.588649285664046,9.44,0,0.10980044524584219,279,0,16.65337851305561,48459,0,2173,-250,3.4981178729970765,241029,361,288,42238,48459,243202,0,0
9536,COMMUNITY STATE BANK,611920,578813,6280,1.0469423614885252,24.1,-0.15874034967642295,0.2464374428029808,241,233,9.713990220698468,61427,0,5810,0,3.6526748994650484,320599,0,841,130102,27236,326409,28,567
9614,LOCAL BANK,78250,58775,-1058,-1.702607016414548,-6.81,-0.05118367819263756,1.0287539936102235,125,0,19.787633287663073,13287,0,524,130,4.481076992257898,60419,0,756,13172,15036,60943,11,34
9615,SWEET WATER STATE BANK,144780,130358,2493,1.9153055423241805,21.42,0.8603087614626366,0.3163420361928443,2623,214,11.658639681329992,14839,0,1007,765,6.3092915696687735,72378,0,2998,12552,12097,73385,742,126
9620,FIRST BANK,739517,669963,9241,1.2754732335572163,14.94,-0.024873459182188556,0,4961,0,9.463161961993336,70045,15.805249513933894,7577,525,3.8232725968159658,437896,0,5523,162065,65093,445473,54,161
9622,CAPITAL CITY BANK,4325392,3750801,57438,1.3474618438489767,12.53,0.2078254501050135,0.15418255732659605,4600,0,9.671823203365191,405314,16.416897164333623,29251,4031,4.157291828094552,2650971,0,15433,641741,480663,2680222,9382,3718
9631,ALLIANCE COMMUNITY BANK,401203,352755,2606,0.6441375082803555,9.69,0.11529971496538866,0.09297039154742114,1876,11,8.514263508733471,34180,14.054068575902487,2433,354,2.7481141591387153,240656,307,4542,27505,27675,243089,331,62
9632,FORTRESS BANK,796631,657449,4531,0.6024902219998952,6.23,0.7538452642346077,0.6765993289239309,2471,293,9.01719772171661,70118,11.720512135127748,7868,4867,3.1349143068466687,636500,0,6534,163085,76470,644368,4697,82
9647,CITIZENS BANK,643363,583954,3799,0.5877665952393845,6.64,0.0160354893677631,0.018807422870137078,682,32,9.923753136787246,63827,13.6883223360058,5627,161,3.065837362055005,429197,0,54695,158917,56600,434824,132,64
9658,CITIZENS STB OF CHENEY KS,79835,73479,1569,1.9617306240028807,25.98,0.019163769743473776,0,290,0,11.132898671503504,9084,14.14257532535729,888,57,4.33952756069986,54115,0,2303,7396,6194,55003,15,5
9659,STATE BANK OF DOWNS,137828,117710,2326,1.7455831343348545,13.08,0.016027798613915976,1.3378994108599123,134,0,12.651631881215858,18064,0,1049,95,3.899314651800901,88615,0,607,10224,18046,89664,30,15
9661,BANK OF HOLYROOD,63428,53665,871,1.3158888670665196,9.17,0.6021507301917034,1.2376237623762376,0,0,17.507630972403913,11242,25.751830543933053,716,280,4.1257404869486685,44253,0,1203,3321,9547,44969,291,22
9665,KAW VALLEY BANK,307100,257661,4045,1.306080750339355,11.12,0.05339365995467289,0.0162813415825464,652,50,11.241881789701564,34377,0,3227,0,4.795541829792888,241612,0,1258,81170,35382,244839,196,66
9669,FREDONIA VALLEY BANK,110128,95334,747,0.7156982225390328,6.96,0.04661934552454283,1.2449150079907016,1579,898,13.046090147041156,14116,0,1039,0,3.6539298496173886,68276,0,2121,7518,10738,69315,80,49
9672,OWINGSVILLE BANKING CO,93645,83623,801,0.8614107348339015,12.54,0.045842797652848766,0.3545304073896097,809,83,9.578670880669685,8971,0,881,22,4.445793745529482,71163,0,2219,2615,7484,72044,33,2
9678,EDMONTON STATE BANK,979709,838558,22973,2.270289009480801,18.71,0.05398673461730958,0.1207501411133306,5294,952,10.776220848861344,110951,0,9265,1200,4.811381227098342,820177,0,26436,184538,124136,829442,593,157
9712,ROCKLAND TRUST CO,19378704,15424826,197571,1.0195687996661844,6.71,0.058995345136600416,0.5239204850850707,45742,0,11.177195206789408,2072930,15.425883540937596,169984,36150,3.357922289975269,14345665,0,2422,5502863,2965892,14515649,10347,1859
9719,OXFORD BANK,811433,699084,10579,1.258535772918699,11.15,0.13709361535448492,1.2113138114915218,1179,0,11.278381046396841,95970,15.18515722101546,8613,3274,5.432582308915345,604789,0,17302,353365,99819,613402,1000,202
9727,CONCORDE BANK,73803,65578,1325,1.7586238933942104,17.89,0.032540431486121506,1.405091933932225,1051,398,11.191874135081756,8330,15.163551401869157,1351,60,5.045942185180559,63148,0,990,7824,7722,64499,23,3
9728,FIRST SECURITY BANK,146544,112327,1300,0.9533699427391346,14.89,0.28871230488019395,0.41011573315864175,399,0,7.628601831368485,10897,11.255069012984114,1204,468,3.148986269533042,111572,0,889,13451,9232,112776,305,3
9733,VANTAGE BANK,71027,60619,994,1.4730028511644726,16.77,-0.00973340211604162,0,0,0,8.595765533343902,5964,11.662165479990179,686,125,4.338260110932097,66331,0,1829,9550,6269,67017,0,6
9735,STATE BANK OF NEW RICHLAND,128118,77231,1556,1.2822731505517235,13.97,0.0009270486848887357,0.3941678764888618,75,469,8.969525478500632,11158,11.157708862156495,974,76,3.0919235832330725,112365,0,74,757,10806,113339,1,0
9737,MIDWEST BANK,812646,705674,17731,2.3095870462008588,23.33,-0.031422177116025685,0.010459658941285628,323,71,10.318676568823923,81406,12.81881451739629,5880,500,3.967332477385909,675938,0,6612,200844,80383,681818,23,224
9745,HOME STATE BANK,211398,176089,2073,1.0129251793752212,19.39,0.0027864984860024892,0.340589787982857,371,0,11.090939098861199,24192,15.629659504778665,1385,66,3.6166742884109806,110194,0,2736,28034,10762,111579,11,8
9746,NORTHWESTERN BANK NA,169768,150177,1387,0.847575701281813,8.36,0.01726337523154502,2.3726497337543,957,131,10.421470187182349,16814,0,1859,0,4.871998242713377,113580,0,1911,33876,16979,115439,25,5
9747,VERGAS STATE BANK,55047,47068,331,0.604937459335775,4.33,-0.017002320816791493,0,290,0,14.264071578797278,8003,0,414,0,3.23932422364007,26167,0,1475,3458,7775,26581,0,4
9751,21ST CENTURY BANK,773882,585661,4710,0.6241790256764193,6.24,0.04901048991755532,0.2810505994453935,1356,0,11.08093896519993,85979,15.669168818289075,5659,575,2.7013292570466736,609814,0,82,311857,76010,615473,307,14
9752,MARSHALL COUNTY STATE BANK,41734,34869,667,1.6538638922087388,10.05,-0.022025784852133565,0,682,0,16.12358194545016,6680,57.36961451247166,331,0,3.3111579202594372,14030,0,1215,1050,6713,14361,0,3
9760,COMMUNITY BANK MANKATO,539896,455287,2878,0.5307054990162218,6.47,-0.020720456181563294,2.0052010016743966,111,0,8.322853508355472,45930,11.42357182860369,4748,350,2.6184923101345037,504185,0,2616,158693,45843,508933,227,332
9769,FIRST STB OF ROSEMOUNT,131804,125577,382,0.30527323552869007,6.85,0.09718465315491466,2.575794361324391,1190,2702,7.000657303243452,9266,10.459380138625814,734,213,3.1324707416451756,94151,0,6272,20377,5449,94885,87,3
9770,FIRST STATE BANK SOUTHWEST,401059,356445,2580,0.6493967406324521,14.15,0.30364747992118835,0.26903772262933884,879,0,9.26186949812659,38834,17.10454535990172,2240,555,2.5195740081610407,212346,741,4087,42131,17885,214586,622,0
9773,SECURITY STB OF WARROAD,143735,128695,812,0.5532857816456299,5.59,0.9823969341207762,0.583713083104324,2982,839,14.828990895918201,21696,0,1990,450,3.119409147208587,64542,0,9307,13563,14448,66532,778,91
9775,BANK OF KILMICHAEL,303785,286230,2533,0.8208999240999755,17.27,0.4536821303067352,0.797932748489886,827,0,9.269782037146976,28418,0,2809,592,3.1699629636854616,166549,0,7453,41272,14877,169358,854,146
9777,CITIZENS BANK&TRUST CO,104064,89780,1069,1.0067600784312247,8.18,0.003097068315132895,3.0173739237392376,1752,110,11.94933815827064,12548,16.887660453939915,2022,15,4.866937917339926,64139,0,1252,6813,12548,66161,73,71
9788,BLOOMSDALE BANK,344783,314161,5319,1.5581744839041367,23.99,0.09110136187604499,0.28829727683789513,1756,14,8.460069103064694,30117,12.783561430186765,2543,870,3.6573024623656365,236098,0,2757,60891,23265,238641,259,55
9791,COMMERCIAL TR CO OF FAYETTE,148727,129771,2212,1.439049238644067,14.35,0.033157943601180045,0.33080745258090327,484,0,10.565027108236984,16174,0,1113,-115,3.4358286217683847,103629,271,3770,5482,15368,104742,42,7
9794,KEARNEY TRUST CO,308096,277610,4949,1.6696467730508417,19.29,0.0468496927998715,0.09185448691316991,2424,283,10.445338322826277,32044,19.839921120552155,2499,225,3.5645782055085897,162219,0,4142,40091,27541,164718,92,15
9797,M1 BANK,1164842,1041495,15457,1.3979136836911217,15.42,0.0002153439451958273,0,0,0,9.596034452897054,115243,0,12774,5917,4.1503029617547345,958830,0,803,10021,110597,971604,6,4
9803,BANK OF ODESSA,612055,495927,11184,1.9194602444840403,14.3,0.1437414695483025,1.5323786261038632,16996,8509,13.89795849954745,82918,23.89636915212862,6186,900,3.981439813398893,448484,0,7189,64524,82895,454670,699,57
9812,ADAMS STATE BANK,70978,52210,198,0.2809116291739495,2.06,0.65047983729331,0.0901687846938488,42,64,14.725926755202284,10523,0,302,283,2.635081260689271,49211,0,903,0,9814,49513,304,4
9818,PLATTE VALLEY BANK,102178,86456,772,0.7800690340886126,6.26,0,0.012722895339505567,17,1,14.387668875925192,14132,0,579,100,3.0205096071760495,52270,0,2907,2645,12414,52849,0,0
9819,NEBRASKA STATE BANK,69976,56874,2981,4.56163331262414,26.23,0,0,1009,0,18.748116448676992,12442,0,431,0,5.462980217538422,56258,0,0,864,12442,56689,0,0
9822,STATE BANK OF TABLE ROCK,143036,112832,1605,1.1897455056529591,13.51,0.007758353160235853,0.285242875919349,518,0,8.762472352803123,12321,0,1239,111,4.246833754856624,121244,0,1151,4351,12321,122483,23,14
9831,ALDEN STATE BANK,419571,353734,5643,1.3460744861277758,9.21,0.4953918869085968,0.9736135242902869,3989,233,15.191097865018193,63917,24.58556174135256,3688,807,4.4212253599870275,275896,0,2459,67147,63509,279584,1475,94
9846,TRUIST BANK,523132000,402078000,5043000,0.9681138653947381,8.35,0.5855120179262748,0.40085485116567143,1950000,587000,10.133005547150782,51440000,14.26560670419755,4854000,1871000,3.23441336529643,302699000,3363000,22460000,34854000,60832000,307553000,2216000,412000
9860,MARBLEHEAD BANK,54434,53274,-311,-0.5437462191279779,-73.52,0,0,0,0,8.470533286626965,5078,21.808859721082854,239,12,2.4748300616690986,19278,0,2777,876,45,19517,0,0
9865,REPUBLIC BANKING CO,59046,47702,1036,1.6855833810589886,9.69,-0.004296178549180504,1.1973715408325714,1402,423,18.618375376070354,11263,0,552,0,4.423084030197249,46483,0,2061,4200,11211,47035,9,11
9871,ST HENRY BANK,474296,429288,9069,2.146102513133608,22.24,0,0.4961036989559263,255,0,12.848236942093653,57418,0,2815,60,3.493155507276988,241001,695,354,56113,41530,243816,0,0
9875,BANK360,62521,54697,1065,1.7902890686462387,20.36,-0.01611889295443189,1.701828185729595,2020,72,8.648316857272082,5354,15.533384906767681,533,24,4.88256127429387,48666,0,335,15747,5354,49199,2,10
9879,FIRST STATE BANK,47490,43269,500,0.9930881067768331,12.29,0.15274709780514173,0.8528111181301326,280,30,11.668171331126493,5816,0,205,26,4.36381357433989,17466,0,1563,4545,4155,17671,42,16
9881,SECURITY BANK&TRUST CO,147627,132423,2319,1.6048776099157769,20.52,0.042749210448256005,0.20863392197904176,1292,17,8.227294605752869,12136,11.409963417798872,1465,325,4.010227525383532,117543,0,2296,45586,11145,119008,67,18
9888,DIME BANK,1079214,913679,12961,1.2552776186741454,13.01,0.13581604713109197,1.1100671414566525,1341,0,11.048224687500575,120364,13.893924368845573,11124,1328,3.9528062827071384,764178,0,17059,418725,103708,775302,1335,313
9889,MID PENN BANK,5462964,4773517,55323,1.0254478556345583,9.34,0.01870300069844376,0.4146833111109647,6450,0,9.246053358002955,495729,11.913027826646996,35514,1516,3.1585335863096593,4414620,0,3519,1876670,611351,4450134,901,84
9923,ANDERSON BROTHERS BANK,1967132,1788059,20470,1.0740299966556586,12.87,1.2866038386833303,0.4775988596596466,33109,0,9.082348242891646,181031,12.66845783598763,30245,26250,6.386450508214583,1545359,0,91779,329128,167747,1575604,21995,2947
9932,COMMERCIAL STB OF WAGNER,249334,217901,3557,1.4213047873636933,15.82,0.5668778479465862,0.7644364587260462,1343,533,10.751874985305758,27439,0,1650,784,3.4688941565765714,141981,606,3578,20796,22404,143631,1229,445
9935,RIVERS EDGE BANK,304921,262755,2246,0.7479566065282026,8.92,0.05593393215543053,0.07838095769068053,259,17,8.022693360880186,24464,11.768892848097396,2446,200,3.118266656305412,218635,0,1945,13816,26099,221081,147,28
9963,F&M BANK,1682956,1497730,10204,0.5849400075347427,6.95,-0.0028031552315286087,0.09530849291365906,3688,0,8.32284229673479,138502,11.747853766759912,8452,-582,3.080260303687636,1194494,0,7911,271515,145469,1202946,274,309
9967,AMERICAN STATE BANK,694103,576431,-4555,-0.5146098353632649,-5.84,0.23871915758792625,1.7977159009541812,3019,751,8.825068542884686,70492,14.085619973745587,7079,-365,2.420412647783606,512686,303,4852,250209,76117,519765,1835,214
9978,FIRST STATE BANK OF UVALDE,1826683,1656742,19860,1.0542594310566356,13.37,0.11310721425542031,0.18142173546258436,14255,360,13.904724927470582,257852,0,9603,1200,2.249348584668732,704204,0,9270,309644,155787,713807,789,14
9986,FARMERS&MERCHANTS BK CRAIG C,88373,73152,762,0.8676977314600778,5.2,-0.028324141475040362,0.03847328935308295,1544,0,16.94999547879555,14996,0,658,43,3.2612410526467803,52463,0,1031,3486,14996,53121,16,30
9997,JEFFERSON SECURITY BANK,536854,494936,4277,0.7956753361853869,15.92,-0.06360749505632887,0.008754707983921141,134,0,7.6158092214445485,42219,13.90653432340959,4107,-11,2.851948440774649,378176,433,3196,75312,29703,382283,16,253
9998,CAPON VALLEY BANK,221852,199422,1688,0.7788780096160057,8.84,0.007201111327871835,0.45345545679101384,3483,225,9.918868202222386,21566,0,1880,228,4.1324409541205585,157316,0,12418,22295,19831,159196,106,95
10004,ERGO BANK,243475,208983,1462,0.6131855872027916,6.42,0.016943565603945693,1.513913132765171,248,0,8.436654597762212,20645,11.043878185208204,1567,142,3.7630515795180486,192698,0,411,57022,23211,194265,34,1
10011,WOODFORD STATE BANK,452694,362505,1008,0.22662257718432235,4.65,0.8801826606843992,0.24519874352211427,254,0,7.416323288053917,33981,10.157103977513552,2317,3210,3.1963876112358744,329204,0,1621,78183,20015,331521,2816,15
10012,PORTAGE COUNTY BANK,212516,179470,2410,1.1405239027308212,10.78,0.0017703501752646673,0.22915921624724728,420,0,11.114420522130503,23509,0,1209,60,3.340486295031749,113476,279,165,32559,23611,114685,6,4
10015,SECURITY BANK,214257,182369,2593,1.3231576573220676,11.33,0.03474442823037794,0.6786242689853773,0,0,11.71042681701142,24468,0,1939,242,3.8528868716644404,183722,45,981,73434,24239,185661,95,36
10044,NATIONAL EXCHANGE BANK&TRUST,2862772,2326023,34115,1.211610435014849,7.22,0.5487830128507343,1.6028171296910827,2002,1,18.281217723655494,528342,0,48776,5700,3.6280986729201428,1573192,3379,13226,656408,488156,1621968,9956,865
10055,FIRST SOUTHERN BANK,314365,285557,2327,0.746010271666998,9,0.00253859940393686,0,19,0,10.04321916112941,31650,15.220053595556902,1871,200,4.151723049150059,202450,173,1636,76699,27314,204321,11,6
10057,BANK OF HANCOCK COUNTY,83418,71133,460,0.5792619195732603,3.71,0.04665571812481338,0.13785993430674434,396,38,20.940708277891034,17154,0,822,-100,3.4942820838627693,17736,0,4071,405,12165,18558,13,3
10072,PLANTERS&CITIZENS BANK,140237,120736,1000,0.7439192044230459,10.76,0.021311794213315076,0.7943695315786847,25,0,10.406584891591983,14236,0,1155,159,3.9214565643370345,81367,0,1252,29711,9666,82522,22,6
10074,APEX BANKING CO OF GEORGIA,57677,52610,-236,-0.40359956082895243,-4.75,0,0.04161104079615791,656,0,11.336868930367105,6584,0,446,64,4.576543954938644,33281,0,1079,3724,4893,33727,0,0
10075,PEOPLES STATE BANK OF COLFAX,44435,38319,549,1.2788200381083712,11.56,-0.004854321802700945,0,73,0,10.906761627654493,5023,0,114,15,3.595936882099794,20737,0,1363,995,4765,20851,0,1
10077,FARMERS STATE BANK OF EMDEN,37023,26271,351,0.9350474982817504,3.33,0.1127286781757279,0,28,0,28.994599312639792,10630,59.362174154187464,73,40,3.2225293031690025,12926,0,52,1878,10630,12999,14,0
10101,NAPOLEON STATE BANK,463296,412791,6092,1.3709117373178288,13.76,0.07361339139124849,0.26592070728001105,1387,915,10.258172180229705,47025,0,4258,595,4.351688106907494,319633,0,5636,35208,46487,323891,343,112
10111,OHNWARD BANK&TRUST,439493,367598,4435,1.0405878535359105,9.09,0.0037194493727148634,0.4523394001724715,1558,172,12.429450187075908,54880,0,3459,250,3.4281703294696277,333762,0,1216,56223,50713,337221,18,6
10118,LEIGHTON STATE BANK,278930,236292,3305,1.2454581288659132,11.89,0.5346943372231973,1.0436310185351163,851,336,10.651801996578367,28329,14.763231197771587,1934,270,3.1529284216888858,202309,0,812,33999,28771,204243,1134,61
10120,AMERICAN TRUST&SAVINGS BANK,33401,29161,-286,-0.8806828679468389,-8.77,-0.2478519497686715,2.161611927786593,41,48,14.4983320502951,5085,39.89515271235374,320,0,1.9184887407262148,5465,0,497,48,3111,5785,0,15
10121,LIBERTY TRUST&SAVINGS BANK,175720,143477,1649,0.9658819339662428,5.24,0,0.00796722057819258,204,14,20.175287754819028,36371,0,1427,0,3.1767765633466927,103634,0,2581,9314,31619,105061,0,0
10122,FARMERS SAVINGS BANK&TRUST,205160,186912,1987,0.949928671687058,21.3,-0.014335793992728885,0,0,0,9.913316203834935,21683,17.251516133512336,676,90,2.8391525058229194,110769,410,1425,13187,9490,111445,6,21
10123,FIRST TRUST&SAVINGS BANK,52873,46906,-413,-0.7514173222616024,-11.69,0,0.3593516539632705,331,0,10.635887531107231,5727,0,140,26,1.7086929000104163,11565,0,287,912,3611,11705,0,0
10125,CITIZENS SAVINGS BANK,160809,148416,1232,0.7817318405977711,13.08,-0.006769014160777624,0,61,0,9.45334294001367,15351,18.625879729635567,682,5,2.6458133423729175,63613,0,246,7634,10241,64295,2,6
10127,SUCCESS BANK,270479,239013,3136,1.2107201236664127,11.08,0.1000328751257951,0.013309720902546963,356,0,11.52622230531925,30824,0,1820,37,3.659070447430804,202565,465,405,17087,29062,204385,235,36
10132,EXCHANGE STATE BANK,141943,115049,2334,1.7082756954965634,17.86,0.23242721154491786,0,0,0,10.030179053088649,14391,0,762,50,3.523212243847701,118536,0,673,15177,13034,119298,270,0
10137,COMMERCIAL BANK OF GRAYSON,230123,205842,1907,0.8523529769332813,8.41,-0.09955488865002128,1.5330931719124121,7340,1899,11.803743838965767,27373,19.149784863267204,1962,271,3.7878604518324535,143321,0,9040,40121,23531,145283,65,203
10145,HART COUNTY BANK&TRUST CO,24799,16836,325,1.2721351516385102,4.27,0,0,0,0,30.74519230769231,7674,42.495168563452864,1014,16,4.4429368060496754,15653,0,66,5236,7674,16667,0,0
10157,SHELBY STATE BANK,355248,304445,1753,0.4872045575443334,7.27,0.03321954799268364,0.055172724406611716,446,0,9.160192192595327,32753,14.624294151872983,2184,0,3.1812282540198265,198680,0,1799,103407,25319,200864,71,5
10159,FIRST STATE BANK&TRUST,423940,387296,5591,1.3941774203603268,17.96,0.0018027749754642324,0,209,0,9.193923634870673,36949,15.157229153728899,3500,335,3.409472066287509,283272,0,7949,66944,33212,286772,14,9
10160,VERSABANK USA NATIONAL ASSN,177765,65439,379,0.32882293535636076,0.72,0.11537856406132546,0.07931820099569656,67,0,59.87653941832254,97482,162.87444072983718,443,-256,1.9181087389384843,44223,0,130,44,97501,44666,66,0
10162,FIRST STATE BANK MINNESOTA,99491,84439,1259,1.3315762308883379,12.49,-0.009520027417678963,0.4482817541285142,632,138,11.03745306857359,10789,0,1000,60,3.976373871539124,77332,196,464,2229,10506,78332,2,9
10163,SECURITY STB OF MARINE,219696,195639,4191,2.00205029822954,19.15,-0.034547428684236506,0.1802490714441774,152,0,10.963310607848854,23687,16.49611265575121,2025,205,4.301553677877611,167787,0,2495,31525,23213,169812,15,71
10165,FARMERS&MERCHANTS STB PIERZ,329909,306306,5009,1.567994751020965,25.04,-0.009363287113027047,0.03849546390065139,326,98,9.833698317888619,32960,0,2891,288,4.138725796335633,216855,0,3970,34412,20142,219746,2,22
10167,CITIZENS STB OF ROSEAU,287230,247650,3383,1.1361026072261902,12.19,0.09014566251266867,0.3015005396372245,465,261,12.02061167355816,36368,0,1750,155,2.649791155569139,161065,0,9903,14000,28992,162815,149,9
10168,FIRST FARMERS&MERCHANTS BANK,454549,415410,2449,0.5283211640410248,6.96,-0.002475468111019794,0.005279958816321232,21,0,9.205141867302892,42672,14.018355172275875,2796,0,3.0872784647164635,276118,0,2423,52774,36441,278914,4,11
10169,SHERBURNE STATE BANK,282172,229109,4849,1.7525699419617073,23.61,0,0.021972413988631048,774,0,9.174181514341484,26461,11.520472602925821,2958,485,4.386525969117555,215003,0,1976,101312,22755,217961,0,0
10174,FARMERS STB OF UNDERWOOD,106175,95936,1286,1.2062318854173506,18.68,0.010274007787697905,0.01883682599481987,1592,20,8.211857530567137,8805,12.811827109920698,1034,30,4.49779950705731,76777,0,1474,12929,7370,77811,13,5
10175,SECURITY STB OF HIBBING,154007,140936,1557,0.9991542162767806,13.47,0.062193555390711225,1.3337056107839256,56,982,10.38656322560593,17043,17.169777576972674,1198,78,4.04476684279056,86112,424,612,18174,11963,87310,60,5
10178,PRODUCE STATE BANK,113398,101140,1951,1.739138186161773,16.13,-0.07374380268427441,0.59524859344962,462,117,10.036922059552895,10928,21.223452264731346,594,0,4.5133536743339935,55330,25,1648,9281,11950,55924,3,42
10185,ELYSIAN BANK,69912,61128,1649,2.5343263671376715,21.01,0.02222267116507404,1.0498912919098295,119,0,12.844036697247708,8848,16.305106086127985,766,60,5.097828158062758,51019,0,3005,12076,8607,51785,27,16
10187,NORTHERN STB OF GONVICK,53246,45248,903,1.7682790708604057,11.61,0.1377427716350067,0.409420425947489,315,56,15.227709567332209,7764,52.24154906465376,611,0,3.4034801783231865,15894,0,1442,2388,7788,16505,23,1
10191,PRINSBANK,204429,168930,4045,2.0720956083867366,13.06,-0.45080484457282655,1.3046094242989008,6201,1584,16.12608702159824,32322,23.78464744703022,11172,396,4.478690915528728,125305,0,1973,105221,32322,136477,3,631
10194,PINE RIVER STATE BANK,179659,166442,1038,0.5861750777331401,8.91,0.010830459979481202,0.013358640535681487,355,0,8.017462092612671,14123,16.611194500641737,1132,17,3.0907732913100725,101066,0,1305,25558,12743,102198,11,0
10197,HOMETOWN COMMUNITY BANK,93123,81658,744,0.8352286887583158,9.54,0,0.7452509047174167,1575,0,9.060436095715376,8190,0,824,180,3.123832726251853,79945,170,1003,24401,8073,80769,0,0
10200,STATE BANK OF JEFFERS,38942,34033,670,1.8248771612537722,15.12,0.19249578590306538,0,12,0,12.263096252129472,4607,15.661444031658862,241,14,4.699781217081274,19418,0,458,698,4607,19659,41,4
10202,LOWRY STATE BANK,82787,67231,970,1.1936316674173009,14.35,0.03983196222867795,1.6753838162996606,789,817,8.652224362118258,7233,11.886209938253455,964,216,4.041313478036229,76352,0,2623,10000,7205,77316,90,60
10212,COMMERCE BANK,249098,170740,2149,0.8342261766121644,8.31,-0.0027923679000555683,0.030911528795895593,97,0,11.88232317642036,30058,15.873255191868099,3305,9,2.6926617674793265,204685,0,55,80156,26246,207990,0,6
10214,VERMILLION STATE BANK,847134,740181,16695,1.9761199018888131,15.91,-0.01751316231773895,0.18403227824641674,180,741,12.394719564809604,105722,0,6362,0,2.9262637986596163,396127,0,6972,109357,103498,402489,105,172
10218,CITIZENS BANK&TRUST CO,317087,286479,2518,0.7953790938490474,29.03,0.1909233026978241,0.3049636219712571,1192,0,7.660895083938179,25870,14.208195186150693,2093,100,2.6162396729146904,165088,0,3223,39850,8508,167181,319,0
10236,GOOSE RIVER BANK,182247,156484,2410,1.3778357116721551,14.76,0.0550691117352277,0.9865731671851938,743,1798,10.171197840708734,18691,0,1260,46,4.011445660435471,134545,0,2106,18619,17299,135805,116,46
10243,FIRST STATE BANK OF GOLVA,107713,101447,2963,2.724101726766069,51.04,0.0022675634124108284,1.1614196986436178,0,0,9.83249083159877,10912,16.710284698023454,409,0,4.533562150214707,42361,309,1374,2298,5923,42770,1,0
10248,FIRST INTERNATIONAL B&T,5453117,4857071,101344,1.9053724908838463,24.81,0.12449140108843927,0.48427348982242635,37968,0,9.167047820471069,501058,12.277836444566837,45399,5600,3.9450220606806483,4341199,15055,26925,1204510,445464,4386598,6219,772
10250,PEOPLES STATE BANK OF VELVA,161658,142903,1408,0.9116938987734869,10.15,-0.0521381202835582,0.6544680745771938,19,1,9.289496230822808,15071,14.341415123832018,1846,200,3.497143919398248,110862,214,2165,13599,13681,112708,21,78
10253,FIRST SECURITY BANK WEST,69565,62844,1288,1.8448493182078605,19.57,0.9536891679748822,0,0,0,11.996204005924051,8343,32.34061658186172,285,-180,3.887877465657584,26029,0,176,11904,6605,26314,276,33
10255,OLD FORT BANKING CO,824071,778619,6749,0.8179107053349738,16.37,0.03067697774024359,0,168,0,8.207398185611693,71200,15.938566696196526,4724,0,2.208403186741331,441966,0,973,147453,41060,446690,247,111
10266,CITIZENS BANK CO,320728,273096,3658,1.1691592536813493,10.91,0.009950175803895652,0.03398518370706643,318,0,12.866781492404153,41535,0,6239,347,3.2597632683493907,188366,524,2338,42542,34649,194605,57,38
10280,FARMERS&MERCHANTS BANK,134643,116861,1202,0.9386518398200786,6.99,0.2724645105558025,2.5363368314728576,2603,477,13.860729512079583,19019,0,1581,379,4.192686296086938,77705,0,1439,8262,17521,79286,395,178
10307,BUILTWELL BANK,1899311,1658730,39304,2.1311343855258107,18.45,0.01735952678885544,0.32827693832131755,8300,1092,10.104835468181442,190057,15.861396853114604,18894,1165,5.1453957563260415,1227503,2559,10786,636583,225271,1246397,539,321
10308,BANK OF FAYETTE COUNTY,991080,851767,10363,1.093894647062487,11.78,0.08682971925908711,0.9450296646083061,15397,2599,9.692944711213345,96751,0,9796,698,3.9008389860764012,808359,0,24900,143191,91175,818155,898,218
10315,BANK OF HALLS,135851,125736,1382,1.003236198968888,15.46,0.008079959277005245,0.1958027544883733,879,0,7.850412205203382,10389,13.97759138244123,926,30,3.190734683930215,51347,0,1912,6856,9062,52273,4,0
10317,CITIZENS B&T GRAINGER CNTY,261080,236374,3231,1.2194403934818252,13.28,0.0594834817395793,0.2520300291098514,487,0,14.165204098963935,40032,0,1171,150,3.490140647823517,101689,0,2718,26371,23353,102860,78,19
10319,CITIZENS SAVINGS B&T CO,180798,162875,-1318,-0.7367128966120151,-7.39,0.309600336471309,3.0724897399307514,5891,0,9.585725077611068,17384,15.399899856142554,1992,1182,3.3678005023898483,154674,0,465,46901,17053,156666,667,190
10327,CITIZENS STB OF LULING,70370,59847,749,1.0672708360050727,7.52,0.009372387446999149,0.03978968310359528,200,0,15.312729548113285,11257,0,1050,0,5.426582071372735,54801,0,530,35722,10346,55851,5,0
10330,COMMERCIAL STATE BANK,106659,96115,2009,1.8219677251431545,20.39,1.2495143442328078,0.5587901630429687,564,11,11.210725672398288,12342,25.57598691341966,686,620,5.482585075609699,41852,0,1987,12464,10142,42538,808,287
10344,SCHERTZ BANK&TRUST,880781,767927,10108,1.1591142294000358,11.47,0.2599916266143525,0.23592697844299548,1145,0,10.683354625180147,93996,0,8670,2280,3.050034017415109,678614,0,868,314640,92357,687284,2146,324
10345,PEOPLES STATE BANK,167083,155289,1919,1.1093626974336086,18.15,0.04032258064516129,0,319,0,10.201115853901785,17900,20.19516981954969,569,32,4.005900643064094,77611,0,2997,16406,11395,78180,29,0
10352,CROWELL STATE BANK,51484,46062,820,1.6979475541272548,16.43,0.7456816021501851,0.155388081734131,297,56,10.703562444210014,5276,0,191,100,4.892066412425089,24435,0,1375,1812,5040,24626,188,6
10363,CITIZENS&FARMERS BANK,2542660,2181630,22631,0.9120820748930175,9.07,0.6744040651696713,0.10512612775597208,20457,410,10.14012720834728,258078,13.531249554189195,40087,13250,4.326652263196379,1900680,0,75261,526409,255803,1940767,17163,4499
10374,BANNER BANKS,125551,109969,1586,1.3284061136834204,10.81,0,0,0,0,13.377539029712942,15938,0,317,-200,3.1907146187820796,31827,30,510,10806,15291,32144,0,0
10378,BANK OF NEW GLARUS,760882,594006,7182,1.1136102649375264,13.64,0.021872693280283913,0.3346116743463507,3049,0,8.123497389296645,61361,11.44448811095324,6175,1294,3.7137836375793376,545824,269,8143,92747,63370,551999,119,16
10380,OOSTBURG STATE BANK,394124,349502,3728,1.0151244834519462,9.62,0.010889613861802538,0.20323552993474137,589,0,11.445840903848199,44160,14.583490558918086,4143,90,3.4233814218920857,273434,0,1463,102378,38982,277577,29,0
10382,FARMERS&MERCHANTS BANK&TRUST,172967,145922,722,0.4310663937773596,5.25,0.4277861668948193,1.0655211687778594,877,0,10.821211023105727,18813,16.94441578096516,842,100,3.4035981971350013,113383,0,414,37227,13713,114225,508,23
10383,STATE BANK FINANCIAL,482783,376049,4861,1.0242680518552296,13.13,-0.025108639069325304,0.19988276306332242,0,0,9.801471751696871,47697,14.29683960126869,2788,-15,2.8195151565324172,289717,0,495,106425,38491,292505,60,131
10384,WAUMANDEE STATE BANK,340195,281538,2281,0.6847267216929591,6.5,0.020511137547688397,0.557327415158953,954,0,9.2840805611137,30484,13.154923439573718,2721,0,3.722755537114127,256173,330,1214,62775,36160,258894,92,40
10407,FARMERS STATE BANK OF BRUSH,114487,91679,489,0.4217058649023436,2.41,0.09568669090729502,0.15809655244700271,383,166,19.37476632337446,22801,0,849,0,2.928886105472293,64633,0,555,3616,20657,65482,63,1
10434,STATE BANK OF GRAYMONT,317140,280889,1384,0.43211271897561815,4.45,0.01631773042477684,0.3326606546004919,2929,31,10.63798309178744,35233,0,2331,323,2.4148823040818215,189350,0,1864,56433,32165,191681,53,22
10437,FIRST STATE BANK OF OLMSTED,73854,65604,611,0.8462064743797485,7.95,0,0.8056435670376689,1106,332,11.927788523533204,8880,22.550961259781662,456,12,3.0938734949504285,40616,0,1921,5662,8078,41072,0,0
10438,RARITAN STATE BANK,246904,221822,1603,0.6358946041387495,6.69,0.1179373661864499,0.7391536791627515,2039,0,10.587140400065971,26961,0,1659,215,2.6647250764480477,167214,0,4396,677,24655,168873,277,82
10446,FREDERICK COMMUNITY BANK THE,195535,175926,3836,2.078643831207185,20.97,0.0070787773535754914,0,367,0,10.07738480396025,19156,19.17611734781694,898,90,4.337451190829585,88904,0,439,7669,19022,89802,8,2
10458,FARMERS STATE BANK&TRUST CO,128094,117282,1332,1.0680094292724385,14.37,0.009084859400444704,0.05230533826721002,448,67,8.5411177475062,11054,12.537235704614103,963,174,3.4428490501386952,90768,0,2102,15251,9393,91731,8,0
10460,TOWN&COUNTRY BANK MIDWEST,222570,194775,5252,2.430617262010544,19.7,0.20667344060729997,1.0783124410297884,415,0,13.067591794919556,28062,0,2119,1065,5.166960414904095,159059,0,1046,39039,27344,161178,330,7
10463,MIDDLETOWN STATE BANK,39872,34562,755,1.8286184847897693,19.76,0,0,222,0,9.402168604083228,3850,0,183,0,3.3070113670656873,29985,0,598,6519,3850,30168,0,0
10464,FEDERATED BANK,119728,108155,984,0.8316964240434646,8.6,0.27042042097285124,1.0415274622477617,274,39,9.177265430683201,10405,16.38594766861755,593,25,3.8054241763806873,58263,699,480,12695,11218,58856,151,4
10467,GIFFORD STATE BANK,188866,163931,4061,2.1658042915030715,18.59,0.1665395235895177,0.18161024218228797,430,289,12.401231729874794,23197,0,2034,0,4.649762146782491,129995,0,3833,5138,23097,132029,306,89
10469,FARMERS&MERCHANTS BK HUTSONV,50815,41828,468,0.9102437430467492,5.18,0.03996756917244293,0,776,0,17.46760734038187,8938,0,100,14,3.1982140169568054,35423,0,2592,4218,8938,35523,16,2
10471,CAMP GROVE STATE BANK,60987,47819,111,0.18194215878469194,1.96,-0.04084767086580723,0.03279387410431731,0,0,8.9404296875,5493,20.59411700541759,171,0,2.584525243135515,12190,0,231,2742,5948,12361,0,5
10473,IPAVA STATE BANK,209647,185021,1875,0.8926029635370499,10.47,0.1345361335731381,0.07011786479176901,1413,147,8.821425118437592,18248,14.72288721261123,1155,151,3.5964772965966665,140974,0,2178,29767,18019,142129,231,41
10474,CITIZENS STATE BANK,414513,373018,5636,1.356352499553578,15.37,0.05946424913905312,0.31144982183912207,8975,330,10.065767056725837,43130,15.640446695551352,3004,0,3.303664456349881,281264,0,3181,28219,38072,284268,220,58
10489,ELGIN STATE BANK,29543,28581,-143,-0.4903708987161199,-16.04,0.13113034356150013,0,27,0,5.8666486431685305,1736,11.37135922330097,138,6,2.5961504124558084,19076,0,828,1178,838,19214,25,0
10492,FARMERS&MERCHANTS SB,123652,104957,1014,0.8292321506552897,6.45,0.012260250795690278,0,16,0,13.589076175313572,16132,0,1027,0,3.0752051771899684,81006,0,224,19719,16030,82033,10,0
10494,MOUNT VERNON BANK&TRUST CO,185435,153990,934,0.49579845315129284,5.01,0.008522718468266046,0,839,0,12.582443825500835,23446,0,1090,0,2.23009481088796,126238,29,1676,15494,18744,127328,12,1
10497,IOWA STATE BANK,196021,170461,2735,1.3844904670111609,13.09,0.006212492079072599,0.5178016641074171,755,41,11.362651812061381,22295,0,2655,114,2.913178971772246,158268,0,2361,17246,21602,160923,10,0
10500,FARMERS SAVINGS BANK,126477,104218,-1170,-0.9224917685349885,-8.84,-0.009030976248532467,0.28384607478039486,305,0,13.990921320735419,17784,0,1161,0,2.3163911760457294,87887,0,924,10494,12508,89048,0,7
10502,BANKWEST OF KANSAS,133712,117885,904,0.6459265187132914,5.76,-0.06336906141367322,3.995153763312193,334,0,8.823572841912524,11951,13.882959612824145,1523,0,4.808622233018007,83929,0,387,4076,10697,85452,9,58
10503,FIRST STATE BANK,85585,77673,640,0.7675278168870511,8.24,-0.010104344194380636,0,341,0,15.013035508954086,13187,23.22210931383165,914,0,2.624555722796322,30802,0,998,1401,7361,31716,0,3
10505,KANSAS STATE BANK,201450,184532,2883,1.523468710499727,22.28,0,0.2571357656986845,1308,499,9.776055834913308,17789,0,1030,112,2.600373656555745,75786,0,1144,11502,15040,76816,0,0
10520,CITIZENS BANK,202676,175081,2531,1.2607055368433846,18.17,0.07698632184767172,0.05230022301604532,592,0,8.053993471057797,16456,15.336672327439807,1335,180,4.733508219173712,139239,0,3550,15034,14463,140574,152,49
10523,BANK OF COMMERCE&TRUST CO,370678,333934,842,0.23370439225478107,4.03,0.02169042129305277,0.09226336604816039,832,0,11.571665474409834,42705,0,645,24,2.141752833212771,91737,0,4850,19985,22774,92382,62,42
10528,EXCHANGE B&T NATCHITOCHES LA,176060,159159,4633,2.578254733571069,29.33,0.0033545564940859166,0.8292627513347722,545,0,12.82896439850208,22302,0,954,0,4.340831966097118,91076,0,2266,17721,16490,92030,6,3
10531,CITIZENS PROGRESSIVE BANK,284303,252130,1066,0.37478781946618406,3.49,0.15345029155555398,2.3422193926901933,9345,5823,8.987921523345502,25531,0,1553,250,3.804108452692408,221908,0,4628,52101,30013,223461,462,121
10532,CLB THE COMMUNITY BANK,317821,286179,6049,1.9630852989607883,20.47,0.1300808099284067,1.439489523977333,6378,2376,10.434290065278152,33711,0,2405,450,4.683589831218512,231490,675,6025,50911,30577,233895,320,27
10533,WINNSBORO STATE B&T CO,336914,283901,4819,1.3921621760601262,12.78,0.1502150467627677,1.5793347857316702,5442,1974,11.756243509368574,39961,16.32516559075673,2626,412,4.030698644216761,254446,0,6392,38386,38078,257072,452,69
10561,ARCADIAN BANK,222512,186539,3196,1.4433637782530782,12.67,-0.0036324757865218195,0.13886891493492484,1,0,12.332356257046223,27347,0,1920,80,3.8020561783898352,168969,0,222,47141,26228,170889,0,6
10567,UNITED MINNESOTA BANK,49763,45877,402,0.823207067294106,11,0.33358929493070155,0.4019050298414485,0,23,7.514133485175092,3695,14.261424017003188,331,170,4.647950973725667,33897,0,1867,2753,3695,34228,106,0
10571,FARMERS&MERCHANTS STB ALPHA,42725,37642,85,0.19012682577672402,1.71,0.8199259603338822,1.1398478642480983,10,54,11.584055459272097,5013,0,350,220,3.328177451717483,29193,0,779,3689,4956,29543,287,54
10576,FIRST SOUTHEAST BANK,138250,103403,1228,0.9362867538297789,15.46,-0.0018825230326693049,0,355,0,7.307026446182317,9792,9.525910759672408,1002,136,3.7155408991834844,114552,0,1822,11995,8059,115554,0,2
10594,BANK OF FRANKLIN,235378,206329,3388,1.4683918681949268,13.8,-0.04345941945665792,1.601679001435988,1918,329,11.777229420005842,27825,0,2571,412,4.60760985000878,165616,0,4598,50421,26174,168187,205,275
10595,COMMUNITY FIRST BANK,250577,228150,6043,2.423359209767545,27.82,-0.11449519170412031,0.39668445228412824,789,470,8.627159531177659,21243,12.49206718564901,3526,75,4.431116587072884,200776,0,6863,31607,21197,204302,213,441
10597,TBO BANK,137437,115213,1178,0.9950534524469192,8.53,10.485466251716709,0,11935,0,14.169739283991595,17332,16.85164416132071,5971,14002,122.11270400604191,86853,0,72293,1644,17032,92824,8378,56
10608,UNICO BANK,507420,466475,4596,0.9346824540417289,12.37,0.0951467979167859,0.6566552362934058,3875,0,8.170196273408644,41739,11.536241106181862,3129,696,3.868588950110584,414091,0,8344,93088,39027,417220,444,45
10618,BTC BANK,1366541,981455,12911,1.0296221109015697,11.95,0.013555513058442822,0.2756594935680671,11183,430,8.936608234662252,119635,0,10374,1800,4.227432992280022,1058630,0,6150,111760,116625,1069004,172,42
10619,HAWTHORN BANK,1812168,1548464,21865,1.1950306401155801,12.59,0.18171776570238218,0.20125065667200834,4023,210,10.831048427721331,199960,14.1021957673488,22044,1027,3.6313000071490764,1444116,1941,5065,527463,172941,1466160,2991,266
10623,STATE BANK OF MISSOURI,139253,128506,1346,0.9309930777275469,13.84,0.17799472930715232,1.3349802158660855,691,0,8.881086964154058,12648,19.4215471524095,792,120,3.124814987559944,76748,0,1154,6891,9866,77540,140,1
10626,BANK OF NEW CAMBRIA,32844,29402,211,0.6141719448584203,6.3,0.01061864208804978,0,28,0,12.984540184153689,4569,0,249,0,4.044002750171885,9368,0,8,270,3377,9617,6,5
10628,PREFERRED BANK,132411,121607,1238,0.9089547460947253,26.61,0.04145265908938378,0.00679701837460634,483,9,7.6511398808068245,10951,21.380326890066424,459,29,3.137840403799482,51962,54,1759,5044,4603,52421,24,3
10634,PINNACLE BANK,8278376,7255489,64818,0.7599977018798857,9.74,0.05201050749165027,0.1965965305272435,21955,1382,9.309428364150452,800730,12.766189446738787,70324,7046,2.287510964759345,6099633,3903,16692,1890769,694548,6169957,3987,872
10635,BANK OF STEINAUER,17392,15593,55,0.31684582858064597,3.29,-0.10352941176470587,0,0,0,9.495015525412649,1743,0,76,0,3.8720082734167245,11695,0,150,616,1743,11771,0,11
10637,FIRST CENTRAL BANK,132979,113529,2527,1.9233843039053757,17.26,-0.02019413293124571,4.30594304363847,23,7,11.50943538476617,15266,13.03720172614774,1824,23,4.8315755321906675,104866,0,1279,8021,15193,106690,411,432
10639,FLATWATER BANK,304119,263715,4079,1.3810106465459158,17.22,0.03431972807793049,0.10883897421732941,5476,32,9.623018179764756,28970,0,2937,313,3.3877275575387262,227626,0,4649,23945,24027,230563,98,23
10641,RIVERSTONE BANK,505352,452380,6954,1.3552501619518098,13.97,-0.037754306515912356,0.00870680238724691,167,0,10.071736803404887,51091,0,5742,0,3.7523274438005467,432352,0,2153,168821,51151,438094,38,195
10643,DUNDEE BANK,705929,635565,6633,1.007768309006407,11.53,-0.01422382684159047,0.055104691831614795,491,153,9.304249119737404,64344,0,8470,856,3.1372167180364827,610917,0,458,190488,59725,619387,29,110
10647,AMERICAN EXCHANGE BANK,69271,56527,939,1.357945063240615,14.42,-0.501791419609136,1.6197254262245382,0,274,10.405974280606655,7218,0,628,0,3.807359872269217,44450,0,257,11005,6583,45078,86,293
10663,ANDOVER BANK,565621,535918,3559,0.6311995984726353,13.23,0.006374690827494867,0.10961403483958339,87,0,9.059049709801615,54801,22.299942931422592,1608,-35,2.8226387365433006,263442,0,816,31237,25603,265050,17,0
10667,MABREY BANK,1864436,1741279,12564,0.7044077626139112,11.63,-0.0031776946175096376,0.400925534585258,4280,191,8.001114838576637,148993,12.22206199570676,14613,982,3.4440014041405163,1297571,0,15293,436973,110257,1312184,91,131
10672,EXCHANGE BANK,144790,131461,1194,0.8211863322682212,9.41,0.9165365184810423,1.6423786173078252,39,579,11.91237213150853,17852,0,712,310,3.925166758591524,55834,0,303,17760,12871,56546,507,7
10674,BANK OF HYDRO,205911,183895,4819,2.9051331454049585,26.73,0.006488983868386103,0.06799053960206108,983,32,10.504528250878616,18651,0,1400,42,5.425706263846719,138460,0,1114,34525,18651,139860,9,0
10677,JONESTOWN B&T JONESTOWN PA,952118,790596,7881,0.8526797470762096,9.2,0.209929332034279,0.11689727533772075,4929,716,9.576120339714375,90328,0,9015,1729,3.745526676627519,759555,0,5870,233435,88926,768570,2942,1329
10685,MIFFLINBURG BANK&TRUST CO,593992,489630,4485,0.7838617802628324,8.45,0.012290333063109877,0.0735700144109685,428,0,9.670688834826585,57520,0,4379,679,3.0815850191678607,431960,0,1407,128675,53109,436339,62,12
10704,AVANA BANK,39195,30310,-87,-0.22334837725851422,-0.98,0.2296307120639626,0,33,0,17.458801050871745,6579,0,127,5,5.1659733696805255,8545,0,393,3007,8779,8672,22,0
10709,CROSSROADS BANK,332862,309175,5703,1.7542801914297124,26.48,0.09414767586001287,1.7046103189910535,3394,0,10.928112201018807,36341,0,2392,490,3.9090714556138995,199280,0,12508,48717,21413,201672,289,109
10719,PEOPLES STB OF HALLETTSVILLE,382498,353585,2450,0.6447171612656035,8.72,-0.012981561854978646,0.013333403050473468,442,0,9.754125293930402,37997,0,1224,0,1.8402739194756923,143604,0,1977,5865,27449,144828,19,37
10741,INDEPENDENCE STATE BANK,82297,71608,602,0.748034235613388,8.51,0,0.006075555609560495,851,5,9.624252775405637,7889,13.70135660149035,692,0,3.927573762866528,54726,0,197,8322,7438,55418,0,0
10788,ILLINI STATE BANK,167284,124860,1601,0.9544191813813743,8.04,0.09025270758122744,0.06097415174194783,152,0,13.321902714973104,22066,0,986,72,2.652810497251564,107529,0,130,37563,20211,108515,98,0
10791,COMMUNITY BANK,288839,195865,4150,1.4858277098633184,10.86,-0.016849696494841887,1.0119824538929991,163,0,15.550919392117157,45618,25.915460689602504,1891,0,2.8424407994026364,189637,0,780,20768,39009,191528,10,42
10799,FIRST STB OF CAMPBELL HILL,159463,136442,1989,1.2705628037469148,11.27,0.025136592242244352,0.1617930178160451,915,5,12.772867367992053,20058,22.524325886596944,943,35,3.6897056934975843,99074,0,3241,14735,18206,100017,32,7
10803,DEWEY BANK,28351,24728,274,0.9635673090448728,8.4,0.010288489238240257,0,8,0,9.223827346182098,2637,11.974265832202722,99,0,4.519629102836135,20336,0,102,2666,3381,20435,2,0
10804,DU QUOIN STATE BANK,131678,122296,1261,0.9488265701537234,36.48,0.005249288721378253,0.4791992587979769,3,0,10.883315969638339,14625,25.150647041390894,641,30,3.488973322629881,42391,0,2317,13433,2857,43032,2,0
10809,FIRST STATE BANK OF VAN ORIN,43761,40064,318,0.7199293654207511,10.13,0.2276269019978638,0.3062087246635132,29,134,10.569177657785254,4776,25.957402161368165,172,68,2.6373536854217474,11748,0,117,1233,3263,11920,27,1
10816,GRAND RIVERS COMMUNITY BANK,18427,16288,-354,-1.6201817898889672,-18.56,0,2.914201986215879,1920,0,9.108747289063308,1764,13.00159447249535,605,210,4.9222513689544085,12802,0,1195,5651,1755,13407,0,0
10820,STATE BANK OF INDUSTRY,62258,54481,564,0.9367370326695345,7.63,-0.035174492540301854,0.20398984869414374,289,14,14.287986765080174,8982,0,515,0,2.949543396252345,37254,0,2392,1575,7432,37769,11,24
10821,CLAY COUNTY STATE BANK,108633,98627,1237,1.1847796520559806,13.28,0.12333550233699514,1.3080739738385205,1350,1070,11.863333815656201,13118,0,454,0,3.0944528920397323,46788,0,4125,8064,9318,47242,62,4
10829,PETEFISH SKILES&CO,459731,406569,7279,1.5380545416665081,16.31,0.10404517191263077,0.3702164961684115,1740,88,9.27653291644954,42724,0,2638,300,4.217045214158442,312586,578,12068,29100,43429,315224,396,77
10831,FIRST T&SB OF WATSEKA IL,323389,276177,5377,1.6989231411847154,11.93,0.029565662319106418,0.017007381203442293,99,0,14.94674257245419,50882,0,1948,123,3.5184646889138875,170728,0,1840,15594,46146,172676,72,23
10840,CAMPUS STATE BANK,24680,21806,234,0.8904922824002192,8.48,0,0,67,0,10.781752791974258,2848,0,158,28,4.733787652476973,16491,0,1283,1627,2848,16649,0,0
10843,CITIZENS BANK OF CHATSWORTH,40266,36546,124,0.30632562413845915,4.69,0.577706606125717,0.2905677246312025,182,19,13.804038968946623,5441,24.578850357923614,391,0,3.735789762301479,17297,0,209,10972,2648,17688,115,1
10844,BUENA VISTA NATIONAL BANK,309770,261764,2897,0.9647617201731441,9.72,0.008295808625649976,0.12557704103044193,1005,0,10.890790331843977,33564,16.55748257239248,2693,320,3.76884975233902,186605,0,1965,49866,30435,189298,89,74
10845,CLAY CITY BANKING CO,218826,198875,1741,0.8052237328710734,9.9,-0.0059934711121351816,0.264136802756528,971,4,10.341175079796667,21869,15.531919142166814,1444,127,3.166015479182739,150561,0,3142,28205,18417,152005,43,52
10849,TOMPKINS STATE BANK,286262,257198,2656,0.9064103964180408,11.21,0.30166621363810725,0.13274552682507634,985,0,9.471866825538537,27266,15.409461259308388,1298,400,3.4262710271071346,152850,0,1763,15644,23663,154148,562,87
10853,WEST CENTRAL BANK,251164,199446,2732,1.1064859028349854,15.89,0.18248115363055542,1.1008743291236005,2118,1769,10.339431201866791,25965,0,1318,545,3.4311682064196267,187907,0,4710,26087,17372,189225,346,12
10855,STATE BANK OF BEMENT,180159,147344,1077,0.6081021566453088,6.79,0.3152865626027583,0.803734478988005,3293,171,9.69506343368448,17477,0,1070,485,3.7728721291784924,109929,409,3591,31680,16244,110999,338,12
10858,ANDERSON STATE BANK,104922,89409,1201,1.1258136604973454,8.19,0.026926163075614053,0,0,0,15.67975885674856,17270,0,232,0,2.4713045214093223,38365,0,821,3282,15419,38597,10,0
10860,MURPHY-WALL STATE B&T CO,182497,166455,1418,0.7906134446659798,9.23,0.0017627854831089894,1.0608393562633907,5595,513,10.861933911630741,18720,0,1481,0,3.986971873858517,115121,0,2312,30465,15336,116602,2,0
10871,FIRST STB OF BEECHER CITY,105865,88666,3135,3.078267529432558,20.24,0.0641515687731547,0.4222358664336655,855,253,15.76380651113747,16744,24.018814828912845,1306,125,4.89562904931566,77869,0,9340,12719,16717,79175,81,33
10872,CHESTERFIELD STATE BANK,23526,21505,-30,-0.1275380063258851,-1.52,0.4661745934846551,1.0584034685029329,2002,204,8.381873011938696,2029,14.056681184119169,204,101,3.2012168161157386,16955,0,1674,362,1954,17159,84,0
10878,WATERMAN BANK,155780,128148,1097,0.7275867466459379,4.65,-0.07411597199196426,0.3370137373218642,434,81,13.807881119808943,20814,19.23441383132789,702,124,5.2612636706080504,103611,0,278,39910,24451,104313,10,86
10883,BANK OF BLUFFS,65142,56534,246,0.4005105695716165,3.17,0.5753832751676409,0.4804887783611188,132,0,12.836853040592924,8279,0,254,132,3.4546493969269405,32799,0,812,3551,7546,33053,244,30
10886,LEGENCE BANK,645708,586234,10722,1.6667858486430356,20.11,0.3188479302055118,0.41907487595011983,1748,0,9.324886532595594,59643,14.143836146218462,4095,560,4.8369311994359645,432788,0,26667,95521,54894,436883,1430,57
10903,CENTRAL STATE BANK,542469,455614,3886,0.7296172795001201,8.08,-0.0685996524284277,0,4872,0,10.257750356924332,56329,0,4761,-336,1.8745815324225232,435448,0,6701,182881,49111,440209,89,380
10906,BALDWIN STATE BANK,101087,86471,695,0.6836029712631017,7.24,-0.03600398161679057,0.12266661390683273,94,0,10.372650712261885,10580,0,641,0,2.650126177039862,46514,0,596,4948,9883,47155,11,28
10907,GUARANTY STATE BANK&TRUST CO,383116,304503,2784,0.7411296050396813,8.45,-0.01392814193015395,0.47035362657785107,142,0,11.415212741045563,43385,0,2867,-4,2.942982718863697,258886,0,2157,17497,33241,261753,2,37
10918,GRANT COUNTY BANK,306775,260224,4005,1.331883392860706,12.35,0.6194248611807762,3.4435661315296224,2080,683,12.971258297145392,39787,0,3003,127,3.3089999836942683,157712,0,3055,13039,32986,160715,1053,70
10919,STATE BANK OF BERN,113994,95646,1352,1.1877903585158947,7.64,-0.0033572143178476226,0,116,0,17.281136065017446,19860,0,947,0,3.583362645093211,62924,0,152,3425,17929,63871,3,5
10920,FIDELITY STATE BANK&TRUST CO,190447,148490,3058,1.5873905749073935,7.71,0,0.037805793737890336,288,56,21.228424690654222,41706,128.4677320971087,795,8,3.3385578219362757,21434,0,47,1841,40576,22229,1,1
10928,MINERS STATE BANK,138273,121491,97,0.06940856745010096,0.7,0.9494338561080244,0.46863812891887785,680,22,11.136146675651393,15865,0,903,498,3.4705604485079777,91722,8,471,35321,13676,92625,891,0
10956,NORTHVIEW BANK,465081,386910,3097,0.6823804391031092,7.5,-0.025935467616481127,0.6768713406911914,2074,892,9.960173130253734,46116,0,4816,18,3.9981317052841034,335681,0,8009,41445,43736,340497,25,109
10958,UNITED PRAIRIE BANK,915500,775456,8682,0.969136323390142,10.25,0.006126474948843935,0.3486619333697433,1103,0,9.452991584740007,85855,11.344559043240396,7937,925,3.279120668445353,760530,0,936,178032,86682,768467,75,29
10960,JANESVILLE STATE BANK,90170,75491,874,0.9658397722651485,9.27,0,0,216,0,12.435529443422883,11091,0,762,5,2.834122980236731,67886,0,467,3833,9820,68648,0,0
10962,GRAND RAPIDS STATE BANK,238034,213065,3138,1.2923706476185455,14.87,0.0026619284340540506,0.7255266054429199,4,0,10.451679586563307,25280,0,1121,0,4.908280027431288,151924,1072,3599,72687,22189,153045,6,2
10965,LAKE REGION BANK,140310,128146,1922,1.359937734380528,18.15,-0.042666666666666665,0,253,0,11.357579826406253,16579,23.247808079178096,709,43,4.304971199136344,61327,0,2501,18958,11061,62036,7,31
10967,F&M COMMUNITY BANK NA,210728,185067,778,0.3748143994249634,5.54,0.055612171836049766,0,313,0,9.161437110114413,19650,0,1717,118,3.057758485346097,143133,0,610,36004,14365,144850,81,1
10969,RANDALL STATE BANK,58376,52276,554,0.9352199792698532,9.48,0.6255419566089586,0.7828559682061121,492,194,10.289481712484323,6071,0,488,215,5.268501202244189,46164,0,1045,7879,6009,46652,290,0
10971,PRIME SECURITY BANK,136241,113981,1118,0.8161167733166312,10.27,0,1.327794129520482,0,0,8.296457700602199,11118,11.564981195152528,1060,210,3.451344755240478,116467,0,3312,55607,11019,117527,0,0
10973,ALLIANCE BANK,784945,693653,4901,0.6420785895809026,6.78,-0.03127252572122046,0.24829765142780702,108,0,9.856036003131372,77177,13.63034324399732,10342,0,3.128847491370516,566820,0,3922,243171,74236,577162,0,181
10976,CENTER NATIONAL BANK,239670,215049,2443,1.0094565793181642,12.13,-0.0007405564244750936,0,31,0,10.020537261019182,25567,18.478592908879854,1265,55,3.4840955228674315,131304,0,4640,40929,20546,132569,19,20
10980,ESB BANK,181541,154863,2493,1.4442863499008176,15.11,0.05200534016479281,0.35969836015004875,3219,0,9.554520349242656,17126,0,1510,152,3.4647354627653426,144471,0,241,19330,17074,145981,74,1
10982,SECURITY STATE BANK OF OKLEE,45431,38233,803,1.8366208007026277,11.55,-0.02693530140602273,0.07043648609979969,296,10,15.645034304352718,6955,45.73182428544025,348,2,3.2731382267844,17655,0,590,967,7032,18003,0,5
10984,SECURITY BANK MINNESOTA,144805,122992,670,0.4568526534274859,4.57,1.5056209293779814,2.1055902765788477,397,0,10.023671934832556,14397,12.908693998379281,1199,1160,4.34418911984479,115099,37,204,17987,14419,116298,1935,124
10988,STEARNS BANK NATIONAL ASSN,3135139,2528376,49507,1.5586734271415017,9.23,0.8824664482892008,2.6750010127142687,22357,364,17.2304634407517,525851,18.926833232533234,79684,24450,5.93921287586125,2642731,0,858,550447,536499,2722415,29151,5649
10989,LAKE CENTRAL BANK,276956,245289,4228,1.5287711254619216,17.63,0.05221461774331033,0.10795938705065065,311,198,10.274232943147343,29193,0,2154,580,3.6206412238112704,161279,0,2213,27486,24820,163433,80,0
10991,FIRST STATE BANK OF BIGFORK,108409,92732,715,0.6760730650599767,6.12,0.24909867195509966,3.6076340525233146,2453,162,11.48426908512926,12283,17.669941848806896,1006,302,3.933474918488828,83980,0,2655,8385,12045,84986,334,127
10993,BONANZA VALLEY STATE BANK,70675,55971,367,0.5019544766953615,5.72,-0.03532121109368598,0.009904492394764769,64,0,9.819488550894201,7050,13.641782148711071,274,-60,3.0374650379757355,56465,0,510,4808,6524,56739,3,23
10998,FM BANK,659860,598252,5833,0.9333528761925731,14.57,-0.0619917506691788,0.021216621707634952,947,0,7.449899403244846,48026,10.776960574702814,2095,25,2.7640262097353308,400111,0,1025,40375,41708,402206,2,226
11002,ST CLAIR COUNTY STATE BANK,212675,184234,4156,2.023036131347422,15.65,-0.021962108985903155,0.21441166098507114,3478,412,13.220528435699281,27440,0,1820,157,4.136545769993391,146515,0,3162,12293,27384,148335,49,80
11003,LIMEBANK,124427,99934,254,0.22134458995478995,1.29,0.056177502932465644,0.14225208355099778,446,0,15.942908177881133,18922,0,1151,172,3.9224450305886336,98378,0,1636,19190,19879,99529,69,19
11013,FIRST STATE BANK OF SHELBY,159168,135200,-272,-0.17010184848177845,-1.1,0.012041325830249415,0.003769601930036188,294,2,20.808733647168978,32003,0,95,9,1.8130272964247154,25344,231,526,3096,23308,25439,8,5
11035,PEAPACK-GLADSTONE BANK,7008570,6149163,38864,0.5857289104209438,5.54,0.007283820571999173,1.4292216529192117,4871,0,10.567386688149494,733389,14.751746024733356,72992,7500,2.4423222412277035,5447928,0,34187,1254618,713408,5520920,5806,5414
11063,FIRST-CITIZENS BANK&TRUST CO,223543000,155572000,2795000,1.2763107697906528,12.8,0.39197598541308276,0.6025686333278161,654000,108000,9.777127490592461,21851000,14.632032518340393,1675000,430000,3.574666961509458,138672000,310000,459000,28566000,21932000,140347000,658000,119000
11112,SOMERSET TRUST CO,2315834,1881461,24527,1.0732645840715755,16.65,0.04246834572438578,0.9335297780410858,10583,1527,8.425478202932801,196514,12.592643381885098,18779,550,3.796637858297415,1523961,4283,16131,542415,151219,1542740,1646,1010
11113,HAMLIN BANK&TRUST CO,435719,332740,5586,1.3013377267265323,6.47,0.21131142632027167,0.8119912145212855,16412,2859,21.237207271240692,91430,0,3344,475,3.3754786742374225,287603,0,13429,15096,88834,290947,810,213
11124,S&T BANK,9653169,7822421,134099,1.3986730384330055,10.24,0.1076696073909224,0.2894179103256143,11479,0,11.428591451577862,1060007,15.794311097528446,101494,133,3.8844497034928596,7641464,0,15849,2733878,1352177,7742958,12188,3907
11133,FARMERS STATE BANK OF CANTON,72073,60891,55,0.08436850937717633,0.98,0.002433445271815837,0,30,0,9.573424684794816,6735,16.15411315515446,245,-8,2.9000030366523943,41664,0,469,3004,5714,41909,2,1
11159,TEXAS CHAMPION BANK,444038,333889,4035,0.9096975790997263,9.1,-0.005962372320055603,0.10517117904323503,1222,0,10.012010745491386,43680,0,3995,0,4.438192881147393,346606,0,4137,175731,45645,350601,9,30
11175,FIRST STATE BANK,112999,74442,1331,1.2831265484763477,9.73,0.49419397871630844,0,159,0,12.542596750759477,14244,18.076137551059183,979,445,7.334051917722087,73663,0,2316,14519,13520,74642,401,75
11178,TRANSPECOS BANKS SSB,857225,779411,3713,0.4521816394038363,5.51,1.6558049722423367,2.1671089853889,75098,7339,8.973821736123405,70455,0,8809,10670,3.5810093517846933,552097,0,56750,36975,70226,560906,9567,306
11181,FIRST STB OF BROWNSBORO,125523,120538,764,0.6035527452960016,14.49,0.07065231354212162,0.1234833456816679,520,88,10.866479563856899,13474,0,669,30,3.2120693734189882,59826,0,5342,5813,4883,60495,53,9
11225,FIRST COMMUNITY BANK,153025,136301,2089,1.4179246307558644,17.49,0,0.048358111419702664,0,0,10.15062986497741,15479,0,1296,0,3.156435977883141,103910,271,589,22101,12224,105206,8,8
11228,FIRST CITIZENS STATE BANK,516352,382799,5524,1.1966505914582024,6.99,-0.06301340429400194,0,0,0,16.64810076997466,81600,0,6612,0,2.9556070326484036,325944,0,2168,69196,81395,332556,2184,2367
11232,BANK OF MILTON,206886,187272,3111,1.6152631201836756,21.21,0.059149560759743244,0.24651257214117922,64,0,9.241270542853698,18399,0,1886,130,4.240438528764153,141809,78,504,52068,14732,143695,122,41
11235,BONDUEL STATE BANK,117226,101264,1031,0.9164362983440147,7.05,0.009403521215687223,0.4418814938665484,740,0,13.835279033672986,16402,21.259291648447746,614,130,2.9596076088315804,81793,76,847,18582,14909,82407,8,1
11236,HORICON BANK,1578788,1368662,13739,0.8910850119358305,9.27,0.006739227304555912,0.5307869074251894,3667,88,8.952211680128535,141635,11.520414966072732,12715,1904,3.609275632462779,1232705,744,1641,442574,153480,1245420,220,137
11241,CENTENNIAL BANK,22418169,17696637,419344,1.8497266970403474,11.22,0.4143730553542218,0.634717313443395,61197,5035,12.226032174445747,2604830,15.428377701870136,275880,48070,4.4180923408920965,14488620,0,1225520,5426780,3778738,14764500,63036,2282
11242,MCGEHEE BANK,163570,128325,3129,1.8679660243904186,10.82,0.2814250340359822,0.5685639175887999,866,0,16.30254836048554,29050,0,3335,500,4.289416631681837,112040,0,729,10982,29022,115375,460,152
11243,BANK OF SALEM,247360,216435,4385,1.7786073889475673,15.38,-0.0041978840565413,0.08125808538163001,1588,0,12.244561037580484,30409,0,3439,179,4.52583534064291,193186,0,3805,18087,29657,196625,71,79
11252,FIRST NB OF IZARD COUNTY,216345,150107,3167,1.492056342911955,5.04,0.09828164374083524,1.5891284753518686,3611,0,30.649980902738772,68210,0,1079,0,4.643633588504268,106775,0,12765,11195,63561,107854,103,3
11259,GUNNISON BANK&TRUST CO,231091,195623,4289,1.798345471850799,16.12,-0.005237610759100022,0,97,0,12.40808149903501,30474,0,1948,80,5.068233499735486,148396,0,1087,49068,28123,150344,2,10
11261,MCCLAVE STATE BANK,78777,64983,1116,1.5647082576216436,12.58,0.31675692363103125,0.11805476217677749,210,0,12.645050062993171,9535,0,660,150,4.8906521170267485,66833,0,692,6756,9381,67493,197,0
11295,CITIZENS BANK OF SWAINSBORO,388816,343346,6484,1.828166966568003,16.83,0.0888794223385703,0.0714991152627464,763,7,11.477672866101905,42570,18.891663664111388,5186,480,5.109277103745146,258144,0,9109,43805,41434,263330,472,245
11299,FARMERS STB OF ALTO PASS ILL,353544,320461,4625,1.31791838993401,15.28,0.25713235359313474,1.082467811644378,4034,36,8.795312655545601,30923,11.507158316144569,2942,1052,5.752891985109796,297741,0,2497,76132,30316,300683,786,32
11300,OAKDALE STATE BANK,24384,21055,222,0.8849698631884428,6.74,0,0.8407152230971129,164,53,13.287440966941489,3320,0,148,0,5.080813615039551,13412,0,501,2513,3272,13560,0,0
11302,FIRST STATE BANK OF ST PETER,28657,23510,377,1.2593028072097592,7.86,0.1917307648929691,0.08374917123215968,236,24,17.867013493740856,5495,42.8169228427941,132,10,3.3992432137536457,8333,0,806,420,4926,8465,18,1
11306,FNBC BANK&TRUST,576206,527367,2522,0.44049293290045555,5.68,-0.009390716873910845,0.015792962933395348,0,0,9.486292027552343,55639,19.815537448301416,3573,0,2.571453895124529,289556,0,731,85980,46028,293129,31,59
11307,FARMERS STATE BANK,326318,275859,5859,1.8235021699022236,12.84,0.011438651967575235,0.3870457651738488,1229,40,15.032138876589768,49228,19.077165856025722,2181,201,4.304254926444074,244232,0,425,42646,46907,246413,27,0
11310,BANK OF HERRIN,333794,318347,3016,0.9191165266659597,21.77,-0.6676709756997439,0.44518475466904733,822,14,9.170952181776054,30477,13.603599951352008,3079,-475,3.3526718110772515,205304,0,867,93207,14447,208383,8,1358
11317,IUKA STATE BANK,141955,97556,1025,0.7179650977903486,7.9,0.8875135615784244,4.047057166003311,2215,3958,10.327888382001529,14738,0,2136,1212,4.80308910439384,113145,0,4136,20859,13292,115281,1110,58
11319,LONGVIEW COMMUNITY BANK,104580,84628,932,0.9275570019606086,6,-0.03589469150144231,0.02677376171352075,390,0,8.003964685686258,7833,11.632650248749362,608,239,4.469579285051153,73612,0,906,7819,15896,74220,13,35
11324,FARMERS&MERCHANTS STB BUSHNE,89852,83010,1144,1.277278949237094,18.05,0,0.04117882740506611,19,0,9.112997133643855,8139,19.11339180757754,316,0,3.405280065471683,42794,0,928,3385,6508,43110,0,0
11343,ASHTON STATE BANK,56607,45353,482,0.8714234575624008,8.93,0.043377361355108765,0.008832829862031197,132,0,13.318694767912746,7400,18.359485107582447,416,25,2.839933477645171,38375,0,1705,2255,5280,38791,16,0
11347,GRINNELL STATE BANK,493042,333908,3285,0.6736444059830287,8.32,-0.0008315330642492337,1.3877113917272768,1219,1267,10.566460849634069,55412,14.818847728197918,3924,237,2.7535234387773646,373042,0,282,228710,40166,376966,0,3
11352,SANBORN SAVINGS BANK,85054,67965,704,0.8286076801574354,9.13,0.030635586297042647,0.009405789263291556,110,0,9.376071103546904,7933,0,774,25,2.841441563017776,60501,0,928,3414,7805,61275,19,1
11355,BEDFORD LOAN&DEPOSIT BANK,111583,92235,793,0.6980609223206962,5.62,0.09571616965159316,1.82465070844125,2753,1091,15.148425207232707,17233,25.22464876895257,1156,86,3.5487316219635052,76566,0,4508,6657,14181,77722,163,91
11358,CUMBERLAND SECURITY BANK INC,368257,319557,12352,3.5114132301135523,26.92,0.003488351000668368,0.04399101714291921,973,162,13.424979360250891,48458,17.728005977144214,8400,915,5.436347371726136,295345,0,2012,102632,47805,303745,44,34
11406,STATE BANK,1806828,1469751,12755,0.7189468508042397,7.94,0.18224614876257336,0.6163840719758604,4718,216,9.029853550367553,165818,13.134044240254667,14400,1654,3.0093926155148316,1423592,0,2124,720154,166620,1437992,2737,83
11407,HIGHPOINT COMMUNITY BANK,627900,575911,6081,1.0250945022164024,15.45,0.0021916655343061408,0.033444816053511704,27,18,6.850816600394541,44313,16.208589881445665,3156,264,3.242499950485385,324021,0,2237,152193,41900,327177,10,3
11409,VALLEY PREMIER BANK,130219,118971,1163,0.9024598432528905,13,0.006301435466999383,0,2,0,10.649450362856488,14425,0,771,123,3.386918287602218,85089,0,2578,11035,9250,85860,5,0
11411,RUSHFORD STATE BANK INC,101191,95056,935,0.9364289906397162,18.55,0.03712057469720217,0.01778814321431748,658,0,6.628233315433793,6542,12.598170479665008,468,-400,3.0306820783758344,58148,0,2774,6035,5789,58616,21,0
11415,HARVEST BANK,235259,218267,1573,0.6868971636780309,11.16,0,0.6460964298921613,623,18,8.041942006629005,19289,13.345916524530951,1954,254,3.092253614537737,157361,0,4066,20376,15048,159315,0,0
11417,WELCOME STATE BANK,42482,37480,856,2.0786789703739683,18.34,-0.08681931767565813,0.00470787627701144,27,2,11.635790117935077,4943,20.00834629538298,471,0,4.802048597043455,27610,0,770,3810,4879,28081,27,50
11431,BANK OF YAZOO CITY,306800,275246,1765,0.5614249824892662,6.34,0.04004411417167765,0,42,0,11.43575482838749,36024,0,1744,170,2.286303095489719,155583,664,1514,29560,29052,157327,62,1
11445,JEFFERSON BANK,171645,139966,2953,1.7311058559799652,9.85,-0.14415279229595937,0.08331148591569809,897,2,19.005119087047724,32708,21.157152316673855,7004,825,5.4077891315030175,116989,0,59,36746,30569,123993,14,193
11446,UNITY BANK OF MISSISSIPPI,289929,230803,841,0.29485225132490683,5.01,0.0134160515289356,0.27006611963618676,1545,0,10.469518402843683,30337,0,2215,35,2.5857858689340363,147658,0,2265,76390,16641,149873,131,112
11448,CENTURY BANK,530360,482854,5110,0.9857116182028336,12.55,0.21088727525951767,0.35711592126103026,11934,47,9.406670063816128,51134,0,5242,1250,4.026141337269323,357622,989,10115,89534,41789,362864,1157,389
11459,MID AMERICA BANK,979781,847527,20041,2.0941370015544325,18.09,0.010316195519139844,0.11390300485516662,1255,0,11.077587014105784,106474,0,8181,685,4.637801555276401,719748,0,9188,168212,115551,727929,125,50
11462,INDEPENDENT FARMERS BANK,155820,138659,1581,1.0227581477791723,18.39,0.02801545519278135,0.20279810037222437,283,0,9.366038508807865,14632,15.794948444237974,1003,137,3.86764455057138,86799,0,3589,11701,8359,87802,52,28
11463,CITIZENS-FARMERS BK COLE CAM,186364,159129,2488,1.357210343601146,9.83,0.09144442780225931,1.170826983752227,2728,105,14.10744388723375,26612,0,1749,150,3.5514720602921024,129618,0,6378,12091,25486,131367,139,23
11465,TRI-COUNTY TRUST CO,62503,48124,857,1.3808549377245702,11.96,0.20973251038291166,1.9551061549045647,1058,1017,13.596519393783716,8469,0,646,0,4.035003572135333,43664,0,2255,1909,7225,44310,117,26
11466,HOMEPRIDE BANK,118942,101266,879,0.7253157475208063,7.66,0.07054478980719803,0.5086512754115451,1461,337,9.967794818877064,11978,0,1222,69,4.020259407105004,97240,0,1022,7630,11588,98462,78,9
11475,THAYER COUNTY BANK,81715,62433,810,1.0014093909947333,10.76,0.58489599023478,0.05751697974668053,429,0,13.038195951055625,10517,0,742,203,3.385468922018971,50771,0,1468,10575,7712,51513,406,107
11477,AUBURN STATE BANK,255047,225519,1757,0.6973661231682728,6.81,0.0009481117406573068,0,477,0,14.792788354388806,37833,0,1481,0,2.505834581191739,107721,0,892,4788,26222,109202,5,4
11482,HOMESTEAD BANK,508518,395318,6556,1.300163690529311,8.3,0.009014027629797491,0.4770725913340334,750,2426,16.921737500878432,86686,0,3678,8,3.596677918621275,352076,0,9749,26343,83285,355754,39,9
11491,CITIZENS BANK OF CLOVIS,517129,451220,9441,1.854948198592039,35.35,0.025061614897112904,0.005801260420514031,3749,0,11.32818812086889,58888,0,4337,645,3.5638443218006155,326534,0,1176,106861,29281,330871,145,63
11492,INBANK,1314197,1131410,11303,0.8466811268387207,7.58,0.13342358688187034,0.8806898813495998,1759,0,10.596178859793358,138164,13.794296491517951,12143,2510,3.6782305672564855,902365,0,1306,464305,155328,914508,1285,44
11501,FIRST NB OF SCOTIA,675927,594786,5154,0.7728061018394705,9.5,0.16145311044690872,1.093165386202948,2715,433,8.901834203117085,60452,13.988394813192018,5581,674,4.135661749588733,494635,2742,4880,95056,58468,500216,1122,326
11507,FIDELITY BANK,3987905,3652708,62314,1.5999419117921936,21.55,0.0346304891391309,0.39384087634986287,1168,0,10.133267082921053,425824,15.491355366216172,32034,1773,3.821237804252627,2608436,9024,4074,1405955,315655,2640470,2741,1861
11519,SECURITY FIRST BANK OF ND,271162,219621,3927,1.488882856349913,12.71,0.01552443363213302,1.6573118652318541,0,0,12.00730664710242,32078,0,4797,516,4.483088949165563,226732,613,1686,66744,31077,231529,38,4
11521,CHICKASAW COMMUNITY BANK,469509,406991,-1561,-0.35480869197195897,-4.27,0.08336357613444978,1.084324262154719,170,0,14.22822963142745,62727,27.38249945852285,3992,21,3.272399346573397,291964,0,680,60717,59659,295956,279,13
11522,LIBERTY NATIONAL BANK,1284821,1168211,19029,1.5347948122338366,18.62,0.004813206668986632,0.05930787245849811,205,0,9.308639911582771,114714,13.426175701207782,9671,1607,3.6630696369178413,845619,0,5430,337226,109766,855290,78,38
11526,COWBOY BANK,360188,313419,7071,1.9556141142735766,17.1,0.126406369616965,1.438415494130843,754,31,10.318953869909283,38493,0,2504,201,4.462451600224766,263239,0,2692,46041,40351,265743,427,107
11527,FIRST STB OF POND CREEK OK,55117,45324,752,1.372653529106826,10.29,0.32949006155154764,0.39733657492243774,25,123,13.927975196756497,7592,0,713,175,5.4096902671977105,44238,0,1389,2252,7616,44951,141,0
11539,ENTERPRISE BANK OF SC,493625,476731,2447,0.525298026665476,18.7,0.3120563191792764,2.499265636870094,1513,0,6.882335386866924,33671,13.186029671166235,1837,815,3.153550954744374,256673,0,12483,74495,15377,258510,1153,349
11557,FIRST STATE BANK OF BURNET,294127,266692,3074,1.030834493050083,12.24,0.017196538418704593,0.0016999459417190534,769,0,12.465640639991701,38457,0,1348,0,3.0718604390688697,134430,0,2918,34659,26897,135778,44,23
11559,FIRST STATE BANK&TRUST CO,541268,454687,2323,0.4110139712902406,5.16,0.26702780037897195,0.4748109993570652,2814,133,14.069950364332081,80674,0,1539,210,1.9326502183309557,179952,0,15732,19953,43649,181491,587,98
11569,ALLIANCE BANK,1339375,1179555,8389,0.6149235622670763,8.34,0.3541230771270827,0.5539150723285114,9956,1542,10.000482739191865,138798,15.77669176788355,8463,4140,2.924694701951066,808514,0,7458,316926,102732,816977,3057,66
11570,GLOBAL ONE BANK,224775,180950,829,0.48847747052341917,2.48,0,0.04537871204537871,0,102,16.40705807654101,32042,21.47726842324542,1955,729,4.113595873108729,165204,0,1153,96157,41758,167159,0,0
11578,BURKE&HERBERT BANK&TRUST CO,7803223,6523015,53951,0.8765091518206585,8.78,0.03906056935368916,0.5273462004097538,35716,2497,10.882688686614062,847804,14.414840919184444,68040,24220,4.1482679136530605,5606527,17,21245,2725622,831132,5674567,1808,161
11580,BANK OF SOUTHSIDE VIRGINIA,674442,496299,12925,1.9110990719673333,11.62,0.07942276497119119,0.02135098347967653,908,1,19.34912263052757,134637,0,3697,424,4.319754472031264,321897,1213,732,38223,112785,325594,322,58
11582,LEE BANK&TRUST CO,255381,223013,2946,1.1749559690634812,9.96,0.014979100213333922,0.8551928295370447,2888,1205,12.168879624643065,31408,18.32038254632397,2855,270,3.3382083882503704,120471,0,10547,17593,29880,123326,44,25
11595,COMMUNITY FIRST BANK,600506,518810,5622,0.94578890099397,11.48,-0.01942546627509016,0.0756029082140728,570,0,9.918234849039564,60954,14.424947838456415,4250,200,3.38664875365371,395591,186,1745,93228,49817,399841,46,122
11601,LAONA STATE BANK,270908,251786,304,0.11306318670079389,1.68,0.05023417382675679,1.3886633100535977,2325,0,9.942910840581348,28145,0,1908,0,2.1887803089480147,146581,68,5759,15998,17998,148489,80,7
11608,BLC COMMUNITY BANK,416187,355312,3666,0.8912001641403029,10.6,0,0.08577874849526776,111,0,10.072836885255516,42940,13.762807241068112,3444,195,2.3605476330074424,336310,0,2071,148771,35272,339754,0,0
11623,GREENWOODS STATE BANK,641006,555811,2624,0.429271191093408,4.14,0.9772613232126939,0.23603523211951213,324,0,9.252680775681736,58917,12.170335597431873,6283,1553,3.7790998118413923,489204,76,564,126834,64779,495487,5163,629
11666,D L EVANS BANK,3434310,2893046,32050,0.9895733243883726,12.09,0.003942590199031002,0.09678800108318703,3127,50,9.963275424238812,336083,0,21906,0,3.112194447636959,1575182,9314,9473,623730,273557,1597088,220,159
11667,VERMILION VALLEY BANK,178170,139637,2812,1.591278976330008,10.74,-0.056254643432852316,0.10720098782062075,325,47,16.640614532624713,29808,26.475979368259516,1247,0,3.0688059204958646,108080,226,99,1232,26315,109327,7,65
11669,FIRST STATE BANK OF FORREST,304640,253980,1758,0.5880550564037791,6.93,0.02452673141204675,1.332064075630252,4036,1561,8.847131486745987,27044,12.281788255636098,2505,275,2.8229448174869387,259371,0,5580,43977,26164,261876,112,49
11670,CENTRAL BANK ILLINOIS,1412356,1053531,16301,1.1934409580209835,13.45,0,0.12525170707668606,11874,962,9.759533953035044,139786,0,9771,650,3.461768242848711,935857,0,2004,278464,126384,945628,81,81
11671,STATE BANK OF HERSCHER,159232,140448,1227,0.7614789696513085,8.14,0.08928745818138188,1.0996533360128617,418,0,12.939844471590739,21715,0,1094,150,3.1686200521143055,72412,0,34,17441,15191,73506,64,0
11674,WARREN-BOYNTON STATE BANK,248573,217354,3219,1.2912827383698307,14.23,0.05831759973090594,0.23413645086151755,1340,0,10.594261806091362,26638,17.268523313694548,1706,135,3.445566075198027,192123,0,2685,24534,22979,193829,144,32
11680,FARMERS STB OF WESTERN IL,167126,146878,1456,0.893562910265663,9.14,-0.12787869143155933,0.34644519703696613,48,0,13.18112324120303,22071,0,1371,180,3.3885997018297775,72495,0,1713,4705,16298,73866,3,93
11681,ANCHOR STATE BANK,58521,51257,270,0.5149743085039423,4.01,0.04115460836641531,0,0,0,12.504740063923148,6925,16.799323800802988,230,39,3.684011880733192,32587,0,179,4566,6863,32817,13,0
11682,ANNA STATE BANK,106654,92336,442,0.4205094443376786,3.12,0.02939764230908681,0.07125846194235566,598,61,13.169986122050936,14045,0,338,33,2.2463287314238207,43048,0,1401,12771,14045,43386,12,0
11686,STATE BANK OF CHERRY,128456,102036,2129,1.7079768697092028,15.05,0.20588861526347718,2.410163791492807,104,2777,12.241550377672514,15299,0,1878,44,3.700181769220412,99265,0,603,10718,14177,101143,205,0
11699,GOODFIELD STATE BANK,231415,206322,4280,1.9988791331963387,18.52,0.010927465782653856,0.6166410993237258,2730,514,11.922308268798401,26726,15.124220839373844,2173,150,3.710142617324294,180999,0,1472,44546,24246,183172,26,7
11702,SHELBY COUNTY STATE BANK,348495,316525,3375,0.9772088829590405,14.89,0.4006011484996377,0.40086658345169945,530,0,9.457622913536683,34308,0,1865,1200,3.4930462283959045,243239,0,2017,28630,22574,245104,974,0
11706,1ST COMMUNITY BANK,65522,58259,669,1.000927616026811,9.9,0,0,106,0,10.363977485928705,6905,0,445,0,4.56241562874099,43321,0,212,2258,6822,43766,0,0
11708,TEUTOPOLIS STATE BANK,347655,307708,4198,1.2555742652138933,11.2,0.025137944470280664,0,126,0,12.867234361003707,45392,0,2157,100,2.9790367802022555,177895,0,856,60053,38575,180052,48,4
11711,BANK OF RANTOUL,248946,207376,4204,1.6972856349237109,18.1,0.8050113913019691,0.8246768375470985,0,216,10.992242170196267,28636,0,1987,325,3.441654660397771,107538,354,583,24514,23094,109525,930,106
11715,BANK OF YATES CITY,87507,80087,557,0.6612233462887207,8.4,0.25498183813573977,3.120893185688002,526,177,8.981722047495328,7882,0,972,150,3.6464469484135376,65732,0,2020,10335,6769,66704,208,37
11716,HARTSBURG STATE BANK,18375,17006,-68,-0.3757279729475859,-5.55,0.09410288582183186,0.31564625850340133,0,58,12.921277665995975,2055,0,194,0,2.4105690581227983,6397,0,13,0,1192,6591,6,0
11719,LIBERTY BANK,130139,114417,1889,1.4868560040174235,14,-0.008781905761369276,0.11218773772658465,423,146,11.628153889322848,15333,18.818069670445865,684,24,4.345722618056824,90115,0,2347,4811,13956,90799,5,13
11722,PEOPLES STB OF NEWTON IL,695514,579027,7146,1.0458998705285438,12.89,0.09208563787234363,0.19942085996831121,1544,6,10.566665606298036,76399,0,5281,425,3.099840326388343,469799,0,7089,82371,56996,475080,435,19
11729,CIBM BANK,858434,694053,6496,0.7360264316881133,8.04,0.010139664283936908,0.690443295582421,2663,76,9.121807367421402,78475,12.818373577001484,8789,-463,2.5372966189138,701508,0,33,304683,78307,710297,159,85
11731,FAIRVIEW STATE BANKING CO,37236,32000,301,0.8071392945441674,6.43,0.42982282703069796,0.23095928671178428,42,12,13.627512893379645,5179,0,187,68,4.136262053808448,23403,0,839,1088,4798,23590,104,4
11732,BANK OF FARMINGTON,227218,203122,988,0.4327688357379454,4.75,0.16267657186237564,0.27330581203953913,1460,65,10.5674511627091,24094,14.073936507242893,1672,30,2.943345178636427,166379,0,3797,49934,20746,168051,284,8
11734,FLANAGAN STATE BANK,294737,263574,917,0.3166897938857112,6.6,0.012919387940920254,0.22935701998731073,2856,234,8.627011806866541,26962,0,1510,160,2.84538120281922,174048,0,412,21212,13850,175558,27,6
11739,BANKORION,640223,547132,3883,0.6022298790391122,7.67,0.005252147734512336,0.20774011555348684,3627,0,10.343058135639675,67927,0,4148,0,2.6555832474218204,393407,0,4491,79002,51018,397555,75,55
11741,SOLUTIONS BANK,491365,382854,2243,0.4373117590265982,9.56,0.008608680680555338,0.7481200329693812,821,138,7.958544592443786,43103,12.756498139391734,2290,0,2.4737415675498595,256259,0,338,81754,21027,258549,29,7
11746,IROQUOIS FARMERS STATE BANK,164428,151163,1455,0.8976239800708968,13.45,0.027451841626403965,0.38618726737538617,886,26,8.317679490619891,13638,12.18861828162457,395,48,2.8125650906061237,104550,0,930,10938,12300,104945,33,5
11747,FARMERS STATE BANK&TRUST CO,228803,200254,1219,0.5475919878173136,4.42,0.2496899606208527,1.170876255993147,616,34,12.622157111464455,28260,0,2479,-399,3.1158504668828337,102320,45,5179,32553,27835,104799,288,17
11750,BANK OF KAMPSVILLE,120565,99403,858,0.7069641738901157,4.27,-0.060660418643546384,0.07962509849458799,1127,28,18.323987691504037,22450,37.27467355243589,358,0,2.7934148389313815,47009,0,4440,3701,20909,47367,13,41
11759,CITIZENS STATE BANK,126357,101644,1395,1.1452073687321447,7.13,0.05296322450975067,0.4178636719770175,1748,524,19.048043281067773,23519,0,577,115,3.573847760435777,73398,0,1185,2183,19381,73975,49,10
11763,VISIONBANK OF IOWA,901638,751462,9076,1.06233181599514,11.04,0.007204588560073979,0.13076201313609231,4841,0,8.553231026109438,76224,10.556173344850542,7977,640,3.2892058218332942,757151,240,628,283351,85782,765128,75,24
11764,SIBLEY STATE BANK,103125,88826,1009,0.9718463153636477,10.99,-0.004465136216422176,0.014545454545454545,217,0,10.51416836234833,11161,15.548617886178862,792,45,3.3072089304969694,66707,0,177,466,9417,67499,1,4
11767,FREEDOMBANK,437113,378723,3467,0.7969536006120015,8.53,-0.00678885309115878,0.16517468023142756,3008,127,9.860103453710913,41288,14.789613975749209,3488,100,2.8486253066332416,303495,0,1380,38174,40652,306983,19,40
11771,AVAILA BANK,1623550,1372780,7289,0.44913022533656416,5.5,0.00326177496101247,0.5239752394444274,2620,114,9.006628163509912,149989,12.985924677919552,12572,459,2.376576975047847,1091506,0,1203,285868,134744,1104078,137,102
11777,COMMERCIAL BANK,359568,333803,4005,1.133301753688961,16.6,0.10765898699226122,0.9222177724380368,2191,193,9.72851163712949,36307,18.527392855611712,2415,13,2.997304480926164,167366,0,6709,12622,24174,169781,271,84
11778,CITIZENS ST B&T ELLSWORTH KS,264141,199793,2227,0.8591661882804641,15.58,0.02427394657632385,0.13326215922556514,681,14,9.346295449262538,24929,18.389571817506805,1882,0,2.4424841598856073,152264,0,2643,11796,14422,154146,53,16
11782,BANK OF ABBEVILLE&TRUST CO,208634,181649,2482,1.2197747004376838,10.12,0.013551329046596245,0.1207856821035881,5146,252,14.30715620712896,29931,0,1743,36,3.7295390798342196,119675,0,2438,43012,24739,121418,41,25
11785,CALDWELL BANK&TRUST CO,276854,248335,2101,0.7827583046520656,9.03,0.11421482232702855,2.901168124715554,7062,6794,8.397239927570602,24254,0,2743,1250,4.517553190612132,208772,0,4901,59736,24172,211515,254,22
11788,BANK OF SUNSET&TRUST CO,185105,162909,2238,1.2069140319125757,13.53,0.02542006660057449,0.7595688933308122,1083,889,10.440701127374977,19865,0,1663,195,4.3643512907719995,148613,0,855,28573,16992,150276,53,15
11792,FRANKLIN STATE BANK&TRUST CO,220107,197897,3713,1.7504061338228623,17.76,0.08786391057809018,0.20580899289890825,2789,204,9.975858726025054,20992,23.3964015271362,1714,200,4.679450142038615,100333,0,6693,4116,20698,102047,123,26
11807,UNITED BANK OF MICHIGAN,994673,821699,8287,0.8387658613488755,8.83,0.015454742608172518,0.2156487609495784,908,280,10.022545231623015,99402,0,8705,578,3.2976244560684225,803932,0,1158,467430,96735,812637,192,69
11810,HURON COMMUNITY BANK,308873,281632,1729,0.5305998693908015,8.08,0.026075254456324585,1.454319412833106,936,2283,8.760213165910825,28241,16.198793267704033,2585,196,3.212628056886499,158812,0,1114,66359,22201,161397,41,0
11813,CADENCE BANK,47019190,40496201,523604,1.0842612220614047,9.77,0.23461723314359548,0.749300445201204,140867,82119,10.411929590517186,4860480,13.96770185092915,460793,71000,3.3140433982143875,33525154,67377,56273,9183519,5569683,33985947,90404,12163
11817,RICHTON BANK&TRUST CO,52044,44170,253,0.4888322126903161,3.64,0.3474538581276407,0.5841211282760741,68,0,16.209112709832134,8449,0,785,0,3.9355382059044453,19243,0,971,4420,7190,20028,79,4
11821,LITTLE HORN STATE BANK,319198,271446,2970,1.0943805584951936,11.01,0.14706750007808894,0.0842737109881641,44,0,9.749193191684551,29756,11.794513800545005,3642,1500,4.381858066340974,265891,0,1240,67605,29732,269533,529,190
11823,MANHATTAN BANK,262962,228737,2976,1.1545588002520166,16.8,0.012484231226985913,0.013309907895437362,1822,1,9.797473581470427,26099,16.759915897508996,3281,180,3.5133275115231357,164292,0,2733,29811,18295,167573,24,3
11860,KILLBUCK SAVINGS BANK CO,879162,747967,8751,1.0218701941097958,15.11,0.0617632456427218,0.037876978304339816,602,0,8.792824886818412,77008,13.835666912306557,4751,657,3.109705034429011,508406,0,1074,123079,59607,513157,339,27
11862,BANK OF BEAVER CITY,175935,161394,1223,0.7145294271612324,15.64,0.08510567634103712,0.2620285901042999,640,2,8.582859388474679,15725,14.739348349306855,1362,0,3.0276849388779,103902,0,2094,14320,8106,105264,93,11
11868,FIDELITY DEPOSIT&DISCOUNT BK,2584488,2342458,22733,0.8969139578876153,11.59,0.026692613034605683,0.30226489734136897,5349,40,9.172313378723135,237685,14.705144319648946,19666,1465,2.6911826173882214,1781452,0,18734,585489,202617,1801118,950,485
11891,DONLEY COUNTY STATE BANK,50135,40937,520,1.0830445214609437,5.98,0.012556819608729501,0.06781689438516006,131,0,17.8728026067018,8886,55.059037238873756,239,12,2.652513456712825,7970,0,532,1188,8886,8209,1,0
11902,HILL BANK&TRUST CO,153614,128261,1349,0.891125473637483,5.94,0,0,1,0,19.265873539265083,29214,38.5374819482736,140,-312,1.885483143126303,10380,0,736,405,24860,10520,0,0
11903,TEXAS HERITAGE BANK,211654,186891,212,0.09517669643482461,1.02,0.016829045378873593,0.0831545824789515,443,21,9.845736283823081,21330,15.543165395221514,1692,120,3.9975225837078354,158589,0,1212,84369,21419,160281,35,9
11904,FIRST STB OF BEN WHEELER TX,186048,159148,1887,1.0075004591682006,7.09,-0.020053341889425872,0,520,0,14.350607908440999,26758,0,1010,4,2.7313568358551223,68325,0,2637,5171,26758,69335,39,53
11905,CITIZENS STATE BANK,183094,164773,3401,1.8542103277498032,21.27,0.10641442506650901,0.7362338470949349,3065,1338,11.051746684102373,20706,0,1467,240,3.834181632226759,121173,0,16549,10973,16790,122640,174,48
11907,SECURITY STATE BANK,310837,271781,6025,2.0710616485444477,16.61,0.0064015910087520415,1.6178897621583015,264,0,13.082414149098023,38523,0,2710,1300,4.0644326917519225,218250,0,779,9041,38523,220960,13,1
11916,BUCKHOLTS STATE BANK,122649,101254,3189,2.677568374970403,15.89,0,0.36771600257645803,91,0,17.21424627277747,21199,27.85848768573173,700,0,4.4824070663022715,79210,0,403,8378,21199,79910,0,0
11922,FIRST STATE BANK OF TEXAS,337524,302879,4229,1.4131788872611395,13.35,0.1623208709820464,0.45567130041123005,1457,0,9.48723246140136,30767,0,2020,191,4.972444797621938,209636,0,4976,80628,33268,211656,382,65
11932,FIRST SECURITY STATE BANK,170655,162080,1756,1.0454571434014748,35.68,0.03886242967910354,0.0023439102282382584,939,0,7.525647091406349,13043,19.938818504516465,771,25,3.148492742835876,73452,0,1237,8387,4971,74223,35,6
11934,DOMINION BANK,568338,501022,5033,0.9337069892782314,8.35,0.004795838955727867,0,2707,0,11.126599194579692,61862,13.055727015178133,3903,22,3.6556572287341367,469498,0,822,249579,62886,473401,27,5
11935,FIRST TEXAS BANK,1281115,1137505,15098,1.1766673519778503,11.2,0.032557889901450233,0,213,0,10.83211911783274,139838,20.4630121641223,2595,141,2.9076157550808333,517233,0,7153,235513,138013,519828,203,38
11952,POCA VALLEY BANK INC,616254,570554,3252,0.5589319106808932,8.54,0.15079703167006145,0.3427158282136911,1830,39,7.353473578050451,45498,11.862999758990975,3227,512,3.5488274570087097,458587,2959,20086,65071,38462,461814,749,75
11953,GRANT COUNTY BANK,359309,304809,3310,0.9520177311145281,9.27,0.13885052610576018,1.3759744398275577,3800,630,11.487812027871106,40756,0,3288,745,3.991115473281257,278040,0,7975,103222,37941,281328,523,150
11971,BAR HARBOR BANK&TRUST,4077997,3274818,50725,1.2644790642899795,10.26,0.011524300636552744,0.17160385355849944,17336,3,10.660561813286284,421031,13.441147948711327,28744,1351,3.254778125909097,3119588,827,5680,1331006,493072,3148332,467,114
12010,PROVIDENT BANK,24015153,18674738,139677,0.6954469729910835,5.8,0.09321099151694191,0.33831972671587807,34581,408,9.718736541560178,2265907,12.41976938355883,193432,87564,3.4256301308694352,18628391,0,15727,9589264,2883063,18821823,17823,3263
12013,UNION COUNTY SAVINGS BANK,1617236,1515573,-28125,-1.8458176233744499,,0,0.06041171480229231,3335,0,8.69578868997727,163399,24.484360758508767,1745,310,-0.7950978628121315,272086,0,1212,41643,-52397,273831,0,0
12079,CITIZENS COMMUNITY BANK,200505,184343,2116,1.1051293460935037,14.24,0.09511736934623272,0.29824692651056084,413,13,11.402946191974783,22936,18.873095106860333,1306,303,4.037378253880341,116195,0,4492,35710,15170,117501,136,32
12086,SAINTE MARIE STATE BANK,14449,11157,134,0.9100416989256075,4.17,0,0.49830438092601564,0,0,22.240870032223413,3313,0,94,-11,4.186568033550793,5608,0,117,74,3244,5702,0,0
12087,SPRING VALLEY CITY BANK,210922,175521,916,0.43105152100952643,3.87,0.33048053054721943,0.9927840623548042,4722,3,13.420067806658393,28975,23.634622513283084,2427,0,2.594156352580713,131914,236,2039,27837,23643,134341,463,17
12098,FIRST STATE BANK OF DONGOLA,32398,28612,209,0.662864972185044,7.01,0.019078386731617974,0.7623927402926106,192,200,10.481559334989491,3291,19.8129348693966,180,3,3.945565373529273,16149,0,956,1863,3105,16329,3,0
12107,FARMERS STATE BANK,72307,64052,-132,-0.19147973216047162,-8.42,0.1992508169283494,1.7301229479856721,250,0,7.377982610093649,5507,13.833230048887971,507,100,2.5800332135150152,37242,0,268,7929,1325,37749,154,79
12113,GERMANTOWN T&SB,479210,392399,7359,1.5404891801516165,20.8,0.006639273515937945,0,0,0,11.771468914297884,59691,0,2637,123,2.6045219701435673,275420,0,1934,23066,36494,278057,18,0
12121,BUCKLEY STATE BANK,49554,43417,493,0.9608300948356843,9.13,0.030918208969990785,1.0130362836501594,555,502,12.047756145684431,5984,0,448,127,4.746654932446749,34749,0,274,2402,5681,35197,10,0
12126,COUNTY BANK,236015,201120,4858,2.0783456744911946,20.02,0.22254598850456378,0.4037878948371925,3078,0,11.20485616869145,27079,13.852623297806582,2416,515,4.800043531954022,190638,0,1706,20916,25579,193054,435,7
12128,CITIZENS SAVINGS BANK,138273,115545,320,0.23247298954452733,2.34,-0.01784404949614893,0.0188033817158809,13,0,15.422764495017594,23448,0,1274,0,1.7278964249514417,62490,0,1137,1218,13062,63764,0,11
12135,LYNDON STATE BANK,102285,78059,518,0.5272157309774865,6.24,-0.005048261378781148,0.44972381092046726,1443,460,9.616164894911954,9480,13.740447817025597,805,0,4.183889504990422,81328,0,798,4402,8498,82133,0,4
12136,WILSON STATE BANK,119369,103672,1154,0.9647329094304732,14.7,-0.0012015649181493979,0.03853596829997738,126,0,8.740484315526972,10655,13.188033992257827,861,30,3.605666808691947,83193,0,2160,46,8336,84054,1,2
12139,FORD COUNTY STATE BANK,59165,47523,138,0.24867463626829472,3.55,-0.028169014084507043,0,0,0,10.420127353266889,6022,16.85473997977325,311,0,2.608826166467203,28359,0,717,2658,4041,28670,54,61
12149,FIRST STATE BANK,334275,289680,5078,1.610203834428682,16.92,0.009101492037928085,0.10021688729339616,3987,88,11.51260404912832,38975,15.368998543222887,673,149,4.219197025731127,258495,1366,6002,39228,31702,259168,26,5
12162,ELKTON BANK&TRUST CO,187350,159496,1912,1.0113683729452614,9.31,0.10761857796352957,0.005871363757672805,415,0,12.712297520483315,23630,26.564387138893427,785,160,3.2366545706969014,77735,380,1570,12802,21301,78520,87,8
12163,FARMERS BANK OF MILTON,310807,263842,1118,0.36310113048516546,4.46,-0.011173835734898318,0.5254064419398533,1671,0,11.741104294478527,38276,18.323881884417037,1621,-65,2.568504512256533,209617,0,4142,34226,24634,211238,71,94
12166,WEST POINT BANK,525049,433149,2827,0.5694701168189282,9.29,-0.0018086612134669815,0.10951358825557232,3687,0,7.865659116339553,41615,11.075382075615018,2026,268,2.342568764868843,412896,0,1771,78883,31299,414922,1,8
12201,CLEVELAND STATE BANK,323399,301423,2906,0.9089686365157662,15.69,0.11086653032354446,0.1032779940568771,1393,14,11.021394152731718,34629,0,2282,120,3.4559729639530703,159925,0,11212,29463,18577,162207,189,10
12203,MERCHANTS&MARINE BANK,715177,606306,5628,0.7866720863360034,6.12,0.3983120519828556,0.6836069951914002,5332,510,13.073395135649665,93668,16.43978679312825,6287,-86,5.625477884838082,465127,0,5948,168720,92320,471414,2067,287
12204,CITIZENS BK PHILADELPHIA MS,1471051,1071720,6901,0.47354879014151163,11.05,0.02351183770542927,0.32690912823552687,4567,32,8.328071311728928,123053,12.999340397611899,6948,833,2.708110892361846,759181,3938,11866,395275,62761,766129,389,226
12207,BANK OF WINONA,142096,121145,945,0.6465995024262876,6.09,0.2175269240872078,0.5644071613557032,1130,0,13.021937188626792,18924,33.400152892211,800,150,3.176577786587224,47029,0,903,11747,14930,47829,119,13
12208,BELGRADE STATE BANK,470738,429918,6071,1.3374432561445064,17.36,0.1179868945612192,0.3095139971704005,2463,460,9.461921456813307,43937,15.115596538730994,4002,656,4.271637831482242,351856,0,8815,81053,36981,355858,537,139
12214,UNITED STATE BANK,274112,248280,4154,1.5366756460215492,17.76,0.07687502538326309,0.06566658883959842,2345,0,9.391989348718518,25395,13.31847959828406,2959,199,3.9456984952741636,207873,0,1246,13556,24550,210832,194,35
12219,FIRST STB OF ST CHARLES MO,536334,391251,6929,1.2638869786990627,8.95,0.02982329052034294,0.2222495683659809,4200,70,15.174539380682683,82763,17.48819889424718,6623,0,3.7660856539797094,442200,0,380,60918,79749,448823,143,5
12220,COUNTY BANK,123339,108244,1872,1.527111116912103,20.65,-0.1625714742946557,0,0,0,8.267678003425495,10137,15.024858051020132,1207,36,4.444796170744179,84328,0,1122,12162,9455,85535,13,141
12223,CALLAWAY BANK,499098,417848,3652,0.750623292753361,8.94,0.03806822144736975,0.5792449579040589,2290,1540,9.073158813822713,45307,0,4203,480,3.6375908408995636,367891,256,2016,93292,41432,372094,201,58
12225,FMB BANK,42034,39225,-5,-0.010545853370454737,-0.19,0.014313318542904173,0.035685397535328546,16,0,8.758777756690074,3692,14.82770489922362,183,-20,2.9151660377178,13540,0,526,3429,2665,13723,11,9
12226,PEOPLES BANK OF ALTENBURG,90749,72464,816,0.921409214092141,10.73,0.003328163585896574,0.21157257931216875,245,0,9.463364513988484,8842,13.190246831038765,766,73,3.80971465017338,64977,0,772,7032,7697,65743,5,3
12229,FIRST BANK,6630571,5931935,18118,0.2750682804855983,3.82,0.1352075312108699,0.1585233006327811,18538,530,8.883214530450775,601883,13.916373097286815,39117,3165,2.4706641947362256,3758302,941,1360,1462049,477783,3797419,5647,556
12230,PEOPLES BANK,244986,227110,2980,1.2000567006655884,17.05,0.05092499423259102,0.40777840366388285,155,0,10.73351962656313,26926,0,1907,78,3.370695052173811,163836,0,878,42768,16763,165743,169,86
12232,BANK OF MONTICELLO,149545,132335,2527,1.768832430601151,18.27,-0.0738198058539106,1.6958106255642116,1116,0,11.980756714685418,17856,0,1024,5,3.8247818592249057,86451,0,1524,10546,14151,87475,33,97
12241,WASHINGTON COUNTY BANK,611618,497804,8799,1.4479736596822521,14.46,0.022397211589416006,0.29201233449636865,8915,313,11.989686715884169,72822,15.283044552048693,5768,679,3.778611294400354,476616,0,1562,60909,65967,482384,112,6
12244,FIRST STATE BANK,188357,122199,2495,1.3986351115152234,11.97,0.004523053097024917,0.5755029014053101,507,813,12.293885147964122,22986,0,1579,0,2.8217043241209145,103497,0,4126,11656,21833,105076,5,0
12246,COMMERCIAL BANK,61082,53759,606,0.970705828079348,8.65,0.020193759118744353,0.818571756000131,0,0,13.688581538511254,8472,17.856017022618015,591,24,4.044331383137809,38990,0,393,8282,7119,39581,8,0
12248,FIRST NEBRASKA BANK,337642,292414,4495,1.2970524159224366,15.27,0.04656893399718457,0.14393943881389162,1229,481,10.462048495999166,36165,0,2951,290,4.461343873517787,227771,636,1276,33739,30245,230722,106,1
12258,SOUTHWEST CAPITAL BANK,476460,431597,7460,1.6184726304562704,18.76,-0.691731455338738,0.43277504932208377,0,0,10.130463238436588,49067,19.312560727850897,4065,-986,4.210047142636012,175265,0,30,120047,42899,179330,18,1267
12259,LEA COUNTY STATE BANK,688204,629920,13649,1.9108073381497603,33.65,0.08519640724220073,0.389564722088218,5127,301,8.412833180684713,62920,20.668399009117145,1760,129,3.77233801949112,229164,419,21048,31329,40784,230924,229,27
12266,MECHANICS&FARMERS BANK,498118,430128,4079,0.8910549356448189,6.67,0.31857532536581984,0.4428669512043331,507,0,14.094589004668387,71554,24.9994191970316,3902,598,4.264027943346366,280125,0,7854,130645,62093,284027,980,98
12283,FIRST STATE BANK,132368,126495,440,0.3522790049719378,8.26,0.031170903831527496,0.11785325758491479,158,5,11.881082805935222,15638,0,792,0,2.2258689025940783,32117,0,1666,5072,5222,32909,10,0
12284,FARMERS&MERCHANTS BANK,18138,15835,89,0.4937751048578593,3.95,0,0,0,0,12.06962197443568,2219,0,126,25,4.199425932859104,5419,0,92,0,2219,5545,0,0
12285,CATTLEMENS BANK,524204,411597,6005,1.1585292447122448,12.64,0.01270283083661705,1.4578293946631464,3121,7029,9.550163217146693,49940,11.89817242731796,4057,632,3.6672791958994826,464277,0,680,179438,49838,468334,60,1
12293,FARMERS STATE BANK,21638,17946,330,1.5491503145244578,9.32,-0.044933049755863756,0,34,0,17.216947711492136,3645,0,360,0,4.983971148066519,12337,0,625,1497,3644,12697,0,6
12298,COWBOY BANK OF TEXAS,107616,87572,3024,2.8879597672059942,18.88,0.012902670852866545,0.13473832887303003,1796,1,15.99740090968161,17234,0,927,426,5.289522889804256,71092,0,2245,3627,16717,72019,11,2
12299,SOUTHSTAR BANK SSB,1175980,924937,16953,1.4045870085022545,12.13,-0.009761777910441544,0.3964353135257402,20011,948,13.11823900525898,157175,19.627999381386882,7463,100,4.452233225420745,891476,0,3938,183843,145350,898939,77,167
12303,CITIZENS STATE BANK,346935,304655,3202,0.9547868755866782,10.05,0.021549765435487967,0.08647152924899477,1,0,12.401639344262296,43877,18.559245693332752,2891,288,4.081811491175654,212278,0,1434,74977,36409,215169,69,23
12305,COLUMBUS STATE BANK,143275,128738,1960,1.3133366658134444,15.61,0,0,0,0,12.259347267348819,17696,38.207323895176216,62,-5,3.067026584215587,4699,0,102,1108,14233,4761,0,0
12309,CITIZENS BANK NATIONAL ASSN,129840,114963,1387,1.0486428127518594,9.61,0.013153256483240118,0,23,0,9.8788754306034,12446,14.300579128259566,1160,0,3.36491475042916,72710,0,2662,22201,14572,73870,58,48
12315,FIRST STATE BANK,142923,126778,949,0.6619320044472903,6.16,0.7175588935944944,0.04268032437046522,52,0,15.87570136075552,24022,0,351,316,2.8827697944110757,46848,0,3821,6874,15697,47199,351,4
12322,CHIPPEWA VALLEY BANK,708658,513093,17859,2.5500201757013734,29.45,0.003236883641720679,0.23085889103065232,829,0,8.89047904260588,61749,13.657404057465254,4312,477,4.716086060950526,500181,0,905,55036,62166,504493,25,9
12325,BANK OF CASHTON,140160,117863,1287,0.9610085885942395,9.62,-0.004617977787526842,0,230,0,10.800875398721232,15102,15.432818841767332,906,36,3.100055814453926,90916,0,1182,9120,13688,91822,0,4
12327,BANK OF MAUSTON,404228,352179,7231,1.789552045251834,15.53,0.022764680212080918,0.0007421554172397756,521,0,13.442331203659883,54535,0,4675,0,2.841009997328349,231185,0,1712,131350,48586,235860,59,6
12331,STATE BANK OF CHILTON,475957,405960,10432,2.2345641143397668,20.08,0.1126320393046251,0.2596873246952981,194,39,11.232426058842412,53537,0,6814,500,4.001779057275614,382617,221,886,188729,53443,389431,510,83
12349,COMMUNITY BANK OF CAMERON,201071,176324,3229,1.6798337750115233,19.68,-0.14987020809729373,0.15715841667868566,514,0,8.37998261517447,16871,13.611387879498299,1674,47,4.092251643134473,148497,0,3181,22236,16871,150171,3,212
12354,HUSTISFORD STATE BANK,79015,55960,404,0.5062542448917192,4.27,0.009166877504849279,0.40245523001961653,87,0,14.293724766984,11471,0,435,0,2.535412959727276,54341,49,321,4891,9601,54776,5,0
12365,FIRST NB OF ALLENDALE,384380,334175,3429,0.8850324976499793,11.11,0.03681015469467511,0.5093917477496227,1645,81,9.555020221648938,36927,0,3009,220,3.2412647180019167,267645,540,10079,22695,31708,270654,183,87
12368,REGIONS BANK,155918000,130261000,2053000,1.3320754423165266,12.51,0.4686189043730943,0.7459048987288189,428000,221000,9.207384276267451,14035000,12.972797396721536,1613000,487000,3.706867048135984,95695000,1445000,5757000,9234000,16174000,97308000,561000,103000
12372,FOWLER STATE BANK,137601,108472,1052,0.7869927749275474,6.02,0.02203292269473661,1.0210681608418544,3712,251,13.337729783200066,17798,0,1478,235,2.9125908958982123,80932,0,797,14171,17798,82410,31,15
12383,CARROLLTON BANK,3486508,3194621,32260,0.943989857112826,12.31,0.054850400168018884,0.09258547520900569,4612,204,7.997259190027581,278946,10.713403695240023,35528,2983,3.1445139965973508,2760470,0,3196,862053,267802,2795998,1650,141
12384,JERSEY STATE BANK,175703,154884,1274,0.7387622890265386,7.19,-0.011202640835866376,0.8320859632447938,356,0,13.74784035467081,25304,0,1203,120,2.935450052418751,84556,0,525,21660,17392,85759,1,10
12386,STATE BANK OF TOULON,314261,276993,2688,0.8516489609439108,10.14,0.03230343360650442,0.08973432910860718,752,150,9.932890871370574,32222,12.939596500679073,1817,100,3.0132514740321446,205169,0,494,23390,26800,206986,97,32
12388,WILLIAMSVILLE STATE B&T,92249,82763,490,0.5040561086456938,5.22,-0.1290014032835577,0.36206354540428626,232,105,13.91526470619026,13292,37.16186496591159,224,-38,3.2862892953584346,29573,0,3497,283,9080,29797,26,67
12395,LENA STATE BANK,99293,83353,976,0.9902295993425524,10.79,0,0.34745651757928553,1,0,11.690762974061606,12016,0,770,10,3.065873980211769,62384,0,118,9509,9290,63154,0,0
12402,EXCHANGE STATE BANK,109925,97311,1109,1.0447224090601641,12.43,0.09961377815836843,0,153,0,11.839669788620293,12793,0,600,0,2.912539566007534,60622,0,656,2878,9284,61222,57,0
12410,LA SALLE STATE BANK,179251,151878,2,0.0011589781984611088,0.03,0.33646517840301393,0.19302542245231546,223,0,8.61089941069761,16044,16.909620991253643,956,74,2.3790911871665026,83562,42,332,36624,6595,84518,265,1
12417,TRI-VALLEY BANK,85380,79393,141,0.1733370705297476,2.62,0.002041099581166366,0.07261653783087374,74,0,9.621093887513348,8199,0,671,128,4.080583074021932,51511,0,876,8032,5672,52182,3,2
12422,SECURITY STATE BANK,50804,44675,173,0.331153716578359,2.96,-0.010397388176090167,0.9389024486260925,378,0,15.454755754327795,8017,0,543,125,3.459373480471744,18423,0,197,2064,5882,18966,24,26
12425,DICKINSON COUNTY BANK,19889,16145,343,1.7022163551726532,13.9,0.09960617251789079,0,410,0,12.334907934059578,2559,0,366,0,4.364174903105863,13061,0,182,677,2568,13427,104,91
12432,BAXTER STATE BANK,25152,17283,109,0.43424564758376166,1.93,0.16863923468449132,1.3040712468193385,608,85,22.378072320164716,5217,0,190,23,4.929393549349898,13126,0,558,564,5734,13316,25,3
12437,RENASANT BANK,18036850,14976301,217730,1.234010067862676,8.33,0.06290466426315246,0.6761047522156031,39843,2464,10.80463197100639,1843125,14.098736790922558,201756,9273,3.512457819740204,12929435,0,59917,5066099,2694511,13131191,13810,5740
12441,HANCOCK WHITNEY BANK,35067504,29778188,472174,1.337721338706808,12.22,0.19394017345056602,0.41843012265714724,109637,21852,10.912522180221485,3754217,14.831370011522738,318882,52167,3.453782998706708,23002095,79313,167265,5914932,3994927,23320977,73083,27051
12444,STATE BANK OF COLD SPRING,89333,82386,708,0.7998951549853353,11.61,0.0823583557396507,0.4287329430333695,217,0,8.593914771276655,7742,20.88009373779456,277,-50,2.7600524266457467,42675,0,1887,3678,6633,42952,35,1
12457,CITIZENS BANK OF EDINA,102743,89263,2551,2.5965169419931398,21.15,-0.0030153996459920816,0.46134529846315564,777,474,12.759282026063437,12973,0,950,50,5.159719404023421,69857,0,1885,7750,12850,70807,1,3
12484,FIRST OKLAHOMA BANK,1143678,988972,8430,0.7610031303137066,8.31,0.5757511205919288,0.46263021584746755,2387,0,9.2150725544147,103722,0,10084,4637,3.3986457280065228,970407,0,1499,469070,103693,980491,5421,10
12485,PAYNE COUNTY BANK,266617,221403,4432,1.7424959052132551,14.32,0.029732637516201532,0.41745275057479453,2519,694,14.62849085130208,38799,0,1217,111,3.882417959338391,191025,0,7464,16022,31374,192242,67,13
12493,PREMIER BANK NATIONAL ASSN,334969,283053,5576,1.6414299751724883,12.12,-0.012192315488355577,0.04209344745334643,110,141,12.884570151711161,43823,0,3605,340,4.594357525565076,260945,0,314,138763,43403,264550,0,32
12501,CITIZENS STATE BANK,1130700,1163105,-896,-0.0682603217072394,,0.07970511291921614,0.013796763067126558,1131,0,11.056498966682339,161784,0,3833,0,1.3154857736962096,256066,0,8474,46938,-43566,259899,269,50
12506,INDUSTRY STATE BANK,790245,767820,23429,2.732394024536849,,0.00441819274316751,0.03467279134951819,1132,0,15.426581810510662,147716,0,3323,0,1.0852764651416724,189330,0,6236,34798,7724,192653,23,14
12511,ALLIANCE BANK,226750,183698,1962,0.8938211537673059,10.7,-0.032532047319814746,0.22094818081587653,2308,4,9.958782722282043,22567,0,2438,0,3.148401914614375,165548,38,2622,33100,19709,167986,12,62
12512,COMMUNITY FIRST BANK,100845,86276,471,0.4638419904040842,6.38,0.003268518609310702,0.047597798601814664,0,0,10.438737908797789,10878,0,683,0,3.72381821072627,61453,411,14,20097,7271,62136,3,1
12513,PARTNERS BANK OF WISCONSIN,276284,211307,2689,0.9569687897921431,8.11,-0.0034368946053356638,0.3485543860665113,765,322,13.613370677917075,38592,0,2334,50,2.9759290514044787,174114,85,3193,36798,33878,176448,16,22
12514,IXONIA BANK,810617,545127,10360,1.3490419458289342,15.33,0.1515851130173716,0.19010210740707387,47,0,9.889831954749209,80551,14.107176977708976,6569,1751,8.126513053135078,593559,217,57,146147,73644,600128,1047,223
12517,BANK FIVE NINE,2293836,1895052,17535,0.8321799403203354,10.3,0.004261691345506951,0.687276684122143,3392,0,8.66268069258482,195176,10.932344007423158,9004,0,3.101184791394578,1868833,383,144,1146601,177910,1877837,181,107
12531,PEOPLES BANK,207175,142061,2017,0.9267120971536109,7.67,1.0454773558695827,1.8419210812115363,3570,20,12.168985556171782,25233,20.250840775544905,3401,1669,5.158297660668536,153547,0,21090,6562,26657,156948,2583,858
12549,BANK OF CALHOUN COUNTY,95682,86696,947,0.9803434411193513,11.48,0.021525930135441153,0,11,0,8.856343014758856,8605,19.600317628374803,281,0,3.202845429593857,47738,0,1398,8210,8541,48019,10,0
12585,HOPETON STATE BANK,26365,24080,-23,-0.08740727228505411,-1.03,0,3.55774701308553,38,305,10.632162384840086,2839,0,111,48,3.6403057350633574,13525,0,138,800,2231,13636,0,0
12591,CONVERSE COUNTY BANK,965882,869583,15709,1.6742290648894054,17.78,-0.02561313768360722,0.4668272107772999,0,0,9.83014362043528,94345,24.45507219718569,3892,603,2.6058615029986854,271098,2764,13562,35314,92988,274990,152,221
12592,SECURITY STATE BANK,433187,385439,1491,0.33583274583249806,4.79,0.050333471465319746,0,903,0,9.867639497154205,44522,18.067928941952047,3057,-200,2.404599723452806,216659,0,5123,60862,30173,219716,109,6
12594,PUEBLO BANK&TRUST CO,616730,538705,13481,2.1603245759075014,19.68,0.02479286479716223,1.6540463411865807,0,0,12.13286730174472,75361,16.765589325823036,6123,0,4.557349325616017,428736,0,197,279862,72033,434859,127,19
12602,FARMERS&DROVERS BANK,209783,142293,2443,1.1852112033750624,5.1,0.058478144429151606,0.2564554801866691,545,1,26.155506039638794,55757,0,1360,0,3.10516090332698,120714,0,15698,9366,48749,122074,87,18
12608,CITY BANK&TRUST CO,348512,308308,4809,1.4044878190106143,13.89,0.03343796845307727,0.011477366632999725,500,40,12.216586049077055,39425,18.321081671867013,2070,183,4.013971219485927,200729,0,6367,60277,36591,202799,78,13
12609,PATTERSON STATE BANK,341830,310237,677,0.20852725546714113,2.9,0.07315614702477131,0.0064359476932978376,2472,0,9.158513981787413,28412,16.989565332978867,2455,240,2.8002998418944607,192746,0,4812,16176,23342,195201,192,54
12611,EVANGELINE BANK&TRUST CO,1069138,857023,13473,1.320407782849811,9.99,0.053800544684135136,1.3401450514339588,3929,40,13.260853550849216,138610,0,12971,1800,4.1698693787259815,865893,2015,24127,256619,138158,878864,952,488
12614,ORIGIN BANK,9588136,8277691,78133,0.8005090275570876,7.31,0.18517908791272392,0.8215778332722856,18015,137,10.889563503592003,1075768,15.309926707377244,91060,7448,3.3407047467189193,7493147,0,13057,2477431,1102091,7584207,23640,9152
12616,LEGENDS BANK,545837,442676,12039,2.2634021835749083,13.44,0.08486840013578945,0.40873007875977624,4269,1187,17.928225549301832,96707,0,4582,525,4.983457118930272,400610,0,15095,80725,96138,405192,389,58
12627,BANK OF WASHINGTON,1169110,906163,16737,1.511359168542057,12.62,1.0660933105721107,3.2083379664873277,1084,490,12.213995641838352,138110,0,14643,10215,4.955072906606777,1021706,0,2293,377288,136441,1036349,10645,162
12633,CENTRAL TRUST BANK,19230483,15311449,265968,1.407290366023119,15.89,0.13129579800085356,0.22444054057300591,59634,3479,8.327147221239944,1551833,13.81068796898091,154279,14587,3.5174643000850034,11484805,94246,298754,3651690,1727762,11639084,24865,9659
12661,GREENLEAF BANK,148244,125432,986,0.7254128452516359,11.23,0.08608776927583414,0.07757480909851326,1683,0,9.587172344832512,13423,0,1384,90,2.859157015308483,87675,0,265,29102,8926,89059,77,0
12694,CITIZENS COMMUNITY BANK,130757,115804,1100,0.8531192365978846,7.7,0.034245793475034814,0.12618827290317153,325,0,11.912158213637621,15492,0,1180,0,3.3416569354373893,87893,0,791,1984,14650,89073,34,4
12706,STATE BANK,306592,251845,-196,-0.06196950468027846,-1.05,0.8742060077778379,0.6177591065650767,1127,0,8.286534223335607,26132,12.13306078828848,2478,1330,2.3316266671704127,177003,0,1986,80774,19125,179481,1595,12
12717,BRIDGE COMMUNITY BANK,126700,107042,1437,1.156235868898784,10.04,0.01139606334387849,0,71,0,12.236303619913084,15458,0,770,0,3.491229600291406,93796,0,1499,8770,14871,94566,12,2
12722,SICILY ISLAND STATE BANK,81931,64182,1572,1.8973316661275608,15.09,0.014539532990200355,0.19040412054045477,1758,26,12.59683077864896,10700,19.41241402734143,731,0,5.283657009932203,67696,0,1289,11492,10410,68427,14,4
12745,BANK OF PRAGUE,42827,37369,1273,3.1133524422574617,24.91,0.1516540632948913,0.3969458519158474,224,0,13.391668251854668,5632,0,328,0,4.956290383884455,31799,0,4149,407,5333,32127,44,0
12757,FIRST STATE BANK,97048,86087,2240,2.322225355383416,23.09,-0.011225045321120484,0.06697716593850465,1,0,10.626896953998557,10749,17.970572681743242,971,0,6.206958744179602,68944,0,4456,10578,10326,69915,24,32
12758,FARMERS STB ALLEN OKLAHOMA,52492,44702,1173,2.186466647529647,17.39,0.04401623710079718,0.6496227996647108,704,69,12.894196678484793,6910,18.050085096036955,526,35,5.393223563610235,40101,0,5048,4266,6909,40627,20,2
12761,F&M BANK,772050,641591,11767,1.555982990634482,15.11,0.024467982601557303,0.4523023120264232,2479,224,11.28868384220621,87108,0,6583,750,3.849202526361333,556024,0,4571,138612,82406,562607,215,86
12769,FIRST UNITED BANK,2134481,1804944,31930,1.480275708652441,16.87,0.07816646224996557,1.470989903400405,2001,276,11.805093084296914,259870,17.388913569584545,19165,1500,3.3130514014407955,1367166,0,1340,465626,199849,1386331,1302,228
12788,BARABOO STATE BANK,549566,471812,4870,0.9514283146629365,8.55,-0.014979792260240933,0.01182751480258968,0,0,11.124263414580097,60240,19.917530500083647,5307,-1000,3.3228410953946104,262702,194,1927,155729,58823,268009,9,49
12814,PEOPLES STATE BANK,890603,777895,6568,0.723317109357001,8.7,-0.04986981067308592,0.07972126750078318,1038,0,10.986492537956098,102061,17.900685853157288,9320,-451,2.8489287444721447,544298,0,3410,83244,73443,553618,194,468
12815,HOME STB NA,738267,647506,7581,1.03828151193291,10.72,-0.11872319289036858,0.05472274935761723,333,0,11.945269981366033,90516,19.912871009508727,6055,290,3.507150548207226,479707,0,550,199446,71857,485762,21,587
12828,FARMERS BANK FRANKFORT IN,1035873,746597,6565,0.6619444934586978,8.42,0.194767802123676,0.2166288724583033,2864,796,9.974420091855125,102942,12.193543740924143,10161,2830,3.251064987192346,762653,0,6699,390840,80078,772814,1983,578
12836,FIRST STATE BANK OF PORTER,162971,141488,1155,0.7211340347792644,5.56,0.006365096864044078,0,2065,0,15.99415291906566,26807,0,1061,-20,3.184465276344617,77070,0,23,31881,20590,78131,7,2
12839,FIRST FARMERS BANK&TRUST CO,3231517,2826011,36745,1.1648567982209344,13.12,1.0123369755576703,0.5461521632100342,13195,2841,9.640561901036396,317673,13.448233510511143,33458,22399,3.7116231085033307,2360649,0,4819,552902,287484,2394107,25467,1848
12854,CENTIER BANK,9692491,7579320,150870,1.6657454480830967,19.32,0.1158859641140536,0.1176787267586836,18528,695,9.609522471012607,920313,12.247951591250645,84230,14000,3.6385800915957898,7665724,1793,503340,2453697,826645,7749954,8852,480
12855,FARMERS STATE BANK,1641556,1153621,6464,0.40281622382224236,4.52,0.09300727324595229,0.022235001425476804,3412,202,9.651405456934532,157332,13.277561417499632,13161,0,1.7508516786406767,1310448,7262,6130,347002,145116,1323609,1276,71
12857,DENVER SAVINGS BANK,248584,192348,816,0.3343073037952073,3.52,-0.01178244886417193,0.038618736523670066,710,0,10.400621319008478,25712,0,1861,17,2.536171848007728,171138,0,1284,70960,23367,172999,0,21
12858,FARMERS TRUST&SAVINGS BANK,622293,544761,3606,0.5899950195650595,7.54,0.10389219711451053,0.3083756365570559,3957,0,8.745999913294659,54470,11.147541585172084,6103,214,2.1130529431844782,515334,0,2506,113259,48601,521437,594,58
12865,SWEDISH-AMERICAN STATE BANK,58389,42335,785,1.3203662712856499,13.82,0.005502093546594479,0.013701210844508383,253,8,12.802130648132948,7018,19.965166130760988,433,0,3.553528006408756,35206,0,406,3511,5942,35639,8,6
12869,FARMERS BANK&TRUST CO,713289,589194,9112,1.3089208298259274,16.17,0.06374290089144104,0.13304565190266499,2479,153,8.724136225884612,61749,11.179501419227448,3474,0,3.3963168463375513,595630,0,6914,127887,58250,599104,440,68
12874,KATAHDIN TRUST CO,1078599,931493,8983,0.8603331537899864,8.44,-0.002095972354864394,0.12905630359382866,568,0,9.576075732619236,102846,14.006808333239157,8299,548,3.6948604071935938,816453,0,2580,288772,96293,824752,37,54
12885,PEOPLES BANK,306182,267426,3320,1.0817475305528512,9.82,-0.03446118610100839,0.14435858411010447,114,0,12.841556371124433,38664,23.45961220363904,2582,-340,4.200286453618256,184112,0,492,56771,35554,186694,38,103
12893,FIRST STATE BANK OF DECATUR,59649,44101,-446,-0.812685177424116,-3.91,0.0837764988708385,0.14752971550235544,1258,88,22.084503834181156,11635,0,349,352,0.83049772189861,25955,0,918,823,15396,26304,23,0
12899,MAYVILLE STATE BANK,98053,90349,469,0.494666253214276,6.19,0.059195577635000066,0.26822228794631475,1759,0,10.960568499724326,10735,0,534,76,3.327279468010719,43924,0,2526,4622,7550,44458,29,3
12923,BREMER BANK NATIONAL ASSN,16385645,13324402,43788,0.26979112074957917,3.23,0.1211329842292987,0.44681793118305685,29433,173,9.269544298734253,1533669,13.053438914316281,117819,29246,2.8270101763608984,11654705,0,35302,3547739,1299302,11772524,16848,2817
12944,ORANGE BANK&TRUST CO,2500879,2158935,29847,1.203370938456771,16,0.4923917514325308,0.251511568532504,526,0,10.225055308359641,263260,15.372505477824532,26077,7710,3.932881626402936,1789674,0,32043,916931,194728,1815751,8823,132
12956,BANK OF RICHMONDVILLE,180635,162204,472,0.2598409245052012,2.97,0.0296141863798434,0.36205607994021094,1963,458,10.755495574991565,20721,26.14377514863972,1357,60,3.208787862818464,84770,0,8105,6797,15802,86127,38,13
12959,CATTARAUGUS COUNTY BANK,355171,311821,2038,0.5513562064095835,6.24,0.9312010303745841,1.6414628446579254,544,0,11.023948992046728,39559,15.656919612901302,1548,1521,3.8745623093997943,227142,0,803,101060,33697,228690,2409,240
12969,UNION BANK CO,1185484,1071720,9668,0.8505401739472543,9.05,0.0020694376344617105,0.36179315790006444,624,0,9.072709308540793,112028,16.508936519893172,7937,-1114,3.2656473779205393,759050,0,25529,213591,105958,766987,19,4
12978,RICHWOOD BANKING CO,1217625,1066755,11119,0.9079864096834027,13.55,0.10901043261714541,0.11809875782773842,3541,290,9.636276746522993,117758,13.978086583517474,7686,547,3.57993310139558,793186,0,1292,336488,85694,800872,1158,303
12980,CORN CITY STATE BANK,92702,76934,521,0.5780128782600593,11.87,0.009904402705090467,0,42,0,11.246037865158915,10502,0,547,0,2.1331542088947995,57724,0,289,2058,4103,58271,5,0
12982,CIVISTA BANK,4089119,3220673,35542,0.8949586196838321,7.79,0.11313815482393479,0.7623891601100383,7193,225,9.61705591825552,379447,12.850571142609263,39669,5364,3.3868608968324185,3042226,0,4510,1283124,460071,3081895,3915,539
12985,ELDERTON STATE BANK,389621,318874,4505,1.1830792098448997,9.84,0.014539735199813891,1.2727753380849594,5842,1338,12.614708509990033,48855,0,5302,-162,3.3363111385946755,321230,0,1926,115714,47203,326532,429,383
13000,ENNIS STATE BANK,409160,336356,3854,0.9647218201852646,16.1,0.02135292107960369,0.09213999413432399,792,0,9.469615792909938,38001,0,3119,440,3.600055426464005,302959,0,1457,136961,25435,306078,74,12
13006,PECOS COUNTY STATE BANK,326060,300907,4617,1.434225968405403,20.57,0.10411470643537662,0.9645464025026069,347,2,10.890681669517576,35463,0,2169,433,3.745192504776414,133894,0,4605,63008,23979,136063,256,122
13012,FIRST COMMUNITY BANK,3199914,2695199,51081,1.5913227876513527,11.08,0.2159654088361601,0.6418297491745091,17531,148,10.320289827533223,315006,15.147652451288277,34825,3598,4.456278118795975,2381264,5685,35109,831650,460789,2416089,7851,2484
13018,MINERS&MERCHANTS BANK,67089,57847,-3,-0.0044831389145424064,-0.03,0.003910710654340107,0.2608475308918004,323,47,13.609476294326772,9111,0,150,-16,2.3906942462698555,25374,0,493,4379,9110,25524,2,1
13020,FIRST EXCHANGE BANK,381568,340836,1786,0.46540280013008345,6.26,0.2720982153114162,1.6204189030526668,1378,995,8.828345560102688,33804,14.149097275997422,4093,910,3.1370835081923802,297710,0,3159,71807,28292,301803,944,115
13025,FARMERS SAVINGS BANK,415891,373636,5124,1.253253592097752,13.54,-0.0004720499239999622,0.045685047284023936,512,71,10.308004763622527,41720,16.850662918360367,2391,259,3.0356644149930023,217268,0,6402,58291,37241,219659,0,1
13030,OAKWOOD BANK,134606,103711,1353,1.0256729035867471,8.77,0.012599241525660155,0.036402537776919305,63,1,8.57638888888889,11115,11.350817165605392,1060,118,3.6742412479344657,112390,0,307,13192,15425,113450,14,0
13032,CITIZENS FIRST BANK,326149,270292,3488,1.0634613226922158,12.69,-0.005492671508667858,0.5316588430441301,784,0,9.843380952094764,32757,0,3221,86,3.3010846796554887,235167,352,1243,122355,28132,238388,5,18
13033,FARMERS STB OF WAUPACA,268285,237891,3204,1.2629487725273165,11.93,-0.015551938289908864,0.06373818886631755,276,0,11.303106859776676,29305,0,2126,7,3.8301602393946172,157345,45,2415,27447,25694,159471,38,62
13054,PARK BANK NATIONAL ASSN,73625,61445,260,0.37548162739513957,2.47,-1.3455542453683274,1.7697792869269948,136,0,15.632915120457088,10616,30.78462436421246,1279,0,3.8717558690501828,25006,161,1059,4509,10650,26285,402,774
13055,CITIZENS BANK,1077485,931860,12626,1.1812001877047407,9.85,-0.06534784363310503,1.5950106033958709,252,0,13.754014063516404,146738,0,9754,1700,3.3399853965709387,705140,0,211,375954,132576,714894,32,499
13058,HIAWATHA NATIONAL BANK,775761,598740,7505,0.9937883263968982,10.73,0.4580237558025739,1.229631291080629,6978,0,9.489597268274402,72923,14.188546717719108,4779,2600,3.291999054864129,531879,0,1348,233103,73855,536658,2364,8
13063,KENNEBUNK SAVINGS BANK,1867411,1626222,9574,0.5200341330111953,6.39,-0.001849217287962582,0.025222085550529582,4656,0,10.815418608236131,199956,0,16566,-39,3.1971307265262547,1486454,0,638,710423,153090,1503020,88,115
13068,COMMUNITY BANK&TRUST,409987,365519,4280,1.0485179639545001,14.89,0.04462937781137532,0.021464095203018632,682,0,7.901657185732813,32962,27.388994608309545,1881,105,3.273243776832461,177349,0,1154,19435,29542,179230,191,110
13071,TOWN&COUNTRY BANK,705853,615404,11758,1.6911430303131418,19.06,0.0062283370651452915,0.27583647019988583,2610,1,11.252436431292638,81284,19.435489824544135,6112,456,3.8714043331241648,464034,0,5343,56343,63360,470146,76,48
13083,FIRST WESTERN BANK,725601,649308,5402,0.7974361586074243,9.24,0.011626718124429506,0.06256882225906524,418,0,8.850895786589696,62801,12.703537259622145,4924,0,3.6353781795352744,550864,0,1653,92727,60018,555788,71,8
13102,LAKE CITY BANK,6675647,5906867,97497,1.4786578966461854,14.81,0.05485723909990432,0.8498052698113008,4270,29,12.030566461423895,836845,15.75751063663856,85960,16750,3.2040661636944643,5033688,0,33404,1678587,675315,5119648,3468,706
13107,CITIZENS STB NEW CASTLE,817246,724987,6928,0.8697750411222307,8.79,0.10569592754457531,0.09703320664769238,1450,511,10.30284347362787,84891,17.653708144372327,6598,765,3.330938497710352,473982,3758,17273,125627,81430,480580,658,170
13109,JACKSON COUNTY BANK,982476,787001,7361,0.7417917682376878,9.16,0.03446678610065167,0.30077070584930315,9496,0,8.576242711730409,86783,11.746006921171137,7623,1006,3.097987360691454,800844,0,4981,297513,82092,808467,278,7
13111,HENDRICKS COUNTY B&T CO,231038,213533,552,0.23772794104347061,3.37,0.03317042966763229,1.0630285926990364,735,0,9.725670813553071,22679,0,1588,171,3.486636958630507,133100,508,57,54976,17026,134688,46,4
13112,OWEN COUNTY STATE BANK,366878,301413,1479,0.41646697464760807,6.86,0.09845561663608836,0.8316115984060096,3636,94,8.524816659312027,32455,13.879810970305408,3152,640,3.1391368193602576,243291,0,3301,68119,21414,246443,243,13
13113,PEOPLES TRUST&SAVINGS BANK,243815,195946,260,0.10225190149209121,0.94,0.004147312541473125,0.4093267436375941,1690,461,12.883197361152254,32183,0,1246,9,2.572108224357533,187352,0,335,35564,27324,188598,11,3
13130,FRIENDSHIP STATE BANK,540575,470284,3332,0.6190119143073495,10.22,0.02703666171328321,0.055496462100541086,5812,0,8.595612556363594,45789,16.370639987800917,3413,57,2.797189054606649,308274,0,7650,45907,33278,311687,168,87
13157,KANZA BANK,254786,223960,1135,0.4246016039839975,5.22,0.004228955659399911,0.04670586295950327,6,0,9.579227005198593,25097,0,2614,-46,3.015068424025485,181202,0,639,57647,22056,183816,60,52
13167,BANK OF CLARKSON,161129,133795,2191,1.3524875029167063,15.29,0.024713579906211963,0.013033035642249377,1448,21,12.336466366434164,20764,19.543045147139463,609,111,3.7646262851274863,103871,0,5640,20995,14450,104480,24,0
13179,FIRST COMMUNITY BANK,391191,333357,7150,1.7728597243959383,19.34,-0.06268607951127654,0,6,0,9.86633783948362,38886,13.513240762057341,3968,0,5.042748142328753,310142,0,1874,182313,37240,314110,26,224
13195,UNION STATE BANK OF HAZEN,229428,214191,2143,0.9585004633721327,14.68,0.0311887814795958,0.6306989556636505,532,172,8.954949995412424,20496,0,2326,382,2.996951006988907,123127,0,6343,21147,14648,125453,76,39
13196,PEOPLES STATE BANK,70572,62478,729,1.0163253356383053,9.18,0,0,86,0,12.88449814332428,9299,0,526,0,3.344345557192377,38460,0,727,1040,7982,38986,0,0
13198,CORNERSTONE BANK,1743084,1577708,20982,1.318520225919285,21.34,0.034524341753320434,0.10871535737807243,3675,0,8.101373216256063,139796,11.146943484265583,15726,2400,3.4848632165591926,1198906,0,26550,346775,107056,1214632,575,179
13209,FORT JENNINGS STATE BANK,266290,233598,3810,1.4943508830005625,13.77,0.058927279672933285,0.5013331330504338,2667,48,11.711684473486294,30989,0,5271,775,5.025153886416036,196165,0,1850,44121,29353,201436,120,4
13216,SAVINGS BANK,512190,431172,3104,0.5744807648885648,6.75,0.05069219643226118,0.24131669888127452,2312,0,9.079043522152828,48205,16.707091576182872,3414,-77,2.76689789118713,348865,0,7925,55430,47408,352279,241,57
13220,PEOPLES BANK CO,806331,727323,9544,1.226582289868744,17.57,0.0051134443189377946,0.0018602782232110635,1229,0,10.282600894547109,87682,20.194881958207294,4978,1321,2.8033940867745906,410459,691,3623,73573,56990,415437,56,36
13232,SECURITY STATE BANK,625252,517203,18967,3.1035777131474074,20.01,0.010831016217930443,0.012794841120060392,508,80,15.93944876588538,99199,40.21649508822351,6993,0,5.017774401461398,226573,1695,1697,94035,100569,233566,42,17
13242,FARMERS&MERCHANTS STATE BANK,240281,176448,1502,0.63608166915961,6.25,0.0015159447064221482,0,127,0,10.509446415312269,25477,0,2334,-1,2.780576533842162,197894,0,205,42278,24328,200228,5,2
13249,STATE SB OF MANISTIQUE,163912,137748,637,0.39022967803907443,5.9,0.07336246279031018,0.2769778905754307,424,28,10.187183033656062,16572,0,974,90,2.8178082783495135,84321,0,2427,28891,11250,85295,100,41
13251,CHAMBERS STATE BANK,82992,62832,1480,1.8501757666978365,7.71,0,0.5024580682475419,96,0,23.834431731876425,19457,0,629,1,4.988782080513653,61668,0,540,2493,19457,62297,1,1
13255,MIDWEST BANK,1167428,936877,6876,0.624032096813189,7.74,-0.0014759323403096556,0.0033406771124214942,1826,0,9.446184516557759,106612,12.14467635890314,11691,1006,2.9921143322002473,866573,0,6996,169591,91921,878264,23,35
13264,BANK OF LUXEMBURG,675867,594106,4081,0.6119372905977882,8.86,0.049830733698231405,0.02825999789899492,79,0,8.915907693361385,59882,11.646865566258636,4780,150,3.3777034174053777,505230,0,5796,191999,46823,510010,303,51
13274,BANK OF COMMERCE,186637,161865,3728,1.8952006889420532,17.93,0.10396199987427852,0.5175822586089576,519,0,11.966963997626904,22995,18.869832320926562,2190,150,5.6712913623887955,120686,0,3642,38602,20557,122876,216,87
13297,SOLVAY BANK,1193411,1058909,4750,0.3955646789888534,6.05,-0.002806921419112103,0.05748229235359822,2319,5,9.08336505146505,111210,0,8084,75,1.9400230803184446,710494,2089,3620,157402,79564,718578,40,60
13303,BANK OF ENGLAND,373007,282442,-708,-0.1771203532800538,-1.08,1.497547431441175,0.9541375899111812,621,1851,17.22785876255264,66478,23.116455888521536,3437,1585,3.5366692208781165,110087,0,2588,18877,65855,113524,2805,64
13305,NEW WASHINGTON STATE BANK,583202,531433,4909,0.884458608274021,10.85,0.029314277338777905,0.5361778594723612,444,84,10.119979222902492,59423,0,4484,147,3.727785221129724,404742,0,5117,93288,46243,409226,122,8
13339,STATE BANK&TRUST CO,1369399,1157284,12960,0.9594798908265874,9.01,0.024585239179115516,0.4028044419486213,1547,0,11.09408031948723,156122,14.68571964517886,15096,124,3.3567621330500215,1038414,1943,6573,319091,147057,1053510,290,39
13341,CROGHAN COLONIAL BANK,1150445,944275,10168,0.8982924139700372,8.27,0.023965381244886577,0.0710159981572348,538,102,11.321078882548365,129152,14.71820817730405,8696,0,3.409280309664427,726002,2473,40593,309591,123739,734698,213,40
13366,EXCHANGE BANK&TRUST CO,400557,364410,3962,1.0018687051314794,13.52,0.047402084849029635,1.2941978295223902,4714,921,10.297452048377693,41328,15.115184526381729,3794,420,3.449170236354303,286025,0,6403,79936,29463,289819,363,228
13381,NORTHEAST MISSOURI STB,143214,130945,1421,1.0169933068814876,12.29,0.041656113784507925,0,998,0,11.75100812176975,16552,22.116402116402117,795,0,2.5392860540261877,61907,0,1004,2661,11648,62702,29,4
13382,FARMERS&MERCHANTS STB SPRING,137927,121190,1787,1.2883179052397842,16.83,0,0,689,0,8.579347685961066,11979,14.850293964088712,1441,132,4.000364371281985,93965,0,1004,2137,11529,95406,0,0
13397,BANK OF UTICA,1388968,1027139,20020,1.5042965625245612,6.1,0.004348884945899871,0.10245016443863357,1535,944,24.059416722932504,331392,0,1140,143,1.6375963554553385,123348,0,5205,26919,331392,124488,56,51
13407,FARMERS STATE BANK,364209,312984,6766,1.87986428080049,13.85,0.5469939985900522,0.6540200818760656,6444,844,14.599172040265923,52616,22.867202681993913,3095,825,4.987503699464716,218520,0,6169,52591,49223,221615,1354,156
13413,KAW VALLEY STATE BANK,70022,66339,664,0.8862148216759603,31.95,0.09682555620902845,0.5269772357259147,683,82,8.581369469369356,6092,17.82744426333674,346,32,2.945729946859701,28002,0,1071,3168,1864,28348,31,4
13415,FARMERS&MERCHANTS BANK,72721,63777,1187,1.6760612701353275,14.19,-0.029475918174851144,0.026127253475612275,252,0,12.934417607314804,9591,0,483,40,3.43262129569038,23591,0,2585,2356,8610,24074,40,47
13416,OKLAHOMA STATE BANK,59394,52950,1975,3.312413416029062,30.33,0.0070098043797257766,0.4141832508334175,1827,140,10.638835966346884,6310,14.372299954864918,377,18,6.483964521437607,45730,0,6832,728,6310,46107,7,4
13421,UNION BANK&TRUST CO,8757386,7494758,124541,1.4529450027749697,15.05,0.13568804740269177,0.3101039511105254,21042,2382,9.823850958886764,844075,13.15829412229331,101179,9023,3.3057337450924895,6325203,18883,156757,2221052,862630,6426382,9734,1207
13430,WADENA STATE BANK,201623,183659,3636,1.7927650393067187,22.13,0.0023738609423911428,0.2549312330438491,1150,284,10.1096483622112,20404,0,1238,75,4.353354752888091,130073,0,2964,24313,16500,131311,3,0
13450,INTEGRITY BANK,81462,72991,750,0.9814082030023239,11.27,-0.048475447186000296,0.004910264908791829,0,0,10.591003879445926,9091,25.36633716413512,378,0,3.9945253414606614,28804,0,105,4071,7227,29182,0,14
13454,ROYAL BANK,766608,682202,9046,1.217321655514389,11.77,0.009307942345795723,0.0709619518710997,1196,0,10.106170883552286,76036,15.521198280343107,7582,370,3.6413977511786517,500174,310,5148,95893,77563,507756,86,40
13551,STATE EXCHANGE BANK,116484,97013,126,0.1048532055122828,1.09,1.0962938722081321,6.850726280004121,2890,0,9.533738152396932,11477,0,2458,1460,3.2833381069809353,88887,0,371,31638,11207,91345,1260,188
13561,FLEETWOOD BANK,389881,360688,1416,0.3651449542949917,6.11,0.007400972672833528,0.34189919488254106,1445,0,7.478099630948925,29118,15.068116141461402,2884,330,2.795924071639982,219671,0,132,32861,23941,222555,39,23
13565,BANK OF SUN PRAIRIE,741964,652825,2234,0.29773359959655366,3.16,0.06767452671966856,0,995,0,9.941218503392845,76240,13.374740408874949,7426,-403,2.076813011638818,616421,0,3852,276943,72359,623847,463,26
13582,STATE BANK OF NAUVOO,37299,34013,26,0.06887125313893981,0.81,0.7408619014172593,3.992064130405641,459,50,8.205797024300658,3083,18.45450490633363,501,314,3.8340112062345346,19776,0,1036,1139,3181,20277,166,12
13584,TAMPA STATE BANK,66643,54610,-147,-0.2207326522154351,-9.23,2.1008151522416685,0.09303302672448718,35,0,9.042212251625308,5925,15.847021449503782,668,590,2.579982631075162,30569,0,541,1122,1362,31237,709,8
13599,FIRST-LOCKHART NATIONAL BANK,405814,368888,2051,0.5318230354311864,6.18,0.00036452235178156654,0.31689394648779984,1642,637,9.072223764539881,35620,14.964001078042582,3252,0,3.565034844008302,269341,0,1195,120314,34451,272593,2,1
13600,POINTWEST BANK,133512,122177,2077,1.551632688127059,23.15,0.024777006937561942,0,66,0,11.386153544553858,15101,28.931074116643803,497,50,3.9479996539601894,46899,0,2488,6513,9060,47396,95,84
13611,BANK OF MEAD,35725,32114,254,0.7111778112522888,7.27,0.02515438503817178,0,0,0,10.27842033388144,3688,0,476,2,2.7985842456169236,15882,0,622,828,3511,16358,6,2
13616,CORYDON STATE BANK,116601,87987,1926,1.7174500414649154,6.83,0.11633155423609721,0.8164595500896219,171,0,26.641853346319742,30636,0,2409,0,2.8026792212937286,39566,0,155,7325,28097,41975,68,18
13622,DAYSPRING BANK,1091828,912635,7994,0.7500402980120086,7.77,-0.04186034366399954,1.0728796110742718,8975,657,10.03900211616475,115468,0,12067,-443,2.020654433097533,744921,0,13760,326104,105555,756988,255,566
13632,FIRST STATE BANK,595479,527328,6161,1.12063047787496,11.37,0.003095625416942048,0.011419378349194514,0,0,10.711972134322334,63167,15.7674107542994,5200,600,3.3737263795577745,403310,0,1719,152471,56996,408510,33,21
13652,PINE COUNTRY BANK,245993,217127,3398,1.3707571274933217,11.66,0.0032836365881177007,0.12927197115365072,765,304,9.129932242294043,22354,14.226594739282799,1870,0,4.49637704811019,149620,0,626,33398,27839,151490,6,1
13656,UNITED COMMUNITY BANK,269069,226500,1318,0.4873622314238446,5.9,-0.0009734017959263134,1.1944891459068119,0,0,8.119598345087532,22059,12.208739190256454,2787,300,2.353601915246533,199039,0,2012,34270,23086,201826,0,2
13662,FARMERS&MERCHANTS STB BLOOMF,192661,172245,3050,1.5783383667665074,12.91,0.03626615509184219,0.03477610933193537,108,0,9.93776834386608,18540,14.852105923139339,1595,75,4.080692906479553,138705,0,896,9417,18685,140300,62,13
13692,BRUNSWICK STATE BANK,174839,158840,2807,1.7116688618957023,18.57,0.01846955577876882,0.48844937342354966,700,0,9.323301160240915,15774,0,1870,15,3.9599525685968904,143665,0,2804,27222,15598,145535,63,37
13696,NEBRASKA STATE BANK,20820,17263,289,1.3800150894383483,9.1,0.495981094367697,0.028818443804034585,406,6,15.624705327675626,3314,0,120,0,4.806285996711754,13892,0,114,539,3314,14012,75,7
13703,GREENVILLE NATIONAL BANK,606485,524292,8328,1.4097448443085108,13.14,-0.013348014470255083,0.05688516616239478,1160,7,11.831598290387944,72113,0,5043,624,3.941813871910248,414576,0,6638,87644,64697,419619,168,221
13712,LIBERTYVILLE SAVINGS BANK,396162,319219,3221,0.833985815250263,8.58,0.49279978055258966,0.36500219607130413,5783,49,10.347752113837904,40141,14.406510224651456,2453,1125,3.939886708433091,242311,0,979,29145,38188,244764,1284,48
13715,STATE BANK,82413,76353,828,0.9926605460592095,14.92,-1.0087142314789472,0,0,0,11.708540921035421,9847,0,1433,-500,2.6624410597287143,42824,0,618,8814,5586,44257,0,457
13716,MIDDLEFIELD BANKING CO,1850655,1449730,19104,1.0425508530045864,9.07,0.0958565281433031,1.6201290894304987,7245,0,10.697633176682766,191826,13.239595563723208,22447,2008,3.6307676822679364,1497167,0,5585,579404,213720,1519614,1646,210
13718,WELLS FARGO TRUST CO NA,1384905,0,39936,2.9269511101834094,3.05,0,0,0,0,96.26489238175846,1327309,460.0262018722555,0,0,5.40891237349067,0,0,0,0,1327309,0,0,0
13729,PRESCOTT STATE BANK,16466,13535,51,0.3248987080498433,2.15,0,0,0,0,14.801355097012628,2403,0,122,1,3.2293217095470976,7846,0,247,275,2403,7968,0,0
13735,SAVINGS BANK,278904,244238,1482,0.5276770530981266,4.71,0.9801989033932827,1.6392737285947854,1370,1337,12.81354996087817,36192,15.504211774064608,3486,2390,2.71670397548479,203454,0,1618,22158,31503,206940,2000,1
13736,MAYNARD SAVINGS BANK,106807,89244,480,0.44351634542531365,5.05,-0.0462579426990248,0.41570309062140126,995,384,14.060748318385649,16054,0,901,0,2.004619918753153,48907,22,930,3742,10012,49808,18,40
13737,FARMERS&MERCHANTS BANK&TRUST,215971,183974,886,0.3772797533629423,7.34,0.001649685899804677,0.07917729695190558,596,83,9.078501298815658,20620,17.59604942968793,1678,21,2.7724491498885206,118861,0,1184,16882,12426,120539,8,6
13748,UPSTATE NATIONAL BANK,263474,170555,-2911,-0.9895315650711336,-10.33,0.022977550082548977,0.022393101406590402,0,0,9.945539419087137,27612,16.244123299421286,2835,284,1.3486426789768513,217028,0,0,72090,26543,219863,62,8
13753,BLUE GRASS SAVINGS BANK,223169,188322,1597,0.7072511622922201,6.25,0.011726713453246496,0.27826445429248686,1175,0,13.046864635623285,30487,0,2570,120,2.4579356957566816,112183,0,144,31093,26043,114753,22,9
13774,BENTON COUNTY STATE BANK,48842,35388,450,0.9052941602491369,6.48,0,0,0,0,15.54485225379019,7649,0,232,-10,3.5936310852295565,33598,0,201,2909,6928,33830,0,0
13775,FARMERS STATE BANK,216644,195442,1112,0.5391766113719718,5.98,0.007565886259509899,0.06462214508594745,188,20,13.25847549125459,27630,19.83955339884565,1554,155,3.2913264809900373,122065,0,4868,16917,18950,123619,16,7
13784,NORTHERN INTERSTATE BANK N A,186277,161303,1002,0.5422518061530968,10.99,0.05711595095272193,0.1320613924424379,939,61,9.414697334189643,17298,0,763,0,2.6645685749121353,75190,0,1297,19741,8829,75953,56,15
13788,CONCORDIA BK OF CONCORDIA MO,117472,104323,1268,1.1108891669032124,10.61,0.03577209597653351,0.04256333424135113,861,0,11.161780113704676,12997,0,1187,374,4.539894440375424,91266,0,730,22909,12442,92453,33,1
13794,MCINTOSH COUNTY BANK,110727,91646,1779,1.5340438741721854,19.15,-0.062018224282101235,0.012643709303060682,521,0,11.105672534396525,12479,16.084879880236674,1647,0,3.646075371817031,65384,199,1026,5983,9060,67031,8,49
13798,FIRST NB IN FREDONIA,98610,89451,1127,1.1532196008448075,11.78,-0.07555675886690047,0.19774870702768482,568,0,16.38484578799797,17122,0,948,28,3.305077580010992,30521,0,3594,3821,8987,31469,41,65
13801,FARMERS&MERCHANTS BANK,253474,233385,2717,1.0762288497462524,15.68,0.018780096723974023,0,679,0,9.514440058988512,24323,0,1034,70,2.7402133741833143,165611,0,1998,41208,18582,166645,52,23
13802,TWIN VALLEY BANK,132898,124303,1133,0.8745577038267496,15.08,0.008560157115569457,0.027840900540263964,197,7,8.463476070528968,11424,13.546907698472774,746,52,3.928816317728699,84627,0,614,19022,7965,85373,10,3
13809,MINNSTAR BANK NATIONAL ASSN,200680,170005,1602,0.7652352023478678,8.04,0.004643862207320585,0.053318716364361175,49,51,10.609832445195924,21523,15.768818400663525,2534,239,3.290982292516427,159077,0,631,63421,21221,161611,13,5
13813,FIRST NB IN PINCKNEYVILLE,137948,127743,1466,1.077426230110609,14.22,0.07214660189505075,0.6270478731116073,439,0,10.638358977304547,14817,23.825352200183282,515,32,3.6348348009155327,56321,0,3508,6167,9080,56836,39,0
13816,BANK 1ST,159953,142451,1631,0.984620362745974,11.64,-0.0011069342790979812,0,0,0,15.200190747491732,24225,0,1416,0,2.8283561247593685,90318,0,624,11304,13994,91734,2,3
13819,COMMERCIAL STATE BANK,232236,209085,3154,1.3833927949534672,15.76,0.022059657718149005,0.1830034964432732,985,0,9.113910241348059,21721,0,2104,190,3.236637095914383,192970,43,0,62801,21234,195074,90,48
13821,CROSS BANK,524646,409291,8376,1.7852027662970085,16.49,0.055586975512662354,0.3876899852471952,353,0,9.70312751246181,48275,0,6618,966,5.025929636529903,414206,0,19609,104366,51493,420824,320,102
13832,TRUST BANK,42649,35361,1167,2.680318606509936,18.01,-0.016490402585695126,0.7362423503481911,149,0,15.061494359164046,6515,33.26944813012924,316,0,7.567656699712185,20609,0,1542,1667,6516,20925,5,8
13838,FIELD&MAIN BANK,769106,698372,7501,1.0127721901208737,12,-0.0020227839643126968,0.6198105332684962,2013,1285,8.435939322008368,64965,11.56786168626249,7767,590,3.390581404948116,614039,0,1509,168430,64407,621806,19,31
13843,KENTLAND BANK,379263,300220,4332,1.158620866729715,10.66,0.00822769882234204,1.064960199123036,92,2261,12.151086919861873,46836,0,3270,664,3.9113231788210427,227200,0,680,53837,40175,230470,23,5
13868,FIRST STATE BANK NEBRASKA,1053475,869060,11153,1.096910730369645,11.55,0.067756400323987,0.025914236218230143,1262,41,8.852610840105257,91573,12.05731807280124,7616,733,2.9255422029544174,808881,0,6341,187338,99467,816497,674,151
13876,CNB BANK,6168774,5473922,56940,0.9638243249218023,10.04,0.12831007027228764,0.9541442108269812,7795,653,9.843827624821332,596615,13.585867849370054,45189,7492,3.4344396542879756,4553566,13143,31589,1548749,585725,4598755,6124,342
13883,FARMERS STATE BANK,156502,143086,1353,0.847506464350859,15.44,0.16961018527206195,0.15207473386921572,538,0,10.009909567406872,16061,0,945,144,3.068935464671372,83529,0,3665,8510,8545,84474,144,3
13887,FARMERS&MERCHANTS BANK,286086,263463,2338,0.8461626992083421,15.35,0.12358176296654387,0.35269114881539115,784,55,10.470666445072295,31501,17.365562252197666,1173,350,2.9574278721352814,115601,0,5914,21510,14331,116774,183,47
13892,SANDHILLS STATE BANK,348494,316931,4140,1.1872111549671882,13.63,0.031662446278747015,0.07805012424891103,135,0,8.511046739843618,29705,11.679561759314058,2660,120,3.522803480324254,266436,0,838,17407,30226,269096,89,6
13897,FARMERS STATE BANK,362835,328809,3022,0.8146237635078746,11.21,0.01894634876301011,0.255488031749969,3613,0,8.614597972195096,32550,13.664931223309132,1781,91,3.541823058295928,290022,0,2949,36103,27017,291803,87,32
13902,FARMERS STATE BANK OF MEDORA,21611,19484,-51,-0.23395139315760985,-2.41,0.14138672095916752,1.147563740687613,31,222,15.575317965023846,3135,30.520099066488854,69,0,2.9937023670413536,7324,0,3,290,2043,7393,10,0
13905,FIRST TEXOMA NATIONAL BANK,221552,201665,1913,0.8605371947297158,9.41,0.09757745947588461,2.430129269877952,788,489,11.047621608540158,24651,0,2125,165,4.282302482726047,148309,0,5965,33881,19482,150434,171,22
13919,SOUTHTRUST BANK N A,563124,496447,8501,1.5168119720554023,14.09,-0.045675170368385476,0.10814669593197945,577,0,11.078593727851974,64089,20.11586284853052,4278,-840,4.192612685747097,325881,0,2639,151427,63330,330159,153,303
13926,STATE BK OF CANTON CANTON KS,32953,25351,392,1.153103967618958,5.4,0,0,0,0,22.061430273443175,7592,48.05801070583841,129,15,3.7164007038407867,12551,0,69,0,7485,12680,0,0
13931,STATE BANK OF SCHALLER,42023,36670,411,0.9999172817820423,8.2,0.016857720836142953,0.9899340837160603,490,159,12.386426849619877,5344,0,168,0,2.8945122257368077,11081,0,159,0,5082,11249,2,0
13946,FIRST BANK&TRUST CO,236429,214400,4623,1.9972644001337556,22.71,-0.007178647829894761,0.10489406967842355,551,0,11.873677670685428,28285,0,1845,0,4.4228644364000615,142181,0,5100,11962,21194,144026,52,62
13947,ALAMOSA STATE BANK,336012,299745,7048,2.0821651681655617,21.55,0.0006043062865982994,0.0053569515374450915,160,0,11.148023059453793,38289,20.913734539891617,1912,183,3.7303855620377315,174298,0,3344,38581,34751,176210,9,8
13951,COMMUNITY BANK OF LOUISIANA,814768,774165,9528,1.1311631653003589,24.64,0.24161040156755356,0.4720362115350627,920,0,9.543734703807617,78849,21.9881365772437,1409,733,2.500740635318088,259205,0,6038,121613,37988,260614,684,29
13953,IOWA STATE BANK,1161504,888352,13937,1.2187997922172413,13.48,0.020491803278688523,1.8627572526655096,16395,20927,10.692914837992557,128715,0,9284,1425,3.27565023832908,784978,2158,5164,97939,107204,794262,186,26
13955,FOUNDATION BANK,206518,177529,4753,2.3947696980262423,19.27,0.37783907754420454,0.617863818165971,4579,650,13.137731997121302,26835,0,2825,135,6.9541302640647205,110558,0,3584,8106,25843,113383,700,271
13959,CBW BANK,91787,66770,1174,1.3634579337224724,5.15,-0.03891807744697412,0,0,0,24.61831465234631,23655,141.41450100866265,179,0,5.3660764328565795,11385,0,5388,66,23629,11564,0,4
13960,BANK OF HOUSTON,67567,48208,638,0.9727181526283211,7.74,0.4344404095818462,0.7710864771264079,356,0,12.36933290626911,8496,0,1893,358,5.645182557786891,49773,0,67,29723,8573,51666,223,0
13962,BANK OF HARTINGTON,142362,115232,1580,1.1666922649779656,14.94,0,0,127,0,9.140518417462483,12395,11.74889062907857,1108,198,4.041429796172742,103406,0,768,8104,10519,104514,0,0
13983,GRANVILLE NATIONAL BANK,112054,99439,799,0.7108591520224343,8.06,0.22161545119651435,0.18294750745176433,671,104,10.380441430893173,11880,0,600,24,2.6376512522277458,49309,0,2622,5722,10243,49909,113,7
13986,TRANSACT BANK NATIONAL ASSN,6539,5206,-731,-10.541951486833376,-83.97,0,0,0,0,17.28356822053585,1116,43.239054629988374,0,0,5.2280881599179905,2421,0,0,2421,1089,2421,0,0
13990,PALO SAVINGS BANK,46576,43688,370,0.7972969478610892,13.68,0,0.08373411198900722,61,0,11.914346534027441,5653,0,229,0,2.840738638199281,21956,0,874,174,2746,22185,0,0
13999,FARMERS&MERCHANTS STATE BANK,34063,31228,312,0.9182412149037613,11.79,-0.3019540742231872,0.26421630508176025,168,11,11.362433084299077,3863,19.388820347347444,223,0,4.132283743817407,14549,0,1016,353,2699,14772,0,42
14009,CHELSEA STATE BANK,405817,360068,7473,1.840946916284583,18.02,0.06173159887200248,0.17741987151844305,291,0,12.514249337498335,50718,18.7841999923952,4203,101,4.518640472682229,259015,0,804,127930,42750,263218,174,17
14017,MIDDLETOWN VALLEY BANK,1020204,908453,7771,0.7383353279440207,8.73,0.003931150075823546,0.14957792755174454,0,0,9.060564100198714,96253,13.233415115882389,8279,607,3.1258669883410057,844422,0,653,298825,90980,852701,47,14
14024,FARMERS&MERCHANTS BK MOUND C,56955,52097,542,0.9716570158297627,15.62,0.013506066925262827,0.03160389781406373,925,18,6.432040963052589,3668,12.81606658679614,451,5,3.763396568381477,37620,0,1352,3357,3608,38071,5,0
14025,CONNECTIONS BANK,482268,416214,7501,1.571869055197939,15.19,0.024878409912764732,0.002073535876317732,1728,10,9.789069218679172,46214,0,4460,340,4.35349755412303,393981,0,938,109708,49866,398441,109,10
14026,SCRIBNER BANK,79113,66827,1880,2.340899752213271,16.67,0.07870036699223766,0.6332713966099124,8,16,15.498799388779744,12070,21.914478414187407,928,50,4.886019406144395,52590,0,1814,4268,12013,53518,56,18
14028,FIRST GUARANTY BANK,3970383,3478801,17470,0.4694507415575048,5.7,0.6406493711025714,3.0311937160722278,56115,11502,7.818608817737107,311413,12.107465175940126,34811,20033,2.6390615472207903,2658969,2879,17392,1159842,310558,2693780,18591,912
14029,FIRST LIBERTY BANK,783866,666829,8157,1.1128886890288576,9.87,0.015008665442663268,1.1035049357925972,195,0,11.73055290274585,91141,14.30674959105975,9518,1173,3.996925419656124,641439,0,777,179995,88757,650957,91,0
14036,MISSOURI BANK,468414,419644,6533,1.511397365870135,14.07,0.016862155253235846,0.02540487688241598,1283,28,12.216682133475942,54369,0,3494,200,3.4067404490710116,274508,0,1402,93331,48082,278002,58,13
14056,FARMERS&MERCHANTS BK ST CLAI,342083,296015,3122,0.9188303719055695,9.36,0.020707773698246324,0.9988803886776016,927,0,11.70372256985245,40438,18.386066689566555,2826,339,3.470836709270189,219520,0,2881,48140,34328,222346,108,62
14058,GREAT PLAINS STATE BANK,362591,296256,2514,0.7132173877519523,6.12,-0.09009726915536144,0.9961637216588387,349,2841,11.330042606536605,41936,0,4586,25,3.3338114911440613,279989,0,378,54301,41578,284575,7,258
14065,PINNACLE BANK,2191749,1977773,26249,1.2181031596804281,14.08,0.058110540350979824,0.07391357313268992,390,0,9.274693883350912,202337,12.886593473848917,20282,900,3.8657801455156204,1542573,264,13672,640360,192374,1562855,1131,241
14069,STATE BANK OF SCOTIA,57969,45563,376,0.6214650045783459,3.1,0.8359193395092123,1.5870551501664683,244,54,20.51338417572755,12131,31.323569499169828,851,200,3.1415985414742513,32088,0,0,2156,12131,32939,332,40
14073,COUNTY NATIONAL BANK,1280259,1099246,12038,0.9588126334516173,11.73,0.046556492809827064,0.5317674001901178,2491,281,8.55218682206268,106518,11.63443813965186,13234,962,3.7651298238940747,1034068,0,29855,313902,106294,1047302,813,340
14079,GNB BANK,629255,497553,7219,1.1402636427277117,11.26,0.2218915780575094,0,1159,0,10.750015837512,66180,14.995493112094982,6144,0,3.4393373848749462,436230,1809,720,48024,66136,442374,1184,206
14083,BISON STATE BANK,93025,83280,-507,-0.6016790048442874,-6.22,1.0813583420571906,1.625369524321419,1984,506,9.292082700818884,8692,0,712,915,4.2906487244989755,65373,1173,8041,15502,9254,66085,822,101
14095,FIRST NB IN FALFURRIAS,76792,69059,1693,2.218053091779971,21.65,0.08348471895704211,0.06250651109490572,8,0,10.17144038344767,7873,0,453,0,4.945265988092952,23351,0,3411,5177,7655,23804,58,33
14096,GENERATIONS BANK,56302,45358,371,0.6968156837996927,8.43,0.42963862021557114,0.05150793932719974,103,0,8.999716633607255,4764,0,576,152,3.667230959149781,39126,0,1526,2362,4474,39702,160,0
14113,PEOPLES STATE BANK,466431,410270,4545,0.995058205979019,11.96,-0.003269635386609862,0.05016819207985747,0,0,10.08234748802579,48289,0,2557,-4,3.1469490793996275,244280,0,1454,83208,38890,246837,8,16
14134,PASSUMPSIC SAVINGS BANK,894082,716959,6971,0.8077089568909821,6.36,0.17051201195664267,1.0667925313338151,4356,0,12.343328465426488,108526,20.29319173279332,6943,750,3.022486414442056,636430,0,3381,91473,111729,643373,1269,187
14136,WELLS RIVER SAVINGS BANK,237708,204666,1402,0.5922153670172368,7.67,0.1740949312035934,0.5149174617598061,1061,714,10.688783737991908,26181,18.383207437536317,1634,15,3.835929937336234,156165,0,2930,11328,18926,157799,341,70
14140,NORTHFIELD SAVINGS BANK,1558316,1234041,4679,0.3082192502716598,3.6,0.00465936761199023,0.3429342957397601,798,0,10.29693145827364,160638,0,8628,-500,2.4144448712151925,1091944,0,961,254566,133315,1100572,141,91
14158,UNION BANK,1527590,1171399,9665,0.6593077057619878,11.71,-0.002138477381789619,0.12392068552425717,3122,241,7.309036221681812,114211,12.508099717310964,7680,930,2.8600388067319265,1155422,0,2154,323723,82437,1163102,2,25
14168,PEOPLES TR CO OF ST ALBANS,369405,325925,3617,0.9859438265523913,9.9,0.032763454794526886,0.24634209065930346,404,0,11.055195277669739,41783,16.419476144844207,3786,180,4.150922193035441,272596,0,2481,74441,37830,276382,166,81
14178,SILEX BANKING CO,93413,80870,794,0.8636330016576533,6.39,0,0.004282059242289618,1029,4,14.208184772662733,13509,0,458,-5,3.223604968848655,53731,0,555,3450,12401,54189,0,0
14184,MARION COMMUNITY BANK,345388,318780,1927,0.5802280443755518,10.73,-0.3739068270925239,0.9021737871611057,367,30,9.358681259139876,33854,0,3575,0,3.1058345367477447,191775,0,6075,67563,18028,195350,143,847
14185,FIRST STATE B&T CO INC,616053,524283,11552,1.9233721348798007,18.8,0.28250123245809067,1.011114303477136,2049,705,12.555477464110472,77174,0,4812,1275,4.277766435647921,437873,648,5709,100202,63519,442685,1278,62
14195,FARMERS TRUST&SAVINGS BANK,354871,303755,3901,1.1209770114942528,9.9,0.0031891009286661902,0.6858830391888884,248,0,11.445686645097222,39303,0,5086,120,3.1002608682539923,310264,0,4271,15990,40071,315350,17,7
14207,LINCOLN SAVINGS BANK,1848565,1594980,162,0.008756406500496737,0.1,0.82116573918802,0.986062161730856,8013,301,8.690251659522827,161405,11.594883183376263,16009,5380,2.47149982979926,1399236,0,1881,397985,151828,1415245,12676,1144
14208,SECURITY SAVINGS BANK,188654,160542,3051,1.5669006489464634,13.19,-0.007756531775408071,0.028093758944946833,285,35,11.362213362587964,21232,15.317093852890713,2097,180,3.9917708455388605,127172,0,472,10216,23801,129269,52,62
14209,FARMERS STATE BANK,1034492,849744,9217,0.8868559613905425,6.84,-0.000254428195529086,0.23905453111285538,950,66,13.968025562822136,146965,0,9335,200,2.5586214926996793,780171,0,4098,310513,138108,789506,25,27
14222,SECURITY FINANCIAL BANK,953523,781557,8049,0.8666203550376386,10.58,0.06433396145084347,0.1824811776957661,3236,0,9.262977362022122,89872,13.262195325687602,9561,450,2.925445706888583,659775,0,64,172424,80924,669336,479,62
14225,HOME NB OF THORNTOWN,172216,156811,1386,0.8162986451562748,10.32,0.02566269322633212,0.06387327542156361,881,110,9.411931175005659,16629,17.172809956917185,1497,120,3.59824882204424,116112,0,1966,2346,14301,117609,56,28
14230,MALVERN BANK,230075,184989,2049,0.9474531128620576,10.78,0.01254962558464886,0.020428121264804953,1106,0,9.061504665298,20171,11.634937408978828,1959,235,3.50687064455572,194288,0,32732,15712,20171,196247,85,62
14240,NORTHWAY BANK,1188010,977466,6251,0.504315605562752,6.9,-0.0019740456859973264,0.25302817316352555,2297,0,9.422444107494274,116827,17.149314740428682,10222,-492,2.741631648080347,864578,0,10385,271397,89624,874800,163,181
14247,UNITED BANK&TRUST CO,205525,180797,2835,1.3863758619003375,12.83,0.0017572160075349423,0.0014596764383894903,30,3,14.969132787621858,30649,0,1680,60,2.848226041705733,114376,0,2003,9034,22155,116056,2,0
14260,WALTERS BANK&TRUST CO,64440,49076,860,1.3324532944133023,6.89,0.15153078331742798,0.16294227188081936,504,0,21.261247285138072,13705,0,417,0,4.174588086185045,31702,0,0,1598,12775,32119,49,2
14264,CORNHUSKER BANK,982133,814498,6790,0.6951161284140541,7.89,0.005529365075575111,0.05182597468978234,908,0,9.59136660701861,94014,13.586737605867572,10368,480,2.6760481988398364,808796,0,614,315126,88113,819164,90,46
14266,NATIONAL BANK OF COMMERCE,2118333,1830334,16704,1.0733553290639872,11.36,0.10741749922265874,0.48505121715990823,4746,4800,10.671468435791308,173466,10.9401124879245,15292,4526,3.348685702739122,1610293,0,17004,523595,183599,1625585,1438,166
14269,CITIZENS STATE BANK,415681,345999,8053,1.9940018996625575,27.25,0.025091584282631606,0.01708040540703087,3100,71,9.834945202987408,40006,0,3948,275,3.6141099446650067,316761,0,843,50953,29241,320709,102,25
14275,FARMERS&MERCHANTS BANK,182094,138984,3175,1.8667971170772835,15.24,0.006520227193694215,0.4569068722747592,52,1,11.537814624512363,21265,16.125442159510595,1483,300,3.8808041388624086,147548,0,676,6208,21670,149031,9,0
14276,FIRST BANK UPPER MICHIGAN,617703,516289,9321,1.5320835152350347,13.86,0.2564949621274688,0.43370357599040316,4585,338,11.556405079545103,70919,15.996421240987315,4943,608,3.6958942960890697,420195,0,13902,157847,70908,425138,1234,147
14281,FIRST BANK OF UTICA,70455,55454,846,1.1298167453264851,8.19,-0.012568543449454706,0.5663189269746647,366,0,14.69873229957835,10702,0,1096,0,4.632032163325825,55074,0,3398,2903,10697,56170,0,7
14291,BANK,148244,127288,930,0.6669927520120948,5.78,0.011293109428617063,1.0266857343298885,73,8,11.37868920604129,16424,0,2000,180,3.778337531486146,128611,0,11041,30600,16424,130611,14,0
14293,CITIZENS BANK&TRUST,110434,97836,1016,0.9007108168631505,11.07,0.0900756635573882,0.03622072912327725,579,0,12.461610232088015,12822,0,576,76,3.0111561772848088,52483,0,1045,8392,9609,53059,66,21
14311,ADAMS COUNTY BANK,235547,150288,2865,1.2203162855361211,14.59,-0.0027045520315242587,0.16981748865406904,2504,400,10.787816193152958,25486,14.871087064539282,1380,250,2.7086331525753904,153152,0,408,6236,20374,154532,2,6
14312,FIVE POINTS BANK OF HASTINGS,535935,478780,1069,0.20101632651219184,2.03,0.005273572666991735,0.0005597693750174928,0,3,10.013911077986517,53341,0,2725,0,1.3662696463410027,247774,0,2157,75298,53341,250499,14,1
14316,BENTON STATE BANK,106737,85447,1547,1.6045554022797757,16.37,-0.016629250852249106,0.028106467298125302,94,0,12.311890913665792,12722,0,1102,140,5.139189603762633,90601,5,923,14777,12598,91703,1,15
14327,HORIZON BANK,459195,379057,10372,2.2953118278046976,15.16,0.04185237495486919,1.4146495497555505,7,0,13.742415794824703,62853,14.120235928808352,2790,1210,4.69358155029919,365329,0,797,12216,70792,368119,150,0
14331,FIRSTBANK,623527,546146,7316,1.1918240479336122,10.29,0.13368319567442924,0.1404911094467441,5792,183,10.625497698448152,65649,0,5165,586,5.403321123514186,394453,0,34780,47724,73054,399618,869,331
14333,COMMERCIAL BANK&TRUST OF PA,374837,301561,1841,0.4782014430722092,5.27,0.0015940827647771471,0.030946784869156464,48,0,14.005802298261774,56870,25.28200592037274,865,-293,3.6143775417407036,180587,0,247,37633,32551,181452,3,0
14334,UNITED BANK OF UNION,570472,470301,4017,0.703943238727708,9.9,0.8133586426976227,2.1201741715631965,1730,182,8.800969883205896,51324,12.165254039065921,6169,3565,3.636779296785698,452707,0,2776,148968,40317,458876,3797,88
14344,FARMERS STATE BANK,38388,30491,242,0.6160017920052131,7.28,0.0973673717300791,0.3777222048556841,453,0,11.74165457184325,4854,0,402,32,3.263396887053095,21581,0,1146,1582,3259,21983,29,8
14349,BANK OF SALEM,148437,134431,1008,0.6899827915006167,10.29,-0.02798466854751279,0.49381218968316526,698,0,8.40656697405598,12407,15.348322460391426,750,-14,2.712318229559609,92655,0,1232,3743,10075,93405,32,59
14352,FEDERATION BANK,145464,127065,1191,0.8096026625119299,10.64,-0.04558742243015152,0.5149040312379696,350,56,9.588091623209454,14525,0,1186,-100,3.537194565819986,72267,0,1851,4443,11189,73453,6,38
14355,FIRST CITIZENS NB UPPER SAND,372529,310254,1871,0.49520280553166146,4.95,-0.013051469595476449,0.020937967245503033,88,78,12.186632066573914,46774,0,2616,65,3.552666003260966,222371,0,1160,95291,38722,224987,16,45
14359,JERSEY SHORE STATE BANK,1595380,1144580,12456,0.7816695724074155,9.62,-0.003684011645085626,0.4995048201682358,16443,3490,8.570948098071222,137102,10.853089506477511,9687,-602,2.566426984270597,1331350,0,4774,273376,134202,1341037,837,886
14382,FIDELITY BANK&TRUST,1959673,1702840,12725,0.6656387495595537,6.74,0.1789193334519384,0.514932848490539,2096,389,9.350282294941673,179838,12.711118022159825,18162,4000,2.8027656678767445,1313061,218,4248,186800,193076,1331223,2787,488
14392,FARMERS TRUST&SAVINGS BANK,186858,144990,4249,2.3779941795388404,11.26,0.0023631723225257585,0.1878431750313072,507,0,21.743427125528054,40044,0,699,30,4.4505149242786475,129865,0,1249,23512,38930,130564,10,7
14399,HASKELL NATIONAL BANK,74116,66334,462,0.6194740102494791,6.68,0.003937907081144513,0.029683199309191,304,22,12.842712842712842,9790,30.830124090714587,297,5,3.2012729733724807,24362,0,1395,3189,7510,24659,3,2
14400,FIRST NB IN TIGERTON,27796,23956,410,1.4616755793226381,11.1,-0.03325960786922322,0,59,0,13.654284370817809,3775,0,93,6,4.411558060245686,12499,0,282,556,3775,12592,0,4
14404,FARMERS STB OF NEWCASTLE,51422,49390,361,0.6951986997280829,17.58,-0.013506577703341526,0,139,0,12.008212749315604,6141,0,256,-10,3.1238402844896846,23826,0,358,3172,1859,24082,84,87
14410,CITY STATE BANK,765153,682401,8572,1.1646815087924487,13.97,-0.002729066964753554,0.10220178186584905,1956,607,8.839405759151859,66468,12.474979404963188,5765,493,2.669458987783595,562730,0,3207,158670,64533,568495,230,245
14413,IOWA ST B&T CO FAIRFLD IA,269395,223723,1932,0.7457697254548346,9.33,0,0.02969617104994525,151,0,8.156576911984478,21777,11.521425179068167,2099,199,3.008557529250774,209368,0,837,30519,21198,211467,0,0
14415,BELLEVUE STATE BANK,172430,146304,2749,1.7036799238456932,13.96,0.018653679183850663,0.45293742388215513,730,5,13.964566322600525,22661,0,1635,0,3.413887550537319,122739,0,1174,11532,20248,124374,26,4
14420,FNB BANK,258909,227584,2601,1.0117630583951827,12.54,-0.019839394268282292,1.9501060218068897,469,0,10.481991928729155,27532,15.109430999073814,2616,200,4.173369124040698,173937,0,375,32790,20503,176553,23,57
14427,FIRST NB IN DERIDDER,401287,369784,2911,0.7613152472796907,10.43,0.24387569849884794,0.6972565769636196,1507,30,9.607745201303288,37125,17.434175555476806,2523,292,3.7197532293544597,229785,479,7213,51683,29043,232308,626,61
14445,FARMERS&MERCHANTS UNION BANK,499809,419834,10658,2.11649079550902,15.27,0.06465310257094002,0,192,0,15.683029502284343,80360,20.392308076804984,10064,-3310,3.651258207523759,366444,0,1657,141978,73069,376508,306,65
14488,CITIZENS BANK,324017,278377,3183,0.9828636502870469,7.84,-0.005139330680981873,1.3295598687723176,311,0,12.733932232002894,42241,14.569548949208322,4979,127,4.035016175242433,292310,0,677,111228,42139,297289,10,25
14491,BANK OF CHARLOTTE COUNTY,203294,176353,2522,1.3037944450705508,11.93,-0.02335550549321489,0.16576977185750685,2840,298,11.647771696638,23836,16.85334792093343,1366,100,4.581357241964497,151809,451,2238,24874,21054,153175,15,50
14492,HOMEBANK,652082,540747,9683,1.5731419200487131,17.5,0.00475830393428465,0.645470968375143,12260,17,9.646985946029657,62293,0,5354,551,4.34266552117136,529739,0,5192,105550,58786,535093,30,6
14507,CNB BANK INC,638742,570700,4201,0.6691348680270445,10.78,0.02227214142268611,0.06293620898578768,606,254,7.908863544027299,51197,13.060457177127304,5505,357,2.9968723495726413,498930,0,2797,105570,40189,504435,183,76
14513,THUMB BANK&TRUST,667540,608978,7432,1.197517567995215,13.3,-0.09902818718879025,0.025916049974533364,1615,0,8.733119936747167,56994,14.326284030742551,4071,-27,3.8143623485500004,342750,0,7309,59503,56532,346821,0,326
14521,BANK IOWA,2151120,1750700,22590,1.0642853811286512,14.66,0.012294869968690765,1.1156978690170702,2975,253,8.867165831549459,193900,11.459747985075618,22067,850,3.038707681388047,1626888,953,5770,443217,158089,1648955,404,211
14522,PCSB BANK,332025,307416,1859,0.5795245467145416,8.09,0.08288075071542203,0.23913861907988854,2426,473,10.401287289517057,34647,0,2197,69,2.5441392032969206,170605,0,213,24677,23141,172802,205,61
14523,ANTWERP EXCHANGE BANK CO,152285,139305,681,0.44695538715787564,6.31,0.08033347317308293,0.4984075910299767,2161,86,9.665735815315637,14918,14.795561238298784,907,97,3.373139896314036,112183,0,1366,20477,10948,113090,113,23
14531,AMARILLO NATIONAL BANK,9557608,8418780,159409,1.709269208147148,17.22,1.235125417921668,1.1999969029907902,93964,8486,10.092454112416034,952098,12.574984022949293,90899,92250,4.114967416789459,7245270,10087,582699,1007259,979480,7336169,105493,15739
14546,NEW ERA BANK,425405,367847,8324,1.9829821822237703,15.73,0.1949962272469076,0.5014045439052197,2032,3,12.924094720884266,53879,0,2557,683,3.674379225040018,260363,0,3000,45708,55750,262920,540,34
14556,EXCHANGE STB OF ST PAUL KS,100964,86282,841,0.8682885732810777,8.46,-0.018360819480095034,0.07527435521572046,274,0,10.183076513560675,10329,0,826,57,3.43577420850723,56614,0,1047,7085,10329,57440,0,10
14560,UNION STATE BANK,114877,96066,541,0.4816827019817548,5.87,0.08344294058579772,0.0313378657172454,205,0,11.367627721444142,12881,0,731,0,3.0907386655416045,71439,0,1333,11609,9411,72170,77,18
14561,STATE BANK OF MEDORA,104352,82410,431,0.42317465429281725,2.81,0.044797374402308715,0.3756516406010426,965,354,14.92418737586591,15404,0,466,-18,2.1387721382611327,44626,0,2096,5141,15404,45092,51,32
14567,FIRST NATIONAL BANK IN OLNEY,447727,402680,4001,0.893949962932692,9.42,-0.07325959352794464,0.27539103069504406,4628,0,10.500323588048525,48350,0,2898,64,3.1516184786047634,249573,0,3638,19747,42193,252471,748,927
14574,ODIN STATE BANK,76984,68790,735,0.9877837358384066,14.1,0.22783180069670303,1.2807856177907098,1636,206,8.424510488606089,6514,13.065518369126785,656,0,3.202983076775982,63017,0,3639,490,5537,63673,221,83
14578,FARMERS STATE BANK,1230326,1097575,17382,1.4553015945524062,16.59,0.009576402153173184,0.10493153847029162,1885,0,9.990843602459606,124280,17.578447536414675,7288,221,3.470222189483906,821877,0,5311,114376,109329,829165,142,65
14581,CLARKSON BANK,72750,60987,762,1.062847482781034,11.47,-0.005993191734189961,0.015120274914089347,238,0,11.21367061356297,8334,0,891,0,2.8565404674125983,36666,0,318,2059,6885,37557,0,2
14584,FIRST NB IN TRINIDAD,254781,235864,-647,-0.24477831483560886,-5.7,0.01909781902906688,0.321060047648765,1436,0,10.413694721825962,26499,0,1986,118,3.2919448994513703,137106,0,1582,16080,10728,139092,26,0
14587,UNIVERSITY BANK,956188,731266,12337,1.2920188902650036,12.81,0.00250499029853043,0.13041368433822637,7220,0,10.398217180578188,99805,0,5083,697,4.496409649755155,836566,34,189,112331,100083,841649,39,18
14597,UNION BANK,650094,570746,11686,1.8178610840525078,18.09,0.10510392150238548,0.5263854150322876,4632,0,11.09392210872701,72214,19.9795685012666,6520,650,4.028065971443042,432784,0,29561,57376,67029,439304,674,226
14604,COMMUNITY POINT BANK,203350,177423,2478,1.3190772208458914,17.51,0.057411029593383046,0.16474059503319402,1876,0,8.40385249423025,16823,11.133983817229891,1874,322,3.442222396559938,164577,0,3590,17415,14535,166451,86,0
14619,SAVANNAH BANK NATIONAL ASSN,182800,168574,735,0.4109598232257718,6.83,0.09964662947954457,0.31783369803063455,811,0,8.282699241412441,15690,17.689954318762837,1239,77,2.7790955820037584,91012,0,834,20666,11248,92251,111,18
14633,COMMUNITY SAVINGS BANK,609792,467629,4340,0.7349925196729047,9.32,0,0.24647748740554157,2629,340,9.642281374863034,58255,12.97039892262225,4636,169,2.921907747444202,444000,0,5304,116564,45599,448636,86,86
14636,PEOPLES BANK,54208,46169,290,0.540387439159828,4.49,0.0036394604863774997,0.012913223140495868,337,0,13.593188268684958,7184,0,389,0,2.982103309015112,28837,0,208,482,6668,29226,1,0
14642,COMMERCIAL BANK,253862,233694,2014,0.8082004658188187,11.32,0.030320521602810145,0.1252649077057614,588,16,13.429774882077334,34052,30.229486827661912,1199,26,2.9002769796812666,89102,0,5916,20281,19095,90301,44,17
14644,MALVERN NATIONAL BANK,655086,564788,4617,0.7186126433489809,7.89,-0.013573900556473366,0.3369023303810492,39,0,9.787710452881312,64082,15.222115420243988,7492,150,2.974390754954702,363320,0,3325,141573,59578,370812,20,68
14646,NEWFIELD NATIONAL BANK,893732,836230,7836,0.8872517682194025,14.79,-0.013800133994849433,0.0384902856784808,411,191,9.274542488481769,88633,19.60571546904121,6023,-356,3.2252279152245036,437239,0,431,250563,55008,443262,19,81
14649,COMMUNITY BANK,128461,114746,1086,0.8592900649927127,8.61,-0.005104814605895551,0,1917,0,11.16053126232818,14428,18.229888103296677,707,26,3.4399162425712717,80423,0,2071,5256,12994,81130,7,11
14650,HILLS BANK&TRUST CO,4586865,3348459,48438,1.0963698158285218,9.19,0.08390151821075481,0.5630425137866495,24944,866,12.71174875959454,566359,0,50940,2208,2.726618885235108,3391492,13045,6248,498078,541559,3442432,6880,3992
14660,BANK OF PRAIRIE DU SAC,635899,548986,8500,1.411716248355766,10.79,0.06002660244381201,0.010064491373630089,293,64,15.124417163988538,95949,22.360859310369104,5405,100,2.9690926895312773,360237,568,977,144554,80906,365642,327,113
14662,TRUSTBANK,585783,506719,7592,1.3264253918912638,14.02,0.30774253001764845,0.43036414508444254,636,268,9.233879526982149,53941,0,5840,1771,3.6819890201454917,490987,0,3236,132127,55283,496827,1484,36
14674,FIRST NATIONAL BANK IN AMBOY,294259,266290,2569,0.8742163020071924,11.26,-0.04325941910234161,0,58,0,10.518133165904267,31662,0,2367,0,3.0835264965677354,119179,0,2662,9084,24114,121546,8,59
14679,INDUSTRIAL BANK,755456,643715,1023,0.13822912145732139,1.01,0.07518283799047822,1.968877075567604,10429,5359,15.62293016792426,120295,27.538527069976737,9841,1469,3.904145568668491,397644,0,16,173556,101846,407485,1566,1273
14690,IOWA SAVINGS BANK,272900,247357,3705,1.3622475429907677,17.44,0.0027120526875899723,0,3,0,8.972950732347073,24425,0,2047,0,2.9606632747690997,184946,0,1021,29020,20792,186993,5,0
14692,PEOPLES BANK,474065,427602,1910,0.412720432686594,5.48,0.007276566413221653,0.0630715197283073,321,0,8.090505346671266,37527,11.387471554163442,2334,-800,2.3007620731956178,303927,0,525,88081,34593,306261,32,10
14694,CEDAR VALLEY BANK&TRUST,120137,97704,982,0.8220311032461021,10.48,0.0686491315427199,0.5052564988305018,1397,444,8.115398532846475,9868,11.79277360951627,710,150,3.7282176625494303,111220,0,888,9080,9734,111930,102,27
14695,MA BANK,380234,341834,3584,0.9924096170694454,11.48,-0.008693280420233176,0.391337965568571,2319,483,9.935199922045019,36705,0,2767,315,3.4302264530853352,191294,413,2811,27401,31991,194061,74,90
14701,BANK OF NEW MADRID,120855,105750,1818,1.5385943442693708,12.8,0.021213614571468666,0.2167887137478797,515,124,13.608917385600472,15664,0,883,3,3.766201088905901,62232,0,1421,4801,14632,63115,19,6
14705,DEWITT BANK&TRUST CO,252905,227048,2007,0.8263026927504392,11.03,0.11010351943963395,2.13597991340622,35,0,9.111617312072893,22400,11.230980751604033,2107,205,3.0982099917492842,184319,0,670,41827,18577,186426,307,108
14712,FIRST NATIONAL BANK,1687096,1234786,32141,1.9316449734981023,8.13,4.788852779994042,1.2503734227335017,16516,74,23.68471431699429,395899,29.53905769212942,81857,62013,8.33724575466362,1264315,208277,3150,471672,410242,1346172,68816,4833
14722,UNION BANK,378516,309824,1321,0.3706538659675216,4.89,0.013898457121005979,1.5539633727504254,2922,189,8.243357175881858,30310,10.71180402016399,3685,351,3.73516301650156,275849,0,1149,138403,28028,279534,48,11
14730,FRONTIER BANK,410613,373361,6545,1.5797616720129952,18.58,0.003616102193114322,0.10642624563761986,659,0,10.85304195720413,45293,18.919024329362944,3998,75,2.996848852561653,195992,0,912,44301,35323,199990,10,3
14731,CITIZENS NB OF QUITMAN,130900,117719,1815,1.4650069174155824,13.92,0.02432629672676163,0.015278838808250572,189,0,11.483949215925612,14771,19.540002228191575,1357,25,4.2326547799972625,78252,0,1588,8372,12910,79609,93,75
14735,FIRST CMTY BK HEARTLAND INC,471921,423857,3575,0.7837564448895353,10.46,0.11331590179798204,0.6585848055077015,4613,2877,7.991597129524061,36939,11.181293176227726,2810,250,3.535169847182458,374634,0,3671,41004,34183,377444,446,31
14744,WILLIAMSTOWN BANK INC,224579,198909,970,0.42873458765456546,4.39,0.13489495812199792,0.1527302196554442,2177,261,10.13373126969873,23021,0,1481,-22,3.685269532616256,180980,0,9620,32277,22231,182461,261,16
14761,1NB BANK,300915,250900,2041,0.688455734084057,8.92,0.0012285540533069604,0.12262599072827875,16,0,9.43902065600151,28976,0,1879,72,2.417212691916356,168848,0,6550,35690,23920,170727,4,2
14769,DMB COMMUNITY BANK,791664,545609,20,0.00244604573469552,0.02,-0.0008769268274716622,0,0,0,10.981067210055638,89564,17.353900919608424,7643,-1375,0.9580889826591175,653332,0,1021,127597,83097,660975,5,11
14772,DANVILLE STATE SAVINGS BANK,176025,152796,785,0.45417254391009587,3.58,0.22557672125687864,1.606589973015197,1183,147,13.089047446285324,22729,0,1122,220,2.474222030507079,103143,284,2894,10090,22343,104265,239,6
14773,STATE SAVINGS BANK,186289,161350,2166,1.2031501871381802,9.71,0.2175122480840541,0.21096253670372378,2215,383,9.997621326193624,18073,0,1180,940,4.163129328271363,169208,0,1058,11057,22033,170388,452,97
14779,CITIZENS NB AT BROWNWOOD,283276,256797,2071,0.7190283153420021,9.23,0.012860294941678563,0.30111975599768426,1242,570,10.621563999629215,29792,0,1911,60,2.5366265027928967,103179,0,2321,15257,24386,105090,47,33
14785,CITIZENS SAVINGS BANK,77554,65197,924,1.2460353420933394,13.21,0,0,0,0,9.46356480293804,7009,14.526836295676212,453,0,3.931470307128286,48041,0,371,7008,7009,48494,0,0
14801,FIRST STATE BANK&TRUST,535805,477028,6422,1.2265851540794939,11.28,0.010099399351512252,0.04777857616110339,109,0,14.202992407728669,78514,29.64331654566464,2856,-19,2.610635251241868,189077,828,12050,84222,57451,191933,484,465
14807,FARMERS SAVINGS BANK,244063,209604,1353,0.5589504785574534,5.32,0.08062495860772215,0.08604335765765396,1051,0,12.443496901067151,32043,0,3915,0,2.4531352927005114,137952,0,2680,11570,25312,141867,140,28
14809,HEARTLAND BANK,253057,204947,4716,1.9149433800456077,17.37,0.084223710064337,0.27543201729254674,1035,42,12.241250142505821,30065,14.733037680093627,3075,341,4.506415928821915,206309,0,709,30899,29020,209384,176,6
14812,TS BANK,465586,433691,1691,0.37611293619425307,11.78,0.02349621759847118,0.8090879021276414,1498,709,8.172625611767815,35869,10.6033151016659,2206,1210,2.64606305113074,210400,0,7196,31078,16089,212606,111,63
14820,CITIZENS NB OF HAMMOND,30060,27504,79,0.2793217078931365,3.4,0.02356711915535445,0.9680638722554891,782,271,8.50825082508251,2578,17.704875349866562,142,24,3.7007097353139673,20934,0,2340,651,2331,21076,5,0
14836,FIRST NB IN NEW BREMEN,446710,406025,5476,1.2609300948276538,14.66,-0.0007027021709280869,0.06715766380873497,0,0,9.784727269552539,44830,28.8385342324162,2725,260,2.6026935751844666,147225,774,672,30303,39085,149950,62,63
14843,MIDWESTONE BANK,6231161,5482772,-50443,-0.7755055906569003,-7.78,0.07305618870401906,0.4036005489185723,9268,142,10.116868087195988,631252,14.015407396666435,55200,8782,2.7686148633658623,4261176,5604,40879,1414168,660512,4316376,4779,1640
14851,CITIZENS BANK,1267989,1079279,21263,1.720940682704283,12.57,0.16780788149470047,0.5777652645251654,6721,1216,13.447454173843742,167381,16.23240398165712,10286,2629,4.15086906611282,987813,935,1954,504065,169565,998099,2510,849
14853,FIRST NB AT ST JAMES,37287,34326,177,0.48307596574254513,6.25,0.15274360540960058,0.2923270845066645,265,109,8.171153270366641,3002,14.03807657907066,341,11,4.656552886641382,24465,0,1145,2488,2889,24806,38,1
14857,STATE STREET BANK&TRUST CO,325312,296502,5469,1.6993876735510152,22.4,0.06861419276598969,0.10451505016722408,1972,138,9.216666565789234,30455,12.547140660657977,3095,300,4.042068097538467,254290,831,18544,17849,25578,257385,259,87
14863,LINKBANK,2879946,2454511,30180,1.0727509250788339,9.36,0.011952098779821578,0.5962264570238469,5460,493,9.490939594288653,263058,11.545338984262035,26435,258,4.073910251349189,2321120,0,9560,1152099,334381,2347555,433,159
14864,STOCKMENS NB IN COTULLA,121372,111604,1899,1.7678173460211541,19.51,0,0.7678871568401279,1633,0,10.524403096267761,11584,0,278,0,3.356576332411802,29191,0,3184,4125,9709,29469,4,4
14867,HOME STATE BANK,430248,390570,4787,1.1225336853904129,13.27,0.06236379981455595,0.2456722634387609,92,321,9.281421783285197,39847,11.338839578168553,4290,700,3.523743389563774,339442,0,1503,110929,37175,343732,237,25
14868,PEOPLES SAVINGS BANK,180263,139522,973,0.5597480730974606,7,0.020337941257999592,0.3101024614036158,148,0,9.480088556648097,17171,0,1358,132,2.8656299143805697,138910,0,956,22058,14229,140268,100,73
14883,COMMUNITY STATE BANK,526645,459255,5528,1.1096600240961632,13.57,-0.014493360430549426,0.5056537136021418,3538,0,9.419345356658015,48708,13.287827812821401,4417,348,3.5286440281118727,382940,0,865,116547,43508,387357,0,54
14885,FIRST BANK,847846,791657,9233,1.101054188132036,18.31,-0.0009070047980553816,0.07984940661393697,108,0,9.020065125125596,80526,25.267945009393735,5067,0,3.153631581246451,221512,0,10609,93952,53878,226579,0,2
14894,FARMERS BANK,247083,217341,1926,0.7875863952833144,8.05,0.012840895193836372,0,0,0,10.444154921236528,26454,19.023597294338128,2277,215,2.947472362932125,170239,0,1423,28209,25142,172516,137,116
14899,BLUE SKY BANK,1192977,1052639,21771,1.8873387665156232,19.31,-0.004601117611467825,1.6965959947257994,1626,741,9.347743958114066,108622,0,15977,2723,4.725528456383044,974114,0,5722,361523,117201,990091,136,180
14904,FIRST COMMUNITY BANK,116994,99380,996,0.8481186412390027,8.12,0.011411714695720892,0.8607279005760979,321,0,8.88392233552172,10176,13.58113114349222,822,235,3.353596757852077,71191,0,1189,10184,12692,72013,9,1
14907,INTERNATIONAL BK OF AMHERST,99556,86128,1539,1.5783028987855579,12,0.008903133903133903,0,0,0,13.621483375959079,13315,0,389,25,3.4422785800547704,47709,0,137,11404,13276,48098,5,1
14911,SHELL LAKE STATE BANK,345506,294733,3278,0.9725306089026603,10.52,0.0422229850916147,0.028653626854526403,1026,0,11.640959665219912,41170,0,2684,275,2.8057197071866034,222280,60,3644,31400,31444,224964,92,0
14912,BANK OF DIXON COUNTY,131299,114287,2181,1.7170929875528473,14.71,-0.13413893124519907,1.697651924234,543,32,13.047464775818332,17076,21.808376169208728,1149,-149,4.031556210536088,86766,391,3189,5358,15721,87915,4,121
14914,COLLINS STATE BANK,254991,217916,1621,0.672394812314324,7.13,0.01666728958557037,0,444,0,8.332903358959806,20995,11.324360672646193,1309,143,3.3827721479342396,206112,40,1872,67387,24380,207421,34,1
14920,HAMLER STATE BANK,113652,97016,1163,1.056874957970364,7.57,0,1.8204695033963325,256,115,15.346115211599773,17569,0,933,40,2.408140488594103,79411,0,477,30346,15862,80344,0,0
14922,F&M BANK,355422,317170,5510,1.5998857141529783,14.99,0.005082522005505098,0,353,0,10.64816789963338,37438,0,3418,400,3.9949337695920626,283272,0,925,32640,36767,286690,20,6
14929,WEST SHORE BANK,768337,659059,5482,0.7217819086325749,9.7,0.019937926588554304,0.08082390930021592,1582,0,8.47394252182108,66629,11.645678319474216,5554,475,3.4994467706593193,565354,0,8466,239996,60377,570908,165,57
14930,FIRST IOWA STATE BANK,366088,325956,6433,1.7938167557486906,24.65,0.11229614166791213,0.13111601582133256,348,2,9.69298257616599,35420,0,4092,250,4.247670885131731,249139,0,793,29417,25288,253231,301,26
14952,LYON COUNTY STATE BANK,196750,168771,2397,1.2373260542565152,19.88,0.014214593537878548,0.096569250317662,223,0,8.29073553025058,16884,18.234655297240767,1772,247,3.3707732362539184,125790,0,1414,18222,12504,127562,22,5
14960,STATE BANK OF REESEVILLE,154194,123411,443,0.2966329813020782,3.83,-0.004270377529842822,0,31,0,9.499005149425894,14370,0,557,0,2.2941164822792937,73957,0,1392,3265,11080,74514,0,3
14966,SECURITY NB OF ENID,382370,352332,4794,1.2747396276505225,16.87,0.140266372520768,0.17496142479797056,720,0,8.975823847254555,33622,18.125526875677412,3115,0,2.662328506055579,215519,0,1037,75582,29550,218634,336,42
14969,KISH BANK,1691780,1303781,16392,1.0171775928038036,12.29,-0.020273075298437825,0.042676943810660964,1945,201,9.01694895101985,151675,10.643235466007637,8906,1103,3.3916063277191877,1415905,0,4061,330041,141593,1424811,55,323
14974,FIRST STATE BANK&TRUST,471565,406353,3431,0.738364253098612,9.43,0.02347823417190763,0.4989768112561365,123,0,8.406903277784846,39652,11.702583055263823,4192,1029,3.8155585156045766,336621,1052,11286,135554,36975,340813,128,50
14982,UNION STATE BANK,131126,121598,707,0.5180481528322652,8.83,0.01677599020282172,0,86,0,7.450906834807451,10328,12.439166828888457,535,0,2.8814428746034055,84519,0,891,10929,8393,85054,14,0
14991,FARMERS STATE BANK,242061,210467,2346,1.0018970275346586,8.86,0.0018149149712335978,0.07023023122270833,408,170,13.562109234788853,32494,0,2396,24,3.7202991150310525,169001,0,937,17312,27831,171397,20,17
14995,RIVER BANK,1011313,737138,6666,0.6429204676711118,6.23,0.0005906215441256899,0.23039355768194417,822,0,10.83742623375955,109489,14.616355610246796,10197,-518,1.8819895571107577,815867,0,431,242418,108604,826064,5,0
14999,PORT AUSTIN STATE BANK,69439,57421,1120,1.6473204567784296,10.02,0,0,65,0,16.56705024988118,11503,0,313,0,3.74331381447478,42744,0,442,10383,11419,43057,2,2
15010,COLUMBUS BANK&TRUST CO,259844,203527,2986,1.2459535717474812,13.43,-0.04571346389920438,0.2332168531888364,1088,0,9.203031453756596,22781,0,2482,360,3.5839501363459294,211201,0,990,45531,24076,213683,40,129
15019,FIRST BANK,12147931,10556769,83954,0.6929436424876322,5.6,0.07458494135474593,0.30247126033231503,37957,0,10.941737890991542,1315671,16.48052525984356,122572,16448,3.133096817544568,7978046,26905,26676,3832004,1521302,8100618,9587,3555
15032,FIRST STATE BANK,1246263,1132744,13613,1.104089535310751,13.33,0.015355294873691912,0.2602981874612341,8907,1577,9.126203369907188,116147,0,13342,0,3.323311552940457,831889,0,0,289969,108318,845231,179,58
15035,RIVERWIND BANK,146879,130187,756,0.5325226216454949,9.44,-0.01010418537812107,0.26348218601706164,73,0,9.779843444227005,13993,0,1247,90,3.5482138731572075,92621,0,1414,22287,7751,93868,46,55
15038,VALLEY STATE BANK,194870,163267,1469,0.7651336561929991,7.67,0.35305325686959443,0.3007132960435162,295,19,11.801133229704657,23535,0,919,302,3.6739773108856393,108645,0,4069,30863,19558,109564,516,138
15046,PEOPLES COMMUNITY BANK,377122,335793,4053,1.1043626821871448,10.23,0.004021789159937617,0.019357131114069188,88,0,12.700831438761181,46759,0,3354,0,3.138661815127746,220372,1241,3502,64676,39789,223726,13,4
15050,FIRST STATE BANK,309673,280097,1756,0.5952263927992522,6.28,0.04664763565086714,0,0,0,10.457690945958994,32491,0,2941,195,2.945080000680616,226679,0,1230,75847,28489,229620,131,29
15059,LOUISIANA NATIONAL BANK,446419,397614,6607,1.4592004721033645,15.85,0.087738273704083,2.1844948355692746,485,384,9.205523224677782,41254,0,4198,420,4.9976978576818025,390309,0,1239,195494,41137,394507,368,20
15078,JUNCTION NATIONAL BANK,84785,79923,1298,1.4999745767020898,28.79,-0.009550003820001526,0.007076723477030135,17,0,11.216995114453532,10217,34.69729836324196,340,35,3.2102652618002145,21572,0,1070,3845,4695,21912,7,9
15085,ARTHUR STATE BANK,773832,682981,6785,0.8973073110245677,15.67,0.012802935336515744,0.454879095204127,5701,0,8.16252033488077,61716,12.654654047046304,5667,945,4.005029263014757,543507,1679,2170,151068,46156,549174,266,198
15091,LAKE RIDGE BANK,3134251,2598405,17569,0.5796326668288982,5.76,0.13325480458978306,0.3998084390816179,2334,155,9.450008392547419,287130,11.877801843167433,24172,3099,2.7022245668702682,2389835,6352,7475,819766,309849,2414007,3418,193
15092,RICHLAND COUNTY BANK,110522,95132,1075,0.9899111934553516,7.49,-0.011101588415270458,0,148,0,17.893038185613303,20402,0,683,0,3.051772303163159,43734,0,210,14224,14794,44417,2,7
15098,UNION STATE BANK,38388,34175,402,1.0733968470970223,10.09,-0.03885909691458771,0,11,0,12.935939910472674,5115,27.617821272212208,701,0,3.2967599031576778,16359,0,777,247,4130,17060,2,8
15101,SENATH STATE BANK,105892,91009,1910,1.9047315126360487,13.51,0.02819999436000113,0.6506629395988365,1425,689,15.09317959623855,14975,0,796,50,4.238670391622196,55670,0,2313,340,14795,56466,20,4
15104,BANK OF YORK,301506,263711,5436,1.8285828079577662,17,0.06860783973208638,0.1850709438618137,600,29,11.514762386588632,34254,30.448445509105426,1169,250,4.584854999867631,96163,898,2339,31801,33342,97332,103,39
15105,ZAVALA COUNTY BANK,75047,67256,-347,-0.43973367599611723,-4.19,0.08202323991797676,0,64,0,14.087039153493508,10970,59.17222963951936,107,3,3.7760843244783135,6830,0,2405,1130,7229,6937,11,5
15111,CITIZENS STATE BANK,315647,283048,4388,1.4029541328637212,15.74,0.043610404771649215,0.11785317142250677,2506,95,10.598721669759401,33413,0,2133,200,4.127776901269053,185645,0,3496,12964,30227,187778,79,1
15113,BANK OF GREELEYVILLE,139116,121305,1782,1.3071013304267076,13.76,0.03158739283976979,0.20486500474424224,2296,0,11.433971351221185,15669,0,1119,215,4.534285727607156,95643,0,6622,19604,13451,96762,91,61
15118,GATEWAY FIRST BANK,1894749,1078713,16644,0.8256340625541321,6.29,0.019668373406330642,3.455075052157304,14438,48077,13.301250719510504,243560,14.870726655992991,16155,-171,3.073119806620769,1411583,0,1365,287425,258528,1427738,341,54
15136,BANK OF WISCONSIN DELLS,960970,840264,11526,1.1937101850633984,12.25,-0.009071380390600101,0.11082552004745205,0,0,11.352109625318773,111109,13.485792173446795,12848,460,2.9483941544613796,733050,0,509,515607,97239,745898,0,67
15146,GREAT NORTH BANK,178716,135653,-686,-0.41314698758029567,-2.74,-0.003562674571053982,1.2533852592940755,746,0,11.692431477035905,17729,18.77132078500622,933,978,2.7686507019551043,79619,0,9157,15924,33959,80552,10,13
15152,BLACK RIVER COUNTRY BANK,101941,86601,867,0.866738245049995,12.93,0,0.006866717022591499,1049,0,8.79439005545395,8992,13.683483068417415,1210,60,3.4420504003008974,74389,53,473,7998,6450,75599,10,10
15164,FARMERS STB OF WESTMORELAND,224481,194873,1232,0.5496309620683256,4.81,0.10855680717780274,1.8544999354065599,1235,2784,14.535575332051339,32503,0,2854,207,3.001481470340513,147047,0,2183,12332,25819,149901,229,66
15165,PEOPLES STB OF MUNISING,200583,146883,1311,0.6472271426624882,7,0.044833692865062655,0.7189043936923867,527,0,10.896174221282179,22255,0,2248,0,2.898135735141631,114601,0,1893,70357,19472,116849,65,13
15194,KCB BANK,317522,280171,2956,0.9483295156333211,8.42,0.004103997645477922,0.11589748111941851,893,152,13.410571631741803,41867,0,2637,174,3.4087808324724604,172219,0,567,27872,35405,174856,12,5
15200,DECORAH BANK&TRUST CO,709474,607752,9323,1.318926388543859,13.05,0.08091637609484145,0.1058530686113938,2715,35,11.201125143644482,78368,14.803217406640224,8370,269,3.419086242389443,533182,0,46867,93629,72882,541552,625,191
15205,BANK3,435103,363441,693,0.15712639628229422,1.39,0.029722323248098714,0.01700746719742222,160,64,12.081746495056478,52154,14.25781446620023,4299,79,2.3965552464916002,365133,0,1490,154529,50187,369432,111,1
15206,FIRST STATE BANK,706034,629674,8897,1.2404920474379106,13.79,-0.09400286512468913,0.056229586677128865,1154,8,10.880947219116686,76790,0,6132,0,3.754722162653892,475940,0,9016,89364,68740,482072,452,907
15214,FIRST CENTRAL NB OF ST PARIS,93237,73094,837,0.8882502637158788,4.57,-0.0037003733676727983,0,883,0,19.84466183345469,18805,31.47444779525634,503,0,3.9657428846734644,55688,0,464,8868,18581,56191,0,2
15216,PEOPLES BANK,176420,157296,2300,1.4123946844833093,13.08,-0.0021307196505619772,0.0640516948191815,78,0,10.956142612690748,18696,22.6772826211479,1562,0,4.229480416401885,92723,0,1760,44976,18522,94285,0,2
15228,BANK OF KAUKAUNA,165883,151291,1552,1.0187055875213815,13.22,-0.04200734324110785,0.14528312123605192,8,0,8.378887104824791,13933,11.752564710199215,1350,72,3.7181159265356736,116646,35,0,44714,12246,117996,1,48
15229,FIRST BUSINESS BANK,3853357,3113014,48141,1.3204720817295446,13.49,0.1524006276657984,0.7361632986510204,21505,0,10.140933061389486,380811,11.969996895559046,35785,8755,3.7905822039793424,3090841,141,7939,1031433,379604,3126626,5255,699
15237,JOHNSON STATE BANK,92921,78299,-462,-0.49606157176357407,-4.09,1.4271862311375068,2.5710011730394635,167,0,15.955442795387482,14653,0,1296,672,2.7004998149700907,29502,0,580,5310,11201,30798,547,76
15242,NORTHERN STATE BANK,304085,274729,6212,2.0053523409228107,21.95,0,0.0743213246296266,149,0,9.755900603061498,30203,18.232034681749017,1459,120,4.078286098810811,160843,63,991,47911,29008,162302,0,0
15243,PUTNAM COUNTY BANK,648671,565154,3248,0.5109897405594331,4.46,-0.03879956098296748,0.10421307565776797,1409,0,12.171022043904886,79843,0,4971,-102,2.6843936084846245,418120,77,2377,108171,73664,423091,59,219
15249,UNITED CITIZENS B&T CO,206765,182251,2362,1.1684982373585016,13.86,0.022851412282568814,0.49960099630014754,2245,1,9.319904040211721,19580,0,1445,162,4.1082513919540204,161897,0,865,18884,17776,163342,46,11
15254,CITIZENS STATE BANK&TRUST CO,76082,63877,1225,1.6675787301353935,19.68,0,0,0,0,8.765190121520972,6708,11.29887903064598,640,95,5.546748840723566,64462,0,383,7445,6741,65102,0,0
15255,GREENFIELD BANKING CO,137819,126928,1050,0.8018192897866551,11.24,0.41344749330419517,0.9280287913858031,1025,0,7.675842319043862,10507,11.199130468841801,930,295,3.225732671795383,89657,0,5393,17374,9199,90587,491,127
15258,FARMERS STATE BANK,73930,63181,657,0.8857169049249636,8.16,-0.07678753293781018,1.8287569322331936,501,10,13.417808039117748,10208,0,833,304,3.4349647626165867,49867,0,414,2589,8344,50700,7,45
15259,ELK STATE BANK,133267,96827,564,0.42361805874771297,6.49,0.1925423889474744,0.004502239864332506,603,0,8.059917602101743,10799,15.539968237162519,956,12,2.3954452556590518,69161,0,514,5566,8631,70117,135,5
15261,CITIZENS STATE BANK,138853,121499,906,0.6629135709968728,5.58,0.00262503018784716,0.0014403721921744579,3684,2,13.371604488433139,17982,0,947,80,3.1335738061083798,79924,377,294,4647,16362,80871,3,1
15264,PEOPLES SB OF RHINELAND,663279,547642,6520,0.987723745181817,11.57,0.0571805086414517,0.16071668181866153,2031,368,9.317550049649736,61742,12.209063891674118,5563,760,3.5630654999085443,530296,0,4089,152628,60155,535859,457,155
15270,MERIT BANK,433474,354998,1351,0.3327868174052186,3.69,-0.0007303134870643224,0.12157591920161301,447,5,8.859258302165843,38397,0,3017,564,2.7991083611571126,299586,0,1166,145415,37516,302603,0,2
15271,FIRST STATE BANK,535575,449977,3344,0.6208788331934003,8.07,0.021114121828482952,0.049479531344816315,752,4,9.490434425334476,51279,0,3843,24,3.0818139606620063,333671,905,770,102621,42762,337514,101,29
15272,MARION COUNTY STATE BANK,652856,558517,6485,0.9871207005832309,12.19,0.7371920135026606,0.9816866200203413,1154,5612,9.295903921843157,59755,13.393071341965518,2213,2950,2.9890542038700265,471155,804,881,74076,52747,473368,3487,54
15282,HERITAGE COMMUNITY BANK,281842,248856,3229,1.2037341480999342,16.08,0.015327600534560424,0.39915981294484143,1979,0,7.604432893710482,21155,10.521057451721887,3082,393,3.606610345805882,251386,0,3300,50677,21533,254468,37,0
15286,NORTHERN STB THIEF RIVER FAL,470664,423445,6046,1.3214387814961852,13.29,-0.0015550648462040867,0.2334999065150511,5313,1071,9.98398976737306,45897,26.08495695882006,2628,75,2.908071885249399,192255,0,9241,41023,46119,194883,3,6
15305,DENISON STATE BANK,457811,383025,7555,1.7074850902989536,13.03,0.19981227601114965,0.2726015757594291,1671,10,16.069894816803416,74465,0,3335,940,3.598351207242092,291366,0,7830,40348,61046,294701,693,131
15306,TRUCOMMUNITY BANK,308899,266841,3585,1.1368969847652632,12.8,0.008290458657433372,0.07122069025798076,571,49,10.821536158785463,34414,0,3142,0,3.711751040666985,201056,0,9403,19597,27747,204198,71,54
15310,CB&S BANK INC,2680927,2276433,20771,0.7906472870341611,15.31,0.12579289545582387,0.8810758368280822,7465,0,11.12636734437213,311411,0,16520,3456,3.3747670986378715,1411921,0,17198,593989,132179,1428441,1842,239
15311,IOWA FALLS STATE BANK,184274,141549,1589,0.8858279787847265,5.48,-0.0183319737119497,0.2702497368049752,10,0,8.44518190031355,14302,11.974631337302052,1086,143,4.355078659479347,88037,0,435,14686,28993,89123,51,67
15321,FIRST STATE BANK,590630,492207,6197,1.0420411563377863,9.04,-0.1065907262268909,0.03792560486260434,2885,224,12.572015240204609,76289,0,5394,0,2.633430865113075,482908,0,1386,70172,71552,488302,0,505
15323,SILVER LAKE BANK,456708,375410,4580,0.9985584130508531,10.07,0.010865090230169594,0.06065144468675828,707,277,10.612842087065784,50340,0,3476,160,3.861007318585715,335517,0,1923,97361,47694,338993,44,7
15324,SECURITY BANK&TRUST CO,1181262,1074235,14355,1.2627477708169532,14.24,0.07179629654259577,0.37883213038259084,1016,0,8.748182190347151,102145,14.049493827488119,8493,1339,3.431405875799391,800153,0,2480,254339,103878,808646,613,30
15326,UNION BANKING CO,50350,42360,168,0.318945354029343,44.33,-0.014060742407199102,0.1211519364448858,46,61,11.113631208890904,6370,36.41190758628481,75,6,1.8928101227325296,7014,0,31,1255,-195,7089,2,3
15334,ROLLING HILLS BANK&TRUST,463819,401745,6021,1.3591704387540329,10.97,0.002030804401623483,0.005390033612249607,5,25,11.42724834719197,50834,0,3509,170,3.845604615992705,357828,0,2616,57062,57648,361337,7,0
15336,DURDEN BANKING CO INC,282668,243061,8165,2.928649980236544,22.19,0.09546787939803163,0.14893797670765704,1849,185,15.06422005413941,42739,24.394442128965558,3919,300,5.46388699037716,188761,0,8370,36253,38881,192680,244,68
15345,TXN BANK,611776,560875,3623,0.5618512463544802,10.57,0.06506899285029794,0.42008839836803014,4897,165,9.360706595350429,62338,17.222746663777937,4074,139,2.64703748106469,309795,0,7029,91946,32808,313869,368,170
15346,COMMERCE BANK TEXAS,61742,49608,137,0.20954997231493067,1.85,0,0,619,0,11.636346042190826,7215,0,287,0,2.99380352294089,27810,0,188,7590,7512,28097,0,0
15347,SECURITY BK OF PULASKI CNTY,165791,146766,1112,0.7385239880826668,10.7,0.033790861599389065,0.35345706341116223,960,0,7.871269128133069,12772,13.67194753662565,1216,205,3.763621027998898,89989,0,1758,14923,10541,91205,51,21
15348,FIRST BANK&TRUST CO,58016,46482,1365,2.319921411599947,19.11,0.11907483615302544,0.2809569773855488,270,75,14.811612517042999,8908,0,271,23,4.581737417463298,20961,0,1502,843,7106,21232,28,3
15355,MARION STATE BANK,133928,120264,1976,1.450601015714355,15.58,0.04512409125094008,0.2053342094259602,1592,0,14.616930290071616,19859,0,481,112,3.5971447712178444,59849,0,2893,21898,12612,60330,53,26
15359,SOUTHERN BANK&TRUST CO,5013753,4460023,63394,1.3034689248887803,19.9,-0.008778850044637318,0.11981044937794104,4372,0,9.3666271646703,491071,14.108815969973227,34252,793,2.743257542919958,3227105,0,12847,1283198,338431,3261357,832,1112
15362,BELT VALLEY BANK,84664,70251,1356,1.6389955229797808,11.55,-0.0014920117689888337,0.5338750826797695,417,361,15.263428487489595,12469,0,853,0,5.082349632508958,68792,0,1688,5577,12288,69645,0,1
15364,FIRST STATE BANK,73303,51110,1006,1.4070874688090949,11.84,0.006072530301926207,0,0,0,12.60843715374429,9331,0,934,0,3.5021963184936737,52852,0,135,4683,8675,53786,3,0
15367,FARMERS STATE BANK,178172,161763,2616,1.4250942980974775,18.73,0.04799447694326869,0.081382035336641,52,78,9.020247419981237,16537,14.499490784848385,1040,0,4.277065325876127,106054,0,3935,32714,14876,107094,61,9
15399,RCB BANK,3866212,3438077,43533,1.0928760089201457,11.11,0.02843708471918619,0.26979896601634884,2256,40,9.868857650773217,385160,16.087776997291378,26846,1300,3.1734764600178766,2243455,0,95147,649194,403826,2270301,798,147
15405,HOUGHTON STATE BANK,215665,183480,3018,1.3551011611304185,10.05,0.0023422110941170686,0.22581318248209026,792,382,13.222042754464969,28569,17.809374763652865,2043,0,3.536641700588684,159209,0,658,7443,31693,161252,18,14
15415,PEOPLES BANK OF WYACONDA MO,139471,125343,1241,0.9169526140168879,9.86,0.04305831909387167,0.21653246911544338,188,124,10.346958139945423,14067,0,1812,160,3.190494655667369,88982,0,2300,3011,13227,90794,51,13
15423,AMERICAN BANK OF FREEDOM,934548,716760,3816,0.4185525846170518,4.3,-0.002550810808778871,1.3996070827822649,416,0,9.509863320142696,89783,13.057861450058619,13947,5487,2.9631383358376944,748011,0,220,271196,88714,761958,0,19
15427,CHELSEA SAVINGS BANK,191268,172625,1864,0.9923920161423423,11.21,0.006521009060942091,0.16050776920342136,18,0,15.883905287868458,30516,0,598,0,2.8165895623187827,67682,0,1136,8688,17024,68280,4,0
15442,ROBERT LEE STATE BANK,39953,35048,132,0.30307204849152775,2.72,0.1609506820285151,0.2753235051185143,347,0,14.14364122531313,6030,0,286,40,3.4451760246847587,14896,0,2148,1327,4806,15182,30,6
15443,LAKE ELMO BANK,515771,456659,8805,1.7472650985136042,17.43,0.005348737697903295,0.42421927560874884,1907,293,10.700810040064617,55047,16.942206465329292,5481,337,4.125836677844374,393893,0,4313,116465,51759,399374,57,36
15444,AMERICAN ST B&T CO WILLISTON,628870,564001,13416,2.1721566944878448,28.41,0.0311942485770113,1.0176984114363858,1934,580,12.60386226471239,82595,22.17522352523999,6010,120,2.807860859296496,300769,945,9829,80341,46968,306779,112,18
15460,SPUR SECURITY BANK,108830,101464,7,0.007487383758367151,0.11,0.012042582571974502,0,215,0,12.610962112340877,13354,22.94230957589213,700,316,3.5701870590114337,57699,0,361,8646,6818,58399,10,4
15463,STATE BANK OF DE KALB,436420,382263,8933,2.001238424494639,17.84,0.1229377934765009,0.18560102653407268,1241,61,11.54758250021134,51908,0,4887,690,4.58063430441343,348338,0,4757,61758,52254,353225,417,7
15465,UNITED SOUTHERN BANK,852633,779500,7853,0.9007268899264256,20.12,0.044198129617864526,0.18648117067953035,2403,0,9.147342404736685,84199,0,9212,-111,3.14178900813508,392426,0,4351,177579,39534,401638,206,35
15469,FIRST STATE BANK OF RANSOM,46578,38489,275,0.5768924169065142,3.44,-0.0167897918065816,0.1288161793121216,24,5,20.76634682595158,9804,38.57839031447499,395,13,2.3292415646730946,17530,0,225,0,7832,17925,5,8
15471,FIRST STATE BANK OF CANDO,75638,67913,383,0.5177788773256112,8.77,0.12395925872363284,0.2009571908300061,878,2,10.84702873313017,7973,21.325781953919424,293,0,2.618736030850022,29118,0,2147,3842,4174,29411,44,8
15472,FIRST UNITED BANK,735632,620138,8165,1.1502637506177473,12.89,0.05395634931340545,0.09597189899297474,70,0,9.620574142036622,69127,0,6279,943,3.293497436597205,518204,0,9646,71724,65396,524483,276,12
15477,CITIZENS BANK OF AMERICUS,473148,426078,6531,1.4719405003380663,17.9,-0.0032541543347776357,0.11539729640619849,242,0,10.047079709167491,46181,17.54199717138514,4139,0,3.6635278695945344,245233,0,3038,83272,38747,249372,39,47
15478,UNITED VALLEY BANK,669851,605957,6440,0.9998435027560904,11.55,-0.002020590263808265,1.1926532915528976,614,0,8.838898397949665,58560,12.858145315714983,6360,700,3.244531265363916,463665,0,5986,96051,56894,470025,7,16
15480,COLEMAN COUNTY STATE BANK,212415,192235,3677,1.7743227462675044,21.28,0.05263248967538011,0.08756443753972178,1902,69,9.450254607979291,20006,14.559027191352811,1545,361,5.07558437056357,146265,0,1253,41658,18454,147810,77,4
15489,WEST PLAINS BANK&TRUST CO,667808,620430,7753,1.1738507300343177,20.64,0.051911922921902255,0.4335078345871868,1635,10,8.201455909196703,56028,11.620796884536022,3707,290,3.333567460963534,452371,0,10131,115448,40113,456078,294,65
15496,FIRST STATE BANK OF BLAKELY,661235,531591,11742,1.8636273024732821,10.76,0.11829202247970061,0.34087729778369263,2118,14,17.252604759779047,113626,0,6967,2339,5.223622005349565,416465,832,6921,78273,114308,423432,565,60
15501,LYTLE STB OF LYTLE TEXAS,108975,97548,1223,1.0907410974835363,12.56,0.37629519462077055,0.08625831612755219,3528,0,15.03419638495359,17234,0,385,160,3.67812596850495,45015,0,9573,2352,9956,45400,176,8
15510,AMERISTATE BANK,440642,389424,5478,1.2672846240759095,13.39,0.09293777278051556,2.0079792666155294,1240,818,9.492422341016939,40468,0,5020,1012,4.8693134969967256,306566,0,8785,108018,41718,311586,310,25
15511,FIRST STATE BANK,1763658,1652557,2855,0.16225164132737416,2.75,-0.1518789613227615,0.24262073485902597,23500,752,8.893750985185036,160238,14.35293153629806,19218,4800,3.0023351909816705,911932,0,20047,398503,105187,931150,1761,3116
15519,CITIZENS STATE BANK,244719,219376,6052,2.562960227532596,25.98,-0.026464381195199026,0,1083,0,10.366307751175698,25195,0,2500,54,4.181980869502235,185323,0,3448,29621,24681,187823,5,52
15523,MUENSTER STATE BANK,217917,190578,3705,1.738086950321206,17.45,-0.007221530560073026,0.12757150658278152,205,278,13.778138072502843,30763,0,724,0,3.1105838675287365,71001,0,5077,8115,20250,71725,0,5
15532,CENTREBANK,104639,86695,1766,1.7302394118361701,10.55,-0.016101645295392004,0.5638433089001232,939,532,16.851862513673787,17562,0,1117,271,6.18497195064662,72605,0,2209,11217,17562,73722,9,20
15539,FIRST STATE BANK,380643,331357,3571,0.9536725070984641,9.87,0.0005940478778827658,0.011559387667709638,97,0,9.733218521067963,37188,0,4351,135,3.0294015208684044,342372,262,1667,101159,37510,346723,4,2
15545,FRONTIER BANK,1333547,1076248,14613,1.1127354102059153,11.41,0.0026438808486482263,0.08938567594542975,11184,0,9.656318076160108,126952,11.603887514149577,13788,1276,2.8845142894059137,1183163,0,5115,269782,130633,1196951,45,14
15546,CHILLICOTHE STATE BANK,135402,124461,1408,1.0113663789635792,13.85,0.008650419256986654,0.5583373953117383,1300,0,8.710080904627976,12047,21.5456122328691,1080,0,3.5647098256749694,68133,0,3251,8658,10121,69213,6,0
15547,BANK OF LAKE VILLAGE,84046,72453,1485,1.705810323081624,13.65,-0.0018967054226808034,0.28198843490469505,1364,206,14.925477005161515,12868,25.4037848978827,2543,524,5.549950805835377,42076,0,570,3049,11248,44619,0,1
15555,CENTRAL BANK,2167453,1836731,11152,0.5118343800878803,5.56,0.0113380592314844,0.03769401228077379,1427,535,9.051504216258339,195145,10.559135692135941,19741,0,2.7402042335618497,1886599,2997,7077,682970,199897,1906340,439,222
15562,PIONEER BANK&TRUST,952831,863544,10414,1.0387149219268192,13.73,0.007616785913969021,0.00041980162274317265,3477,4,10.35254015413035,105023,18.190014280355626,5541,533,2.806969958300394,498287,0,7361,157193,80307,503828,54,17
15565,FIRST SOUTHERN BANK,1036460,910428,13384,1.3008377885213311,13.64,0.01471382216454137,1.2362271578256758,2828,0,10.059935826287006,104685,0,8621,-399,3.4807826587554853,662430,0,38687,253446,101108,671051,151,53
15566,HOOSIER HEARTLAND STATE BANK,332088,308934,2252,0.6885329905751696,11.45,0.051161863679881556,0.16411312664113126,1009,133,8.334961776009191,28151,11.577796599418685,2797,349,3.5246976916802453,229972,1516,5885,41860,19656,232769,367,252
15572,FIRST NB OF PULASKI,1402548,1264928,15878,1.1482848047163712,13.85,0.0073070131852903805,0.053973197352247475,821,0,10.650026453504283,151778,0,12595,119,3.3412416943826946,948873,0,11539,346486,120054,961468,314,246
15578,INTEGRITY BANK PLUS,90138,81159,1191,1.3310772449495063,15.57,-0.2577053911967839,0.7788058310590428,768,187,10.528719359736954,9222,15.874223405604159,1235,0,5.311880930654777,58323,0,344,4139,7647,59558,0,165
15580,FIRST BANK OF COASTAL GA,223746,213960,906,0.43341028837570644,9.74,0,0.0017877414568305133,873,4,8.410567715458276,19674,22.205218290961213,790,38,2.2266909946816513,47056,143,705,14684,8890,47846,0,0
15584,MID-MISSOURI BANK,933956,842200,11946,1.2859212399613427,14.19,0.2967593216895235,0.3899541306014416,1046,65,9.669585647159334,90546,14.880265073547868,7105,1975,4.201293829056234,648898,0,2430,220807,87830,656003,2019,56
15585,BAY PORT STATE BANK,149267,134644,1672,1.139680371459459,12.66,0.07950389569088885,0.4341214066069526,548,648,9.547171862683808,14050,14.74230961250432,1610,126,4.642359235500866,116219,0,1372,16598,13819,117829,97,5
15590,TAYLOR COUNTY BANK,230646,209011,3963,1.749094337224329,19.48,0.010852772564190958,0.5723056111963789,2350,875,12.11902996928942,28610,0,1710,399,4.114369759611505,163602,0,3773,46909,20224,165312,23,6
15593,IPSWICH STATE BANK,66845,55692,908,1.3492429083020046,9.26,0,0,0,0,15.721717661581872,10698,28.886017194999734,255,0,3.3549106491671066,31860,0,333,1043,10339,32115,0,0
15597,SECURITY STB OF KENYON,70069,61894,330,0.47088906709741124,3.99,1.1320843256179538,1.021849890821904,179,506,12.287019771397663,8632,16.428738170913466,505,538,4.3767990833408374,51265,0,536,2944,7964,51770,588,9
15598,HORIZON FINANCIAL BANK,196151,171000,1498,0.7948113357711792,7.34,-0.0007234884878511812,0.14478641454797578,1225,91,11.339778793446717,22156,0,1564,30,3.485312024530988,145667,124,706,8425,21000,147231,7,8
15606,HAMILTON BANK,109232,105411,1403,1.3516325563292626,36.23,0.02937191105402082,0.31584151164493923,1612,339,10.019378928959682,10599,15.501104067241256,282,0,3.4933043328210087,55047,0,944,1258,3548,55329,15,0
15610,FARMERS&MERCHANTS STATE BANK,259697,232791,2854,1.1855428573327529,13.03,-0.0020338238464490117,0,686,0,10.010774458613055,25365,16.402119647216125,1416,0,3.3698439522383503,148878,0,1730,11877,22688,150294,0,3
15614,WEST BANK,4013203,3361729,29614,0.7497293009876812,8.83,-0.003013556382936762,0.003314061112781985,0,0,9.965250682764918,423596,12.857116651074055,30432,1000,2.126323187403812,2974428,0,7351,1421144,333679,3004860,20,110
15621,FIRST FARMERS&MERCHANTS STB,96333,86442,529,0.5759565887691732,7.3,0.05213417018330953,0.12456790507925633,587,90,8.78641940334285,8064,12.186038813257747,760,10,3.6731145901661906,68011,0,100,9223,7301,68771,37,1
15629,QUOIN FINANCIAL BANK,237822,197291,3445,1.5230854660951005,10.57,0,0,811,0,8.518761428639682,19613,13.618819702292468,817,0,5.941151995734248,152822,403,287,28278,32911,153639,0,0
15632,GREENFIELD BANKING CO,864511,745963,15736,1.8051779791229836,15.29,0.05302783624436645,0.8453333734330737,435,0,12.729160795246578,108851,0,8616,865,4.197543764722835,578584,0,7902,261348,112169,587200,343,44
15651,STATE BANK&TRUST CO,198640,162853,934,0.46473164484152846,5.89,0.43308712208102035,0.7596657269432139,1097,14,10.244526683498773,20734,16.004765403739558,1599,566,2.274471404248895,109640,0,364,38603,16396,111239,474,2
15657,ALLIANCE BANK CENTRAL TEXAS,976855,842391,7054,0.7500308880029721,6.34,0.015616762157961674,1.7518464869402315,2856,50,12.146947152385838,118372,15.285534603283674,8868,325,2.8890714471739596,791689,0,4132,336723,113542,800557,156,31
15663,FIRST STATE BANK,914593,810253,1900,0.2120164685465758,2.35,0.15952548752965817,0.9817481655774755,5754,1719,11.095430672149648,97727,17.020210400557527,4403,0,2.2173714633782198,432386,3318,9264,148303,80908,436789,786,92
15664,FREEDOM BANK INC,202414,182043,2025,0.9790573587401538,11.5,0.2570120721819882,0.4634066813560327,2330,0,11.309168320265089,23481,0,1684,220,3.8859830873930328,130047,0,3820,28835,18009,131731,358,10
15669,MCBANK,414754,372979,5010,1.1866492719515902,15.96,0.3566741458871343,0.11235575787093072,970,0,11.47899429304852,50084,20.937335398306615,3220,608,3.4702234962406964,182211,0,4284,41965,31229,185431,1333,659
15671,BANK OF CLARENDON,413319,367197,4300,1.0913051908565885,10.3,0.0010400037440134785,0.002903326486321703,71,4,12.3502033753344,49674,0,1810,115,3.4514822934997405,194542,0,5248,77846,42522,196352,2,0
15675,CITIZENS BANK&TRUST CO,337779,295164,2885,0.8663445126309125,7.21,-0.0010982023525690798,0.09118388058464262,1057,72,13.871108873626046,46289,0,3265,0,2.70481989575219,186610,0,772,37965,40511,189875,10,12
15687,GRANT COUNTY STATE BANK,357024,275382,11330,3.3298281479513476,26.17,0.13006059860483143,1.6287420453526935,11396,1830,12.768260699737738,45764,21.19949984533545,4983,507,4.432779289102176,281855,389,12015,46654,45764,286838,439,88
15690,CLEAR LAKE BANK&TRUST CO,600626,544498,8255,1.4223949581569484,17.81,0.003444252025564616,0.11937545161215131,592,0,8.122414304457324,48474,12.10180675428858,5909,180,3.44703482728317,443571,0,3598,148395,47872,449480,34,19
15699,PINELAND BANK,533934,481580,6567,1.3584078558048096,14.52,0.15790113643784043,0.6302277060460656,2181,0,9.318393626276112,48094,0,5969,1580,5.209804345659628,374533,573,6598,152358,47814,380502,576,15
15701,SEYMOUR BANK,240556,204148,1131,0.5038768669283915,7.3,0.05269106237399963,0.010808294118625184,3355,26,10.530604291951926,23780,0,1657,86,3.021854010666581,130097,0,5032,22292,15623,131754,86,17
15703,TOWN&COUNTRY BANK&TRUST CO,427420,359363,4786,1.1155438660937131,11.07,0.03176351772296004,0.028543353142108464,583,122,11.871918374326674,49986,0,2682,146,3.804700906177369,275655,0,2836,105478,44868,278337,202,114
15708,CASEY COUNTY BANK INC,417729,302638,4308,1.085096993767493,15.47,0.25675647918218464,0.2089871663207486,1672,0,8.405019807475169,35135,12.951815470490056,2723,470,3.140627946965522,186304,0,6136,35986,28748,189027,681,206
15728,DAKOTA COMMUNITY B&T NA,1273533,1164168,17810,1.4189634062005434,20.6,-0.0035217932971469074,0.027561123268890556,4207,0,8.41656059785006,106858,14.652896783755967,9600,55,2.922751620760932,690251,0,8596,133245,86975,699851,8,32
15729,PARTNERS BANK,442582,366403,3975,0.9152646807303513,8.4,0.05009432655105891,0.405800507024687,631,119,11.825634696755994,50977,15.332215960393086,6394,1050,3.871308668743757,371475,0,961,140237,49622,377869,301,113
15731,SECURITY BANK OF TEXAS,134328,114477,1702,1.2825169281685027,10.28,0.018287356766967442,0.29926746471323923,1198,0,13.772188485343923,18869,0,1406,134,5.111884500678725,97131,0,974,18057,18752,98537,90,73
15734,SECURITY SAVINGS BANK,515262,460928,2238,0.43994651445591904,4.47,0.04668534080298786,0,0,0,9.203395449144619,49418,12.827341428126834,4562,0,2.5885416203898215,405534,0,1356,74046,51571,410096,192,10
15741,COMMERCIAL BANK OF MOTT,143722,102601,1968,1.382754632719853,13.75,-0.00844093968292079,0.36250539235468476,0,0,11.82575370822348,16910,0,1049,95,2.827065128466582,106333,153,600,20887,15118,107382,0,9
15749,SECURITY STATE BANK,57911,47250,1061,1.8026865296330403,10.78,0,0,21,0,17.82718838793605,10415,38.52423228059963,173,0,4.450066240099219,17318,555,692,261,10379,17491,0,0
15751,FLAT BRANCH BANK,85451,75515,279,0.45862812656163704,4.07,0,0.11819639325461376,102,0,9.25504622682608,7648,35.225909636145545,259,286,4.095496351793352,25570,0,532,558,9502,25829,0,0
15752,FIRST STATE BANK,1537157,1274982,11279,0.7323621748150264,7.63,0.007788886287400868,0.3323017752903575,5320,619,10.178022964995263,155252,14.45080821846913,14444,-1284,3.005483350061342,1270787,1270,4148,355806,150955,1285231,207,107
15760,CITIZENS NB OF ALBION,346446,287256,3339,0.9714291034224328,6.12,0.06405462301257547,0.23409131581833822,1169,134,16.172828437909743,57726,24.750548569241854,3060,180,3.1564712778792683,231463,0,2257,32633,55074,234523,243,95
15762,FIRST AMERICAN BANK,33475,28940,580,1.6716913481326054,13.19,0.27184056348085756,0.25093353248693057,241,20,13.05710102489019,4459,0,429,90,5.444820447981356,24339,0,1033,672,4459,24768,82,15
15763,FIRST NB OF NOKOMIS,177903,160978,1810,1.0141044561206525,11.66,-0.010367958859939243,0.09780610782280232,1437,12,10.590501698673444,19296,18.805410839959784,1258,88,3.686740182057106,95280,0,2306,7184,15216,96538,2,12
15767,FIRST SECURITY BANK-HENDRICK,41871,36947,689,1.5719898334010194,14.9,0,0,0,0,14.981520280609242,6364,31.22056884535694,295,0,3.191692528049654,16158,0,158,1495,4821,16453,0,0
15771,NORTHEAST GEORGIA BANK,640118,556056,15786,2.5331324286202563,23.55,0.025231150984553155,0.07701704998140968,661,11,12.893075949250118,83715,0,4766,638,4.6592275228794815,301535,0,5199,55259,73495,306301,120,45
15772,MEDIAPOLIS SAVINGS BANK,250962,215543,2516,1.012271172802253,11.36,0.03257383871456893,0.26059722189016665,598,4,9.182988446182295,23391,0,2169,0,2.997871756321693,184149,0,2642,13025,22512,186318,71,13
15778,GRANT COUNTY BANK,62232,53424,107,0.18393096572351908,1.29,1.0386133357952316,0.8420105412006684,1221,38,15.471304581847543,9198,0,426,0,2.4205237900899257,16502,0,952,1359,8431,16928,194,14
15779,FARMERS&MERCHANTS BANK,937207,796799,9070,1.0188131085639163,13.31,0.3049490584163947,0.6961108911905267,5815,0,8.813624617462331,81446,12.248445106751628,8021,2799,3.1053349881430963,731252,989,4011,201177,70443,739273,2233,91
15784,STOCK EXC BK CALDWELL KS,86114,79458,715,0.8616367965910514,11.63,0.08623053805028512,0.7687484032793739,443,420,8.394900598969866,7204,14.031571479247958,876,126,4.057544757033249,73300,0,1167,3737,6388,74176,64,3
15792,PEOPLES BK OF MONITEAU CNTY,74882,64251,751,1.0358420664980263,12.19,-0.013545852711428183,0.5729013648139739,267,0,10.80394922425952,8043,0,658,21,3.234830507006634,43740,0,1539,4529,6469,44398,2,8
15797,BROADWAY NATIONAL BANK,5706056,5230535,64803,1.1463716099353976,17.67,0.13816108506855151,0.3806657347912463,8948,3816,9.524076752719417,566848,14.381444375265747,35020,6913,3.066169710376231,3456973,0,55941,1121296,384847,3491993,6584,1883
15799,PREMIER COMMUNITY BANK,536187,471014,3273,0.6337898892600788,9.57,0.03633301318972874,0.046998528498452964,258,0,8.325275879217685,45032,12.554048276727176,3913,75,3.4314251329996748,365423,246,1914,115021,35851,369336,131,2
15801,FARMERS&MERCHANTS BANK,528886,426888,7264,1.373711058487488,11.68,0.2184060919000678,1.235048762871394,3574,1,13.069640133650347,70526,0,7397,850,4.532106316517965,315363,2340,18235,72113,62647,322760,777,107
15808,IOWA STATE BANK,469969,382090,5897,1.3271996020876893,9.49,0,0.009575099634231194,318,45,15.610565227707667,70396,0,2072,44,3.032251370210747,272820,0,711,133471,64087,274892,0,0
15809,SECURITY STATE BANK&TRUST,2011000,1711964,37383,1.975397964774157,20.17,0.2343284933650225,0.37120835405271013,17599,3794,11.710286873922199,221238,0,12997,4264,4.708905215624913,1316423,0,22613,373521,195521,1329420,3322,165
15815,CENTRAL BANK&TRUST CO,3643067,2855943,36725,1.0366494316112562,8.91,0.06589729313646099,0.1712842503308339,4233,876,11.937482018970398,434850,14.716910008030831,29857,1239,3.918427666687644,2832758,7203,18178,1015465,433498,2862615,4106,2262
15817,GENESIS BANK,67342,52704,513,0.8213992929241174,3.9,0.42181624064020745,2.98921920940869,4228,1002,19.29107805621889,13410,0,633,182,6.156833964537191,48981,0,46610,928,13440,49614,180,3
15820,RED RIVER STATE BANK,124081,107235,1060,0.8630207027268197,6.74,1.2917974490629025,6.899525310079706,0,0,12.546746298171612,15735,0,1076,1070,4.172079629058026,107138,0,9957,705,15981,108214,1432,8
15826,CLAXTON BANK,222828,188090,892,0.4725011733072857,3.49,0.019538337008401484,0.3783187032150358,483,0,17.107379558931825,35311,25.795399263326154,2269,480,4.445111412396634,119192,0,3124,54795,32966,121461,31,10
15839,SECURITY STATE BANK,121383,95028,2161,1.8815912288767223,8.67,-0.014581665279199123,1.3527429705972005,2604,715,21.88260127474666,26539,32.947680110800675,1848,0,4.420393132836069,72692,0,589,26570,26125,74540,8,19
15847,SUNRISE BANK DAKOTA,58966,52776,5,0.00816980114704008,0.09,-0.009682416731216113,0,0,0,12.216106359556271,7213,0,601,-160,2.5471163383874167,22215,66,663,2543,5574,22816,0,2
15853,FARMERS STATE BANK,26626,19823,144,0.5534970249534908,6.12,-0.031205629495560997,0.048824457297378505,93,0,9.513902780556112,2378,14.107270037802005,197,0,3.0802481216442743,13396,0,198,30,2378,13593,5,9
15871,PEOPLES BANK,523535,473806,4548,0.888512402054597,10.86,0.07269370677407772,0.01088752423429188,4003,0,10.542642491315537,55023,22.45045700725095,2969,59,2.259249215348684,207498,1570,10068,52713,41820,210467,312,163
15873,MILLEDGEVILLE STATE BANK,191144,150091,1610,0.8818380791923458,9.15,0.4851139571922603,0.9333277528983384,0,0,11.546625006733825,21434,16.339287007663003,1125,317,2.605862418069214,116123,0,531,16096,17565,117248,545,1
15883,DEMOTTE STATE BANK,560936,465486,4503,0.8169525547047976,10.85,0.016107361457048344,1.4427670892936093,4531,6137,12.473476128064554,69189,0,3919,551,3.313531582319835,254738,0,1472,14775,41811,258657,42,1
15898,FIRST STB OF LIVINGSTON,704411,622150,7552,1.0738673415498214,9.24,0.04267696166295706,0.3013865484780902,3851,1594,14.930371052209507,107053,0,2478,20,3.2440411604230577,216627,0,15671,35272,79783,219105,112,21
15899,FUSION BANK,263958,220117,4500,1.9473118009691555,17.43,-0.005353882724983537,0,390,0,13.682987239083225,30495,0,1943,125,3.7095512722116237,115798,0,56,35386,27753,117741,2,8
15904,FOUR COUNTY BANK,90008,78947,1463,1.6719579621998077,14.44,0.18929090671935,0.337747755755044,440,23,13.325432879057212,12144,0,1380,155,4.330890327053659,62183,0,10643,9230,10580,63563,153,34
15908,UNION STATE BANK,192108,160002,880,0.4592906673180244,5.86,-0.025031029845618967,0.05517729610427467,261,106,9.721983434298485,19226,0,1434,35,2.667863574411718,118256,0,1934,18437,13782,119690,36,65
15912,IVES BANK,1645117,1267182,14567,0.9053837610189623,7.34,0.14242809757349456,1.5085249255828004,2616,3841,12.846886598692109,210793,0,16992,-799,2.973082822811702,1352139,0,845,296904,204929,1369131,2702,784
15913,FIRST COMMUNITY BANK&TRUST,205323,176109,3033,1.5011626214961735,13.24,0.5037256133226132,1.8336961762686108,0,0,12.297106311296378,25842,0,1018,28,4.199766703278925,97633,0,3414,51431,24359,98651,635,120
15928,FARMERS NB OF GRIGGSVILLE,155326,138193,2099,1.4572745702463272,15.01,0.03283309171545327,0.30838365759756897,1473,112,10.412186619295035,15591,0,1550,210,4.2136535373025685,121391,0,3506,11792,14750,122941,47,8
15930,MAXWELL STATE BANK,23645,21864,-2293,-9.043795159814469,-81.65,0,0.20723197293296677,184,0,8.405545927209705,2134,13.011881416541701,122,39,2.7480836869258622,7207,0,142,120,1629,7329,0,0
15932,CITIZENS BANK,1027511,919360,11176,1.1198562864459314,11.24,0.07570736389815788,0.16690818881744332,1475,28,9.53369041008095,95797,16.93543198491505,6310,186,3.995337302711092,569664,0,11139,143853,101535,575974,694,270
15939,PEOPLES STATE BANK,183071,172992,1860,1.3183672659331063,20.69,0.0019508312491952823,0,47,0,10.10803462831795,14128,19.15349872006219,163,6,2.7493959494711917,49178,0,2884,6016,9834,49341,1,0
15945,FOREST PARK NB&T CO,325674,288985,1456,0.46066269619295186,6.76,0.010678047472036328,0.2551631385987214,3646,0,7.801816247458381,25593,11.522130466019261,2834,40,3.895988333948688,242266,0,214,96914,21625,245100,29,4
15947,IOWA STATE BANK,362001,320685,3725,0.999186166220587,9.85,0.1884582042010026,2.2176734318413485,2984,0,10.369147700276566,37755,15.093952752676518,7827,1319,2.5635095876420415,256052,402,2230,11636,36891,263879,546,56
15953,GUARANTY BANK&TRUST CO,2867959,2309350,24814,0.8796639310846021,8.6,0.06526656099699649,1.1513065563350104,17461,36,9.608143912982847,271466,0,25584,4491,3.4297159417281007,1989610,2225,19391,656964,297228,2015194,2481,1235
15966,FULTON SAVINGS BANK,477972,294244,8912,1.8996186268349269,7.45,0.0601374642202969,0.2793050638949562,291,0,29.664799385426743,140173,41.0619510181778,1099,377,3.825903428546959,245171,0,1895,15066,124542,246270,295,151
15969,RONDOUT SAVINGS BANK,526913,434525,332,0.06059656957709069,0.83,0.028490440778774894,0.7900735035954701,949,0,9.059049934163882,49192,15.327447810098871,4279,-320,2.018798205805444,425478,0,708,67026,39926,429757,133,7
15970,ULSTER SAVINGS BANK,1332663,1181240,3111,0.23417289321174106,2.91,0.02687434849321217,0.7840691907856676,13940,0,9.335004328599172,127670,14.795220141265533,11973,243,2.747120122315331,999304,0,9652,206990,108300,1011277,441,167
15987,WALDEN SAVINGS BANK,914409,799385,5578,0.6207746038416354,8.03,0.19756158825719006,0.2304220540261524,423,0,9.286734968283513,88061,15.87593392486752,7906,2469,3.4411343376403885,659862,0,719,184622,72945,667768,1388,128
15990,WATERTOWN SAVINGS BANK,902293,742983,11984,1.312388558126964,8.25,0.025619775793544703,0.9737413456604451,14830,565,16.21525561828206,145080,0,5910,-70,4.053151271237638,554161,0,17087,228173,152954,560071,246,108
15995,PCSB BANK,2113421,1717053,10615,0.5163835888965902,3.75,0.0013289183711890497,0.41875234513142434,1038,808,10.114004001597358,197296,14.950735677305293,16985,1292,3.042464152111179,1361963,0,7,717864,284942,1378948,48,30
16026,RIDGEWOOD SAVINGS BANK,7191411,5680221,25159,0.3558480477493513,3,0.022647878194774436,1.1163316906793395,1942,870,13.08336345400626,928455,0,35483,5287,1.7314950480162443,4675092,3867,11377,308684,860909,4710575,1123,77
16030,NORTH COUNTRY SAVINGS BANK,339131,261562,3061,0.925801025065284,7.52,0.07265117677099708,0.46648640200984287,3594,136,14.100086586312171,47062,23.05039673619315,1132,223,4.81480272064416,290892,0,3720,1792,42788,292024,212,8
16032,RHINEBECK BANK,1255577,1039443,-7503,-0.5853456230689368,-6.59,0.24165567392003193,0.3506754265170515,11803,0,10.074596297942975,126668,12.62628616599022,8539,2800,3.2551918577743053,971779,0,879,336800,118108,980318,4726,2328
16039,SAWYER SAVINGS BANK,287215,238124,735,0.2541862926151101,2.72,0.004712713014628261,0.838744494542416,1920,0,10.399941588988133,29912,17.172368582346888,2273,197,2.8243461311555054,229375,0,184,36144,27390,231648,11,0
16040,GENERATIONS BANK,386289,331933,-4667,-1.1593711821114516,-13.71,0.4295633245366325,0.9816484549132902,8443,0,8.933975896166517,34685,13.270516415965552,2786,1207,2.021519073319177,307452,0,81894,13277,32837,310238,1574,180
16068,APPLE BANK,17464516,14476000,32279,0.18878574650126714,2.18,0.16298369529574433,0.5847170342424606,14855,552,8.428002299804225,1447541,12.329080184838336,60131,35084,2.3218715988319025,12113395,0,109566,2367129,1502799,12173526,19943,698
16075,RAYNE STATE BANK&TRUST CO,503769,458904,8386,1.6794814075440079,17.61,0.01777628573543408,0.018659345850975347,8,0,10.634687965282026,55284,17.140624146977103,5952,100,4.258136452551982,333692,0,2930,111862,39270,339644,69,8
16079,YORK STATE BANK,188786,160250,2860,1.521276595744681,10.98,0.1409845891295715,0.2643204474908097,853,8,13.12984575206072,24132,17.12612474403527,1544,144,3.7409370407136016,131579,0,1036,10290,27556,133123,205,14
16094,EXCHANGE STATE BANK,54555,47167,200,0.3589981080799704,5.35,-0.08748086356109601,1.0723123453395655,78,0,8.53627828339149,4746,11.804473370611422,388,0,2.955596704425336,32140,0,613,3494,3910,32528,0,28
16101,MILFORD BANK,624838,519853,2067,0.3418932915805593,4.4,0,0.258466994645012,1106,0,9.473232996761288,59670,14.937609007155281,4550,405,3.110216646790332,484343,0,451,121757,48361,488893,12,12
16103,FARMBANK,75755,69197,-109,-0.1417428913989373,-2.48,-0.06665305833392349,0.46861593294172,356,0,7.779061165691148,5994,12.366252842709615,640,16,2.820717775283298,47717,0,1739,10840,4242,48357,12,44
16110,BUTTE STATE BANK,58046,48579,362,0.6364029520658484,7.52,-0.008595052687672975,0,29,0,10.675423121932475,6112,0,390,0,3.1318797021268447,36202,13,249,2745,4971,36592,0,3
16111,HIGHLAND BANK,761121,655934,5208,0.672879692521888,9.52,0.04444408677826827,0.1560855632678641,904,0,8.736485387960819,68782,11.802695892360617,9430,600,3.7003649789592905,535048,0,128,282903,54962,544478,263,20
16114,FARMERS STATE BANK&TRUST CO,164828,150232,3326,2.0171854985832396,26.12,0.008582512272992551,0.3294343194117504,1190,120,9.831299009616076,16399,0,1581,1,4.34665404374256,77754,0,2692,25826,13378,79335,7,0
16116,NEBRASKA BANK,443612,382647,4119,0.9327057024797879,10.3,0.456982108829443,1.3369791619703706,1041,0,9.292741382470957,41061,0,3911,1225,3.9159052475260276,342823,0,1280,77085,40794,346734,1707,141
16120,RILEY STB OF RILEY KANSAS,116105,99407,1170,1.0293098169763981,10.82,0.020217649738653178,0,437,0,10.694644943974703,12446,0,1195,50,3.4105919164710654,78812,0,2067,1048,11033,80007,45,30
16125,EASTERN COLORADO BANK,673237,573519,7502,1.1407960024999582,11.13,0.06295074136936682,0,0,0,10.475533908725184,70202,13.329154988016437,5934,150,3.52819643110934,480837,0,724,173912,68222,486771,304,13
16126,CITIZENS BANK OF THE MIDWEST,208711,177850,1617,0.7679178456128953,14.46,0.016117550669549917,1.6328799152895632,721,6,8.675908654629746,19163,13.359704774663195,2081,0,3.036719608682155,146316,0,0,35662,11007,148397,43,19
16127,FNB COMMUNITY BANK,447206,403375,3495,0.7154045116130929,9.34,-0.0050645000253225,2.0954548910345565,94,557,10.887152737001458,50989,18.725362941754657,6673,405,3.4342566888063426,271381,0,5804,129033,39256,278054,0,14
16130,FIRST NATIONAL BANK ALASKA,4997767,3679155,67048,1.2595928228307776,13.6,0.034252890635234665,0.08629854092837862,1316,5,10.536432738650392,579547,20.11769468929173,18025,721,3.241526410699089,2455836,1900,8113,1384453,516562,2473861,1159,338
16151,STATE BANK,77697,70804,846,1.1312580231065468,14.9,0,0.13642740388946806,432,0,8.093267855071343,6279,14.453954701268113,629,0,3.500840201648396,48387,0,919,3859,5856,49016,5,5
16152,PEOPLES BANK,252199,222660,2577,1.076658773118709,10.47,-0.002312662753641288,0.10983390100674467,49,0,10.572991259320135,26503,0,2732,127,5.047742698318717,177431,0,1169,89829,26000,180163,0,4
16154,BANK OF ELGIN,88113,69267,1745,2.1349639808942134,16.46,0,0,14,0,13.822365165759527,11174,0,660,0,3.9101211290314306,59346,0,335,409,11272,60006,0,0
16160,WAUKESHA STATE BANK,1505456,1197439,24012,1.6171533010414518,15.18,0.07240838554845078,0.49672657321104036,3264,0,11.885723512630145,179606,0,9675,1371,3.892382417113273,1095920,6031,395,281595,162324,1105595,960,189
16161,CAMPBELL COUNTY BANK INC,202948,137686,4168,2.1435323232125834,15.79,0.013070801919839387,0.39221869641484514,159,0,14.277935810862385,28058,0,2497,400,4.659608942389982,161030,104,409,8205,27890,163527,22,2
16162,FIRST STATE BANK OF PURDY,232687,207960,4065,1.8027023239560291,26.18,0.2425384724173618,0.5634178101913729,1713,4,7.701239356433582,18505,12.913326089612118,1520,235,4.307781024950186,151630,0,1243,28740,16028,153150,370,3
16167,METAMORA STATE BANK,94751,82937,467,0.47527066002576845,6.37,0.03896373774806913,0.028495741469747024,948,0,9.016818398623007,8696,14.316709356637034,806,16,4.044035798566276,69088,0,334,8943,7679,69894,35,8
16175,WEST ALABAMA BANK&TRUST,972069,854033,8908,0.9540637783281865,11.74,-0.058603182297497974,0.7574565180043804,3723,2,10.90986959883458,104697,0,6851,950,3.03924496909974,585834,0,7602,156956,76651,592685,280,604
16176,JOHNSON CITY BANK,134179,117311,2010,1.46440191931364,12.17,-0.0022300770491620486,0.186318276332362,1233,0,13.289656686918965,18155,0,1016,49,3.956802744927156,85071,0,7941,17944,16712,86087,24,26
16177,FIRST STATE BANK,121066,107018,1108,0.8922847966911374,8.69,0.12403620516258801,0.008259957378619925,1081,10,10.854438289672078,13462,22.263844665043393,763,0,3.667909009124791,61061,0,1016,7769,13466,61824,113,39
16185,SAMSON BANKING CO INC,115810,100007,2091,1.8645337328125837,14.54,0.10879340857001944,0.020723598998359384,264,24,14.91421451164574,17116,0,823,44,3.6369892758039466,40788,0,2532,2552,15398,41611,75,30
16191,STOCKMAN BANK OF MONTANA,6880929,5647032,98460,1.5168029601782378,16.76,0.002121004371553164,0.31616370405798405,31312,401,9.346898685650485,633308,12.921754512036705,78791,8250,3.443764776497878,4557868,1278,33022,1583382,621301,4636659,211,120
16198,MASON CITY NATIONAL BANK,78309,68842,958,1.1838004690716681,10.13,-0.003034091047004138,0.08428150021070376,196,0,15.71751534072559,13140,0,148,0,2.703654302331259,32586,0,586,871,9273,32734,0,1
16201,BANK OF WOLCOTT,245741,206559,3699,1.53796132603117,17.52,0.09931013569858237,0.3190350816510065,1167,245,12.314279336864105,30343,0,2293,58,3.236145890038106,134917,0,1250,32997,21199,137210,134,3
16216,FARMERS&MERCHANTS BANK,1812990,1512650,14145,0.7722568013467241,7.26,0.12454688088304378,0.27722160629678044,2611,18,9.936441067665209,178268,0,15586,2109,3.2706914602927712,1274214,3814,41981,348582,197781,1289800,1603,43
16221,RELIABANK DAKOTA,789575,654610,3822,0.4827824030740431,8.59,0.00042054673598959066,0.3272646677009784,636,0,8.950136750590874,73237,14.381455433599152,4659,200,2.1812085418940965,464014,639,3062,133070,46144,468673,73,71
16222,SHERWOOD STATE BANK,106880,89680,407,0.4111318753472397,3.62,-0.028065369859476694,1.9694985029940122,227,0,11.972302881393789,12328,0,904,48,3.9709329057001557,73135,0,1080,12399,11446,74039,36,56
16228,WHEELER COUNTY STATE BANK,183613,158356,4321,2.6260995766394433,19.19,-0.0010956022525582313,0.0724349583090522,271,0,13.186292807122124,23669,0,1473,0,4.985218467641503,91946,247,4541,27222,23673,93419,3,4
16231,DAKOTA HERITAGE BANK,383264,336934,5353,1.454478069796471,17.43,0.024141860330371013,0.37154546213576023,1841,577,9.15697373595215,35395,0,3882,619,3.8321641604311103,303619,317,9519,24671,31056,307501,93,23
16243,BANK OF EASTERN OREGON,867736,771919,17132,2.0071644946987988,20.86,-0.014893887333305102,0.24258530244221743,12,0,10.37185043240669,91256,0,6787,700,6.2620929752893435,580056,1548,783,100044,87440,586843,129,212
16246,COMMERCIAL BANKING CO,344503,308453,5796,1.639450914058942,17.36,-0.0008732648227971022,0.027575957248558068,729,0,9.765953008755368,36519,17.779326385714995,3533,120,5.0000306430755845,234894,0,1465,64966,32641,238427,3,5
16247,NEIGHBORS BANK,91362,55490,3153,4.044039370704891,27.1,0.02085302785964522,0.5812044394824982,180,0,17.380982418313394,15155,0,250,207,2.812455598305004,74903,0,123,520,13825,75153,12,0
16249,DEVON BANK,495536,330779,-4601,-0.8970926865790957,-16.83,0.0659921573530893,0.07547383035743115,1218,0,5.568325547336641,28440,9.77672668569939,2492,-657,2.377496158119458,220206,0,1624,109115,24008,222698,178,26
16250,MARQUETTE BANK,2143858,1739809,5162,0.24312308320385925,3.03,0.2483886061915136,0.06031183035443579,1139,0,7.804441187466173,167842,14.6060547875064,14477,3700,2.5107424945256067,1392970,0,40,261729,172226,1407447,3782,253
16265,PEOPLES BANK,1055630,931184,14897,1.510356542286232,13.46,0.004933789744985645,0.6254085238198991,4026,6454,10.643880314422951,109735,13.333436345936924,11071,1381,3.659372791373178,866768,451,7928,120438,114316,877839,221,180
16275,CITIZENS BANK OF COCHRAN,195688,171302,3126,1.7371318319683384,15.02,0.038361316169783,0.5002861698213482,895,5,12.32714588264607,23748,19.57689102860846,2142,160,4.947276399620755,148168,0,6605,26274,22421,150310,69,14
16276,BANK OF HILLSBORO NA,620966,572152,3226,0.5369367905893256,7.2,0.00025043124259975676,0.15395367862330625,978,265,9.36621072527981,59909,0,5128,488,2.6264923131817612,430116,0,5780,238422,46678,435244,33,32
16281,BANK OF LUMBER CITY,29124,25518,-79,-0.2829431821437781,-2.37,-0.016007939938209353,0,34,0,9.110644764454737,2518,16.4140189182634,185,0,4.900479978518443,10116,0,752,1288,3177,10301,0,2
16282,BANK OF BEARDEN,56100,49629,1365,2.1681809517758435,23.1,-0.0035226896439969845,0.0017825311942959003,0,0,12.465095688891916,7321,0,371,0,4.509367301080218,29174,0,2188,15224,5767,29545,0,1
16283,SOUTH COAST BANK&TRUST,238548,213529,2066,0.8780176011505176,13.03,0.2853034224906529,0.17187316598755806,366,60,9.723886119890585,23782,0,2739,465,3.354352807750767,181828,0,662,85967,17695,184567,502,6
16288,SOUTHERN BANK,337620,287800,507,0.15968886184362208,1.99,0.30636554914207265,0.4620579349564599,814,0,9.376205441643917,31356,0,2065,455,3.108095940601603,195534,0,2652,104604,28078,197599,607,17
16307,MANUFACTURERS BANK&TRUST CO,747318,637467,7005,0.920948804712313,10.82,0.022760939243217426,0.5941245895321671,4083,701,9.426695273043977,71003,13.15498376209399,6847,900,2.9717521358401444,527616,2,3302,91680,69225,534463,176,54
16318,MARSEILLES BANK,75666,64205,-49,-0.0648781482452447,-2.44,-0.028308474299050725,0.3370073745143129,1294,234,8.044594359979166,6487,17.430842121351063,356,38,1.6714324339825153,32823,0,3187,3060,2244,33179,13,22
16330,BATTLE CREEK STATE BANK,37642,32550,290,0.7340211195593849,6.13,0,0,0,0,12.036036036036037,4676,16.942384483742156,387,0,3.5609784489372625,27754,0,128,889,4677,28141,0,0
16332,FIRST STATE BANK&TRUST,477603,437357,9268,1.922741794946268,26.73,0.058520038857305806,0.23911072585389959,274,222,8.912925883731795,43499,21.714904592934605,2165,199,4.078071625027789,193066,0,2176,35704,36646,195231,151,41
16333,FIRST STATE BANK,223710,194866,2752,1.265585278005673,10.97,0,0.20160028608466316,597,33,10.125732449750407,22171,12.895733887021855,1927,225,3.5489149225289265,159233,0,2490,11716,25809,161160,0,0
16334,FIRST STATE BANK OF ODEM,200968,167513,5280,2.696408873636475,17.76,-0.09719633659993186,0,7,0,15.831674137136243,32283,0,2586,180,5.94853422738451,94689,0,1734,25050,32371,97275,30,127
16339,TRI-COUNTY BANK,224712,205504,1017,0.45670548738154626,7.97,0.00689791227786998,0.013350421873331198,848,0,8.773441885339734,19850,12.60226091702423,1855,60,3.2754414310557256,147904,0,1652,11728,12826,149759,20,10
16344,STATE BANK OF PEARL CITY,75023,68231,168,0.2088793622216807,2.62,0.8775754323596159,0.5025125628140703,580,132,9.66780666901373,7689,0,740,319,2.9702059598300403,33053,0,1054,1623,6465,33793,373,59
16363,CAPRA BANK,560384,492919,2732,0.7213894615878595,4.83,0.09151210468984776,0,0,0,11.930246829944767,59876,19.42490258534896,2320,1654,3.9451197946832597,231800,0,668,29981,64306,234120,135,11
16369,CITIZENS BANK,223497,205047,1866,0.7811244172962546,10.76,0.2528535898507615,0.17270925336805415,2128,35,9.835876493002752,23025,0,1605,162,3.3118487758897412,156807,0,2502,45838,18079,158412,421,6
16370,HICKSVILLE BANK,210299,191608,751,0.3813038255283673,5.1,-0.039271384905388694,0,534,0,8.826995581807,18800,0,1138,29,2.960431864412001,132638,0,238,24620,14665,133776,1,49
16386,BRANTLEY BANK&TRUST CO,109586,99716,503,0.46105505528994223,5.62,0.004299028992651526,1.9163031774131731,3316,783,10.632656546319016,11830,0,759,52,4.131537236208117,73641,0,2535,28832,8886,74400,66,63
16389,BANK OF TRAVELERS REST,1494224,1364424,18618,1.3178447992484505,18.3,0.0810787009745161,0.024427395089357422,208,15,9.426194050403097,142727,15.972749720066812,11248,1080,2.9284592758154084,839194,13366,11790,350544,107124,850442,861,211
16394,TABLE GROVE STATE BANK,48336,42549,335,0.7171328386900658,6.16,0.2243434113720597,0.16343925852366764,43,73,13.254111449843423,6391,0,340,85,4.676650027731558,34219,0,2003,710,5522,34559,80,7
16396,LAFAYETTE STATE BANK,232749,216073,2483,1.1106866575354475,19.44,-0.10641400021282801,1.1750856072421365,451,1272,8.777601347498443,20011,14.318261936781084,2722,500,4.854532049596872,140725,0,1896,40190,14428,143447,58,212
16402,BENNINGTON STATE BANK,1175847,1014626,20419,1.9981082604979703,20.69,-0.026109028944735005,0.16362673034842118,1848,318,10.341306973652838,118406,16.380690479290983,16738,300,3.200460848353879,734454,0,5422,199488,107817,751192,29,206
16410,ANDOVER STATE BANK,214873,194120,1820,0.8815864681321024,11.12,0,0,126,0,8.22623416652397,17775,10.99904570732831,2364,190,3.5161448627095013,181831,0,567,83529,16918,184195,0,0
16413,BANK OF STRONGHURST,84321,73489,96,0.1134191380618087,1.2,0.007812093120149992,0.6558271367749433,183,323,13.948740956760696,12436,0,479,0,2.39429444727458,37869,0,1038,4930,7946,38348,3,0
16416,FSNB NATIONAL ASSN,463077,374898,14628,3.1487059696692743,21.58,1.2955364689983326,0.7910131576390103,708,610,16.324497489891197,75213,0,2753,1818,3.783598226970791,155075,463,2818,59827,71246,157828,2840,823
16417,CITIZENS BANK&TRUST CO,175636,156838,1239,0.6807206078686687,7.75,0.009822245421430455,2.0069917329021387,568,0,10.164827724424077,18766,0,1379,235,3.6285458578154786,139710,0,442,48971,16539,141089,14,0
16418,BANKSOUTH,1329164,1133225,20028,1.5280428828587433,15.16,-0.023609008160569402,0.26580617591207706,3706,157,10.200798387204443,137529,14.45221020140206,13311,100,4.16000835704775,1070728,0,2334,326045,137116,1084039,302,557
16436,CENTERA BANK,312781,292924,2410,0.760044732259263,14.04,0.008206665727459365,0.009271662920701706,618,0,9.295085683633102,29111,16.296566721163156,1586,100,2.8757222303447754,149336,0,1951,16601,18022,150922,25,13
16440,FARMERS&MERCHANTS BANK,169875,149662,3209,1.9439012747727773,16.8,0.02360578341693715,0.09595290654893304,286,0,14.703111434042892,23878,0,944,50,4.150024242144392,54255,0,1850,23087,19514,55199,22,10
16448,SECURITY STATE BANK,102392,93594,517,0.5188293924377355,6.69,0,0.04199546839596843,0,0,9.184101253693203,9201,0,732,66,3.0737464260624656,66251,0,1925,0,7355,66983,0,0
16450,BUSEY BANK,12011325,10055588,138625,1.1367711929247788,8.91,0.2292612800045022,0.19398359464921647,8124,1149,12.140648918349836,1438296,17.40305610580391,83404,7495,3.0648203556460563,7617340,0,5310,2516548,1584264,7700744,19567,1398
16453,WHITESVILLE STATE BANK,131698,121867,580,0.4372375632298286,8.62,0.24702154482163344,0.2763899223982141,685,44,9.169705618096295,12145,0,659,0,3.5102780094658814,69149,0,12485,7254,6543,69808,199,25
16464,MERCHANTS&PLANTERS BANK,321688,287234,2910,0.9045188643470368,10.14,0.14290640382688308,1.726206759344458,1698,1503,10.59193513304493,35061,0,1616,575,4.221560967547589,178305,1736,13937,26114,29237,179921,333,86
16470,JEFFERSON BANK,2870970,2644530,15947,0.5473090256327465,8.88,0.02893892179452212,0.40773675795985326,15731,411,8.64151337813992,253820,12.572210221710298,15973,-260,2.6673251373827127,1873484,0,10603,683026,197285,1889457,879,347
16471,KENDALL BANK,159171,133863,1092,0.7309168454914078,7.13,0,2.195751738696119,2665,0,9.785245869989124,15205,0,1453,130,4.748962411573941,152661,0,94,77572,15938,154114,0,0
16473,FIRST BANK,151485,109877,1101,0.7403930471645839,6.52,0.5729084392194207,0.5314057497441991,735,61,12.802344513187885,19658,0,2012,130,3.679163517405806,89748,0,1361,11777,17372,91760,628,113
16477,STATE BANK OF LAKOTA,73013,66979,818,1.2657209348385818,13.91,0.2244366639734267,0.12326571980332271,66,24,9.188105075851254,6093,14.339756210870961,359,104,3.767864596309466,39166,0,1051,2058,5846,39525,92,7
16501,FIRST BANKERS TRUST CO NA,1178534,999716,5192,0.45141310036985965,7.42,0.5770310587614274,0.8684518223487824,1504,7,9.563990138180918,114320,16.358447427746125,8455,2117,2.3720900431262004,621126,0,2212,239074,72042,629581,3628,60
16516,NEBRASKA STATE BANK,18053,15112,185,1.0142877506935535,6.65,-0.011510393885678769,0.005539245554755443,29,1,15.26791478373144,2838,0,142,0,4.581940951527887,8131,0,43,0,2838,8273,3,4
16539,METAIRIE BANK&TRUST CO,611979,530548,6535,1.083616742915037,11.28,0.023660096273395662,0.33203753723575485,366,2,11.301376496261767,70017,0,4550,400,3.8182841992476755,445736,476,2365,210091,60143,450286,263,161
16546,JD BANK,1197708,1032873,14667,1.2409784328490807,14.21,0.03513358773798438,0.6357142141490246,3558,0,11.338199433581995,138280,17.353718091531654,9122,-677,4.141916828746883,717160,0,18901,302885,105304,726282,410,160
16547,BANK PLUS,163438,112655,1296,0.7935448554903385,8.21,0.03487268437794712,0.6002276092463197,666,11,9.167829562603792,14519,0,1173,120,3.791966825274462,132174,0,1903,9226,16179,133347,90,44
16553,ELKHORN VALLEY BANK&TRUST,1360078,1092368,10044,0.770192123213563,8.21,0.09384206252909903,0.12528693207301345,1533,1199,9.643498732397083,130015,13.18629304455306,12591,2765,2.5788955398639546,983945,1122,11165,195655,126487,996536,977,97
16561,STATE BANK OF EASTON,28675,22907,297,1.0509702897422468,9.07,0.2692379938638783,1.2205754141238012,0,0,12.462804130929458,3560,19.6718766173274,261,40,3.505077096652877,17487,0,1182,1761,3423,17748,55,12
16571,BMO BANK NATIONAL ASSN,263653406,210560441,2917546,1.1048665898622734,8.6,0.49326567519785286,0.7405032347657212,581743,40184,9.846579003844269,25439539,14.757616852019506,2212399,682829,3.0867181511402784,146053150,976768,8174324,19554075,34697595,148265549,887849,157534
16581,CITIZENS STATE BANK,78333,64578,1056,1.3500521611062246,8.35,0.0051940676821646105,0.07404286826752454,2,0,16.823780713984217,13153,0,630,123,5.364207115371633,57202,0,263,19241,13153,57832,3,0
16583,STATE BANK OF BURRTON,11258,10242,-274,-2.3807868761295707,-24.74,4.268605387794504,4.725528513057382,555,0,9.18349582172702,1055,0,123,313,3.736722306525038,5835,0,241,93,1005,5958,283,0
16584,CARVER STATE BANK,106700,88789,841,0.9349784210093319,5.43,0.6786594152372984,1.3505154639175259,150,0,16.328800866101847,16440,0,1187,523,4.983779209177676,41726,0,3023,13337,16124,42913,327,35
16585,VERMONT STATE BANK,26506,19482,655,2.542563680545312,11.01,-0.692216557287576,4.202822002565457,509,0,24.185468379223323,6421,54.20853236699061,732,0,3.3678534748373847,14344,0,803,1569,6409,15076,171,275
16595,CCB COMMUNITY BANK,664753,597082,13007,1.9567378455695013,23.61,0.10252553901025702,0.0048138180647548795,538,3,9.745261671745254,65850,0,6254,800,4.2751069249049145,487715,1179,4212,141594,56176,493969,965,460
16600,FIRST STATE BANK,186878,162769,2251,1.1940517022795727,9.87,0.32793278264260645,0.04120335191943407,11,68,12.66204673308484,23881,56.24438868298073,1193,36,3.6419832641375693,9932,354,343,442,23881,11125,45,8
16601,BANK NORTHWEST,208723,186859,5715,2.770344947937874,28.97,0.019474978912249398,0.056055154439137035,256,0,10.731857911899203,22248,0,1630,180,5.239762262965597,161408,0,16,34152,21565,163038,59,27
16603,PEOPLES BANK,129365,114851,455,0.3520565518884932,3.31,0.5712615580826867,1.8165655316352953,241,1667,10.789820665055979,14157,0,1496,942,4.0797240425863555,102877,0,1115,39648,13781,104373,871,269
16604,BANK INDEPENDENT,2814773,2408671,25817,0.9462394376852014,11.41,0.18919440199850798,0.24680498214243207,32161,2740,8.493532815377407,233838,12.366566068100395,23740,4700,4.7597370380464765,1818901,1568,14025,638762,237234,1842641,4557,1112
16609,ROCHELLE STATE BANK,77802,66372,-836,-1.1860780541509897,-13.33,1.1696440628152478,0.9871211536978484,362,0,8.428304593811754,6227,11.632253933089878,493,665,3.099422691585112,52015,0,753,6211,5932,52508,612,23
16612,FNB PICAYUNE BANK,280458,243599,8321,3.043047362704476,25.03,0.022545468726388195,1.631260295659243,2020,1028,14.654360652731294,41552,0,2114,100,4.970165991143567,175088,0,6825,35797,35030,177202,71,34
16620,UNION BANK INC,409273,376358,5296,1.3479442069196168,18.76,0.2821698365395088,0.2658372284514249,2394,164,9.681732421497793,39102,0,1370,396,2.987466856226975,165310,0,3967,30991,30121,166680,596,140
16629,ESB FINANCIAL,346551,301750,2659,0.7855749646506038,10.39,0.02103070574476587,0.9118427013628586,64,0,9.187145557655954,31590,14.212827988338192,2460,17,3.0258620582452793,224260,0,2949,58409,26235,226720,85,39
16635,LUMINATE BANK,335841,257014,8994,3.2354147331160563,25.24,0.7617947777034271,2.7676787527431133,4729,0,11.837878895161342,36781,15.331253230221472,3152,1680,2.8711074213345054,263574,0,19,19494,38092,266726,1707,13
16636,TORRINGTON SAVINGS BANK,977694,755695,3892,0.4124000602705946,2.21,0.0008636393994597071,0.14360321327531927,2697,0,19.228438554773362,188167,0,5936,700,2.5934912892370803,735023,0,749,157666,179832,740959,8,2
16643,FIRST STATE BANK,58560,53536,823,1.3680913878397787,18.4,0.045011793089789524,0.8760245901639344,474,0,9.651765272924449,5607,0,508,0,5.1844522440445076,20795,0,1552,6563,4715,21303,20,10
16652,SOUTHWEST BANK,690575,612682,18707,2.758994792023088,27.73,0.49658655616301794,0.4881439380226622,14856,0,11.741682974559687,84300,0,9814,2545,6.326964079080957,490658,0,1910,173647,73207,500472,2469,44
16656,SECURITY STB OF AITKIN,110381,103285,1076,0.9916648541441638,18.59,0.11336978607993442,0.5317944211413196,326,0,12.508884150675195,14080,0,1102,0,3.8685168298135038,45627,0,1560,20165,5585,46729,54,2
16659,NORTHEAST BANK,779041,634517,9264,1.2246082813341883,16.78,-0.007981725649085333,0.029138389378736165,0,0,10.045748633073579,78985,13.639600042169114,4912,0,3.5528912337332077,550507,2,174,320669,55945,555419,3,45
16664,PADUCAH BANK&TRUST CO,938700,739707,13498,1.407815514214577,13.74,0.018419542331155118,0.04719292638755726,258,59,11.027697288284461,108731,15.33194526450998,11603,360,3.6546029004155414,713569,0,4522,257360,101503,725172,181,48
16666,ITASCA BANK&TRUST CO,771973,703302,7223,0.9569787506465536,11.62,0.01621350245224456,0,2345,0,9.663935372479768,76178,0,7351,0,3.5215415544681763,525620,0,281,191620,64177,532971,107,22
16667,WASHINGTON STATE BANK,81011,76144,385,0.4893002117335461,8.02,0.12236906510034265,0.6653417437138167,274,461,8.943911066195048,7611,0,298,47,2.088714353486901,30289,0,874,3753,4651,30587,56,18
16689,GIBSLAND BANK&TRUST CO,546935,470652,5754,1.1092736744333818,8.25,0.5864883003103168,2.846590545494437,1764,311,15.360583588145477,78668,0,3493,0,4.244391324746664,353371,191,12906,138819,74494,356864,2540,551
16695,FIRST STATE BANK,336671,299811,6821,1.99505229371054,21.25,-0.0011178317640838419,0,2,0,12.341530744000357,41578,0,1093,100,3.5325498350692834,206916,0,2126,40179,35480,208009,0,2
16704,BANKWEST,242213,225871,2323,0.9487542036386746,17.7,0.0637743171471282,0.40584113982321346,318,0,8.218185937923582,20311,17.112383589227285,1315,175,3.3231952539443737,123104,0,870,45571,14110,124419,93,18
16707,SOUTH CENTRAL STATE BANK,206921,145766,3838,1.9252145927052526,15.75,0,0.414651002073255,0,0,12.760531981493639,25071,13.512236945461268,1248,100,4.008655531933798,136270,0,658,12499,25165,137518,0,0
16720,WESTERN BANK,369415,341263,11324,3.1955264886683534,45.21,0.0391163278414924,0,927,0,8.387732413057932,31159,15.714752963817958,1843,300,5.029077296164623,145859,0,5212,22572,25669,147702,68,11
16723,CAROLINA BANK&TRUST CO,784699,682454,10857,1.4575549056650383,11.69,0.10135752795095201,0.3723720815242533,1884,0,13.05428531497395,99944,19.406718241116305,8011,1300,3.9950603319966684,574854,0,6246,257665,95924,582865,610,29
16733,NORTH STAR BANK,376642,344962,2833,0.7659671572317249,10.12,0,0,41,0,9.705641676672352,38073,0,3154,210,3.3462058419396303,254365,0,2051,128359,29090,257519,0,0
16744,PEOPLES STATE BANK,20329,14841,665,3.446238676644348,14.18,-0.06006150297905055,1.6036204437011166,164,250,22.77777777777778,4633,0,171,16,6.683445190156599,17911,0,7,544,4633,18082,9,19
16752,NATIONAL BANK OF ST ANNE,135611,120521,963,0.7203349894305988,7.5,0.046342766880106336,2.137732189866604,2058,2709,8.648059842471701,11353,11.259567915213552,1062,75,4.210929826610707,103227,0,2010,41769,12996,104289,47,0
16753,CITIZENS STATE BANK,1097079,961925,16664,1.5486427536548397,14.15,0.1959182396840286,1.0541629180760912,21613,2039,11.86705544671739,130235,0,6990,1798,4.213099332046761,705172,0,14791,223544,124561,712162,1634,281
16757,CAMPBELL&FETTER BANK,341159,245225,1085,0.3175365020647189,3.56,0.04601324594079955,0.003810539953511413,169,2,10.112111016682771,34744,23.688969258589513,1629,122,2.5000555911064115,215476,0,5483,4984,31306,217105,98,4
16778,FRANKLIN STATE BANK,44320,38034,287,0.6714392663297774,5.26,0.035781020156641356,0.013537906137184115,7,0,13.624881225520868,5879,0,249,12,3.003152068700206,24812,0,566,1204,5673,25061,9,0
16780,GREAT OAKS BANK,375184,341530,5424,1.452337154286724,18.95,0.040084760280475175,0.08182651712226534,92,0,9.273944468789432,35131,13.546438582922416,4015,475,4.430107260270422,246694,0,7828,96089,29755,250709,105,10
16788,UNION STATE BANK,73049,65092,1025,1.493302719413518,19.78,0.09949465008975246,0.1656422401401799,636,0,8.798878843670138,6404,14.508821380102308,545,95,5.052364653938635,49234,0,971,4582,5268,49779,70,22
16795,ALL CAPITAL BANK,104574,92558,1771,1.9001289641453927,18.06,0.16835473972900317,0.08319467554076539,208,87,10.576451910072718,10792,0,1178,575,5.400221386669295,81915,0,9243,16761,10792,83093,152,28
16810,FARMERS&MERCHANTS BANK,966788,812085,7038,0.7735252572812269,9.89,0.14550485413734704,0.0001034352929494367,358,0,10.9672934758259,99873,21.44359405668984,964,0,2.468439337658463,255754,0,229,17966,70882,256718,434,68
16817,CITIZENS BANK,481336,409245,2797,0.5811064166447826,4.2,0.37978027784504964,0.030747752090016123,29,0,14.648799285525271,70858,23.05167741677509,5930,850,3.984385432614819,274079,0,1376,157574,68347,280009,1119,84
16820,BANK OF GLEN BURNIE,358897,309221,111,0.030756169521356416,0.59,0.08368192191546886,0.10030733051544036,1136,0,9.967704212113926,36481,16.400971700267842,2839,954,3.269352709400233,202380,0,2764,48689,17726,205219,384,222
16825,SUNMARK COMMUNITY BANK,390446,336544,10518,2.7434205378335377,23.31,0.011511785190088353,0.006146816717292533,450,0,12.734993254524122,49275,0,6457,244,5.565701389189851,260028,0,1544,88933,47483,266485,77,45
16835,PROSPERITY BANK,39595132,28459302,493055,1.2527589637024792,6.82,0.06659855845549169,0.20592682959107195,118431,2189,10.775831646954995,3893275,17.617445059131036,351805,9066,2.9840713293438395,21797404,18680,84211,5245854,7419290,22149209,20239,5681
16840,RIVER FALLS STATE BANK,141194,123603,1065,0.7785497482323632,9.21,0.00204887383649577,0.22026431718061676,476,0,10.579946551903655,15242,0,1313,55,2.932832596940995,101298,61,1960,14383,11656,102611,2,0
16849,FIRST ARKANSAS BANK&TRUST,1113951,979756,6661,0.5985623002620699,8.2,0.9387852186345383,0.8853172177232213,6774,1238,9.56194666067121,110152,0,9220,4571,3.1402784659518206,765760,43282,26980,201750,83203,774980,7619,341
16852,CITIZENS DEP BK ARLINGTON,313903,263141,3609,1.1848170083124319,10.32,-0.011584671903556217,0.48263317011943174,6414,1472,14.1361340086101,44296,0,4573,77,3.30089986180317,221290,0,6327,25002,34966,225863,38,63
16854,COMMUNITY 1ST BANK LAS VEGAS,291761,272787,4449,1.8714271893258403,29.97,-0.006880181636795211,0.0010282388667436702,560,0,8.681608726084928,23814,20.842478403829748,1326,220,3.960117611043478,87255,0,803,28357,18453,88581,0,6
16858,FIRST AMERICAN BANK&TRUST CO,804832,685336,13939,1.6613200265639578,14.71,0.007191788210741313,0.0072064729036618825,0,0,12.61444333587652,103170,18.51962193854409,7152,1340,4.142046604388009,601724,0,15535,277020,99784,608876,42,0
16863,CITIZENS INDEPENDENT BANK,331115,277822,1813,0.5383451395124547,6.29,-0.06857305949824906,0.026878878939341315,1065,0,12.132927257535208,40077,18.590181808741704,2913,-500,3.499680254494896,207912,0,32,108111,28825,210825,1,149
16866,WEST TEXAS STATE BANK,320037,283035,7242,2.42013908614853,22.59,0.4245006636559671,1.123620081428085,588,0,11.360128102481985,35472,0,2982,1370,5.164777575613364,211869,0,480,52338,34714,214851,855,3
16868,CORN GROWERS STATE BANK,35356,31022,199,0.5250050126106732,8.86,0.11737089201877934,0.1074782215182713,181,38,7.756113325433588,2880,16.00061798331445,227,0,3.371794651990788,22236,0,2552,0,2478,22463,27,1
16889,UNITED COMMUNITY BANK,27656514,23851926,261865,0.9592114212155392,8.1,0.31602560363415694,0.4264239520570091,30978,0,9.46140732058124,2555941,14.077705375861438,206998,50951,3.401966067933906,18026516,0,110197,6612589,3282264,18233514,71170,13481
16891,PILGRIM BANK,692921,556188,4800,0.6922620961984716,7.89,0.002950256566955019,0.006061297030974671,678,42,10.340381931963238,73067,14.706455979869517,3815,-41,2.7052342700966965,483315,0,2464,139118,61806,487130,19,5
16895,FIRST STATE BANK OF BEDIAS,201106,164929,5606,2.817886896474073,16.74,0.15070030840614465,0.26702336081469474,876,0,18.524266086784618,37482,0,1830,0,5.076056711132149,120764,0,8281,18065,34860,122594,186,1
16897,F&M BANK,396305,341024,5058,1.3434427087289778,11.4,-0.05270374496529266,0.31566596434564287,730,0,14.449812485092691,56947,0,4675,217,4.751436913592162,239261,0,6584,49306,46125,243936,30,153
16900,PRINCEVILLE STATE BANK,109883,103288,-238,-0.2100851462739899,-3.78,0.4203368772177413,0.44228861607345993,95,0,9.184672273781903,10134,0,1191,57,2.7753999250976404,58453,0,4730,11763,5538,59644,257,8
16906,STATE BANK OF TAUNTON,49028,39781,189,0.38210533977049416,4.22,-0.04919867655560065,0.793424165782818,0,0,13.268497407235527,6576,16.682548001334034,427,-75,4.561877612913883,33718,0,106,5180,4519,34145,0,16
16908,SPIRO STATE BANK,81034,66867,-352,-0.4978544171850293,-2.98,0.019058267476431273,0.03825554705432287,222,31,13.656492485029545,10331,0,422,425,4.253339646927792,30248,0,872,6997,14001,30670,6,3
16910,22ND STATE BANK,331583,293013,2509,0.9004030101954761,8.91,0.11495884839630116,1.5676316337086038,5893,2865,9.163079209188053,29352,11.478860233263987,3815,1413,6.232417018691671,259248,0,14210,72185,29828,263063,266,15
16916,F&M BANK&TRUST CO,81805,72028,898,1.1364039017377616,23.52,-0.14621432827309913,0.7090031171688772,6,0,7.6377558230661515,5945,9.687064858922682,648,33,5.3324087303247865,57532,0,1853,21236,4366,58180,10,90
16934,CITIZENS STATE BANK,55551,52110,-113,-0.20688241023500376,-3.68,0,0,9,0,9.415064792028774,5471,31.375262983058356,195,0,3.1551219512195123,10386,0,424,3472,3220,10581,0,0
16941,FARMERS STATE BANK,79452,74278,699,0.9026133173557432,13.67,-0.04438810990496012,0,0,0,13.445241954156053,11614,0,1417,0,3.8484752987175312,40240,0,2691,4243,4934,41657,1,19
16953,BANK OF CLARKS,57328,51546,168,0.33021723576724404,3.61,0.01091905703023487,1.1338264024560423,211,35,8.18694181912772,4721,11.37977643802699,615,0,4.071744740485021,43796,0,817,4522,4721,44411,33,29
16958,MINNWEST BANK,3161280,2826237,21607,0.690166196952038,7.62,0.1769794213373,0.6448021054762627,13975,12,8.904845597021078,275373,11.88031847000319,30634,1800,3.0577636143599727,2294902,0,5833,575135,295042,2325536,4536,466
16959,BANK OF BILLINGS,89730,77348,873,0.9904000399336557,7.76,0.38176360268715126,0.40231806530703224,2124,0,10.718777323958845,8949,0,629,141,6.031834537528955,67836,0,242,3896,11707,68465,272,9
16968,PEOPLES BANK,423768,382025,6710,1.624934978384248,17.28,0,0.023125861320345095,497,0,11.757134707167406,50697,18.597106411176764,2857,301,4.06164190437113,242455,0,2615,100107,39276,245312,15,15
16970,PEOPLES BANK OF KENTUCKY INC,492768,424218,6433,1.2997282955678722,12.21,0.1640809117464166,0.7299581141632573,8461,0,11.310336781676245,56229,15.834356877439015,9218,2315,4.768530324257438,378567,0,9243,47030,55055,387785,726,98
16971,SOLUTIONS NORTH BANK,477203,409229,2476,0.5065284065058214,4.73,0.029706985494009897,0,570,0,9.285818091224282,44727,13.991278415645303,4853,301,3.1159658052959225,278959,0,3313,57570,50398,283812,87,1
16976,COMMUNITY STB OF ORBISONIA,459442,406635,2527,0.5453501722158438,6.61,0.09286660291143858,0.4211630630199242,2410,195,9.476483275643144,43585,0,2954,199,3.58210665413399,352131,0,12611,51090,38936,355085,407,78
16980,BANK OF COLORADO,7230434,6306052,56529,0.7546639537977824,9.94,0.029039062740412014,0.008588696058908774,8734,19,9.025786151783317,691519,15.92200898672358,59563,3350,2.397684344775284,4673988,2444,16083,1998218,613187,4733551,1764,424
16982,BANK OF PONTIAC,1150430,998123,12723,1.157300654211881,11.67,0.1655678863967592,0.23304329685421973,5171,13,9.034658669498599,100983,13.369741540410452,9220,1922,3.5744876920907047,802691,0,12669,153467,115587,811911,1366,65
17001,FIRST SECURITY BANK&TRUST CO,174740,106819,2452,1.7832260391727923,10.65,0.38013033505192395,1.6721986952043035,4377,2341,14.269044840806803,23112,15.872199686402965,1891,1256,5.858253804825423,156301,0,5287,34359,23068,158192,475,8
17009,CENTRAL BANK OF KANSAS CITY,356532,296082,18409,4.985505770609863,36.99,-0.0032217878774861465,0,41,0,13.402433000393499,48024,15.738051227884869,3529,250,4.2214795259225975,288011,0,80,112840,50232,291540,0,9
17011,FNB SOUTH,689110,582872,15384,2.460676206105625,15.72,-0.5234353006293629,0.11101275558328859,4147,35,14.90007188427976,99701,23.222427453993472,12685,1300,5.21633650625676,414756,1023,14880,186810,99239,427441,3941,6135
17040,WILSON&MUIR BANK&TRUST CO,786719,700693,19335,2.5152829293269887,54.4,-0.12278650629681237,0.015888773501084884,3753,1,8.801612058507272,72769,13.969391545262223,5029,-528,4.327482253272076,512510,1007,7368,126939,38421,517539,64,662
17062,STATE BANK OF BELLINGHAM,50811,41885,305,0.5780960359670504,6.56,0,0.04132963334710988,257,21,13.944603629417381,7154,22.631019292116054,294,0,2.280132878762021,27335,0,3606,8152,4869,27629,0,0
17068,LABETTE BANK,501373,417964,4906,0.974365024228045,8.71,0.08820023247724433,0.8414892704633078,3516,6,12.548701461294232,62645,19.351216945834814,3106,125,3.522028039372713,321221,0,6304,82243,60396,324327,580,295
17073,PEOPLES BANK,111257,97691,598,0.5700373860640158,4.58,0.013987109479903323,0.35593266041687266,114,0,12.433407559827494,13233,0,249,21,2.9383085877421364,34567,0,2316,3895,13233,34816,8,3
17077,FIRST US BANK,1100842,975273,9621,0.8865014603639587,9.34,0.1391128317529317,0.4958023040545328,602,0,9.504239348124695,103027,12.467729471992694,10184,622,3.634700983862432,812855,0,312984,227751,106167,823039,1814,676
17094,HOMEBANK TEXAS,344062,298516,6410,1.9253516244741327,17.44,0,0.4670669821136888,20,1593,11.764242491436708,40321,17.726162367954508,4180,480,4.382194837466403,268996,0,894,82495,38426,273176,0,0
17096,LIBERTY STATE BANK,139711,126898,2203,1.6480836445465865,23.1,0.012279480987270271,0,192,0,13.378102709437165,19543,0,860,82,2.866385455996036,47230,213,802,3128,10035,48090,6,0
17108,COMMUNITY B&T WACO TEXAS,643974,572891,4124,0.652687175140152,5.9,0.9854545037201037,0.7455269933258175,385,273,14.303591150379422,96357,23.61992051640929,4261,2500,3.0393548874417147,384928,0,6159,73974,69417,389189,3822,44
17115,PARTNERS BANK OF NEW ENGLAND,1041970,827656,3181,0.2973100033927549,3.53,0.014396334693187116,0.2467441481040721,2572,0,9.718079115648235,103630,14.898192699998274,8602,-142,2.6578138201963366,863959,0,5882,206545,91891,872561,160,32
17120,FIRST SECURITY BANK,873036,799288,8254,0.9443698213546112,11.96,0.10130603178899686,0.29861311561035286,14507,240,9.027923957746257,79772,15.213277857226625,6984,1104,3.6803611720013367,508891,954,15583,157878,69917,515875,1124,615
17122,LAKE COUNTRY COMMUNITY BANK,34266,31302,39,0.12583892617449663,1.41,-0.018488389291524923,0,20,0,11.297742267417227,3733,23.934365554253283,135,2,3.377460845827617,11059,0,210,4259,2758,11194,0,2
17123,ARTISANS BANK,695416,616471,2676,0.3905443891059715,4.71,0.00503990800756712,0.23036570915825924,1394,92,9.981035033797625,70891,13.34137485426938,4929,169,3.0814916950573026,502667,0,414,222050,58289,507596,42,17
17128,INTERCITY STATE BANK,281489,217479,3651,1.356191342217111,6.56,0.09608378870673953,0.14103570654625935,3515,0,21.322795187825864,57869,27.305627957243146,2176,356,3.378259684877935,213936,26,311,64904,57869,216112,266,55
17138,PEOPLES STATE BANK,15098,13416,188,1.2406292894097772,10.87,0.028173246684947972,0,58,0,11.731726119559886,1674,0,84,0,7.024377434461027,10280,0,321,32,1676,10364,4,1
17145,HERITAGE BANK,580110,407775,13315,2.305871269519378,11.9,-0.0025463875418498794,0.03861336643050456,1141,224,20.41067692229498,120473,0,2134,120,3.971438000271773,221568,0,1404,25000,117973,223702,0,5
17159,BANK OF UTAH,3317048,2574705,41633,1.279505017523315,10.71,0.06377986337796553,0.009285364577178263,589,248,12.152746661222464,409541,17.44540809588468,32735,2793,3.218356334817133,2619300,0,426,901653,404237,2652035,1587,6
17160,COTTONWOOD VALLEY BANK,37489,33437,61,0.1553704694225822,1.87,-0.3419638495359062,0,9,0,12.972641393694026,5287,26.62858240122894,263,0,2.3591505938454995,3915,0,134,239,3205,4178,0,14
17162,DAIRY STATE BANK,746185,639672,4050,0.5413591724289115,6.34,0.014349454310751781,0.26173134008322335,203,0,10.493145498430327,79818,21.037828890309598,7729,1050,2.2731132013451525,344034,171,2168,121708,66588,351763,74,25
17169,STATE BANK&TRUST CO,144342,125853,1411,0.9819040169686375,12.1,0.01798112431475059,0.4620969641545773,497,0,11.462072428463829,16892,18.488852609560738,1474,0,3.9823541028492686,90386,0,3881,27471,12153,91860,39,23
17174,PEOPLES STB FAIRMOUNT N D,35321,33164,195,0.5425920876161008,9.51,0.04778785667118479,0,0,0,7.994374431238452,2899,13.106938229266865,235,11,3.9774298507287047,22565,0,654,499,2054,22800,11,0
17180,MEREDITH VILLAGE SB,1600157,1219406,7573,0.46417913722871146,5.41,0.010766125736279566,0.3828374340767812,4396,0,9.692589153650363,154912,15.588805322266259,13915,-69,2.6801250090370923,1405137,0,163420,213410,143344,1419052,411,254
17190,BANK OF CAMILLA,190516,151144,1930,1.076727729588478,5.12,-0.10989589861240534,0.28344076088097586,103,0,21.836417199033463,39582,0,1314,106,3.509612029655439,110514,364,541,16526,38441,111828,1,122
17193,WARRINGTON BANK,166656,138595,398,0.22292297955045734,1.43,0,0,0,0,16.36521047336032,27976,0,535,0,2.2736605527746336,54880,0,88,25246,27976,55415,0,0
17205,POTTER STATE BANK OF POTTER,47319,39410,529,1.089311159982538,8.21,-0.12491712229386273,1.003825101967497,168,176,17.386075677532965,8096,0,307,0,3.6637099884303894,19777,0,188,1554,6629,20084,100,126
17211,CITIZENS BANK,1486851,1317729,14184,0.9743348227705291,11.95,0.11810621610303126,0.17600956652684097,1862,0,8.21306090425583,128340,10.90861752792282,17030,1400,3.2620960192003308,1222377,0,10537,475159,123675,1239407,1876,414
17214,CITIZENS STATE BANK,416407,374646,5227,1.2499133167060825,14.82,0.004899739088893517,0,94,0,10.785940013462175,47271,0,2656,137,2.898690674273037,249235,0,5662,16055,35241,251891,17,5
17224,FIRST SECURITY T&SB,326347,290791,4337,1.1913964528965741,14,-0.019713464789287705,0.07844411010366266,0,0,11.998583849295217,43719,21.16333877672209,1776,-303,3.028583847740981,177142,0,7421,74584,33623,178918,0,40
17229,HENDERSON STATE BANK,477436,386525,5142,1.3522525972086055,13.57,-0.0036334184654290146,0,233,0,10.6461454895098,48607,0,3282,0,3.4346326950269193,375063,0,2038,35429,47149,378345,3,14
17230,ALBANY B&T CO NA,711782,587771,6231,0.8708466373524025,5.34,0.02678580435857217,0.0497343287692018,17224,0,16.445010684371265,117977,0,5268,550,2.973507885666459,575388,0,21,176975,118778,580656,154,0
17232,SIDNEY STATE BANK,130787,118015,1644,1.2734689324705144,15.76,0.007693000907774106,0.2607292773746626,1005,118,8.872731753904926,11520,16.800849450948242,1292,135,4.174872376448515,90147,0,1803,15006,11047,91439,20,13
17241,NORTH CENTRAL BANK,149020,129379,1811,1.1742416383102332,10.78,0.05523186808279609,0.035565695879747686,424,40,12.446202697737888,18971,0,1295,0,3.251443036250433,83872,0,2294,20261,17034,85167,47,0
17259,ST ANSGAR STATE BANK,193861,140288,1276,0.7026772222442497,7.41,0,0.0294025100458576,369,57,9.593318454077949,17666,0,996,0,2.385975604082734,121198,0,1000,2794,17666,122194,0,0
17262,ESSEX SAVINGS BANK,500038,422111,4102,0.8170419575544511,6.32,0,0.032997492190593516,0,0,11.978131112194353,59220,0,3125,195,3.574920742234814,355106,0,102,81825,67494,358231,0,0
17266,UMPQUA BANK,51566291,41792967,564573,1.0861398996624994,10.41,0.3431754345990214,0.33341354723379274,105199,72785,8.965794243696696,4530964,12.421097232072011,424629,105924,3.714291351199644,37327807,0,42535,10922764,5477508,37752436,151194,21988
17280,BANK OF TIOGA,432354,427300,4675,1.133050414078424,,0.005581841896188905,0.25072047442604906,1320,0,7.317743083610095,31971,14.584863095501394,972,547,2.2991172309042502,106453,0,3064,10920,391,107425,18,12
17281,CITY NATIONAL BANK,92193181,76624504,780560,0.8441258796640377,7.22,0.11840882580076274,0.3117312982182489,730729,21345,10.653206609505322,10041958,18.047608522270885,677806,30141,3.3286212878870876,62266962,77643,129202,9777061,11371634,62944768,99035,24016
17282,BANKIOWA,819973,641611,7355,0.8820630705676841,8.41,0.0982552671841444,0.599409980572531,1563,0,11.34594681849131,93483,0,7174,950,3.1581356847440887,637782,0,5027,159309,90369,644956,690,60
17308,CENTRAL PACIFIC BANK,7459770,6667031,65849,0.8836837878292524,11.03,0.29193789915735957,0.15804776822877917,23512,773,9.7031183272026,731155,14.940827872752369,59182,9826,3.1710366784736523,5279332,0,173674,1203363,615441,5338514,20227,4513
17317,GOPPERT STATE SERVICE BANK,302670,270941,3031,1.058557693315126,11.59,0.49867875401069967,2.64149073248092,3457,99,9.121072521023391,27105,0,4108,1500,4.657313749789225,238211,0,6498,12521,27100,242319,1650,466
17320,PEOPLES BANK&TRUST,592329,481385,8354,1.4236051940969974,14.55,0.4580207805630324,0.4004531265563564,2981,0,9.901060668093267,59733,16.241173829639607,3816,1785,4.721406274459249,408114,0,302,71973,59974,411930,1877,76
17323,FIRST STATE COMMUNITY BANK,4217547,3554294,64006,1.581727696604038,14.01,0.11902279683302008,0.315040946787315,13469,75,11.609915242394846,460273,14.568568474062094,28410,4407,3.509403632543543,3095828,0,22227,935793,482747,3124238,4362,792
17327,BANK OF DICKSON,276343,247602,1433,0.5094310511912439,5.98,-0.025289595272374826,0.7718668466362455,160,0,11.301460361613353,32503,0,1955,33,2.8784642651273313,170221,0,3187,12306,24364,172176,6,49
17348,SOUTH STORY BANK&TRUST,572985,450313,-464,-0.08527521288479062,-0.74,0.03282450020695447,0.5832613419199456,18,0,10.329858446358953,57205,0,6985,3325,2.9189495161133614,508467,0,826,175528,64176,515452,164,0
17350,FIRST STB OF SAN DIEGO,73281,67091,700,0.9430276576540166,11.82,0.17832552333587612,0.506270383864849,59,369,9.116888938697748,6508,25.937511921565637,291,0,3.555030535371996,18582,0,1562,2799,5980,18873,36,0
17369,CARSON BANK,189013,174280,1994,1.0573391746815521,15.17,0.007128396681018505,0,5,0,7.769402713520819,14946,12.477761360552423,1606,0,3.653995681330533,126933,0,411,42684,13733,128539,9,0
17374,MID-AMERICA BANK,466926,346371,6800,1.5622106751369118,15.19,0.0034925347070636514,0.03105417132479237,1463,145,10.013994878470006,47083,14.310242484425187,4294,155,3.7289677805038424,356821,0,1725,30155,47232,361115,13,1
17375,STATE EXCHANGE BANK,50388,46931,379,0.8233259762604056,11.42,-0.07509104789557339,0.14686036357862983,315,0,12.376259698564168,5551,0,254,0,3.0626448012114564,15996,0,515,765,3194,16250,15,27
17388,M C BANK&TRUST CO,431003,342935,3067,0.6917363778454904,4.1,0.08041988423234137,0.5083491298204421,908,0,17.573161086211442,79986,0,5050,175,4.220868392799181,319167,0,4015,134690,75778,324217,1041,780
17393,GERMAN AMERICAN BANK,6288885,5426700,90880,1.4659481284062164,13.69,0.052041717273773866,0.1768676005365021,13727,189,11.122414340877825,715917,15.023372874590377,44436,2775,3.48490202554547,4088705,11520,19376,1381444,674941,4133141,2901,797
17399,IMPACT BANK,169426,144172,1567,0.9451613409107086,16.49,0.07921646328078323,1.4071039864011428,283,66,9.648224646635832,16396,14.399752877674448,1288,100,3.215601593604743,106421,0,1751,22641,8633,107709,124,41
17403,HAVILAND STATE BANK,51253,33793,549,1.121245665129464,8.86,1.1390659035445234,0,0,0,13.751203079884505,6858,0,376,260,4.291185415601633,35819,0,162,277,6428,36195,371,6
17410,BENDENA STATE BANK,111900,91269,1489,1.380165656955145,19.16,0,0,840,0,9.183368503038482,10140,14.18417517638927,736,140,3.305509310791181,72531,0,1093,2473,8255,73267,1,1
17411,MOUNTAIN VALLEY BANK,571946,435345,3346,0.6113776168551657,6.72,0.03138479366510011,0.2421557279883066,255,139,9.67173322019022,53113,0,4139,390,3.049012076233524,395388,923,5584,129263,52399,399527,147,30
17431,STONE BANK,839584,659669,8002,0.9988957470908815,12.91,0.18141883508773715,1.4185596676449288,919,0,8.579025687312468,70336,11.957041153929271,9412,1433,2.7455345385389496,636593,0,4373,209906,63654,646005,1578,436
17437,DACOTAH BANK,4440049,3939361,29912,0.6979040479928026,7.7,0.013087458868515157,0.4107612325900007,5294,979,9.751610162960827,434039,12.119291384283859,39954,2100,3.2529470694232905,3579192,9305,66769,826573,404934,3619146,977,535
17438,FIRST NB OF AMERICA,6310718,3686346,176246,2.953822915160392,35.35,0.0033362934476067027,1.4349714248045942,36404,107,8.144869435948676,508003,16.57622968861658,64352,7403,4.84917133816002,5786604,0,1509,77604,507263,5850956,346,162
17441,DYSART STATE BANK,17468,14008,200,1.1492007308916647,12.8,0.13886409172965145,0,41,0,9.333869762630036,1624,16.07060345624249,115,69,4.607127076131313,10053,0,146,275,1624,10168,14,0
17443,PISCATAQUA SAVINGS BANK,362004,296951,-809,-0.2261479594689185,-2.04,0,0.30303532557651297,0,0,14.050789946241737,49608,0,1504,-223,1.170541464520075,196685,0,962,506,38929,198189,0,0
17445,COMMUNITY BANK,550816,523651,4988,0.8936752232306826,20.73,0.010109558732203566,0.20133765177482135,784,0,9.088351153629713,53941,26.17801047120419,1724,-180,2.8145239875728514,134021,0,374,57870,25066,135745,28,14
17446,MAVERICK BANK,286791,250841,2855,1.1676585970755775,8.8,0.014559148969212253,0.29080410473132,522,276,9.431630533212592,26559,0,1490,1036,4.778987032898217,150782,0,822,33281,34378,152272,18,3
17450,DEFIANCE STATE BANK,41347,34074,214,0.515806827932627,5.54,0,0.09674220620601252,4,35,9.399175764586797,3900,0,177,0,3.769495842769912,30710,0,444,4286,3900,30887,0,0
17451,HALSTEAD BANK,180897,160591,2147,1.2295776712818305,14.78,0.05151844677431116,0.021559229837974096,1155,24,8.860533992473334,15916,12.33496660500713,1555,235,4.1282743576892615,132984,0,3431,12968,15747,134539,79,14
17453,APPLE RIVER STATE BANK,616831,502950,5398,0.9300386281327209,14.62,0.009347814656204904,0.04928416373366449,887,0,9.049404779343547,55599,14.587546541008006,3405,310,2.60102656095485,360572,0,4195,69251,38176,363977,38,6
17470,FIRST BANK CHICAGO,1961893,1547771,-3461,-0.1775615367953575,-1.79,0.0854210733246763,0.4859082528965647,0,0,9.865483442276217,189746,0,10806,2763,1.4813719418410616,1339909,0,1606,209627,188126,1350715,1129,24
17477,UNITED BANK&TRUST,889964,688452,9937,1.1271242327513242,11.23,0.0015471771443565784,0.11382482886948236,167,0,10.645124249403914,94560,0,7931,600,3.2886920085229745,656472,0,5036,97631,92126,664403,34,24
17478,FIRSTIER BANK,912555,750728,17335,1.853404919205017,14.58,0.05595386804805645,3.589920607525026,4448,94,13.767922830499838,123475,15.672055723902774,11965,1844,4.183075920922802,761089,0,6373,256907,122906,773054,530,99
17491,PLAINSCAPITAL BANK,13329161,11257804,110371,0.8374624224675178,7.21,0.1297425652591942,0.8484179911998962,31271,22090,9.986746375868597,1317664,16.537408979646035,101066,34,2.891213079276107,8344432,0,15367,2909941,1469491,8445498,13798,2560
17509,FIRST STB OF THE FL KEYS,1145897,992014,13886,1.1717532368354122,13.44,0.01491091097355049,0.1199933327340939,1885,0,10.927901493051353,128188,17.999819676436807,9362,0,2.952285048403946,815995,0,32867,464874,104667,825357,447,325
17513,FISHER NATIONAL BANK,336829,283367,4326,1.2751951260780645,15.46,0.00969754959084422,0.2413687657535426,2091,221,9.250370600612088,30951,14.462614985454831,2331,221,3.483602193730484,250068,0,3107,50227,28388,252399,35,11
17514,BANTERRA BANK,3116135,2837285,8761,0.2843750931173437,4.66,0.21603597348503709,0.2385326694767717,13399,312,9.224542144573073,290141,11.1843592564632,22476,6780,2.503630236369563,2396040,0,757015,506444,187440,2418516,5398,330
17534,KEYBANK NATIONAL ASSN,184461420,154986169,131742,0.07099936821653412,0.85,0.40748977030371875,0.515636819883529,213548,179745,9.424428158921199,17559705,15.116556801425467,1421334,334866,2.432009843744684,103892889,957972,5016313,8052407,16769719,105314223,529502,86372
17543,BANK OF DADE,152773,144095,3657,2.397469970983861,49.83,0.2942797181480309,0.6048189143369574,2050,8,9.796660215373928,15793,18.521327222570257,989,291,4.597208876191148,86468,0,4473,10277,8173,87457,322,71
17551,COMMUNITY STATE BANK,41521,34600,201,0.46137107547663525,2.99,0,2.297632523301462,0,0,19.53788004849407,8219,34.80248122755468,544,50,2.6765645333017862,15952,0,581,639,6848,16496,0,0
17563,PALMETTO STATE BANK,603711,497568,5149,0.8510122070420642,6.89,-0.07865150329239959,0.07023228001477529,1899,0,14.033107112198124,86639,0,4020,0,2.897765220523185,213051,888,8093,58463,74395,217071,435,600
17569,BANK OF DENTON,23011,19069,120,0.49257444031229225,3.14,0.26713861154706653,1.1212029029594541,247,13,16.237242763928393,3882,0,135,30,2.5713562266984487,12149,0,897,167,3882,12284,40,8
17572,FIRST NB IN TAYLORVILLE,192999,168750,1713,0.8778429967807299,9.85,-0.05792817532510231,0.0699485489562122,202,0,13.586555918888301,27464,0,944,14,2.4135948025405813,65088,0,5143,7461,17489,66032,25,62
17580,FNBT BANK,599734,533443,13792,2.3461911138692013,21.38,-0.06287834407342316,0.0031680711782223455,3013,0,10.89589482973738,64449,25.506944261530183,4367,-169,3.938527298764801,259061,1380,571,60463,64449,263428,141,302
17587,SIMMESPORT STATE BANK,225233,187825,2799,1.2763954846882704,12.74,0.3367335296873805,1.4322945571918857,6147,0,9.803115695216276,22421,0,2028,508,4.105085492037866,183232,0,20859,23405,22809,185260,715,107
17588,FIRST STATE BANK,818174,748989,19940,2.463207535982101,32.57,0.09429057169429243,0.030433624143519595,750,0,10.273292204256304,86974,0,7559,711,5.0971475653740335,549123,0,2782,117460,61808,556682,715,188
17589,CULBERTSON BANK,12253,10053,101,0.815384118577841,4.71,0.08292699107705577,0,28,0,17.44950304584803,2177,0,113,0,5.047951176983435,5755,0,3,0,2177,5868,5,0
17603,NATIONAL BANK OF ANDREWS,292917,259984,10163,3.415982887481967,34.92,0.04302392130024294,0.5871970558212736,7037,69,10.465183453347425,30796,14.00902150996384,3565,390,6.081461168608305,204402,0,3927,69495,28906,207967,92,6
17607,CITY STATE BANK,52728,47647,574,1.091686446351409,15.06,0,0.15172204521316948,0,0,9.261321805448059,4906,0,343,12,3.7111473307108165,34462,0,18,858,3905,34805,0,0
17612,CENTRAL BANK,1208506,1086315,21208,1.8833361691123631,20.76,0.016180386135926032,0.22647798190493057,315,314,10.280478673863644,118218,14.034957184342577,9494,175,5.148953392392654,950263,0,28511,263985,106936,959757,377,233
17614,FARMERS BANK&TRUST,985971,743379,18843,1.8527739397507768,9.3,-0.0015610483644004258,0.17079609846537067,202,0,21.19585751330277,221594,25.02966396266472,5258,491,3.2964100355587047,465486,0,369,104474,205014,470744,23,30
17621,BASILE STATE BANK,75166,67133,1309,1.8024195658220492,17.3,0.19175068374256968,1.955671447196871,2392,192,10.414647133514466,7628,0,674,80,6.086616882573397,61274,0,3908,5845,7625,61948,157,43
17622,ALDEN STATE BANK,307142,270703,4843,1.628708312903015,14.63,-0.17462368595676317,0.23897741109975193,1457,201,11.467794336907762,35227,0,4814,0,4.161403624019896,175821,363,2293,31408,34131,180635,117,417
17629,FARMERS STB OF BLUE MOUND,57676,49178,707,1.3234545345633162,8.86,-0.009097028910357878,0.029474998266176573,63,3,15.707055566332198,8907,0,389,0,5.0123873011008095,33845,0,1957,3124,8281,34234,2,5
17632,FARMERS STATE BANK,16445,14391,20,0.11893717738290636,1,0,1.6722408026755853,5,0,11.91077441077441,1981,0,125,0,3.488738957382779,7247,0,74,0,1981,7372,0,0
17636,ASTRA BANK,421606,396003,3130,0.7237184980135893,33.47,0.07406430501878844,0.023481639255608318,245,55,7.959270898805783,31658,11.39447299265186,2331,30,3.112579331704512,223223,0,713,23022,9707,225554,221,66
17639,RVR BANK,522603,468196,7040,1.3842256476563723,13.91,-0.011873284181378353,0.15977711570733424,2385,604,9.429329336239116,47810,0,6927,1210,4.011381668101601,391050,540,3869,96258,51392,397977,63,109
17643,FIRST NATIONAL BANK,473696,456935,5655,1.200237373205693,37.01,0.011509863953408072,1.1919036681753699,1385,822,9.701362679035384,48504,0,3406,65,3.3705425771199558,208492,316,30601,108913,14919,211898,50,26
17650,STOCKGROWERS STB ASHLAND KS,182619,147712,1571,0.8914163021940985,9.22,-0.015120266600540699,0,258,0,12.17122638026705,21430,0,1150,50,2.972719084083758,111005,0,299,1817,17544,112155,8,23
17658,NORWAY SAVINGS BANK,1989287,1532228,17217,0.895346445042463,7.97,-0.004404807700778476,0.48911997112533284,3180,0,13.271596012040934,270746,0,9680,830,3.1119282587328496,1423547,0,76902,428203,221439,1433227,214,274
17661,FIRST STATE BANK OF HEALY,118442,99227,1372,1.2361852692126796,9.79,-0.06197267890184413,0.23218115195623173,271,0,14.65581363897623,17339,0,1136,0,2.6685520952824953,74700,0,75,11599,14042,75836,0,42
17671,BANK OF PRAIRIE VILLAGE,150349,134278,2361,1.565477540270766,15.68,0.012402309664411219,0.05986072404871333,0,0,10.502405305379138,16090,0,949,33,3.977596854341143,112113,0,734,25048,15656,113062,14,0
17672,CITIZENS STATE BANK,434259,368208,6792,1.562973183688009,14.41,-0.030867659474936762,0.07299791138468058,506,0,13.622236138098703,59169,0,3405,0,4.081639900484186,240120,0,1034,32109,48455,243525,19,90
17676,LEGACY BANK,753740,617413,8771,1.1918207749403207,13.24,0.04205215945756585,0.11635311911269137,504,0,10.082881389289676,77360,12.362731341898975,7202,1052,3.941097573894313,595055,0,1109,186387,69394,602257,275,36
17685,OUTDOOR BANK,613523,541623,1663,0.28580483190619965,2.82,0.4369319249899658,1.2566766038111041,8144,0,9.026459647805112,53119,0,9879,5400,4.535552549777043,477500,0,426,113847,58186,487379,2184,292
17734,DLP BANK,247314,201122,3528,1.4041444549428033,8.05,-0.11415409793007304,1.4673653735736756,14,0,15.780701635523517,34938,0,1745,69,5.741952630792401,112339,0,1324,50079,45079,114084,276,389
17735,CITY NB OF WEST VIRGINIA,6438179,5260314,117750,1.8629147263480312,18.49,0.06366157995468105,0.228201173033555,8636,182,8.724660698346437,563301,14.054217972824881,21922,1849,3.89385771749201,4251319,0,15124,1275120,605493,4273241,5055,2412
17736,HOMETOWN SAVINGS BANK,471267,414239,-678,-0.14572309173676992,-2.68,0.03421717565349103,0.383222249807434,2928,729,8.159806295399516,39092,14.064358387362882,2771,-489,2.1579393814783363,270442,0,232,67112,23640,273213,123,33
17739,PLAINS STATE BANK,876395,734493,17978,2.112972698013914,14.01,0.18885235092515962,0.5117555440183935,19206,0,15.587323993934419,135377,0,8686,750,4.998062003251555,658255,0,1679,352119,136451,666941,1595,376
17741,MAINE COMMUNITY BANK,1167995,895674,7339,0.6457020124364724,5.13,0.005949162837980291,0.297946480935278,2314,0,13.266567881048491,155784,0,9174,358,3.0826428419203284,983817,0,1267,364647,147350,992991,87,30
17743,SACO&BIDDEFORD SVG INST,1411602,1011066,1513,0.10779825240009638,1.22,-0.002238102203921907,0.04477182661968459,5686,0,10.02902118936744,144036,0,4778,-30,1.9272017881688048,1131331,0,8865,240312,125438,1136109,0,25
17748,GORHAM SAVINGS BANK,1608101,1393920,5407,0.3297217811635258,4.67,-0.01623171705879396,0.3826252206795469,5364,0,9.528962956015674,156465,0,9428,-581,2.4824624051806263,1268666,0,2194,543317,116220,1278094,575,781
17749,BATH SAVINGS INSTITUTION,1400586,1098984,15753,1.1458912383146806,8.72,0.0004903112054251954,0.04355319844693578,895,0,15.419585672711488,221688,0,11800,714,2.5117658283426425,814852,694,5738,241323,189574,826652,27,23
17751,ANDROSCOGGIN SAVINGS BANK,1661812,1317297,6914,0.42251453715225207,4.88,-0.017021286717108147,0.160667993732143,7110,0,9.577161902602953,156317,12.60094418217162,13013,873,2.7201306974079986,1362180,0,2933,499837,146032,1375193,26,255
17759,BALTIC STATE BANK,108203,100648,1044,1.0088106663368384,15,0.004725875586599307,0,158,0,7.941394337607866,8255,11.862376121579914,847,110,4.42093933749528,86166,0,269,7153,7215,87013,12,8
17764,CENTREVILLE BANK,2812780,2126168,24382,0.9033026080037901,6.7,0.13546066655368588,0.5794978633238291,3813,0,13.314819408345285,370377,0,16908,6420,2.67273968368635,2170624,0,34737,842575,374298,2187532,3138,342
17767,GUARANTY BANK&TRUST CO,307296,268667,3567,1.1894178821492618,9.59,0.06668317869186656,1.6609392898052693,9977,1120,13.70030785704725,40942,23.390903326848356,2221,103,4.6330386946119795,213992,0,4634,48448,37967,216213,158,11
17769,BANK OF HAYS,355939,306469,3584,1.023774769550699,12.65,-0.005466023199790104,0.3795594188891917,346,266,10.054482417038137,35728,0,2847,0,2.9106188115205875,207671,0,1303,52089,30305,210518,7,18
17773,BLUE RIDGE BANK,183362,167988,1321,0.7550728779651329,9.04,0.03426655233857266,0.021814770781296015,24,0,9.280160939853175,16699,15.538922155688622,1809,300,4.856840921310401,128179,0,649,21301,14893,129988,43,0
17775,FIRST STATE BANK,158284,135447,4071,2.6726207045057064,20.34,-0.05254022951021635,0.2274392863460615,707,0,14.583690987124465,22087,0,1124,15,4.323804619362756,56644,0,2889,5063,21085,57768,5,34
17782,PIKES PEAK NATIONAL BANK,101830,85420,-10,-0.00961627227128658,-0.06,0,0.32112344102916623,0,0,15.40344213185049,15734,24.38447178492158,1113,0,3.9952119159123582,63278,0,166,48212,15721,64391,0,0
17797,ROLLSTONE BANK&TRUST,912350,692478,1426,0.15612638397937467,2,0.00045810520966406534,0.07508083520578725,2216,370,9.75816334079167,91018,14.004097184879342,6121,-441,1.436029479567879,650190,0,285,400632,69832,656311,10,7
17798,BROOKLINE BANK,6411208,4710345,39079,0.618995349908113,6.66,0.41091683056281486,0.7117067485565903,12823,2,9.300799262072722,584420,11.72600427076622,75810,22791,3.1907839476766613,5490870,0,62295,2094629,592063,5566680,24867,1989
17809,CITIZENS BANK,807255,707112,3417,0.3656057928563389,4.63,0.05642510055209396,0.025394701798068766,203,0,13.228867113468013,110635,23.102898470449528,5910,476,3.261445907296091,370075,0,1757,162739,73341,375985,234,14
17811,FIRST NB IN PORT LAVACA,377736,306388,3356,0.8776462761227909,11.28,0.010614780389423987,0,1538,0,11.346274449772107,45954,0,1691,-7,2.8011112837835994,214016,0,4842,51082,29989,215707,26,3
17813,BANK OF HAZELTON,65346,58298,1184,1.9157894055551423,18.95,0,0,389,0,10.14996831655284,7208,0,330,0,4.129454570776971,32560,89,109,158,6749,32890,0,0
17825,BOELUS STATE BANK,22163,18785,341,1.5258772675610128,10.91,0,0,35,0,15.089595904187236,3301,38.24089635854342,208,0,3.6759104068261466,5185,0,368,34,3301,5393,0,0
17830,CITIZENS BANK OF CHARLESTON,185802,151525,3458,1.9455690761416293,10.58,0.11505909928449676,0.4897686784856998,2550,0,18.68610094335999,34050,0,1632,100,4.73846885401807,122821,0,8580,5935,33525,124453,279,139
17832,KAW VALLEY STATE B&T CO,266075,223223,3468,1.3695481675777241,14.03,0.015987064181211087,0.030818378276801655,161,18,11.467692817946089,30427,0,2220,0,2.9512212777482714,137712,1026,1109,21078,26668,139932,43,22
17838,WILMINGTON SVG FUND SOCIETY,20721673,17340079,275528,1.3355266122949785,11.08,0.39821672430074434,0.659150446008872,35566,9202,11.026142477052217,2265995,15.125416591861581,195281,61826,3.970381146276749,13045917,22924,297724,5247281,2516819,13241198,65123,12867
17841,VERMILION BANK&TRUST CO,164095,149015,3035,1.9805973246600357,23.04,0.02449384195996842,0.7861299856790275,2264,126,11.105298300441238,16133,21.72887417722482,2185,240,4.024617623429187,68009,918,3066,18479,13811,70194,81,64
17842,TEXAS BANK&TRUST CO,4367018,3842996,43493,0.9930213383716616,9.64,0.04318567749742715,0.12344808287943856,13813,1120,10.990028552444754,489101,14.673354311813103,43557,-1204,2.770290287175525,3450732,3414,15734,1530617,467124,3494289,1772,273
17863,STERLING STATE BANK,491040,358878,1509,0.28829918003815713,7.21,-0.0010647812939222282,0.24804496578690127,733,18,6.952808005073321,37167,13.388417207551154,3337,0,2.3182727697020886,293213,0,3902,187859,21824,296550,0,3
17870,CAMBRIDGE SAVINGS BANK,6876590,5440652,24380,0.35054646858653593,3.95,0.022318982060490503,0.6261388275293424,16588,0,9.10546592218611,633302,12.489200008317338,60515,7273,2.3925305585748022,5683453,0,3324,2148590,626328,5743968,1386,97
17872,FIRST NATIONAL BANK CORTEZ,141269,120041,1366,0.9706033657057266,10.83,0,0.40136194069470305,238,0,10.641930343728658,14960,16.787327966761882,1157,55,3.7679926430421817,89735,0,2081,33748,13109,90892,3,3
17878,BANK OF LOUISIANA,94699,82255,388,0.4301409044045098,3.67,0.1469806549296909,4.9050148364819055,2599,2523,11.395684993843354,10643,21.691761772321858,1775,73,5.497993020542631,48729,710,402,12123,10675,50504,95,22
17881,FREEDOM BANK,262591,210042,2915,1.2546484401900695,8.56,0.010807656143612133,0.25248390081914457,228,0,13.58915430136372,33940,0,1800,240,4.2413755569151315,155377,0,2124,52008,35664,157177,20,4
17897,KENNEBEC SAVINGS BANK,1764971,1348133,10490,0.6050502139766715,4.92,-0.0032516518391342802,0.26079748619099125,2581,0,12.906225858096674,226202,17.601461845445403,8968,-1,2.4190357229693973,1460078,1272,1863,328402,215583,1469046,58,105
17903,MAQUOKETA STATE BANK,419980,331456,3671,0.8904384712110157,6.54,-0.007825897263577198,0.5074051145292633,1957,108,15.890022156278121,67630,0,2606,180,2.4790605010971705,201000,0,3995,13668,56710,203606,93,109
17906,AMERICAN BANK&TRUST CO,249882,221537,3060,1.248449637704811,14.43,0.23104239536993468,0.03081454446498748,607,4,11.218946764728452,27778,0,1569,501,3.9099143333376407,166235,2275,3166,39701,21596,167804,389,8
17910,MORRIS BANK,1493073,1287283,24134,1.6735418675323726,12.79,0.0372461233070343,0.3054103851586627,3503,0,12.392470740431555,179325,15.728566376939831,14489,550,4.13584133134395,1101486,0,6706,511674,191753,1115975,564,161
17913,FIRST NB OF FORT STOCKTON,138267,119862,1896,1.3566773426297214,15.15,0.002330388499066679,0.6472983430608895,171,36,13.370505479069166,18656,0,2208,0,4.9196563830043045,79428,0,1272,40678,12218,81636,5,3
17922,STRASBURG STATE BANK,97567,87571,1017,1.091979693687348,11.9,0,0,14,0,9.057780255401736,8774,14.408486213074983,313,0,3.1559646794562175,46421,0,191,552,8774,46734,0,0
17927,VINTAGE BANK KANSAS,255174,209106,2606,1.0508539095313982,13.52,0.03405695632981281,0.032918714289073336,208,0,10.920474078018488,27891,0,1808,231,3.8266641677643363,159511,0,2000,29118,18403,161319,63,11
17933,BLUE RIDGE BANK&TRUST CO,813274,693357,9236,1.151814257105993,14,0.09454236959114372,0.13390321097194796,1300,0,9.13882819086572,74361,11.731960884068531,9262,1200,3.682163923998621,613034,0,15591,220252,70374,622296,1019,456
17937,FRANKLIN BANK&TRUST CO,754026,606317,10069,1.324891780986665,11.14,0.07972130541864325,0.2896451846488052,1249,0,12.94304319155951,94215,0,6397,502,3.6012619241704895,646234,0,2895,177092,94238,652631,681,164
17943,LIBERTY BANK,8102950,6511670,62351,0.7961077124248166,5.91,0.44682722127567537,0.5158121424913149,3941,0,13.609914845963639,1086504,15.169791692953533,72641,28225,3.3823841472376075,6052687,37246,65682,1295711,1079188,6125328,28586,2255
17950,FIRST STATE BANK,382764,346444,7392,2.018903182776833,23.91,0.24557883230260105,0.3978953088587224,874,322,9.384284644556631,34965,14.20305745602175,3666,1150,4.292836307768314,283974,0,9275,115774,32971,287640,753,97
17951,FRANKLIN SAVINGS BANK,821983,701106,3924,0.4864735797984036,6.12,-0.024334991804981724,0.007299421034254966,75,0,9.483394522105828,78552,14.14641514500537,5211,373,2.5207085598025545,612606,0,1358,254442,65761,617817,19,164
17959,DOLORES STATE BANK,417831,348154,7039,1.7464083136875839,13.52,0.0464013087327263,0.796972938819762,3765,613,14.148576952949929,60296,21.65710376035605,3643,350,4.255825037237802,282906,0,8321,51314,54496,286549,168,39
17960,MERRIMACK COUNTY SB,1353925,1120519,3108,0.22699983347502561,2.7,0.287616172315112,0.5352585999963071,7584,0,9.435945626994187,129531,13.690793307650734,12286,4249,2.758621963080812,1138261,0,219447,226893,115328,1150547,3438,85
17964,STATE BANK OF SOUTHERN UTAH,2509909,2111520,25044,1.0119213090166213,11.2,0.019243031228327774,0.33690464475006865,6108,337,10.570576523053063,273040,0,20256,2110,3.0379021528457546,1695646,4139,9492,715380,240646,1715902,562,259
17975,COMMERCIAL BANK OF OZARK,115220,108538,684,0.602755757022457,21.24,0.061023763371383447,0.6613435167505641,660,36,8.706888490278923,10242,19.766889546567285,567,100,3.0211997338150014,52247,0,2294,10581,2949,52814,40,6
17979,CASTROVILLE STATE BANK,265560,242672,2004,0.7512945209485206,9.12,0.4010009710235678,0.1543907214942009,815,0,9.987290069282324,26481,0,2002,440,2.8750251647609075,170847,0,2892,23745,22416,172849,763,56
17982,WALTON STATE BANK,16741,13684,-106,-0.6720430107526881,-3.64,0,0.8960038229496446,26,2,12.291285801340646,2017,62.2945830797322,30,3,3.735242614246173,2884,0,0,322,2810,2914,1,1
17985,FIRST HAWAIIAN BANK,23831114,20340346,237661,0.9836245861373303,9.32,0.09519260334500447,0.11199224677453182,55218,6033,9.08298286936295,2070403,13.900992253825969,160393,14750,2.933772431956203,14247865,228781,78662,3418815,2603944,14408258,22017,8369
17993,KEYSTONE SAVINGS BANK,176432,146859,1158,0.6372356957645288,6.29,0.005390796831649008,1.7961594268613403,228,0,12.233394958741037,21704,17.525718123263836,1380,0,3.25265289571996,108342,32,203,42999,18349,109722,6,0
17995,BANK OF GREELEY,47657,40863,688,1.4745722025993622,12.43,0.004537328602412044,0.006294982898629792,227,3,12.397071329309522,5977,0,317,0,3.4094176605096322,22491,0,1264,1086,5647,22808,2,1
18012,BANK OF NEW HAMPSHIRE,2624175,2255597,16872,0.6642926106581482,6.1,0.005442494407959574,0.041613078396067336,1990,0,11.270094492007937,293250,14.044799278192732,24605,1075,2.7258464689548867,2069142,0,27464,1173773,284572,2093747,230,119
18013,MASCOMA BANK,2917813,2614357,6528,0.22362720030255442,2.9,0.01917219624760108,0.08413835979207715,5516,128,8.669951682689758,253420,12.494932250742579,17597,1032,2.500925502830165,2415094,0,20312,603023,228244,2432691,631,171
18019,PATRIOTS BANK,236173,205793,3452,1.4683925525443773,19.4,0.0016647281831822498,0,0,0,8.71088902357069,21128,12.040838742409422,1893,180,4.498645919813801,182511,0,4970,106854,18927,184404,3,0
18028,SUGAR RIVER BANK,402051,341523,1704,0.4274310391189703,4.1,0.16664368556843562,0.2663841154480402,2095,183,13.735758297070454,55397,0,2295,401,3.2897218376419293,277108,0,5389,28371,42186,279403,607,155
18030,SAVINGS BANK OF WALPOLE,777879,716969,5416,0.7078713305314733,10.52,0.023837155450944496,0.26006615424764,1966,0,8.313934573004492,65930,13.99870961723827,5831,84,3.4539092973384524,585037,0,93312,115449,53665,590868,149,9
18031,WOODSVILLE GUARANTY SB,675378,530034,2885,0.42714416004358796,7.57,0.027994547001571935,0.13088966475070257,1775,0,8.364815600440057,58166,17.094134862610336,3680,-202,2.6450424234756413,455780,0,1856,64994,38022,459460,162,30
18033,SECURITY BANK OF THE OZARKS,152135,142570,2068,1.4043818343073913,22.97,0.18176438263516084,2.2828408978867456,2044,90,7.389577966056679,11129,11.129401005944215,970,240,4.640362394557989,98878,0,8660,18914,9159,99848,359,187
18038,CLAREMONT SAVINGS BANK,559057,417615,2511,0.4581061806569363,3.74,-0.003085596341337212,0.4809885217428634,2946,0,13.066549878550912,74290,0,3931,136,2.5600962663264384,429922,0,2761,56278,67734,433853,9,22
18053,BANK OF HAWAII,23567863,20740211,151732,0.6445861787489319,10.36,0.09280093299067785,0.11703224853267348,40173,8282,7.82965016308778,1869247,14.203205946947264,148528,11150,2.144745907593552,13929602,0,296468,2750116,1540431,14078130,19135,6206
18059,BANK OF COMMERCE,2171329,1813947,44870,2.154065360305477,16.28,0.03455953760642816,0.7062034357759694,926,9568,14.20760937069745,313187,19.35875070375804,28069,2802,4.608808809628062,1408528,0,5120,476867,285401,1436597,500,23
18063,COREBANK,116681,103730,1125,1.0157793420278025,9.95,-0.007858105074090705,0,3482,0,10.450255352164312,12257,0,1002,118,4.126115411931156,93714,0,193,14017,12004,94716,2,9
18071,WATKINS SAVINGS BANK,78580,68785,309,0.3919280577364569,3.23,0,0,0,0,16.374035315567323,13112,0,170,0,1.7882727373657803,33638,0,245,28,9499,33808,0,0
18094,MARQUETTE FARMERS STB MARQUE,31342,26538,136,0.4289787781675036,2.95,0.49394912324030626,0.015953034267117607,7,0,17.82687941674927,5575,0,446,-4,2.6917111838704115,11272,0,213,514,4600,11718,62,2
18100,COREFIRST BANK&TRUST,1237982,1028520,9551,0.7554933646151303,14.82,0.43675651104950075,0.2788408878319717,2718,45,8.326656643062952,105278,12.878545082268896,7818,2998,3.0550107697831534,819157,8152,10242,321913,63232,826975,4267,685
18101,FARMERS STB OF BUCKLIN KS,59379,52360,770,1.319921558947354,12.02,-0.009957977335643584,0,0,0,10.084138946774674,6436,0,607,45,3.7441041936816912,32556,0,285,1680,6777,33163,0,3
18109,TRICENTURY BANK,173110,96175,2558,1.554344325549459,13.48,0,0,0,0,11.542462423151546,19751,0,1473,60,3.9976312228364446,138856,0,1878,56781,19751,140329,0,0
18118,BANK OF THE PLAINS,435153,351555,3172,0.7485708244285185,8.37,0.10013796786683875,0.5699144898461,1020,0,8.75136210735775,36943,11.546599038398732,3553,716,4.214586443222023,311177,0,1723,63503,38981,314730,566,278
18120,FARMERS STB OF ALICEVILLE KS,169339,136252,1769,1.0557878540828374,5.67,0.26141484248121893,0.3679010741766516,4200,623,18.466868265758492,31450,0,1902,225,4.52931556594681,119402,0,6338,7918,32058,121304,325,5
18129,BANKNEWPORT,2795365,2269959,10168,0.37126583539340596,3.84,0.5126301413840995,0.6556925482003244,5409,359,10.77683278831048,304441,13.716915574571805,18126,13557,3.1584866612226334,2279835,0,45777,706739,272013,2297961,12371,1053
18132,PEARLAND STATE BANK,188943,177864,1320,0.6806972815425838,12.3,0,0.08415236341118751,0,0,12.375258633398913,24343,0,502,-54,2.1374397895056845,45445,0,687,18965,10379,45947,0,0
18136,FIRST NB OF WAUCHULA,87973,71120,939,1.0400283543406508,10.83,-0.0222667557336896,0.7570504586634536,826,0,10.736888692188536,9704,0,1015,0,4.950950642218264,65310,0,1771,10217,8605,66325,3,18
18143,OCONEE STATE BANK,639898,570444,5429,0.8934251871190106,10.95,0.021868229516136088,0.7841874798796058,1464,0,9.238952853636441,59661,14.249134464677866,5424,912,4.1654562881444654,406288,0,1117,244236,52773,411712,84,2
18145,STATE BANK OF EAGLE BUTTE,78390,70851,866,1.167399099512011,12.42,0.9531033572983313,1.1430029340477101,502,0,11.164327002477291,8788,22.333333333333332,880,343,5.997687978903513,29255,0,7671,554,7148,30135,614,325
18155,BRIDGE CITY STATE BANK,229838,186782,2175,0.9985428161386556,13.84,-0.020540882518476525,0.20101114698178718,285,0,11.625543077301419,28364,20.951450675613504,1219,150,3.711117374321191,115761,0,1827,44333,15028,116980,55,75
18164,GARFIELD COUNTY BANK,92781,77143,1294,1.4515090534231607,9.15,-0.01932538930996765,0.7986548970155528,1111,33,16.745704734509832,15078,0,1014,210,4.61185927323459,49641,283,1128,5475,14678,50655,8,18
18165,STOCKGROWERS STATE BANK,120167,87263,1759,1.5396896811905767,14.35,0.014531619482938558,0,0,0,10.842283590190629,13184,0,1157,125,3.7752905324175465,79062,0,372,13676,12818,80219,14,3
18171,BANK OF O FALLON,353228,303585,5833,1.6893163843705945,12.49,0.31344967789314054,0.7476757221964283,2566,1703,13.816128995263599,48189,23.762981918708906,4383,525,3.414198868137007,265082,0,5245,35285,48189,269465,845,5
18185,COMMUNITY NB&T OF TEXAS,1291815,1079167,16755,1.3191762482454286,11.56,0.01172840476159569,0.6745547930624741,1215,0,12.258240511993723,159972,16.943324941989417,11559,1075,4.143119362914883,871189,0,4076,431695,153046,882748,116,13
18190,UNION SAVINGS BANK,3086225,2330181,7118,0.23374527846359403,2.72,0.15747851390405496,0.38827370007047446,3819,0,11.144916299958032,354773,0,22396,4054,2.5808801635681498,2109010,0,4643,985291,267964,2131406,3875,708
18194,GUILFORD SAVINGS BANK,1161835,1018714,1964,0.17326273670786332,1.7,0.002153533541763476,0.1784246472175481,1105,0,10.913470099247444,128095,0,5417,1124,2.479456764396098,853699,0,6325,238212,117772,859116,29,11
18198,ION BANK,2112159,1799504,15205,0.7112791423297398,7.43,0.07016943155394238,0.49726370031801587,3324,0,10.002512861259298,211366,13.607538134079597,17735,1205,3.4217014804859205,1614910,0,44169,432755,214361,1632645,3163,2058
18199,NEWTOWN SAVINGS BANK,1807513,1500045,5893,0.3214070045674373,4.27,0.47536576089007865,0.16879546647797278,3652,0,8.428851409949448,155213,14.812870243131965,16518,4279,2.7569898253272282,1428733,1380,4560,203075,141044,1445251,7095,546
18200,DIME BANK,1163774,894716,5081,0.43735901606013977,4.65,-0.04857839775138505,0.23105860759906993,607,0,11.220443940960271,132525,17.128462550886105,7376,-837,2.4256119236094538,787159,0,401,203479,115369,794535,101,488
18204,FIRST COUNTY BANK,2321624,1747014,3229,0.13985820136895583,1.98,0.0066818017430673015,0.0760674424454606,1331,2,8.848436156983905,209699,14.453103617715463,17226,743,1.8500148287534643,1683584,0,209,561828,170428,1700810,212,100
18213,FAIRFIELD COUNTY BANK,1759057,1379932,5525,0.2900038684678925,2.7,-0.025628222482016464,0.0648074508102921,7334,0,13.288265705048444,255774,0,18390,-606,2.677057473924832,1367141,0,85,569411,221596,1385531,113,473
18216,TEJAS BANK,239292,216376,7015,3.0377170571168755,32.59,0.47035221418510037,0.045133142771174965,652,83,10.607049753298604,23884,17.006360555271833,1860,680,5.073193685711975,120703,0,2098,52210,21120,122563,586,13
18221,WEBSTER BANK NATIONAL ASSN,78957213,65209254,796543,1.031630233163407,8.58,0.3228635149956711,0.6181347864950603,113584,0,9.036020002017162,6847474,13.741550716917736,689566,222000,3.402775221648968,51843236,0,115693,12268896,9377808,52532802,176470,9556
18227,STAFFORD SAVINGS BANK,424873,181026,23594,5.674772109579815,12.23,0.01834279006065349,0.05130945011803527,330,0,47.00325672624995,203212,32.73436124053349,1200,0,2.6210415516923637,63746,0,733,150,200987,64946,12,0
18229,NORTHWEST COMMUNITY BANK,1154883,1017926,2090,0.18459049173493866,2.94,0.03345586214292344,0.4308661570046489,8508,0,8.639086021963417,101403,13.889664491102458,9347,286,2.455130121802666,912209,0,5134,197564,70788,921556,322,25
18237,JEWETT CITY SAVINGS BANK,442987,360884,3966,0.9231504055483994,6.47,0.2718128364617669,0.19819994717677944,596,0,14.448145091791039,63205,19.133630418426993,2897,1571,4.40005576864438,358395,0,501,109963,63304,361292,1134,188
18238,CHELSEA GROTON BANK,1709099,1198144,15720,0.9389749881433502,6.96,0.001772618014998712,0.1485578073593162,1279,0,14.918213709928525,258723,20.672190647016432,11049,994,3.3009905775980277,1231773,0,579,181932,234230,1242822,150,129
18258,THOMASTON SAVINGS BANK,1827812,1603488,9263,0.5103040879087074,7,0.06966795374549982,0.4871945254763619,2825,0,9.71679501454233,183614,0,12025,1325,2.7832449259085537,1299988,0,21075,491736,138241,1312013,1146,258
18266,NORTHERN BANK&TRUST CO,3226777,2688621,50180,1.5605456249677347,11.21,0.14852183898038135,2.3416864567957436,5669,0,14.346360600379892,462234,16.454687370540512,53267,7576,4.530744272723363,2779879,2,70,727259,458292,2833146,4809,640
18272,COMMUNITY STATE BANK,1521562,1256941,19567,1.3235349225312358,11.99,0.04617104247016131,0.07735471837493313,0,0,11.716792769583538,176646,12.940617707055555,11305,-155,3.30703645170101,1148084,0,428,285267,173134,1159389,623,97
18282,FIRST NATIONAL BANK OF ALVIN,162700,156606,547,0.3467230551181901,8.88,0.008765471056414571,0,0,0,11.411226300551041,18327,0,251,-21,2.0150112729749567,23022,0,128,12833,5483,23273,2,0
18284,FARMERS SAVINGS BANK,198350,169181,707,0.3628391160069016,3.26,-0.024103554378996025,0.2591378875724729,2007,45,12.298304549647542,24931,0,2135,75,2.2721335222264467,150547,0,1429,37701,22256,152682,8,43
18296,HAWAII NATIONAL BANK,857949,770395,7433,0.9102498319227911,9.23,0.018072132898638297,0.011539147431840355,293,99,10.34635259898556,86794,18.96612244897959,6905,894,4.155523219737397,479783,0,2157,154609,82389,486688,101,16
18297,SOUTHSIDE BANK,8512453,6671624,97406,1.1637182363916194,10.43,0.041988784048393395,0.04197380003155377,9694,0,10.550653964301809,870541,16.152985459556827,44884,3346,2.9421599644543366,4618659,0,29389,1851094,940947,4663543,3360,1433
18301,FIRST STATE BANK,133942,107596,2669,2.073979445146391,11.2,0.33149004776470237,0.0007465918083946782,99,0,17.980896209218105,22194,0,1587,0,6.458520411687505,86545,0,798,49835,24693,88132,288,24
18302,POWELL STATE BANK,48838,33044,-354,-0.9767672865735887,-6.45,0.005480473074435786,2.629100290757197,92,18,24.85244750641771,11327,0,1530,191,0.264561274174658,15204,0,2363,2711,14494,16734,1,0
18342,BOSTON TRUST WALDEN CO,84953,500,35406,41.41197936769711,68.77,0,0,0,0,41.92790614611094,30521,69.91182869575174,6,0,6.472472849772669,44,0,0,0,58362,50,0,0
18344,UBANK,742404,638066,9560,1.3695301881127073,14.59,0.07084490069049919,1.3479183840604307,2183,0,9.949985657751816,73191,0,8745,1536,4.168811256332501,579850,0,3170,216508,70386,588595,430,44
18355,NORTH DALLAS BANK&TRUST CO,1909713,1631526,3454,0.18801998085179258,2.06,-0.00016455162971934075,0.015918622327019818,5889,0,9.318060964767552,177335,0,18976,440,1.9739438264755869,1238104,0,5545,717961,171158,1257080,0,2
18356,CITIZENS STATE BANK,183855,162573,2317,1.2284777797689805,11.85,0.005165831810847903,0,373,0,11.459687224854303,21866,0,1304,0,2.628764188317315,118167,0,2938,7081,20523,119471,6,0
18361,COULEE BANK,553149,449944,-653,-0.1152105035281232,-1.57,0.037192196731151886,2.700899757569841,7316,0,9.23813612951841,53575,13.4795827917679,4874,420,2.7735698471293606,449193,0,237,216979,41233,454067,195,23
18374,SECURITY STATE BANK,929763,691360,6034,0.818601935341029,7.57,0.011909650194020644,0.02000509807337999,2916,146,9.605402721047804,86846,11.8912054481007,6885,2700,3.249769372152363,708340,0,8693,104773,95339,715225,72,5
18378,SECURITY STB OF WANAMINGO,96350,83273,1897,2.080171589483565,17.82,0.01566894649838218,0,621,0,11.916873449131513,11526,0,779,0,4.106196767865568,80301,0,240,11077,11213,81080,12,0
18380,FIRST INDEPENDENT BANK,133378,119752,1064,0.81228814853269,8.54,0.0691968734084719,0.44909955165019716,1637,73,11.507405980678737,15235,0,961,97,3.3923201796795435,73004,0,4363,12056,13220,73965,69,19
18384,NORTHEAST SECURITY BANK,438297,352572,4116,0.9524514749576534,9.52,0.0004005960869774224,0.022359267802426207,0,0,10.45283036210803,45488,16.346820732520747,4164,0,2.592253968253968,254278,0,625,27125,44667,258442,1,0
18385,REGIONAL MISSOURI BANK,564774,453436,8830,1.6725740289220816,16.81,0.001752856279307131,0.05453508837163183,5423,0,10.845325716796662,59235,0,4279,398,3.648410736113776,416766,0,2362,82234,54844,421045,25,18
18389,WESTERN COMMERCE BANK,780847,699033,25797,3.327364018808758,35.79,0.2753169066156518,0.7637859913657862,14492,2,9.943844611321898,79490,23.036761138929315,4847,750,5.480567934556452,449492,0,2509,195580,79478,454339,1231,6
18394,FARMERS SAVINGS BANK,142190,116682,1220,0.8577945399268202,6.45,-0.00753829453624412,0.4655742316618609,0,0,14.814586501184948,21629,0,830,0,3.346302798602732,92377,0,967,19897,19175,93207,0,7
18400,IOWA TRUST&SAVINGS BANK,541607,415706,3619,0.6607508861438038,6.59,0.0653038885355914,0.6988462113672829,138,365,9.525935546716454,51634,12.138826137353945,5754,-799,3.1888199417852903,389182,0,523,100230,54733,394936,1196,944
18402,BLACKHAWK BANK&TRUST,1845682,1374402,12308,0.6661871793284089,7.85,-0.02994364029908623,0.989336191174861,3545,213,10.239285955777945,189286,0,10530,-372,1.9607574344168777,1075576,1840,5799,461607,161253,1086106,176,477
18408,BANGOR SAVINGS BANK,7237664,5962875,12332,0.17057580621481855,2.93,-0.003961570223573781,0.1347534232039509,11654,0,7.62075707291427,556614,11.122033046260125,31473,-451,2.171138675982821,4905696,4322,47826,1226729,430159,4937169,1213,1406
18409,TD BANK NATIONAL ASSN,372778425,297222261,-1360632,-0.3618651701363153,-2.91,0.475843460973791,0.4819812198090595,1109487,248703,9.941053705917483,37360272,18.192578495218427,2735035,982107,2.6858035422626676,179438835,5546921,765430,21305440,46598514,182173870,1099929,224388
18429,MORTON COMMUNITY BANK,5439688,4503191,72858,1.3229423160979807,17.74,0.17198272956645752,0.5428620170862741,15348,4720,9.757021999286804,543945,13.804718483983446,40953,2254,2.9421395928471514,3564037,2898,23855,1099216,419286,3604990,8658,2509
18431,FIRST BANK KANSAS,568730,521846,15276,2.7637553638673182,42.7,0.22566173540926457,0.15859898370052572,2870,24,8.232025978422275,47177,14.364014364014363,4796,776,3.912873403108393,349534,0,2231,77393,36181,354330,909,141
18443,CUSB BANK,776121,670308,7013,0.9223527109383693,8.63,0.09483257146004295,0.12794396749991302,4475,513,11.47081296036191,90978,0,7613,1410,2.98348295229664,595395,130,4791,131048,82171,603008,667,116
18448,SECURITY STATE BANK,112200,102918,194,0.17257452728812475,2.44,0,1.1506238859180036,1082,723,8.348026995804705,9611,15.75311908681138,629,0,1.9940943065424008,52748,0,512,4546,8452,53377,0,0
18454,ZAPATA NATIONAL BANK,85637,73606,1477,1.7022051451080906,12.73,0,1.3580578488270256,1187,4,14.053290903794007,12542,0,432,0,3.758587379188263,37662,0,5456,4646,11624,38094,0,0
18463,HERITAGE BANK,40645,35417,-244,-0.5857696388874218,-12.41,0,0,0,0,9.014036867918145,3731,0,179,15,2.600535655174489,19625,184,44,2771,1877,19804,0,0
18474,FIRST KANSAS BANK,295049,279986,4134,1.5135472362935007,28.3,0,0,21,0,8.618734828461713,23185,20.23761760106117,1845,185,3.1514009069252147,126599,0,660,7069,14551,128444,12,12
18483,ANDES STATE BANK,25423,22000,368,1.3942457054959045,11.6,0.010822042335829618,0,57,0,13.192126165534706,3438,27.29338686463147,212,5,4.313410481043586,9404,0,487,953,3352,9616,4,3
18489,ADAMS BANK&TRUST,1391200,1151431,10542,0.7509765473343895,6.59,0.31928667050715787,0.8372627947096032,5700,65,11.601562691133637,165973,0,12197,10357,4.345248006705947,845431,0,4476,348876,161677,857628,3178,450
18503,CATHAY BANK,23036365,19736694,301507,1.3001659654586653,10.54,0.15267095607241948,0.8514928462020809,106902,4051,11.201880175579955,2574047,14.75844266705657,161765,37500,3.134380692988612,19215723,0,5216,6280082,2898510,19377488,31471,1798
18508,FIRST SECURITY STATE BANK,94257,82203,554,0.5893353701217605,4.93,0.4158644589911436,2.0157654073437516,981,453,12.963192849605859,12531,0,713,246,3.314817739869075,58788,0,964,3742,11238,59501,303,33
18514,FIRST NEW MEXICO BANK,266059,225750,3852,1.4579234658307703,11.09,0.0853889294960687,1.7778011644033844,684,177,13.546867389186556,35599,0,2688,196,3.680774353334989,123185,0,774,13511,35599,125873,119,19
18518,WESTSIDE STATE BANK,220034,165736,1938,0.916579013083716,12.63,0.11116964145225178,0.08316896479634966,2426,72,7.400842902298338,16577,10.840706608048366,1103,232,3.409251448061515,189771,0,4692,11170,16556,190874,202,7
18519,FIRST SERVICE BANK,743015,670512,5469,0.7636725879103187,8.84,-0.006754485967143544,0.967409810030753,295,0,9.309254014470906,70275,0,8672,1581,3.9650595058741342,625131,0,2724,168765,66661,633803,83,124
18561,SUNRISE BANKS NATIONAL ASSN,2488363,2255823,9347,0.39025073745573724,4.29,0.022100206331022384,0.2618187137487577,7643,0,10.424459989152254,261002,0,22398,2869,4.605548487922501,1732889,0,305620,657284,222207,1755287,1695,1341
18564,FIRST NB OF BROOKFIELD,358135,277991,6075,1.7081880553368574,14.24,-0.05904447125186675,0,762,0,12.324732103651135,45189,15.5739392998476,5342,600,4.359834286841586,308558,137,978,46211,45809,313900,0,181
18566,PEOPLES BK OF KANKAKEE CNTY,338302,292580,508,0.15174243931347897,4.35,0,0.007685440819149753,186,26,7.827967228074352,27622,14.314892877319544,2024,222,2.2546863677016526,156645,0,2880,59607,12011,158669,0,0
18568,COMMUNITY BANK OF EASTON,40359,29668,893,2.2682706278004128,8.7,0,0,0,0,26.772031862435202,10587,0,54,0,4.758220299283635,17444,0,2945,0,10587,17498,0,0
18569,PEOPLES STATE BANK,1465529,1159445,11473,0.789162561847426,9.63,0.005517951736315479,0.6987238055337015,8098,113,9.324945311467708,139733,14.10279965690977,12342,195,3.0055750671843042,1078421,0,2659,462916,123118,1090763,117,57
18576,BANK OF TEXAS,525534,427062,13916,2.6077241554035693,21.5,0,1.029999961943471,0,4842,10.935012909072908,57432,11.55978481192957,5821,0,4.8419032748103445,448526,0,216,154542,57698,454347,0,0
18584,COMMERCIAL BANK,566150,504720,6654,1.1543766210109037,12.33,0.00024423256997629483,0.2750154552680385,2900,0,10.319208770669828,59628,16.994874997308294,3482,-94,3.676939723029924,392169,0,3227,139625,54985,395651,452,451
18592,FIRST BANK OF OWASSO,559812,455245,21934,4.069510066907391,26.29,0.04368768204201027,0.015183668803098183,3838,85,17.09134686951085,91853,20.043166497887704,6264,0,5.938944892900764,438623,0,1602,343226,88239,444887,183,1
18609,AMERICAN BANK OF COMMERCE,1453438,1331390,8799,0.6129362355447289,10.18,0.025167487381426303,0.10877656976080163,690,0,9.41050846850979,141977,13.985912424660519,12103,-71,2.833063404230207,882084,984,1557,361312,88372,894187,312,88
18610,UNION STATE BANK OF EVEREST,427156,358112,4151,0.9986143053724534,11.45,0.08069277436551943,0.11728736105778685,2640,27,9.050181736214816,38544,13.27282306583252,3524,31,3.6835679530607615,303941,0,2744,52579,36639,307465,324,84
18618,SMBC MANUBANK,6335320,5048563,-169528,-3.081282549872909,-20.61,0.6058943968358244,1.0734106564467147,20633,5108,17.755654703276203,1047356,23.63215387660928,202750,138182,3.7249880947102505,3908040,0,1248149,990693,1056597,4110790,35493,13201
18620,CITIZENS B&T CO OF JACKSON,208985,185277,2817,1.3667087789570513,13.99,0.07872001259520202,1.1838170203603129,713,270,9.378019382606405,19218,14.474336039631211,2040,90,4.417781450535969,156313,890,7793,40723,20956,158353,209,89
18641,FIRST B&T CO OF ILLINOIS,206037,170614,-2773,-1.2947803495953636,-8.2,0.6749667234485831,3.517329411707606,0,4017,14.194621831262202,30030,23.563184242190168,2731,3105,2.1654796166648533,125924,0,0,44825,31581,128655,1073,0
18660,CHARTER BANK,300528,245789,8454,2.7825576358726773,38.16,0.07484917890450742,0.059894585529468136,1520,73,10.891438490076585,34260,16.95741276470885,2599,0,5.58603904780046,187239,0,124,65446,20716,189838,148,8
18677,VICTORY BANK,180512,149362,503,0.33188920838815333,1.67,0.051307344232557985,0.026037050168409855,86,0,16.614272335196464,27852,29.908010572540533,792,310,5.0276427058276445,69513,0,768,20952,30081,70305,33,2
18698,TEXAS STATE BANK,423413,339817,9210,2.2141434966927283,21.47,0,0,17,0,12.509449755916084,52455,20.522396462807684,2222,362,3.901675569096145,251573,0,1767,47786,45847,253795,0,0
18710,NORTH VALLEY BANK,250536,206437,7219,2.8612014112987927,23.49,0.0026881359121517182,1.432129514321295,0,0,12.61534327343716,31923,0,3436,370,5.264497248465185,222471,0,36,115781,31923,225907,6,0
18714,FIRSTBANK,27247393,24037740,272564,0.9906057887817984,18.12,0.039177147139339605,0.16953181539239368,88929,26197,8.553736310188352,2390596,16.406655312257374,153788,2788,2.4681576177279085,16104667,66030,743,3947368,1553573,16258455,9462,3053
18719,GRAND TIMBER BANK,60010,49521,899,1.4846890410461193,10.76,0.05895762911720776,2.331278120313281,1306,0,10.821382007822686,6474,15.23659374122627,818,200,5.638770588172612,51366,239,1763,8400,8120,52184,41,11
18724,CITIZENS STATE BANK,32521,23769,306,0.9509898374615409,9.35,0,0,0,0,10.57358771060456,3414,0,209,6,3.950609175396539,27895,0,754,845,3415,28104,0,0
18734,NEWTEK BANK NATIONAL ASSN,1213802,1042976,51956,6.010333108680418,45.45,1.385798272001758,2.0642575972028387,27124,0,12.04897926690317,121082,15.561345753031693,30233,26216,5.246006266197346,743338,0,0,317164,129729,773571,8072,1
18740,HEARTLAND BANK,921900,667437,12084,1.3775090750990953,13.52,0.002474675234228011,0.03416856492027335,619,243,9.883160810004574,85146,0,6809,630,3.637389681543002,612210,0,1163,113662,91601,619019,41,27
18748,BRUNING BANK,652961,527983,3725,0.5942816228020356,8.19,-0.00024434440441540114,0,815,0,9.16002677180761,58987,0,6327,485,2.8123886894813275,435330,0,2271,156818,47128,441657,0,1
18761,FOUNDATION ONE BANK,176294,145805,217,0.1226730283278592,1.18,0.10295567405643946,0.06126130214301111,0,0,10.048018267089018,17954,0,1781,138,2.499982151483925,140812,0,1866,38016,18466,142593,148,2
18780,SUNDOWN STATE BANK,268318,239090,4518,1.696604462843311,16.63,-0.00047562742391625914,0,1,0,10.55421097302887,28476,12.687329771304395,1712,90,4.431677638140834,212850,0,310,49311,28476,214562,0,1
18820,CEDAR RAPIDS STATE BANK,165856,147818,1237,0.7800607148307388,8.9,0.04037054392098908,0.18932085664672968,1327,0,9.423609663102082,15818,13.377654750356857,1082,380,2.9503580506016727,142885,0,701,33783,15802,143967,56,0
18841,PHELPS COUNTY BANK,512859,462538,7446,1.5070110623436268,21.13,0.00772003428760056,0.09339799048081442,1372,20,9.67288578693806,48729,15.01002089463136,3947,200,4.078268426257891,398504,0,3037,75653,38346,402451,104,75
18856,OKLAHOMA CAPITAL BANK,144288,114361,1658,1.1299681455300832,7.03,2.395390350186381,0.9321634508760257,0,344,11.760200243465416,17196,0,989,346,4.655164478519136,104281,0,357,22934,23319,105270,2560,5
18858,HOCKING VALLEY BANK,329535,292359,2972,0.8935663821806267,9.69,0.005466762086513995,0.13261110352466354,355,17,11.348431331809682,38234,0,2538,35,3.0841403314197073,199715,0,2332,35441,32845,202253,14,3
18879,KENNETT TRUST BANK,136909,123487,596,0.4539665709985436,5.11,0.1418227576532717,1.4089650789940764,2044,1842,10.751816419973284,13925,0,689,0,3.2299563835495815,77245,0,3392,4418,11775,77934,139,29
18880,FIRST NB OF GILLETTE,592595,531667,6296,1.0652726529485175,11.4,0.06550652036407538,0.2632489305512196,624,0,14.061902640467366,89011,35.43206680294137,2452,380,2.6250941224208044,157998,0,5728,56365,58919,160450,170,77
18885,NEIGHBORHOOD NATIONAL BANK,298944,250774,2692,0.8860019589463818,17.33,-0.010104061194448934,0,1394,0,10.613736891152266,32346,16.081518011692086,2123,24,3.0599281322892145,186673,0,4855,34404,15487,188796,2,21
18889,COMMUNITY BANK OF TRENTON,128956,111583,1221,0.9749935319839401,11.34,-0.05253350887387454,2.1674059369087133,2342,1931,9.921110009910802,12513,14.180307539682541,1225,60,3.074143533307229,92219,0,967,11107,11098,93444,2,51
18892,KRESS NATIONAL BANK,48989,43054,670,1.2995073509445672,12.54,-0.4438807863031071,0,0,0,12.416114398009743,5939,25.34377154910153,358,5,3.6594964338166682,18301,0,874,1320,5612,18659,0,77
18895,FIRST NB OF LAKE JACKSON,215106,213970,-583,-0.2634140082033357,-695.7,0.9426959132325602,0,1,0,10.579606645652746,25777,41.234303360695776,367,341,1.3751411428280593,33011,0,617,18570,224,33378,289,2
18922,TRI CITY NATIONAL BANK,1909773,1741343,11726,0.588000556409191,7.9,-0.0002554216219170823,0.3870617083810484,1954,0,10.556695966454374,210595,0,14157,-425,2.889604976677214,1164822,0,757,646106,153512,1178979,74,77
18924,OLD GLORY BANK,183423,173205,-12944,-9.174207888231157,-122.65,0,0.04416021981976088,114,0,5.800668772060189,9992,61.28382092469309,42,18,4.292105034152472,4482,0,75,669,10093,4524,0,0
18930,BANK OF BELLE GLADE,142540,131523,1395,1.046989174357096,13.55,0,0,0,0,9.645919007458005,13839,0,450,50,3.5188601332211578,62613,0,452,16811,10667,63063,0,0
18937,ST MARTIN NATIONAL BANK,27649,24092,405,1.4252333159724664,12.35,0,0,9,0,13.973374117974208,4020,0,197,0,3.0698053365146802,12857,0,424,0,3524,13054,0,0
18942,BK SAN JACINTO CNTY COLDSPRI,44303,38853,957,2.1529711902308653,18.07,-0.02441724182836307,0.16928876148342098,64,0,15.676440045073909,7095,0,247,0,5.335771276595745,12376,0,1099,261,5423,12623,0,3
18983,RIVER CITY BANK,5143528,4454529,73399,1.4529721345841098,16.3,-7.77508281888634e-05,0,6391,0,9.120444438965036,480854,13.517898919820512,102163,7539,2.881159744410413,4065994,0,2475,2247304,484740,4168157,0,3
19001,FIRST MIDWEST BANK OF DEXTER,626445,489963,5312,0.9136463191164325,10.88,0.05694904199722089,0.08029435944097248,1682,9,9.466729651353514,57716,0,4639,480,3.3277097589571576,530768,0,2461,114991,54232,535407,355,70
19008,PARKWAY BANK&TRUST CO,3582675,2741489,33348,0.9448952760903073,8.97,0.10736063801385898,1.0277795222843267,3615,191,11.311795208841753,377954,13.41518172631587,32064,4536,2.622293047507213,2792237,0,1238,1022348,382820,2824301,3372,442
19011,LEGACY BANK,337515,273057,2075,0.6305327348286227,3.57,-0.0031990172618971448,0.9386249500022221,3094,722,21.233583085414022,71444,31.035375035475198,2918,0,2.835629863279263,201580,0,9948,97603,58063,204498,36,42
19024,COMMERCIAL NB OF TEXARKANA,312733,294671,4365,1.4081362856558495,27.15,0.06542924723202914,0.007354516472518091,1640,23,9.3350826191465,29671,15.535887487875849,1861,50,4.0091622156986775,220285,0,4247,56481,16405,222146,197,51
19070,FIRST NB OF CLARKSDALE,376278,337820,3700,0.9624734214265314,10.03,0.1298460710778239,0.43558220252047686,403,0,12.622564920020018,47670,0,2602,31,3.071119785533709,229650,0,2487,35604,35599,232252,346,39
19080,INWOOD NATIONAL BANK,4515181,3780496,32775,0.725572385292817,7.4,0,0.40702687223391487,88,0,9.238895563434776,425641,15.300860987122384,21493,-194,1.7092899161081747,2446755,0,2652,1619463,456125,2468248,0,0
19087,BANK OF LINDSAY,102292,66286,619,0.6532471342607543,6.99,0,0,0,0,9.630450023877989,9478,10.661894754364427,770,0,3.323774141348373,86859,0,1892,504,9041,87629,0,0
19101,HARFORD BANK,713432,643357,6964,1.0036363804064352,11.28,0.014362467763145986,0.9277688693526502,191,0,9.099291583938838,65032,14.594353908721935,5712,86,3.4168796942588453,493835,0,27618,232908,65032,499547,89,16
19105,PEOPLES BANK OF MACON,24547,20631,217,0.8270384401368995,7.12,0,0,21,0,11.239161046468539,3033,0,76,9,2.9727884676446306,5821,0,37,144,3032,5897,0,0
19123,FIRST WESTERN BANK&TRUST,2220120,1929760,12085,0.5434993786522618,5.36,0.10956480522243171,1.591355422229429,5134,3689,9.104615558669819,199579,12.254970545537171,19396,3715,3.033328210030721,1762528,2118,34117,502586,231253,1781924,2205,255
19143,UNITED COMMUNITY BANK,621539,516734,14038,2.2171548208350007,15.31,0.10250399745451763,1.090357966274039,462,69,15.27400759189255,97174,0,16683,0,6.003246497828176,480803,231,2209,235839,93606,497486,899,390
19163,FIRST STATE BANK,460869,413188,5813,1.3068836097955345,18.42,0.028304281894637167,0.12281147137255922,1136,0,8.710751127967317,41663,12.639489678585116,4404,980,3.7945303754765103,361291,0,3618,70131,33246,365695,103,4
19184,HILLTOP NATIONAL BANK,961199,873136,14554,1.4752345282320805,19.07,0.028486909654579944,0.004785689539835144,375,21,13.6728965759205,144193,0,6234,728,3.277870998639025,514537,0,3721,151801,82731,520771,177,37
19212,FIRST MW BANK OF THE OZARKS,715662,626353,11971,1.6618795022829844,16.11,0.2824778777189716,0.93857156031758,13593,351,10.934903163349244,78164,0,7558,840,4.024718599677892,611308,344,7792,135699,75368,618866,1850,114
19213,SECURITY NB OF OMAHA,1764188,1486528,18139,1.0697532932702203,12.84,0.08124181639383452,0.11478368518547911,177,0,9.44569760591351,169468,13.409129543809717,18383,5131,4.182778245208289,1253555,1497,6744,480570,147873,1271938,1099,142
19215,BENCHMARK BANK,1214800,1091229,18975,1.6407362604010571,17.14,0.07416208237002779,0.07112281857095817,355,0,9.213503043359237,113422,14.781247946866397,9560,1493,4.4247431313814545,799066,0,4290,217037,113422,808626,641,55
19220,ANB BANK,2964088,2569106,17772,0.5808751656386519,11.75,-0.0020459293919616295,0.05978230066043923,1482,5,8.358241248436583,251870,13.533665424972103,16118,1423,3.0780501827278086,1891861,0,35976,471772,147313,1907979,170,208
19222,FREMONT BANK,5802335,5179324,54152,0.9295351520903659,12.82,-0.005836228095182367,0.4624862232187559,9320,17,7.999636185073471,469668,12.007799609470064,69423,5543,3.8280815708756006,4551916,2312,347,1213958,434359,4621339,1028,1295
19230,COMMUNITY NB IN MONMOUTH,52021,45679,441,0.8404578494189215,7.57,0,1.003440918090771,173,0,12.699856761255857,6561,0,532,17,3.4289768248462873,31535,0,455,1194,5997,32067,0,0
19234,AMERICAN BANK,328678,290542,2382,0.7348268436996773,7.56,0.004872803583784609,3.64673023445439,2884,0,9.899364549597188,33042,0,3807,1312,5.21040666233761,241014,0,1702,86926,34924,244821,78,66
19254,HERITAGE BANK NATIONAL ASSN,484445,410036,463,0.08619993096558444,1.18,0.5841761208069856,1.7459154289960679,1368,327,8.252457403335441,41096,13.118779739661635,7229,1790,3.2241543686031027,399864,161,12469,47369,38751,407093,3554,983
19274,BANNER CAPITAL BANK,359162,319724,6450,1.888601222876612,18.53,0.021318370679565702,1.7810904271610024,1498,162,10.29781754827852,36469,12.984277317918181,3549,615,4.550827948483206,275274,0,4216,60054,36038,278823,64,4
19278,CARMINE STATE BANK,125612,119220,927,0.7466124573939601,13.53,0,0.07483361462280673,1018,94,10.367014447412306,14050,0,191,17,2.2787159089581657,36755,0,3974,2037,6234,36946,9,9
19285,LOGAN BANK&TRUST CO,349851,327972,4468,1.2924044913659396,21.26,0.0024170118965325545,0.1297695304572518,4769,76,10.280613261524273,36116,0,1362,115,3.203835668411729,171544,155,7202,20693,20900,172906,6,2
19288,FIRSTAR BANK,1001535,868800,14083,1.3553995680969182,12.84,0.13123080045646773,0.40338081045595015,2252,0,8.975399038251947,94705,12.245744136121115,7643,1401,4.883676321950439,824322,0,11335,226220,121316,831965,1478,406
19300,AMERICAN NATIONAL BANK,4954662,4420920,57444,1.1368890492948396,12.66,0.4660071204019351,0.7747047124506172,17810,311,9.714909154363964,498826,13.63647436137296,42481,1500,2.9894136708375214,3598091,2656,69422,1096086,462365,3640572,19839,2482
19333,REPUBLIC BANK OF CHICAGO,2647954,2228827,28588,1.0473489812380625,9.38,0.2334470910867807,2.836454107586461,5725,0,12.444033069039223,341218,17.364316349076866,24287,4326,3.5584394959024284,1733768,3,925,529929,317407,1758055,4715,433
19349,FIRST MISSOURI BANK OF SEMO,201262,173842,4156,2.0122399969012665,20.82,-0.021130734138814077,0.003478053482525266,882,0,9.725988023952095,20303,0,3424,0,4.516385278228571,174217,0,2378,23573,20236,177641,56,93
19351,BANK OF ESTES PARK,153594,138664,1113,0.7529896326926044,8.27,0.2808869917590812,0.8952172610909281,1124,0,10.98921156416023,16858,0,1482,303,3.6745569552723434,91171,0,15,41244,13703,92653,241,2
19354,HODGE BANK&TRUST CO,98546,81775,2037,2.070164027724141,12.8,0.03842668348901477,1.5312645870963815,667,0,17.075538477095765,16886,0,1395,233,4.514908152965299,67876,0,3528,12481,16267,69271,116,92
19358,ROUND TOP STATE BANK,882509,799813,7828,0.8650371817910779,9.87,0.0035275595884184576,0.00011331329198909019,1188,1,11.504350416708045,105420,0,5211,235,2.5404786592017286,560504,0,10715,131488,80127,565715,20,0
19371,RELYANCE BANK,1450661,1262576,14473,1.0118827885540418,8.97,0.015513437283097052,0.32164647701978616,2599,0,11.96764539980605,172280,13.946343648640866,12852,215,3.2681482435600784,1135578,0,4115,541312,167882,1148430,271,101
19381,PARK STATE BANK&TRUST,141215,126799,1353,0.9859748179262319,9.95,0.009900637205010514,0.7725808164855008,1933,0,11.60567805800406,16695,19.702379632299127,1073,0,4.712289367363027,102047,0,1232,22501,14057,103120,10,0
19396,UNISON BANK,575327,475353,4652,0.80404219596852,12.01,0.2852029946562226,0.5617674817973083,2476,37,8.928967632191341,51914,12.573853834292606,6321,500,3.272123370339401,409998,107,32972,118871,40033,416319,1153,2
19401,CAPITAL BANK,636835,568196,7163,1.1698586403116662,12.18,0.03917055670816044,0.016173734169761398,326,0,10.252359956951103,64969,13.537889905272845,6236,251,4.068053809701765,530549,0,9974,329951,60538,536785,239,36
19416,CTBC BANK CORP USA,5221345,4452062,39694,0.7503582036983393,5.76,0.010171904271958581,0.3562492039886274,8394,0,13.920867757757724,727193,0,42119,-3214,2.569409024416251,4155620,0,0,1507472,709681,4197739,450,3
19420,CITIZENS BANK OF THE SOUTH,339234,295892,4693,1.4605105095759447,11.73,0.050323285171153684,0.17362646432845763,439,0,12.817198165830115,43130,20.231452961365836,3478,315,4.973318316727082,243320,592,5058,45465,42577,246798,168,48
19434,BAC COMMUNITY BANK,783096,697807,3334,0.41475017832764866,5.33,-0.012766133999725529,0,536,0,10.357943445106512,84882,16.948071161741318,6887,0,2.9257922476270037,446022,0,3176,236335,66090,452909,18,74
19440,FIRST FINANCIAL BANK,227619,224299,2642,1.160141711178286,66.8,0.027725695828322496,0.1006067156080995,1063,0,10.246314714977462,23890,16.201538019719838,1392,102,3.778830313014827,113846,0,2080,41482,2716,115238,34,2
19448,BNA BANK,774450,679941,11373,1.4673502000979008,14.81,0.07516396386808391,0.5567822325521338,4414,297,11.80526573408558,91649,18.989958424626245,6923,361,3.0569923452338834,447219,1889,9346,142228,77647,454142,501,162
19459,UNITED COMMUNITY BANK,3859236,3295898,39838,1.1037941059090417,12.03,0.014404305446898078,0.18081298992857653,5243,544,9.516049900944951,357278,14.083380896466583,31733,7267,2.9605916567932566,2401841,2540,13147,645393,349437,2433574,506,186
19482,CONSUMERS NATIONAL BANK,1109896,997934,8955,0.8141168128076801,13.54,0.06576241577173654,0.07478178135609102,1660,17,8.148699146555632,92568,12.331044859879503,7844,332,3.139526998587636,755669,62,5868,249536,68872,763513,669,173
19502,FIRST NB OF TENNESSEE,1328488,1166861,23678,1.8099620839009691,16.88,-0.005234638299580095,0.8047494595359537,1042,0,10.856841550224097,142071,0,9897,0,3.715631749865447,708284,0,15397,211979,142115,718181,154,190
19506,BANK OF SPRINGFIELD,1708754,1476648,17587,1.0683985248603889,12.45,0.02052180198535019,1.3647371125393124,17903,308,8.62080369472133,148583,11.188465675240659,14812,2850,3.946315693632156,1445593,0,2650,362889,150171,1460405,565,282
19512,ROYAL BANKS OF MISSOURI,1045716,922488,8113,0.7837723476073353,6.05,0.05667032318845863,1.4483856037394474,704,0,9.765010607668568,100019,12.158769894244406,4996,-222,3.226895585802743,758564,0,1948,409964,116903,763560,448,22
19525,MT MCKINLEY BANK,628308,530211,4719,0.7390002652821465,5.19,0.17911406477752798,0.6079820724867422,2932,0,17.514018101357376,116474,0,4661,1055,3.3324842055382304,247518,0,2829,104644,91565,252179,435,0
19531,MACHIAS SAVINGS BANK,2607826,2305045,14621,0.5683410590556155,5.86,0.040656288779569706,0.252394139793069,11164,47,10.967799907413692,289280,14.106948620934311,19096,-1000,2.787532726389008,2136837,492,4977,799582,258848,2155933,1247,394
19532,SKOWHEGAN SAVINGS BANK,841355,726139,7521,0.8609392514121189,7.51,0.01588811555576963,0.20764124537204867,1403,0,13.778136136045829,122179,21.43830936151064,6034,326,3.1926016751154465,604580,0,787,165552,102611,610614,176,81
19540,PIONEER BANK,263425,234348,2821,1.0926409220169664,12.8,0,0,0,0,9.679409781867628,25413,0,2472,130,3.0164177690010425,189784,157,627,51026,23273,192256,0,0
19544,MADISON VALLEY BANK,256994,234472,2170,0.821909921702664,10.02,0.09448109471087274,0.5716086756889266,412,301,8.738520270797203,23531,14.65167669035903,2047,0,3.2451344815485816,129130,0,2413,48176,21284,131177,128,3
19559,TEXASBANK,2545401,2027846,41305,1.741219498623212,16.67,0.004885921299208353,0.47964937548150566,21034,21,10.926535408284801,272831,19.633381930090735,21492,1830,3.7830143153482356,1792224,0,5003,326101,269340,1813716,287,203
19573,LAKESIDE BANK,2700724,2285485,33076,1.2470340714471049,12.6,0.04779855882331313,0.07379502681503182,3048,127,11.002256317352268,294425,14.031662181496863,26342,900,3.171310601800155,2071625,0,49,1080962,276455,2097967,1311,310
19581,BELL BANK,14533697,12732444,57267,0.40835818872510393,4.34,0.03983396849734759,0.6320346433533051,42317,0,9.359535249165903,1344774,12.697173892912442,120936,1680,1.8328672215000372,11868668,0,62098,3464005,1349703,11989604,5055,169
19589,NORTHERN STB OF VIRGINIA,101451,89533,683,0.6731677123927909,7.94,0,0,0,0,9.001819827359693,9250,15.142058182829421,543,8,3.33258858191674,69906,0,506,18368,8911,70449,0,0
19590,ALTAMAHA BANK&TRUST CO,330364,305932,4575,1.5028184004099492,20.09,0.161711873147962,0.45676889733748227,5964,0,9.609784873358938,30626,13.63542622838126,3315,668,4.1453118200288825,220660,0,7309,69092,23791,223975,352,19
19595,COMMERCIAL BANK,105714,92962,1312,1.2303144991438437,15.26,0.0024256301787204315,0.016081124543579847,120,17,10.226087604290822,10982,23.22454125227623,626,10,3.2554956099837815,42957,0,1181,2361,8873,43583,18,17
19600,ACADEMY BANK NATIONAL ASSN,2925032,2394313,22126,0.8084455411119,5.49,0.1392478686531232,0.5855320557176811,4314,19,14.386778180927937,416058,17.50597590259767,30218,4180,3.2831756542632204,2279510,1859,15256,1089939,407145,2309728,5289,2372
19603,HOMETOWN BANK NATIONAL ASSN,958639,880773,5364,0.5681234450480374,7.03,-0.0735171799453719,0.017942103336083762,2282,0,10.55007285535173,105855,16.680250454477548,6911,0,2.619652205945034,579859,0,9350,307519,75836,586770,49,460
19608,PARK BANK,1464916,1175553,5002,0.33612347625592043,3.68,-0.01543312562983051,0.0332442269727411,266,0,10.324798651725372,152053,13.184860547762861,16048,0,2.298723118137354,1242810,4799,3113,568449,138181,1258858,98,297
19629,INTERNATIONAL BK OF COM,9257828,6386097,265684,2.9148632903839244,16.37,0.4956501785313025,0.850372247140474,16656,6029,17.672368192454886,1638720,20.714695396440064,108754,24633,5.295122034296158,6320245,896,31968,2022783,1738038,6428999,31909,1937
19638,GUARANTY B&T CO OF DELHI LA,423402,359438,7678,1.88984828047928,22.45,0.43884217366114725,1.0186536672004385,1893,1019,8.53211384166324,35486,14.5741961207402,1798,76,4.250930147668483,318798,919,4384,88533,35123,320596,1586,215
19644,FIDELITY BANK,543001,510711,4342,0.7988687047692572,13.67,0.45061845920478916,0.006813983767985693,15,0,11.009619064628888,64725,0,3620,1744,2.668146590482718,246225,0,2536,115651,29828,249845,1384,229
19674,CITIZENS BANK OF WESTON,273530,236577,3839,1.4104398265001035,14.6,0.10598201598373434,0.32903155046978394,2082,65,10.381395018803662,29261,0,2288,347,3.841637066272621,204269,0,2909,62866,27669,206557,268,62
19679,CITIZENS BANK OF ADA,328265,286972,5704,1.8393959660988748,22.67,-0.02441944264111162,0,1730,0,8.842089977238935,28009,16.68094575799722,1975,209,4.284303454078795,173373,0,3062,44085,26015,175348,0,41
19680,SECURITY STATE BANK,65356,56851,1216,2.0574251730030624,15.32,0.04225359551689352,0,13,0,14.8048176035106,9379,23.288540149415027,689,90,6.087311452902651,37779,0,1253,15576,8383,38468,33,17
19681,COMMUNITY BK OF PARKERSBURG,319316,235516,2538,0.8141493903182303,8.78,0.028121590257181316,0.7346954114419572,995,49,9.545136236312707,29987,0,2252,396,3.573708752155359,272981,2188,8779,42186,28683,275233,359,284
19687,GARDEN PLAIN STATE BANK,151275,127959,2860,1.9455914666086163,13.57,-0.026146840657130445,0,9,0,16.06876372570103,24658,25.150510254436355,605,0,4.083081839162081,53466,142,874,8203,22408,54071,4,17
19689,STATE BANK OF WHITTINGTON,175974,155750,2033,1.1570135051305837,14.08,0.2659559629000731,0.17388932455930992,1510,114,10.633266911262703,19157,0,1255,494,4.296170242539644,111061,0,3290,17526,15280,112316,350,64
19690,NORTHEAST BANK,4083054,3178140,68554,2.00155957794462,18.11,0.19986006500690776,0.7657503427581414,3018,0,11.157713016187827,443763,13.912483725198316,44773,3405,4.88319431994812,3581247,0,165,2111635,444101,3626020,6403,337
19700,VALUEBANK TEXAS,297199,259364,5323,1.765742407937913,15.22,0.005139360175354969,0.0393675618020249,0,0,12.029109027732249,36696,0,1989,13,5.137546944564576,159791,0,1822,85678,34529,161780,11,3
19716,FIRST CENTRAL STATE BANK,726192,573214,7412,1.0503031737237158,9.4,0.056575328426737494,0.15767180029523872,3499,436,13.123078847540434,93369,0,5361,240,2.884860726087543,442576,0,4517,103071,81218,447937,373,129
19720,FARMERS STATE BANK,150249,131462,2710,1.8410376115152487,15.67,0.09705371466871503,1.43761356148793,1739,74,12.867549282253199,19837,17.97240844928073,2870,145,4.913370979731472,118726,0,5211,49593,17479,121596,120,3
19742,FIRST WESTROADS BANK INC,354389,308265,4674,1.3701874876143727,11.17,-0.0035789411523653673,0,820,0,10.943316284840964,39776,0,4787,0,3.806310598804851,233270,0,211,95229,37918,238057,0,8
19744,CITIZENS B&T CO OF VIVIAN LA,156907,141395,129,0.07923852392757721,1.35,0.07473304494042914,1.7188525687190501,1694,477,10.871880932402597,18269,0,572,19,2.964717025811035,68414,0,2418,23529,9316,68986,67,15
19755,SOUTH LAFOURCHE B&T CO,176102,139267,2320,1.3339558460614953,13.36,0.20040989495496447,1.3077648181167734,307,0,11.56515034695451,20400,0,3361,0,4.440499474896184,126285,0,6460,23367,17927,129646,3066,2801
19772,INCREDIBLEBANK,2004363,1743164,14123,0.7127912902890098,10.26,0.15089289318337776,0.9239843281880578,13246,0,7.9077675709954764,157990,11.0507305164413,19640,4690,3.360691609610009,1471861,0,94160,486236,136315,1491501,2655,442
19788,PEOPLES BANK,1098041,995010,15734,1.4695182830527203,17.08,0.031859048554359136,0,167,0,10.245781438145672,112487,14.644555239019347,5378,926,4.063603884058907,703856,0,10696,196802,97625,709234,334,116
19795,ABBYBANK,658153,542545,2681,0.41165962551104296,6.59,0.13795790970965732,0.7420766903744267,3607,42,8.498983786540323,57331,12.970408911372946,4721,300,2.700703501788979,424989,0,611,160089,41818,429710,606,7
19796,MIDLAND COMMUNITY BANK,65625,56726,434,0.6312213114277236,5.11,0.18748637453673425,0.3687619047619048,1040,213,15.0919531874682,10381,21.3265572585019,236,8,3.479096704379551,43150,0,716,2454,8478,43386,86,0
19800,PLAQUEMINE BANK&TRUST CO,206204,182131,1190,0.5938953546403689,5.31,0.1783505584457096,0.022308005664293612,0,0,12.710993081855241,24602,25.737321664069057,1159,0,3.1256398577583147,84993,0,4716,22151,22817,86152,165,11
19809,HERSHEY BANK,121114,86656,1491,1.4101851116231032,10.07,0,1.3664811665042853,51,11,12.360973122202976,14059,0,1479,146,4.546322003952253,100839,0,1357,15334,15047,102318,0,0
19819,SOUTHEAST FIRST NB,60798,52826,325,0.5257317376970686,4.34,0.25922502986723167,0.04440935557090694,38,0,12.600765738841051,7800,0,328,81,2.9845888514953143,17245,48,592,4071,7743,17573,50,4
19827,PIONEER TRUST BANK NA,700401,601621,13042,1.9154387121296235,13.59,1.2648536226192446,0.49143276494465316,0,0,13.966868645865487,99092,17.995349497434788,7370,5250,3.8055980276726196,523335,1417,164,260548,98359,530705,6839,69
19836,FRANKLIN SAVINGS BANK,725956,546072,4411,0.6357831620519178,3.58,0.06719556817016038,0.7837940591440804,5473,115,18.994610606811506,134528,23.40273154592588,4463,393,3.668144620639661,616812,0,3562,242275,126418,621275,438,45
19850,WEST GATE BANK,1302261,953611,8473,0.6609102293115909,6.27,0.01126094115228947,0.10627669875700801,1049,4,11.52692817959689,148225,0,9916,100,3.3794652696509857,917498,0,250,218309,133804,927414,128,25
19899,KS STATEBANK,2481584,2043620,36248,1.478736432609549,11.62,0.1372537213092586,0.9107489409989749,22860,406,13.321835236113996,327810,0,35581,2646,2.941567879731348,1974168,3490,2189,713417,328560,2009749,3265,557
19904,CENTINEL BANK OF TAOS,429607,400883,7078,1.6998250222504647,29.89,0.007104533260582912,0.016759503453156025,447,72,8.637683076319885,36571,25.876446102281324,1671,0,3.2373664502812676,137198,914,1196,26841,24712,138869,10,0
19977,ISRAEL DISCOUNT BANK OF NY,13856139,12074083,89213,0.701533482852475,7.09,0.15087939463284997,0.3437249005657348,29759,1016,10.54513702608805,1425054,14.644191231878818,74585,2458,2.7705954871331935,9237748,1102,14840,3571310,1310749,9312333,17853,4814
19978,PENNSVILLE NATIONAL BANK,282542,259207,2897,1.0328619081098733,14.64,0.24209254419810086,0.3203063615320908,517,216,8.867257269414875,24823,21.29937578845618,1166,450,3.207954274333254,102614,682,7257,5416,21828,103780,253,29
20015,BESSEMER TRUST CO,903519,775432,35479,5.594704875730344,31.61,0,0,0,0,16.582672523490803,115330,39.28548314024982,0,0,2.7537232589557687,265998,0,177148,0,114220,265998,0,0
20026,EASTERN NATIONAL BANK,131189,115672,-5162,-3.2291724010229257,-37.69,-0.1574489788033105,2.1785363102089352,1252,0,8.02408155084042,11209,13.202840145845327,1360,-1150,3.1963029270761343,93094,0,86,46518,11142,94454,0,163
20093,ALL AMERICA BANK,595416,531196,4600,0.7546726541738811,7.52,0.5743629837876635,3.161319144933962,14258,117,10.51796138719695,62286,13.689457466205218,6243,3288,3.677567729712336,485404,0,5845,152939,61630,491647,3616,748
20099,TEXAS EXCHANGE BANK,4430627,2728331,149288,4.104171305880186,37.74,-0.0003403310502224829,0.3353927107833722,0,0,12.646166481155237,404357,23.73172412004605,15198,452,4.52901533418044,1167500,0,0,59309,386673,1182698,0,4
20100,TOWER COMMUNITY BANK,387505,339139,4167,1.045296691674853,11.54,0.106876216800171,0.7323776467400421,2620,1440,9.255806628599297,36439,0,3258,1000,4.362352634059037,295583,0,3189,61496,37451,298841,346,13
20130,BANKFIRST,1128607,714729,22703,2.0662277741494637,14.2,-0.19469434725822843,1.4592324874823566,10793,0,14.249806287482814,159077,18.67376253944332,11893,200,4.236392002886548,718783,0,227,175169,172877,730676,720,2064
20156,KIRKPATRICK BANK,993133,836029,9061,0.9123010929892665,13.49,-0.1458425544832171,0,76,0,10.313724252742661,107860,14.74315301812236,16396,0,3.18861707525733,716692,0,1432,400756,69098,733088,36,1068
20161,CITIZENS BANK OF LAS CRUCES,1046091,938683,21231,2.0723615433885993,22.49,0.024733846653582033,0.0010515337575794075,438,11,10.303087725172498,112006,15.311448656791363,10088,851,4.253283687501086,697094,802,694,297968,98829,707182,174,1
20162,ASCENT BANK,105290,93787,816,0.8188463097727703,9.66,0,0.28777661696267454,8,0,8.943516141653387,9372,14.315173470809532,1206,254,4.0108091519759945,78125,0,1283,24027,9284,79331,0,0
20164,SUNWEST BANK,3491626,2843931,45262,1.3708281162292155,15.89,0.0002371601682540719,0.2640030747852147,10415,0,9.383867894364961,320200,10.81899000931492,49062,7263,4.728947238428733,2791081,0,155584,1689438,309545,2840143,70,64
20179,FIRST INDEPENDENCE BANK,644122,491821,5933,0.9401304995574271,11.75,0.08965160606304716,0.40691049211174285,1087,1139,9.963053287965302,68224,0,5359,650,3.417086391327289,378127,0,33196,66800,54991,383486,366,21
20198,SOUTH GEORGIA BANKING CO,574333,504740,8578,1.5034262625327877,12.59,0.03090223732198211,0.16471280598537782,1230,99,12.742123474776907,69967,18.69702161405924,4791,150,5.093936879774188,324162,0,8051,105180,67340,328953,156,53
20215,BCBANK INC,225617,201194,1313,0.5970819834945258,6.45,0.007623676559071178,0.19635045231520673,482,0,10.425493052492772,23402,0,1610,46,3.097212314001583,172361,0,2627,79811,20991,173971,23,10
20231,PINNACLE BANK,2681387,2357396,17005,0.6281494278280871,5.6,0.4369668860975765,1.1834173880905665,5255,20,9.619272230791664,253001,14.945007026864646,20253,6300,2.6591670555469378,1699114,661,6462,724096,305875,1719367,7410,77
20234,CITY NB OF FLORIDA,26506696,20859402,88452,0.3371763606115586,3.61,0.15715740752979104,0.5493366657240117,144999,7042,10.571650539120197,2828090,15.075866621596647,186256,79915,2.1046112111733484,18198102,0,31089,7445045,2522118,18384358,31596,3559
20239,BANK OF CADIZ&TRUST CO,132220,130153,1060,0.7876812595766435,91.07,0.014773099957748932,0,0,0,9.212233935499095,13274,19.013095720264612,809,60,3.3707026123541053,67802,0,2326,9402,1164,68611,10,0
20241,AMERICAN BANK NATIONAL ASSN,2525283,2258530,37552,1.5019433832298614,16.2,0.139437259707635,0.23918111356232152,2474,907,10.097233522069732,256778,14.640873608552102,18055,3332,3.863428985737047,1706114,0,6390,701145,246341,1724169,2562,193
20268,SCALE BANK,530320,413879,8112,1.5112246433942047,7.5,0.9118294237530347,0.062415145572484544,1899,124,14.854273234587016,77912,0,3736,3786,5.955051546896796,362744,0,636,64948,107462,366480,3636,267
20279,COMMUNITY STATE BANK,348542,324263,2881,0.8199007353778203,12.72,0.175537363264604,1.971641868124932,1005,0,9.404932283230636,32923,14.133224816878482,3424,343,4.114150241521776,253175,0,8581,41305,23026,256599,618,169
20296,JOHNSON BANK,6744404,5374888,58044,0.8960899945818388,7.2,0.21047666136531734,0.13446703370675897,8514,124,12.38841083029399,821589,16.749735572679413,80846,10000,3.4313684804830533,4971559,18093,7126,1405515,818850,5052405,11551,1285
20311,AMERICAN BANK,653357,584430,7815,1.2495063530562942,17.86,-0.010676688518289169,0.7740025743965397,152,0,9.471859628849677,62295,14.882245485074218,6562,-100,3.693448077477905,394926,0,315,157055,45790,401488,30,73
20353,GULF COAST BANK,495122,434006,5771,1.1631619300385612,10.28,0.1059686065495953,0.6402462423402717,4737,2,14.27910791733829,75032,0,3212,635,4.512498459575479,295824,0,7765,137251,56447,299036,669,352
20369,HEARTLAND BANK&TRUST CO,5029359,4334433,78684,1.5656457323598223,13.32,0.051757524183835654,0.15840984904835786,3918,4,11.979539935953271,596071,16.107639425402944,42044,3031,4.111116017179359,3425688,6450,3097,1221881,618914,3467732,3284,1526
20387,BANK OF THE ORIENT,965014,807732,7641,0.8204772920748831,5.92,0,0.46465647130507953,6092,0,13.689656922294613,132185,0,13709,0,3.62832589935308,782625,0,0,503255,130602,796334,0,0
20429,LIBERTY BANK,206925,183832,2677,1.329929931521277,12.25,0.03558550009489467,0.13579799444243085,1402,36,11.567883574849182,24180,0,1456,220,4.444347814097825,139771,0,8286,30833,22389,141227,58,10
20454,CITIZENS BANK OF EDINBURG,31852,28825,273,0.8793686583990981,9.98,0,0,417,0,9.504755455692695,3088,0,151,0,3.1378377820441368,9147,0,465,4912,2831,9298,0,0
20468,FIRSTSTATE BANK,333016,313887,3485,1.087685897535931,18.94,0.11500081374844816,0.22881783457851876,939,583,11.057034483953098,38304,0,2064,231,3.708110987132855,148478,0,11565,12246,17288,150542,290,119
20479,FIRST SECURITY BK OF ROUNDUP,88926,78591,1458,1.7462248965200062,16.09,-0.011451955230489684,1.9724265119312685,471,138,12.569294508957226,10770,27.99016930638995,634,40,3.9161150922414816,25226,0,2025,818,9857,25860,0,3
20484,BENCHMARK COMMUNITY BANK,1223574,1105078,16042,1.3426514897890862,15.23,0.01124855844992762,0.31179152221279627,5218,2466,9.275633203561306,114934,12.932674340875955,7824,917,4.3692909784994445,989077,1237,7926,252269,109992,996901,190,83
20488,FIVE POINTS BANK,2097119,1933025,20625,1.0069630580040017,16.39,-0.00900682953371391,0.03418976224048326,1230,717,9.828797562623667,202917,15.034832525597944,17606,657,2.4785635852173646,1187077,0,5638,374777,130860,1204683,23,130
20504,AMERIS BANK,26175081,21865242,392051,1.5125003776901143,10.61,0.1835216827110975,0.46755920258661277,134677,17733,11.165781945302983,2834667,14.74677231546907,338084,58793,3.706869414243667,20930421,0,119718,6850323,3790103,21268505,68114,29257
20537,AMERICAN BANK&TRUST CO,305431,255991,4962,1.6361118438406752,12.15,-0.0042526512242775346,0.019644371396485623,0,0,14.319517022219724,45872,0,1121,160,4.41983138108713,183113,0,427,57717,43999,184234,61,68
20568,LUMBEE GUARANTY BANK,519894,466099,3849,0.74205972954246,8.74,-0.0014605576409072983,0.1629178255567481,696,0,11.116832920591571,57639,0,1424,-323,2.8732259541349316,216546,0,5307,82511,45132,217970,6,9
20624,BYLINE BANK,9477985,7495784,130464,1.3946496269923712,11.28,0.46735526949495704,0.709496797051272,35130,0,11.919461339224132,1087350,14.066912467828027,97988,27041,4.18066665733508,6812034,0,1490,2355607,1191298,6910022,36351,4367
20657,FIRST SECURITY BK DEER LODGE,81714,72904,2074,2.419053839693944,24.72,0.006553045593470023,0,586,0,10.017603376117698,8593,0,680,-16,4.07153257347597,71468,0,210,7793,8593,72148,5,0
20666,NORTHWEST BANK OF ROCKFORD,465054,406770,4860,1.103703629686085,13.85,0.10167115916014781,2.5437906135631563,2022,8,9.442825865843778,43820,0,5281,812,3.6425907839184637,345234,0,3617,107930,37170,350515,357,21
20698,SOUTHERN HERITAGE BANK,385258,345075,4808,1.2676416539454292,15.16,0.03421420498594961,1.0426778937750805,4125,94,10.38600105624781,39725,0,2033,285,3.9967296696040524,273491,879,7264,73618,32155,275524,195,104
20720,TENNESSEE STATE BANK,932333,839969,11060,1.1411913749044795,15.23,0.06588779493255123,0.009760461122796254,1436,20,8.998640707538206,86657,13.803998228706607,7110,450,3.952395740592812,652934,2058,22741,276989,74501,660044,576,148
20727,DALLAS CAPITAL BANK NA,1100093,928725,5656,0.49882525593898386,4.34,-0.024104747354300193,0.0019089295177771334,0,0,10.21159619425402,116977,0,7240,100,2.615202050177964,826349,0,0,308223,126358,833589,0,207
20741,PIONEER BANK NATIONAL ASSN,1979724,1638365,17355,0.7280312022721118,6.18,0.01245974264438,0.2650369445437849,8586,1,12.066281545177299,231140,19.242949581845853,21754,1050,3.087957223508877,1434575,0,6245,293451,250267,1456329,439,268
20776,BORDER BANK,976930,866418,2897,0.3018376778023967,3.6,0.0667476337211053,1.3373527274216166,3400,0,8.717973732668318,85788,11.660942903950003,10171,1340,3.0733219214478167,790648,0,21008,239581,82018,800819,782,250
20818,CITIZENS TRI-COUNTY BANK,1484933,1352781,24599,1.7369422529367522,21.99,0.054162838865223446,0.503322372120493,11339,368,9.146782454576186,135831,0,17798,196,3.5672627969172006,922531,980,61295,213923,117757,940329,1019,528
20845,WALLIS BANK,1249040,1087853,36337,2.8857472184865713,28.56,0.09419220055993954,2.81416127585986,2891,0,10.054506574742856,128221,12.533570506783859,7867,1350,5.8655248084994085,990780,391,3536,627291,130207,998647,1134,209
20856,LIBERTY BANK&TRUST CO,1076349,939505,12956,1.2183532370524577,11.82,0.3077103372014269,0.5757426262299682,5467,143,11.135196434298038,119793,19.707589268510738,8059,2400,4.055439024395164,622399,6870,6295,222794,111771,630458,2075,195
20872,CITIZENS GUARANTY BANK,284415,251478,3096,1.086449975575931,14.63,0.19678856800107686,1.657788794543185,2173,5,8.001606537910803,22911,12.036300476820319,3017,515,4.756239479645062,257343,0,11123,27484,22335,260360,596,96
20884,BANK OF GUAM,2564023,2317277,24217,0.9488155966681554,12.7,0.6215699341549957,1.9242417092202373,10231,952,9.791790839043339,254312,15.682673574588652,27073,6706,5.084646663747454,1618974,13699,171161,729519,199646,1646047,13507,3570
20954,CITIZENS NATIONAL BANK,1929134,1754568,27350,1.516891516022978,18.62,0.01141266083669909,0.004146938470837174,1416,77,10.027492192498446,192619,14.803242568755937,13616,726,3.0535166603957244,1219111,1569,3396,606314,149776,1232727,214,78
20989,INDEPENDENCE BANK,1239179,1086514,17516,1.4339957527004081,13.03,0.04683932683411651,0.10458537467145587,4119,42,12.758501243514846,163904,17.140359992036863,12598,417,3.7131321065588687,905744,733,13715,267731,140274,918342,527,107
20993,HARDIN COUNTY BANK,627199,562838,7036,1.157643921497395,13.06,0.4839739240343377,0.3203130107031421,1295,0,10.260498207010135,64293,0,4042,1956,4.006604973156259,500114,0,10847,119469,53056,504156,2376,15
21031,BANK OF TAMPA,2982268,2711164,32524,1.0831648395448017,14.08,0.03847272353640345,0.10079577019905656,1183,0,9.893419056934137,304161,15.818041644917527,23706,3575,3.4219286694714612,1748842,2504,6395,801535,241730,1772548,1267,605
21050,FIRST STB OF THE SOUTH INC,126231,104986,1071,0.8482268020661569,6.33,0.01807260587261113,0.437293533284217,976,469,15.858974461516311,19828,0,615,14,3.578494071223806,60856,0,4976,12377,16941,61471,14,3
21074,TEXAS BANK,852500,728751,9874,1.1736472568342904,11.6,0.1337687288009575,0.16586510263929619,22143,1005,10.331405873934445,89371,0,6738,1103,3.9008111343324394,651747,0,15157,181054,85663,658485,1312,461
21083,UNITED MISSISSIPPI BANK,494004,389884,4241,0.913344870925698,7.85,0.06315732012382642,0.19635468538716283,4895,344,12.545676257470998,60495,0,2949,20,3.907010716385343,341115,0,9226,135416,55686,344064,347,148
21085,BANK OF ONTARIO,81794,67896,2083,2.5443085905532006,21.85,0.15216068167985394,2.836393867520845,2284,0,12.827276042299745,10553,0,1188,144,5.3992355757314865,68963,0,1949,10220,10204,70151,138,31
21121,WESTERN STATE BANK,766839,686598,17427,2.367805990724429,26.17,0.042862411658575975,0.5110590358602002,528,0,10.499568287124065,80988,14.505788606661026,10862,1750,4.652625903361053,526910,0,2230,54935,70083,537772,703,488
21161,BANK OF THE BLUEGRASS&TR CO,375309,325735,4198,1.1454584944560682,14.15,0.02013945131503424,0.02531247585323027,5,0,10.413059543214784,39032,0,5002,100,3.1178459646288124,285146,0,552,121782,30457,290148,95,39
21219,BANK OF THE MOUNTAINS INC,92703,81734,807,0.9023454272219835,9.19,0.1219596610180665,0.8219798712015792,354,1,9.895731508634736,9111,15.548407343480308,927,195,4.971878515185601,61059,167,12146,6414,9025,61986,105,31
21227,CBBC BANK,488851,423880,6031,1.2305094525406113,11.79,0.008812658963125535,0.03845752591280369,22,0,13.777789996517658,75173,22.649307472916583,4938,140,3.57491153039904,263687,0,681,165404,51329,268625,29,6
21247,FIRST KENTUCKY BANK INC,576248,509029,5109,0.8905518876771604,14.08,0.01137305790819895,0.10898085546500812,545,0,8.907623081443496,52598,14.496585541113932,4628,44,2.9144296328144836,345901,0,34357,84989,36805,350529,62,22
21255,LAKESIDE BANK OF SALINA,49337,43080,864,1.6907229406055293,14.31,1.5741994420971925,1.911344427103391,1568,46,11.279155609649036,5653,0,755,295,6.057708652048275,35170,0,13049,2571,5653,35925,599,20
21265,BRADESCO BANK,5404455,4713861,32962,0.7146639936617312,6.54,-0.004569255413469286,0.12824604886154106,22848,91,10.993268911476683,526383,18.193108950930725,36634,3168,2.4811417770096647,3670214,2659,40819,210043,521394,3706848,0,156
21284,BANK OF PENSACOLA,144873,130117,557,0.38127703849734407,4.44,0.0014431430501116993,0,0,0,8.844044292662733,12819,19.320382736391757,548,0,2.2865132964473083,70899,0,108,15847,12819,71447,3,2
21292,PEOPLESSOUTH BANK,1109001,1051782,12560,1.1238018000155328,24.52,0.13599958623968245,0.8014420185374044,7115,11,9.442790553243482,111905,0,10035,580,3.682693653582418,755138,0,10401,254071,50711,765173,1092,77
21329,NBT FINANCIAL BANK,491486,435427,5381,1.1341883271133189,10.83,-0.08804796176430207,2.0967026527713912,9899,204,11.079417230176189,54495,13.969337195163224,5124,398,4.647688697636652,435421,0,4351,117451,53660,440545,90,444
21342,SONATA BANK,218314,195664,-4403,-2.5570145127850727,-26.43,0.30760279338033447,0.28445266909130884,589,267,9.581015504793466,19428,13.243661081449861,1596,1218,3.3209710464836855,183414,0,17341,56669,19393,185010,461,0
21379,FIRST NATURALSTATE BANK,95229,81773,646,0.6751107766909121,4.86,0.03288833979660707,0.00735070199204024,1512,7,14.827824901075513,14352,26.05271339251788,1389,0,3.857262545197989,70416,0,2194,6449,13356,71805,24,1
21448,HOLLADAY BANK&TRUST,64567,52804,690,1.093585565938455,6.15,0.11036969248244433,0.0371706909102173,37,0,17.137730611744136,11175,0,614,-220,4.928471592814292,40007,25,235,13575,11175,40621,50,2
21455,FIDELITY BANK OF TEXAS,126774,97125,-80,-0.06508764050794395,-0.33,0.00828264355477809,0,777,0,12.71622760537054,15239,0,405,426,4.640639264260034,73485,0,1661,23059,23734,73890,5,0
21486,CROSSROADS BANK,218856,187948,2231,1.0145917484722005,7.94,0,0.00045692144606499245,29,0,15.510083962419793,34784,0,1377,-23,2.667059918135134,138326,0,1568,90581,28166,139703,0,0
21525,CORNERSTONE STATE BANK,236919,216249,1257,0.5461432381210587,8.85,0.10903627509427391,0.5571524445063503,1701,0,10.086905736272143,24525,0,1521,220,2.5555732444049704,148324,0,6159,26274,14350,149845,193,39
21526,WEST CENTRAL GEORGIA BANK,148739,114240,2074,1.3975891923363055,6.09,0.010167945406848546,0,739,0,23.97740943724101,35875,0,1616,292,4.440171516488233,75112,391,3326,17417,31863,76728,21,14
21529,BANK OF OAK RIDGE,110094,92365,373,0.35681624250494565,2.58,0.006173494963662808,0,365,0,13.963066294672513,14714,18.50364226212404,848,107,3.6391485983955087,88005,0,1402,28660,14582,88853,5,0
21557,THREE RIVERS BANK OF MONTANA,323963,282778,1592,0.49992934415676177,5.61,0.0351699314065062,0.44789065417964397,363,0,9.837052297153068,31706,0,3196,193,3.7933560904803563,260986,553,1429,79526,29318,264182,138,51
21567,AMERICAN BANK NATIONAL ASSN,557293,455797,7310,1.422029592221829,12.61,1.1970389302013564,0.3418309578623812,8160,1627,11.095293239847305,61415,0,5508,5709,5.214667473244383,391686,0,640,185448,62260,397194,4724,445
21573,BANK OF TENNESSEE,1929305,1732422,21141,1.1205960907569932,13.33,0.04677353671690105,0.1693874218954494,9505,0,9.48692415556886,182061,12.474869650104809,15362,460,3.4174801287113996,1550604,0,2283,568426,162723,1565966,1086,367
21591,BANK OF GREENE COUNTY,2965987,2486073,28618,1.0023336181532712,12,0.09447816205722291,0.13702015551652788,3250,0,9.343362605104039,268378,17.269561708853203,20191,1369,2.009522536917477,1531435,0,2169,582683,250435,1551626,1619,204
21606,HCN BANK,939572,827573,22176,2.2755360582576634,21.91,0.0027004793208664046,0,0,0,10.852130301148437,110266,15.789334890963676,9634,-106,3.9542907679188626,684223,0,248,655436,104096,693857,28,9
21635,BANK OF BOURBONNAIS,73702,64007,488,0.5985512116982419,5.56,0.0018336713400836887,0,0,0,12.086401963923578,9059,18.530381894793038,1003,0,3.0563522147981272,55051,0,109,33360,9060,56054,2,1
21692,PEOPLES BANK OF GRACEVILLE,114044,106220,830,0.7096321882320754,13.91,0.010026319087604962,0.0017537090947353654,293,2,10.551030695354575,11931,29.95048303315695,373,0,2.1119701552380867,39410,0,1647,3677,6392,39783,8,4
21693,LAKESIDE BANK,307991,240739,6188,1.7752378985176707,14.38,0.5122483628425903,0.07143065868807855,551,0,11.741686545957009,45037,0,2436,1103,3.7118870327152576,212703,0,124,71679,46824,215139,1249,193
21714,PREMIER BANK,1136616,988732,15102,1.3859015398722458,14.84,-0.000239342841147917,0.04891713648233001,40,0,10.094347635165049,111720,13.717523681782017,11871,544,3.5497984692102476,828942,0,1943,452609,104140,840813,13,15
21716,CITIZENS BUSINESS BANK,15160648,12004758,206511,1.3031779997610105,9.76,0.04279160859316237,0.31065954436776055,487,0,11.296879751404527,1704433,16.824814596848203,80122,-4250,3.1609005591758104,8456310,0,5401,5498763,2162877,8536432,4408,688
21721,HERITAGE BANK OF SCHAUMBURG,145320,124261,1099,0.7750024681607267,5.53,0,0,0,0,10.175158078348717,14000,22.902168197704988,899,0,2.989948130266342,74600,0,0,2834,20386,75499,0,0
21728,FARMERS&MERCHANTS STATE BANK,147025,105074,1015,0.699701782274865,5.79,0.28346456692913385,0.37680666553307257,514,154,14.04399323181049,20667,0,747,80,2.4627796771102615,76026,153,1699,2829,17644,76773,211,4
21752,FIRST STATE BANK,78578,69965,1251,1.5522825129356876,15.77,0.16453089890281397,0.15144187940644965,45,30,13.755477929501428,10829,0,1221,38,4.345251140122936,42429,0,1760,16404,8107,43650,112,42
21761,JPMORGAN CHASE BANK DEARBORN,68139,500,2759,4.128929142248269,4.16,0,0,0,0,99.68461232369977,67639,507.8003003003003,0,0,5.963934426229509,0,0,0,0,67639,0,0,0
21784,FIRST PORT CITY BANK,558805,506720,5668,1.0635120063525518,12.34,0.016227916311680995,0.653179552795698,492,0,9.408927284523273,52354,13.586404642363215,5719,457,3.8998984195809725,439612,0,5921,164980,48423,445331,117,49
21805,FIRST STATE BANK OF DEQUEEN,412161,362502,4354,1.1658719243902333,19.77,0.4676137459905281,0.8486974750158311,2444,273,8.231638188843887,34489,0,3642,529,3.1757070137202206,247809,0,3861,30176,21562,251451,1198,88
21807,LOVELADY STATE BANK,52247,45444,672,1.3199971714346326,11.44,0.140805406927626,0.9608207169789653,943,16,11.913940107479918,6274,23.127537449251015,334,20,5.11618903564451,22727,0,4950,3177,5928,23061,37,5
21843,MIZUHO BANK USA,8367264,6970697,114122,1.654619367806711,9.55,0,0,0,0,14.205617148787796,1254583,24.900540506567783,4642,-10588,2.806315375960819,2511603,0,0,0,1250147,2516245,0,0
21848,QUAIL CREEK BANK,780999,703974,14751,1.879693020427501,20.29,0.0006645882775932068,0.274520197849165,1570,788,9.572918859847004,76385,15.246110975741574,7619,1200,4.338378729250398,595964,0,877,250374,73658,603583,20,16
21868,BESSEMER TRUST CO NA,3838145,2904244,120671,3.941446922015786,33.4,0,0,0,0,8.493632710121966,303173,20.182510882684035,0,0,1.7592658325848256,798390,0,527045,0,360474,798390,0,0
21874,FIRST PEOPLES BANK OF TN,215783,190794,1057,0.49802955572182717,6.18,-0.20005670672118572,0.013902856110073546,52,0,10.749659716563913,22824,15.389760804667468,2412,-119,3.115183700387012,142308,0,6002,66355,17763,144720,4,282
21883,TRUPOINT BANK,511131,445020,3678,0.7019839539981021,8.1,0.02223497433535702,0.1248212297825802,711,0,12.393787537868327,63289,0,3364,-175,3.0643820745998376,322975,0,60253,98502,46720,326339,108,35
21897,BANK STAR,186604,171200,1595,0.8549775776099866,11.07,0,0.19185012111208763,2092,98,8.085222616771375,15096,12.326436005956005,2067,142,3.7832375783122094,145582,0,913,31123,14887,147649,19,19
21906,PRIORITYONE BANK,1134496,944631,16162,1.437472950658265,13.81,0.16661196793091262,0.47871477731080586,14631,862,11.082325019712215,126918,0,12854,2523,4.204756731484579,884447,0,21434,346326,123923,897301,1920,463
21928,KIRKWOOD BANK&TRUST CO,351299,313817,3534,1.0387152145032155,11.68,-0.003591567000682398,0,504,0,9.287852278149717,32116,0,2617,175,3.041198275552769,200745,0,4420,63156,30260,203362,1,8
21943,TRI COUNTIES BANK,9671740,8099995,120833,1.2341988826318975,9.43,0.03902934175017807,0.48473180627270795,4986,60,12.021362181944948,1148328,15.596292464485021,125366,6632,3.8261071267082283,6643866,0,3116,3284450,1308545,6769232,4051,1413
21955,STRYV BANK,237955,213147,2383,1.0423692707964263,10.84,0,0,0,0,9.877138439541804,23764,11.909102236908295,1886,429,4.049652177113622,202495,0,821,85555,22759,204381,0,0
21956,MONTECITO BANK&TRUST,2110843,1810736,6186,0.2919277585922607,4,-0.0034114984316627674,0.16690014368666925,911,187,10.151988491555565,224062,0,14309,0,3.2314787733980963,1273848,1312,11687,549848,157110,1288157,477,520
21978,FRONTIER STATE BANK,535539,455216,8030,1.4977224546831711,12.9,-0.04204333422900511,0,1164,0,12.505634930983739,67134,0,5801,250,3.2096165896680433,424311,0,1328,201396,64306,430112,0,179
21988,COMMUNITY STB OF ROCK FALLS,324350,292157,2056,0.634995543294898,7.23,0.08517978257860498,2.036072144288577,4955,119,10.958167577380467,36278,19.377870980627122,4767,91,2.9963613710316683,203729,0,370,13789,28570,208496,208,32
21998,COVINGTON COUNTY BANK,99618,86198,1522,1.5314089767531716,12.9,0.022519614584302926,0.8843783252022727,5344,264,13.505004603641332,13641,21.02202643171806,675,62,4.528872792051714,69844,0,3205,14841,11764,70519,18,3
22015,ANDREW JOHNSON BANK,574178,520855,6072,1.059299118018343,12.99,0.0009638596022826123,0.041450560627540586,1543,3,10.15695715951023,60033,15.99411744486946,6680,403,3.6534195488499046,418326,0,2364,127440,49057,425006,4,0
22020,INSOUTH BANK,531153,476547,4842,0.939761337108423,11.89,0.013847911659387702,1.1659540659659269,2930,246,8.994126146382317,47682,0,5657,124,4.409467238828081,402650,0,4863,140847,41259,408307,120,65
22046,FIRST NATIONAL BANK USA,207528,177485,5083,2.501771862818443,18.54,0.007247112025857696,0.06216028680467214,64,35,13.900409917387368,28722,0,1428,-5,5.047022735550535,102663,517,552,27135,28454,104091,45,38
22065,GRAND BANK,625070,550698,6595,1.0783519577279492,11.89,0,0.07167197273905322,1015,306,10.195610206154395,65752,13.687094328492533,8749,220,3.723080885784437,505749,0,259,253377,56729,514498,0,0
22081,MAGNOLIA STATE BANK,456371,404988,4622,1.0117992163043716,9.76,0.1077774894721908,0.31772395704372103,4383,459,11.418717896830694,53042,16.49898632265905,3002,430,3.82202159396373,347438,1718,8275,95380,48789,350440,689,316
22086,MAIN BANK,259213,205077,4094,1.5859082714374588,16.62,-0.006148189819212479,0.17707445228441474,0,0,10.381944444444445,27508,14.668097351607083,2758,300,3.6419306832354774,195245,0,2,147518,25907,198003,0,12
22090,COFFEE COUNTY BANK,375405,322216,7090,1.9123842117443584,23.41,0.04967259822053384,0.2136359398516269,2413,0,9.334310446001455,34518,12.553909834267172,3945,297,4.157487466172473,321981,0,8334,59193,31852,325926,204,45
22092,FIRST NATIONAL CMTY BANK,649980,560593,12199,1.932017194462068,15.13,0.09232253348104938,0.17185144158281793,1667,0,13.339962592040155,84516,0,6306,1392,5.314992133424077,492650,0,4220,249006,86381,498956,559,118
22134,CACHE VALLEY BANK,3284205,2905329,54445,1.8063564637203864,16.3,0.08335311811035699,0.26727929590266136,2894,0,10.890911829128793,352178,14.547360507248442,30166,3000,4.335111245775063,2373622,1185,12818,1171904,351702,2403788,2725,747
22138,RABUN COUNTY BANK,332616,295744,5111,1.6181424446583252,15.4,0.002151446794182918,0.3719003295091036,472,0,10.344837860950456,34718,0,2961,-10,4.124972248302131,190318,0,5490,36195,34383,193279,8,4
22139,PROGRESSIVE BANK,763522,686135,2413,0.3008630642896864,3.7,0.020634854537288482,0.018859967361778706,1,0,9.154835875227516,72932,13.638880678903508,7610,-131,2.6392308481444435,559762,0,863,197231,67270,567372,145,34
22180,UNITED BANKERS BANK,1249756,671972,4102,0.3536118493589384,3.21,0.25056887006198797,0.15563037904999055,49,1,12.998070454265632,138297,17.694932585071218,11509,694,1.8298575811203093,706240,0,1217,255082,130969,717749,1885,39
22205,BARWICK BANKING CO,549343,494147,3313,0.668800313950573,8.39,0.008174228984428837,0.08337231929777934,2552,0,8.026216015254025,43609,10.205947150481695,4632,930,3.539998179441776,442842,0,2435,236736,43456,447474,33,0
22229,COMMONWEALTH NATIONAL BANK,66375,58099,34,0.050572059234755495,0.42,0.02901289830564674,0.5258003766478342,174,0,15.478440637920851,10482,36.23410857886483,554,-50,3.9290959637021685,24118,0,379,9308,8112,24672,19,12
22242,UNION BANK&TRUST CO,187868,168086,1766,0.9344983342011575,10.31,0,3.2357825707411587,0,0,10.615173924952067,19378,18.381072744787847,1937,180,3.8297260213340416,96681,0,10,71158,17748,98618,0,0
22257,COLONY BANK,3098615,2597225,25997,0.8551902981807148,8.86,0.1579891698239949,0.35544912807818974,8361,152,9.553802879046938,294474,15.292976657634929,18980,3050,2.8393298932434727,1863786,0,85879,869116,303120,1882766,3518,515
22263,AMERICAN STB OF GRYGLA,78691,72648,881,1.1711438659179851,15.86,0,0,277,0,10.135839841265803,7969,0,479,0,3.4867073659319696,39700,0,2317,3989,5711,40179,0,0
22271,FIRST NATIONAL BANK,356325,299623,8435,2.3482530222447906,15.61,0.23182518173438357,0.10243457517715569,2539,81,17.965477156581052,65528,0,1916,419,4.648576712456051,146882,0,17946,22519,55845,148798,463,127
22273,GUARANTY BANK INC,141796,118593,1533,1.0903752512557454,8.38,0.026346250928492874,1.215831194109848,2376,814,13.284490880710981,18894,19.275557208663557,1898,220,4.4967931716255976,116060,0,2312,52410,18651,117958,86,55
22282,FIRST NATIONS BANK,533563,447114,4273,0.8163663006742236,6.6,-0.0004668324855655395,0,140,0,12.979670348925499,66668,16.779787697243883,7789,0,2.7319556523504143,431326,0,1970,285421,66770,439115,0,2
22308,WEST MICHIGAN COMMUNITY BANK,1048484,940296,13738,1.3639855781708297,15.56,-0.00011426643916980405,0.8670613953097996,2961,0,9.178032293621147,96755,0,11179,1790,3.771026615729419,894691,0,3718,394789,89601,905870,14,15
22319,LEGACY BANK&TRUST CO,1878772,1603822,16707,0.9568479719943136,8.65,0.49288044472904424,0.2357390891497212,325,1506,11.18655398573161,199797,12.495447742333491,18196,6440,2.9343155847952573,1596482,0,2884,262908,202864,1614678,7392,29
22334,ONE COMMUNITY BANK,2168445,1691030,17987,0.8309855654199125,7.83,0.016609231870012654,0.3399671192951631,4862,0,11.052347117193348,240074,0,18228,1863,2.797164428378639,1801205,1660,2071,920204,235977,1819433,338,34
22340,PANHANDLE FIRST BANK,531446,432279,6501,1.2579387915351035,9.55,0.020894426314273344,1.3196072601920044,313,19,13.031087183719434,67580,16.494175008043065,5121,2061,4.232584475521809,373851,409,5164,101120,75073,378972,96,21
22354,COMMERCIAL BANK,2277375,1939717,34549,1.6718926721266953,16.13,0.017237614773785034,0.2587628300126242,7242,2,10.556909932979616,235442,13.450447408139388,18205,443,3.8276625654977,1776137,1854,10398,796134,238198,1794342,431,155
22355,PINNACLE BANK INC,55522,42358,511,0.9523845024117134,5.54,0.14216046826422069,1.154497316379093,1279,8,15.892320050813577,8507,0,559,20,4.436283820860242,30265,0,2141,8102,9334,30824,52,6
22358,CITIZENS BANK,121847,111736,1183,1.0030830176264496,11.53,0.03353436756762335,0.4013229706106839,715,340,11.967555530270397,14725,25.34695770262661,580,36,3.06351437326931,38093,0,3422,3072,9632,38673,22,9
22366,GBC INTERNATIONAL BANK,670708,534614,4168,0.6429977269845227,4.41,0.09978858643203534,1.0709578534921307,1919,0,14.6811437214789,97448,0,5418,-335,2.9523607227103073,455170,0,0,366540,96751,460588,547,85
22373,AMERICAN NATIONAL BANK&TRUST,2284059,2035318,15916,0.718567632311525,7.36,0.21704529856870422,0.8225706954154862,21666,334,9.966090318306433,228655,13.426276308327889,19018,2800,2.710821964380373,1759720,0,5234,850324,228117,1778738,3742,26
22381,ANAHUAC NATIONAL BANK,233509,224466,1473,0.5942161349245794,17.53,-0.0671423130857066,0.017986458766043278,882,2,10.272949454914333,24001,19.8922351881614,2355,115,3.2368659613544155,86011,0,4351,38421,1014,88366,20,81
22394,PEOPLES COMMUNITY BANK,693448,572413,15514,2.2732880883455375,13.38,0.08092351320636551,0.6962310079486854,10083,38,18.447215643779515,126656,0,5123,765,4.130527197396055,451373,0,11133,81962,119399,456496,896,528
22396,CENTRAL NATIONAL BANK,1293302,1153625,22761,1.8377692463959185,20.93,0.007685258137839996,0.03649572953571556,2557,422,9.888124296719466,127946,14.305449840934923,12412,796,3.5461755407754363,1021036,0,5963,269828,112825,1033448,123,46
22398,MODERN BANK NATIONAL ASSN,778333,614120,2771,0.31839778465922475,3.2,0.1216528634719957,4.480344531196801,0,0,10.69881326492706,85249,16.728660977349836,8042,44,2.696032339074329,526575,0,0,38849,87063,534617,741,0
22430,WASHITA STATE BANK,41744,35102,734,1.5610909771493713,11.13,0.12029261177815036,1.0348792640858566,1126,163,15.373883928571427,6612,0,388,60,4.312859312169077,27865,0,262,5203,6562,28253,32,0
22434,BANKCHAMPAIGN NATIONAL ASSN,245190,192270,5401,2.3883984243026726,19.94,-0.0005439932805949981,0.2752967086749052,170,0,13.457253663120833,30501,16.084728623378645,3226,118,3.998083091613807,193641,0,106,64023,28882,196867,0,1
22447,WRAY STATE BANK,266909,238338,2877,1.1181482811530803,11.54,0.004334708880951556,2.0984680171893793,3379,2223,9.595886936176335,25346,0,2900,360,3.946502776595843,188378,0,4425,20041,25586,191278,122,114
22448,FIRST STATE BANK,86009,79404,174,0.2153358744616603,2.72,0.12941309076032279,1.7544675557209128,859,0,9.943194832562188,8682,0,755,167,3.2347721697374605,49861,0,2466,12709,6387,50616,65,3
22451,VOLUNTEER STATE BANK,1561779,1331319,7714,0.4794814390211369,4.1,0.040621936353405046,0.24228780128302402,4896,0,9.436307544852788,144923,13.03013194211038,11725,-294,3.114325513271572,1090447,0,11511,357235,190710,1102172,952,504
22460,MONTEREY COUNTY BANK,226657,172374,-1561,-0.7439242217151527,-9.58,0.013870048739351269,2.3789249835654758,13,6,10.249355498266514,23059,0,5033,954,1.4325023144468236,80617,93,0,55973,29085,85650,11,1
22502,FIRST CITIZENS BANK OF BUTTE,75240,52572,942,1.1974860420416755,11.44,0,0,427,0,11.827507598784194,9339,0,673,-7,4.38005480738699,34699,0,759,9662,8430,35372,0,0
22514,UTAH INDEPENDENT BANK,152055,129686,4450,3.0814571068095353,22.43,0.07037669123986136,2.2005195488474563,2961,0,14.003987767427247,21843,0,1194,280,6.5502579717115985,94576,0,1308,24430,20550,95770,111,47
22526,SPRING HILL STATE BANK,239370,196679,3149,1.3396055289250994,9.35,0.16838864762384295,0.47666791995655255,3976,417,14.612097577165617,35221,27.256831729917963,4107,514,4.265591955628267,177711,0,7424,38678,35086,181818,490,185
22536,FIRST SECURE BANK&TRUST CO,394388,354860,673,0.18013908986130092,1.82,0.08136730023297828,4.566315405134031,9892,10516,9.847364550007406,37890,14.698348800341995,3369,0,2.6345932918617905,286502,0,3305,131930,37581,289871,421,184
22537,PEOPLES BANK OF ALABAMA,1352190,1219405,24541,1.856710463778901,22.09,0.09604914012875214,0.1264615179819404,12221,0,10.318445609582541,142542,15.893275274206136,15332,1602,4.6695472020891,859605,0,9327,374798,118752,874937,2000,1170
22549,FIRST PROGRESSIVE BANK,32651,23878,151,0.45724598622811424,1.74,0,0.30320663991914487,410,0,26.89758851322329,8767,0,122,15,3.3534516876802174,10482,0,313,330,8767,10604,0,0
22559,BRAVERA BANK,3393055,3014370,35432,1.093594153110836,12.19,0.047389556484542024,0.8528302665297203,12719,395,9.242614445723724,309304,12.416544402499134,27622,4004,3.0239193451833364,2297324,2528,27423,506972,300805,2324946,2977,1932
22567,COMMUNITY STATE BANK,115250,94274,1405,1.2973270446058895,11.83,0.09716530776055089,0.15704989154013013,1765,0,12.328141832058282,13504,0,916,168,3.371017991071515,76082,137,2674,3043,12666,76998,72,3
22578,BRIGHTON BANK,307875,266652,6791,2.2671641452213613,23.67,-0.0004992242055845217,1.1637840032480715,0,0,11.364601838263692,35313,0,2669,8,4.952756686310064,210754,0,54,116000,28616,213423,1,2
22597,BANK OF THE SIERRA,3607133,2904735,46221,1.2658478836505562,11.12,0.1465234428078544,0.545252975146744,1348,0,11.799869916984184,429604,0,24830,4792,3.7520374340334666,2306604,0,1215,1227443,424363,2331434,4860,1597
22598,FLORA BANK&TRUST,117711,111070,136,0.11727150595584038,2.12,0.015482112998782075,0.06541444724792075,556,0,8.765096416894643,10509,14.360484572652432,210,0,1.832352980229177,62219,0,11652,6079,6194,62429,11,2
22600,VALLEY BANK OF COMMERCE,278640,239304,10525,3.7570071306389017,29.71,0.9759842375270524,1.8794860752225095,1229,0,14.29657794676806,38728,25.063940191328726,2553,1280,6.303447431078174,145508,0,615,21695,38769,148061,1776,286
22601,CITIZENS BANK,185435,166950,5391,2.8712583365555764,30.74,0.011259844084276622,0.23512281931674173,172,0,9.348611826147877,17614,13.275793460213785,1736,130,6.5241329979599945,151353,0,1768,30178,17761,153089,25,8
22636,COMMUNITY BANK OF MARSHALL,233583,212749,2007,0.8669793609666626,12.03,-0.023729589973319688,0.01926510062804228,328,0,9.509432637496214,21670,18.267344285545445,1514,146,2.7540985439095436,99604,0,3367,14971,16731,101118,26,49
22639,BANK OF COMMERCE,201539,183410,2222,1.1310109772199528,13.08,0.01383497640148311,0.003473273163010633,873,0,10.709066266658308,22203,0,1790,0,3.7410857783692713,100650,0,2827,26590,17192,102440,15,1
22653,GREEN DOT BK DBA BONNEVILLE,4598459,4442410,57230,1.2986365246843732,50.06,45.79064943885314,0.059911374658336625,5161,0,7.286774204565773,362697,28.811094007063332,7510,26727,6.6568223691655755,76834,12917,1094,2493,96367,84344,28143,635
22657,CITIZENS STATE BANK,78026,68422,128,0.1591220441215593,1.94,0.1809805121971928,0.28323892035988,1309,0,11.318698227887056,8827,20.297192451837727,428,-28,3.8420267840967686,41532,0,4639,11145,6402,41960,104,23
22669,NEVADA BANK&TRUST CO,197770,180519,1147,0.5753601393304554,6.7,0.20797376829561448,0.01769732517570916,641,0,12.069886243412899,23958,0,1061,141,3.5023743697983245,73336,0,6893,35433,16969,74397,282,128
22717,CITIZENS B&T CO OF ARDMORE,312805,269287,4034,1.270896224423765,19.06,0.0005140299329910579,0,0,0,9.590502621029911,31102,16.847372386129944,1995,195,3.2521928644996008,193715,0,2576,66709,24078,195710,2,1
22738,FIRST UTAH BANK,874197,731700,7430,0.9589076454493831,10.21,0.5963917273414794,1.3551865311823308,13579,0,9.211132694423247,74353,11.977454340388299,8055,5010,4.721888898576131,662923,0,149,361722,75163,670978,3524,40
22739,BANK OF ST FRANCISVILLE,388287,337957,4134,1.1740362480141635,13.65,0.14588095001490609,0.9534184765392609,1207,207,9.174487182246713,34099,0,3128,300,3.6971547503324724,265839,0,2388,82015,32480,268967,380,13
22756,PEOPLES B&T CO PICKETT CNTY,289868,257399,3113,1.1168450222364454,11.53,0.6972972815596168,1.4113320545903651,4017,429,10.64890982456748,30745,0,2471,1975,4.88623975008581,211645,0,22744,19679,27970,214116,1878,441
22811,BRICKYARD BANK,185696,135583,1239,0.7287292232769877,5.62,0,0,1942,0,13.24351863645311,22875,21.648657323205306,1717,-140,3.7248339133966857,117528,0,384,71430,22661,119245,0,0
22835,LAUDERDALE COUNTY BANK,62007,55645,486,0.7754733419071538,9.25,-0.0036560397777127816,0.12417952811779316,645,0,11.758658356358028,7320,0,381,20,3.962671250899012,26355,0,1951,1343,5307,26736,7,8
22838,BANK OF GIBSON CITY,146490,120422,1575,1.1098067456520238,11.38,0.055580257892396616,0.4095842719639565,1582,233,8.531786393193089,12163,11.736112986416785,875,77,2.863294746377636,102117,0,2244,7077,14437,102992,54,1
22839,LATIMER STATE BANK,67232,51428,1536,2.29737895385499,10.2,0.016398550368147455,0.22905759162303663,316,81,24.13483077579507,15838,69.10390561081687,210,0,3.7635929597924935,12893,0,1841,318,15702,13103,2,0
22855,OKLAHOMA HERITAGE BANK,99597,83132,39,0.03786885723440823,0.42,0.5691581338117876,1.694830165567236,2877,0,9.39217219972475,9486,0,806,440,3.4092417863399045,66981,0,689,8650,9085,67787,438,18
22858,UNITED BANK,29924656,24213089,400778,1.3417161000803213,8.15,0.05806184265211945,0.24637543034747,83942,16940,11.830400041723536,3348071,15.425887056556931,271844,15358,3.546681609187968,21446009,9998,25170,6866007,5024692,21717853,17530,4985
22867,COMMUNITY BANK OF RAYMORE,312285,307677,5599,1.6531458488589488,344.47,0.448489096665736,0.04707238580143138,45,77,8.892749702029471,32605,21.92306187140453,832,37,2.73124634773402,98677,0,3570,17931,2453,99509,538,85
22874,HICKORY POINT BANK&TRUST,752805,658116,6268,0.7917484351978917,8.86,0.10728233315606603,0.3974468819946732,13,0,9.517050255162392,73216,14.899561499048177,5444,500,3.067096495532672,468785,0,195,192119,72580,474229,544,32
22876,SOUTHWEST MISSOURI BANK,1162637,1028220,7020,0.6198370093553006,11.8,0.08323676427348359,0.1593790667250397,3412,856,8.668663141475973,98592,15.926302067543807,5967,625,3.175084224562445,575207,1986,48031,77637,61412,581174,528,66
22888,FARMERS&MINERS BANK,176421,152519,2131,1.209127408325333,9.66,0.09653277003622818,0.154176656973943,1215,47,13.046511104610609,23192,0,1507,120,4.9418481059299815,89575,0,6903,13348,22730,91082,123,38
22895,PUTNAM COUNTY STATE BANK,278630,234578,4869,1.8008788022251154,12.31,-0.009346875917996742,0.5692136525140867,1641,1206,13.979562768886908,38278,0,2962,75,3.6931138515266477,229329,0,3880,541,38278,232291,19,40
22918,FIRST BANK&TRUST CO,3821583,3401614,56391,1.5841805229203174,16.37,0.11983498517444927,0.2836782558431938,13484,2263,9.762900085650678,366918,13.575916926751999,41137,4462,3.7303374265537834,3196467,0,122468,760607,363339,3237604,3918,237
22925,INDEPENDENCE BANK,181088,152620,1316,0.7206402088761408,5.07,-0.0008935049339342452,0.14965099840961302,4649,0,14.781967988985457,27485,0,3926,0,3.1671051444199945,110410,0,129,60642,26283,114336,0,1
22942,AMERICAN NB OF MT PLEASANT,130819,117262,2663,2.0287390735297928,26.82,0.2823057320666544,0.1482965012727509,2028,45,12.956654782696555,17953,0,1509,200,4.73201413405095,81737,0,7365,13400,10469,83246,246,22
22953,AMERANT BANK NATIONAL ASSN,9884832,7954868,-3774,-0.03816181860904964,-0.44,0.9355708851866849,1.2359845872949586,29303,4079,9.49993402692595,956861,12.843259280469857,84963,60460,3.6791992123169455,7186359,0,135170,2685547,930440,7271322,76355,8194
22954,CITIZENS BK MORGANTOWN INC,50042,40489,349,0.6936632175637912,4.49,0.03477628150597349,0.817313456696375,147,0,17.77988877674207,8984,0,751,20,4.040365478099311,35983,0,791,3457,7996,36734,17,4
22957,WEST TEXAS NATIONAL BANK,2768067,2495683,51209,2.05228692789932,22.82,0.814352044900824,0.8775437877768131,40,0,9.234786600973083,251833,16.007064033176356,25368,14700,4.151719557557728,1402318,0,4527,245911,242794,1427686,12987,1531
22964,FIRST COMMUNITY BANK,734487,646303,11187,1.4873359071100427,22.41,0.02731399822743077,0,500,0,9.46564589842237,73319,14.762219840641164,5635,540,3.9337013564800523,460970,0,3743,148715,51313,466605,162,37
22971,FIRST SECURE STATE BANK,294171,248489,1478,0.5152238539580906,4.5,-0.012336801737021685,1.886657760282285,15401,3823,12.206193851261574,34633,18.740636631813057,1769,300,3.377233682745316,172883,0,305,68473,33949,174652,0,21
22993,TWIN RIVER BANK,160860,141887,4627,3.202173630200504,27.27,0,0.08578888474449832,583,0,11.805586267461035,18686,17.69894994936304,1174,74,5.9438421224088565,114078,0,1529,24358,18542,115252,0,0
23007,OREGON PACIFIC BK DBA OR PAC,776319,679966,8334,1.0708283436724249,10.78,-0.01686000065287662,0.102792795229796,346,0,11.194237918215613,89133,16.114362899594777,7400,306,3.8084365043850092,564164,0,469,320679,81207,571564,0,94
23030,COMMUNITY WEST BANK,3518255,2911079,13523,0.4395974336845995,3.69,0.024404825985667077,0.2386694540333205,2529,1936,11.041889202230665,377411,14.538933717093524,25803,11113,4.12256281009781,2308418,0,326288,1235105,428753,2334221,808,346
23041,BANK OF THE PACIFIC,1152772,1015144,10713,0.9368492098652417,8.36,0.0007163625516604854,0.09498842789380728,1055,0,11.222017645729116,130067,17.413921847255764,8851,168,4.286121242228396,695397,754,1924,326388,126199,704248,129,124
23086,NEW OMNI BANK NATIONAL ASSN,531971,391764,5012,0.9399694828742511,3.78,0,1.3686836312505757,19925,0,24.56828914587439,132143,43.18320261935582,5950,827,4.229306814858146,357227,0,0,147572,133307,363177,0,0
23091,ALPINE BANK,6521366,5848468,55961,0.8593456049664988,9.66,0.05194954565268268,0.43581360101549277,15728,1071,9.747766444186452,640299,15.370401590181707,44653,2170,3.192306288052324,4016063,5212,21814,1246682,595626,4060716,5996,3893
23099,BANK OF PROTECTION,98711,77214,1458,1.5290776452623762,12.41,0.1780254918810105,0.04457456615777371,103,0,15.446813092161928,14347,0,712,50,4.155640819502683,61387,0,1063,807,12323,62099,107,3
23123,BANK OF BARTLETT,576802,445366,2473,0.42979126013476643,8.15,0.019077104204593767,1.0750656204382094,1047,0,7.712138440158026,45172,13.377666179189315,3282,363,3.2848601028121713,378863,0,2365,55231,31045,382145,155,85
23126,HURON STATE BANK,87613,76230,1284,1.4792865322712578,12.59,0.0019192973836138067,1.0318103477794391,1157,0,12.932411451294023,11578,0,818,53,3.640155886648561,53137,0,4798,3096,10297,53955,30,29
23144,SOUTH LOUISIANA BANK,673527,556198,9403,1.3818975100273176,10.88,-0.08092506339129966,0.31268234235598574,839,123,13.20049429841728,90051,0,13561,800,4.118192642325084,335614,206,7930,143055,88446,349175,464,734
23152,FIRST CITIZENS BANK,378276,324659,4961,1.3614533878536732,12.87,0.06470179505284449,1.7474013683130836,1668,17,13.367072338032695,49920,0,3437,200,3.8710015910809856,209591,0,9973,68384,39864,213028,204,66
23189,COMMUNITY BANK&TRUST CO,279081,260181,2578,0.9351910430608681,16.32,-0.024410079050113893,0.03690684783270806,2238,0,8.255269320843091,23970,13.931564245810055,2485,0,3.3265103362420847,156887,0,7831,23117,15375,159372,51,89
23210,BANKERS BANK OF THE WEST,431504,291975,4851,1.164085409457624,8.98,-0.0012689759490988367,1.1756553821053803,0,3573,13.753544728022687,55484,14.814860081741205,5718,97,3.4494859853778497,310016,0,0,139843,53797,315734,0,4
23220,WOODFOREST NATIONAL BANK,8842472,8102079,154597,1.695155220349345,20.93,0.6783552321785004,0.9452899596402454,48423,2323,8.654231068788699,802920,11.148230390408663,95266,55500,4.752336654706121,6428833,0,6620,2050403,676515,6524099,53730,8579
23242,CALIFORNIA PACIFIC BANK,82356,42281,3269,3.780598095476004,8.02,0,7.167662343970081,552,3114,45.409526894907955,39247,52.42578125,5395,0,8.032311771597705,59655,0,0,40305,39247,65050,0,0
23244,NORTH ADAMS STATE BANK,45183,39236,481,1.0873742511585849,8.68,0.04670278348589576,0.0752495407564792,127,0,14.170896785109981,6365,0,275,0,3.5953779310412397,22604,0,854,1841,5701,22879,11,0
23257,COMMUNITY STATE BANK,367754,327909,4879,1.3588235523474312,13.71,0.05213091114406498,0.08810237278180523,337,50,9.868373052010345,36519,0,3528,501,3.5358157092116214,255439,0,1707,100286,37764,258967,1249,1119
23270,SIOUXLAND BANK,83235,73311,1208,1.4398951069789618,14.2,0.012763974957081134,0,24,0,10.481736368448914,9108,30.693935759893687,352,0,3.4610888113013853,32480,0,781,5837,9108,32832,8,4
23275,PLUMAS BANK,1622958,1383361,29462,1.8013151030935273,17.2,0.10530310885784383,0.25854027029658194,9893,0,11.924549885755074,199308,18.450058001627507,13196,1196,4.955653644760685,1005375,0,3511,550851,180744,1018571,2039,993
23286,FALL RIVER FIVE CENTS SB,1874686,1349079,3870,0.20938818719498714,3.15,0.04868982806465068,0.1873913818100738,3668,0,8.117723443719955,155410,12.065594610984064,9079,1133,2.125295903619668,1441057,0,19373,454340,122050,1450136,723,20
23287,CAPE COD FIVE CENTS SB,5708025,4434055,27549,0.4855714819774175,5.25,0.014728569070559638,0.2417473644561823,6379,0,9.767640220424482,556091,16.652295199413082,23191,-150,2.298585782665528,4734040,0,106122,585376,541857,4757231,822,121
23293,FLORENCE BANK,1961307,1693966,10900,0.5320302204879664,6.07,0.010153260891824577,0.1818175329002548,676,0,11.141736508597853,229441,0,6975,91,2.313893811443569,1181971,0,0,331009,183515,1188946,143,25
23296,SALEM FIVE CENTS SB,7844697,5628318,53988,0.7164648011916344,6.34,0.017912288761104338,0.28470188204847174,5106,0,10.75949457887681,824985,14.851086631627838,67793,5400,2.274056279391005,5892601,0,197038,1808333,887493,5960394,1199,187
23298,WATERTOWN SAVINGS BANK,1477233,1310288,4833,0.33340309986930156,3.36,0.0017870580605416281,0.03344089930295356,1877,494,11.159802223376682,159393,27.665353702849483,1920,0,2.1614498762537697,609428,0,513,45283,147474,611348,23,12
23373,UNITED ORIENT BANK,96316,62639,-210,-0.2199869683910153,-1.58,0,0.7392333568669796,1987,0,13.898322796384347,13300,0,1082,0,4.970055241095807,75459,0,0,15476,13234,76541,0,0
23376,FIRST JACKSON BANK INC,429064,347828,6059,1.4474321039915108,12.41,0.17120503223810588,0.10278186937146905,2054,35,13.287231938518918,56433,0,3136,506,3.457109239415828,295274,0,6918,116593,51673,298410,597,79
23404,EVERGREEN NATIONAL BANK,137643,122879,1428,1.0797764227642277,10.63,-0.0059112275491577685,0,1400,0,11.953014645751244,16078,19.645533701758602,1020,100,5.305220227862771,85572,0,298,29495,14387,86592,1,6
23430,FIRST NB OF BURLESON,261720,230698,8640,3.2738507987968597,31.66,0.02996136856041242,0,425,0,11.511023027412856,30028,0,1429,115,5.118301160305046,107101,0,867,73649,29930,108530,45,13
23472,BANK OF NY MELLON TR CO NA,1301949,967,248467,18.989690705891256,23.82,0,0.9321409671192958,6922,12136,58.93328744793723,383595,316.93119511893474,0,1415,5.710968793391177,0,0,0,0,1036900,0,0,0
23473,FIRST FIDELITY BANK,2809175,2358625,21072,0.7604381064658097,10.81,0.02899656845719419,0.3071364368542365,1812,2,9.799330168296963,280302,0,25256,900,2.916512834758604,1934528,1030,15958,1045895,201574,1959784,1296,748
23474,AMERICAN NB OF TEXAS,5515169,5236406,24381,0.42891139715446724,10.45,0.02679356307002408,0.05532015428720316,3581,0,8.524049845660736,492314,13.79326849612469,38352,5800,2.4704764709066045,3118626,0,14151,1273272,233480,3156978,1352,531
23498,TBK BANK SSB,5946055,4834423,26987,0.47335857865645514,2.74,0.30435928029478915,1.929665971808199,55418,24718,12.993538810333845,742989,14.954842176950924,40714,18466,7.268633179071808,4507418,0,4994,628847,987465,4548132,14791,1683
23523,CITIZENS BANK INC,151433,139441,745,0.4853356959518443,6.66,0.06990003024764944,0.10697800347348332,19,0,10.454816681031625,15769,0,889,30,2.9652754971783164,78224,0,6437,24132,11495,79113,57,2
23537,BANKERS BANK,1470771,926448,9575,0.6529142135503395,6.4,0.02985261153797873,0.7961810506190291,6147,76,11.752108306073877,173023,14.572140048384934,11294,-100,1.717552705991579,1078524,13063,0,237911,156361,1089818,359,37
23546,MUNICIPAL TRUST&SAVINGS BANK,350502,274654,8053,2.2779255913469942,14.2,0,0,48,0,16.153597440609897,56955,0,2966,300,4.1762997196391956,245839,0,328,80240,56955,248805,0,0
23551,COMMUNITY BK EL DORADO SPRIN,127388,106593,2238,1.7674430358953621,11.25,0.015669158537697146,0.13816058027443714,511,62,16.289673739660902,20935,0,848,48,3.474134575472384,73543,0,1821,9007,20466,74391,11,0
23597,LAMAR NATIONAL BANK,379419,332410,1779,0.46980741329161496,6.58,0.30016658595809453,0.1502296932942209,2219,570,10.26983508908557,39034,0,2673,705,4.117583809227975,235573,0,2293,64343,27866,238246,922,229
23620,DEDHAM INST FOR SVG,2482010,1831986,10564,0.4414742397858724,4.18,0.00042496363904863393,0.813493902119653,1407,3514,10.915441570333298,270006,14.193050923245693,11552,2095,2.4203425822839844,1937411,0,290,339662,260370,1948963,11,3
23621,BERKSHIRE BANK,12267590,10542730,73305,0.6043559433825204,6.82,0.15875201986013537,0.25159790961386874,17591,6418,10.435791568515892,1225075,13.780930445625925,114700,24566,3.1824700674825195,9273370,71,54212,3246524,1125857,9388070,20525,5863
23622,BRISTOL COUNTY SAVINGS BANK,3002043,2524206,13978,0.45490714238059826,3.37,0.030083131675794673,0.5637827306271096,3994,0,13.992862241256246,431288,19.39397469572885,22973,1835,2.6772442627301825,2416504,0,5810,738594,431422,2439477,808,90
23623,WASHINGTON TR CO OF WESTERLY,6935621,5121852,-26339,-0.3686701453802477,-5.28,0.03564336487785999,0.3362784673499316,5541,0,8.060854819657038,571572,12.371137143460667,41960,2400,1.967219453502651,5400095,0,16146,1832941,516566,5442055,2413,416
23627,REPUBLIC BANK&TRUST CO,6840042,5264187,101699,1.5137959821167284,11.17,0.8340250303759335,0.3504949238615786,12784,195,13.289733328442308,912968,16.141315603652263,91978,54527,5.046778388274176,5379947,16464,327587,1485379,939517,5471925,55394,10855
23647,TIB NATIONAL ASSN,2955684,2433418,41059,1.3944621184766046,11.03,0.15072973538687492,0.1907172755950907,5933,442,12.283683015371912,390344,18.148188350358485,23190,1432,2.238903645421423,1782014,69151,0,171039,386349,1805204,2856,278
23737,VAST BANK NATIONAL ASSN,576837,475643,-1818,-0.2856377924252251,-4.27,0.46678783486291797,0.005720853551349861,465,0,10.918551699170811,63034,14.412033615971342,7215,-52,2.381231473317982,384822,0,1708,164209,59262,392037,2236,242
23741,WELLINGTON TRUST CO NA,100008,0,5577,5.867499921093331,11.51,0,2.152827773778098,2350,2153,48.664603568546944,47648,49.81390875256137,0,0,0,0,0,0,0,47648,0,0,0
23749,MISSION NATIONAL BANK,218988,176245,-541,-0.2544105669264382,-1.43,-0.0018408160460253098,0,2338,0,16.797574818225332,36848,0,2340,83,3.0306022505351056,173128,0,0,100653,37102,175468,20,23
23764,FMS BANK,322782,290705,4980,1.641449432810003,16.88,0.15461666651813963,1.132033384761232,3559,2134,10.504609562910796,33978,12.690677966101696,2553,398,5.549959953509083,230472,0,32215,74301,30061,233025,357,10
23772,COMMERCE BANK,745112,661052,14865,2.1208258679977434,19.08,0.12005440816270961,0.024023234090982296,791,179,13.527894996002521,102200,38.56089237882068,2820,-258,3.0943228989343297,150581,0,8678,33260,80003,153401,299,105
23798,MCCURTAIN COUNTY NB,373956,320542,5109,1.4239686052410072,10.15,-0.009761859438985937,0.20430211040871116,6685,0,15.19125312731195,53798,0,3764,85,3.6977506371053757,154302,0,12581,14325,53014,158066,244,260
23799,TEXAS FIRST BANK,2302202,2033365,24896,1.1111505853624835,12.5,0.024529770013440033,0.05151589651994047,2617,776,9.808589265762818,223776,15.718896652684913,16306,1300,3.2074356570624873,1224339,2329,5161,545975,206336,1240645,354,53
23805,UNITED PACIFIC BANK,160386,125833,2084,1.3385883416920168,6.79,-0.004302874147815775,0,0,0,20.157440750355917,31291,0,2809,-74,4.497855177071348,120667,0,0,93387,31223,123476,0,5
23806,TRAILWEST BANK,1020841,792880,15293,1.6334165867029868,18.96,-0.02825441291079372,0.0201794402850199,528,0,8.521361951696331,83690,12.937809330345612,10082,350,3.776189057239363,748931,0,9056,176642,82827,759013,1228,1439
23815,FIRST STB OF DEKALB COUNTY,344426,298255,7037,2.126916174053497,20.47,0.14157397904936253,1.3753317113109929,3999,717,12.049177361767828,39957,22.461079528867234,2373,754,5.550479018832365,176620,1070,7070,33932,36891,178993,448,203
23826,BANK OF JACKSON HOLE TRUST,40863,2700,486,1.1959603118355775,3.74,0,0,0,0,30.944989444927355,12460,77.24539763218247,2,2,4.872660139521511,149,0,0,0,13232,151,0,0
23864,SUMMIT BANK,294037,237439,4545,1.4932100829955406,9.81,0,0,0,0,15.901250611238755,47477,22.761423709175176,6579,600,5.456612487787547,199465,0,208,123409,47477,206044,0,0
23886,AMERICAN BANK NATIONAL ASSN,599655,539160,5475,0.9056784300647525,9.64,0.0006473268422274602,0.4382519948970658,6089,4,9.932517294312314,59787,14.64964435855481,5257,180,3.3233906608814596,468294,0,2967,163745,57850,473551,6,3
23966,ONEUNITED BANK,756367,512458,2224,0.3363648518088988,3.91,0.02027855745334883,0.015204259307981442,968,47,11.385010727072267,66811,0,1669,100,2.566839215746389,407991,856,939,1819,57246,409660,119,32
23986,MINNESOTA LAKES BANK,133426,117577,2227,1.644991970784588,16.14,0.0037474330083892534,1.007299926551047,1615,372,9.300398809189463,13246,15.32396599568339,617,90,5.196127487617335,83871,0,317,40623,14870,84488,3,0
23989,MINERS EXCHANGE BANK,93972,81864,147,0.15929709884222434,1.45,0.058796725022416244,1.3120929638615757,3019,0,12.749630771206574,11913,21.88973078668948,619,55,4.912512364117429,55892,0,2344,13535,10281,56511,58,26
23992,COUNTRY BANK FOR SAVINGS,1981532,1447823,8772,0.4554103339520033,3.09,0.006170446166654393,1.0340988689559392,3002,15,15.6350083297353,312147,0,14666,460,2.889492313832023,1497692,0,4089,552255,289956,1512358,151,60
23998,STATE BANK OF INDIA CA,1240830,1054025,10265,0.862045943647641,6.08,-0.0027181183165839,0.7934205330303103,18406,0,14.507853565441609,182522,17.68947151330448,15271,1640,2.8225185707505034,1059333,0,0,609071,172325,1074604,0,28
24015,HARBOR BANK OF MARYLAND,382482,332642,2581,0.704094715879641,5.81,0.1474748875723439,1.344115540077703,5894,355,12.35283861536192,46052,0,3121,750,4.462086800469179,225139,642,2384,125451,45200,228260,440,104
24038,BRAZOS NATIONAL BANK,28567,10920,431,1.4369157320602237,2.82,0,0.9066405292820388,592,259,49.233841809855036,14298,86.99250374812594,242,6,8.016894773179548,19276,0,98,539,15511,19518,0,0
24045,BANC OF CALIFORNIA,33458298,27380375,171367,0.4859341588606094,4.47,0.346942131362162,0.6573526244520866,50889,0,11.080776375802694,3671545,16.65286806238073,239357,42801,3.080653315316657,23568637,0,310695,4535566,3918674,23807994,94943,9113
24064,ATASCOSA BANK,87245,79177,935,1.0756102218633021,11.85,0.24919979177972953,0,662,0,13.63053619331832,12652,0,235,107,3.1510733870307694,18928,0,1907,5292,7901,19163,45,0
24085,CITIZENS NATIONAL BANK,97780,86405,1434,1.4529022583815439,14.7,0.05108643825352496,0,28,0,12.924928459805574,12737,0,670,2,4.541132852013771,34605,277,3346,7064,9872,35275,19,1
24156,OCEAN BANK,6719648,5614703,59878,0.9205851058007163,9.71,-0.00441505539981067,0.03951099819514356,16059,136,9.829620505235678,661935,12.626305760252373,75997,2000,3.5397598548479277,5457054,7924,1163,3452638,634099,5533051,1597,1829
24170,HANMI BANK,7637519,6447162,70915,0.9361587395721895,8.85,0.06637193651277766,0.1884774361936121,18454,0,11.466219640455783,859309,14.434891641728786,70148,4419,2.8679075870947597,6189807,0,4848,3425992,812512,6259955,11618,7485
24199,CAPITOL NATIONAL BANK,194898,161948,4194,2.145878827942883,15.76,0.04456253516262541,0.04463873410707139,90,0,13.427933192580305,28493,0,3972,334,5.9294290800673135,156612,0,19,98168,28328,160584,69,5
24211,BANK OF WHITTIER NA,181262,156004,1178,0.6630239746767618,5.05,0,0,0,0,13.141360106330394,23927,0,2267,167,2.164017480082992,83234,0,0,48652,23927,85501,0,0
24272,CHASEWOOD BANK,85191,70760,-54,-0.061865024264837296,-0.47,0,0,297,0,13.529838960679664,11737,0,547,37,4.701289184487081,66933,0,92,44966,11346,67480,0,0
24303,PAVILLION BANK,69920,56540,1280,1.8246198233539932,11.31,-0.11987440256144528,0.30749427917620137,267,0,16.145526057030484,11494,23.404706381174474,695,0,6.66702975974985,52336,0,419,14064,11494,53031,2,64
24305,LLANO NATIONAL BANK,289018,254975,2829,0.9618313758982531,12.36,0.05892216627344305,0.3259312568767343,435,14,12.17928098715413,35592,0,3865,0,3.4063329874606496,159034,0,3893,36453,23368,162899,111,15
24332,FIRST CREDIT BANK,534288,299913,34078,6.05157208044233,14.83,0.10371676268087981,0.3765759290869344,11488,0,40.71983315267747,227654,45.40773197875063,13940,581,7.817634646649832,399315,0,0,251556,227919,413255,470,5
24347,LONE STAR NATIONAL BANK,3162233,2814506,43287,1.4472854679392517,13.98,0.06101653548111537,0.2530806553470285,6819,544,12.3145691940351,389440,21.368891789083357,22077,-213,3.641237332085349,1593684,0,16588,870351,311178,1615761,1825,901
24353,FIRST COMMUNITY BANK,661826,593553,7328,1.0950172530966216,11.82,0.010418540409265781,0.3035541063663259,3005,0,11.105968701076831,74629,16.923215807793888,8073,175,4.295144226421919,462009,159,7038,159290,63176,470082,186,137
24367,CITY NATIONAL BANK,62995,54442,123,0.18476125241090904,1.82,-0.039666274411286374,0,333,0,10.922158857075665,7431,20.527585401914248,587,0,3.1498317703486296,43959,0,864,5511,6826,44546,4,22
24387,INDUSTRIAL&COMMERCIAL BK CHI,2882231,2246144,20580,0.7078880397672102,4.43,0.17136967836336553,1.6448022382661207,1420,0,16.21159534095977,474005,17.794593787614417,21708,-1200,3.1395136767942042,2693600,563,0,826928,474005,2715308,5134,442
24443,PROGRESSIVE NATIONAL BANK,113145,100718,1309,1.1603642958831446,10.55,0.37881396790412564,0.3243625436386937,376,64,10.903318440038882,12226,0,646,155,4.632785626415301,84954,0,2268,12956,12147,85600,322,3
24472,AMERICAN NATION BANK,651741,552980,8827,1.3543520007953957,17.22,0.00570265730670514,0.9325790459707153,2770,0,9.524299052888935,63927,0,7232,284,3.369723326958239,448749,775,10720,195407,53413,455981,234,208
24498,FIRST STATE BANK,273086,243860,3922,1.4988905458300497,19.02,0.08104355915122728,0.30503211442549233,850,750,10.230738206595957,28918,18.772710671462086,1408,135,3.868941691999752,148039,0,2098,25337,21115,149447,130,15
24516,INTERAUDI BANK,2464704,2092279,26927,1.1534622716271499,11.51,0.04278949831707308,1.5313806444911844,683,0,10.361474273247495,248008,20.30975282437629,9605,1626,2.8014817504405296,1380401,1218,1746,494097,246296,1390006,563,0
24540,BANK OF NEW ENGLAND,1527088,1227168,31578,2.1676607098213605,12.13,0.0003919584549123134,2.479359408233186,0,0,18.218312220025393,276065,18.689266615737203,13277,1105,4.318044347987621,1358292,0,168,696579,276022,1371569,5,0
24563,TEXAS COMMUNITY BANK,2088091,1802351,47978,2.417650085236048,18.5,0.04463035498210634,0.013984064870735998,1492,4,13.82420542045047,276252,26.347180866086028,21200,1800,4.743417642025937,1078107,420,13487,464273,276340,1099307,559,86
24603,FIRST COMMERCIAL BANK NA,525776,459548,7109,1.4112455765818595,15.02,0.029031728986116247,0.02206262743069292,338,3,9.928148270599225,51650,17.70542349235067,4611,0,3.9584482123593023,318205,0,3145,126858,49943,322816,113,16
24677,TRIAD BANK NATIONAL ASSN,198436,169426,5824,2.7430345573371464,23.37,0.20071586224614918,4.77887076941684,4774,8796,11.314609738678506,26299,0,2338,0,5.582181871700425,128573,0,2334,35928,26299,130911,317,42
24823,INTERNATIONAL FINANCE BANK,1263209,1122299,15807,1.383579492668263,14.95,0.25571039778766846,0.2674141808679324,1451,0,9.345310014338663,114318,12.518814445945987,13403,2890,3.9859494569357548,1061955,0,56890,344965,112101,1075358,2585,125
24829,ATLANTIC CMTY BANKERS BANK,896422,557260,6846,0.7558415422258837,5.17,-0.017302761825011656,0.8968990051560537,0,0,14.730184801405766,137393,21.57819161861842,10961,1314,2.835083375935574,536502,0,105,352181,135391,547463,0,91
24865,FIRST NM BANK OF SILVER CITY,141787,120929,2080,1.5148094471673792,12.56,0,0.18055251891922391,252,217,12.175297890198499,16972,0,1102,70,4.685741393583673,68633,0,179,21067,16973,69735,0,0
24867,BNY MELLON TRUST OF DELAWARE,252033,154014,9677,4.540749437157285,10.7,2.1019318879599456,0.10355786742212329,0,0,31.15044691232751,49732,152.04324720542422,3,115,4.4121419056260835,7942,0,0,0,94968,7945,178,0
24897,COMMUNITY NATIONAL BANK,2401684,2108258,50478,2.2719359425505092,20.54,0.0008022527256536354,0.25028271829266463,8644,0,11.448073203554717,262267,14.7923668623471,24203,562,5.164645983663602,1558612,0,11916,510964,261917,1582815,490,478
24902,FIRST NB OF S PADRE ISL,77300,67855,1798,2.2414033827987874,19.93,-0.003300090422477576,0.777490297542044,0,0,12.289824704860223,9619,0,580,0,4.81880112178779,31574,0,622,3258,9338,32154,0,1
24919,UWHARRIE BANK,1127423,1035664,10949,0.9788318778249032,14.01,0.042465222555513056,0.017029987857263867,699,0,9.188088177085445,106547,13.966693167597095,5824,528,3.532056388174698,665114,2446,4728,238765,81820,670938,480,210
24920,WOORI AMERICA BANK,3804511,3263101,27242,0.7535759588633059,5.8,0.0219839945173336,0.1660660200483058,660,0,12.802469727178803,489098,18.224036841475115,36050,2820,2.6613200695024797,2915387,1563,4,1633583,484053,2951437,763,143
24922,GRAND VALLEY BANK,578052,532766,7228,1.2522470454038306,17.29,-0.0021283131628365305,0.00830375121961346,779,0,10.405359287528466,63419,0,5293,300,3.706411420989047,272180,0,1107,83586,42652,277473,1,7
24938,STATE STREET B&T CO NA,45807,0,7105,16.93755631946067,17.2,0,0,0,0,101.94372245451464,45105,277.09178031699224,0,0,2.928559932261744,0,0,0,0,45105,0,0,0
24961,INTERNATIONAL BK OF COM,468337,404938,7822,1.6525971254697711,16.4,0.327366207330957,0.14028359920313793,1591,120,13.442077083278942,66932,33.88953297818739,2336,205,3.251490785836112,134055,0,7172,25214,49265,136391,663,215
24966,VALLEY BANK OF RONAN,184817,166994,2025,1.1662422120936724,11.95,-0.12931612782252655,0.21318385213481444,226,0,9.567832355107232,17149,14.797062539481995,2158,120,4.820150258264082,125542,0,2130,26575,17571,127700,5,165
24998,COMMERCE BANK,31808311,25684925,379263,1.2218377029509173,14.84,0.22599228913169844,0.13843237385348756,83521,24516,10.363411759703348,3302425,14.976992358583063,162742,32904,3.53744159586019,17060603,595930,305767,3134733,2698215,17223345,47271,8404
25054,SUMMIT NATIONAL BANK,93331,86957,-5639,-5.686470657045012,-79.41,0.014956370131701521,0.12643173222187698,556,0,4.649639135589342,4471,10.422090568049036,854,0,3.0191382662982296,44044,0,438,7344,3846,44898,7,0
25093,HABIB AMERICAN BANK,2451741,2076493,14638,0.5800841474708799,6.49,0.005236733317998109,0.29685027904660405,20654,0,9.007954800657188,228630,14.973684731742715,22928,1000,1.5777641440137768,1599484,0,3908,1127973,229550,1622412,140,59
25103,CITY BANK,4230555,3725623,56659,1.336027695545936,13.17,0.11310264187367819,0.5777728926819294,7928,1921,10.964006678134309,476575,14.725368934410653,43237,4300,3.91323766300511,3032359,2400,62053,925747,436989,3075596,4102,643
25158,FINANCE FACTORS LTD,700026,534459,1675,0.24671617094146006,2.31,-0.015180601980617242,0.7368297748940753,528,4031,11.08258802954087,76803,15.874081711070446,12087,0,2.4783488062206773,489825,0,461,81859,73567,501912,0,74
25161,COMMUNITY NB OF OKARCHE,128414,104052,1385,1.0268797831467156,7.75,-0.039483728316852526,0.5933932437273195,16,0,16.41955428623513,21617,0,854,0,2.452291574267551,42069,0,1665,4750,18702,42923,0,18
25173,MEADE COUNTY BANK,411562,343686,3445,0.8582196264988325,12.04,0.012550385204993707,0.019438140547475228,3692,0,8.672148405269297,36576,12.659109023100024,1027,80,2.892903405765098,340911,0,5209,42186,29613,341938,44,3
25178,BANK OF AMERICA CA NA,15691000,12685000,69000,0.44802285565872346,3.51,-0.008905512512245079,0.5098464087693582,44000,0,11.003236245954692,1802000,32.410714285714285,13000,-1000,1.1081385894510454,10659000,0,0,0,1802000,10672000,0,1000
25247,FIRST NATIONAL BANKERS BANK,952216,337276,8388,0.8785325113587089,5.41,-0.15149067424009938,0.4183924655750376,45,0,16.844514629063642,163522,0,16441,-1537,3.594200061522973,661330,0,0,308048,156538,677771,0,1009
25249,C3BANK NATIONAL ASSN,950499,848131,10300,1.1973878809001286,12.57,0,0,8,0,9.782407882582367,85779,17.172555089133606,7943,212,3.772095674314972,554996,0,0,301296,85732,562939,0,0
25258,INTERCREDIT BANK NA,1063635,933833,-8666,-1.2314171955063078,-15.64,0.025769364612656633,0.040803471115561256,4264,0,9.819759933571028,87748,16.874477061933668,8255,1237,2.1506784001424513,532045,437,4394,179308,82131,540300,126,5
25267,TRUBANK,434273,338097,3162,0.7383551446214027,8.09,0.22553399795614434,0.43106525158137854,4660,1637,9.580413967089044,41773,0,2800,420,3.1662872729921285,275124,0,1596,73253,40110,277924,615,5
25291,BANK OF THE VALLEY,525990,461176,4223,0.8094231187956368,9.2,0.04769012307308639,0.06083765851061807,506,92,9.475188930079193,49713,12.275710674531021,6567,-1188,3.533360182574842,436204,0,3449,48957,47446,442771,271,66
25328,BOC BANK,210777,187147,2721,1.2275557159613824,12.94,0,0,0,0,10.056749087961087,22329,15.532844287824812,2204,388,3.630315919065092,155764,0,208,32446,21714,157968,0,0
25591,CEDAR SECURITY BANK,54895,43048,432,0.7805216486351712,4.54,-0.29443589762463845,0.5865743692503871,320,16,18.231716095594585,10131,0,1003,100,3.833416064281947,26794,0,356,640,9802,27797,0,80
25620,CREDIT ONE BANK NA,1664279,859910,473603,29.463942546671372,90.16,12.388586204731626,3.0386732032309487,48282,50572,31.365366107010022,509701,0,187794,177660,24.487344800969158,1122936,1310730,0,0,514307,1310730,169227,25575
25621,SAGE CAPITAL BANK,670760,593812,8309,1.2544355900391564,11.94,0.003525605387125032,0,211,0,10.764421997922144,72424,18.72449976716523,4840,545,3.9751109207224813,391342,0,2191,176538,72244,396182,13,0
25644,BEACON BUSINESS BANK NA,177003,148315,-25,-0.014487059578901743,-0.17,0,0,1038,0,11.007573299922813,19680,18.282677928551646,1503,-141,2.8433829587240105,103446,0,0,67965,15292,104949,0,0
25665,COMMUNITY NATIONAL BANK,861251,796389,11529,1.3430088056832024,26.83,0.03951986676450596,0.7642371387667475,428,0,9.040173612891099,79356,15.694645092046184,4905,513,2.656868753005974,402054,0,1835,123041,42425,406959,177,22
25677,CITICORP TRUST DELAWARE NA,24638,0,2081,8.44781111977137,8.99,0,0,0,0,90.80743879472693,23145,480.18672199170123,0,0,5.913098859106832,0,0,0,0,23145,0,0,0
25679,INTERNATIONAL BK OF COM,4111484,3621442,102489,2.54169862317404,27.22,0.1523361196356215,2.57376655241757,2286,362,13.080595690571501,554879,27.222134385863868,23257,2813,3.812993569182098,1397845,0,19950,482128,425208,1421102,2800,746
25703,BANK OF WEST,171424,145675,4083,2.419096823120949,19.14,0.011768501122161197,0.6510173604629457,7,396,12.709867539109329,21522,14.01806525078435,2358,500,5.541818456369505,145315,0,308,19596,21522,147673,17,0
25726,MURPHY BANK,356402,292089,5512,1.510306637183903,11.14,0.06623723398480615,0.09595905746881331,4129,342,13.98734438975971,50730,0,3919,80,3.9450525640089773,299510,0,75140,13608,50731,303429,294,89
25738,SOVEREIGN BANK,1203043,1032034,5841,0.5429704247049406,5.02,0.01851488018513937,0.036823288943121736,196,0,10.14086891961419,108997,0,13483,2956,4.473665823339299,919076,0,3573,360007,122821,932559,253,96
25744,SMALL BUSINESS BANK,87130,77808,-4342,-4.693303125553965,-46.87,1.8131010824240643,0.6151727304028463,408,0,8.59208167273807,7524,0,632,1435,1.674357096643465,66632,0,662,17468,9096,67264,1370,36
25749,EASTBANK NATIONAL ASSN,160921,123048,-657,-0.41979596765845856,-2.28,0,0,0,0,20.699281050143238,33887,30.40337146297411,2231,0,2.7272368972982406,94355,0,0,50629,28353,96586,0,0
25750,COMMUNITY BANK,129246,118353,316,0.24377486927958356,3.58,0.0297279299847793,0.09594107361156244,520,0,10.641242958762962,14376,17.854803238032847,847,0,2.089284335675133,55219,0,629,8690,8244,56066,15,0
25752,COMMUNITY BANK,299717,263116,7919,2.6580889954645666,24.81,0.0012561909276216285,0,152,0,11.049011029297327,31947,0,2617,0,4.24803326683278,247011,0,4053,67407,31947,249628,3,0
25795,PEOPLES BANK&TRUST,525558,481533,5972,1.1331556563479677,15.46,-0.00044846910586023557,0.09228286887460566,908,0,10.23423106619474,53550,0,2472,587,3.5333060661469866,257275,0,1730,62406,40691,259747,0,1
25796,COMMUNITY B&T WEST GEORGIA,216640,203294,1093,0.650223681705692,12.31,2.4402823350800724,10.756554652880354,6499,970,8.03495256068871,15540,10.746662772727825,7578,3008,5.867162681291427,164994,0,382,53587,11007,172572,3190,1
25803,HATCH BANK,117740,34044,1558,1.1329343581614177,5.27,1.449407237936772,0.27008663156106677,1564,318,26.583841404961845,34664,41.686971728359076,2738,610,2.73166397487196,70828,0,63405,0,30229,73566,1404,66
25824,BROWN BROTHERS HARRIMAN TR N,16655,0,1920,12.273075939657376,23.75,0,0,0,0,47.66562916851934,7504,0,0,0,3.2285589096695335,0,0,0,0,7479,0,0,0
25849,MIDWEST IND BANKERSBANK,332726,226832,4150,1.2985712587066858,9.57,-0.020406594272296102,0,0,0,13.557283075268622,44628,15.998876645796509,4513,-46,3.413387177061077,224369,0,250,51835,43924,228882,0,43
25858,EQUITY BANK,5319635,4483349,60468,1.1555561942612498,11.02,0.10931510275475785,0.603575245294085,12721,309,10.92950395193791,562870,15.272312020398642,43267,2363,4.12266472385315,3458063,1925,23994,1135205,573810,3501330,4615,816
25869,METROPOLITAN BANK,236697,194625,1785,0.7673353302680042,6.49,0,1.7651258782325083,263,682,12.065114789468362,28631,0,3056,182,3.5324681378635225,192144,0,840,99725,28551,195200,0,0
25883,FIRST EAGLE BANK,591285,432375,10792,1.9120716353598601,9.7,-0.0031487120980341014,0.10096653897866512,247,0,20.462266833626845,123048,0,5451,493,3.7599070046553726,394265,0,164,56238,114203,399716,2,14
25886,RIO BANK,945393,767347,8063,0.9132079796912874,10.77,0.02943186612859524,0.17273239806091223,2271,0,9.669725554512423,92802,14.784735826665814,6032,1222,4.179037352099686,479168,0,3497,173759,75656,485200,299,168
25894,FIRST NATIONAL BANK,451823,381560,5360,1.2008970880486094,9.54,7.495962312259609,1.0446568678442665,7136,0,14.20018558641177,65344,18.919653647494542,29097,24517,9.374057712280969,331953,74332,1871,96480,59270,361050,28068,1715
25927,BANCO DE LA NACION ARGENTINA,534532,115245,,0,,0,0,0,0,0,,0,,,0,77770,,,0,,77770,,
26021,VALLEY STATE BANK,150063,123399,1762,1.1834430805520406,6.97,0.05458569457815183,0.3758421462985546,1655,343,18.683650467831104,29673,0,1882,240,4.0936676972403525,80380,0,2833,14094,26110,82262,46,2
26028,BANK OF EAST ASIA LTD,363056,19395,,0,,0,0,0,0,0,,0,,,0,335267,,,215833,,335267,,
26181,TEXAS NB OF JACKSONVILLE,851438,761600,7112,0.8507549493195515,8.62,0.11273188382667437,0.5352121939589259,3237,4,10.309324295004487,87904,16.34975568284284,8260,990,3.307524478170339,694015,0,19909,246310,84866,702275,810,33
26185,CHARTER WEST BANK,467824,414193,5858,1.276315009708535,14.67,0.02851588250785445,0.28835630493518927,3927,0,9.431035966270866,43843,0,4616,335,3.9853144772823486,365701,0,2289,65253,41785,370317,135,33
26189,HAVERFORD TRUST CO,182708,130094,13675,7.631700549370825,39.9,0,0,0,0,17.099394216007635,32969,0,279,0,2.0933582275452647,98079,0,66452,0,32969,98358,0,0
26217,BANK OF COMMERCE,454645,403453,5081,1.1239931954279292,12.02,-0.01283688374512705,0.029693497124129817,311,0,9.158401127269125,41597,14.732157327991391,3771,126,3.398294345960138,294013,0,5573,21628,43216,297784,1,39
26223,GOLDEN BANK NATIONAL ASSN,2006070,1668675,30889,1.6212989203027839,12.89,0.040594228577298316,1.118106546630975,3722,14,12.992216662894842,258915,15.974998675656632,19735,3110,3.778454462351741,1687515,0,390,1214849,255038,1707250,767,126
26228,FIRST NB OF DUBLIN,132234,116931,3727,2.867505401096838,25.75,0.10779025392631733,0.10511668708501597,1226,7,11.621675572753515,15137,17.507058432008243,1723,225,6.379392371868548,87818,0,5026,7278,15137,89541,258,164
26260,FIRST NB IN MARLOW,73214,58478,368,0.5012039791237647,8.39,0.09151350569086313,0,625,0,8.094912344238328,6035,12.557888853401469,256,92,3.6902604907144942,48917,0,2209,21616,4611,49173,49,6
26271,HOME BANK OF CALIFORNIA,240078,189094,3826,1.6083956064651954,13.25,0,0,0,0,12.262166175209654,29317,0,2382,305,4.196189303338045,220064,0,0,146652,29317,222446,0,0
26299,PACIFIC NATIONAL BANK,1302698,1063479,13407,1.0654111762403216,9.42,0,0.015506280043417583,235,0,11.484924172637854,148614,16.61359418538109,6165,1218,3.283484783715969,847357,140,4,479310,149816,853522,0,0
26312,FIRST AMERICAN TRUST FSB,6120210,5853859,-151201,-2.2311504375991933,-65.17,0,0,0,0,7.372316857350311,516100,33.927073554894676,0,0,2.2845073443456894,0,0,0,0,253432,0,0,0
26323,FLORIDA CAPITAL BANK NA,645819,581807,4005,0.7212333251935714,6.87,0.017662558777070597,0.3816858903191142,573,105,10.44113328788459,60803,16.03050652200859,5974,655,3.6926953080264524,457745,0,0,178755,60051,463719,147,66
26333,GENESEE REGIONAL BANK,1236709,980406,9608,0.8088596056119097,10.42,-0.0006878911664455861,0.07924257040257651,3919,0,9.528299394976521,119044,0,10825,1494,2.5508016381367495,922394,0,1168,300566,96166,933219,4,10
26336,VILLAGE BANK,1989581,1700205,273,0.013801820020222446,0.18,-0.0002510173104047428,0.079665014895096,3915,0,8.97489794283216,181464,15.451854193176281,7901,-415,1.7192942232558572,1610467,0,2917,175273,153126,1618368,6,10
26340,FLINT HILLS BANK,149626,136661,1423,0.9378118075976596,11.81,0,0,7,0,12.964019497190767,20905,0,960,50,2.650284013243826,74051,0,2026,5102,12640,75011,0,0
26342,RBC BANK GEORGIA NA,6755443,5959668,154190,2.3484856631187405,22.65,0.3456482268466801,0.25977570974990094,23291,3819,10.830861341199014,736701,35.894216886791156,22803,10390,3.918842862148274,2876510,269417,637,0,718347,2899313,11402,1698
26351,UNITY NB OF HOUSTON,201440,171253,4437,2.1067655806639087,16.74,0.19498567741569528,2.476667990468626,4519,1944,16.6052895882156,34224,28.684891763442412,2068,249,3.1661558152851224,116299,0,93,28215,27316,118367,265,45
26358,STATE BANK OF SOUTHWEST MO,157734,140009,1497,0.9319913985349618,14.11,-0.0007759095599816886,0,2,0,7.801866584100544,12347,11.287269488055777,805,0,3.8857861615276783,130888,0,4751,10068,11466,131693,0,1
26363,COMMUNITY COMMERCE BANK,400305,307194,2730,0.6987358256446798,4.55,0.032584127071235765,0.6797317045752613,581,0,15.444011518705189,60764,19.955400324078536,3398,95,3.1162807855341526,293582,0,0,160124,60765,296980,110,15
26379,PIKE NATIONAL BANK,373239,331288,3624,0.9735910734808728,9.7,0.08622409473153873,0.34535512098146226,2112,319,11.947956156478634,44060,21.394971613949714,1945,38,3.47859072508291,177817,0,6953,50309,36908,179762,211,58
26381,BONVENU BANK NATIONAL ASSN,1544354,1346290,6129,0.3938387149175747,4.82,-0.040584059876921694,0.05944232993212697,851,0,10.08329316494746,156891,14.259785713441136,12284,450,2.723475028587931,1059544,0,3211,550013,125242,1071828,93,519
26392,DEUTSCHE BANK TR CO DELAWARE,136560,3024,5511,4.161154703441277,4.42,0,0,0,0,94.6828684251623,127321,0,0,0,5.134420246444798,0,0,0,0,127321,0,0,0
26393,PITTSFIELD COOP BANK,395860,300461,199,0.0511322320632498,0.37,-0.007806087856403669,0.3882685798009397,1988,0,15.063874048970105,61695,22.63094381166109,2544,-8,2.733402174573286,270726,0,211,52516,53483,273270,55,76
26395,MUTUALONE BANK,1260426,869857,17483,1.3748028974739737,7.07,0.002518440380241324,0.8423342584173922,32663,375,20.694493466320317,260911,0,21654,4335,3.924576577560585,1088856,0,7014,263197,253991,1110510,30,2
26397,GREENFIELD COOP BANK,786065,693862,4496,0.5884528689302383,5.29,-0.05276867067194407,0.5434665072226851,210,0,12.793114351308555,102365,0,4904,222,3.047033961027068,502676,0,3242,58777,86390,507580,10,270
26398,AMERICAN NATIONAL BANK,422572,360264,4201,0.9418471593477152,7.78,0.15039132003030822,0,0,0,14.661223002594928,62771,18.56004206759966,2100,70,3.107691178076235,310310,0,5203,211602,54476,312410,498,1
26403,BANK OF IDAHO,1327540,1129326,14643,1.175349305819099,10.62,0.07494154351723427,0.6503005559154527,895,930,11.463676217079252,151354,14.42908847290228,12763,2894,4.481759949999275,1021518,0,8843,429878,146561,1034281,1190,469
26411,HAVERHILL BANK,616451,508004,2986,0.4953300298060615,5.81,0.030664349804681423,0.04558350947601675,41,0,9.894332065914305,61959,14.188566930152808,3610,123,2.1223192833289275,460375,0,245,72986,51746,463985,147,9
26416,COMMUNITY STB OF CANTON,67607,57410,740,1.1292951367057544,9.68,-0.13032328582839367,0.8061295427988227,584,25,12.187597800330845,8178,0,924,60,4.965358344510693,48393,0,1149,4387,8003,49317,136,198
26442,TERRABANK NATIONAL ASSN,788111,724892,4108,0.524379698897807,7.81,0.0021187803683827117,0.6702101607514678,2238,0,9.044500796218546,73438,16.557137490763633,7169,683,2.8751650915078644,516806,1378,76,217301,57600,523975,20,9
26444,EVERETT COOP BANK,1417753,1014600,3768,0.2814763884786515,2.65,0.0002722029603342217,0.13796479358534244,1139,0,10.471055086682615,145235,16.5789081808764,8884,174,1.8872015710864214,1136437,0,141,228934,145617,1145321,4,1
26450,CANTON COOP BANK,159534,133914,391,0.2502230248699928,1.98,0.01064420880531529,0.16485514059698872,1280,0,14.562158183917672,22952,25.010078720108638,672,10,2.851765711421034,94797,0,2434,11010,19813,95469,10,0
26451,FIDELITY COOP BANK,1550411,1352411,7912,0.5152068726200496,4.98,-9.313232893220991e-05,0.56991339715727,734,0,9.16143317284101,137038,0,7590,5543,3.117766948525004,1063083,0,15802,329901,174614,1070673,133,134
26455,SAVERS COOP BANK,770030,554507,3513,0.4721857968447827,4.77,0.017639770233974623,0.35881718894069065,5563,0,11.037850602851137,86750,0,5196,224,2.680707172525218,585356,0,4209,253831,74292,590552,123,24
26474,STATE STREET B&T CO OF CA NA,9036,0,295,3.3231199026720137,3.33,0,0,0,0,100.32297583249805,9008,480.1705756929637,0,0,2.6565026565026564,0,0,0,0,9008,0,0,0
26483,NEEDHAM BANK,5006001,4182356,34403,0.7347225839750989,5.82,0.20492785720884166,0.27678779928330016,19645,0,12.507986072005298,614156,14.10658084790462,38744,12123,3.415480440409968,4294463,1295,190005,1363394,606765,4333207,9035,623
26484,NORTH SHORE BANK A COOP BANK,2920096,2345008,15994,0.5340742653740693,3.69,0.004153094647013383,0.5062847248857573,3778,0,10.637535753044222,299648,14.653850827636655,11949,6718,2.215791640276317,2308410,0,1492,699119,423478,2320359,99,0
26487,WALPOLE COOP BANK,623024,494400,1508,0.25057950665082546,1.35,0,0.3370656668121934,0,0,18.128838330595144,113325,0,6826,31,2.5127979688572224,511727,0,0,184196,113187,518553,0,0
26499,AMERICAN NB OF MINNESOTA,477426,354978,4720,1.0144695162656863,10.86,-0.008317285864136647,0.710686053964384,6439,0,9.690775571688599,46319,12.971912955465587,5397,279,3.9198985307324117,416637,0,4528,119740,44920,422034,16,50
26512,METHUEN COOP BANK,137256,124519,350,0.2551340255483924,2.85,0,0.6710089176429446,21,0,8.997068209158424,12490,15.406582423074177,433,-95,2.713188669593252,103525,0,316,19638,12490,103958,0,0
26513,STOUGHTON COOP BANK,131199,116924,193,0.15118685598707782,1.76,0,0.11280573784861166,720,0,9.324703246806944,12404,0,734,60,2.3243332575191076,102137,0,1073,5548,11108,102871,0,0
26516,WAKEFIELD COOP BANK,304959,259263,-841,-0.2689016088693407,-4.48,0.0007740525210116556,0.341029449860473,0,0,6.777009460243574,21140,13.064934182974724,1758,-319,1.8007448627091447,250574,0,0,19315,18229,252332,2,0
26517,CAPE COD COOP BANK,1619575,1362224,3800,0.2379958047602668,2.55,0.006855766507891926,0.055693623327107415,6412,0,9.379510097023413,150906,0,9953,15,2.259203430391014,1382864,0,55866,325663,150522,1392817,97,2
26519,FROST STATE BANK,52689,43477,966,1.8844809288969349,11.3,-0.1036531994287557,1.1406555448006224,19,33,16.579497907949794,8559,19.676259767096454,739,200,4.65420576227112,41381,0,854,1826,8559,42120,6,51
26520,SECURITY BANK OF SW MO,132902,117404,3214,2.547227532248503,22.74,0.11150001454348017,2.403274593309356,2107,2138,11.353553370468065,15022,0,1340,200,4.493033841217879,107108,0,4550,17613,14991,108448,222,107
26522,THE BANK,476038,410099,9347,2.0272972637668385,16.54,0.009614706655299947,1.3944264953638155,2214,457,14.308795953076622,65623,25.121913080791735,5318,0,3.944100645602438,261491,0,1200,6844,64765,266809,37,13
26523,BANKHOMETOWN,1503384,1284798,17459,1.1956771262219752,10.74,0.004143633588757958,0.24790738760024053,718,0,10.940782201039815,162710,14.443901323076568,12676,913,3.601187989567537,1209225,0,692,508382,170450,1221901,57,7
26530,DENALI STATE BANK,511035,445026,7358,1.474791448694976,13.65,0.4573177659714679,0.3903842202588864,571,183,12.030234862904875,61180,17.096260629829533,7295,2676,5.378729983940104,355870,0,3949,95599,54795,363165,1655,45
26536,BANKGLOUCESTER,382833,309836,430,0.11468287517969206,1.48,-0.00429269034555544,1.5129312258870056,461,0,8.239234221204345,31047,13.376136971642591,3393,140,2.977322490008667,325432,0,444,75775,29493,328825,21,35
26539,MICRONESIA,249245,218145,3797,1.6657731653024317,13.31,0.26896091433428854,0.17573070673433772,456,0,13.8167226655174,33021,48.85366380863175,1904,312,4.578842729201299,58055,0,16672,11149,29949,59959,567,405
26542,BANK OF DESOTO NATIONAL ASSN,263660,236814,4427,1.8404010220108138,17.52,0.3434856507491783,0.5048168095274217,4980,262,9.925864128476897,26175,0,1609,250,5.468526937930516,165152,0,9409,37157,26175,166761,747,186
26543,FIRST NATIONAL BANK,1543728,1166326,9266,0.6037467745548557,6.51,0.10148084519385767,0.5204932475151063,6903,928,10.318410308517839,146028,15.553537400221451,10815,1660,2.482406854867681,1262966,0,5480,123167,147796,1273781,1374,91
26554,BANK OF EASTON,205783,182765,834,0.4136281036986486,4.17,0.000898858629312499,0.03644615930373257,45,4,11.350693788136539,23420,0,645,34,1.8876491410986203,110020,0,192,4202,20398,110665,2,1
26555,ONELOCAL BANK,965707,793413,5341,0.5722591561464982,4.18,0.000253445657069271,0.04214528837421703,1178,0,13.622396185527776,129936,0,7507,440,2.9514205901933854,814309,0,1276,159856,130352,821816,3,1
26559,STONEHAMBANK A COOP BANK,825042,718035,1466,0.18124833865992446,2.4,-0.0009036811451447471,0.12920554347536248,2,0,9.169165985214162,77256,14.40934260846969,6743,108,2.2121310975383897,662338,0,600,200346,60890,669081,15,21
26564,DELTA BANK,561988,487898,9563,1.6616623921822111,17.07,0.10387953485377857,0.633287543506267,5177,2471,9.786547840570803,57169,0,2739,773,3.808467913371663,403827,0,6045,87125,56978,406566,543,117
26567,NORTH CAMBRIDGE COOP BANK,83695,58665,647,0.7734146195684658,2.77,0,0,883,0,27.768413955840217,23065,63.84185390209487,547,-70,3.2459063550531555,48262,0,53,1330,23930,48809,0,0
26576,WRENTHAM COOP BANK,179143,161621,-1184,-0.6855406507077744,-6.97,0,0,0,0,9.22752159697893,16567,0,403,6,1.5787465656533124,108642,0,1339,948,16567,109045,0,0
26588,DEDICATED COMMUNITY BANK,101594,93376,413,0.4262108309150427,5.39,0.6482464861933385,0.3582888753272831,238,0,8.421311556058445,8559,12.496844231254734,370,111,4.065847104750946,71004,0,862,29842,7851,71374,460,1
26591,COASTAL HERITAGE BANK,964596,773537,1423,0.14486146947556075,1.44,0.0006239866456874037,0.9705617688648925,2682,0,10.859674636709132,105812,0,7851,-300,2.5465884399402197,773152,0,8969,146188,99669,781003,26,21
26602,CHARLES RIVER BANK,311674,291584,828,0.27313697819456456,4.65,0.005592069699556735,0.09657526774771075,1437,6,8.000872443125242,25311,13.16739557955913,1484,34,3.0971224929506596,217680,0,8529,58745,17759,219164,12,0
26610,BANK OF HOPE,17048804,14348619,115282,0.6478175994872215,5.23,0.19394589214029948,0.688605488103447,13845,229,11.675349175990032,1978969,14.605190891682826,150527,17280,2.6438999773967677,13482237,3430,6603,7273621,2212860,13632764,31088,4521
26620,READING COOP BANK,930502,692307,1946,0.21214035886386956,3.63,0.11924579486920796,0.15357301757545927,8617,0,7.676821422172512,70697,12.259660159343836,4741,621,2.599997575759836,729514,0,21538,104826,53280,734255,859,8
26622,ROCKEFELLER TRUST CO NA,15144,0,1602,10.38344870498561,11.99,0,0,0,0,77.42115027829314,12519,333.84000000000003,0,0,4.822776658857056,0,0,0,0,12519,0,0,0
26626,UNITED TEXAS BANK,1109333,782479,13199,1.1706446767463263,8.3,-0.006814192083603138,2.088372021746401,584,0,14.938892124002967,167008,0,6513,50,3.0849323523367898,512080,0,704,400161,165324,518593,0,37
26627,BANK OF THE WEST,802927,729459,12676,1.5868270819156292,19.55,0.025314111340548794,0.3353978630684981,1183,0,8.662085945988037,70080,15.748898678414097,5079,63,4.200796708292279,479579,0,2959,223676,67377,484658,180,63
26634,MECHANICS COOP BANK,837477,652658,6880,0.8857840669590956,7.43,0.0027694114200680167,0.028896315958527815,1,0,12.254863257881727,100890,16.08165544069445,5643,1256,3.745196226213649,704332,0,1653,216613,96630,709975,437,419
26647,FIRSTRUST SAVINGS BANK,5384720,4183466,88133,1.6725297151900114,16.27,0.16927367128581478,0.48151064493604123,16803,353,11.407534143458745,598601,13.387622862808316,83885,11593,3.8780816939576366,4423147,1306,474880,1330689,553507,4507032,8189,946
26653,BANDERA BANK,91828,82062,2271,2.4229530794229297,24.39,0.06974015638204477,0,403,0,11.22338239787586,10652,0,457,110,4.870097312811553,49733,0,1002,7125,9540,50190,37,3
26658,AMISTAD BANK,47689,37725,355,0.771923720889778,4.41,0,0,12,0,15.003198976327575,6566,0,433,438,4.409292448656566,29497,0,986,15225,9323,29930,0,0
26677,BANKERS BANK,275876,232660,4182,1.6251227974184563,11.89,0.013724068109382934,0,0,0,14.11835566932691,37504,16.80740230762212,3185,420,3.933238241859221,203120,0,99,76239,37190,206305,32,6
26687,PNB COMMUNITY BANK,155179,141666,1376,0.8876067901919449,11.58,-0.05745013328430922,0.9692033071485189,0,0,9.369349076142386,14974,0,1431,0,4.679274579641649,114217,0,555,23491,11825,115648,2,67
26689,BANK OF ALMA,316943,159993,9344,3.0391202163291564,6.21,0,0.6449109145808553,4666,1,50.05953606920344,155553,0,2936,0,4.7546528951163545,192098,14,1046,92870,155553,195034,0,0
26703,RIVER CITY BANK INC,492254,427406,1885,0.39896713018816005,4.72,-0.055835963245977185,0.00020314715573667254,2396,0,10.540032777711156,52736,13.63159631094063,2400,152,2.750005210975008,364492,0,438,108717,40476,366892,25,217
26704,BALBOA THRIFT&LOAN ASSN,421962,372414,-1820,-0.436625280027944,-3.77,1.6834859260576582,0.37017551343485905,10434,58,11.167760876872556,47510,0,8723,6271,4.447083921814527,372423,0,15722,19415,47510,381146,7854,1379
26708,SPECTRA BANK,102840,98124,470,0.5177043885911171,13.54,0.05402026531667451,0.1837806301050175,1798,0,5.2940214948306155,5182,9.381420488668331,700,0,3.2924508896431144,53023,0,565,35041,3764,53723,28,0
26725,BANCO DO BRASIL AMERICAS,2831371,2526831,47069,1.6629413680415799,17.41,0.004975507887231165,0.23119541734375326,12631,19,10.58229801660536,301154,25.750152494815175,22305,2643,3.7820393643803603,1621155,14789,34704,296017,291565,1643460,91,20
26727,BANK OF SOUTH TEXAS,160794,131296,2490,1.5016119714054486,9.13,0.32577314955234277,0.1853302983942187,895,8,15.80194027970266,25084,0,1300,20,6.88936056726045,98211,0,1438,15307,28392,99511,348,0
26732,DEUTSCHE BANK NATIONAL TR CO,452578,0,11501,2.6552407355162284,4.55,0,0,0,0,57.496286752205584,257036,0,0,0,4.808126218115559,0,0,0,0,259112,0,0,0
26738,TEXAS FINANCIAL BANK,161855,136035,1361,0.9758370975837097,7.03,0.005325182254362655,0,18,0,10.751362752348864,15700,0,685,695,4.296629642292066,54443,0,738,21856,23777,55128,2,0
26755,MINNESOTA 1ST CREDIT&SVG INC,26042,20799,23,0.09098605144272232,0.56,-0.06549417538466913,0.11135857461024498,10,29,15.983257111851795,4124,23.36889508390071,409,0,4.242973243203978,23389,0,3563,161,4124,23798,0,15
26760,GREEN BELT BANK&TRUST,709779,625884,7461,1.0904358791257456,12.57,0.016889661906884193,0.13722581254165028,2013,676,8.93718404004797,61557,10.704845341348745,8288,254,2.915875756160913,598897,0,3186,134840,60650,607185,214,116
26790,HANA BANK USA NATIONAL ASSN,578769,458592,3271,0.6499557886997903,3.26,-0.144354623789642,0.0172780504830079,59,0,18.163107206366533,103161,29.810223827914122,4745,207,3.1530329802600914,397435,0,0,175365,100867,402180,7,501
26798,HOME SAVINGS BANK,118524,89273,1260,1.0268061601850207,6.88,0,0,833,0,15.176183374022015,18214,0,888,-198,3.5374860904265155,95935,0,0,46854,18214,96823,0,0
26799,EVABANK,453776,305748,9848,2.2567000939986164,7.89,0.023095174336408404,1.1915570678043794,4155,0,27.739581462187896,123541,0,8160,848,5.760435101571599,348753,0,10923,133034,126943,356913,363,284
26816,LIBERTY BANK INC,13608,8629,-811,-6.610047924885078,-49.1,3.0339005408257482,0,0,0,23.389070146818923,2294,69.05478627332931,0,-103,2.8515618187208958,0,0,0,0,3770,0,138,0
26829,FIRST NATIONAL BANK OF PASCO,311206,265379,587,0.18821679496617869,3.4,0.03795686623894901,0.03631035391348496,1830,0,9.264548258914566,28351,0,2858,0,3.424054907290392,186721,0,3480,71255,17091,189579,72,0
26847,CHESAPEAKE BANK&TRUST CO,131116,103886,2510,1.9521740685951967,20.06,0,0.083895176790018,156,7,9.8187063823151,12592,15.197581850592911,1477,100,4.8049608651770255,100009,0,2180,20455,12631,101486,0,0
26856,FALCON INTERNATIONAL BANK,2014765,1774497,32350,1.6285034722613758,14.8,-0.011605336820382894,0.20106563296463856,957,0,13.251107017537029,272200,20.273324561799782,13695,425,3.8719845716828605,1279918,390,13908,597733,228457,1293613,375,517
26871,COMMUNITY BANKERS BANK,143170,110433,224,0.14491741001534572,1.24,-0.03110209353680201,0,0,0,13.464246804666116,20268,0,1871,-7,2.6861191212453797,103197,0,61,52987,18121,105068,12,46
26876,SAFRA NB OF NEW YORK,11305158,9461643,116416,1.115959948909096,9.45,0.03223364924138449,0.00042458495493826804,39,0,9.524305841143885,1009757,24.39313262989156,24539,5619,2.4720987410170476,3061837,9474,298,820840,1253674,3086376,1003,63
26881,SOFI BANK NATIONAL ASSN,31087762,26008552,472420,1.7186720986823525,12.14,0.1761646352556972,0.09016088067066391,88701,25742,14.431591126011305,4352537,17.450849487145177,46683,31711,6.324685259793872,25376504,329383,23985389,20058,4535203,25423187,43906,4183
26891,LIBERTY BANK MINNESOTA,265567,243309,2310,0.8547938392676748,10.92,0.00644518158224911,0,391,0,13.396965007247848,38262,26.030047280858792,1380,6,3.0279036951677565,141594,0,2582,676,20774,142974,26,17
26906,TEXAS REGIONAL BANK,2715928,2445263,8413,0.3127908828800586,3.72,0.051156298712857616,0.09289642435292836,2959,0,8.8023518064289,246037,14.585870382108688,15633,2668,3.3152284554670586,1450834,1041,11473,527279,238865,1466467,923,185
26912,BANK OF SOUTH CAROLINA,556766,491142,6746,1.1404798671322358,13.73,0.032525008117352455,0.08136272689065065,475,104,11.075844834767123,61696,0,3680,75,3.791560788804982,365421,0,3102,83529,51710,369101,121,4
26922,COOP BANK,554811,458266,627,0.10955451673877695,1.36,0.0030868567402134294,0.5672201884966231,246,0,8.9562740033648,49136,13.721550281749511,3777,-687,2.4341306747331997,467359,0,724,96589,46511,471136,20,5
26941,PEOPLES BANK OF DEER LODGE,47925,43809,655,1.4593823804643287,16.62,0.022806577416927043,0.8116849243609806,96,0,9.969396863178476,4691,0,403,50,4.607621028393159,33992,0,675,3579,4027,34395,12,4
26944,AMERICAN STATE BANK,323256,251850,5823,1.8236962122365226,20.8,0.006257637670263615,0.07455391392580493,807,3,10.750143908867816,35483,0,2641,195,3.914940190847438,229773,56,3885,32112,28643,232414,29,15
26955,BANK OF CLEVELAND,355884,277781,8242,2.3205083157648163,13.67,-0.05287807271175649,0,0,0,19.33469485064959,67312,24.03263657697975,3094,0,4.851654653272706,283720,0,1393,131083,62712,286814,0,144
26960,FIRST BANK OF THE LAKE,1572595,1400717,11682,0.8976262005423868,12.02,0.13853465737602041,2.7511215538647904,23509,5819,7.360022331294052,110740,15.655097579520975,7935,6696,4.02727830060485,1499596,0,1322,635226,112737,1507531,1876,170
26962,WILSON BANK&TRUST,5356722,4841137,58153,1.1454521101625807,12.91,0.014239468418353798,0.10358947132220041,11052,731,10.2828144703359,557516,14.394093955674442,49497,4600,3.2377269398416217,4044921,4610,20272,1365182,473888,4094418,1022,479
27010,YOUNG AMERICANS BANK,17265,15308,-1834,-10.18866247416724,-123.04,3.937007874015748,0.005792064871126557,1,1,9.678888635846048,1700,246.09826589595377,3,-1,3.2101144727981987,25,2,0,0,1700,28,1,0
27015,42 NORTH PRIVATE BANK,209944,151171,-4315,-1.9144135150939194,-21.09,-0.031974749702743215,0.8283161223945432,6394,0,9.105075481763643,19457,16.809073542694087,2071,0,1.3430470651637374,171235,0,15632,21965,19457,173306,175,234
27026,NATIVE AMERICAN BANK NA,404104,360513,5401,1.607527550599467,14.82,0.21494955045018574,0.8403777245461563,0,1,10.213133968861278,41215,0,1443,560,4.928363162983321,175718,0,98,45501,39527,177161,388,50
27043,SANGER BANK,208450,174509,2649,1.290604844956897,8.3,0.08590395619534559,0,345,0,15.967289066977466,33154,26.006929406669556,1675,218,4.045966004309313,126463,0,2327,39914,32902,128138,120,12
27046,COMMUNITY NB&T,2233211,1930155,15213,0.691216098696917,9.13,0.03214301452111231,0.6108245033720504,12435,3,8.697898588548885,196962,12.478013414438111,17015,1820,3.2898511896976297,1482897,2644,13178,352116,174435,1499912,712,251
27052,ST CHARLES B&T CO NA,2849857,2427394,37171,1.3601203108762787,13.35,0.07949569999224222,0.7898992826657618,32147,2920,9.333055413873382,270446,11.223525260828133,19804,3980,3.3791654015859187,2269662,0,487057,408496,293680,2289466,2007,349
27054,SUMITOMO MITSUI TR BK U SA,3083413,2522899,75018,2.1983328913302436,15.73,0,0,0,0,15.111872189416442,509987,45.07909372801233,0,0,2.895899274654466,1444,0,0,0,509987,1444,0,0
27074,STATE BANK OF TEXAS,2781756,2278721,108431,4.0012035603778004,28.95,0.4931965351825274,2.185058646408959,40219,2513,14.17308647245123,396450,0,25282,14308,5.582808723188381,2263385,0,1761,1969051,389690,2288667,11050,133
27102,ASSOCIATED TRUST CO NA,81495,0,24776,30.997820543938186,38.39,0,0,0,0,76.04921052161006,42529,133.4871311989956,0,0,5.555209759741069,0,0,0,0,65287,0,0,0
27118,PREMIER BANK OF THE SOUTH,367511,338356,3958,1.1180595142118979,15.49,0.2286151520524042,0.01877494823284201,154,27,9.075755581874809,33104,18.20454029042986,2148,650,4.043662927778684,198852,0,10459,37783,27358,201000,542,101
27132,UNITED SECURITY BANK,1211826,1060475,16151,1.32295003359184,11.81,0.2799586005770146,1.0404959127795574,3209,421,12.586934093570463,153601,0,16046,2965,4.333263223740779,912416,0,36730,371071,139845,928462,2862,229
27153,CITIZENS BANK&TRUST INC,131382,116507,2025,1.5900061244680348,15.75,0.07288098535092194,0.19941848959522612,643,62,11.162779937071997,14475,20.9547916496557,1231,147,5.139608834644044,79735,0,7197,9121,12252,80966,103,47
27201,COMMUNITY STATE BANK,80843,71746,1031,1.2070422897978585,15.75,-0.47571666170371935,0.49973405242259683,55,8,7.871779508687837,6569,21.467692307692307,579,33,3.7261133065906558,27863,0,1228,3277,6569,28442,75,206
27210,INTERBANK,4526022,3958366,173993,3.8238063321527846,30.26,-0.033322251888174365,0.4077090212994987,34854,1652,10.262621461283217,460307,10.775718119064333,36468,7501,5.9145173076623125,3868358,0,12726,1679355,546990,3904826,344,1627
27211,FIRST COMMUNITY BANK OF TN,785650,581828,2417,0.30172694672553235,2.86,0.022542025850193378,0.9961178641888881,324,3314,11.262186242811659,91262,17.275725701908403,3118,-1053,5.064259601146149,577673,907,1664,103972,84358,580791,161,26
27219,INDEPENDENT CORRESPONDENT BA,143926,67795,1016,0.700708018554969,5.44,-0.003762104571458668,0.6718730458707948,0,0,12.919948427093145,19340,22.311102332828582,1103,133,2.9255702627101536,76734,0,0,35275,19265,77837,0,3
27233,PEOPLES INDEPENDENT BANK,452245,412004,8431,1.8710907053996424,24.19,0.07043060430509696,0.16628155092925295,528,92,9.500826722118164,43268,16.005866432387243,1914,125,3.9731122992093963,190049,0,4012,84472,36418,191963,148,14
27235,STAR FINANCIAL BANK,2971005,2610170,26802,0.9029453969695237,11.19,0.012773207016019621,0.13557701855096171,4674,57,10.174152299210249,321076,14.408902867553092,18502,0,3.1656766731901183,1723153,0,12127,471611,245327,1741655,751,536
27237,ENTERPRISE BANK&TRUST,15568085,13276224,197336,1.3306538462778152,11.07,0.15801907504852,0.44075427388789307,16092,1590,10.506765496043403,1578353,13.431688334230286,137950,21508,4.222939282081341,11082515,3530,55415,4564938,1824554,11220465,21874,4424
27238,WINCHESTER COOP BANK,852112,686197,1330,0.16239391586920673,1.3,0,0.3965441162664063,7591,2509,12.248589102376586,103005,0,1946,31,1.7116940621654044,636226,0,1360,36232,103005,638172,0,0
27254,WAYCROSS BANK&TRUST,254546,235507,2164,0.8964277932383494,15.13,0.02084456210041719,0.02749994107155485,487,17,10.442996692680156,27218,18.182496734465385,2305,214,2.8642589214304595,141626,0,802,70116,14777,143931,32,4
27267,AMERASIA BANK,962146,780914,16940,1.907770233288541,12.76,0.009040149327075572,0.6738062622512592,0,0,14.353716933244042,136747,19.463083610662444,6888,411,4.564055210409647,749891,0,65,440478,136383,756779,67,0
27269,DEAN COOP BANK,474932,398310,504,0.10811325635841089,1.82,0,0.2099247892329849,134,0,7.9836412795769665,38711,14.267736032597975,3217,0,2.664713950003313,329552,0,2005,52073,27632,332769,0,0
27314,SYNCHRONY BANK,111939000,83902000,2405000,2.148157675666599,18.36,6.3662328257163665,2.1940521176712315,2360000,2417000,12.366424521457171,13806000,15.844874132946826,10512000,6580000,13.169273645969442,89941000,92550000,5971000,0,13983000,100453000,7500000,1241000
27351,BANKERS BANK OF KANSAS,216552,125176,2650,1.289702142073588,7.72,0.5437757277900042,0.23089142561601833,445,500,16.5807916203538,35205,22.716383519558182,2920,1005,4.6505752321823,142231,26053,219,32603,35166,145151,836,73
27362,PRAIRIE STATE BANK&TRUST,769429,668339,7831,0.9995287625856895,8.21,-0.0062215074401452105,0.14907158425273806,315,0,12.304558888837844,96420,0,5603,-32,3.259033062071328,518838,246,2265,123546,96421,524441,178,210
27381,FIRST METRO BANK,981881,888555,15726,1.599021593197356,18.69,0.06961334605651104,0.1348432243825881,417,545,11.491820639548418,116002,0,6436,1494,3.7313974932871163,563217,1900,4511,169296,88001,569653,432,42
27385,PORT RICHMOND SAVINGS,98599,59514,953,0.9682381317169616,4.84,0,0.6237385774703597,2359,0,20.356260510307887,19610,0,1039,65,4.976021308834288,88605,0,0,38226,19610,89644,0,0
27389,WELLS FARGO NB WEST,10455423,8762782,97589,0.8001484114640608,6.79,0.017169712358597676,0.4547974768691807,10039,2437,14.134221287577192,1514944,45.8189196490762,18797,-1125,1.4521061101333828,5644230,0,0,0,1511776,5663027,2134,1112
27394,FIRST BANK&TRUST CO,962968,830051,16897,1.8921298952716123,13.99,0.008527093188200373,1.80712131659619,16606,964,12.863772569793182,124236,18.354248306637324,10478,637,3.9943425467708216,721552,0,11522,235757,128305,732030,356,294
27398,PEOPLES BANK,167324,153250,2210,1.3072606796099278,17.07,0.006804932820190991,0.1798905118213765,168,0,9.777278532980567,17147,0,1135,-105,3.484029595101639,128795,0,748,31041,12956,129930,32,23
27408,ENTERPRISE BANK&TRUST CO,4827726,4190055,41400,0.8833219219804846,10.23,0.005468604159494654,0.5527861357500405,9729,0,10.141477184739525,492475,13.032012714975346,63498,1985,3.438730528286979,3919920,0,8080,1592077,419216,3983418,618,412
27409,COMMERCIAL BANK,270370,242404,722,0.25712690245417297,6.41,0.30946034336031736,0.26408255353774457,415,0,7.642909234188306,22113,11.957722272576435,2030,425,2.8520680989361904,167629,0,2899,66809,10905,169659,658,130
27417,SHOREHAM BANK,485279,424463,5132,1.1132610827179883,9.8,0.6062859210830992,0.7682178705445734,1827,0,11.003710332540598,53857,14.310254180002374,9079,4040,5.0895917171975364,419230,0,34521,124844,53430,428309,2922,466
27471,AMERICAN EXPRESS NB,193062339,149994141,6938249,3.6616722306958263,40.12,2.4883942220738806,0.6127958493240879,932174,563807,9.581138037726607,18748497,13.173683538345053,5578133,4361982,8.035520735361851,153621461,106679723,6655839,0,18549549,159199594,4557195,827192
27476,BANCFIRST,11405008,10086173,191310,1.7602927855213117,16.32,0.0946608349673525,0.43226624654713086,46644,7740,10.290234230415999,1157646,16.81073857235362,82519,4048,3.7848493170718123,6590732,0,192398,1844976,1208340,6673251,7346,1034
27479,FIRST FINANCIAL TRUST NA,16782,0,1281,8.058428323393976,9.08,0,0,0,0,87.80887168800237,11798,0,0,0,5.177699557170433,0,0,0,0,14786,0,0,0
27496,BANK OF THE LOWCOUNTRY,348732,323992,1425,0.39295883942295445,7.17,0.006116736696505467,0.09290802105915144,880,0,8.217914191807491,30729,12.112434095377063,2648,110,3.1647473408255298,267992,0,3565,84511,20186,270640,59,44
27499,COMENITY BANK,8094486,3260276,368167,4.580567307703314,30.3,7.486041189617959,3.3353692871913054,237060,269981,15.262669667738754,1190402,17.88826953067628,844391,450127,21.648810052694444,6143003,6987394,0,0,1110483,6987394,665729,140975
27503,BERKSHIRE BANK,587865,452805,3320,0.5638152221279134,2.62,0.00042430378114071527,1.714339176511614,14494,0,22.57611777847793,133994,68.07348411598768,9178,700,3.5493997844970004,196730,0,31,135536,128967,205908,1,0
27510,METRO BANK,1125263,970812,16375,1.5220591215167387,10.99,0.08839666429943395,0.43323205330664916,4442,1027,13.695179889813309,153499,0,7675,1250,3.5267250432419073,553862,0,10757,254718,147208,561537,516,44
27556,BURLING BANK,214026,184652,5197,2.3067124132819052,20.96,0,0.4583555268986011,0,0,12.834955628809041,28073,0,2818,530,4.591324815002153,170786,0,1184,48058,26808,173604,0,0
27560,NORTH ALABAMA BANK,177731,155867,2443,1.3950274665661653,14.79,-0.01173836361342047,0.16710646988988978,667,0,9.943426601968165,17541,0,1528,60,5.120801621754855,138017,0,1215,41545,17150,139545,15,31
27567,GLEN BURNIE MUTUAL SB,104996,95239,275,0.25955835438115626,3.13,0,0.6019276924835232,213,37,8.410915834360969,8935,18.676065955694803,364,0,1.2903572676684858,84518,0,0,124,8935,84882,0,0
27589,LAKE FOREST B&T CO NA,8463081,6451129,179447,2.1770616821566375,23.03,0.152245750530949,0.25500169500918163,21276,695,9.704285536500505,807848,11.772200577655257,40148,9068,3.7539362338289,6098505,0,690538,815025,780547,6138653,10846,1884
27619,PIEDMONT FSB,1281710,936474,-2073,-0.16263137406330055,-0.93,0.022573786139541398,0.07630431220790974,665,0,19.06415872359359,243370,0,6363,1479,1.9086864407500261,822184,0,323,169533,230167,828547,176,0
27643,FIRST FEDERAL BANK OF OHIO,283804,238948,367,0.13284029194459368,0.92,0,0,4955,0,13.562188097169331,39460,33.046383456079596,1187,345,2.6569951728771675,116360,135,43,16587,40163,117547,1,1
27654,HOME FEDERAL BANK,607746,547707,4271,0.6733169126614478,7.2,0.04179477523928544,0.3675877751560685,4231,0,8.938383504423065,55422,14.367409897755982,4749,-122,3.0940648354815345,458909,0,778,133879,56799,463658,563,361
27664,STERLING FEDERAL BANK FSB,534311,407418,-577,-0.10938446687489528,-1.7,0.03245857474398299,3.302383817664244,2628,0,7.919700963528868,42544,12.137624588544254,6927,3292,3.2544195808489245,360852,0,1021,194944,33971,367779,131,15
27677,HOMETRUST BANK,4595113,3780293,56897,1.2232237467723681,10.58,0.27894240184985025,0.6058610528185052,16163,0,11.681994006208098,516762,13.838298023410214,45285,7545,3.9706229383670957,3809176,0,3070,1409297,553065,3854461,12639,1823
27678,FIRST FEDERAL CMTY BANK SSB,560816,488398,4714,0.843421047452364,7.11,0.0056048978184013104,0.4209936949017146,4771,988,12.39552394055463,70905,18.37415217302069,5790,117,3.533513633327191,463034,0,5405,79428,68661,468824,124,98
27683,NORTH SHORE TRUST&SAVINGS,278887,210798,395,0.14778719541807314,0.71,0,0,394,0,23.527655934331946,64634,0,1201,71,2.8229416763140938,131574,0,191,3328,56028,132775,0,0
27686,SLOVENIAN S&LA OF CANONSBURG,601310,502013,4379,0.7414192447309963,4.69,0.01064303585229431,0.5940363539605196,2676,1369,16.106684496944705,95392,0,2423,-332,1.8668405027575674,249376,0,3700,34279,95392,251799,30,4
27697,FIFTH DISTRICT SAVINGS BANK,527052,418608,-91,-0.017972922902875905,-0.1,0.0010847422327032426,0.21174381275471868,4413,0,20.781649820280197,110777,43.90595178155334,1699,-1210,2.12402581716935,367289,0,3699,594,103865,368988,4,0
27711,ALTOONA FIRST SAVINGS BANK,312291,270773,2236,0.7250987282235276,5.89,0.015706851653660675,0.31316944772663957,4063,0,13.597377125962353,41805,0,2499,154,3.4580872755689933,183009,0,6943,72598,38759,185508,29,0
27716,MUTUAL SAVINGS&LOAN ASSN,43962,29879,-100,-0.26845349311685246,-0.72,0.047512559153136145,0.08871297939129248,354,0,37.80289036183853,13916,74.78256257955027,185,0,3.101873265494912,30625,0,295,598,13916,30810,15,0
27723,SECURITY BANK S B,214860,200042,678,0.305182704512923,4.9,0.9256371754636749,0.6143535325328121,533,0,8.074356870160916,18104,16.848015017729264,1162,38,3.507378826969634,113048,0,1402,53883,13946,114210,1041,14
27727,LYONS FEDERAL BANK,182016,154625,1969,1.1750299277556508,8.68,0,0.09669479606188468,46,0,12.359809903709008,20884,0,1540,89,3.878742734008167,118071,0,2228,3558,23824,119611,0,0
27742,MUTUAL SAVINGS BANK,312105,240971,1724,0.5460368619223539,9,-0.002476632967947416,0.5767289854375931,297,0,9.98176610077654,32791,13.068269548913644,2962,-15,2.8291240623038427,205542,0,217,81562,18844,208504,23,28
27752,HIBERNIA BANK,258531,222524,-1740,-0.6443322828989028,-4.92,0.1333951365476763,2.1556409096007827,4623,0,11.03727347932633,28285,0,2536,1295,1.921229586935639,192240,0,153,52433,34233,194776,279,1
27760,WEST VIEW SAVINGS BANK,351895,119221,1419,0.39751261871452437,4.24,0,0,0,0,10.16109641740803,33808,33.98083218768236,515,45,1.5970299573325561,79992,0,4,5202,33781,80507,0,0
27763,INFIRST BANK,605043,542962,3162,0.550009271187272,6.09,0.07259728427452809,0.23684267068621567,5657,158,9.311248939479048,55862,14.849769531421117,6551,240,3.3769947818945245,530710,0,2762,69872,53456,537261,412,41
27767,UNION FS&LA,150051,126113,168,0.11158683115982555,0.73,0.003185438722511655,0.03398844392906412,182,0,15.71526891491878,23519,0,1501,-21,3.03943618883595,124968,0,168,8819,23045,126469,11,7
27774,GATE CITY BANK,3768316,3274148,11517,0.3182925084108319,3.61,0.1592540252911484,0.6150227316392787,9007,714,9.489859121871518,354992,0,18189,4454,2.9586869231788033,2879833,0,306584,208784,324050,2898022,5460,868
27799,WILLIAM PENN BANK,793858,630859,-113,-0.01386575203421626,-0.09,0.0033889803913594555,0.30269897135255924,40,0,16.658412225158052,134541,0,2598,-1017,2.229329831946635,467510,0,1442,178041,119724,470108,18,2
27806,FAIRFIELD FS&LA OF LANCASTER,270684,238420,482,0.17628518114582442,1.55,0.022017827916811755,0.2755981144064666,2227,126,11.692637175984048,31666,0,1156,54,2.7468688414505644,242964,853,0,3724,31495,244120,72,18
27811,INDEPENDENT BANK,5328488,4717362,70582,1.3397042583204608,15.46,0.02295609617176258,0.16295429397607725,6980,0,9.575287699895382,512546,12.990504002810372,59379,4095,3.4857000153411173,3991181,0,549222,1056506,478188,4050560,3608,2711
27824,SALEM COOP BANK,567213,364594,-2914,-0.5255605678795562,-4.55,0.05167585444619916,0.38063302498356,1070,0,11.912110265492933,67930,19.03459419994202,2788,125,1.6662032399538202,474451,0,194,66145,62425,477239,422,183
27841,CITIZENS FS&LA,40966,26676,-50,-0.12153799034502204,-0.45,0,0,0,0,27.691750211378185,11463,59.02126801733696,272,0,1.9403988570185586,31357,0,58,0,11092,31629,0,0
27847,PIONEER SAVINGS BANK,55605,36155,-135,-0.2504470944426717,-2.73,-0.005912192122595215,0,224,0,11.187461259187106,6317,0,363,47,1.9862643413491379,35271,0,147,3377,4726,35634,0,2
27872,PIONEER BANK,982779,764895,18903,1.8458991119411892,22.72,1.1072135849651894,1.641264210977239,3968,716,11.402710496905213,118659,17.791730034975124,8172,7110,4.874034607540248,544239,0,3497,193782,87218,552411,7171,1163
27884,HUNTINGTON FSB,543827,413274,-3879,-0.6947862551611926,-4.38,-0.0275569247330915,0.22121005393259252,1348,1,15.730030174262783,85807,0,2301,0,0.8845889177746082,278456,0,1695,13915,87090,280757,0,77
27897,BLACK MOUNTAIN SB SSB,43810,37686,-155,-0.34376150492133406,-2.94,0,0,32,0,11.942861067234393,5217,0,62,0,1.8441308531109684,28584,0,46,130,5217,28646,0,0
27898,HOME S&LA OF CARROLL CNTY FA,124599,103737,336,0.27133711051818926,1.99,0.026602389125868625,0.6083515919068371,226,0,14.177194882284521,17674,24.828239437559198,985,0,2.3728489385791596,85326,0,2415,9065,17170,86311,32,9
27910,CENTRAL SAVINGS FSB,111058,76661,282,0.2551749848885736,0.97,-0.10468143676826638,0.6564137657800428,0,0,25.25818639798489,28077,33.835371655334065,1500,-83,4.057511218320885,96969,0,51,34898,29091,98469,0,101
27943,BRENTWOOD BANK,1019932,695749,-659,-0.06634903701269451,-0.7,0.006340314812481228,0.0729460395398909,7924,0,9.814993979839734,101245,0,4429,-1443,2.2372131296657085,772651,0,7606,301385,94362,777080,48,0
27965,GREENVILLE FEDERAL,257463,231733,-1520,-0.6134162198548302,-7.55,0.054446331691123416,0.3720923006412572,435,0,7.800177032081083,19563,11.605532170775707,1667,459,2.765910954741328,207751,0,1179,27022,19563,209418,173,66
27969,COMMUNITY SAVINGS,269690,198172,1366,0.6563703966379997,4.93,0.014177926817240357,0.5109570247320998,465,0,11.798463144842888,28927,0,2196,1112,5.13312133682504,226063,0,177,311,32519,228259,26,3
27981,CAPITOL FEDERAL SAVINGS BANK,9552474,6285922,50667,0.5274049795099309,5.37,0.001307790540947186,0.12085874298113768,31430,0,9.380485662591196,891124,0,24997,1815,1.809405287375031,7960109,0,4138,1179097,954312,7985106,171,67
27989,OSB COMMUNITY BANK,353596,285438,1143,0.3205126407605712,2.78,-0.01290920568366508,1.3670969128610053,1593,3104,12.055586348879563,42630,18.17085171899305,4276,-150,2.819237447329451,301974,0,582,53472,40878,306250,17,57
27998,GUARDIAN SAVINGS BANK,1318382,1158626,13954,1.135202689081537,9.27,-0.04306833114959151,0.149046331033039,5793,0,11.872155952999961,154348,0,11365,0,2.2852319550794515,1064722,0,0,33257,154348,1076087,0,445
28035,BELMONT SAVINGS BANK SSB,133814,95673,-260,-0.2007102053419793,-1.4,0,0.18308996069170638,1843,0,14.636211070351834,19710,0,415,91,2.082685477667392,112950,0,65,5958,18480,113365,0,0
28060,CITIZENS FS&LA,185131,167311,-51,-0.028150418171702097,-0.29,0,0.037270905466939626,673,69,10.554717355153464,19168,20.434339935552266,300,0,1.8335463794689077,141973,0,0,15251,17564,142273,0,0
28063,COVINGTON SAVINGS&LOAN ASSN,82355,68103,997,1.1817024575144186,7.31,0,0,140,0,17.25270994495235,14229,0,228,25,3.5969219068288227,47509,0,1,1160,14125,47737,0,0
28080,HARRISON BUILDING&LOAN ASSN,261207,202388,2365,0.9012675670958453,6.59,0.003304135786764293,0.279471836512804,320,15,16.75652662215877,45655,0,1112,120,2.854436819697333,124651,0,11743,20437,36102,125763,4,0
28088,WASHINGTON FEDERAL BANK,27670704,21566498,199156,0.7265401790114802,6.93,0.008050627492016871,0.27395038449328935,29972,0,9.116648668723352,2466082,14.096706723318208,204522,17500,2.654308912671407,21067729,4980,36278,3984964,3007190,21272251,4116,2414
28094,HOME BANK NATIONAL ASSN,3434439,2787962,39389,1.1632342264505684,9.32,0.039084823574275424,0.45445558939902553,9225,16,11.380626958591801,380777,14.51026508698984,32916,2521,3.983359471750535,2686101,5907,19760,1160689,435839,2719017,1285,249
28103,COLLINSVILLE BLDG&LA,119725,85088,86,0.07064664683084071,0.25,0,0.06849029024848612,53,0,28.45888765552776,34355,0,631,-85,2.1341870081365877,85906,0,16,388,34355,86537,0,0
28105,FIRST ROBINSON SB NA,468668,391459,3663,0.7723393300151347,11.79,-0.0604209431709229,0.23833502607389453,947,0,8.555521906334397,41246,15.462534544295506,2833,-236,2.7476590854789347,252199,0,8449,58735,33534,255032,90,242
28116,YAKIMA FS&LA,2031889,1433948,12108,0.5862357198246444,2.34,0,0.11742767444481465,796,9,26.146503383665713,538784,0,4355,416,1.7368998462071727,822084,0,64,14741,523024,826439,0,0
28155,PROFILE BANK,295833,257082,-69,-0.02310095115655414,-0.25,0.000584402985597973,0,1275,0,9.428805132641486,28011,17.610943624678193,788,-20,2.461301206473916,174004,0,240,27653,27363,174792,1,0
28157,CINCINNATUS SAVINGS&LOAN CO,165670,134603,1007,0.6752226155991846,3.95,-0.024186052939814736,0.06820788314118428,196,98,15.994521563866245,26743,0,1201,12,3.254403207539801,115257,0,2260,41603,25701,116458,0,28
28167,EASTERN CONNECTICUT SB,263872,235621,-447,-0.16812930384688876,-2.36,0.0012881695368515246,1.476473441668688,810,0,6.995142156638799,18374,11.449306076626552,1595,-125,2.807034535079861,224541,0,4770,42114,18644,226136,6,3
28178,NORTHWEST BANK,14463103,12450294,113694,0.7858922559094785,7.34,0.3175619768777093,0.540644701209692,70157,656,9.49649790840276,1341230,13.814100245913497,116819,24505,3.55719660410518,11142270,45301,262277,2038510,1591192,11259089,47102,10999
28186,MCS BANK,207215,180644,1449,0.714992741516061,6.41,0.4546992897682312,0.6486016938928166,1367,15,11.43218638201332,23583,0,1819,673,3.9506696387728546,168225,0,6622,49695,23381,170044,763,16
28208,SAN LUIS VALLEY FEDERAL BANK,379250,316424,3947,1.0406620160737063,7.08,0,0.23731048121292025,101,0,17.301823555236698,64632,28.048181742531415,2598,0,4.397095772706448,260256,0,1296,33200,57390,262854,5,5
28213,WINTER HILL BANK FSB,431617,303489,64,0.01449880135690657,0.16,0.0006229935713293374,0.12441585943093066,470,0,9.349858464600027,40594,16.258319594553335,1865,-85,2.1556246721127184,319153,0,400,25527,40594,321018,2,0
28217,WARSAW FS&LA,94204,65495,-184,-0.18130543857194378,-2.98,0,0.40550295104241857,266,0,8.876357992757372,8579,14.923051735428947,521,-101,1.862651711709036,75653,0,0,3573,7169,76174,0,0
28222,HADDON SAVINGS BANK,398452,317700,-1665,-0.43099253049822217,-7.88,0.010509129089364858,0.2984048266792487,9843,0,8.927208950375576,35452,15.668658000178837,1208,214,1.243511635067963,226952,0,47,33788,20127,228160,53,31
28246,HOME SAVINGS BANK,107414,81781,748,0.7158552364619143,4.33,0.2604499011592625,0.15547321578192788,104,0,16.42156160116198,17185,25.0065639466593,939,140,3.7446099528280437,76818,0,2403,3756,17497,77757,234,34
28262,ESSA BANK&TRUST,2192815,1710448,16227,0.7374565579143583,7.43,-0.009943148182335037,0.5338343635920039,15959,0,10.042652739340923,220053,14.521863501308513,15082,-1570,2.7535092417887026,1756230,0,1801,462019,228063,1771312,75,248
28263,CFBANK NATIONAL ASSN,2058363,1759035,15759,0.7702859565026721,7.82,0.31779286216002867,0.7150828109521984,1607,181,10.325373634678552,210675,13.602313788331871,17474,6737,2.5664216074994233,1724642,0,0,414122,209137,1742116,5604,125
28266,CONNECT COMMUNITY BANK,70048,58819,-1278,-1.7585042531585655,-25.19,0,0,247,0,6.30608745355816,4413,13.170257573303093,600,-116,2.3552265895298055,58356,0,763,36,4413,58956,0,0
28277,OZARKS FS&LA,288692,208071,117,0.04303806035922434,0.31,0,0.7887298574259072,898,13,13.896794211076207,39504,20.06006006006006,2085,145,2.5151037132552676,232113,0,642,6132,37623,234198,0,0
28288,AUBURN SAVINGS BANK FSB,102307,74614,32,0.031004987927432826,0.53,0,0.13391068059859051,493,0,7.820299500831947,8037,13.025754231052245,805,-76,2.594130308378133,82351,0,3246,6727,5875,83156,0,0
28302,MUTUAL FEDERAL BANK,97088,63385,-228,-0.23587247988876753,-1.49,-0.013115066827226879,2.140326301911668,1626,0,16.45781576614536,15038,24.41785252263907,1318,0,3.429562566521688,83790,0,0,2966,15038,85108,2,13
28314,RIVERSIDE SAVINGS BANK SSB,92724,71638,-217,-0.23102359421610605,-1.38,0,0.007549286053233252,545,7,18.60565741792417,17200,0,353,23,2.81759128044663,54425,0,377,2818,15322,54778,0,0
28315,RG BANK A SAVINGS&LOAN ASSN,140147,120262,211,0.1544719256426325,1.66,0,1.8509136834894788,22,0,10.878461771647576,15072,0,1355,45,3.5793557001536156,104696,0,816,11804,12687,106051,0,0
28316,FIDELITY BANK,1227812,901344,-6349,-0.5242600534647818,-3.67,0.20014597617873076,1.1075799878157242,7717,0,19.547113221694577,254176,30.332042806360388,6244,1530,4.282191135127856,777461,1931,1736,184422,237965,783705,1661,172
28332,SOUTHERN BANK,4856974,4226907,54790,1.1768166223296692,12.25,0.025818710268842814,0.22096062280753406,7449,0,9.79838701232882,467872,12.730490285532312,54740,4891,3.3794463177662966,3972289,0,33815,1317877,468216,4027029,1178,179
28348,BELMONT SAVINGS BANK,515624,383500,1607,0.31970683261447375,2.73,0.014287959536498593,0.6683164476440197,6635,405,15.983675120899813,82166,0,2525,526,2.2132765141091464,314123,0,17062,56459,58846,316648,80,38
28349,HOME FS&LA OF NILES,156298,84121,929,0.6050847965443079,6.75,0,0.5841405520224188,1531,0,8.972120384270923,13925,15.27407815641489,1028,-43,2.126309737408182,119461,0,14,14801,14061,120489,0,0
28359,OCEANFIRST BANK NA,13331830,10217492,102560,0.7691000208427906,6.12,0.015389307370863449,0.2808241629243697,33716,0,8.990464750070725,1161564,12.607357621120702,73607,7689,2.8248702782538757,10076639,0,17366,4163377,1696671,10150246,2221,664
28362,CENTURY BANK,1472060,1351285,7497,0.5191115734668552,7.04,1.9531652860173356,2.089792535630341,322,0,8.857140591819503,134053,13.859413638745105,12222,13086,4.106738835757141,800865,0,96721,291379,106553,813087,17526,292
28368,MIDDLESEX FEDERAL SAVINGS FA,631344,575410,4300,0.6722747934162097,9.22,-0.0034438289219235366,0.04688410755467701,339,0,9.235687048035489,59605,14.303199898402022,5962,275,3.7478381012703927,495640,0,0,113685,49382,501602,6,23
28369,ROCKLAND SAVINGS BANK FSB,93759,74708,-307,-0.32446531920200555,-3.33,-0.00494279945332638,0.2218453695111936,150,0,9.004995704330671,8490,13.824780180698276,626,34,2.910911487466909,80745,0,378,6527,9043,81371,0,4
28380,ADIRONDACK BANK,932034,837998,3123,0.32385407713928277,4.84,0.018751514545405593,0.914344326494527,4029,252,8.498521336791045,81240,17.45330800242461,4488,256,3.56004599015019,618450,0,4923,144071,64522,622938,223,106
28390,EDWARD JONES TRUST CO,134495,500,7309,5.585366934688881,6.04,0,0,0,0,96.77211604863552,124717,353.035921533105,0,0,3.729465935828611,0,0,0,0,124717,0,0,0
28396,FIRST PALMETTO BANK,975274,882086,7681,0.8132345156167284,8.8,-0.010465460682411117,0.0806952712776102,778,0,9.041733904283555,88641,14.345346728800845,11889,0,3.0128960729283545,709977,0,5262,325813,88646,721866,20,93
28400,WESTBURY BANK,816722,730952,8257,0.9929573027157268,10.91,0.04697186508083919,0.013713356564412369,0,0,10.407105759448863,87466,14.982204872881693,6093,180,3.6327443739531837,609493,0,621,192720,76422,615586,325,19
28401,EUREKA SAVINGS BANK,413028,304478,3946,0.9682475651493692,4.95,0.07495935215241017,0.6154546423002799,806,96,21.270143946779836,89013,37.871436233857324,2659,-376,2.868722648217761,248294,0,902,37855,81670,250953,190,9
28405,FIRST FED BANK,2218647,1692893,-3116,-0.1408316643093784,-1.73,0.8118953362780081,1.3741257622325678,4877,0,9.393241809992363,208836,13.611143058560767,20449,16498,2.826270605244447,1671794,0,134421,382540,178693,1692243,14180,403
28425,CENTRAL FS&LA,194964,166549,-97,-0.04934332679830992,-0.53,-0.0060626636919196815,0.5226605937506411,124,0,10.31790752712408,20142,0,1488,0,2.4612827438507887,127792,0,116,2831,18347,129280,0,8
28445,FIRST FSB CHAMPAIGN URBANA,190794,165358,3783,1.9641887324206926,17.26,0.0019591094672005895,0.06918456555237586,99,0,11.699057046820501,22171,0,991,58,5.706800972008449,106950,0,670,16455,22554,107941,7,5
28453,TIMBERLAND BANK,1908932,1632142,25024,1.3124566845762318,10.39,0.020952148286477727,0.15710355319099895,1287,0,12.22837667335047,233573,19.78213338241454,17288,848,3.6215410859049855,1412230,0,2569,597054,246989,1429518,343,49
28463,LIBERTY BANK,59141,50628,153,0.2574959945067521,1.84,0.06640245479390774,0.5562976615207724,821,0,15.983566307657055,9765,0,64,14,3.320220532347587,28988,0,525,1151,8467,29052,19,0
28471,ROXBORO SAVINGS BANK SSB,327638,263859,3124,0.9623785166555558,6.06,0,0.17427770893486103,0,0,19.302456414991653,63131,41.84612416808668,2145,119,3.0317059742421884,173702,0,886,19782,52641,175847,0,0
28478,FARMERS&MECHANICS FSB,120577,108864,-3449,-2.7665923347183674,-51.98,0,0.8276868722890766,196,998,6.345420212074647,8300,11.668592401277781,266,24,2.0171413730412953,65440,0,170,9280,4280,65706,0,0
28480,COLUMBIA SAVINGS&LOAN ASSN,24097,21779,9,0.0359637485414702,0.42,-0.05693346031220239,10.503382163754823,1108,2030,8.498997661209488,2035,12.955721679125935,247,15,4.929322857419998,19421,0,302,5972,2174,19668,0,11
28481,COLONIAL FSB,362466,280968,130,0.035987294823975065,0.2,0.0005819752939848197,0.06373011537633876,113,0,17.68088761275653,63918,34.36280270281613,1407,-203,1.9309962546114217,167152,0,1523,14862,63918,168559,1,0
28489,BANNER BANK,16210663,13590110,178788,1.1256418336223701,10.14,0.02416851705093829,0.242574902704473,26824,404,10.834512984826723,1726457,14.032799599333915,155521,7581,3.8213889137769823,11231156,20785,60367,4349664,1813001,11386677,8366,5681
28507,ARGENTINE FEDERAL SAVINGS,67011,50786,33,0.05178956487349222,0.41,0,0.38948829296682635,416,261,12.490516373771,8067,0,348,0,2.1442521068233464,43100,0,49,1244,8067,43448,0,0
28513,WATERSTONE BANK SSB,2207930,1399098,18347,0.8205474711332499,5.68,-0.0021648850023911156,0.27944726508539675,9486,0,15.549978077426218,346145,20.28936289223055,18247,-168,2.270910175186849,1798238,825,0,313494,328145,1816485,88,128
28515,TRUSTTEXAS BANK SSB,380260,345091,-2910,-0.7236433428045234,-48.08,0.035237995108273065,0.16751696207857783,1462,0,9.552065044924937,40696,22.689249803363023,1870,63,1.962316773838097,172839,0,1170,23210,1679,174709,81,20
28530,FORWARD BANK,1120885,957503,9128,0.858565289243761,10.51,0.040508243427537505,0.2991386270670051,603,0,8.402898443230981,92899,11.878002447300021,7798,1940,3.7354883345682195,802216,325,10194,153867,92162,810014,365,53
28533,FIRST BANK RICHMOND,1500367,1101725,10379,0.6995934148301132,8.71,0.13119227997024915,0.45415554994211416,4122,1714,10.748492511437297,165471,14.226618987123388,15791,550,2.6984185742640507,1160702,0,6476,364118,119821,1176493,2042,536
28543,CUSTER FEDERAL STATE BANK,127099,98477,698,0.5686975197292413,5.29,0.001371964186246882,0,646,0,11.491142309647648,14692,0,748,0,3.2619755757239877,72207,0,347,3565,13253,72955,1,0
28555,VALLEY CENTRAL BANK,179699,131295,468,0.2679190930137234,1.28,-0.000674059754049077,0.09571561333118159,2063,110,20.502662359609705,37003,0,1779,0,3.2567316562522532,148743,0,603,53275,36872,150522,0,1
28585,MAPLE CITY SAVINGS BANK FSB,127780,113138,401,0.3189805350281991,4.18,0.019941309577286216,0.4492095789638441,576,0,8.49680954527125,10746,15.1878716591518,875,46,2.5319827134400423,94865,0,1201,7588,9958,95740,24,5
28593,STURGIS BANK&TRUST CO,955648,813894,4291,0.4576135331603978,6.25,0.7123368417525973,0.6784924993302973,5391,0,7.890025656725304,74482,12.324349399542948,9289,4585,3.3668029400898214,772088,0,10009,217632,69557,781377,5525,82
28599,OLYMPIA FS&LA,992701,689733,1128,0.11543014511452145,1,0.002667795871901173,0.2561697832479266,4420,0,11.9152867672581,116715,0,5139,289,2.1276288443665488,837582,0,3037,57487,112847,842721,22,0
28614,EQUITABLE BANK SSB,320269,289757,-1787,-0.5327108932968455,-6.29,-0.0013722409380639052,0.14050688639862116,1712,0,9.556070332292064,31723,0,2668,-175,2.376063251536008,275585,57,65,22630,27684,278253,1,5
28635,FIRST FEDERAL S&L BANK,113991,95377,4127,3.7355921280112385,29.88,0,2.153678799203446,1803,0,12.084121408628299,13417,0,1011,75,4.864733086095063,98249,0,0,2556,13417,99260,0,0
28637,MILTON SAVINGS BANK,77249,57782,-538,-0.7074795580488292,-4.17,0.013778849466069583,0.0064725756967727735,1145,0,20.378748027354025,15496,43.930922411656155,469,73,2.432940624240985,46237,0,643,5111,12386,46706,6,0
28652,FAIRVIEW SAVINGS&LOAN ASSN,55997,42434,640,1.1763192236293125,5.3,0.002338087444470423,0.010714859724628104,18,0,22.15435469962633,12332,0,240,0,4.034129718592093,42293,0,891,4101,12332,42533,1,0
28663,BROOKVILLE BLDG&SVG ASSN,42775,33769,-478,-1.1294362270214073,-5.49,1.993598023249284,0,0,0,20.90504382945523,9110,0,122,340,2.8596066925699786,29290,0,21,1664,8499,29412,568,0
28667,HOMESTEAD SAVINGS BANK,70802,64873,331,0.45412388389794694,6.03,-0.0018983472988416284,0.5946159713002458,737,0,8.398163155051323,6218,17.223663592694393,549,-14,4.24550529215601,52058,0,123,17089,5693,52607,3,4
28677,CONNEAUT SAVINGS BANK,74828,62549,-15,-0.019427384322877946,-0.16,0,0.5385684503127172,193,0,14.845234686173953,11405,0,290,2,2.9220589747366255,51014,0,50,5768,9268,51304,0,0
28679,NORTH SHORE BANK,2635737,2092916,22512,0.8667001201414531,6.4,0.00961907118875932,0.1213702277579288,344,0,12.968448918929957,336642,0,13737,330,3.6482767792876736,1902038,0,624262,102158,364218,1915775,430,246
28701,AMBLER SAVINGS BANK,498119,424354,1683,0.3340061085609159,3.05,-0.002462096031593616,0.30976533719854094,157,0,13.540466184727737,69790,22.774144553510908,2783,0,2.430655575977424,329597,0,0,81041,55033,332380,0,8
28703,VERSAILLES SAVINGS&LOAN CO,61437,45729,307,0.527600192479549,2.63,0,0,96,0,19.614237488119038,11969,0,492,27,3.574219523701487,43973,0,408,1163,11756,44465,0,0
28706,FIRST FS&LA OF GREENE CO,1017770,866045,1871,0.18118275248654203,1.29,0.01258235073662174,0.360985291372314,6632,143,15.149464416326586,155134,33.459999743820745,1600,-168,2.2520047998576,671636,0,2522,11269,146207,673236,84,0
28708,GSL SAVINGS BANK,156299,124095,-1052,-0.6637324476837504,-8.87,0,0.5847766140538327,1134,914,7.196443966176103,11770,13.466542452375599,799,50,1.9950078531124238,114946,0,0,24140,11306,115745,0,0
28710,NORTHFIELD BANK,5660674,4184478,31812,0.5566430107968656,4.47,0.16139887787265914,0.3997227185313975,9526,3466,12.459467802438954,703516,0,35183,4563,2.17715526548622,3991938,0,2165,896424,724300,4027121,7009,376
28712,FIRST FS OF MIDDLETOWN,179859,109696,2668,1.5311861527513142,4.28,0,0.41143340060825423,101,0,35.48844954569331,63508,0,1987,681,4.968444960938158,150785,0,0,86295,63508,152772,0,0
28722,KENTLAND FS&LA,3252,2946,-42,-1.3827615723974451,-13.29,0,6.949569495694957,160,0,9.262117937635072,300,0,34,0,2.0098730606488013,2794,0,0,203,300,2828,0,0
28729,ASCENDIA BANK,392379,289290,-588,-0.15241966213641558,-1.63,0,0.18451548120567104,1124,0,9.298627817414019,36024,14.081921586259947,1851,-261,2.0101652212048795,320003,0,0,35834,36039,321854,0,0
28735,GOLDEN BELT BANK FSA,337520,257615,3838,1.191287645993263,11.16,0.003948819785517659,0.5442640436122304,1739,522,11.16810171353703,38017,0,2550,285,3.632540423250674,240189,0,5204,27798,35708,242739,16,7
28747,HOYNE SAVINGS BANK,450904,369866,-1600,-0.36073881112211864,-2.07,-0.0023719255101537387,0.3960931816972127,212,0,19.859837048863042,89067,0,2126,468,2.4132963791393345,240982,0,0,58170,77374,243108,0,5
28765,KEARNY BANK,7719887,5700603,-69695,-0.8963444143769554,-9.48,0.07800287680016636,0.4883102563547886,3016,0,8.633609170159374,658410,14.490305042041182,44457,4477,1.8694685381476277,5752996,0,2648,945996,698889,5797453,4525,24
28769,FIRST FSB OF ANGOLA,138446,106901,1062,0.7734549109288742,3.45,0,0.04983892636840356,249,69,22.38583104709648,31333,0,1025,6,3.210093016987752,96439,0,436,0,31328,97464,3,3
28778,SOMERSET REGAL BANK,1063443,831688,279,0.026518401869937026,0.14,0,0,2076,0,15.878413962869192,162809,0,5086,-95,3.2324123091393777,775752,0,36,129046,188935,780838,0,0
28780,ARUNDEL FEDERAL SAVINGS BANK,455537,346002,-387,-0.08497027357793355,-0.62,-0.009581093860538632,0.9000366600298109,7631,215,14.709421275080034,67726,0,2235,-7,1.9754494748305884,377322,0,88,79149,62707,379557,0,37
28788,STURDY SAVINGS BANK,1121383,996346,3600,0.3116954361554238,4.8,0,0.16533155933343022,23,0,8.590017324689034,101545,15.65908164873763,3680,277,2.689345818465486,603180,0,351,263205,79697,606860,0,0
28790,SUPERIOR SAVINGS BANK,87286,69230,645,0.7433804563549232,4.16,-0.004217202813717717,1.239603143688564,677,159,17.20294609685619,15836,0,1678,106,4.213845156486354,73420,0,1980,12009,15836,75098,0,3
28793,SHARON BANK,164604,136688,-628,-0.3734818379588385,-3.97,0,0.5048479988335642,771,0,9.701894395469424,16035,0,1244,187,3.2293637846655794,126302,0,173,39221,15723,127546,0,0
28805,SUNNYSIDE FS&LA OF IRVINGTON,88439,77718,-7155,-7.952226623454567,-45.85,0.527662527286658,0.05766686642770724,11,0,12.340531256413858,11424,22.972710686696946,413,219,4.0621920802021165,42460,0,2276,15118,10365,42873,235,16
28808,BANKFINANCIAL NATIONAL ASSN,1426058,1233186,5999,0.4133552540009123,3.71,0.5976664569985364,1.1874692333691899,4817,0,11.232985730545856,159779,0,7571,5025,3.6412917113288694,887586,0,1623,108153,159810,895157,5916,61
28812,ARMOR BANK,466619,416824,1000,0.2192199802351266,2.89,0.0008692668950713725,0.016073070320754192,1102,0,8.847158410123352,41054,11.486825133122508,4051,515,3.1068271123483835,362316,0,2559,117396,36428,366367,11,8
28818,CREST SAVINGS BANK,556830,476739,1449,0.25437109248961015,3.08,0,0.03196666846254692,1439,0,8.379042768490688,47447,13.799454091155233,2672,-714,2.5025496835720213,455479,0,25024,104334,47447,458151,6,6
28834,COLUMBIA BANK,10472322,8149723,-9981,-0.09389021799952145,-0.98,0.12197473896540792,0.23490492366449392,45118,0,9.644690787440389,1027004,14.40523688961616,59958,12789,1.9111976335851002,7860414,1859,1003,2221451,1045422,7920372,10198,610
28836,UNITED SAVINGS BANK,434760,318768,3887,0.8793894815334996,5.11,0,0.023921243904683042,346,0,16.83263603019528,75034,0,1318,0,2.938381675516657,167060,0,116,54082,78015,168378,0,0
28837,BRATTLEBORO S&LA,287826,255992,2552,0.8972519899867804,9.33,-0.02779429442694617,0,688,0,9.424696385971409,26983,17.853099697290382,2239,-190,3.819362490999644,203503,0,533,65241,28739,205742,0,56
28841,COMMUNITY SAVINGS BANK,412647,366587,-3020,-0.7112958491412162,-6.54,0.00938996525712855,0.08166786623918264,1862,0,14.101813653355972,60469,0,2123,47,1.5096704862058792,226167,0,28,28922,45246,228290,23,2
28845,FIRST FSB OF TWIN FALLS,1476943,1274265,5847,0.3847314959744991,5.39,0.006115180888021331,0.02478091571577238,5590,0,8.302754741688458,127570,13.114725921116083,9531,479,2.6829061089053745,1023419,0,6330,242286,111480,1032950,90,27
28859,FIRST PIEDMONT FS&LA GAFFNEY,568873,406636,11976,2.137193701917157,7.98,0.0006126054600299442,0.5217333218486376,413,0,27.83289172598995,155570,0,6014,0,4.675607880751955,478061,0,690,74686,156634,484075,3,0
28860,CENTURY SAVINGS&LOAN ASSN,74595,62070,-132,-0.17213679137020887,-1.35,0,0.38072256853676517,139,0,17.94219417870955,14104,0,319,-354,2.263675571007349,40407,0,358,4831,9746,40726,0,0
28865,MIDCOUNTRY BANK,1141476,946325,-6259,-0.5221300905598313,-4.95,2.349209194244217,2.036310881700535,4400,107,11.189116583673483,128618,15.030045308968603,14070,22616,3.4340720451320443,807960,0,42144,356790,123220,822030,21134,373
28868,BROADSTREET BANK SSB,442449,343628,-972,-0.21574752744898973,-2.3,0.05041950437979779,0.5887684230272867,519,0,10.837461825585342,47907,0,3222,158,3.035488323938801,293709,0,3354,56068,43273,296931,168,25
28870,WALLKILL VALLEY FS&LA,462322,398289,1108,0.24403824264273155,2.66,-0.003459134725750365,0.08716868329865332,1504,0,8.72345058294899,39663,13.711926810219794,3320,206,2.994807324944357,325217,0,1276,55100,42320,328537,50,61
28894,SECURITY FSB,411327,355644,1435,0.36837962765676163,3.89,0.016414043593073538,0.17066713344857012,653,0,10.580393843196276,41828,15.513670899160967,3022,170,3.3578921836153053,323905,0,548,78681,37433,326927,120,70
28905,FIRST FINANCIAL BANK,1821994,1508434,31281,1.8036339063109024,15.59,0.16241907540804232,1.9345837582341108,35381,0,10.952059867756017,194587,0,14865,3938,3.9091890210597544,1455787,0,18474,176927,205352,1470652,2599,319
28908,IRON WORKERS SAVINGS BANK,213156,179876,-115,-0.054337502988562665,-0.75,0,0,1432,0,8.877043552487521,19135,15.01178230783617,932,-8,2.1249738691728255,157953,0,2,54215,15349,158885,0,0
28914,EVERGREEN FEDERAL BANK,611912,512058,2343,0.38456488198798544,3.24,0.03380867360484256,0.5803122017545006,180,0,12.639384956657798,76579,0,6419,52,3.3336203123766888,485224,0,991,221875,74127,491643,297,134
28924,FIRST FEDERAL SAVINGS BANK,414443,321011,9,0.0022495680829280776,0.02,-0.022341497232362402,0.7687426256445398,823,0,10.60280426689224,43118,0,3092,145,2.5788780224886567,289480,0,1379,46842,42011,292572,27,93
28925,SECURITY SAVINGS BANK,245726,212210,1304,0.5277211430828466,6.1,0.03959628177260265,0.11028543988019177,454,0,11.22864922195311,28373,0,1648,60,2.837236500182244,151357,0,1818,9429,22229,153005,60,2
28930,VERIMORE BANK,466463,405861,6934,1.5407135899204358,15.17,-0.0018650035808068749,0.06988764382169646,459,0,10.319008998806547,47382,13.3812282853317,4767,108,3.763503997913891,383941,0,1972,119899,46782,388708,8,15
28942,CARTHAGE S&L NA,299311,247764,465,0.15494122562841164,1.14,0.0018176530463865058,0.18408945879035518,884,0,12.507332402234637,35821,25.901041884015637,1419,18,2.280307440955721,223782,0,3716,1938,41879,225201,6,2
28949,AMORY FS&LA,71074,61365,261,0.34944530578472566,2.8,0.04478189183137582,0.44460702929341245,3610,222,13.321990063295447,9787,0,532,0,1.9394237219818842,49248,0,465,440,9508,49780,22,0
28983,LADYSMITH FS&LA,89366,66088,386,0.44045423840213244,6.29,-0.013849264604049526,1.0149273773023297,2368,0,8.80558172925921,7850,16.21887856604794,547,84,3.002895781417751,67495,0,1108,2748,6302,68042,46,55
28989,WCF FINANCIAL BANK,226661,161918,-32,-0.015300375050443423,-0.16,-0.005580585515032237,0.5351604378344752,3285,407,10.142956617643623,21704,14.551214761790336,1262,161,2.415925984765504,166852,0,1419,6227,20255,168114,2,11
29005,FIRST FS&LA,23415,17535,47,0.19420524602085848,0.92,0,0,62,0,21.40779522978476,5152,0,145,0,2.8964024589865778,14431,0,71,465,5152,14576,0,0
29009,LIBERTY BANK FOR SAVINGS,861804,659755,430,0.05037245156395919,0.23,0.0007300034711665055,0.19563613072113845,360,632,23.545173973028795,206668,50.61713195978322,3016,0,2.0704753890475303,560774,0,0,1608,192384,563790,37,33
29011,MECHANICS BANK,820571,754443,4017,0.4912823974874519,6.53,-0.0009344199183441581,0.255310021923758,751,65,8.634855986147356,70811,16.857470894550456,6562,-77,2.8341733609392197,654671,0,1801,28866,62750,661233,6,12
29012,HERITAGE BANK,7102467,5689346,50260,0.706597375697909,5.77,0.05518480566058254,0.07425588883411918,3256,1195,9.912555060263509,690779,13.194971972588942,52468,6282,3.3732778084160677,4749655,6902,4801,2337513,877952,4802123,3491,977
29024,BEDFORD FEDERAL SAVINGS BANK,256513,221175,2552,1.088456728726898,11.12,0.10977559901431343,1.1933118399457339,896,0,9.522615642343503,25068,0,1829,527,3.8591987760892406,203005,0,4490,26257,24266,204834,247,46
29035,HANCOCK COUNTY SB FSB,481395,378737,3096,0.6580057579754506,3.66,0.047754689678507746,0.3485703008963533,1808,0,18.036759785881564,86259,35.94225626796952,4415,297,3.1505205662186175,419220,0,8373,6848,86194,423635,209,10
29047,FIRST FEDERAL BANK OF KS CTY,982243,677392,-6749,-0.691909062091585,-6.31,1.3219547052200533,0.5273644098252672,3558,642,11.446231150748966,114353,0,15087,7116,2.5157160239961645,751382,0,128159,0,105103,766469,11114,1087
29056,FIRST FEDERAL SAVINGS BANK,622490,470268,2033,0.3196486600542003,4.14,0.01589301159186077,1.519060547157384,3797,183,8.4058696199505,53085,13.346647607192445,5115,0,2.758209189015392,466365,0,371,84889,49180,471480,86,10
29058,FIRST FINANCIAL NW BANK,1424086,1142188,2599,0.17816706874794688,1.69,0.0034502615470765764,0.05912564269292725,1280,0,11.156065912518434,160671,16.649593649412537,15066,-50,2.551175880315017,1140186,0,83,375220,155602,1155252,41,1
29059,TUCUMCARI FS&LA,38149,27690,108,0.2749658838625578,1.92,0,1.2451178274659886,109,244,14.817584117571226,5747,0,290,0,3.157276552641929,27457,0,193,2696,5638,27747,0,0
29061,TARBORO SAVINGS BANK SSB,54775,47031,-416,-0.760957049828053,-6.02,0,0.5257873117298038,2527,273,12.02958686631788,6668,0,165,0,1.6546485476783148,40745,0,0,0,6668,40910,0,0
29066,DEL NORTE BANK,140781,120234,1304,0.9229963405743246,10.7,0.02630646683105286,0.36439576363287657,1439,205,9.962800556952555,14382,0,1304,120,4.4057722356689855,112761,0,289,30639,12666,114065,30,0
29087,SOUTHWEST HERITAGE BANK,914409,797133,-480,-0.05552729062220411,-0.52,0.07013730958698758,0.5144306322444333,4089,0,11.061981336209785,102347,14.99694485291649,10160,3825,3.7631066811700373,665932,0,0,410102,105171,676092,892,426
29089,NEWPORT FEDERAL BANK,270693,248195,1263,0.47043556448170515,6.7,-0.004196581297012202,0.250837664808473,989,0,10.210108228623739,27660,22.54374417834846,1628,0,2.263074147392688,119807,0,1227,12409,19050,121435,4,9
29090,FIRST FS&LA,293041,252029,421,0.1500179950326583,1.14,0.0004988934543183219,0.44840141823157853,520,0,13.608078565211729,39713,0,1377,39,2.554628156289237,205388,0,535,25826,37301,206765,2,1
29093,INVESTORS COMMUNITY BANK,96044,83362,476,0.5065284709437817,5.11,0.06025693557328448,0.24363833243096913,804,165,11.280395301460707,10410,0,598,160,2.5589899284640736,44251,0,1019,10108,9150,44849,25,0
29120,PYRAMAX BANK FSB,570978,405503,501,0.08908909336110209,0.85,-0.029168009713441606,0.2951076924154696,754,0,11.109078523505133,63764,15.68658302434931,4329,300,2.401831539925001,414943,0,146,109852,59238,419272,23,141
29121,UNION SAVINGS BANK,179745,166433,-72,-0.039284841289241194,-0.63,0.018595754854820283,0.25369273136944004,748,220,9.296523083621262,16655,15.643664675767917,947,105,2.6472888111141346,109107,0,249,22837,11622,110054,24,3
29135,FIRST FS&LA OF VAN WERT,183124,151873,369,0.22120047716959304,1.56,0,0.26211747231384197,3368,0,14.834893495604842,27036,0,223,17,2.5692470455941883,116612,0,717,10129,23884,116835,0,0
29140,AMERICAN FEDERAL BANK,794850,612527,5082,0.6523579234530761,7.92,0.0022274195344693173,0.002138768321066868,2096,0,8.741061972413535,69741,13.207608636014484,6986,750,3.426585504629177,685948,0,3685,89426,68095,692934,28,13
29143,ARLO BANK,119077,84798,-557,-0.7176984171979611,-3.93,0,0.9867564685035733,314,610,23.791943893133695,23136,0,1301,985,1.4665687153614297,74746,0,75,24371,29445,76047,0,0
29147,NORTHEAST COMMUNITY BANK,1992391,1675796,47578,2.5151698926477404,17.28,0.0796966439252165,0.2569776715514174,931,0,14.39005117265824,284271,13.879502428776478,4801,740,5.6143155816553065,1792640,0,0,29445,292921,1797441,1347,0
29164,FIRST FS&LA OF VALDOSTA,249081,189202,940,0.40367082791169057,3.01,0.016855080021971093,1.2341366864594248,15011,0,12.689516359976762,31018,0,939,120,4.354596946177349,209372,0,2869,12737,31466,210311,67,33
29170,UNITED ROOSEVELT SB,315780,247870,826,0.2751400016255245,3.56,0.03825395354609899,0.2774083222496675,904,0,8.049987131459293,25335,12.575313199838833,1363,118,2.733139411416245,248025,0,135,38244,23717,249388,90,0
29173,NEW CARLISLE FSB,271226,188157,2753,1.067726351781121,12.85,-0.005817642852220236,1.330993341346331,5683,965,8.659971844204598,23068,10.906801870471558,2260,481,3.7285635348213053,238970,279,580,66094,22893,241230,0,13
29177,BANKTENNESSEE,613915,525228,6196,1.045901857404212,11.88,0.08683861790079152,0.8817181531645261,1939,0,8.972228500019941,53992,12.122517936501865,6300,150,3.3673731625796033,493178,0,6173,109569,54897,499478,595,165
29186,LAWRENCEBURG FEDERAL BANK,86779,67502,172,0.20930074082727337,1,0.00414003245785447,0.9506908353403473,1296,825,19.54310980103169,17238,0,145,-18,3.1033433795767285,73591,0,398,0,17238,73736,5,2
29188,FOX VALLEY SAVINGS BANK,378171,304317,-380,-0.10146705338074873,-0.76,0.02042526305469341,0.22952579653119887,560,0,16.138358118623554,59730,0,2655,0,2.02724233424235,214865,71,3835,52434,49315,217520,46,1
29206,GRAHAM SAVINGS&LOAN SSB,157378,129563,316,0.1986864062030399,1.94,0.009187998135671652,0.7059436515904383,1868,346,10.343095708949368,16475,18.90944936729205,1762,-36,2.885758819258862,115088,0,1404,8516,16376,116850,11,0
29208,DALHART FS&LA SSB,135653,92995,-618,-0.4397856578638373,-4.68,0.069491415493806,0.30297892416680794,915,153,10.46766111847031,14540,25.55557459349245,359,121,2.362751488685383,80782,0,681,5495,12645,81141,66,6
29209,NEXBANK,13943020,10257870,126648,0.8465384386322797,9.72,0.0047579591445837885,1.0181581895457368,159601,72801,9.795499647221593,1357515,15.333396628634114,36107,-11664,1.9026434173724114,9015694,0,11637,309880,1328305,9051801,456,4
29227,WASHINGTON SAVINGS BANK,566929,490441,778,0.13290993489804884,1.34,0.008852053853535097,0.44961538393696565,2141,1046,11.834235915211215,69513,20.374002293226056,3467,0,1.9678481388544378,327151,0,3264,143190,58746,330618,85,55
29231,COUNTY SAVINGS BANK,100020,92187,219,0.21678575034596634,3.19,0,0,5,0,6.949968183264398,6990,20.234306409130816,375,-17,2.975633145178384,52379,0,6,4585,6990,52754,0,0
29238,WOODRUFF FS&LA,95587,60737,164,0.1707483149015386,0.49,0,0.26468034356136294,18,0,32.83410713394239,32885,0,700,0,2.203232474754866,60464,0,0,1900,33274,61164,0,0
29241,HENDERSON FSB,111844,83013,1272,1.1472399499255015,4.58,0.045701803932230084,1.5485855298451414,4217,0,25.813429633867273,28878,0,1488,60,3.8068728193149286,84976,0,2962,5453,28420,86464,48,9
29268,EUREKA HOMESTEAD,98900,70804,63,0.061183581822843426,0.33,0.02916206878048894,0.6693629929221435,509,253,19.144278606965173,19240,39.76460697772173,825,0,2.0227488390450357,81972,0,213,1333,19075,82797,25,0
29293,CUMBERLAND FEDERAL BANK FSB,290985,241330,2273,0.8342508992145636,9.46,0.03230883554341154,0.3213224049349623,636,137,9.746576066388684,28587,16.908621228035315,1195,161,2.5181928361142085,148030,0,1692,19596,25032,149225,42,0
29294,PREVAIL BANK,964319,743504,595,0.062269446067752504,0.48,0.0015061506674807915,0.08368600017214221,108,0,12.870988106149106,122738,20.064280145570184,7196,1108,1.9972777636642045,670155,0,11612,192411,124891,677351,13,3
29331,TC FEDERAL BANK,515940,434089,720,0.14651716489285932,1.08,-0.09518062768930169,0.5832073496918246,968,0,13.636310996676329,70650,19.450626442466206,5152,254,3.1414786421706644,404808,0,8063,152750,68173,409960,86,457
29332,FIRST SOUTHERN BANK,679143,570133,7695,1.202497068376218,12.27,0.34819658119977953,2.4479380631177823,14087,1179,10.31589436970603,67288,0,6815,2505,3.9593592741103474,543510,0,1812,89759,66347,550325,1918,57
29345,FIRST FS&LA,231091,196511,2075,0.9097453677519601,6.34,0,0.07010225409037997,114,25,16.536555088338915,37832,42.38703501996897,694,0,3.651840865353336,98892,0,148,2931,33859,99586,0,0
29357,FAMILY BANK,148052,127684,1780,1.1979642683601486,9.6,0.010128206210278441,0.9739821143922406,1480,0,13.016932920097368,19572,22.882076774371722,1945,320,4.482964734010759,119161,0,4045,10121,19547,121106,64,52
29379,SIDNEY FS&LA,14774,14150,-383,-2.656217490810736,-62.6,0.28903186890519755,0.2165967239745499,112,0,2.778707733511885,415,6.455696202531645,95,0,2.6562104730584366,7556,0,0,37,412,7651,23,0
29384,PERU FEDERAL SAVINGS BANK,198091,166657,980,0.49627791563275436,3.48,0.15483248193265106,0.17567683539383414,710,0,15.885965440423867,31662,33.741129393620454,700,165,2.662487942894113,96228,0,950,17540,28349,96928,194,49
29399,GN BANK,64685,55699,243,0.3755145940733598,2.66,0.10506040973559798,3.1676586534745304,839,0,14.308777166877352,9395,0,485,-209,4.542927823523102,34856,0,4776,8693,8759,35341,95,53
29426,WORTHINGTON FSB FSB,102752,83313,244,0.23464020232909252,1.83,0,0.2316256617876051,629,2,14.12308168077622,14614,32.98620265401178,400,0,2.182820472273876,70672,0,942,195,13467,71072,0,0
29430,COMPASS SAVINGS BANK,58762,52208,-514,-0.8579707822556952,-12.84,0,0.5990265818045676,1376,0,6.174668028600613,3627,12.790433909070288,320,2,1.2789251407169007,52236,0,816,692,3744,52556,0,0
29449,NORTH SIDE FS&LA OF CHICAGO,43900,35377,-42,-0.10007291026319173,-1.26,0,1.3348519362186788,11,0,9.171084111272693,3910,20.41266418349343,287,0,3.5070724693543234,30814,0,2,2692,3349,31101,0,0
29471,ARMSTRONG COUNTY BLDG&LA,97606,80110,-319,-0.33890310133521445,-2.68,0.11825337992869497,0.6731143577239104,815,657,12.153524739367864,11751,28.565352991210663,339,-13,0.7511617822901018,59655,0,757,863,11751,59994,67,0
29476,HOME FS&LA OF GRAND ISLAND,484098,411828,4199,0.8934529199888334,6.98,-0.0017949831758791186,0.8498279274031292,1198,339,13.7727310299223,66649,17.76078702362111,5915,41,3.5039918354634048,398997,0,11483,124731,62132,404912,10,17
29486,KINGSTREE FS&LA,36557,31006,-155,-0.4068006571799004,-2.87,0.03104119943194605,3.5478841261591487,791,0,15.614987422216336,5897,0,243,-5,1.474312177761555,25901,0,40,373,5328,26144,8,0
29488,FIRST FS&LA OF LAKEWOOD,2987052,2223506,7282,0.24831627787198474,3.3,-0.0003693574796818503,0.5110054997368643,8210,0,7.837293335920966,237454,12.731637859742385,20589,1493,2.0918143451524376,2454873,0,130307,285074,223505,2475462,234,243
29490,FIRST FS&LA OF RAVENSWOOD,24990,22277,-8,-0.03242016534284325,-0.3,0,0.7042817126850741,346,0,10.783838383838384,2669,24.030405113587285,113,-5,2.0630673435194677,19715,0,63,1627,2670,19828,0,0
29495,GREENWAY BANK,328940,292848,-3603,-1.2222724293605918,-11.52,0,0.18605216756855353,1917,0,9.690926743264896,32540,17.99599923389585,991,733,2.2920873868993685,148519,0,152,21694,33149,149510,0,0
29496,SENECA SAVINGS,281017,214315,911,0.34065141824665107,4.09,0.04686590431462315,0.3060313077144799,2583,32,9.73485390021005,26556,0,1804,306,3.3211295782559636,202550,0,3703,46799,23068,204354,95,0
29510,AFFINITY BANK NATIONAL ASSN,866855,678748,6792,0.7838562542427143,6.01,0.09972353612099866,0.5509571958401347,2507,0,12.009547101846922,103955,14.115183768087041,8511,464,3.616071651074816,705803,0,1009,319044,117220,714314,788,102
29517,PIONEER FS&LA,112272,85269,424,0.3764632344584612,2.33,0,0.7615433946130825,1019,855,16.98876805134605,19058,0,1208,63,3.0687724717532348,86348,0,595,4170,18354,87556,0,0
29520,WASHINGTON FINANCIAL BANK,1499590,1307562,5656,0.36231057805960903,3.22,0.0024641938937275316,0.42785027907628087,7151,0,12.957832633720596,204631,0,12086,1467,2.530676714654072,1083709,0,891,234983,181440,1095795,57,30
29521,FIDELITY FS&LA OF DELAWARE,128702,94620,-138,-0.10740386186929418,-0.81,0.0028546389309948134,0.028748581995617785,1039,0,17.435075093867333,22289,34.77957885168914,669,0,2.480475704996561,73012,0,3506,2495,16977,73681,2,0
29523,PEOPLES BANK,2062649,1764470,12183,0.5857827736879244,8.15,0.13621661368544544,0.7348317624569183,17705,0,8.467477344636816,179625,12.194891035423677,16911,-503,2.5528071604644227,1493318,0,31548,551674,149977,1510229,2468,411
29535,DEWITT SAVINGS BANK,140909,122225,125,0.08747265604771949,0.98,0.1560415475509815,0.49677451404807355,458,0,12.262677449585228,17665,22.63966670375453,648,96,2.4340254921907727,82701,0,17698,3204,12465,83349,168,37
29537,FIRST FEDERAL BANK&TRUST,612654,549851,1198,0.19323316177841607,2.01,0.05411291589641075,2.229317037022528,6930,954,10.549690001613493,66038,14.544404163538244,6490,644,2.3408911310250153,475072,0,5260,125603,59654,481562,407,148
29546,GREAT SOUTHERN BANK,5984730,4698442,69348,1.1721230243072704,11.08,0.03413530377854915,0.15928872313370862,3482,0,11.030425696522034,660411,13.861565733287815,64760,2716,3.5943688258409843,4697330,0,19726,1510999,616340,4762090,3200,1590
29548,PINNACLE BANK,345658,321457,4183,1.2162853720094442,30.76,0.08492969708408041,0,1252,0,11.094688495284554,41210,20.05118432802158,2352,0,3.636701459519197,129437,0,4350,36622,12847,131789,148,40
29566,UNITED FIDELITY BANK FSB,6353072,5523172,9873,0.1549730089853266,1.68,2.6678319756736406e-05,0.2861765142910391,7027,2662,9.243145137682715,592035,14.20397604285788,63904,25000,-0.95005453913623,3613771,0,2267,135189,597145,3677675,112,111
29571,HOME S&L KENTON OH DBA HSLC,222594,174644,999,0.45806650997337806,2.57,0,1.3913223177623835,2089,367,17.910373496537343,39595,0,1908,10,3.320124500970445,173555,0,6611,45697,39454,175463,0,0
29577,HERITAGE BANK OF ST TAMMANY,181214,144934,-29,-0.01666501931992929,-0.15,0,0.42877481872261525,2033,86,10.781136801433217,19197,0,1309,0,2.353019488552657,146008,0,279,37774,18666,147317,5,5
29578,MONROE FS&LA,144911,132406,-229,-0.15207660942210888,-2.56,-0.04108110871522028,0.48650551027872285,1234,0,9.803908241291419,14424,0,915,-26,2.707757953034355,107250,0,282,23941,9970,108165,0,45
29582,PEE DEE FEDERAL SAVINGS BANK,37107,30009,358,0.95359355605159,5.17,0,0,159,0,18.981654810932234,7098,42.74612912649722,562,0,3.9306295531151463,11997,0,2317,771,7098,12559,0,0
29613,ROSEDALE FS&LA,1262622,1009743,2432,0.18707761382503568,0.99,-0.0034113693236465115,0.4695783852966287,6165,0,19.50717101479095,250293,0,7796,-722,2.2377123293655052,885792,0,91,301985,246175,893588,233,264
29617,FIRST MUTUAL BANK FSB,111581,89681,98,0.07899403514428502,1.05,0.002914007634700003,0.26438192882300754,502,0,8.934935252813943,10129,19.06014035711113,579,1,2.3511502632789187,70040,0,375,1769,9255,70619,3,1
29624,FIRST FS&LA OF MCMINNVILLE,643757,554743,1544,0.242767448281414,2.47,0.002277855899798637,0,1688,0,11.768644253511974,77869,21.87437570087981,4045,60,2.58308620858341,398546,0,35,82528,64199,402591,9,0
29627,SECOND FS&LA OF PHILADELPHIA,40135,22325,214,0.5540883434312049,3.29,0,0,0,0,16.9034269479295,6723,26.575270234642762,423,56,3.3403637998779483,30817,0,428,5157,6656,31240,0,0
29632,WINDSOR FEDERAL BANK,824332,692337,3832,0.48109371986886934,5.63,0.009703911527565917,0.6854034539481665,227,0,9.971918195857993,83165,0,5125,663,3.2302109363715643,612944,0,143,192974,69685,618069,74,17
29636,FIRST FS&LA OF BATH,182860,141498,678,0.37579815537424616,2.57,0.0007223585874711237,1.568412993546976,4173,0,14.634386325496477,26772,26.751228431036456,1968,64,3.514330611826598,141371,0,1698,8824,27319,143339,13,12
29637,BIG HORN FSB,366588,306000,3017,0.8352292326355648,8.19,-0.00910864227979507,0.12902768230274858,858,140,10.54482928826945,38881,22.89235807495447,2034,87,2.659906257240113,152043,0,2210,31185,38168,154077,45,58
29645,FIRST FS&LA OF CNTL IL S B,212876,182551,2165,1.0613317384760943,10.55,-0.08455760009164953,0.6073958548638644,1671,0,10.901266920553523,23129,15.493202665523945,1769,0,3.905038678478339,145567,0,3288,48334,21431,147336,6,130
29657,GREAT MIDWEST BANK SSB,981030,592428,4063,0.4114369549574255,2.62,-0.0003434407173240198,0.13924140953895395,8629,0,16.15319720585736,160645,0,4008,0,2.1704661403647916,869372,45,3778,0,157189,873380,0,3
29672,CFSBANK,729240,607605,502,0.07359074457121663,0.73,-0.0014256569783770605,0.13671767867917284,532,0,10.950747568253435,80867,22.213148115142438,2636,183,1.878849540506366,435140,0,3224,36680,68321,437776,30,36
29675,IROQUOIS FS&LA,885149,688482,3031,0.3381090257150264,4.5,-0.006424222623175292,0.02801788173516549,2491,52,9.573076798776219,88864,0,7346,-622,2.188816632159472,647664,0,3069,183321,68835,655010,466,508
29676,PAPER CITY SAVINGS BANK SA,215209,162909,1229,0.5785533248221503,4.14,0.009102045711544392,0.5780427398482405,411,0,14.490415327992668,30985,20.64411624583135,1500,0,3.1182719168698063,188706,0,689,25222,30353,190206,20,3
29677,NASHVILLE SAVINGS BANK,97670,85737,1057,1.1207196356017746,9.54,0,0,64,0,12.329228008645652,12093,0,593,90,3.1611472546170236,64272,0,2985,13263,11694,64865,0,0
29679,ANTHEM BANK&TRUST,213973,182018,2004,0.9925125723211818,10.44,0,0.6500820196940735,214,0,9.899926609606851,20369,16.100434516345395,1787,294,3.8742004665119976,135547,0,2957,30147,19857,137334,0,0
29683,HOME FEDERAL BANK OF TN,2728061,2160180,782,0.02521988872675489,0.17,0.0018975842171595377,0.19215112858546785,7586,69,16.010718190378487,456024,0,13061,300,1.512402516861818,1259205,0,3044,349556,451104,1272266,26,2
29685,MARTINSVILLE FIRST SB,33321,26211,176,0.5342756012118342,2.56,-0.07035698049488018,1.0443864229765014,87,47,19.23640330372448,6172,41.42857142857143,149,6,3.554332372467946,19403,0,79,120,6976,19552,0,13
29690,FIRST FEDERAL SAVINGS BANK,522073,431057,4477,0.8742648227626768,9.76,0.02145070885547288,0.9636583389679222,6198,0,10.08226320436211,53216,0,6771,1554,3.2208052096964956,390635,0,598,168869,46130,397406,228,145
29691,KEYSAVINGS BANK,116024,88080,106,0.09843013224923995,1.3,0.04541738577527478,0,595,0,9.73691020443371,11288,0,193,111,2.5501891531027465,63874,4,911,6103,7978,64067,27,0
29692,LINCOLN FSB OF NEBRASKA,362061,320505,-889,-0.23216398246104267,-2.43,0,0.2237192075368515,0,0,11.81263755203776,44549,21.786695176125786,4000,0,1.1699021092115978,270085,0,0,34221,36039,274085,0,0
29695,HOME LOAN SAVINGS BANK,344388,275799,6365,1.9529655928270784,17.79,0.05329835331851843,0.24797611995772212,2726,465,11.180783891523847,38425,15.443569088484821,3784,765,4.870520428161043,309031,0,6751,68274,38306,312815,224,67
29696,BUFFALO FEDERAL BANK,193447,169292,1782,0.944547332846395,12.34,0.028259518023051072,0.6849421288518301,1258,0,9.64853289916115,19082,0,2551,102,3.8696483769917904,134998,0,2256,52749,14657,137549,42,3
29700,CENTURY NEXT BANK,868921,772370,12642,1.5357016001325547,14.97,-0.011342516991257256,0.4574639121393084,986,103,10.201907184905942,87898,0,6537,420,4.304044635410564,605439,0,8576,249532,89308,611976,104,172
29705,FIRST FED CMTY BK OF BUCYRUS,317810,241747,1659,0.5362365310571132,7.19,0.008546869087606185,0.579591579874768,890,0,8.64522876179131,24965,11.586810444401351,2413,218,3.4102650963761327,260261,0,1792,46012,24412,262674,313,291
29708,NORTH AMERICAN SB FSB,2918822,1822282,29217,1.0305077849419098,7.31,0.0015866418938978966,0.8972455326155551,23069,0,14.238868692718864,413029,21.70618563848014,30095,0,2.931940450551669,2133424,0,275,70344,401726,2163519,141,107
29710,FIRST FSB OF WASHINGTON,90861,73147,-8,-0.009030833523357122,-0.09,0.0059106370780174534,1.505596460527619,1481,49,10.423634336677814,9537,0,556,90,2.900580116023205,70095,0,333,6952,9159,70651,4,0
29731,SOUTHERN BANK CO,117789,95937,1316,1.1675443950771502,9.31,0.034579461874414304,0.34128823574357536,4423,2,15.269015145176134,18248,0,1548,597,7.824627453889595,57705,0,221,7907,14933,59253,66,46
29743,AROOSTOOK COUNTY FS&LA,202964,178152,697,0.3627921986664654,4,-0.005214587734693696,0.3468595415935831,1156,0,9.875590265165274,19575,18.415006622158554,864,-35,2.2949156982309,134161,0,6771,169,18066,135025,10,17
29744,FIRST SEACOAST BANK,581057,472402,-489,-0.08336200145176034,-1.06,0.005528371834604014,0,0,0,8.691874556558407,51820,15.550425559334569,3486,-72,2.1095334828695864,434193,0,12367,84789,44991,437679,27,3
29745,MARATHON BANK,217724,174952,-288,-0.12887820472660816,-1,-0.006449234314655992,0.6416380371479488,470,0,13.64377097267298,29722,0,1764,-243,2.772804594394878,176620,0,151,68659,29087,178384,0,12
29749,SOUTHERN HILLS CMTY BANK,188527,160620,625,0.3446735527846866,2.44,0.06809053455379152,0.22490147299856256,262,0,14.29093122337188,27002,0,1174,-37,3.977497074837079,114861,0,2688,13444,25937,116035,84,5
29764,CLAY COUNTY SAVINGS BANK,139142,113645,-268,-0.18344981483889958,-2.58,0.12459557922528323,0.04743355708556726,1248,0,7.943547242641842,11195,15.095670684917945,1003,0,2.8414338084817463,91368,0,493,29145,10241,92371,124,3
29771,KS BANK INC,690033,618805,6781,1.022901159479055,12.58,0.0013686443577636351,0.1140525163289292,552,5,9.235863481601776,64208,0,4259,493,3.6373357145623473,554520,590,505,244047,55499,558779,7,0
29772,VIDALIA FEDERAL SAVINGS BANK,229945,175254,-1814,-0.8211719309491281,-6.48,0.07224816588178887,0.1287264345821827,2814,292,12.257888555051624,27865,0,923,127,1.0172153110606474,93549,0,1080,588,27187,94472,66,0
29774,CARROLLTON FEDERAL BANK,38784,33040,210,0.5320712266015344,3.78,0.03623976226715953,0.4331683168316832,116,0,16.003160362932,6279,0,185,0,3.6865004383504956,24714,0,1049,2032,5569,24899,9,0
29782,FIRST FEDERAL BANK,981656,862784,14618,1.4829107169667386,14.55,0.10429656971345035,0.33015638879607523,2362,1953,10.732443062027134,105170,0,11487,226,3.4858372379428957,562455,0,10308,74127,103908,573942,909,305
29783,HIGH COUNTRY BANK,499482,414948,3099,0.64525424766353,7.6,0.1961751905124015,0.8100392006118338,5355,409,8.7353463018812,43621,0,4449,1300,4.486610828004447,413454,0,1062,129860,41060,417903,1170,394
29787,FIRST FEDERAL CMTY BANK NA,842669,764940,11712,1.470107930926015,17.63,0.009723791579921657,0.10549812559854461,611,0,8.90453630917566,74751,13.749819773211089,6159,455,3.4983907859356864,620461,0,3205,197406,70194,626620,65,6
29800,LISLE SAVINGS BANK,557075,384632,1802,0.3236952852578173,1.43,-0.028350164000315797,0.6467710810932101,185,0,25.069514189914678,144526,0,2910,-511,1.8335474862166399,277692,0,0,10682,126348,280602,0,79
29804,CATALYST BANK,273279,188379,-2673,-0.9671144892781628,-3.65,0.1736301613017744,0.6678156755550189,3016,64,28.730560309546842,77222,47.0593469169855,2522,531,3.8255980226591864,164554,0,1813,22108,74226,167076,392,123
29809,FIRST SB OF HEGEWISCH,817625,698122,-700,-0.08727922719481074,-0.59,0,0.031677113591194,301,0,14.446251463069057,117253,0,2009,-156,1.3416807687448717,374048,0,47,813,117322,376057,0,0
29813,PEOPLES SAVINGS&LOAN CO,155455,125310,265,0.17429073536220904,0.89,0.013991058159274204,0.8073075809719854,1374,1103,20.178796224703017,31578,0,223,0,2.5648347098588733,64284,0,2151,1367,29819,64507,9,0
29835,MILFORD FEDERAL BANK,524218,394947,964,0.19021122522469194,1.72,0.006129988448377325,0.179314712581407,318,0,11.251623593450265,58126,0,1989,-55,2.4004040834673326,446354,0,2775,15352,56303,448343,29,2
29838,FIRST FS&LA OF LORAIN,501593,413958,-3206,-0.61895572169156,-6.3,-0.08779159248229441,0.5386837535611542,3165,0,11.779463873811089,60004,25.14917343245623,1661,-307,1.2470904353422423,345190,516,23,0,50161,346851,14,321
29839,CROSSROADS BANK,580322,532336,4708,0.829420247931118,10.74,-0.020981715388753038,1.5108853360720427,1474,0,9.00801946206791,54209,0,5574,74,2.8524079291193267,422512,0,3340,65714,44529,428086,99,187
29842,COMMONWEALTH COOP BANK,214671,139105,394,0.19004785926039547,1.52,0,0.1546552631701534,0,0,16.030856089862972,32710,0,777,0,2.484129456647753,132189,0,123,22702,25761,132966,0,0
29845,PREMIER BANK,8556139,6894851,75000,0.8677598141725912,7.3,0.06978486070592435,0.9637641464216511,21198,0,10.536276044939658,891975,14.282339539280795,74517,1318,2.673141415895431,6506669,0,10538,2062251,1034164,6581186,5962,1248
29846,EATON COMMUNITY BANK,484284,420754,3011,0.6382566499729309,5.14,0.00038388334859909453,0.08734544193076789,2035,22,13.898187336788977,67219,0,2811,120,3.600790532477395,281122,0,39695,80178,60551,283933,128,127
29847,MAIN STREET BANK CORP,1410785,1161231,5747,0.4101770734497455,4.77,0.017136978547180513,0.44173988240589457,9750,916,8.882439088569882,123547,12.430679858998715,11814,4782,2.569165053905385,1114060,0,9360,302521,128622,1125874,236,44
29857,LIBERTY SAVINGS ASSN FSA,28234,21399,93,0.3175839036184076,1.38,0,0,0,0,23.407192655484227,6782,0,80,-16,2.991269103174493,10322,0,676,123,6782,10402,0,0
29858,SSB COMMUNITY BANK,262160,241928,2342,0.9430034539212758,13.38,0.12091978078231805,1.9247787610619471,2699,0,7.189467351779262,18763,10.537862091080763,1822,545,3.470009086100978,223113,0,926,54904,18763,224935,271,14
29874,DEARBORN FSB,276583,168229,83,0.030657126267469022,0.11,0,0,2121,0,28.855721393034827,78648,52.26083840917234,1525,-100,2.5452149958078816,202479,0,1,10605,78648,204004,0,0
29875,NVE BANK,649330,414670,4451,0.6601833918564428,3.6,0.0013151858725890012,1.8600711502625784,3568,0,19.67951066344912,132683,38.01918469297985,1705,-224,2.7561260992339482,365768,0,0,144431,126250,367473,5,0
29878,AMERICAN CMTY BANK OF IN,372627,338863,2791,0.7697913040888026,9.09,-0.02129318309046512,0.6266319939242191,3445,0,8.79742970324854,32557,12.493894560356384,3235,-253,3.1395453141040335,282345,0,159,119231,31539,285580,0,62
29881,HOME BANK SB,421238,361527,1647,0.388424707867829,5.03,0.03564306245192587,0.34446085111029867,1316,425,12.018566022632173,52849,0,2816,123,3.1086437762735795,237119,0,773,55091,32430,239935,194,113
29904,ELIZABETHTON FSB,314451,181828,2192,0.697807826525993,1.68,0.0013066258999385886,0.15423706714241647,1803,74,41.79299686800328,131971,0,1435,0,2.366269095715898,155381,0,648,7824,131971,156816,3,1
29907,LOGANSPORT SAVINGS BANK,268158,230871,1342,0.5300568290436385,6.36,0.3762032165663074,1.1772910000820414,925,250,10.504132044627589,27887,0,1952,-79,2.949883885285981,175880,0,443,38052,20947,177832,653,0
29910,SCOTTSBURG BLDG&LA,77558,58121,18,0.02317168934488485,0.15,0,0.13796126769643363,1070,0,18.10563706177379,14476,40.36481800060075,306,0,2.015284606954955,43998,0,139,630,12099,44304,0,0
29922,RIVERVIEW BANK,1506100,1226157,2428,0.15775666385459566,1.39,0.010494163415882926,0.031073633888852006,5565,301,10.860919521963003,164019,16.466708717511086,15352,9,2.68245587873699,1029757,0,14771,576253,176110,1045109,117,8
29933,UNION SAVINGS&LOAN ASSN,247549,223482,1811,0.7464599825729828,8.33,0.018110255233863764,0.670170350112503,1472,0,9.441348033846877,23275,0,2225,250,3.677216719014255,201259,0,3240,14172,22692,203484,132,96
29937,FIRST FSB OF KENTUCKY,287888,209655,-888,-0.31149653740729644,-3.03,-0.0011905669003352637,0.6030122825543267,3489,120,10.133530796213442,29149,0,1643,10,2.2078700204718347,250835,0,879,23348,28994,252478,6,9
29941,BOGOTA SAVINGS BANK,972110,652169,-2485,-0.25735949776682376,-1.99,0.0023827077090405537,1.9999794261966237,610,0,13.078614501091334,129308,0,2621,-148,1.1524345277404175,712212,0,81,118435,125864,714833,17,0
29950,SANTANDER BANK N A,102700627,76858664,630344,0.6208232239021535,5.16,0.8765709112093998,0.9561723513138825,477308,8796,11.535214477037892,11843518,18.925758644936266,1316314,158106,2.458893160374143,50018970,364919,1286634,4044042,12644664,51335284,758793,282032
29961,FIRST SAVINGS BANK,2388178,1838708,22525,0.9461386872559886,10.57,0.032775255289396246,0.7257415485780373,6308,0,9.331879713503955,228372,13.008335279851888,20685,2230,2.8464346785645622,1908955,0,2064,970962,220082,1929640,932,295
29966,EQUITABLE SAVINGS&LOAN CO,9284,6956,-23,-0.24017877655019731,-1.01,0,0,190,0,24.70600927823929,2290,0,50,-5,4.399059121545212,6789,0,119,0,2283,6839,0,0
29975,PEOPLES SAVINGS BANK,159583,136723,288,0.1848260389084482,2.12,0.023248000671942215,0.5476773841825257,982,410,9.614612353487438,15323,0,1197,59,3.5589089573665413,136832,948,2030,20347,13755,138029,35,4
29980,MIDLAND FS&LA,119816,108535,-2417,-2.0756473409042506,-23.11,0,0.4857448087066836,551,0,9.002337604722985,10552,42.38614138027382,67,0,2.6521404007003224,24768,56,21,2299,10552,24835,0,0
29988,MUTUAL SAVINGS ASSN,359372,240999,5213,1.4663531995641166,6.39,0.1393679032098962,0.15749696693120221,4006,0,23.943793885202233,86921,34.413904794068436,2306,557,3.8206671105701124,225797,0,3051,19452,83725,228103,318,10
29995,PHOENIXVILLE FEDERAL B&T,655018,536437,3229,0.4921999493319099,4.84,0.11750744601638123,0.5998308443432089,1233,0,11.351905423566661,74754,0,5732,586,2.846529531399648,506841,0,0,141431,68125,512573,616,10
30012,THIRD FS&LA OF CLEVELAND,17046704,10370436,76807,0.45077619285697074,4.51,-0.03383064644648606,0.2142056317749167,19331,0,9.964517393903224,1696034,17.589343039523136,70559,-2000,1.6568661266309126,15343738,0,6746,0,1719076,15414297,1021,6205
30031,HUNTINGDON SAVINGS BANK,17549,13559,24,0.13973310976035772,0.61,0,1.0997777651148213,243,0,22.56611947104423,3959,48.96701703515767,94,0,2.440784966232749,13940,0,0,334,3959,14034,0,0
30039,HAVEN SAVINGS BANK,1060308,910735,-10149,-0.945464694639777,-10.17,0.0033654341595744978,0.5535184116313373,6778,0,8.82268974308965,93639,0,6611,0,0.9203888753870925,844912,0,0,115370,94160,851523,29,0
30043,BEARDSTOWN SAVINGS S B,70943,53393,259,0.3830635619291021,4.33,0.1749650069986003,1.1967354072988174,836,374,10.921531141744168,7598,19.94877915361281,418,15,3.111132242931406,40776,0,1601,3987,5848,41194,93,23
30052,BLUE FOUNDRY BANK,2057260,1390223,-9169,-0.44875834551524546,-3.36,0.002885815587918873,0.248096983366225,3998,0,13.980559465674943,289614,20.13742180834758,12965,-1350,1.9415134484965024,1570517,0,7146,259673,270904,1583482,56,11
30058,FIRST FS&LA OF GREENSBURG,157665,141833,275,0.1659391492088625,1.77,0.005701748384124509,0.7090984048457172,1062,0,11.455023042555437,19537,23.56791209293294,1256,6,2.206990876734897,86296,0,389,5519,15587,87552,5,0
30065,PEOPLES CMTY BK SB MONTICELL,40583,18551,227,0.5706815496392388,1.73,0,1.1802971687652466,753,0,32.76070890080827,13254,0,347,0,3.8518672956138746,36741,0,204,3447,13255,37088,0,0
30067,CORNERSTONE BANK,46390,37807,-185,-0.3781931769862296,-3.16,1.013031583154732,1.8883380038801467,477,5,12.949534128757536,6143,27.030542037254573,475,544,2.592272835038403,28750,0,398,1765,5934,29225,300,6
30072,SCHUYLER SAVINGS BANK,139016,108408,-144,-0.10509644788602875,-0.68,0,0.7301317833918398,176,0,14.876259584382234,20624,0,1020,0,1.9935543278084715,113908,0,31,13758,21010,114928,0,0
30076,SPENCER SAVINGS BANK SLA,4009043,3086515,13032,0.3322116855307433,3.02,0.011263560578112074,0.22214777940770403,20360,0,10.579784845281054,420989,17.098060363678957,27952,-1281,2.0656442435938236,3165815,1,1482,1028788,438811,3193767,790,429
30084,MERCER SAVINGS BANK,180864,136780,912,0.5206460120913186,4.47,0.047520182691677,0.47825990799716916,1005,23,11.670223148561693,21165,16.521330127965836,964,68,3.6944836443782005,155916,0,85,2291,20864,156880,71,0
30085,PRESENCE BANK,447130,354196,2202,0.4958543692381137,5.46,0.06067295984974209,0.2509337329188379,0,0,9.60155376906161,42614,13.50428038614058,4356,-37,2.53058573297815,344813,0,2,172897,42239,349169,235,28
30103,MONROE SAVINGS BANK,108074,82695,273,0.24632675379234925,1.87,0.7025851696517583,0.3081222125580621,1366,245,13.481755780346822,14927,23.639608831293497,872,533,3.314502685682534,90938,0,25608,6667,14788,91810,782,128
30111,OCONEE FS&LA,658993,531460,7583,1.1606976124803694,10.19,0,0.2605490498381622,4282,0,13.215987479935318,88838,25.52654539831903,3258,160,2.3564981548174826,472462,0,1977,43582,74564,475720,0,0
30117,RELIANCE SAVINGS BANK,665922,536307,1601,0.24509181068808494,2.31,0.05494896502273175,1.1466808425010737,4423,0,11.343890340191964,77295,16.735114170436287,6065,1190,2.668309847373792,452569,0,2332,113617,70894,458634,274,30
30119,PENNCREST BANK,225611,191548,514,0.2303980148118132,1.88,0.09024954673175409,0.34572782355470255,720,158,14.075837235053578,32288,0,327,0,2.775434420009322,150252,0,4067,1891,27397,150579,140,6
30121,INVESTMENT SAVINGS BANK,102487,73489,120,0.11502935165623096,0.59,0.04059464748890057,0.11123361987374009,347,0,22.17720730020841,22772,0,385,-3,2.3671523752776125,46402,0,254,6525,20726,46787,19,0
30128,BOONVILLE FSB,69325,49264,201,0.28619269738753056,3.49,0.25946405784772436,0.3577353047241255,4893,248,8.39351215038973,5858,16.474943805368238,372,105,2.9658389279840383,47495,0,1274,3342,5858,47867,124,2
30133,MID-SOUTHERN SB FSB,225135,190019,-6181,-2.5711164743632944,-18.42,0.002135495783819491,0.1443578297465965,388,0,14.752440046388394,34855,0,1927,-256,3.457192251881527,133045,0,807,33192,34060,134972,11,8
30150,CITIZENS FSB,187947,136372,228,0.12173764469693735,0.65,0.0440517058829894,0.06757224111052583,85,0,19.75938601949803,38104,0,385,57,2.6641609423494743,132755,0,2444,4667,35162,133140,61,4
30152,MILFORD BUILDING&LOAN ASSN,26900,23446,86,0.3056734412431668,2.69,0,2.5278810408921935,1135,242,11.95467631209862,3239,25.70975536091815,280,10,2.3514322359982898,18281,0,0,375,3239,18561,0,0
30154,SEWICKLEY SAVINGS BANK,281298,209820,1935,0.682404886512717,2.82,0,0,0,0,27.008604593656038,75364,59.21863213477495,439,-30,2.319916126109287,45861,0,42,29190,68025,46300,0,0
30155,HATBORO FEDERAL SAVINGS FA,574211,429652,3638,0.6453366180813458,2.71,-0.0067761433289836945,0.49877135756716606,700,0,24.33656287420944,138605,43.91811303407919,2729,514,2.241174566309639,436015,0,0,470,136059,438744,0,28
30166,FIRST CMTY BANK OF CULLMAN,103568,79309,674,0.6377466537224912,5.14,0.06281391859799333,0.20566198053452805,590,0,13.059305323828301,12915,0,841,-514,3.5324657910230117,80090,0,728,28962,12861,80931,403,351
30167,CULLMAN SAVINGS BANK,430116,297545,3694,0.8736999751182358,4.74,0.0020042558942302627,0.02348203740386314,4102,101,18.50367721768992,81040,0,2882,-407,3.7608572056986582,353377,0,1214,92873,78077,356259,308,301
30176,HOME SB OF WAPAKONETA,42378,32495,66,0.16815800737856954,1.4,0,0,0,0,12.732252572359167,5160,0,262,10,3.3697694010287216,34770,0,9,1988,4729,35032,0,0
30182,OPPORTUNITY BANK OF MONTANA,2099462,1700772,12440,0.5934718667142335,5.56,-0.00013135379659102748,0.18338031362320442,10277,623,10.06745470346546,211066,13.487565896542941,16850,518,3.6578115380153755,1517164,0,12281,531680,227569,1534014,86,88
30183,MILLVILLE SAVINGS BANK,159088,141058,941,0.5966730878244451,5.59,-0.02510972951799363,0.08234436286834959,659,0,14.056839991357068,22119,29.673788752842622,1366,-181,3.024814966861017,64663,0,0,9854,17315,66029,10,25
30219,HOMETOWN BANK,259578,218528,-170,-0.06595374547440917,-1.01,0.07217119413847925,2.3164520876191355,3511,984,7.743476234855545,19941,10.521590762546252,1262,214,3.144838543168,199278,821,573,100613,16989,200540,153,11
30220,CHESTER NATIONAL BANK,97806,91321,590,0.7489666798687913,9.41,0,0.04396458294992127,917,0,6.8638465194659295,6354,16.613912403386088,417,0,3.2448881802566207,48982,0,719,2350,6324,49399,0,0
30260,CROSS COUNTY SAVINGS BANK,536300,461390,2070,0.38730478529095,3.33,0.004378722522299861,0.538877493939959,3585,0,11.688702580828755,64077,19.82489805708803,2032,18,3.7678089533365497,408108,0,140,87742,63361,410140,25,7
30270,CITIZENS SAVINGS BANK,307176,266643,2053,0.6831910379179346,5.41,-0.004662036275728083,0.8806026512487954,5752,262,13.739557020418292,43187,0,6461,630,4.292131389305472,237038,0,10806,41866,38821,243499,81,92
30291,FIRST FED BK LITTLEFIELD TX,59905,48243,221,0.38201718904492243,1.97,0.008998308318036208,0.2654202487271513,602,77,19.451804948552944,11305,0,660,30,4.93528140219288,47882,0,1806,5693,11314,48542,7,3
30303,MASPETH FS&LA,2207080,1430746,14898,0.6837096290987699,2.03,0,1.799617594287475,8898,0,33.67740219818853,747182,0,17564,116,3.2500800921208364,1963636,0,34,617925,740467,1981200,0,0
30313,EAST WISCONSIN SAVINGS BANK,272959,232392,-1657,-0.6193804401376467,-13.63,0.008858366893625408,0.00476262002718357,325,0,6.917416800507975,18520,12.519275801016619,1126,167,1.3653206927325168,186443,0,33163,2263,14321,187569,21,5
30315,FIRST FSB OF LINCOLNTON,472034,376347,2171,0.47256510340708335,2.92,-0.00544342437359794,0.19553676218238514,5812,0,17.291706299416248,80897,33.78396310250956,3639,0,2.8336404022747583,336806,0,717,25540,75591,340445,1,19
30332,ABBEVILLE BLDG&L STATE-CHART,63185,42555,21,0.03469319649896086,0.11,0,1.2408008229801377,1350,72,31.077830000796624,19506,43.095114793716554,466,-51,3.843090701448578,44407,0,82,0,19506,44873,0,0
30339,BEAUREGARD FSB,81057,67816,704,0.9083589669481205,6.62,0.3121926853253828,2.916466190458566,3714,712,11.133747850244742,8416,0,756,15,4.944760087566122,53981,0,3419,4530,11010,54737,213,53
30350,BANK OF BENNINGTON,593799,466175,3766,0.6599778628774194,6.44,-0.04918262264443612,0.26692534005614693,5535,0,11.283062676515316,66478,20.211594946816096,5296,7,2.6470296549779873,451089,0,853,73638,60826,456385,4,212
30357,STREATOR HOME SAVINGS BANK,158236,108860,-286,-0.1765148803278486,-0.67,0.024156534342539657,0.4031952273818853,841,0,27.193536880706386,43455,0,282,0,1.1542410961301397,37905,0,950,171,42667,38187,9,0
30358,FIRST SAVINGS&LOAN ASSN,60346,46358,-2,-0.0033661759904131307,-0.01,0,0.13588307427169988,988,0,21.98141905779824,13368,53.94496142527638,198,-14,1.767675864067873,35587,0,0,901,13368,35785,0,0
30367,1ST BANK OF SEA ISLE CITY,302669,222994,-273,-0.08979495174754791,-0.93,0,0.07995533074084231,82,0,9.53418137960853,29328,16.322500504305175,1353,46,3.1731306353146262,237762,0,196,22711,29290,239115,0,0
30387,FIRSTBANK PUERTO RICO,19286191,16907406,306018,1.6140588110080056,18.38,0.6499146279895816,0.7714483383473699,152975,42390,11.198571634419194,2202512,17.764704435791085,243942,59921,4.517977274964561,12517890,321014,496327,3062486,1694001,12761832,113828,33066
30388,GUNNISON SAVINGS&LOAN ASSN,101511,82593,-249,-0.24090230975973623,-1.9,0,0.09063057205623036,167,0,12.483914955730118,13000,0,510,0,2.041881999350265,54159,0,581,652,12994,54669,0,0
30394,CARVER FEDERAL SAVINGS BANK,731693,644948,-6238,-0.8277499796977,-10.61,0.10661986988510501,3.1274045262152295,8640,0,9.02868642143811,67209,12.142640771106356,6057,816,3.078212533016626,604821,0,15857,298540,54213,610878,678,16
30395,TECUMSEH FEDERAL BANK,52839,36497,-78,-0.1494682379994251,-0.74,0.014580766510895477,0.1949317738791423,193,17,21.20575430626538,11203,0,349,0,2.2151885432298037,27269,0,57,1017,10576,27618,7,3
30397,GEDDES FS&LA,652731,468254,-44,-0.006741162642192569,-0.04,0,0.09483232755913232,1512,0,15.177599744221936,98740,0,1032,20,1.3412081487906586,549673,0,228,193,98739,550705,0,0
30401,PENN COMMUNITY BANK,2934068,2307225,8254,0.28241611054233273,2.84,0.02450037442398111,0.05858759919674663,248,452,12.218763897974672,373375,18.601837659265218,17388,-661,2.1855554037452816,1901628,0,1586,486598,291343,1919016,849,378
30402,FRANKLIN BANK,321360,293882,1883,0.5924547132399627,7.56,0.002023734356533424,0.082773213841175,643,0,10.025186072697732,31963,18.135305372229507,1761,99,3.553853110951507,203910,0,1222,44606,25772,205671,10,6
30422,FIRST FEDERAL BANK OF WI,287489,214117,2653,0.8624865490459982,3.99,0.009088122567378102,0.05774133966864819,0,0,22.926597714828212,68584,28.027768125222064,2736,-101,3.8597247075702215,224493,0,23,95825,68029,227229,27,5
30428,CENTURY SAVINGS BANK,644102,521341,3859,0.6053316241616886,8.8,-0.07112136663657179,0,0,0,12.4723445419951,81742,0,4240,-670,2.952556366749705,308092,0,46,131611,45825,312332,19,235
30429,MASSENA SAVINGS&LOAN,186744,142832,1210,0.6495172637394372,4.49,0.13890308653481898,1.3483699610161504,995,0,14.688907919722977,27615,23.796295533042624,1253,41,3.133633116621154,167660,0,8253,2263,27615,168913,235,4
30431,SSB BANK,317026,270410,2303,0.7412323446373144,9.52,0.08248821459270479,1.6222644199529377,3258,202,8.057916967202013,25583,12.146380107842887,2761,495,2.9142278700179034,265167,314,540,59264,25362,267928,229,15
30434,MORGANTON SAVINGS BANK SSB,105403,69280,752,0.6888528584645544,2.73,0,0.21915884747113462,120,0,26.96333342805452,28466,0,2388,0,4.647965557383434,64980,0,1,12560,27983,67368,0,0
30441,FIRST FEDERAL BANK OF LA,1137602,1001427,3681,0.32854513680008995,3.27,0.017928705741926308,1.6238543884416516,769,14,11.805670498084291,134806,21.2400474283973,5414,411,2.576557343710737,660616,2412,8382,206942,114137,666030,138,20
30447,RAYNE BUILDING&LOAN ASSN,52319,37903,240,0.4426280301577231,1.77,0.38434012775995974,0.280968672948642,470,0,29.053580560237886,15340,0,300,110,2.5977943175638933,27796,0,575,2168,13843,28096,116,0
30470,MANASQUAN BANK,3168714,2665430,17620,0.5800161970016783,6.51,-0.0006298803424187011,0.5025382536890359,2765,0,9.396595764967213,291716,11.683966574076987,23295,3894,2.7617108228670824,2674867,0,2508,992104,281755,2698162,28,44
30492,JACKSON FS&LA,29818,23165,-331,-1.121585264199405,-5.51,0,1.5728754443624655,359,445,22.652511487878307,7148,55.475230195571115,142,0,2.0043790449818077,14178,0,460,1380,5754,14320,0,0
30516,CROSSBRIDGE COMMUNITY BANK,212761,187817,1200,0.5815232614150593,5.31,0,0.5019716959405154,1713,0,11.893150290404646,24777,0,1970,30,3.5214523324696505,166758,0,3886,21474,23189,168728,0,0
30530,LAKE SHORE SAVINGS BANK,685157,577135,5217,0.7379465198826867,6.17,0.003973178875402555,0.5552012166554526,1238,0,13.832539839461514,97244,0,5133,-1479,3.24261106674049,544625,0,753,172625,87280,549758,41,19
30544,MARQUETTE SAVINGS BANK,1274681,935259,1139,0.08988559040075558,0.74,0.006191257410388833,0.4366582697945604,9087,0,14.472814171200538,187140,0,5243,319,2.204010065763238,873356,0,1003,125495,153708,878599,99,48
30551,WESTMORELAND FS&LA,167941,123619,514,0.3084241804557477,1.17,0,0.632960384897077,2178,0,26.475210230203572,44140,0,417,0,1.8907099318665272,68765,0,6,20,44067,69182,0,0
30585,MAYVILLE SAVINGS BANK,74222,64448,632,0.8999233925972757,6.96,0,0.0552396863463663,173,0,13.46519485138222,9844,26.370116763330692,457,0,3.7171284917216987,45278,0,239,5269,9443,45735,0,0
30595,F&M BANK&TRUST CO,176093,161762,1054,0.5885729729971207,8.13,0.1246761514859452,0.440676233581119,11,0,9.560687130385807,17654,16.384864864864866,1276,15,2.8743123732927636,109852,0,730,34941,13535,111128,179,38
30619,ABBEVILLE FIRST BANK SSB,127504,106394,1083,0.8609984401856513,11.19,-0.0013377783247804705,0.41096749905885305,147,146,10.009920867411903,12814,0,740,42,3.364448133446681,77249,0,652,8206,10056,77989,12,13
30637,GREENVILLE SAVINGS BANK,330174,247548,769,0.2339116537888517,1.87,0.012638420323843724,0.20292330710473871,5950,670,12.564472557756822,41534,0,1721,-122,2.1077405252871038,255096,0,1480,19893,41534,256817,56,24
30656,NORTH COUNTY SAVINGS BANK,61352,56554,-161,-0.25183006944878933,-3.56,0.022197558268590455,0,0,0,8.201640966701785,5138,22.39351085063915,135,0,1.6250405449237757,27433,0,1022,737,4558,27568,6,0
30680,FIRST SHORE FS&LA,366650,303420,2288,0.6389580069425245,3.99,-0.021049281720018867,0.28310377744442927,1294,0,16.441267813484284,59716,27.21960635980644,3798,-278,3.1632783196246015,280219,0,51654,28451,58354,284017,0,59
30688,PEOPLES FIRST SAVINGS BANK,104844,83612,302,0.29869878107159675,3.25,0,0.3853344015871199,76,0,9.074227081451875,9445,14.228499455144988,609,12,3.1369050742509312,92222,0,18,19523,9445,92831,0,0
30692,BANKPACIFIC LTD,176772,153816,879,0.49005997798911505,4.3,0.06607097910898564,2.051229832778947,2316,0,11.835309814927708,20579,26.114973100405003,1017,225,5.877384646457228,94011,0,12605,8240,20579,95028,134,71
30704,MAGYAR BANK,1007842,854609,8938,0.9413270373179615,8.68,-0.02254063342325124,0.28536218970830746,9547,0,11.195591503490094,108713,15.663992004147984,7861,-290,3.1796845570385903,797628,0,2213,403711,107842,805489,0,172
30707,EQUITABLE SAVINGS&LOAN ASSN,161698,124986,-42,-0.02661725152795699,-0.16,0,0.07668616804165791,0,0,15.786808300395258,25562,28.715153126800512,354,0,3.267399364231758,147519,0,841,0,26033,147873,0,0
30722,UNIVERSAL BANK,356343,241875,1305,0.35313983254948017,2,-0.01949253002932543,0,10923,0,18.338918475464773,65944,0,3402,0,2.7883676607374506,269783,0,0,99704,65258,273185,0,54
30776,PATHWARD NATIONAL ASSN,7597956,6522650,181899,2.393533807212648,23.03,1.8669894802248188,0.49365908410103976,63047,10277,9.1610722133406,661684,14.02923604745446,74337,69004,7.721040433249582,4560992,0,322579,95509,790223,4635329,96584,10794
30788,GLACIER BANK,27886112,20720297,202362,0.7258959738790802,6.44,0.08234654545280455,0.09935770178359751,32228,6177,8.771787268813464,2410556,13.594828799936465,206041,28306,2.832352000084809,17088868,3859,111170,7251134,3177786,17294909,18626,4728
30812,FIRST FS&LA,378727,236575,671,0.18037838061612524,1.99,0.035358155407202684,0.44860810029387926,1277,560,9.276691757134138,35112,38.55183798539106,1322,-23,2.280705165671384,313097,0,2815,233,34030,314419,118,9
30819,COMMUNITY PARTNERS SB,281718,232164,534,0.2073868557123428,2.56,0.03330299060855665,0.37129327909469756,6443,93,11.27555039082782,31923,22.73076493267028,622,-260,2.7478434192986465,133867,0,4451,35624,24726,134489,98,56
30836,TERRITORIAL SAVINGS BANK,2169071,1744666,-1535,-0.07000976123068312,-0.66,0.006158717225423985,0.08916259541527224,1008,0,10.978337324085373,237865,27.264678753930156,5114,73,1.5238101272579463,1281639,0,430,8219,233025,1286753,151,71
30878,BAR HARBOR SAVINGS&LOAN ASSN,99802,75762,-532,-0.519758644406928,-4.39,0,1.4308330494378871,720,0,12.06632116041982,12037,0,708,-3,1.0527277526242056,85338,0,168,10844,11821,86046,0,0
30879,PROVIDENT SAVINGS BANK FSB,1254963,878297,7056,0.5533622876072257,5.74,0,0.2014402018226832,3,0,9.80750104478144,121094,19.674560756849736,6956,1,2.8154106002989012,1053603,0,18,78270,121109,1060559,0,0
30889,PEOPLES SAVINGS&LOAN CO,103557,72143,132,0.13163038188765946,1.46,-0.006669097182084137,0,140,0,8.782535037732943,9124,14.674540449338425,791,0,2.3113891544638236,93321,0,282,10181,9133,94112,0,6
30895,FIDELITY BANK NATIONAL ASSN,3167804,2565962,18346,0.5774566537667983,6.12,0.14236754557380193,1.1533226171821236,14085,233,9.921020572977264,304416,12.124729411790135,31422,8167,3.2369650767834406,2427825,38,40636,1040649,302848,2459247,4237,719
30943,MID-CENTRAL NATIONAL BANK,123200,98766,785,0.6437317746003943,3.52,0.05405582080621114,0.32954545454545453,1649,68,13.697348159365669,16100,26.89098684741386,563,128,4.533763305801452,81048,0,4071,2784,20455,81611,74,31
30953,EL DORADO SAVINGS BANK FSB,2400696,2080064,21044,0.8701929633461194,6.95,0.00018425354466969235,0.05027708631163629,367,0,12.55861631304479,302978,50.56047448544795,5968,0,2.520288612328619,522969,0,24,1810,309275,528937,97,96
30969,FIRST FSB OF MASCOUTAH,193098,166760,1127,0.6196502247675351,6.85,0,0.6297320531543569,63,400,10.19661343391381,19059,15.443165281259287,1200,110,2.5168670964753646,153795,0,811,6220,17025,154995,0,0
30976,GOUVERNEUR SAVINGS&LOAN ASSN,197143,163355,840,0.4200823361378831,2.84,0.018372485365916003,0.3535504684416895,665,0,13.402842917959449,26005,24.44679084542632,1059,15,4.123144584936778,124927,0,2700,4495,29460,125986,28,5
30987,SPRATT SAVINGS BANK,142503,111802,136,0.09366133164375637,0.45,0.010881487542873061,0.10175224381241095,89,0,21.228772264499142,30714,0,1157,0,2.4799867112345444,45741,0,101,12568,30375,46898,5,0
30996,CENLAR FSB,942434,601411,14204,1.4789390705007466,11.63,-0.009682814244116916,0.7641914447059422,3071,6254,12.033021255521446,132176,37.64703549249807,709,-26,2.7711024942882236,241442,0,42,0,132111,242151,0,25
31028,HOMETOWN BANK,599733,542292,3469,0.5869237648799301,8.75,-0.0010616860849051596,0.10421304147012088,3982,158,8.156519641559068,50044,13.368539826437317,5431,395,3.320801251093412,383472,0,3831,53663,41154,388903,4,8
31043,INTERSTATE BANK,281806,266941,3353,1.2452703495670336,23.86,1.1318088088783855,0.8626501919760403,1870,2,9.616057066927757,26125,0,2240,2035,4.000977912345203,165514,0,2918,48461,14140,167754,1968,14
31077,FIRST FEDERAL BANK,254078,228458,323,0.1264445209984028,2.03,0.004333102956692802,0.27786742653830715,102,0,9.450637703883588,24712,17.06643724800329,1870,0,2.8434384085943787,186100,0,2368,41529,16033,187970,8,0
31083,JARRETTSVILLE FS&LA,161183,142644,283,0.18217586214887693,1.57,0,0.2047362314884324,1220,134,12.704994081325783,19856,0,1180,75,2.3558615838316066,106679,0,129,26265,18151,107859,0,0
31089,PICKENS SAVINGS&LOAN ASSN FA,128051,111186,581,0.4582792364010961,5.1,0.004071539666296609,0.13275960359544245,1861,170,10.91019707202871,14167,23.050054624628782,831,1,2.912244260371018,76006,0,514,3176,11407,76837,3,0
31090,BLUE GRASS FS&LA,53094,35610,103,0.19673609094937577,1.15,0,0,5,0,17.01696200132664,8979,29.530349324345607,384,4,2.6555864843448402,39912,0,242,2802,9081,40296,0,0
31100,SECURITY FEDERAL BANK,1546414,1328349,8619,0.5761663273664901,7,0.02304174182486433,0.5547026863440191,7310,4,9.879035520169667,158748,19.964244551242015,13894,1370,2.928190400627366,687149,3573,3727,287788,128834,701043,326,171
31121,CECIL BANK,223513,191228,197,0.0858869814518998,0.7,0.6308239795393613,0.8053222855046462,1352,0,9.823954384369939,22260,13.009413067552602,1766,1215,3.51911374837219,166726,0,13606,15190,28288,168492,1422,318
31127,FIRST FEDERAL BANK A FSB,163260,118238,-743,-0.41860428429935337,-5.54,-0.019681966567804375,0.6247703050349137,1762,421,7.453738398570358,12930,13.974886339034423,1387,0,2.2169564184940276,132081,0,153,0,12936,133468,6,35
31146,SECURITY FSB OF MCMINNVILLE,359593,320577,4077,1.1900050087039367,12.3,0.01698514471343296,0.038654812524159254,1061,0,10.59436510999614,37332,15.220101153511564,2782,715,3.406765245143596,264055,0,10481,56171,35428,266837,56,13
31158,FIRST SOUTHERN BANK,269856,243512,4597,1.7918464554805866,18.71,0.07420079559741946,0.4806267046128305,1047,0,11.454905545399146,30076,0,2095,0,4.771738830762444,147677,0,7019,46117,25507,149772,174,66
31184,CITIZENS SAVINGS BANK,361716,309161,-2219,-0.6166571347425018,-4.37,-0.013137559001114336,0.13988875250196287,4320,0,14.666349470679197,53019,30.07601520304061,1064,-67,2.1522121697868624,295743,0,222,0,51427,296807,0,39
31189,PONCE BANK,3027309,1909102,14721,0.5110551920166382,3.21,0.24465926665076942,0.9038390200669969,22982,0,15.811673558934627,482300,21.471482077560626,22502,552,2.7943579994671546,2297335,0,1004,390230,467003,2319837,5890,721
31197,FIRST FS&LA,87874,55251,58,0.06542435590849614,0.32,0.021063430662903334,1.6830916994787992,3114,82,20.77457592479052,18297,0,499,15,1.8612811741388673,79444,0,707,9161,18176,79943,17,0
31198,GREENEVILLE FEDERAL BANK FSB,189181,149502,1495,0.8194986970244797,5.52,-0.07906781012224798,0.17390752771155665,1773,0,14.898864262519593,27850,22.3003045209651,2209,-161,4.29599214284869,156545,0,1121,42326,27834,158754,70,191
31217,LIFESTORE BANK,466398,414066,3434,0.7734324816416769,7.2,-0.04278478167070947,0.868357068426537,973,0,11.198111051869907,51457,18.50717940807608,4123,153,3.204167818198568,283298,0,1132,63956,48415,287421,634,752
31223,FIRST HARRISON BANK,1185267,1069909,12641,1.0818081814856673,12.03,0.02723949594651108,0.371477481445109,4403,0,10.56874677047955,126402,0,9281,1449,3.2575285783713452,631672,0,11290,178849,109970,640953,349,176
31232,HIGHLAND FS&LA,78117,59841,630,0.8160664044891424,3.81,0,0.05760589884404163,300,45,21.779113409773903,16886,0,269,0,3.7778082708701395,38433,0,53,0,16886,38702,0,0
31236,HEARTHSIDE BANK CORP,560869,485777,2588,0.4826287227495664,5.6,0.10549194491900862,0.20824827187810344,1315,0,9.90530189219474,56044,14.61275446434985,4850,458,3.226141865935258,429784,0,9309,85899,47092,434634,458,27
31249,1ST UNITED BANK,165551,148230,1080,0.5812345205945383,6.46,0,0,31,0,9.688454345304324,16370,17.973502980142676,1090,0,2.5438123236876877,75121,0,892,31103,16662,76211,0,0
31266,JACKSON SAVINGS BANK SSB,29038,21824,-46,-0.1545086289710397,-0.64,0,0.7955093325986639,342,157,24.512802887094,7132,50.650721069293006,68,0,2.9323758228605628,19947,0,30,2775,7132,20015,0,0
31267,HOMEWOOD FSB,65999,49076,312,0.4880887570632075,1.87,-0.07387706855791963,0.49243170351065924,0,0,25.463235183258703,16889,42.73455800764394,442,-56,2.892598123212371,51081,0,663,16147,16882,51523,0,37
31272,COMMUNITY BANK,310945,272487,945,0.3063344121491255,3.49,0.17539655772049076,1.2211162745823216,1007,0,8.767981869282133,27391,11.57835823756258,2688,360,3.826458144092503,265457,0,2785,61600,27456,268145,486,19
31313,FIRST FEDERAL BANK,3820541,3334716,38354,0.9705403526558097,11.25,0.03820358066942302,1.2163198876808283,20234,40299,10.49649026055647,424631,20.573856629391265,9017,610,3.2139069459653626,1247207,3721,94171,299956,368846,1256224,1256,764
31329,WEST PLAINS S&LA,94261,69179,-15,-0.016014725005818683,-0.07,0.027788970557585693,3.6791462004434496,2467,1240,21.651512734620088,20360,0,938,88,2.4175598397424922,73081,0,600,11857,20252,74019,26,6
31345,HERTFORD SAVINGS BANK SSB,17298,15063,-95,-0.5429502200377208,-4.19,0,0,0,0,12.30615307653827,2214,0,127,24,2.96091119654242,13233,0,269,454,2214,13360,0,0
31361,COLONIAL SAVINGS FA,1034333,568143,2348,0.21973139241013334,0.98,0.00027010645435579067,3.5462467116489567,5,0,12.896571331598098,117032,22.16824323486645,8160,-1565,1.9848284238471916,704963,0,1235,40676,240206,713123,13,11
31390,AXIOM BANK NATIONAL ASSN,870746,770179,2712,0.3191825161421379,2.99,0.03252613449091953,1.250881428108771,3045,0,10.800990622346017,90933,15.111693735852509,8130,1851,4.51162940011094,566217,0,55261,114710,91774,574347,275,86
31406,FIRST FS&LA OF SAN RAFAEL,230638,180655,-496,-0.2161843634198623,-1.16,0,0,0,0,18.43967320999123,42478,23.393015479611567,1300,0,2.4243330414165793,209851,0,0,23515,42478,211151,0,0
31409,FIRST FS&LA,40468,28518,90,0.23076686392960072,0.88,-0.25256777235224787,1.5024216665019274,712,25,25.751513029560346,10297,40.139728096676734,439,24,3.5034216399601115,35325,0,332,1929,10297,35764,2,92
31410,1ST FSB OF SC INC,144932,123448,789,0.4978904338146484,6.76,0.01597317851119888,0,885,0,8.76999337735054,13110,17.65244208203791,962,52,3.2411767964984213,118505,0,1332,1081,12415,119467,20,1
31461,HARLEYSVILLE BANK,861649,694785,9054,1.05509030379702,10.55,0.002979395099371765,0.170138884859148,663,0,10.195618963625554,87629,15.185330447297297,4854,211,3.087918276980443,685067,0,490,245263,87634,689921,135,115
31469,ORIENTAL BANK,11415707,9611803,185699,1.6528364071568398,16.15,0.8834413840746757,1.3463905476901257,209285,61501,10.448878019795172,1191547,14.85971342558562,175864,82268,5.575030847144171,7633830,36957,619566,1283216,1188834,7809694,104431,36641
31479,FIRST FIDELITY BANK,154798,141624,1394,0.9089960614517855,11.23,0.1849348784461119,1.7338725306528506,92,1400,10.427278603749192,16131,18.354100937994623,1051,304,3.4605432041699857,74857,0,2878,23915,12845,75908,141,5
31485,EQUITABLE BANK,507267,445217,3335,0.6585229655688256,7.02,-0.017131112636843106,0.20600591010256925,3360,7,9.516250066473516,48316,12.843068346195272,6027,-96,3.051932680465991,449068,463,1866,119136,49261,455095,214,291
31488,PROGRESSIVE OZARK BANK,174883,151272,3478,2.0388088854081547,22.07,0.020884618545810748,0.44544066604529886,590,0,9.665403559735978,16503,13.629168505806607,1406,97,5.168238504636177,151741,0,2224,12674,16169,153147,65,34
31516,FIRST FEDERAL SAVINGS BANK,663957,529655,2933,0.4475247138008504,5.32,0.04072237896534165,0.9521700953525605,5360,0,8.841632763357403,58895,14.759418880422768,5816,209,2.632929324310509,563107,0,622,42898,56733,568923,226,0
31539,WILMINGTON SAVINGS BANK,243471,208114,612,0.2677961948436105,1.78,0.0010721630030856852,0.6567517281318925,137,0,14.779104551410418,35868,0,6576,-50,1.9603103534784752,184107,0,1584,22216,34665,190683,2,0
31545,CENTRAL BANK,135427,118849,1262,0.9154851926436195,8.92,0.04160010649627263,0.026582586928751283,1292,11,12.653346118051834,17947,23.962089865745487,1133,19,4.057681799824199,84655,0,3505,14286,14755,85788,67,32
31628,EAST WEST BANK,75841883,63621187,1175506,1.6202589875458913,17.03,0.26255068132752235,0.25592059733010586,104761,0,9.80612503039794,7367996,14.692436194568812,702052,174000,3.324498018020678,53024585,4939,10816,15268811,7251084,53726637,146257,7639
31694,VOLUNTEER FSB,357254,319621,1637,0.46836464347637,4.86,0.009775034561729342,0.16822764755608055,2322,601,11.218425592103962,39736,22.553953860147185,1178,320,2.715507315163166,224852,87,6041,5493,34266,226030,21,0
31711,RIVERBANK,138532,120861,1669,1.3605497631877135,10.23,0.011146554903876164,0.5024109952935062,925,0,12.274047422948547,16989,20.94427065229985,1720,260,4.159510662520181,102926,0,915,15775,16909,104646,17,6
31723,HOME SAVINGS BANK FSB,27770,18366,-52,-0.18760101593165548,-1.53,0,1.462009362621534,743,0,11.284089251859413,3095,0,151,2,2.8807113315539965,22087,0,0,1961,3368,22238,0,0
31762,GREATER STATE BANK,176509,154111,1952,1.2023406221127195,13.66,0.01701467345438706,0.03285951424573251,42,5,9.588614708883087,16635,17.445176612581395,1413,264,4.956519138989248,119212,0,1381,35496,16340,120625,93,73
31774,HOME FS&LA,41020,34217,101,0.2459395621788784,1.85,0.03664636865025316,0.8824963432471964,453,0,13.384492483478178,5529,0,422,16,3.1019303835930603,32813,0,553,2212,5529,33235,14,2
31823,INTERAMERICAN BANK A FSB,266491,217524,2157,0.821303790257974,6.11,-0.040232081636641076,0.9730159742730523,476,0,13.647142339294346,36142,20.054372404185532,4725,-186,4.389539264050037,212717,0,2609,83195,36142,217442,39,123
31840,FINANCIAL FEDERAL BANK,1062941,796341,3197,0.312757839343234,3.15,0.003343211679601181,0.09059769074671124,387,0,9.676885352756768,102883,0,7944,0,1.7193707154855857,1014202,0,24607,259577,102883,1022146,33,0
31864,GRAND BANK FOR SAVINGS FSB,252934,228373,-678,-0.32495791842885247,-3.57,-0.00974386623620431,0.950840930835712,3428,734,8.48506360974193,21036,0,1359,315,3.9507367521765495,183084,0,146,13,21036,184443,0,15
31900,CBL STATE SAVINGS BANK,188394,117948,-227,-0.12921720558400485,-0.78,0,0.17994203637058506,626,0,16.133078926007528,30608,0,1090,49,1.6922353105613703,109790,0,121,5660,28877,110880,0,0
31905,CYPRESS BANK SSB,229671,181184,1384,0.5987562828310097,5.67,0.14207023423747273,1.3123119592808845,2887,0,11.227978138316857,26111,19.446465531247572,1391,112,3.658504838337783,151094,0,10011,18569,24697,152485,280,65
31928,FIRST SENTINEL BANK,394509,348937,3382,0.8594418659494316,9.47,0.3864895937829516,0.12243066698098143,1072,0,9.360003013523185,37272,13.205714451676611,3650,934,3.7584783050159074,323914,0,9719,62841,37041,327564,1963,697
31936,FAYETTE SAVINGS BANK SSB,453897,411767,5622,1.2414005082190342,14.57,0.0035901982065579116,0.007711000513332319,498,0,10.398853763970306,46885,17.177135369748587,3081,347,2.9130511214533223,362699,0,5569,58674,40878,365780,13,0
31945,TRUSTCO BANK,6239398,5390997,49636,0.8057623730205122,7.82,0.004559942003881978,0.3361862795096578,4629,0,10.576225967358095,652668,19.794573280037728,50248,2000,2.5562348238459873,5048504,0,3730,128618,649361,5098752,939,709
31972,FIRST WESTERN FSB,64211,44233,888,1.3911299797910173,8.51,0,0.4158166046316052,571,0,16.126718652240925,10568,0,389,0,4.060415661283673,56883,0,0,1029,10568,57272,0,0
31994,SLOVENIAN S&LA FRANKLIN-CONE,172886,156721,-333,-0.19255188492683029,-3.05,-0.00457909004322661,0.4314982126950707,2386,735,10.402261461313927,18068,0,197,10,1.7234851278722703,110412,0,751,655,10654,110609,14,19
31999,MADISON COUNTY BANK,622184,469487,3863,0.6409518275672004,4.53,-0.0002210016057976677,0.11973949828346599,41,0,14.337702446581394,86164,18.458899116649057,6378,-9,2.0382469144548088,463287,0,2201,31983,86368,469665,1,2
32018,ANGELINA SAVINGS BANK SSB,80032,71371,981,1.256188102963887,12.61,0.9723500874080665,0.021241503398640543,63,0,10.316710585193656,8300,28.556863776886143,619,260,5.316293556136658,36291,0,6070,3978,8300,36910,404,28
32025,UNITED BANK,289448,241086,1402,0.49672804316786356,4.93,0.036690469081321266,0.23734833199745725,26,0,10.318500648436084,29598,14.309532631133223,3531,215,3.6672313334202054,240113,0,18228,58544,29258,243644,101,14
32082,VIKING BANK NATIONAL ASSN,281740,236308,3140,1.1572129006388996,9.19,0.0009197575886899249,0.6711862000425924,977,0,8.702845797485109,24459,0,2808,287,3.377143901157878,224129,0,6585,89230,34749,226937,30,28
32084,GRAND SAVINGS BANK,959628,850569,18141,1.9502244999626963,18.91,0.012931286204125219,0.9252543694014764,1406,0,11.163326982178404,104758,0,7519,1704,4.709268338185238,726051,1339,24118,210726,102696,733570,217,124
32135,SHELBY SAVINGS BANK SSB,418008,327200,6576,1.589467745841787,14.64,0.18421964215248426,0.22152686072993816,5921,695,12.065933584828564,49608,16.188448099670172,3239,597,4.661385980890178,292685,0,9105,23971,45725,295924,996,461
32172,PACIFIC PREMIER BANK NA,17900400,14564635,178417,0.9699634212934569,5.64,0.16259474754080216,0.161203101606668,1358,0,13.414415586619018,2316586,19.824380824588,178186,4789,3.43874351938662,11866806,0,482,4495565,3144890,12044992,26586,6138
32188,USAA FEDERAL SAVINGS BANK,109221000,95963000,-110000,-0.09806545894703433,-2.64,1.9270632363894147,0.4669431702694537,373000,0,8.479569617010375,9268000,17.56635533744921,1727000,1035000,4.285621697553671,43414000,17451000,7145000,0,3918000,45141000,1055000,196000
32203,SUMMIT STATE BANK,1067094,962563,-4193,-0.38322832712655164,-4.31,1.0082982625552956,3.0166976854897505,3345,0,8.870609220511406,97173,11.891996843331539,13693,7915,2.8351292871279203,905075,0,10,680958,91723,918768,9690,280
32232,STERLING BANK&TRUST FSB,2425209,2074626,7819,0.3242829671854171,2.46,-0.03589282529421396,0.6013502341447685,7089,26,13.76458561465079,336751,0,20805,-8536,2.420431037504902,1135029,0,0,174461,323474,1155834,0,452
32242,LIBERTY SAVINGS BANK FSB,1204853,1003025,4345,0.3540019410223804,6.2,0.007728105412280583,1.0520785523213205,8641,0,8.353054293625298,105467,17.959249045766725,7657,998,1.238220851214486,849674,0,38949,400,72173,857331,526,459
32245,DOLLAR BANK FSB,11639893,9727310,48918,0.42273010018231544,4.35,0.1437284386535131,0.590555256822378,51469,1294,10.97763917924008,1286212,16.91410165753429,79156,16083,2.8692911373263996,9104545,75793,88506,1487184,1150469,9183701,15683,2731
32257,ABACUS FEDERAL SAVINGS BANK,319722,257982,2042,0.6319653130889857,3.75,-0.00038507451191805613,0.6080282245200518,0,0,15.840797158818123,49822,32.11354711030025,2990,0,4.486291450357868,255619,56,2,26403,55587,258609,0,1
32277,EASTERN INTERNATIONAL BANK,128399,101047,460,0.38477688795798903,2.21,0,0,0,0,17.537882323656618,22546,0,1300,-173,3.591689958179309,84600,0,0,59775,20963,85900,0,0
32282,MALAGA BANK FSB,1412360,934177,23552,1.642558787452391,10.9,-0.00016008083441814778,0,0,0,15.939685971833406,222628,28.065071888943976,3775,-137,3.236932922695887,1239063,0,34,39547,222628,1242838,0,2
32286,COMMUNITY SAVINGS BANK,92771,72926,-369,-0.40306460175251174,-2.38,-0.010475399832917372,0.43871468454581714,221,0,16.49451534423151,15458,0,361,0,3.2164452614662458,76623,0,2620,11363,15258,76984,5,13
32292,WOODSFIELD SAVINGS BANK,109205,100146,307,0.28232273442902756,3.61,0.044109155456703526,0.8479465225951192,617,0,8.76798148114126,9545,15.60269776845663,736,103,3.4647147956553352,78063,0,3156,8064,8590,78799,115,82
32293,MIAMI SAVINGS BANK,137197,107848,966,0.7105114505613481,3.54,0,0.7565763099776234,568,540,20.46402003388083,27784,0,1169,4,3.6835060001319744,95385,0,79,22739,27784,96554,0,0
32296,UNION SAVINGS BANK,3903720,3412517,32447,0.82732361232126,8.23,-0.0020226115254992657,0.29492381625731356,1612,87,10.47876995204777,396951,0,28635,0,1.9935191956134315,3412610,0,5954,230744,396951,3441245,2,72
32306,NEW FOUNDATION SAVINGS BANK,19777,16221,-127,-0.5999792133185936,-4.47,0,0,254,0,12.990207673021429,2746,0,86,0,3.3156766810885125,16623,0,52,446,2749,16709,0,0
32307,GALION BUILDING&LOAN BANK,77713,63128,328,0.4291834261922271,4.05,-0.005429451516807773,0.22776112104795854,121,0,10.82645693656524,8397,0,343,35,3.3615261903524063,55864,0,6342,2965,8257,56207,1,4
32348,TAYLORSVILLE SB SSB,182506,168221,1209,0.7179266705304462,9.89,-0.005115567988821753,0.4914906907170175,1483,0,8.933907346333473,16145,15.466834607674432,1292,73,3.2299000833275997,144653,0,1147,8872,12267,145945,4,11
32360,EASTERN SAVINGS BANK FSB,406613,276141,7364,1.882518955564986,7.54,0.003646112316169646,4.189241367098445,3010,2843,24.963144349216662,99905,0,3841,-194,5.8823982639811865,303720,0,3,106763,99905,307561,23,12
32363,PRESIDENTIAL BANK FSB,974190,798415,1492,0.1530932218694283,1.76,0.5167362809377576,0.7471848407394861,4674,0,9.38186830637887,88617,13.661079215412702,7418,3032,3.091977816975499,761852,0,13622,260000,85875,769270,5145,1080
32441,UNITED MIDWEST SB NA,490272,404163,6223,1.2764243217598452,9.75,1.8647892608985126,0.9672181972456105,2312,0,12.974613323690395,63149,20.817994643714105,8318,7555,4.905394525859545,297344,0,54300,78976,66460,305662,6229,504
32459,HOMELAND FSB,578937,506378,5488,0.9961367030634107,10.85,0.275582375532389,2.129765414889703,8927,3178,9.187437091037607,53032,0,6871,475,3.486634919826496,505363,0,28846,144198,52960,512234,2210,867
32489,HOMESTREET BANK,8121034,6432913,-131539,-1.4484025091182113,-18.67,0.03383152877200557,0.8342041173574695,6671,4354,7.297070321968237,678869,13.02102544519651,38743,0,1.5509965437993627,6218476,0,2314,862480,598874,6257219,3141,707
32526,AMERICAN SAVINGS BANK FSB,9290946,8076889,12317,0.1313868887213535,2.3,0.14871929879456766,0.26706645372817794,7785,0,8.85771447499172,835670,14.713166463366326,64231,-1963,2.9340040715193654,6056555,0,221175,1289119,546458,6120786,13302,4224
32527,BAYVANGUARD BANK,904057,686333,13456,1.516406171466591,7.46,-0.04441077058467414,0.45682960255824573,4482,0,19.825446050895795,171775,25.492866507940764,8522,-203,4.5061248108600545,729238,0,16425,380138,184741,737760,4,319
32532,SOUTH GEORGIA BANK,228822,204697,4397,1.9777032734430027,22.94,0.12490902459375422,0.3002333691690484,1290,45,11.684608956397778,26147,21.78625810401394,2873,250,4.320394745636162,116515,0,4280,42578,19361,119388,150,0
32541,FLAGSTAR BANK NATIONAL ASSN,100102295,76448437,-1019390,-0.9097775222466437,-11.34,1.133048184383323,3.1410198936997396,993338,0,8.054259316273647,8912125,14.46586317120729,1201000,1092177,2.1664783984331177,67970509,0,148838,8877123,8579156,69171509,939297,46203
32551,LENDINGCLUB BANK NA,10469106,9116821,47677,0.49241090044898966,4.38,4.391774581043539,0.7413144923740385,60880,1786,10.296616638319836,1101395,17.418246832913457,236734,178267,5.806422169027345,5548662,0,4766403,316671,1174574,5785396,303593,54510
32574,BEAL BANK,6619890,4178037,221840,3.9931076053939933,21.56,0.024375824673945983,0.8009347587346618,4446,0,17.476804417548394,1108312,67.95337463517048,15633,5459,1.7920212783469212,931691,0,2347,200770,1100044,947324,856,611
32612,NATIONAL COOP BANK N A,3773718,3201350,26057,0.7052109833099075,6.62,0.08810329328652905,1.4577665845725623,21661,33069,10.479922307403568,403158,14.314017677051346,26760,5134,3.0307400116480934,2972412,0,101,304159,402466,2999172,3089,550
32629,FIRST SAVINGS BANK,1441636,1177888,33424,2.3575330318422134,14.19,5.383525975920265,0.4807038669955523,11870,0,17.51508938191253,254902,24.483955168264423,72998,58002,8.531825553390087,1037988,187804,7844,499609,250817,1110986,63931,4471
32647,NORTHWEST BANK,2902292,2492223,17621,0.5945227386981299,7.19,0.06539439937593805,0.4535381002325059,2166,5113,9.592102652314564,278930,12.861422600481944,28941,2200,2.6208810256007595,2261290,0,6737,607085,258759,2290231,1529,40
32718,HELM BANK USA,1010203,908540,7464,0.7231983505186603,8.53,0.01986322946839028,0.935455547053414,5804,0,11.88147099658366,127254,31.618038147528903,10806,1673,4.012556306825263,592175,1404,192,2956,89251,602981,291,177
32773,EASTERN BANK,25551908,21505363,121148,0.5297099797197525,3.94,0.27848013601724203,0.5315454329281399,59509,0,11.677151374362884,2960039,15.821981026981181,228952,66309,2.9406273906376565,17549801,0,186497,4694981,3418356,17778753,47756,4505
32779,BANK OF MARIN,3700995,3230408,-7028,-0.18731759655851626,-1.66,0.00317783481402781,0.9154565191252623,2231,0,10.182987392566002,379028,16.133613852254,30656,5317,2.7740257150088934,2052600,0,19640,1300601,424987,2083256,99,33
32908,TUSTIN COMMUNITY BANK,79354,61435,700,0.8928093137867614,6.18,0.28176049077554577,0.02142299064949467,107,0,13.935350958944426,11364,0,2170,176,6.3404271115007145,62442,0,84,11624,11364,64612,272,96
32912,WHITAKER BANK,1886997,1610995,24900,1.315431907538978,12.21,-0.09140504555851484,0.08918933098462796,10891,307,13.121393068018813,255671,0,15229,-474,3.8905191471791243,991528,3609,16959,324063,198864,1006757,385,1299
32941,WESTSTAR BANK,3205734,2867052,54485,1.7284199700472767,18.38,0.13879328946806146,0.13323001846067078,258,23,11.102388378491156,345356,13.696054133311183,26109,6150,3.1068381582010884,2266072,0,1019,1051589,308531,2292181,3158,14
32961,BLACKROCK INSTL TR CO NA,4754665,0,765378,16.780661071812116,20.88,0,0,0,0,71.31563154295019,953035,153.1931683940178,0,7782,6.246113599468292,0,0,0,0,3793550,0,0,0
32968,LIFESTEPS BANK&TRUST,73675,64207,-2121,-3.3530204058403577,-26.68,1.671906258931123,0.6487953851374278,342,4,18.25244007702012,13745,41.300865107337394,853,270,3.9100732582625626,26468,0,9796,6760,8991,27321,365,14
32974,GULF COAST BANK&TRUST CO,3371364,2928839,7499,0.22913463191976507,2.81,1.6721068981828628,1.5886744949521914,7611,9629,8.563576177064482,287879,11.619428170306973,48596,51354,7.206183102326727,2358086,3493,28263,469361,266456,2406682,48831,9615
32992,MORGAN STANLEY BANK NA,230712000,187093000,4709000,2.1624208092018375,20.47,0.2520936066601901,0.31164395436734976,0,0,9.735539440684144,22165000,20.86632502026011,546000,130000,2.3900034765409273,84415000,0,0,8059000,22090000,84961000,209000,4000
33005,FCB BANKS,2443123,1986582,26880,1.149650344625654,14.72,-0.00016220994833613146,0.25958578426055506,13908,1213,8.213166247118082,200134,12.992018915329947,20098,1800,2.6271698722431966,1881479,0,11744,276607,189952,1901577,260,263
33009,COUNTY BANK,604624,518234,12427,2.072419789832919,19.73,0.12214566408632002,0.03258223292492524,676,51,12.899229738458127,80283,17.07420486138452,4065,633,4.586756001010272,439210,205,58350,200741,68475,443275,656,134
33010,FIRST PEOPLES BANK,388744,349446,3631,1.0562356007539968,10.68,0.059590287177827675,0.18572633918465623,272,0,10.902521822115128,38957,14.291461329578597,4230,1262,4.356139063072029,277798,0,2311,85529,35520,282028,151,0
33013,ASIAN PACIFIC NATIONAL BANK,55759,44102,144,0.25518522194025833,1.4,0,0,837,0,19.29462426819937,10843,0,582,0,2.873004641904658,27784,0,0,26800,10598,28366,0,0
33026,SURETY BANK,192505,172335,5281,2.60127280608425,27.38,-0.06827626897242928,0.16934625074673385,0,0,12.658183492851707,25287,29.103819352562404,1109,0,3.692446359099587,71096,0,146,41175,19460,72205,0,53
33103,GATEWAY BANK FSB,256131,228680,-4113,-1.7949552723156188,-15.49,0,0.8448801589811464,2970,0,11.050749818530017,28621,0,2467,846,1.8529641966544712,187360,0,0,23425,24656,189827,0,0
33111,COLORADO FSB,2317950,1202531,14504,0.618796463064541,5.93,0,0.2015574106430251,3350,0,10.202839161659586,243503,15.595050695037541,13701,-21,1.4240576743358107,1668542,0,0,15213,240912,1682243,35,35
33119,HERITAGE BANK INC,1881712,1734878,16685,0.936117039260137,16.77,0.045082551672424656,0.2607200251685699,2656,21,8.006390892032211,152238,11.540090383768813,12204,-825,2.7064802703065753,1135927,751,1925,489995,103485,1148131,688,198
33124,GOLDMAN SACHS BANK USA,561177000,389733000,7705000,1.4043049556199536,13.02,0.9383244030605885,0.5153454257747556,714000,487000,10.967367739790705,62022000,17.117405719680676,3903000,1596000,1.862759041890117,185734000,21255000,9323000,6480000,63033000,189637000,1790000,119000
33131,FIRST FARMERS&MERCHANTS NB,136510,111516,845,0.6181328729645507,6.71,0,0.164090542817376,75,0,10.130176170804765,14272,13.713008321763201,1422,30,3.676670677946628,104841,0,1615,16515,12725,106263,1,1
33136,WOODLANDS BANK,600909,535944,3396,0.5553787516276228,8.91,0.010083929667055534,1.6345236965996515,9244,0,8.216795884356207,51030,11.833592267974321,5383,300,2.7621730822195913,441437,0,2543,138010,39596,446820,94,49
33183,SOUND BANKING CO,47643,42138,830,1.7731632805657032,14.85,0,0.04197888462103562,0,20,10.535084660389787,5438,15.506171545375928,634,0,6.125080593165699,36682,0,18,10280,5438,37316,0,0
33188,SHINHAN BANK AMERICA,1740361,1496157,2241,0.12796014175768242,1.16,-0.005935387777985933,0.423590278108967,1753,0,10.096785559511364,189416,16.176179526499823,11404,-860,3.3890425225856156,1470492,736,131,872037,194192,1481896,0,87
33204,PREMIER BANK MINNESOTA,676826,593515,9770,1.443215028107979,15.31,0.0028858727510483835,0.03398214607594862,0,0,10.44328835180184,70881,14.124502098768346,6975,370,3.6489345708708774,553481,0,503,261925,67043,560456,28,12
33216,NORTHRIM BANK,3029564,2684293,37357,1.305232249372488,16.3,-0.010557961630591329,0.3730239730865564,2245,17,7.2423307915312725,218664,10.17735757910355,25669,3293,4.492832982488743,2241278,0,4708,932612,261242,2266947,189,403
33239,TRUST CO OF TOLEDO NA,5439,0,4381,66.73470631245429,77.39,0,0,0,0,51.992753623188406,4305,262.02069385270846,0,0,4.301426549058042,0,0,0,0,4244,0,0,0
33306,CIBC BANK USA,61517047,49368389,870711,1.521217067298268,9.01,0.29077073197240966,0.9374620989203204,126447,0,12.79587777063309,7400262,18.029767342269796,526056,143891,3.2719329920497393,35710873,0,25198,9952752,10123161,36236929,110465,9104
33380,ENTERPRISE BANK,524296,418263,2518,0.49262529370679997,4.71,-0.0045531161982572494,0,0,0,10.634933719004549,56768,13.008383077411528,4778,240,2.4557590522483146,442361,0,2031,248764,55351,447139,1,21
33418,LEDYARD NATIONAL BANK,950082,811387,4238,0.46634266965002735,6.14,-0.01066748249425868,0.13440945097370544,451,0,8.554864435869971,79551,12.724466997674641,3759,618,2.292826260376585,575966,0,3436,155706,69717,579725,15,68
33440,CITIZENS FIRST BANK,3987481,3348905,39540,1.028735972805154,10.03,-0.003926490444728443,0.05735450526284639,263,122,12.496896886534836,521524,20.26499353276805,23148,1800,2.6417289371975072,1274453,0,4818,298649,406648,1297601,0,50
33450,ARBOR BANK,606354,547610,5685,0.9323584979926003,10.62,0.004012483639097961,0.1685484057167925,6978,0,9.334709282137652,57530,13.029083959824506,5398,240,3.502991073132692,505267,0,899,116339,55304,510665,27,7
33457,OAK VALLEY COMMUNITY BANK,1900495,1696247,25732,1.3850982121402902,14.78,-0.2060058632438,0,0,0,10.512729330076397,203093,15.312424069903074,11460,-1883,4.080199310362457,1093514,0,179,747236,182783,1104974,62,2246
33470,TODAYS BANK,335868,288062,183,0.05404725324770831,0.78,0.7663461175354112,1.1906463253420987,216,0,8.851644833111665,30548,14.035102402932734,2928,1481,3.5108133685185354,237538,0,2129,74131,22496,240466,1900,33
33492,CRESCENT BANK,1121005,1004352,-2986,-0.2372382354941452,-2.79,10.17510138507667,3.0009678814991907,197512,19218,10.767570591104413,127820,13.687052811396983,112112,94100,13.954101995678938,892819,0,4941,18957,102191,1004931,155956,41675
33497,CHARLES SCHWAB PREMIER BK SS,26472000,24087000,229000,0.8705834049315319,12.27,0,0,0,0,13.122171945701359,3538000,59.905181171689804,0,0,1.4892903648371527,1254000,0,0,0,2159000,1254000,0,0
33503,UNITY BANK,2646255,2100561,41036,1.5795471508065675,14.78,0.06694823406193436,0.5972969347247337,49545,760,11.95227295581006,298342,15.372203057372113,26788,3949,4.06622076743916,2234997,0,1699,1129471,297853,2261785,1790,317
33506,FIRST NB OF COFFEE COUNTY,503970,458399,5614,1.1851687968320062,14.1,0.03914225992074701,0,0,0,8.733802591585347,43676,19.219550326044473,3104,525,3.4261467590901824,252030,0,1774,117559,41863,255134,100,3
33539,PREFERRED BANK,6924154,5921062,130662,1.9180668859291146,17.99,0.3476739080349935,0.3515519729919352,111049,1100,11.332855703564595,788853,15.108201329596033,71477,12100,4.1447359779404715,5582118,0,0,2271240,763152,5653595,19028,50
33552,BOONE BANK&TRUST CO,156705,145417,617,0.3771564239458264,6.08,0,0.001276283462557034,86,0,9.13766409415282,15404,13.481101374669038,951,119,2.007458470462689,71949,0,102,16473,10326,72900,0,0
33555,SOUTHSTATE BANK NA,46369727,38171079,565300,1.240036129822539,9.47,0.054781719888971236,0.4587971803241369,73224,3293,10.644472268855838,4817945,14.643303490490675,465280,15975,3.55304205085071,33717073,41824,736337,13525101,6161046,34182353,35070,16826
33565,DESJARDINS BANK NA,353967,276645,6501,1.9048964130164696,11.28,0,0.024578562408360104,3553,0,17.91446996799096,60892,0,2767,83,4.399014170106002,267430,0,3628,476,60892,270197,0,0
33568,UNITED BANK OF PHILADELPHIA,53275,43802,3,0.005371050040282875,0.03,-0.07033967669326785,7.354293758798685,0,315,16.98985512671733,9077,35.292315938588764,141,-22,6.430522845030618,31132,43,244,18600,9028,31273,8,30
33645,LEE BANK,554036,483019,2616,0.4795489600056901,6.58,-0.0073260184302414,0.45394162112209313,3871,0,8.982668161070773,49770,14.734541728884867,3878,67,3.070095340457599,408322,0,4037,106881,41839,412200,1,30
33646,BANK OF EAST ASIA LTD,4294474,3469403,,0,,0,0,0,0,0,,0,,,0,2664892,,,479790,,2664892,,
33648,BANK OF INDIA,7694087,6351664,,0,,0,0,0,0,0,,0,,,0,5832387,,,0,,5832387,,
33649,INDUSTRIAL BANK OF KOREA,498624,6355,,0,,0,0,0,0,0,,0,,,0,477598,,,103441,,477598,,
33653,BANK OF CHINA,56341260,18214753,,0,,0,0,0,0,0,,0,,,0,15815510,,,2887220,,15815510,,
33656,METROPOLITAN BANK&TRUST CO,41015,7991,,0,,0,0,0,0,0,,0,,,0,5424,,,3854,,5424,,
33661,MIZRAHI TEFAHOT BANK LTD,8726217,2725724,,0,,0,0,0,0,0,,0,,,0,1905369,,,322550,,1905369,,
33664,STATE BANK OF INDIA,3817060,2907853,,0,,0,0,0,0,0,,0,,,0,3474000,,,0,,3474000,,
33681,BANK OF BARODA,12924802,8360902,,0,,0,0,0,0,0,,0,,,0,8648284,,,0,,8648284,,
33682,STATE BANK OF INDIA,21926966,12978494,,0,,0,0,0,0,0,,0,,,0,14077311,,,34631,,14077311,,
33684,ALLIED IRISH BANKS,1369790,0,,0,,0,0,0,0,0,,0,,,0,1036056,,,0,,1036056,,
33686,BANK HAPOALIM B M,9183956,6909366,,0,,0,0,145266,0,0,,0,,,0,6990230,,,1689290,,6990230,,
33690,BANCO BILBAO VIZCAYA SA,28430355,9973394,,0,,0,0,0,0,0,,0,,,0,19948571,,,192773,,19948571,,
33692,STANDARD CHARTERED BANK PLC,54549388,37301961,,0,,0,0,1242,80,0,,0,,,0,21286697,,,1278339,,21286697,,
33693,MASHREQBANK PSC,6002527,1657162,,0,,0,0,0,0,0,,0,,,0,2325707,,,89370,,2325707,,
33708,INTERNATIONAL BK OF CHICAGO,974015,863301,8220,0.8315261296464557,8.49,0.0017425796601621146,0.8186732237183205,2684,0,11.122475963337541,111460,17.742992139957558,13208,1200,2.423871937004611,788810,0,103,365925,98856,802018,28,14
33739,CITIZENS COMMUNITY BANK,347583,306419,5067,1.5134028895332374,13.94,0.4398313552784033,0.510093991938616,1788,49,13.172153140417183,45656,0,3287,350,3.946742170487491,210295,0,4490,27374,37252,213582,995,68
33753,CITIZENS COMMUNITY BANK,507887,389264,2984,0.592649321213946,6.78,0.015656914306861287,0.3987107368371311,1063,107,10.541631520685499,53614,0,4908,600,2.283984441818556,269714,0,1833,84087,44141,274622,46,2
33758,STARION BANK,2015630,1676451,7094,0.37464853594492337,5.22,0.11899122638024157,0.21239017081508016,16288,185,9.382973286221356,186523,14.514132196319734,16164,740,2.0634519713935613,1197964,381,5625,356497,137480,1214128,1885,415
33761,VILLAGE BANK,401680,377280,2707,0.6686598840627251,12.64,0.07961818333218898,1.159878510256921,670,0,8.477943338536823,35464,13.52816550348953,3737,252,3.151202994620508,277088,0,354,123117,22286,280825,439,221
33785,STIFEL TRUST CO NA,904823,849718,31824,3.525940882433626,63.14,0,0,0,0,8.388986654133284,76750,41.819004081098896,0,0,4.727792198108519,0,0,0,0,49292,0,0,0
33794,FIRST CMTY BANK OF E TN,195787,167201,2011,0.9846066469516853,9.41,0.18771221909214025,0.19357771455714629,1482,0,10.684661957618568,21177,0,1684,223,4.101296597296955,138914,0,2382,35482,20017,140598,287,17
33802,TIOGA-FRANKLIN SAVINGS BANK,70850,64432,-1400,-1.9225698716821937,-26.9,0,6.774876499647142,2260,826,5.172188791415936,3567,9.082542673707737,1196,-240,3.0922972099442685,52513,0,31,15267,4387,53709,0,0
33803,WHEATON B&T NA,3660659,3097991,47239,1.3817002620372216,14.61,0.15712016919266075,0.42271077420759484,30557,760,9.066304262456944,323221,11.426371261589939,21977,5525,3.101101026030537,2609204,0,538978,364564,334642,2631181,4897,1079
33805,COMMUNITY BANK OF ELMHURST,184770,169121,558,0.3123785894147324,7.45,-0.011141978518265417,0,2055,0,10.18903256545779,18391,13.412424446825113,1978,88,3.4943582510578284,113597,0,239,46496,7427,115575,0,12
33812,AMERICAN NB FOX CITIES,403726,346285,3755,0.9529204028505897,8.27,0.3664939199945805,0.09387554925865563,5,98,13.035389399368416,53951,0,3244,817,2.8915404783562524,296472,0,198,147110,46111,299716,1090,8
33818,PRIORITY BANK,129013,105354,2321,1.9591556975894198,17.4,0.011348316136851614,2.698952818708192,2243,0,10.9648776325976,13880,0,1425,0,4.623565452292969,96433,0,463,12647,13791,97858,40,30
33823,CAPITAL COMMUNITY BANK,1089688,907211,35693,3.7042126091218717,25.95,3.559055755593827,2.1987027479425305,12590,1188,14.759040489275463,153480,18.151915355506215,28341,38909,13.862094165487898,838663,0,137996,337565,154347,867004,30660,2877
33831,FDS BANK,120993,15000,408695,356.56766056646705,1203.39,0,0,0,0,46.32055834455737,41613,188.48627593079084,1,-16,4.656609619356742,322,322,0,0,41613,323,0,0
33849,HINSDALE B&T CO NA,5416723,4356326,69713,1.3289174986864853,12.58,0.1312296741862126,0.24730819722551806,28695,2109,9.614686633089027,512323,11.874901620121477,27762,4044,3.2733739859566082,4039049,0,465221,579553,582816,4066811,6545,1486
33851,BANK OF MILAN,107959,98372,997,0.9777040332007498,20.4,0.01065859455772162,0,21,0,7.762009646750495,8352,14.550143363702686,224,0,2.945926391229805,56162,0,402,17609,4825,56386,6,0
33855,CREDIT FIRST NATIONAL ASSN,38008,500,9794,25.044365912659245,26.41,0,0,0,0,91.81500916417686,36569,412.13794657951087,0,0,-0.04561358318844313,0,0,0,0,36569,0,0,0
33859,CATSKILL HUDSON BANK,525725,448616,-2292,-0.41324057416640614,-5.8,-0.019394584200894644,0.13314946026915211,0,0,7.497362238379478,40432,11.972359795145247,2083,-214,2.1693876774365415,422535,0,187,182730,38429,424618,15,99
33860,NATIONAL BANK OF INPOLIS,2962494,2742820,30949,1.0610005555091602,15.7,0.0911775045946031,0.1532830108685452,9280,92,8.326120229165637,254428,12.84247844995328,24176,1916,2.920597596785433,1798758,1810,3311,593913,189015,1822934,1735,140
33867,QUAD CITY BANK&TRUST CO,2569367,2126573,22431,0.885147399475533,8.3,0.4450225035477777,0.7204498228552013,13882,80,11.40520915720237,293597,13.65495593690063,30539,10459,3.0432488632361787,2018387,0,2441,326505,280944,2048926,11219,2069
33879,RAYMOND JAMES TRUST NA,76040,0,13661,20.116685908159177,23.62,0,0,0,0,83.47269658069328,63789,243.14465408805032,0,0,4.480006476231128,0,0,0,0,63789,0,0,0
33880,WISCONSIN RIVER BANK,179994,145975,1021,0.5756445414689592,4.08,0,0.16500550018333945,1186,0,13.909689256326226,25170,0,1529,-88,3.095311458393133,137429,0,55,34377,25267,138958,0,0
33893,RAYMOND JAMES BANK,41240941,37192756,541095,1.3078159890395549,18.85,0.15498687080021514,0.2635148407501177,2439,0,8.16062811809929,3422454,15.478663645377091,398113,15551,2.8758058067019947,32369132,0,252637,2505339,2939805,32767245,53301,3875
33905,HERITAGE BANK OF COMMERCE,5641646,4836934,45320,0.8425171482542029,6.48,0.03368962665768277,0.13590005470034808,24349,489,10.01088571909249,543872,15.088406416106888,48953,2032,3.35126059954204,3445359,0,1405,1951062,709379,3494312,1605,461
33922,FRONTIER BANK,328150,292367,1507,0.4530703861530626,7.28,-0.001917600698006654,0,0,0,9.066176741218761,29559,12.46347905353289,2435,0,2.21100158651075,211960,0,752,51909,20187,214395,4,8
33926,CHARLEVOIX STATE BANK,238653,215619,4018,1.5820317729307987,20.43,0.004235127502748598,0.051120245712394145,845,2,10.598774202769395,25213,20.077399613001933,1521,0,3.5803091866297945,121652,524,4726,37011,21249,123173,15,10
33928,PATRIOT BANK NATIONAL ASSN,1012044,968505,-37704,-3.6316995822351092,-63.49,2.660827697954064,2.837228420898696,3584,0,5.792316676399432,55546,7.711981972273641,7305,12455,2.3980722150494445,715869,0,30586,345702,34266,723174,22593,1429
33935,WINTRUST BANK NATIONAL ASSN,9436117,8162476,186179,1.9511067502368318,17.65,0.5011676568825577,0.6131335590688416,58239,259,11.144934358600596,1069171,12.713926820669997,79933,24810,3.9062006163073613,7801067,0,566332,1656966,1075658,7881000,42015,1848
33947,TD BANK USA NATIONAL ASSN,35510912,29068265,123785,0.3552856088442096,2.96,5.791821407544507,0.6477586382461819,213252,229078,12.46565943703944,4308323,32.32282481427721,940050,528860,6.696381610952661,9090884,9814166,0,39381,4303175,10030934,698460,146305
33959,NATBANK NATIONAL ASSN,233784,184867,269,0.11986656934748917,0.61,-0.006441659500320472,0.18393046572904903,1221,0,18.95116866387566,44724,38.22024581966061,1369,42,4.231528640879699,191614,0,1332,5504,44321,192983,0,12
33962,SYNOVUS TRUST CO NA,155755,0,20385,13.778452487488883,14.33,0,0,0,0,93.75680292949463,130066,114.69159208147789,0,0,1.1810349257463901,0,0,0,0,147799,0,0,0
34010,EVERTRUST BANK,946458,681665,19753,2.183002178913125,8.65,0.30879269887530164,0.24544142476475447,3916,35,23.834979239844934,209473,0,9928,-12388,3.9759094084721607,654524,0,0,226702,240962,664452,17679,15629
34011,VILLAGE B&T NA,3100228,2572549,55948,1.9736731168633344,19.09,0.055352690694294646,0.3622636786713751,25508,307,9.620458669743696,286808,11.455041556517417,21224,893,3.863795432038914,2452601,0,484507,341666,307299,2473825,2048,818
34014,TEXAS NATIONAL BANK,142874,126938,115,0.07427904116738233,1.72,-0.024121184832598976,0,0,0,10.177270455800743,15478,26.82042669238572,595,0,2.076632833493449,37308,0,717,1801,6125,37903,8,17
34020,COMMUNITY BANK,175905,149922,3662,2.212755672376809,19.71,0,0.0034109320371791593,0,0,11.001878383034533,19797,0,1422,82,4.779004655019496,125486,0,765,40422,19752,126908,0,0
34023,TNBANK,288304,250116,2862,0.9580095894684553,12.14,-0.0368211107701749,1.2906515344913703,855,0,10.258021600409144,30688,13.1808641241931,2553,74,4.037900204303736,212165,0,826,75666,23709,214718,0,78
34038,TIME BANK,710443,603706,10701,2.0375638345271962,14.44,0.0002567231954028064,0.3098066980743001,2954,0,15.00964187033022,70130,0,8132,140,4.114409237137925,442195,0,395,81818,84691,450327,1,0
34040,FIRST AMERICAN STATE BANK,293687,193541,228,0.07818318732280193,0.88,0,0.8168560406146681,2406,3,8.786062641876738,25816,14.476933006854017,1842,945,2.4375238164172015,210718,0,53,97318,24530,212560,0,0
34047,FIRST COMMUNITY BANK,1957057,1680656,16043,0.8445747640028685,10.89,0.005486006126771642,0.04138867697772727,555,48,8.401112401167591,164397,13.935612544978776,13135,809,3.007575736168842,1217069,0,5963,654063,153893,1230204,184,119
34052,BAY BANK,278225,244303,3823,1.4381209255434801,18.43,0.3811382592844912,1.031539221852817,2207,0,9.917526860921097,28199,22.330605075307396,1907,822,3.977544126897328,111489,580,1151,30154,22366,113396,452,38
34056,DEUTSCHE BANK TRUST CO NA,160131,0,8582,5.452274491716126,5.92,0,0,0,0,89.57780309795831,145443,0,0,0,4.116061055135624,0,0,0,0,145443,0,0,0
34057,PRIVATE TRUST CO NA,25581,0,5454,20.425589286115546,21.7,0,0,0,0,78.682366539045,21784,912.6099706744869,0,0,3.7281189047724856,0,0,0,0,23768,0,0,0
34058,LUSITANIA SAVINGS BANK,381502,321004,818,0.21279352108762983,1.45,0,0.2521611944367264,645,0,15.518164197485957,59726,34.062891423297515,2537,100,1.9380813827535754,225932,0,147,11775,56730,228469,0,0
34065,UMB BANK&TRUST NATIONAL ASSN,3051,0,4,0.13118194936376756,0.13,0,0,0,0,100.03278688524591,3051,103.03951367781154,0,0,0,0,0,0,0,3051,0,0,0
34068,THOMASVILLE NATIONAL BANK,1891222,1648421,39278,2.2160304112627016,23.8,0.012196658928564169,0.06789261123231434,1248,0,9.029013914765997,169468,12.612695861791885,32549,2000,3.9897640398721355,1506702,0,6863,392960,173440,1539251,205,25
34069,WILMINGTON TRUST NA,710960,5760,43648,6.2545370757001315,7.27,0.18871247766902347,0.28524811522448523,714,0,83.36727391291133,603424,269.8813593404384,611,-300,8.323675060583712,33276,0,0,0,603362,33887,197,122
34073,LIBERTYVILLE B&T CO NA,2708832,2267111,44928,1.681014104085484,18.46,0.048297916945478095,0.39622243092225723,19802,927,9.479954459692541,258709,11.810010205781,16047,-223,3.428042093037045,2120305,0,348478,422151,240358,2136352,1892,888
34074,CAPITOL BANK,629088,539622,3840,0.6377197268300978,6.44,0.22616044186974282,0.12319421130271122,0,0,10.58358109142475,65678,13.805680269420503,5802,303,2.5360416539477932,489577,0,2713,173853,61155,495379,1132,5
34108,PAN AMERICAN BANK&TRUST,499294,439494,6555,1.3048250459525341,16.1,0.7439929681841464,0.13659286913121327,3396,0,9.00934542895128,46081,12.572412674859104,5573,1063,3.9370193476617272,401595,0,18244,151813,44218,407168,3225,166
34120,BANK OF ANN ARBOR,3185649,2598520,49349,1.5814300775829748,11.94,-0.03551594730170998,0.23693759105287496,1959,610,12.05300154302089,369084,13.461123955428485,28223,2082,4.1437430567074465,2502710,0,9254,1085882,431637,2530933,932,1818
34146,PEOPLES BANK OF SENECA,474479,416849,4925,1.0745645231813568,12.73,0.1085306117059903,0.5380638553023421,321,1585,9.280099602224167,43977,0,4916,518,3.2399523556945184,396252,0,3034,122633,41136,401168,593,182
34147,BANK RHODE ISLAND,3523017,2526233,29383,0.8663729869720596,8.23,0.058499328763216646,0.4649707906603914,6501,1,8.8954659767066,294573,11.745914880841756,32288,-2439,2.860915985373662,2801372,0,508,1196177,363502,2833660,1895,263
34148,BANK OF STAR VALLEY,396761,340232,7541,1.9032173231390948,19.39,0.024505422905939534,0.14946025441008567,729,0,10.9077658309348,44302,19.25810832303608,2894,259,3.4717733062374236,214845,0,11952,40241,40734,217739,61,10
34150,FIRST UNITED BANK&TRUST CO,573335,533722,5006,0.8872787342009972,19.48,0.013600282885884026,0.11930197877331751,336,0,8.469200332014386,50813,0,4312,249,3.1230661765203473,380938,0,3790,96130,25230,385250,77,26
34160,COMMUNITY BK CO FITZGERALD,279143,246600,4357,1.6376854847015292,14.33,0.06429143993674817,0.467144080274268,557,28,11.123025713200635,29874,0,3665,-43,4.04550097622157,147093,0,10364,24847,31388,150758,109,15
34162,WEST POINTE BANK,348004,252476,4827,1.388996797278982,7.65,0.01258024154063758,0,530,0,18.145682202126604,63910,23.42077700476524,4938,0,3.6800652652628094,286304,0,129,107864,63350,291242,303,266
34171,EAGLE ROCK BANK,261562,203463,374,0.1480608775655308,1.48,1.1204631962686968,0.8831558100947385,231,0,10.573934690861,27184,12.609348958108447,1982,2266,3.349827349847647,207734,0,1284,62647,25759,209716,2301,2
34193,APPLIED BANK,259021,217992,9650,4.061546956954336,22.5,0.005849503962064017,0,0,0,15.009404528271089,40458,68.78243580238592,356,44,5.695930495292395,57277,13,0,40033,40457,57633,3,0
34207,GREAT PLAINS NATIONAL BANK,1726343,1532637,23591,1.4002818964343415,14.16,0.7057550715978961,0.5712074599311956,7103,1023,9.373483186210965,159514,12.114699814496975,15183,9103,5.250013828126643,1407017,0,22166,361638,173416,1422200,10599,707
34211,PLATTE VALLEY BANK,1111270,913795,11518,1.043606213072169,11.44,0.0868339574958198,0.7391543009349663,11552,3824,9.760445723238668,106652,0,10010,117,3.7045943719864014,858206,3018,10360,129279,104218,868216,1008,258
34217,FIRST BANK,7995343,6611947,91103,1.1428785767252099,8.38,0.03010670889614094,0.37337985374736266,8908,1641,11.63679485326424,890438,15.374128070199088,56205,3790,3.4436007146766743,5354713,1664,27222,2554154,1114542,5410918,3894,2310
34221,MORGAN STANLEY PRIVATE BK NA,221306000,199211000,2056000,0.9835108851119604,12.26,0.0193887794978737,0.21960543320108808,124000,0,7.715375217503979,16672000,26.61966009994114,327000,68000,1.6571387291137065,146451000,0,511000,5379000,17084000,146778000,27000,0
34229,CITIZENS BANK OF GEORGIA,555895,505947,7723,1.4271036983106846,16.94,0.00284303935121842,0,383,0,10.187790262438044,57430,18.298354099003664,3992,220,3.6366615389515133,283890,0,2299,141157,48367,287882,11,3
34233,MARINE BANK&TRUST CO,645900,569029,3249,0.4984608926822443,7.77,0.0040207542398853465,0,869,0,9.131024499428266,60050,15.319932354883893,6890,375,2.6538280503171103,441875,0,251,169064,42371,448765,18,0
34240,WOLF RIVER COMMUNITY BANK,331942,280352,4051,1.3122041790998362,11.28,-0.0004065110054724512,0.05422634074627495,84,0,12.331820290654663,39339,0,4400,927,4.1761817091312405,260184,0,454,111601,37813,264584,0,1
34252,PACIFIC COAST BANKERS BANK,1251957,534841,8910,0.7827094819587661,6.54,0,0,0,0,11.522759966269284,139377,27.884521850109532,3945,273,2.9650800111489133,404729,0,0,218181,138135,408674,0,0
34254,PLANTERS BANK INC,1849474,1576545,16746,0.919933889571237,8.83,0.08514212611148997,0.1633978093230832,58,1001,11.559874238197294,216671,13.808998635654735,19340,1500,2.6820509217742035,1530096,0,6187,384797,197403,1549436,1347,54
34259,CROWN BANK,632162,444701,17933,2.8921282761218867,12.23,-0.13264121728911757,8.512374992486103,16,0,24.657908384313128,151674,0,4108,-840,4.681106378708648,526606,0,61,415349,152636,530714,0,698
34294,CFG BANK,5400229,4740372,64829,1.2508064382005073,11.57,1.6992608319835067,5.422807069848334,76435,20,10.918175842067079,576990,12.765224217841812,55491,57858,4.6465506936310295,3606577,0,1533,1813253,559979,3662068,61589,584
34313,EAGLEMARK SAVINGS BANK,722667,553438,28003,4.241428990333001,25.06,0,0,5147,0,17.59920831547902,126089,18.847583643122675,154,37,6.456386869255108,648057,0,648211,0,126089,648211,0,0
34319,SOUTHWESTERN NATIONAL BANK,1212228,1047098,12652,1.0766444569744724,9.65,0.019904741593801095,0.03530688946303831,660,214,11.768188932933317,139918,15.027205646328568,12252,714,3.2013460831956997,1014669,0,333,758490,137452,1026921,196,0
34331,DSRM NATIONAL BANK,4175,500,85,2.0507624010808723,2.41,0,0,0,0,85.60479041916167,3574,153.32475332475332,0,0,1.955965695370881,0,0,0,0,3574,0,0,0
34334,AMERICAN METRO BANK,106153,82230,1031,1.052571398235437,7.22,-0.002507032225392225,0,0,0,12.600387704237054,12740,17.137406008005687,1083,100,4.108845062166082,87678,0,0,34845,14772,88761,28,30
34352,CITY FIRST BANK NA,1333172,818571,2427,0.17796934556851196,1.2,0,0.019802396089926882,6,0,13.608692174030862,188827,0,8364,660,2.459205026934557,999957,0,13,172781,205746,1008321,0,0
34363,CORE BANK,1096517,903344,1965,0.17888481838684675,2.19,0.02394099446538101,0.24231270468218916,1662,0,8.632503697543234,95079,11.680642313028885,13410,270,2.312365800199095,945106,0,9389,283389,90442,958516,280,49
34383,TEXAS CAPITAL BANK,30621656,25424834,97682,0.32725069342861435,2.84,0.189538904843809,0.37695544617182036,22337,4265,11.265455708951935,3611714,14.003922485077172,271709,67000,3.22331195385803,22178357,0,13141,2531141,3599480,22450066,46055,5182
34384,PREMIER BANK,681799,561865,12230,1.8883609644444637,16.96,0.03658305644980805,0.2528604471405796,3536,114,9.301717531442998,61902,11.204490439133755,7055,10,3.5724234458633446,587848,0,1327,49090,67165,594903,1324,1120
34386,SPRING VALLEY BANK,105287,59535,3598,3.5650235323259847,10.01,0.02153814064632559,1.0770560468053987,1204,277,34.78260869565217,37560,0,432,4,6.475424878953963,91248,0,0,41075,37560,91680,19,0
34393,1ST EQUITY BANK,122208,86271,1830,1.5116521118523436,8.83,-0.09457520854364805,0.7233568997119665,0,0,16.066193930858294,19621,22.97508219223574,1487,-89,3.9829369611506023,91634,0,107,23406,20619,93121,0,89
34394,SECURITY NB OF SOUTH DAKOTA,245934,197291,4103,1.7717802007988774,14.27,0,0.00040661315637528767,5,1,12.984642759148244,31233,0,2285,0,2.2718102556005824,138088,0,4481,37848,28656,140373,0,0
34395,BARRINGTON B&T CO NA,4348857,3261078,37278,0.8740776672804296,7.94,0.04111020918048144,4.976503021368604,84410,188138,10.662896311546696,453022,11.425177383262236,16291,4358,3.1282417558360023,3419963,0,418141,294982,482830,3436254,1996,637
34401,FORTIS BANK,1301059,1166906,-819,-0.06282842041679715,-0.81,0.06843938364873903,0.32242965153770886,7219,3002,8.51114158540903,110102,12.62484818398384,9525,1235,2.387590470976138,1020603,0,32386,408223,101807,1030128,686,3
34403,COASTAL COMMUNITY BANK,4118001,3633150,48035,1.2161269959128918,13.06,6.539515899860886,1.521514929209585,49981,43093,10.642208461526447,436116,13.282765619305154,176994,277607,7.338713710396965,3330171,546574,660799,952358,436126,3507165,229091,13464
34404,WEBBANK,2112676,1657073,84809,3.744939789701554,23.68,0.42567675988372394,1.684214711579059,14140,9240,17.869162068268572,374865,18.65194535586095,26463,8740,13.89647549180487,1798244,59903,700018,4485,378651,1824707,16485,8829
34407,NORTHSTAR BANK,205047,170545,2252,1.072493308822829,6.88,-0.0007394983834565339,0.0009753861309846036,2082,2,11.1376760206666,21988,16.671560658038917,1284,118,3.1551805910444415,139237,0,529,8462,33468,140521,1,2
34409,THE BANK,420118,349372,7234,1.7189046723127086,14.92,0.299844628861814,0.5729342708477142,5008,1379,12.474839999048323,52433,0,5096,875,4.918034441125111,308787,0,19002,39729,51255,313883,1093,152
34415,FIRST COMMAND BANK,1064913,964315,23920,2.1877355108252665,25.32,0.3260637443589649,0.01821745062742215,835,194,8.918827789424304,91257,16.77847643054852,4424,2166,3.3025619942817634,465881,21528,203813,77098,91045,470305,1734,256
34422,AMERICAN BANK,986404,793908,9874,1.0569244931600694,9.47,0.008763083089749693,0.3545200546632009,597,0,10.679006559001655,103664,12.82576796158642,7591,214,2.796960941232327,798606,530,549,458613,103313,806197,73,5
34441,STATE BANK,81435,71189,119,0.1679306150211818,1.29,0.006908128795153257,0,32,0,11.454081318057936,9288,0,834,252,4.267798607786085,67697,0,526,35307,9288,68531,4,0
34444,CUSTOMERS BANK,22295612,19030155,190215,0.8858556825200534,10.67,0.49662589601641843,0.3381965922263089,66155,32127,8.651648678233347,1930951,14.33486983316596,136775,75453,3.231626209638081,14516781,106,928969,2280114,1826227,14653556,84464,16130
34455,FIRST NATIONAL BANK,90356,85981,-718,-0.7940914289000617,-32.21,1.170179915161956,0.022134667315950242,36,0,9.031486397162972,8608,20.139056434101725,902,60,2.9395755202206817,40570,0,1586,2604,2109,41472,488,56
34456,KEYSTONE BANK SSB,939949,794912,7213,0.7891676267312618,7.92,0.005990797590283361,0.00617054755098415,2027,0,9.88009566664348,92329,12.830134922335915,7135,877,3.2725513745238346,763228,0,884,326011,94625,770363,60,16
34457,BANK OF JACKSON,220081,185289,373,0.17001934482840353,2.09,0.10377374030209689,0.023627664359940206,309,0,9.886981664126845,22124,16.605208408063707,1022,0,1.9009994239103272,59364,0,1495,18214,17799,60386,63,0
34460,MILLENNIAL BANK,170993,156613,1026,0.6196872089553862,8.12,0.3137382027214181,1.185428643277795,54,1776,8.678880284793644,15164,11.060300832661833,1307,277,4.5108043418503145,125444,0,173,66675,13172,126751,392,1
34465,WELLS FARGO DE TR CO NA,236445,0,11899,4.9614103264382,4.98,0,0,0,0,95.59363723814897,235515,498.0017761989343,0,0,5.412503999334374,0,0,0,0,235515,0,0,0
34478,CEDAR HILL NATIONAL BANK,15432,2000,814,5.3986655878178516,7.42,0,0,0,0,71.99222546161322,11112,88.04373662942714,0,0,4.710168185903197,0,0,0,0,11124,0,0,0
34488,HIAWATHA BANK&TRUST CO,143609,119970,1329,0.9316940005636434,9.4,-0.005111000713495699,0.22700527125737247,120,44,11.152832537149452,16039,0,1138,0,3.3166774422431597,98177,0,325,18320,14700,99315,4,9
34489,EDISON NATIONAL BANK,426516,375497,5391,1.2432991916133693,16.32,0.0039007949820173355,0,0,0,9.03079376176134,37720,25.915828151867615,2258,-248,3.6594063591973405,154829,0,1005,37111,34081,157087,6,0
34496,FIRST COMMERCIAL BANK USA,866361,639409,11304,1.3124865024278214,6.38,-0.0002779115613154888,0.2004937895403879,0,0,22.069909406250037,182540,31.677529994283628,10102,-400,3.5642121389601495,678794,0,0,289177,182574,688896,0,2
34507,PRINCIPAL BANK,8794109,8343326,121748,1.42270858763815,30.58,-0.030097536336742916,0.1166348972931766,8190,0,7.409459209581443,698432,16.315136562732597,5186,-888,2.490820609321969,2404889,0,73,0,382299,2410075,203,914
34517,PEOPLES BANK OF EAST TN,411107,370685,5497,1.41596066117661,15.07,0.06171121365103118,0.16394758542180018,626,8,10.952250381918601,44736,0,3409,426,4.8418865416421015,248324,0,6623,68835,37749,251733,192,47
34519,MERRICK BANK,6688684,5351003,107691,1.7436717801915607,8.89,14.007732483406338,3.9359311936398846,251851,236900,20.107032379676877,1354804,23.41252252882886,994810,777577,20.579218290504574,4958875,3705403,2248282,0,1250962,5953685,837446,92887
34526,PRAIRIE COMMUNITY BANK,169967,153512,815,0.4870958449230268,6.4,-0.16383873255072734,0.6424776574276183,327,0,8.474890878819242,15067,13.609540201622819,2492,31,3.9957934946084817,120547,0,310,64427,13116,123039,7,190
34533,FIRST COMMUNITY BANK,2967891,2424553,28553,0.9997391497682985,13.15,0.10975100684247252,0.6971280279498135,9691,143,8.982304947021776,267113,11.267455192900467,22853,5215,3.5580705426354853,2467824,6826,135138,672035,226185,2490677,3353,788
34535,TCM BANK NATIONAL ASSN,379274,296394,399,0.11405768059847408,0.61,2.5586342934451456,0.8708743546881673,4370,3303,17.534521522412305,63250,19.064992053557614,11225,8447,6.464595230283507,318455,215858,0,0,65642,329680,10229,2301
34548,NEIGHBORHOOD NATIONAL BANK,174489,139841,-1111,-0.6988063054846546,-5.39,-0.002485546546830182,1.4018075638005834,0,0,13.399705058425676,22625,0,1913,66,3.270663049534121,127728,0,0,73906,22467,129641,0,3
34562,ENCORE BANK,3735333,2949210,4299,0.11006160172682276,1.54,0.09223753158203765,0.1939050681692904,11283,879,8.677093488681328,333586,11.519595511620034,43029,-1184,1.7755849868300821,3026850,0,2599,1354011,280419,3069879,3473,503
34566,ALLIANCE BANK,376902,314289,5146,1.3916969832682649,10.93,0.03848586009593596,0.14459992252628004,3364,199,13.561769375859168,50906,0,4155,-26,4.225298864432177,299655,0,1227,93346,48816,303810,141,25
34585,PACIFIC CREST SAVINGS BANK,316708,247374,1606,0.5109062254846133,4.84,-0.01474851107076872,0.4193136895815704,0,0,11.097183974693595,35502,16.46390047892802,3588,50,2.0864978712365927,228999,0,54,53247,33288,232587,0,33
34588,U S BANK TRUST CO NA,2411396,0,462397,21.00799599318944,23.77,0,0,0,0,90.39371100307659,1727902,391.3450758613817,0,0,5.506353989842976,0,0,0,0,2180945,0,0,0
34589,ATLANTIC UNION BANK,24469472,20418048,249922,1.0761484692702823,7.79,0.05053977436410174,0.3084782540465115,43585,14142,10.7366599722543,2563499,13.304235333307476,178644,50088,3.4921452914758198,18301397,0,76246,7305709,3474844,18480041,15956,7193
34598,MERCANTILE BANK,5994362,4715880,89629,1.592459330448219,13.62,0.06405139238183179,0.09580669302254351,1831,0,11.855104114584666,703737,13.935958321324524,54454,7066,3.771821926876371,4562150,1145,2885,1724874,686083,4616604,3837,978
34599,PITNEY BOWES BANK INC,851731,731792,50535,5.794471522640577,83.66,1.4070001927397524,0.17118080708580527,3371,0,10.887121047245516,94046,0,7636,5098,7.4726716211400115,362423,0,0,0,64409,370059,6415,1524
34603,MVB BANK INC,3087043,2706261,35937,1.0883878642799687,11.21,0.1988027725552569,0.8886497531780413,24222,0,11.178052972108402,348175,0,19663,2542,3.7203765290929565,2080468,0,24,753922,320441,2100131,7757,3358
34606,AMERICAN BANK OF OKLAHOMA,386338,321246,-1733,-0.4542866519938806,-4.65,2.065402636692739,1.8991142471100435,8105,1962,9.220204989167755,36388,0,3405,6304,5.4981888116467506,287576,0,25674,63538,36339,290981,6322,134
34607,FIRST INTERNET BANK OF IN,5717876,4946204,31767,0.5814534098535075,7.03,0.31939151979141195,0.5018122113875852,23376,2466,8.227038478483852,475793,12.156704050654607,44769,17070,1.7858284631817767,4180572,688,419624,1294119,458025,4225341,13270,450
34610,COMMUNITY FIRST BANKING CO,286806,245416,3092,1.138032440549583,13.12,0.008546355431862421,0.013598041881968996,764,0,10.438257388824915,30458,0,2031,217,3.1957145849311255,207900,0,3770,32619,24379,209931,31,14
34618,MACATAWA BANK NATIONAL ASSN,3283285,2737481,16242,0.5644847545672974,4.35,0.0013663020188751892,0.0334116593594525,26684,661,10.12382100687427,293541,16.267177218373945,17048,15307,2.19871562213473,1645621,0,1664,394240,513886,1662669,35,15
34619,ITS BANK,29045,500,18733,80.30264060356653,90.67,0,0,0,0,90.63129295189388,28354,0,0,0,4.765402461527437,0,0,0,0,28027,0,0,0
34627,COMMUNITY FIRST BANK,613469,566698,6339,1.0240892810696152,14.89,0.1753320402944907,0.03846975152778706,160,0,9.29607160430772,59699,16.400458048661235,3908,650,3.1091395766490426,364952,0,6280,177282,44714,368860,746,119
34629,COMPUTERSHARE TRUST CO NA,1091490,0,346478,29.727576862463007,35.34,0,0,0,0,67.09741586004795,377792,162.85752466839384,0,0,5.4980825615267275,0,0,0,0,940740,0,0,0
34643,SUNSTATE BANK,546077,446887,2418,0.4643040796160524,3.66,-0.01853067264320167,0.021974922950426405,5292,0,11.011713472460878,58765,15.37213526762386,3011,240,3.272840681393362,298419,361,448,140909,67104,301430,16,71
34644,KEY COMMUNITY BANK,112067,94108,1194,1.0928481600061506,13.48,-0.010330317645789478,0,6,0,8.98388397966267,9577,11.967297685268258,1064,132,3.6783955942125064,88640,0,1931,57421,9552,89704,0,9
34656,AMERICAN FIRST NATIONAL BANK,2739261,2350220,34803,1.2948497475000205,10.37,0.08076354159569975,1.0386742993822056,21614,0,12.45369320871988,347200,14.904261825773975,24062,3228,3.7350140980036834,2381711,0,3663,1844395,343636,2405773,2101,209
34662,NORTH GEORGIA NATIONAL BANK,255446,240845,2569,1.068335193597807,22.92,0.07925837220596224,0.14797648035201177,462,0,9.027797128333328,22679,0,1913,465,3.8191979773086873,153040,0,1609,57409,12750,154953,117,7
34666,COMMUNITY BANK,166845,149671,1773,1.0724473575332623,11.85,0.01611540471536742,0.27510563696844376,1473,337,12.668099969814389,20564,19.880598637483693,1500,0,3.6286388425672182,88281,0,1364,46700,15794,89781,31,17
34681,CRYSTAL LAKE B&T CO NA,1774025,1462191,30270,1.758734408444714,19.07,0.07536447923738268,0.44734431589182794,17106,580,9.838369327594508,176144,11.789281809154488,10327,1222,3.7483285520800322,1395497,0,229289,282212,163065,1405824,2176,1160
34685,PEOPLES BANK OF COMMERCE,798653,683567,8542,1.0870862753512414,8.84,0.01905776949304176,0.11819901759587705,1749,0,13.563830438948365,110705,0,5627,-137,4.102812396522393,552905,0,1701,312741,102128,558532,118,12
34686,CHARTER BANK,211757,186535,2030,0.9601586200959781,10.11,0.038262413370417726,0.2304528303668828,23,488,11.015637610018704,23204,16.31518837731239,1368,98,2.9118522659702455,147579,0,1102,53417,19598,148947,55,0
34697,WEX BANK,7231749,5321673,338438,4.55656169225702,58.03,1.839942375424212,0.27224396200697787,43384,17458,9.007994933252178,657099,15.358594316884295,40334,51835,10.960671785862825,2627170,0,0,0,544830,2667504,70437,11727
34699,METROPOLITAN COMMERCIAL BANK,7299555,6015221,71283,0.9768740288714426,10.22,0.002112378393123717,0.4466025668688023,9310,72,10.493060365157298,775106,12.976887534011968,63273,6258,3.638376964100564,5970803,0,12961,3997744,731705,6034076,247,124
34710,NATIONWIDE TRUST CO FSB,171531,500,24591,15.426898046089358,46.41,0,0,0,0,37.32284467658206,58595,107.52165296535526,0,0,-1.1734995634581624,0,0,0,0,60047,0,0,0
34711,FARMERS BLDG&SVG BANK,116109,90391,220,0.1927687195951156,0.91,0,1.2462427546529553,713,0,21.17494765557805,24373,48.369216407024915,425,1,1.234509056244042,54164,0,0,0,24372,54589,0,0
34717,TOWN BANK NATIONAL ASSN,4173569,3457244,41735,1.0319967201618554,10.99,0.10889568463753868,0.18607575434837664,30641,1595,8.896543448817276,366265,11.403733639384129,17961,6119,2.9263863775719283,3024077,0,645806,347315,395438,3042038,4202,1083
34719,FARMERS&MERCHANTS BK COLBY,569825,437927,6027,1.1361892585530902,10.19,-0.034285157151910564,0.3504584740929233,301,1997,10.523785071572044,57999,0,3716,900,3.322862652775415,390650,0,369,98543,59921,394366,15,143
34728,INDEPENDENT BANK,1636961,1326129,18635,1.2165016506820896,11.09,0.3311747282772683,0.5180331113569596,29777,2213,10.416273309496162,158331,11.409454906540976,14479,3365,4.493577638654442,1221620,0,50983,201170,173065,1236099,6755,2705
34732,NEW COVENANT TRUST CO NA,8034,0,562,7.272256728778467,8.02,0,0,0,0,91.57261098570353,7302,249.30010242403552,0,0,5.04341164453524,0,0,0,0,7302,0,0,0
34742,EAGLEBANK,11079766,9154640,-40986,-0.36124914464882535,-3.33,0.48359025432244146,1.9085782136554148,26772,0,10.818372200976512,1373857,16.00057740884663,114390,64681,2.678231650674743,7820498,0,49,3346964,1230907,7934888,39207,652
34748,CLEARPOINT FEDERAL B&T,125838,110890,1673,1.358578697680915,11.75,0,0,0,0,17.656966822543826,23901,0,0,0,2.4652346477209144,0,0,0,0,13511,0,0,0
34752,FIRST CMTY BANK OF HILLSBORO,132139,95607,537,0.3720310261405488,5.18,0.005396173573319158,0.2822785097510955,484,0,10.192582025677604,14290,0,736,23,1.936981217680625,76635,0,1732,6418,11254,77371,6,2
34755,VIRGINIA NATIONAL BANK,1615529,1424536,18655,1.1565470607089563,11.74,-0.06671781127160548,0.18699757169323483,11131,754,11.549325104708528,191894,18.59742121537936,8455,-600,3.1352729140926363,1227514,0,18634,486288,161592,1235969,759,1537
34759,ASIAN BANK,566932,397798,5779,1.0884378853981695,4.97,0.04748145528350536,0.13352571384222447,538,0,21.87026137449784,121729,30.326127612233744,4629,11,3.052298886808641,405815,50,0,300341,117526,410444,216,31
34760,PORTAGE COMMUNITY BANK,512935,451605,3550,0.6957412015195772,7.81,-0.0024567864905132553,0.31465975221031905,1895,139,10.628683581425335,55887,15.776892853068599,3469,234,2.9525832381866315,368592,0,2493,122332,47029,372061,1,10
34775,EVERBANK NATIONAL ASSN,40802282,32049197,248928,0.6409708182410354,6.95,0.04870159822615004,1.3216491175665126,201403,383585,8.987391811356668,3629653,13.858470340145276,236920,24694,2.4402892286684774,29282840,1776,287729,3508255,3695354,29519760,21467,7905
34778,FIRST TRUST BANK OF ILLINOIS,368877,299026,2342,0.6367168681577404,8.11,-0.001976479889317126,0.3966091678255896,589,171,10.700097186010721,38865,15.76324084281788,1709,0,2.47324750709118,147787,0,988,47529,28291,149496,10,13
34781,TRANSPORTATION ALLIANCE BK D,1595969,1367710,6778,0.4364647565334163,4.46,3.424720242986333,2.231371661980903,34803,1391,10.142528140865096,163081,0,27703,37830,7.404854268011506,1220685,20714,41239,112875,155181,1248388,45908,4013
34784,COMMERCIAL CAPITAL BANK,378169,305712,7893,2.4337314625699316,21.52,0.03214591674529022,2.0604544529033317,6533,943,11.240806767033089,38684,0,2551,596,5.38969505115979,276285,0,5488,84042,40317,278836,176,96
34786,ENTERPRISE BANK,466958,359722,4267,0.9812574537162453,11.67,-0.004864292324511534,6.085772167946582,8598,0,8.623058648322814,38910,12.286499354372824,1184,-133,3.3837986987013027,326353,0,0,217824,38935,327537,0,16
34788,AMERICAN BUSINESS BANK,4040343,3644001,43277,1.0891197249027074,12.93,-0.0056372358012313694,0.18216275202377621,236,0,10.213109651650013,430182,13.024852969611603,30448,984,3.279419423006933,2720119,163,809,1997536,354778,2750567,113,261
34799,THRIVENT TRUST CO,14544,2000,892,6.065963957837471,7.82,0,0,0,0,79.51626127357201,11638,0,0,0,2.794102484792247,0,0,0,0,11496,0,0,0
34803,RESOURCE BANK,956235,788929,7746,0.786818824249297,7.36,0.0006599825395019348,0.15184551914539837,29,0,11.613706660456922,114708,0,4738,117,3.5087975271699543,764883,0,6970,291405,108723,769621,6,1
34805,MISSION BANK,1854472,1651068,29267,1.698407963779058,16.29,0.028352461041946497,0.05726697410368019,808,0,11.066288220405161,206756,0,19423,1469,4.430287057850172,1271335,0,0,675760,188564,1290758,406,54
34811,NEBRASKALAND BANK,957341,719535,3089,0.32144991916403454,3.64,-0.00015218606146125404,0,9623,0,9.86823233209167,95636,0,6492,0,2.3352210563312417,656270,0,5260,261151,86830,662762,0,1
34813,U S BANK TRUST NA SD,167214,0,17190,10.86109050656025,10.94,0,0,0,0,100.35455843558654,165862,476.8067613407693,0,0,5.3001355013550135,0,0,0,0,165862,0,0,0
34836,NORTH AMERICAN BANKING CO,1358637,1191458,10205,0.7900125689799803,17.66,0.01552136256868203,0.17878211766645544,1032,0,8.40330186975958,116358,13.976924509927501,8487,-396,1.6734377508411644,727963,0,1560,363302,63785,736450,162,54
34847,SOUTHERN BANK OF TENNESSEE,449915,387565,1650,0.38692339620252275,4.12,0.001019344439204259,0,20,0,9.017220260825708,40048,12.428153284482834,2858,220,3.012583929921295,315994,0,5109,108865,41002,318852,3,0
34849,PREMIER BANK,371182,302996,1701,0.4514448624194578,6.32,0,0.9079104051381802,0,21,8.782816229116944,32752,13.303213790163026,2601,0,2.31815337458213,257445,0,661,107561,27684,260046,0,0
34857,COMMUNITY BANK OF OELWEIN,107465,88961,494,0.462071765170265,3.95,-0.011854521314429323,0,963,0,12.806717057005624,13758,17.89275798961692,614,-75,2.095922047518112,71391,0,861,23680,12799,72005,7,15
34860,NEW REPUBLIC BANK,179247,146556,-2481,-1.6133353448544945,-14.23,0,0.08368340892734606,0,0,9.522510865213329,16411,14.803329114666711,1203,199,2.3243375262826835,137662,0,0,21933,15922,138865,0,0
34876,CONNECTICUT CMTY BANK NA,527618,453305,4171,0.7652343275569853,5.94,-0.05548268690808078,0.5333404091596572,1758,0,11.85941030697322,65132,0,3445,-250,4.583179659722536,318285,0,12,136171,68732,321730,2,180
34885,SUSSER BANK,2511396,2233127,19315,0.8248411492174578,7.86,0.02556177951718957,0.7181264921979648,3219,0,9.726604986898867,235460,12.388284890803067,23763,6008,3.705410815585149,1871892,0,1958,524169,260450,1895655,476,35
34888,PARKE BANK,2141833,1635197,30870,1.5036032412367013,9.23,-0.004512384569625819,0.640292683883384,1073,378,16.377097842874942,342282,0,32573,729,3.1329359039078843,1835580,0,4883,530822,341945,1868153,21,103
34890,NEW PEOPLES BANK INC,855256,754120,9286,1.087837679529533,11.35,0.01210980801296681,0.3932155986043945,3911,3,10.697556263356708,93907,16.185847224585807,7684,625,3.7185832373388883,649852,843,21508,243646,81923,657536,791,713
34900,PREFERRED BANK,67916,61664,244,0.35671471594397824,4.7,0.024219472455854506,1.222097885623417,1291,742,8.476524256140301,5974,13.352762237018442,284,-16,3.326383473126323,42923,0,3671,9107,5129,43207,14,3
34908,COGENT BANK,1974267,1784719,25658,1.3568678890429189,16.31,0.3158005127471149,0.13204900856874982,1333,0,8.883908388527683,175282,11.875273122851821,15566,3860,4.166906245952902,1537297,0,1223,522658,175296,1552863,4824,36
34918,FIRST NB OF HEREFORD,321060,284196,5955,2.021545499540697,20.55,0.005529486625447888,0.2825017130754376,2452,0,12.17789475097689,36276,14.260006205398698,2712,352,5.024291470102483,244206,0,993,31177,33698,246918,19,6
34936,LEGENDS BANK,850824,749023,7557,0.8885507815531355,9.84,0.010281106358568048,0.020685829266687352,1069,0,10.11596148504768,87410,13.522306981044846,5561,760,3.4792243599286157,585140,0,19345,241991,79623,590701,79,20
34938,COMMERCE BANK,155347,140489,3093,1.9692609382162687,21.87,0.264947367001239,0.7171042891076107,2237,163,11.673891887109617,18473,0,1632,430,5.247502917218007,103984,0,4189,15225,13752,105616,299,24
34953,NORTHPOINTE BANK,5223965,3428570,57116,1.1244635193133048,12.26,0.04411453857925241,1.5693826432604352,40810,4399,9.094696068035748,487519,11.931972508326947,11190,-328,2.4051748918024884,4633637,0,0,952,485050,4644827,2593,607
34955,AMERICAN B&T CO NA,520099,470574,2013,0.37971445774587315,6.09,0.018867777941791796,0.1482410079619457,1670,0,9.330824528392917,48350,15.59534228287473,4523,720,2.990385405538664,335625,0,1862,134162,34605,340148,124,56
34966,FIRST CAPITAL BANK,965491,787045,5774,0.6632041605206761,7.04,-0.0001333336177783846,0.0660803673985568,64,0,9.787306642402184,91213,12.664007390736925,8011,1900,3.0620429042099775,830018,0,5889,266263,90336,838029,3,4
34967,POPULAR BANK,14332369,11703988,77626,0.5511532654521007,3.97,0.17714744123618834,0.4105741346737584,39943,191,10.636018067248633,1461436,13.93201413182209,75358,1369,2.715601153455978,10857983,26,104480,3860145,1984853,10933341,24003,5264
34968,BANCO POPULAR DE PUERTO RICO,58456000,54116000,528000,0.9181714476503159,17.11,0.8933129147524248,1.0127275215546736,233000,242000,7.548989220649515,4384000,17.04655936048396,670000,255000,3.5898190378107984,25356000,1218000,1783000,4566000,3178000,26026000,303000,79000
34969,FIRST CENTRAL SAVINGS BANK,964930,833561,5311,0.5458727354915126,6.18,0.07827885882548431,1.2072378307234721,4827,0,9.3594805051979,91913,14.671514195813895,8787,1258,2.9020409391414987,844288,0,30,222122,87359,853075,776,108
34973,PEOPLES SAVINGS BANK,563800,499918,2011,0.3659212499622433,6.06,0.00174093858873947,1.5498403689251508,296,0,9.71424201151754,59698,16.031728353813218,7382,4027,3.1539806863627735,293065,0,1135,59241,32241,300447,15,10
34978,SYNERGY BANK,1198352,1027367,18363,1.5480523439466627,11.6,0.019921761808171543,1.361786853946086,6545,753,10.330280980254297,121950,0,14007,2995,4.240559614198309,704504,0,15290,243682,158156,718511,230,87
34980,RED RIVER BANK,3148781,2811567,35066,1.1312842718708453,11.53,0.029595727257518047,0.10391322864308442,4574,266,11.643353519075605,371370,17.813233465858605,21731,1200,3.052942376891154,2055829,1450,18966,801259,312669,2077560,803,198
34995,FIRST CENTRAL BANK MCCOOK,130248,109684,-702,-0.5598005770252101,-5.22,-0.06743983628979741,4.932897242184141,131,288,9.911810559463882,12779,12.320559663370794,2017,180,4.570685390297601,94681,0,1740,9137,12727,96698,768,832
34997,BAYFIRST NATIONAL BANK,1288291,1143707,13229,1.0998192601805403,12.02,1.3115771858999468,1.4925975575394068,17157,2430,8.824669152013715,111586,12.14123446959495,15512,14727,3.5512038659539344,1051047,0,83267,319542,117669,1066559,13974,935
34998,FIRST IC BANK,1192160,975568,24744,2.113334299012547,18.46,0.02230054518027635,0.31312911018655215,2247,0,12.176655943737126,147965,19.19768306334343,11936,400,4.593928708102478,984063,0,405,688955,144709,995999,695,482
35014,NBKC BANK,1142781,926816,35018,3.072019549757628,18.48,0.06716300566829429,0.47174392993933223,2942,0,16.508664124751302,185615,23.72260078709751,10740,1330,3.8739091081347294,795969,0,17150,252704,177731,806709,602,92
35015,LONE STAR CAPITAL BANK NA,497911,436916,462,0.09164041096162132,1.07,-0.000325997307262242,0.12532360200919443,2901,410,9.81954764106015,49176,15.235468288263778,3389,60,2.5536164014439406,300202,0,1212,113409,43590,303591,26,27
35019,CURRENCY BANK,199548,164770,2047,1.0816186129284864,6.21,0.0023585795690403413,0.10223104215527092,32,0,15.621972086502979,30311,23.45575043022958,2529,965,4.081229598060041,127521,0,540,45505,34043,130050,3,0
35020,COMMUNITY FIRST BANK,666127,605537,10972,1.63589693431841,19.76,0.016913975902966057,0.20281417807715343,4134,308,9.826849297369042,66929,14.411780895165602,7955,250,4.2468451503861315,518346,675,15809,184708,57918,526301,89,1
35029,AB&T,269162,235977,4752,1.8406875618791747,16.5,0.18731319580744202,0,38,0,11.20193921312698,30038,18.2254291493858,2456,10,4.473323423379949,167097,0,1023,64739,29556,169553,336,14
35031,FREEDOM FINANCIAL BANK,262329,197595,3651,1.3706971896765592,15.37,0,0,0,0,9.336836622849635,24022,11.240022901020442,2678,180,3.141543117157465,213723,0,27,101928,24020,216401,0,0
35033,AMERICAN COMMUNITY BANK,276428,216703,2593,0.9555093052529797,7.67,0.008748068518556034,0,0,0,13.313644791549612,37913,0,2628,300,4.3352289216732665,223099,0,11,118496,35552,225727,20,1
35052,HEARTLAND NATIONAL BANK,734080,640988,11793,1.6380622722019738,19.82,-0.00958396640755881,0.043728204010462075,139,0,9.506047061916655,69420,28.707844603950157,2503,61,3.420084205308796,158569,0,3600,48201,65280,161072,28,43
35056,MADISON CNTY CMTY BANK,191169,179849,1275,0.6916589725256782,13.51,0.19611928955787358,0.20505416673205384,877,0,8.900438695104288,17022,16.782693588562147,1545,72,3.513782545840412,81942,0,1030,22421,9339,83487,164,4
35060,SETTLERS BANK,132261,110767,2336,1.8086822944249843,11.51,-0.03356207176087282,0,1022,0,16.068641569467168,21312,0,1600,9,4.701934866277202,78200,0,863,7376,20927,79800,25,51
35063,WINTRUST PRIVATE TRUST CO NA,128682,0,3783,2.9960227263727615,3.03,0,0,0,0,99.28672868563405,124444,476.9796857033346,0,0,4.4080645265615805,0,0,0,0,126885,0,0,0
35075,PHILADELPHIA TRUST CO,26481,5891,3240,12.689063124172664,18.33,0,0,0,0,68.80192058532124,18055,0,124,0,3.3865141481035517,8012,0,4137,768,18100,8136,0,0
35084,PETIT JEAN STATE BANK,236245,191101,4148,1.7470147443327315,10.84,0.02475071900838719,0.1367224703168321,304,0,16.491461849768037,40098,0,2553,80,3.8858036222763106,121058,0,3597,38389,40098,123611,52,22
35094,COMMUNITY BANK OF MEMPHIS,53296,45633,363,0.7172127098785678,5.05,-0.02929565911571053,0,1,0,13.936781609195403,7275,0,710,30,3.0898767911629523,26179,0,899,1053,7513,26889,2,10
35095,TOWNEBANK,17248124,14532695,161756,0.9490017681344547,7.74,0.013431556815933051,0.050370695386930196,9490,1264,10.357479649847354,1758099,15.676966200723497,123923,-656,2.9251762121393807,11536825,0,29214,4794776,2139333,11660748,3645,2085
35101,BUCKEYE COMMUNITY BANK,233877,205015,957,0.4248080817407099,3.54,-0.09259442593202986,0.017958157493041214,627,0,12.706257234754156,29747,17.34304543877905,2142,-214,4.002907344326287,174637,0,279,96283,27221,176779,159,318
35103,IDAHO TRUST BANK,201902,175544,2112,1.025299458319538,8.5,0,0,0,0,11.009011429832727,22943,14.810187821890711,1210,0,3.792890307483038,137298,0,7422,52477,25694,138508,0,0
35111,VILLAGE BANK,753997,620729,8091,1.082682934074766,10.06,-0.023908699765760696,0.15994758599835276,1892,874,11.555585519474963,89128,14.447860087538347,3696,150,4.103307368225125,619467,1801,13461,299851,83405,623163,25,170
35115,AUTO CLUB TRUST FSB,496491,351379,-17133,-3.4471408227345104,-53.28,1.1373779510346838,0.5389825797446479,4577,45,9.69983228286758,50663,18.2543758076155,3746,2273,1.485129458337524,250730,0,11812,0,30207,254476,3687,690
35117,CENTERBANK,343625,284376,3002,0.9106694542899751,8.67,-0.0013848228949999587,0.4592215351036741,16,1578,11.355472642580706,39200,0,3657,245,3.277095618078576,301318,0,134,105371,36252,304975,0,4
35118,COMMUNITY BK OF WICHITA INC,107643,99018,1005,0.928990035310865,12.1,0.04974548819990745,0.4199065429242961,45,0,9.235109483596144,9886,0,1214,40,4.158563003020097,83283,0,4322,20368,8284,84497,69,26
35131,SAUK VALLEY BANK&TRUST CO,685167,582902,4561,0.6758244510056166,9.5,0.02492714092453498,0.8778881644912846,6378,1262,8.787206911208887,61192,12.37080541215867,6338,700,3.332846204045021,487380,0,1585,107724,50462,493718,195,77
35138,MILLENNIUM BANK,512357,450210,8171,1.561167342771285,14.87,0.1720998946355808,0.25490039171905526,0,0,11.045499207144456,56770,0,4786,450,4.21213720569054,419513,0,946,200496,56995,424299,1081,345
35139,SEATTLE BANK,961183,853801,3342,0.36406640606106294,3.53,1.405754177023713,6.8923399602365,1537,0,10.536945730752574,101212,15.708498098398433,27381,9705,4.746669193828506,764653,0,182125,51786,95040,792034,11965,1170
35141,BMW BANK OF NORTH AMERICA,12242513,8203124,268957,2.2302373607334074,14.94,0.32172366009208936,0.10392474159512839,88840,0,15.180615237151422,1868840,16.59580166553595,42142,32528,2.98239606437875,9335224,0,0,0,1838657,9377366,36504,6857
35151,NEW MILLENNIUM BANK,913722,795177,8083,0.9446639401567141,7.63,0.10168157591878203,0.3017329121986775,587,0,12.48331130631627,111173,19.59505715025676,10112,1800,3.2060851945463096,772485,0,1,380437,111633,782597,1298,544
35154,M Y SAFRA BANK FSB,405829,302268,3188,0.796766945668392,6.92,0.7054874785226071,0.175443351756528,2693,0,11.176492431087622,45148,20.785190329441384,2737,1165,2.7363071571598327,265245,0,4488,49771,47184,267982,1947,41
35157,FARM BUREAU BANK FSB,1187675,1038743,518,0.04330520000147138,0.52,1.1450953404633695,0.35405308691350745,6484,2097,9.06135924503211,110114,13.428230482621789,15667,8609,3.8916471508791948,799189,126673,139760,75498,98742,814856,12042,2471
35161,MURRAY BANK,513135,472660,5817,1.1763835095178465,17.01,0.026494887638637384,0.0265037465774114,915,0,8.650176166711447,45395,13.96849582110287,5622,799,3.0336846385704543,369175,0,4535,74477,36621,374797,120,28
35164,CAPITAL BANK&TRUST CO,148220,500,87299,52.31287894313591,77.21,0,0,0,0,39.790898496456066,83311,119.39949838767467,0,0,3.1855820248773883,0,0,0,0,81825,0,0,0
35169,STATE BANK,381412,318277,4344,1.1331267411650545,13.29,0.012025292970494742,0.28210963472570344,717,222,10.336296770067158,40402,0,3091,80,3.044797350247543,287422,0,541,74789,33638,290513,39,4
35206,FIDELITY PERSONAL TR CO FSB,63348,500,16073,20.289375754240154,21.03,0,0,0,0,71.82337501929906,60476,0,0,0,5.074962497877895,0,0,0,0,60476,0,0,0
35207,BANK OF THE JAMES,970140,890163,7021,0.7206623894294912,10.03,-0.026309243633163042,0.16904776630177087,612,0,9.040128874701413,91359,12.836055694260736,7044,-655,3.453817053709924,640168,0,13620,285685,67646,647212,84,249
35212,COMMUNITY BANK OF THE SOUTH,265586,244132,2165,0.8451788499946128,12.24,-0.04420561134979071,0,0,0,9.075416221885124,24230,22.823703516544995,955,0,2.8213296942802724,72564,696,812,46710,18243,73519,0,32
35214,FIRST RELIANCE BANK,1065501,956184,7364,0.709578226856129,7.79,0.03448566035645657,0.11168455027259477,30,0,9.962427028286783,105158,13.470971857942866,8435,319,3.4312140352226717,766229,0,4881,377537,96853,774664,387,128
35220,WYOMING COMMUNITY BANK,236075,209909,1570,0.678449505207208,9.77,0.05975312994363786,0,306,0,9.090500235092094,22234,0,1933,154,3.5776236901866034,140623,0,5878,36938,15684,142556,98,18
35221,FREEDOM BANK,569543,489689,8920,1.551862478540108,15.11,-0.17117697441876117,0.1420437087278748,697,561,12.009336989972157,68838,14.780045975204825,8344,-430,2.670937455290711,484448,0,2853,64568,61786,492792,45,864
35223,FIRST SECURE COMMUNITY BANK,515404,437875,914,0.1805494154268216,2.12,0.3283363957315646,2.6111555207177286,14356,2199,8.804806246262057,45491,12.15426673706754,3770,737,2.6371034790827865,320715,0,13888,163985,44220,324485,1058,3
35229,SOUTHERN ILLINOIS BANK,157313,122770,1597,1.0629220572633449,8.95,0,0.5899067464227369,3498,513,14.63225856386375,22686,0,989,84,3.6249392367852593,94262,0,1314,32430,18320,95251,0,0
35230,EVERGREEN BANK GROUP,1448528,1243828,7360,0.498791312085456,4.72,0.9659226043252103,0.2922967315785404,17022,2449,11.37812158526364,168061,14.416604469867902,20649,11375,3.870109802335108,1182975,0,760520,128863,158772,1203624,14996,3202
35237,JOHN DEERE FINANCIAL FSB,3437123,1343345,163939,4.270055657444117,21.51,1.6936652725671142,0.4307381493184852,85993,1,19.593939881885476,827456,0,7622,51897,7.371113819949716,3407817,588819,0,0,827457,3415439,94746,30039
35241,OPTUS BANK,662589,544596,7271,1.2352894206151133,9.76,0.13577465746957093,0.7826873069127317,9142,3725,12.491919512815771,79036,19.011977806865207,1798,819,3.1925650490750064,382129,0,35466,93074,77053,383927,494,31
35248,OLD POINT TRUST&FINL SERVICE,6771,0,520,7.158590308370044,8.27,0,0,0,0,87.14670255720054,6475,370.84765177548684,0,0,3.021978021978022,0,0,0,0,6354,0,0,0
35261,TWIN CITY BANK,69710,63642,415,0.5803725012516467,7.44,-0.006600137282855484,1.6281738631473246,0,546,10.353960665000542,7623,0,591,52,4.352639411501373,42222,0,17,16970,5734,42813,1,4
35274,BLUE RIDGE BANK NA,2721949,2220526,-6260,-0.21292390990611146,-2.36,0.4310345200285789,0.9474093746796872,9878,2552,11.802209850118945,340386,17.263354579300504,23023,-5100,2.941628725128769,2119750,6628,25901,661839,307241,2142773,28437,18467
35276,FREEDOM BANK OF SOUTHERN MO,705371,642682,8611,1.2538879116526682,14.72,-0.004363311305567243,0.1297189705842741,2468,33,8.707876336909786,61324,0,4692,171,3.3020268373337576,551430,0,10344,82039,59490,556122,107,130
35278,CAPITAL BANK NATIONAL ASSN,3141986,2774613,30569,1.2243237062376067,12.91,0.4299376836296655,0.989819814601338,27784,1644,9.169170504438585,281825,12.794936938906073,47992,18046,6.3845091758591686,2556305,122928,1380,883330,292186,2604297,9229,226
35292,GREAT AMERICAN BANK,487617,401420,9508,2.1413748851950096,16.21,0.009382210899233983,0.49075401390845685,0,0,9.870667554555144,46395,0,3400,300,4.55127749953067,383170,0,229,141392,61658,386570,52,17
35295,SOUTHERN FIRST BANK,4090151,3451454,17420,0.42405907693098654,5.05,0.034894314532838054,0.26593150228439,3098,0,8.747108000599733,362875,12.660712011559221,39914,500,2.1502197781223833,3597353,0,11068,1320306,351403,3637267,1735,467
35314,ALAMERICA BANK,17741,14999,-951,-5.307748978635055,-34.84,0.7197552832037107,2.5364973789527085,1089,0,13.492695883134132,2540,22.868085106382978,150,107,5.031188542885754,9693,0,214,3481,2465,9843,105,33
35317,GLENMEDE TRUST CO NA,187004,0,21163,11.683009151865319,23.85,0,0,0,0,43.22423645858967,79042,57.569665982024496,0,0,6.376357319590271,0,0,0,0,96408,0,0,0
35320,GEORGIA COMMUNITY BANK,386925,338070,6082,1.6019630236801845,13.62,0.41890751384550934,0.17626154939587774,2820,0,12.836995007863969,49706,0,3119,1190,4.708736918902636,260231,0,6003,33533,46024,263350,1113,25
35323,FINWISE BANK,732757,571380,17960,2.8097463781493097,13.68,2.274687624786125,4.892481409253,4188,75,20.581970440803307,135374,0,13177,11574,9.933949053350709,539399,52,128939,206448,140202,552576,12667,1707
35331,LIBERTY BANK NATIONAL ASSN,478848,403019,-8781,-1.6679646690094025,-12.78,0.042172039489179955,0,0,0,12.234760433327022,60738,18.07501631695158,4227,-1800,2.057528332045043,411750,0,1233,173338,63173,415977,261,73
35333,OAK BANK,471561,407807,4675,0.984523501155104,10.21,0.0015556317238940365,0.32509049730575684,0,0,10.831462338993306,52633,15.515087801058328,5871,300,3.02580683359576,380300,650,190,161171,46308,386171,8,2
35361,FIVE STAR BANK,4052812,3566789,50841,1.3639754240286535,12.44,0.12413086396962554,0.046510916371151685,139,0,11.503070910928486,468583,13.582786680612768,37790,6950,3.513890662753087,3498143,126,279655,1791033,455692,3535933,5152,1061
35365,BANK OF OAK RIDGE,661488,539004,6569,1.024318560733405,9.43,0.17340871049049428,0.5277495585709793,467,0,11.037180990606526,73037,0,5388,1360,4.100060670808109,507511,963,3063,281562,71524,512899,900,48
35366,CHINO COMMERCIAL BANK N A,466414,355752,5787,1.2548098877371228,12.56,-0.08933929909641183,0.2632854073848555,0,0,11.013348653011475,50419,0,4624,0,3.3388966135176106,200107,0,293,157877,48561,204731,34,204
35377,ALPINE CAPITAL BANK,200195,163468,2573,1.320595124935587,7.63,0,0,6902,0,16.493177139704166,31087,46.77542174320525,895,992,4.835073439076598,60453,0,0,34467,33279,61348,0,0
35388,SEI PRIVATE TRUST CO,292641,500,96455,38.79290928922365,41.78,0,0,0,0,96.90868912723218,281543,360.94793656491584,0,0,3.9682789637122933,0,0,0,0,273007,0,0,0
35393,UNITED TRUST BANK,169821,117298,1099,0.6725817961055126,7.96,0.0007230522058153643,0.1701791886751344,1214,0,8.86321972274848,14456,15.835060475763294,900,68,2.1394917440559933,142751,0,3340,9709,14456,143651,1,0
35394,MASSMUTUAL PRIVATE WEALTH&TR,87790,50500,6074,6.858735345861384,22.96,0,0,0,0,33.488782162826844,28868,52.96492000587113,0,-5,2.302909989680489,0,0,0,0,26870,0,0,0
35406,BANKVISTA,601854,512833,3038,0.5107889453032133,5.52,0.2878951370151589,1.934190019506392,4077,1366,9.554038248143076,57342,12.178124261752894,7988,1950,3.1731307035876615,542129,0,3074,223131,55987,550117,1628,96
35407,YAMPA VALLEY BANK,631671,573447,10905,1.7648966665544559,23.81,0.025737261608614347,0.022005126086206268,868,0,9.16555443187258,57822,0,6914,856,3.8963497706878494,464005,0,3721,121162,48873,470919,155,39
35412,AMERICAN COMMUNITY B&T,969755,824604,11886,1.1458598846466344,11.51,0.1984700381179674,0.1274548726224665,999,0,10.11334432474127,110659,0,7868,565,3.2278181967009836,669914,0,411,345471,106331,677782,1357,70
35413,BESSEMER TR CO OF CA NA,15906,0,743,4.80067196485107,4.82,0,0,0,0,99.30895841186079,15808,0,0,0,4.43281208587331,0,0,0,0,15808,0,0,0
35417,TRISTAR BANK,492943,406716,3653,0.7561205818796003,9.76,0.20050663470941046,0.03225525060706816,3143,104,9.957418998676701,49061,12.850488873330512,3638,779,3.55877497765347,360591,0,10245,110430,38237,364229,821,130
35420,BRANSON BANK,366592,327278,4026,1.1143964184306663,12.68,0.0003287047324277737,0.00027278282122905026,748,0,8.895332245680349,33041,12.581271260836168,3610,416,4.228399745076022,313867,0,7155,123440,32985,317477,5,4
35427,UNITED NATIONAL BANK,287213,231192,4439,1.5620337475297417,10.28,0.27054328332409017,1.4487505788387016,705,0,15.124435312687096,44461,23.314772484988524,4946,1227,5.196617351678656,219228,0,3795,29613,44280,224174,837,236
35430,OPTIMUMBANK,932739,774409,14032,1.5562741961708468,16.23,0.1847962128301295,0.8122315031321732,338,0,10.907346817824946,107112,0,8660,2222,3.976868939272369,794984,0,8805,485434,101451,803644,1777,382
35439,BANK OF BROOKHAVEN,233352,205026,2260,0.9765633439603014,9.46,0.04340524398482237,0.014570262950392541,303,8,11.807650745623514,27317,18.208308094494214,1223,308,3.5438606164194737,132135,355,3119,51847,23896,133358,64,9
35441,FOUR CORNERS COMMUNITY BANK,541319,473763,8790,1.6942697061492547,18.82,0.5195466222726002,2.4370103395594835,1946,0,10.871631448766525,58678,0,6786,1577,4.289700545556976,344147,0,51648,162225,47894,350933,2676,904
35442,CITIZENS BK CUMBERLAND CNTY,92637,80343,1982,2.1617919095319538,18.96,-0.018675531318866023,0.32168571952891395,811,0,11.807148111288997,10915,0,772,-30,4.82143226657899,64468,0,4982,9788,10398,65240,57,69
35444,BCORP BANK NATIONAL ASSN,8706436,7756696,234729,2.8960395709781572,26.45,0.3773840550656587,1.3474399857760397,46169,18761,10.378312242857165,887771,16.05833045263898,44853,38373,6.330421527746457,6291890,201150,18146,783504,871388,6336743,24921,2427
35450,CENTURY BANK OF KENTUCKY INC,188368,173045,2480,1.3350301135421578,16.78,0.005490859288102249,0.06529771511084685,220,0,9.677979022633474,18408,0,1333,0,3.21768609672042,123830,0,1231,41980,14912,125163,18,11
35455,HOMETOWN BANK OF CORBIN INC,299846,269110,1140,0.396432662434806,7.25,0.15605585380876774,0.28547987967156474,241,0,8.06853582554517,24864,12.80635375123564,1435,249,3.0407954401141466,171691,0,5741,42843,15538,173126,301,37
35456,1ST COLONIAL COMMUNITY BANK,840857,750946,9389,1.1426136096732604,11.82,0.06880109227231787,0.23333337297542864,1505,0,10.683411011425228,88916,17.505720405582238,8954,-244,3.311627698940996,619774,0,372,133674,85216,628728,834,396
35477,CITIZENS FIRST BANK,321244,256912,2245,0.7139708674443914,13.63,0.002532107118259531,1.6663346241486223,1318,4413,8.392507326914146,27290,11.819598660132746,3141,260,2.7176158827402896,235424,0,654,61888,16975,238565,37,31
35480,CROWN BANK,426072,349754,2972,0.7211187337038569,9.64,0.41813871054824586,1.4572654387051953,0,0,8.254701387511453,34958,10.642802946260064,3896,1800,2.6574867367785764,342479,0,2621,146419,30862,346375,1520,95
35497,QUAINT OAK BANK,686240,561070,3055,0.4225267180724705,4.39,0.2858645724581955,0.9209605968757285,16362,725,10.799873692859048,70456,14.338498920688233,6476,1534,2.7757531861613893,598974,0,46,330382,70924,605450,1797,9
35506,CYPRESS BANK&TRUST,166010,140513,467,0.2780390802681559,2.64,0,0,0,0,10.204386988658468,17050,0,1270,373,3.136231275741756,98726,0,257,55132,18025,99996,0,0
35510,DAVIDSON TRUST CO,11186,500,1388,12.767679740966958,16.01,0,0,0,0,71.36359944773815,8787,196.84139784946237,0,0,3.7068221957530705,0,0,0,0,8787,0,0,0
35513,COMMUNITY BK OF PICKENS CNTY,582650,504536,12518,2.242472990184926,18.05,0.0007316027514116275,2.2500643611087274,406,0,12.814044579509282,73706,19.31979760141993,5345,665,4.856668593916109,429910,0,8263,203027,73097,435255,31,28
35518,FEDERAL SAVINGS BANK,1179914,775093,4649,0.3922822082762855,3.08,0.33917864266599845,1.522992353680014,5085,0,13.164141581655144,156774,18.75652362962516,8009,2625,3.1016404816257106,980124,0,30412,650,156022,988133,3546,173
35519,NORTH STATE BANK,1408917,1182672,10811,0.7639401589866102,9.65,0.015501053129559857,0.20292181867349177,2363,0,8.051815375929106,115228,11.499788517578251,7705,693,3.6064860547943507,1159113,0,2057,468304,115280,1166818,630,449
35521,INSBANK,903124,750693,9111,1.0683134319747818,9.5,-0.0019938191606021336,0.5897307567953016,1032,0,11.532818568058085,101087,13.111146953109639,9895,701,3.1530157269428614,754900,0,5658,296741,98580,764795,0,14
35530,FIRST CAROLINA BANK,3039278,2520493,24453,0.8303289526092797,7.05,0.0018216853423149166,0.7632733826915471,0,0,12.851229995475638,390846,13.91099126784468,20402,-1766,3.3846635224031982,2573418,0,878,1362445,391141,2593820,53,8
35533,FIRST ELECTRONIC BANK,456775,312040,53275,14.31311040613501,50.12,0,0,0,0,32.13262040491518,130827,59.946938663294205,0,0,23.121077180670742,207406,17552,180623,0,131206,207406,0,0
35541,BCB COMMUNITY BANK,3597404,2752960,21684,0.5803862528862064,6.05,0.32542296684883126,1.457773438846457,34320,7726,10.031194320482339,363697,0,34789,11689,2.7173505783969363,2996259,0,1695,1484914,364781,3031048,10835,446
35543,BANK OF FRANKLIN COUNTY,424068,352055,1737,0.4209484499306417,5.4,0.06575526072111001,0.2983012158427422,222,137,8.709429949843422,37351,11.185707876167557,3708,418,3.013874598308512,335436,0,3351,110650,32924,339144,238,19
35546,AXOS BANK,22840570,20090707,384854,1.742595812930587,17.13,0.15488727386823134,1.0412874985168934,56734,35178,9.718725638630286,2262738,13.674274048656876,213860,65961,4.848795306839844,18617551,0,78949,1968174,2389924,18831411,31706,3284
35558,CENTURY BANK OF FLORIDA,99050,87026,771,0.7376381038395451,9.67,0.015476894715844215,0.2604745078243311,162,237,9.469038384378761,9912,16.23881228834059,1012,0,4.321314337401983,58988,0,2479,20576,8304,60000,40,31
35568,AMERICAN BANK&TRUST CO INC,856361,744807,6234,0.767872055812991,9.43,0.016116613735247216,0.24499013850467266,1956,574,9.029974797576278,77464,11.190983197026817,6010,1106,2.9534754433509747,699581,0,2872,170577,68619,705591,120,14
35583,PINNACLE BANK,52489231,43089412,516527,1.037739189041642,8.18,0.229904343754185,0.2907605943017149,51036,3515,9.779676783808638,4851336,12.52009932323091,414494,120589,3.132933296304694,35266609,52025,373420,10319950,6517369,35681103,99205,20940
35585,COMMUNITY FIRST NB,341145,298028,5452,1.6333378271094534,15.42,0.06219840253769482,1.3290536282226033,373,0,10.744572202331772,37453,0,4700,206,3.8608193254490684,271566,0,2720,82962,37280,276266,171,3
35597,NEW FRONTIER BANK,168955,154045,1012,0.6533044812039395,7.22,-0.0009230610180255356,0,932,0,9.01505254857654,15320,11.77481950746226,1129,3,3.4271169299151403,113417,0,1091,61909,14340,114546,1,2
35602,COUNTRY TRUST BANK,34545,752,7583,21.741498939159356,25.06,0,0,0,0,79.30930097626195,31439,108.74783811829816,0,0,4.705891634321057,0,0,0,0,30210,0,0,0
35604,PEOPLES BANK OF MIDDLE TN,188816,166198,2408,1.3031910863461509,12.4,0.000928362016625107,0.18801372765019914,73,21,13.7357998567963,25706,0,1771,0,3.4446989620020254,103189,0,3527,28099,19813,104960,5,4
55130,"SERVBANK,SB",817056,456589,54614,6.9916533889176655,36.79,-0.031500693015246335,0.4074384130341127,1733,0,19.219423461100856,166726,0,3075,1540,5.957036104381204,260960,0,45,52422,175105,264035,5,68
57022,BANK OF CLOVIS,389581,328173,3260,0.9446608406786026,10.41,0.3895725373737188,0.11088836467897563,5098,352,11.247460919128208,44242,22.77645868202873,2677,550,4.325044037217421,183828,0,5334,22201,36403,186505,814,135
57025,AMERICAN HERITAGE BANK,133317,119390,2365,1.8283782864423237,19.65,0.2867737817400429,0.17777177704268773,79,0,12.16579952482632,16181,18.136925275279484,1081,210,5.378952246011579,75876,0,353,9606,12965,76957,225,8
57031,CHAMPION BANK,44114,27478,61,0.13193354010130764,0.37,0,0.05440449743845491,745,0,39.30966604866214,17174,99.89662301860785,389,0,4.3124559203824155,13850,0,94,10974,16454,14239,0,0
57033,WILLAMETTE VALLEY BANK,470074,333236,3590,0.800988138235827,4.94,0,0.20358496747320634,0,0,15.665343838471054,75475,0,3243,-21,3.7381624854627016,309150,0,19,148155,73043,312393,0,0
57038,NICOLET NATIONAL BANK,8784372,7593028,122153,1.425745119402725,10.91,0.015968490322617965,0.33140673004285337,5787,0,9.526696640653535,798691,11.670608688511482,66322,3850,3.6396134803970934,6567899,29164,15590,1866962,1129136,6634221,1493,455
57044,CALIFORNIA BK OF COM NA,4030569,3402857,7847,0.2558947760159254,1.91,0.1140596074023778,0.7596446060097222,12082,150,11.147337070387788,450600,13.549186800608625,50540,21690,4.514649865661795,3105805,0,24186,1768928,577083,3156345,2774,8
57047,U S BANK TRUST NATIONAL ASSN,841443,0,65994,8.15605483937785,8.32,0,0,0,0,99.01271519732931,814438,488.78792971000576,0,0,5.419767748746371,0,0,0,0,826218,0,0,0
57056,CELTIC BANK,3781454,2742010,158484,4.75769995149358,25.62,0.08551684037949718,1.7348353305368782,38334,0,19.39411485532501,685299,0,52574,14828,7.051375938893832,2817085,0,296582,1233666,690282,2869659,2957,845
57058,PEOPLES BANK,265242,231245,4047,1.6613586933764868,13.19,0.018576341494539364,0.01696563892596195,280,0,13.5430900844003,35382,0,2189,362,4.190036034569637,130827,0,3257,39597,31554,133016,34,11
57061,CORNERSTONE NB&T CO,974987,871523,10751,1.095921857744022,11.51,-0.04642835918464372,0.06615472821688904,839,0,10.004320127297145,102356,14.598338095500473,8731,325,3.5817136291982616,642560,0,2191,324007,98374,651291,0,300
57069,FIRST COMMERCIAL BANK,908956,795948,5838,0.6725267190557072,6.24,-0.0006477341740404725,0.002970440813416711,69,0,10.934636037911375,94973,13.178353687597944,7986,-50,3.3386697570874766,797818,715,4777,261686,95325,805804,0,5
57071,GEORGIA BANKING CO,2257959,1869463,11041,0.5720369717944997,6.82,0.33194708570284076,0.3477476783236542,2008,202,8.218369018369017,175606,11.194555921940191,20482,8321,4.1124843301826575,1790038,0,34664,479811,172350,1810520,5407,183
57073,COMMUNITY BK OF SANTA MARIA,405527,366422,3581,0.9000915926770097,10.33,-0.0031953322586365835,0.01602852584414848,532,0,10.540583021993303,43589,16.230645274294123,2561,79,3.914158203657985,253189,0,369,147439,36474,255750,3,11
57074,BANKCDA,241927,196260,1862,0.7741534204110414,7.06,-0.013780156250759934,0,48,0,12.350660260628105,29845,0,1671,257,3.4990336764211714,131562,0,738,61612,27623,133233,0,17
57077,WESTFIELD BANK FSB,2054098,1731161,18252,0.8884265358578822,8.1,0.139298415431932,0.07516681287845078,4166,97,11.788276358665804,241474,0,18140,1935,2.7896385846105014,1508808,0,31750,319428,234547,1526948,2795,645
57081,SECURITY NATIONAL TRUST CO,6753,0,2341,31.018125927496293,36.73,0,0,0,0,90.57707509881423,5729,0,0,0,4.59652706843718,0,0,0,0,5711,0,0,0
57082,NORTHBROOK B&T CO NA,6032989,5161984,66409,1.2781215514400572,15.45,0.44865191577769065,0.2157305441796761,27053,866,9.213014779501307,473065,11.25181900309001,24377,10261,2.742953873911393,3829795,0,493246,527417,440338,3854172,16881,1051
57083,EMIGRANT BANK,6203111,4866565,44458,0.7125163176141253,3.22,0.4693061154521147,4.220156627859795,13230,5537,17.05861607380261,1045744,17.72120776451547,75741,22665,4.468169281084501,4224742,0,26172,654895,1133150,4300483,23862,2486
57092,TRADITIONS FIRST BANK,315616,279223,2299,0.7651483735521589,9.32,-0.0018354281686831905,0,85,0,9.772537410147354,30766,0,1831,270,3.480630613376914,236979,0,1684,54919,27315,238810,22,26
57093,NORTHWESTERN MUTUAL WEALTH M,440328,50500,163946,35.106375233459346,53.17,0,0,0,0,42.5768557490381,287490,0,0,0,4.377413196753715,0,0,0,0,268108,0,0,0
57095,DOGWOOD STATE BANK,2211170,1809395,5873,0.33305564518827313,3.05,0.17544375522233593,0.27243495524993555,12131,338,9.843262936590698,211062,12.626373877571378,19698,9911,3.821740629306229,1806831,0,131514,883501,230189,1826529,2620,126
57097,NORTHSTAR BANK,1023550,907297,12707,1.2777465164891344,14.78,0.002447002813074434,1.354599189096771,508,0,8.989406580134158,92589,0,10727,1585,3.965562924829428,854544,0,4192,400986,86230,865271,103,83
57101,MISSION VALLEY BANK,676792,551536,7109,1.0727369686375712,11.2,0.014381861969239252,0.78074208914999,91,0,10.35516895321858,70784,12.488152900217653,8099,1100,4.535056890618123,539697,0,830,305656,66702,547796,155,78
57102,BANK OF BRENHAM NA,619575,632742,-7015,-1.049570865408957,,0.9840335130151626,0.15849574304967115,1652,0,10.181981314244474,78303,0,1445,1053,0.18732606274703822,124480,0,3029,25299,-21451,125925,1311,43
57103,SCHAUMBURG B&T CO NA,2145556,1812543,31398,1.4775359755869157,14.87,0.13239985190562686,0.16098391279463226,7082,1226,10.028385410278638,216675,12.222959289252234,11607,1992,3.297421682966372,1651245,0,351620,280589,220751,1662852,2664,474
57109,EVERENCE TRUST CO,12494,500,2044,14.231406569841115,20.23,0,0,0,0,75.71950814223995,11392,211.5113256591162,0,0,4.531999056925051,0,0,0,0,11220,0,0,0
57123,FIRST CENTURY BANK NA,684427,594668,10420,1.9736523098929606,12.91,8.951133492101006,0.0046754438384225055,67,1,19.059678052610916,87381,0,394,4141,6.5878948522800425,55732,0,86,1977,83958,56126,3939,0
57124,FIRST CMTY BANK OF CNTL AL,631953,590397,13284,2.180325597915396,41,0.074314514951815,0.18419091293181614,2024,84,8.744144294870145,54355,12.376745109192733,7687,1294,4.607389894054689,395689,0,15551,134292,34553,403376,430,150
57127,GUARDIAN BANK,570758,516915,5354,0.9491339374415434,13.93,0.08188711588118724,1.287585982150053,90,0,10.477334438626617,61931,16.013844657602167,5593,260,2.739002084245036,367931,0,2999,163655,39345,373524,311,11
57129,COMMUNITY FSB,892831,799014,21169,2.61808336361318,29.34,0.034174760565285775,0.2669038149437016,235,197,9.361933001353046,84206,25.705661488625488,3084,722,4.323297212559176,304662,0,1985,37530,81574,307746,97,0
57134,LEADER BANK NATIONAL ASSN,4596441,3678006,24364,0.5340850098313819,4.98,2.7530194153390646e-05,0.02390980325865164,1791,0,11.53143566857746,534048,19.850251971817055,34856,3512,1.9320121029183204,3758191,0,128,788389,498777,3793047,21,20
57137,MISSION BANK,183619,170936,522,0.2778171026763048,5.7,0,0,370,0,8.811137767616103,16417,17.615383049329182,838,63,3.189658980600394,74611,0,247,38556,10709,75449,0,0
57141,COMMUNITY BANK OF MISSOURI,83047,70885,1317,1.6452875068085169,11.8,0.04932659334761832,1.0981733235396824,221,118,13.87988357509643,11731,19.22385914480776,567,88,5.814751332603238,53738,0,1138,8253,11689,54305,37,12
57150,WHEATON COLLEGE TRUST CO NA,3882,0,53,1.3532836278214686,1.42,0,0,0,0,95.75121576657281,3741,954.3367346938776,0,0,4.755514062317657,0,0,0,0,3741,0,0,0
57160,NATIONAL ADVISORS TRUST CO,20902,500,3835,17.759727329140773,23.43,0,0,0,0,64.78141393954535,12966,280.1036941023979,0,0,6.683747354350006,0,0,0,0,13246,0,0,0
57176,COMMERCE WEST BANK,1489767,1349575,14914,1.2036032883532939,11.89,0.022812140270095742,0.4283220127711246,4488,0,11.160737328109677,134063,17.917819117528232,11489,25,2.941012033674387,781586,0,0,419062,127167,793075,227,58
57179,FIRST COMMUNITY TRUST NA,14528,0,1009,7.186404945728042,7.76,0,0,0,0,91.09664404914726,9935,0,0,0,4.066620042997384,0,0,0,0,13402,0,0,0
57184,FREEDOM BANK OF VIRGINIA,1089195,910842,6392,0.5853786480390731,6.55,0.42195856369484513,1.2553307718085376,5845,0,10.393005580125308,117077,14.351156895178724,6535,-607,2.545087649467816,767327,0,23536,363738,98988,773862,3334,63
57192,GOGEBIC RANGE BANK,142462,127651,990,0.6745459079592329,9.62,0.03422969494495865,0.7517794218809226,121,0,10.307169085267537,15214,0,1488,0,3.4783801965016328,58198,98,1008,16326,11289,59686,35,15
57197,BNC NATIONAL BANK,965288,858654,9158,0.9750789496659945,8.48,0.10334897523489202,0.650065058303843,1225,0,11.88529015427673,110073,14.383239199717778,9223,635,3.638311992327238,689501,0,55878,349010,101376,698724,746,40
57203,BARCLAYS BANK DELAWARE,44672000,35423000,448000,1.0765142085457928,8.21,4.605820139248664,1.2535816618911173,448000,531000,12.953708265878323,5521000,16.56715864934525,2393000,1216000,11.379834153548428,30663000,32571000,174000,0,5900000,33056000,1775000,317000
57228,EMBASSY BK LEHIGH VALLEY,1704776,1553631,10938,0.6474012032500037,10.28,-0.01820939858315045,0.029036072774370356,623,0,9.039822766649477,156892,14.932580480561603,12166,-433,2.2574047855434256,1256256,0,103,257458,106257,1268422,11,241
57230,DOUGLAS NATIONAL BANK,354847,327299,8900,2.9828976068447113,35.63,0.007341561755749178,0.30520196028147345,383,0,9.559117305458768,30864,14.790026129685286,2305,198,4.677301348229478,216358,0,3436,58757,26896,218663,73,58
57244,CEDAR RAPIDS BANK&TRUST CO,2611167,1882493,72060,2.8042978374450582,18.57,0.10307081423159115,0.5016913893289858,8344,0,16.4042583877657,424253,14.786596861510196,25363,5366,3.3717468071166143,1736104,0,1600,350898,423857,1761467,1959,182
57250,CORNERSTONE BANK,450534,329678,3463,0.7956237248883415,9.11,-0.20648668042543097,0,465,0,9.137393634902159,39957,0,4510,-830,2.1287921610746845,395328,0,1382,149923,39152,399838,0,785
57252,FIRST CHATHAM BANK,589417,506731,11488,1.9742827671992715,16.5,0.2177922806840342,0.8571181353778394,322,68,13.504876775095598,80169,21.350852084027842,6939,1420,5.5224545777782446,359473,0,1103,225657,75301,366412,837,78
57265,CITIZENS CMTY FEDERAL NA,1746521,1505795,17533,0.9728504100864386,7.88,0.007001406722638714,0.8156214554534416,4321,186,11.907556792584552,207749,15.579956542652889,20549,-3174,3.042834398526989,1349761,0,6331,611073,221589,1370310,225,125
57269,SIGNATURE BANK NATIONAL ASSN,1258022,1111841,12849,1.0491262833201087,9.44,-0.00677484255371762,1.0226371239930623,0,0,11.67533945816645,145547,14.963103089957238,14135,-725,3.0983990287028016,929992,406,7689,347691,141907,944127,9,73
57273,FIRST COMMERCE BANK,134168,115255,2138,1.477607133428339,15.7,0.0010086237329164356,0.27353765428418103,138,0,10.721170159770704,14850,0,1025,50,3.4721528916779576,99560,0,2457,6895,14081,100585,6,5
57280,FLATIRONS BANK,340063,312784,3001,0.9059803153813781,13.32,0.01798134531069469,0.6392933074165669,0,0,8.238372655880728,28933,12.26122163198831,3319,354,3.1765557388303343,257340,0,57,86386,22783,260659,251,204
57288,WESTERN ALLIANCE TRUST CO NA,60530,0,-4104,-7.372146077709317,-8.18,0,0,0,0,94.02970566507251,48367,0,0,0,4.493186103928926,0,0,0,0,48412,0,0,0
57295,AMG NATIONAL TRUST BANK,723180,615501,15656,2.278411526876262,15.73,0.05734266951086307,0.017423048203766694,354,126,13.326734482548577,87514,18.48796818313779,3201,284,2.3866852992061482,269518,0,19357,134562,99079,272719,145,0
57298,1ST BANK YUMA,585126,526478,10271,1.71972975914407,20.35,0.15144170497283746,0.37547468408513723,44,0,11.167628649315443,65997,18.409186924256232,3233,250,4.556062006423592,315309,0,245,199055,54112,318542,474,21
57301,UNITED CMTY BANK OF W KY INC,483030,423725,4651,1.002895048143706,12.7,0.0196056421193776,0.07452953232718465,343,0,11.040390495317121,52610,0,3398,60,2.5425168682634594,273242,0,5969,36985,35894,276640,75,24
57304,VANGUARD NATIONAL TR CO NA,153199,0,4521,3.0325673993302997,5.69,0,0,0,0,59.53638476276508,81725,190.28825556486913,0,0,4.602896721858329,0,0,0,0,81725,0,0,0
57311,STIFEL BANK&TRUST,19509889,18043947,361995,1.9854797556316746,27.79,0.12311783066307788,0.8262476531773194,61263,377,7.058595373034233,1366711,12.094710456190736,110342,20446,3.5142316536145817,14366028,0,519425,514601,1364108,14476370,20173,3666
57312,TOWN&COUNTRY BANK,183124,150070,4396,2.3468689372997344,15.46,0,0,0,0,15.061415939384116,28803,0,2252,0,5.061832750515273,139967,0,0,97898,27186,142219,0,0
57335,FARMERS BANK,293138,275921,5708,1.9129994141690654,33.65,-0.038926616250800655,0.7856367990502766,1094,275,12.187964396890202,38957,0,3143,60,4.157845529634187,167876,0,309,38479,15673,171019,0,66
57336,DRAKE BANK,253034,210287,1852,0.7490679119853292,9.75,0.17491682313455123,1.7811835563600147,49,1652,8.947103753301313,22596,11.949733182444493,2728,440,3.915616623921564,210863,0,442,56232,19872,213591,353,18
57337,GOLDMAN SACHS TR CO NA THE,125965,0,71717,56.37818673500672,74.64,0,0,0,0,83.92933181545628,96580,232.7341076678394,0,0,5.512624708412166,0,0,0,0,96580,0,0,0
57348,SOUTHEAST BANK,2975060,2664527,27031,0.9348844393463673,10.75,0.22406563238058178,1.9329694191041524,49689,56685,9.187104158106392,263611,14.904173794155653,16659,2497,3.861069077591587,2461170,0,1307114,493647,263827,2477829,5842,374
57358,STIFEL BANK,10790251,9954256,164109,1.5070637189247602,22.99,0.002239175234617892,0.0007228747505502885,7,78,7.085566858161912,768652,13.729303403253624,28966,4808,2.6232525678713237,6944732,5452,1243346,3360,703999,6973698,160,5
57359,AMERICAN EAGLE BANK,474120,368650,1938,0.4293973680467206,4.84,0.09542376035860406,0.034590399055091536,316,9,8.826601558360672,40815,10.535338541276197,1330,130,2.1067155842583434,407140,0,632,56238,40788,408470,891,528
57363,CHEYENNE STATE BANK,40668,34230,-365,-0.8540009358914367,-5.42,-0.04643022965105897,4.362152060588177,391,34,16.858486789431545,6738,28.719328279122852,459,-105,3.3199320911145596,23925,0,116,6113,6392,24384,0,13
57368,BANKWELL BANK,3263382,2799388,17188,0.5397149910454664,5.28,0.813053763778844,1.8878574435968576,730,0,10.086850931998658,325296,12.700746324181706,29007,22618,2.854763969448605,2672959,0,0,1566667,327083,2701966,23019,1291
57369,U S CENTURY BANK,2579817,2183871,26689,1.0790700517770875,13.34,-0.0014399259686062008,0.10492992332401872,5464,0,9.381221258513301,241740,13.336407264891797,24070,3157,2.9933427912510635,1948778,0,194328,890649,210253,1972848,19,46
57373,OREGON COAST BANK,462514,372870,2272,0.5053587602339598,7.89,0.02516132119210215,1.0295904556402617,8949,727,9.21707192338091,43615,0,2633,398,2.7028917610814993,257482,0,12350,88656,29958,260115,67,6
57377,TRADITIONS BANK,870088,749774,4471,0.5235950356023544,6.77,0.23281563987624532,0.5069602155184303,1692,204,9.020079026446142,77775,12.358577791453053,4045,1877,3.0286201949240588,684944,0,137,272171,67451,688989,1630,24
57379,INDEPENDENCE BANK,19985,0,-4032,-19.399351430413486,-21,0,0,0,0,80.71015360063835,16184,0,0,0,5.376507089510758,0,0,0,0,16184,0,0,0
57380,LEGACY TRUST CO N A,34978,0,3568,10.316312959000753,12.48,0,0,0,0,80.78910554714935,28298,259.5432449784463,0,0,3.192708617584457,0,0,0,0,28207,0,0,0
57391,UNITED BANK&TRUST CO,130263,118553,1080,0.87955474983997,10.45,-0.005512587994685866,0.8805263198298826,15,0,9.596261564604443,12198,16.352536160095106,971,-5,2.8539207857609528,70257,0,48,22842,10598,71228,0,4
57396,BANK OF LINCOLN COUNTY,217932,190910,3562,1.6781527316858982,14.87,-0.006887250697177604,0,860,0,12.428072409799226,26933,0,1671,0,4.778179010883686,167956,0,2038,44233,24882,169627,34,45
57405,CETERA TRUST CO NA,17486,0,501,2.815808997099885,3.19,0,0,0,0,89.9528936742934,13367,105.2768370481216,0,0,5.114345114345115,0,0,0,0,15926,0,0,0
57408,OPTUM BANK INC,18649000,14919000,580000,3.311636405161585,31.21,0.2592374961114376,0.139417663145477,18000,5000,10.633066994468347,1903000,16.28971459343026,76000,73000,4.0866686728859465,6403000,0,990000,2978000,2159000,6479000,17000,2000
57414,WORTHINGTON BANK,612795,558641,3270,0.5537218575522582,6.77,-0.001141753230590766,0.00424285446193262,0,0,8.412463686381491,51313,12.120927653424559,4208,286,3.3744142487362963,449376,0,2487,161699,50869,453584,0,5
57415,FORCHT BANK NATIONAL ASSN,1567006,1395913,5613,0.36087481764988394,4.21,0.003357661557515744,0.10638121360096897,1338,16,8.465968729516613,133163,13.470256985924213,13228,0,2.924868709851645,1106923,1682,12442,344524,133036,1120151,324,287
57416,PATRIOT BANK,436374,386318,1127,0.24939940551325382,3.01,0.4555393586005831,0.31165926475912864,432,0,9.60673994049575,42977,13.141356613871638,2965,0,3.17267790456631,227197,0,3882,81926,37357,230162,1195,95
57417,COMMERCIAL BANK OF CA,3537560,2857159,15738,0.5866963307807185,7.8,0.1632180232432187,0.2213955381675505,6842,1503,9.501520096640261,305967,11.647071742768365,30497,9610,3.400422238300496,2483976,0,13588,1539647,291809,2514473,3766,677
57418,PLANTE MORAN TRUST NA,18412,0,2973,16.61450765619761,20.49,0,0,0,0,78.39342667171198,14502,13681.132075471698,0,0,5.026069122893167,0,0,0,0,14516,0,0,0
57420,HIGHLANDS COMMUNITY BANK,195402,177042,166,0.08312726784707387,0.96,0.3770267521011776,0.5644773339065107,1845,45,11.63398561396983,23145,0,1423,501,3.0162866658332614,100480,0,3996,24790,17400,101903,595,191
57425,SANIBEL CAPTIVA CMTY BANK,953246,789176,17904,1.967067873509977,23.59,-0.001024796488227394,0.8883331270207271,8224,2069,8.833409805089222,81436,12.269660164397006,8382,905,5.114747979199918,823027,0,8514,205926,81436,831409,0,8
57429,COMMERCE BANK&TRUST,171950,154487,1115,0.6464570097391792,10.83,0.0040473114519486994,0,181,0,9.149661218475682,16083,13.476390282465262,1798,24,3.084912098108428,122307,0,1655,65753,10518,124105,5,0
57444,AMERICAN CONTINENTAL BANK,357116,288153,4520,1.2898078357538156,8.46,0.09011992709297899,1.003875491436956,270,0,15.271846945294376,54504,0,4295,235,4.008044778215745,268132,0,0,88868,55562,272427,255,15
57449,MEDALLION BANK,2553691,2094763,60581,2.4928037835347148,16.51,2.822086576762311,0.47699584640428305,84449,0,15.679166848780824,391016,17.376630529413436,91638,75845,8.691167675185332,2286201,0,2377839,0,382376,2377839,87504,24014
57450,CHARLES SCHWAB BANK SSB,275425000,231315000,813000,0.2876515743351109,4.54,0.002397679046682811,0.012707633657075428,51000,0,11.608081196718215,32584000,41.73087260347608,21000,-16000,0.7224722043316238,44163000,0,0,0,19700000,44184000,1000,0
57451,SOUND COMMUNITY BANK,993750,841803,5781,0.5503544316812228,5.12,0.011259016688761093,0.7524025157232704,1098,0,10.595160475687589,115376,0,8499,-119,3.20465570770076,892159,0,138759,193430,114534,900658,121,20
57463,PCB BANK,3062929,2623609,26607,0.9206989186848487,7.66,0.015990061912054983,0.153219353109393,4902,0,12.163098787354572,363786,14.917237902427566,30628,3401,3.2144784838117126,2605051,0,0,1522058,355036,2635679,691,298
57465,FIRST COMMERCE BANK,663832,593229,11543,1.7697256258355716,19.04,0.01202566632048519,0.01054483664541631,515,0,10.309059160944187,68367,0,4788,0,4.2394066677618785,519117,0,7775,127346,63890,523905,68,7
57468,COMMUNITY BANK OWATONNA,93090,86330,27,0.029316215558875647,0.48,0.5778524900189115,0.10957138253303254,0,0,7.795628983998959,7191,11.790009390809123,592,331,2.5217174073916957,63059,0,715,11579,5562,63651,363,0
57470,MEMBERS TRUST CO,38197,500,-2150,-5.497202818658784,-6.8,0,0,0,0,87.68245330612476,30937,0,0,0,4.5025242985197655,0,0,0,0,30804,0,0,0
57483,CITIZENS BANK&TRUST,1031192,909781,4857,0.4566222065617091,8.52,0.0564191197516458,0.1227705412765033,1046,0,9.532576256734234,98380,15.337996756761457,6929,0,2.309393080847366,569595,0,8233,230406,57271,576524,453,125
57488,METROPOLITAN CAPITAL B&T,247142,218025,-12379,-4.910758206151082,-90.95,4.5973534799680245,7.410314717854513,966,0,4.600883096716143,12681,7.2605660652674295,7877,13820,6.590734903740249,170629,0,938,5989,3109,178506,8095,9
57491,BANK OF COMMERCE,369830,318264,3192,0.8914174263170329,9.94,0.022854244475539322,2.1726198523646,6389,4277,9.160765126207615,34525,0,2829,-500,3.465780370178629,275326,0,1195,113290,33001,278155,75,13
57495,PRIMEBANK OF TEXAS,215997,185595,1861,0.9516611370432948,6.61,0.0017883680962285104,0,0,0,12.985703071104027,27294,0,1351,390,3.9183074855355033,122172,0,694,52546,29116,123523,4,2
57497,PATHFINDER BANK,1469043,1211626,5340,0.36647633688371584,3.8,1.088831037284771,1.503291598680229,13276,0,9.640017537411175,138740,14.653659817856477,17243,10973,3.209981571076158,901743,0,65261,272852,140641,918986,10183,345
57505,LIBERTY NATIONAL BANK,614488,460849,5720,0.9743908949644091,5.88,0.008920864697004035,0,48,0,9.115631537185314,50548,11.656978163195571,4305,170,3.623010996099386,421568,0,1040,138042,98479,425873,38,1
57510,AVIDBANK,2298340,1891547,21933,0.9665232107025887,11.45,0.24276392602653069,0.05860751672946561,0,0,11.066180419650038,253437,12.255459884611193,18679,4096,3.509312380328342,1846263,0,61,557201,202099,1864942,4361,0
57511,COMMUNITY FIRST BANK OF IN,838727,691532,11085,1.421757181573206,12.98,0.07576220519772377,0.6063951679151858,2120,190,10.190595207616711,80404,12.640367000818648,10070,1524,6.5073260545503535,687673,0,6214,271231,92879,697743,533,47
57512,WESTERN ALLIANCE BANK,80862067,66760014,776088,0.9973463750748655,11.73,0.1715888604828983,1.3737195216639715,277952,583297,8.239860585127264,6803011,13.296086974524124,373821,145900,3.6394669657010636,55905102,0,3857,10827241,6902797,56278923,95263,2006
57522,TOLLESON PRIVATE BANK,919773,826815,10618,1.1008118928324684,13.8,0,0.03207313108777927,1163,0,8.249464039688865,80115,14.00952245843289,7553,46,1.7401064969771296,763013,0,5196,31250,78196,770566,0,0
57540,HOMETOWN BANK OF ALABAMA,622513,526752,7028,1.131576888137796,13.47,0.09689029353594601,0.6370951289370663,2955,0,11.055762185786914,71132,20.073856034252074,3876,925,3.1653017243633577,371518,0,26487,31590,54038,375394,616,267
57542,TOYOTA FINANCIAL SB,7201036,5753874,31542,0.4921735173323502,3.85,-0.00017299365989769386,0,4512,0,13.022090089755247,938972,27.762079634301006,16937,7035,1.3165397243345944,3904927,0,0,897942,836461,3921864,0,6
57543,TRINITY BANK N A,522234,465040,8458,1.7138922537662873,16.09,-0.002965647911689596,0.20048484012913753,0,0,11.280074598973886,59758,18.34548319658183,5583,350,3.667712382356985,300281,0,27,96894,54483,305864,0,9
57548,HERITAGE BANK,142302,119801,1483,1.1589867189343885,11.79,0.013093093767126232,0,525,0,9.881647514448275,13217,12.109310809478425,1556,495,4.070105490489243,122592,0,366,38042,13208,124148,14,0
57554,TRADITIONS BANK,803742,696166,10797,1.388666669067498,15.3,0.46937654036945875,0.37113899733994243,1464,0,9.484733624497224,76921,14.471398601759056,9134,3557,5.195237482770403,620648,2506,17148,85989,75703,629782,3137,238
57565,UBS BANK USA,119112431,99525338,1387377,1.2290506530822254,14.79,0.00472834594464985,0.0737874286185965,58975,2714,9.029809123171082,10296339,29.440811071385976,118433,5937,2.0057180973759436,84643742,311021,859031,1629343,9539375,84762175,4602,665
57569,PEOPLESTRUST BANK,188887,168386,2014,1.0887133829579057,11.62,0.06277755818549606,0.724771953601889,1965,0,10.500442750959294,19566,0,2013,221,3.5924884756566864,129829,0,9225,32000,18075,131842,86,5
57570,COMENITY CAPITAL BANK,13262711,9883800,216718,1.6876461479853186,11.29,8.740297734378105,3.4553418226484762,419012,457642,14.291390338272809,1823995,16.73582058309315,1396743,952297,19.655358921906892,10133965,11216010,296633,0,1854675,11530708,1191054,226927
57571,CONTINENTAL BANK,191218,141901,692,0.3879589212050946,2.57,1.6011763308777516,1.3199594180464183,1319,104,14.32579833436865,27213,16.6048206088359,3270,616,6.084758510415558,158564,0,0,14700,27241,161834,3245,845
57576,HERITAGE BANK OF THE OZARKS,363232,318372,3657,1.075747066184478,13.95,0.005003591038799385,0.14370980530349747,4464,0,9.215985660703025,33318,0,3111,425,3.7366682763671157,276689,0,2608,62064,29671,279800,13,0
57579,COMMUNITY BANK OF GEORGIA,221161,197400,3142,1.5467652815683863,15.88,-0.14119069165274026,0.39970880941938225,4462,66,10.729107715525373,22750,0,3223,300,4.477755795667834,130633,0,1331,35104,20942,133856,15,186
57585,GOLDEN STATE BANK,836818,717133,8818,1.1127454147519402,11.44,0.1521108016132017,0.05508963717319656,1216,0,9.824659260025053,81728,0,9539,2838,3.879968405934617,700019,0,0,437054,81727,709558,1392,399
57587,INTEGRITY BANK&TRUST,383222,345323,3324,0.9280307154714782,11.04,0.13107668803048136,0.6085245627860614,702,0,9.176508095302225,33389,14.006636981629509,3163,576,4.096270823427309,273849,0,280,81778,31470,277012,337,0
57591,SANTA CRUZ COUNTY BANK,2680345,2311516,30631,1.5789933825686882,11.66,0.0036104268075897207,0.023056733368279084,389,0,10.940196795337625,288599,13.988247847218481,31622,7039,5.3165011632212105,2013593,2,39,1171551,344225,2045215,55,0
57598,MAINSTREET CMTY BANK OF FL,832236,751837,5440,0.67304825285829,9.09,0.005948404619855486,0.7934047553818869,409,0,9.03899405543847,76514,0,7451,1454,3.309670576510963,590608,0,2527,283319,63858,598059,74,41
57603,FALCON NATIONAL BANK,978952,887558,4528,0.4959950155129889,5.67,0.44363893631279916,0.875834565943989,3584,21,9.316709883418403,85406,0,17210,2245,3.5053577271240046,768235,0,1538,158407,80943,785445,3742,248
57607,FIRST WESTERN TRUST BANK,2913562,2531386,11617,0.3964629105995077,4.21,0.3658644575792303,1.6811037486073748,9518,0,8.943730870850446,256419,12.10320841979351,18330,1933,2.453718920904862,2432941,0,34226,579758,282490,2451271,9402,362
57610,REDWOOD CAPITAL BANK,531726,471787,6274,1.186138700714935,10.83,-0.003122354130119945,0.30090685804342837,2287,0,11.490562853417755,61957,16.60694904922615,6357,233,3.954231869426216,376280,0,147,202061,55494,382637,0,12
57614,FORBRIGHT BANK,7243833,5636747,54966,0.7833024307513539,7.02,0.8139986176381946,1.211112956358878,5713,0,11.922422782102137,796830,0,42308,-1644,3.5073592066620582,4281441,0,211900,1156845,812411,4323749,36222,2434
57624,CLARION CNTY CMTY BANK,233016,214301,160,0.06947290903912019,0.98,0.020087496907582714,0.341178288186219,390,0,8.410932575735321,20043,11.576179876770217,1488,37,3.0699228628882715,191709,0,1353,67533,15784,193197,54,16
57626,1ST STATE BANK,451883,398069,5103,1.0861532593537313,10.98,-0.04690601527004006,0.542839628841979,468,227,10.938183108437755,51790,15.541338365446158,5374,75,3.989546457410567,278684,0,16,129730,49199,284058,137,269
57632,HOMELAND COMMUNITY BANK,235445,223718,1659,0.7234754031445669,19.09,0.017834296126856122,0.3066533585338402,372,0,7.743881567687831,18099,13.264319084566464,1148,70,3.1396553312715625,132139,0,3190,26426,8891,133287,31,8
57633,1ST SECURITY BANK OF WA,3028747,2359685,36930,1.2407643188838886,11.41,0.2102083589697085,0.4490305727087802,10370,0,11.23808849339944,336416,14.178639023124887,31870,5512,4.46894794688997,2529845,688,617404,357640,336578,2561715,7135,1836
57640,BANK OF WALKER COUNTY,100111,90783,1117,1.1809458562227495,12.88,0.0200069166769083,0.023973389537613247,534,0,10.479566305254378,10052,17.396193076861298,813,125,4.94697796004618,68379,0,2039,18723,9114,69192,27,13
57644,GATEWAY BANK,274913,241655,3380,1.26607787802351,12.27,0,0,39,0,10.883830215966421,29275,14.780993225070013,2971,-251,3.512993559962141,216544,0,1595,52563,29051,219515,0,0
57656,HERITAGE COMMUNITY BANK,167393,139406,995,0.6081728653438041,6.27,-0.0014876015845932077,0.005973965458531719,2240,0,9.727275980959424,16307,15.804828435308602,1863,143,3.8651411467312555,138728,0,3733,26434,16267,140591,6,8
57665,VERITEX COMMUNITY BANK,12717697,10780947,118513,0.9345915409201939,6.83,0.20716381768455613,0.6225340955992268,29037,1914,11.36920928796746,1402462,13.489333577008383,111745,20108,3.3934322885318955,9482108,0,4339,3201197,1755687,9593853,25691,5570
57672,EMPIRE STATE BANK,636921,517468,1741,0.27290351786898875,2.94,0.0024741915314079174,0.8495559103876305,345,0,9.319176456552997,59368,14.94100988856911,5137,12,2.454262884304719,559331,0,0,213408,59473,564468,53,39
57684,CEDARSTONE BANK,348927,301822,1301,0.3960715546950158,4.58,0.009116465330911117,0.26165931555884187,965,0,8.743644231844657,30489,12.104198146801368,1616,337,2.773340157874086,265091,0,1405,80614,28216,266707,46,24
57686,AMERICAN COMMERCE BANK NA,536251,443500,6132,1.2139410799086812,8.93,0.02201882493643513,3.323070726208436,4161,0,13.685080516156553,71862,17.403016394031916,8905,909,3.813043446351963,440104,0,2173,270821,71862,449009,160,65
57694,FIRST NB OF DECATUR COUNTY,334969,310579,-676,-0.21408786850191064,-3.36,0.05293326593482055,0.3937677814961981,1314,283,7.89664114787956,25426,11.76859421150837,2500,210,2.7655538984594092,221313,0,5617,58228,19839,223813,115,4
57701,BEVERLY B&T CO NA,2485079,2102083,33438,1.3900168208746457,13.78,0.13601480293565718,0.4571685648625255,21435,462,10.080751494644709,246565,12.456037583381445,17269,3151,3.7124423130756674,1933249,0,159451,311097,253751,1950518,3099,502
57703,T BANK NATIONAL ASSN,852838,716467,9645,1.2371770352235654,8.65,0.2765714211690486,1.8687019105621465,3055,29,11.455371465657642,93548,17.877481107954292,9183,4848,4.535537777216018,707164,0,373,342660,113572,716347,2068,360
57706,SUMMIT BANK,1253397,1113910,11633,0.9865832146007192,9.82,0.7530959279519264,0.16547031786417232,2002,34,9.883410040326629,126978,0,12576,7392,4.600818806706964,1042899,0,286,523306,125407,1055475,7901,356
57710,GREENE CNTY COMMERCIAL BANK,1221287,1120675,6117,0.5098131318594953,6.32,0,0,0,0,8.967557453694553,117039,47.711818804422265,0,0,0.7353662538354064,0,0,0,0,100311,0,0,0
57716,UNITED BUSINESS BANK,2646302,2243144,26316,1.0242712906830234,7.17,0.26131204721313395,0.3572532537858491,6661,220,13.417815906942282,342614,17.858338571279507,17900,1266,3.954114842993438,1937212,0,268,1435964,372266,1955112,5166,175
57734,EH NATIONAL BANK,298634,241863,-4627,-1.5779002570609928,-18.67,-0.08332906525925908,0.22803833454998426,0,0,7.896740760763862,23955,12.059596765829264,4029,-897,1.8920904438897557,233579,0,0,58060,22761,237608,41,246
57740,PACIFIC VALLEY BANK,655767,579914,5068,0.8889549972671825,7.19,-0.023118849467769518,0.025618855477631534,0,0,13.32520850196906,73256,0,7619,0,3.3609494709759185,478373,0,24,299978,72600,485992,100,207
57741,FIRST SOUTHWEST BANK,565768,396779,5880,1.0815694676618086,6.62,0.010441421536893718,0.06486757822994585,440,0,19.299166218787676,106289,34.582821162481494,4378,1012,3.433890723734402,298439,0,4175,121692,91555,302817,151,121
57742,MAINSTREET BANK,2219557,1913149,-7530,-0.3545211426899106,-2.64,0.25553980011284044,1.1259904566541883,62,0,12.07513576769429,276847,15.685154570041748,19450,6763,3.3521992779862813,1810556,0,33,898204,269136,1830006,4569,28
57754,PROVIDENCE BANK&TRUST,1636633,1424865,14607,0.905965304264047,9.66,-0.04944196197534222,0.6513983281529824,2088,0,10.367659549105214,173946,0,18561,480,3.1867055498902714,1071808,0,6019,557897,157018,1090369,7,542
57756,COASTAL STATES BANK,2097070,1836446,23423,1.1246738647458558,11.45,0.00615431167229316,0.7568655314319503,1760,49,10.63977104874446,225890,12.969457258382969,17118,553,3.4702876009737045,1566358,0,283846,625250,218546,1583476,285,189
57777,MERIDIAN BANK,2382012,2008396,19154,0.8216417890600073,9.04,0.7865519679593815,1.9010819424923133,8732,0,9.211068908497209,224709,0,18438,11401,3.356007620791556,2044412,0,310,615871,219119,2062850,16673,837
57784,NANTAHALA BANK&TRUST CO,265918,243231,1704,0.6126058758394569,8.24,-0.012464813997877732,0.32152768898683054,453,0,7.316268343504601,19733,12.650602409638553,2020,-54,3.336843369265017,186467,0,3312,48274,21697,188487,31,54
57785,LAKEVIEW BANK,175141,158849,1670,0.995966039347219,12.47,0.004879651527818893,0.4327941487144643,1394,117,9.184193790499545,16030,15.07281616182519,1619,125,3.950101611536471,124861,0,400,44207,14219,126480,13,7
57793,FIRST NATIONAL TRUST CO,48179,0,18446,40.16951071854775,48.03,0,0,0,0,85.23104880581516,32831,158.42018915267323,0,0,1.1544748671843073,0,0,0,0,39514,0,0,0
57803,ALLY BANK,181409000,156636000,1446000,0.7909964257464412,10.29,1.4758553531722582,0.8274120909105943,3911000,95000,9.395962174012631,17229000,13.205007534034847,3724000,2158000,3.816587136879511,132245000,2294000,0,5801000,13776000,135969000,2945000,902000
57807,QUONTIC BANK,710153,614737,2264,0.3436757886478908,2.81,0.00042653581685234485,3.2064921221201628,14031,3239,10.964168117049942,75154,0,703,227,3.2222130751103655,519921,0,196,1516,82505,520624,2,0
57813,STERLING BANK,1417492,1229856,20997,1.5034821325000467,12.56,0.22162701254895392,0.5870932604910645,262,0,11.835968336380615,168376,19.544337022426806,12803,1110,4.224240752624364,950262,0,9055,79987,169238,963065,2220,88
57815,BANESCO USA,4406981,3620383,43215,1.0507197995922484,8.95,0.0943693370737907,0.2747686000915366,6621,0,12.93018606130318,566781,0,37513,4599,3.1819423259265367,3278338,0,169,1323363,520846,3315851,3082,156
57825,TRUXTON TRUST CO,989608,866542,18939,1.9111284406669242,20.1,0.0024238773736197914,0.0011115512404911844,8,11,10.633715719312253,108677,15.831968268403724,6433,217,2.898888007162333,663549,0,12739,221014,98425,669982,22,6
57833,BEAL BANK USA,16215605,8816420,1021631,5.598522166515865,28.36,0.18037926295657658,2.4387742547996205,51848,0,19.613133702796794,3378995,71.59599655708284,22768,4384,1.150979509766441,2928998,0,11,847393,3325827,2951766,9464,4507
57834,EMIGRANT MERCANTILE BANK,3491,500,35,1.0080645161290323,1.19,0,0,0,0,84.82501434308664,2957,420.62588904694167,0,0,4.8388966156699125,0,0,0,0,2957,0,0,0
57841,VALLIANCE BANK,713854,601935,5666,0.8478390727818818,9.69,0.09531752651018706,0.04202540015185178,1433,0,9.661650381570501,67733,0,6509,931,3.897592699889665,579839,0,762,242985,62989,586348,965,421
57857,TIMBERLINE BANK,776587,718593,4644,0.6122694365222675,9.42,0.011812308855365796,0.1328891676013119,4676,0,8.047545590127312,62863,13.223807882251887,6753,261,3.5921690545342213,552815,568,1170,214376,51789,559568,83,17
57867,UNITED CITIZENS BANK OF S KY,254444,217608,3810,1.5487590821915471,14.17,0.032978913569436864,0.2869000644542611,1769,391,11.668811333226426,29834,16.345735477146935,2804,310,4.537522417778453,219689,0,6806,21162,28506,222493,129,60
57869,1ST TRUST BANK INC,312140,285154,940,0.31554911924869766,3.63,0.07661030975669085,0.3142820529249695,269,200,9.561985996431751,29102,0,1555,180,2.7378929451830123,242843,0,6090,89638,26353,244398,211,34
57872,PACIFIC WEST BANK,328798,272796,-335,-0.10273817161629534,-0.99,-0.05472433607087198,0.255476006545052,0,0,10.288518438334416,35642,0,3553,176,2.8900413664909235,249214,0,0,130104,33801,252767,0,138
57873,COMMONWEALTH BUSINESS BANK,1815551,1481403,23063,1.329363055085305,9.43,0.01933512210164762,1.3235100528710015,12358,5486,14.067274697186713,251625,20.163259710540547,15959,500,3.719803763273924,1422053,0,165,1134114,254103,1438012,365,90
57874,PARAGON BANK,874105,770713,5105,0.6379551444427921,8.23,0.003943516450519714,0.2805154987101092,1639,0,8.2507897098626,70053,11.860339277361842,8288,0,3.674142456065858,778457,0,1076,189711,65954,786745,182,154
57882,LEGACY STATE BANK,172758,146851,1817,1.0722003297443832,9.77,-0.13275994918678022,0,0,0,12.217225754208231,21273,16.339537708549177,1434,50,3.726418611587503,117731,0,3120,66168,19528,119165,0,153
57884,PARAMOUNT BANK,85538,77889,-8377,-8.9802770517848,-88.53,0.14870937902492018,1.214664827328205,200,0,7.205834208238787,6383,10.243747012904253,655,-162,2.139555112835226,72873,0,2129,8836,7004,73528,118,0
57890,HSBC BANK USA NATIONAL ASSN,164819624,137635432,1307428,0.8017737598179614,8.32,0.12437905351114317,0.4404008347937986,261128,3567,10.160969122806145,17004216,20.179270003557885,488945,-11967,1.4994067215806612,56625039,194773,49541,2173946,15733589,57113984,83363,12474
57892,VISIONBANK,279942,251350,1309,0.4839931020815031,5.29,-0.00046283011357850984,0.5729758307077895,608,0,9.080153694933427,25404,12.113436691386493,2500,411,3.4439513869458214,229122,0,6049,69798,25471,231622,18,19
57897,SOUTHERNTRUST BANK,277384,196410,2065,0.7625063972994349,7.68,0.21351169874497025,1.1100135552158739,1391,199,9.526837672564866,25768,0,1997,336,3.0084812176729767,202084,0,1829,60032,27558,204081,435,7
57899,1ST ADVANTAGE BANK,183779,164618,1873,1.110300960917169,10.82,0,0,0,0,9.891471703781592,18438,0,1936,208,3.896684597691468,156727,0,3349,102200,18367,158663,0,0
57901,ONE WORLD BANK,256161,208319,4073,1.733560331985529,11.24,-0.017388134337128346,0.2150990978330035,216,0,14.502512022370059,37757,0,2929,975,5.610103768093858,189927,0,83,123404,37720,192856,0,29
57903,POPPY BANK,6937842,5749439,49895,0.7899495679856927,8.83,0.16537090870280038,1.6987414818613629,15366,0,9.423935883604525,628235,12.800199959602256,79979,3000,2.3352515792967936,4825520,0,0,3058220,599228,4905499,7181,66
57910,FIRST STATE BANK,68730,58177,823,1.23790671929149,11.99,0,0,19,0,10.31847868398668,7157,0,493,4,3.242570542325395,49057,0,271,832,7023,49550,0,0
57915,BANK OF GRAND LAKE,239917,218291,3119,1.2745855247295745,15.1,0.0876933807687067,0,238,0,8.649832117444264,21176,16.832337786694634,967,0,3.3269697538720466,148201,0,4135,37444,21176,149168,141,11
57919,CONNECTONE BANK,9870788,7856266,79022,0.807812310306406,6.25,0.16112324057257274,0.5806020755384474,3331,0,11.66162939336762,1109149,13.603027944862955,82685,13800,2.8004031487754557,8192867,0,22,2867157,1276997,8275552,13702,429
57920,PRIME ALLIANCE BANK,842840,764783,16097,2.095426588603337,21.7,1.4985502833170938,0.9298324711689052,5020,0,10.466228280706863,84818,12.753185758660592,22776,8282,4.157295416157488,644077,0,0,54991,75041,666853,12396,3282
57922,HARMONY BANK,784501,659099,5887,0.7577616182606263,5.08,0.16086991859869754,0.3667299340599948,783,0,10.29300600892005,77751,13.653982134400685,6323,1304,4.131234843470423,576963,0,4444,276323,118181,583286,933,74
57923,PEACH STATE BANK&TRUST,743492,674461,7748,1.0270579667380624,12.79,0,0,0,0,9.55621147215547,73170,16.450874423758403,5577,606,3.2075794905058066,456461,0,2286,178185,65151,462038,6,6
57931,ANCHOR BANK,451731,342694,2428,0.641439190877826,6.67,0.054301773053449034,0.22203479504395315,134,0,10.225013007562204,43038,0,2043,765,3.349307879118745,348830,0,6955,162210,42399,350873,240,78
57933,VALLEY BANK OF NEVADA,223820,197107,1954,0.9089006209735563,9.62,0,0.4405325708158342,16,0,10.111927663429947,22098,16.31008026600891,2178,213,4.101803635535683,130091,0,23,112628,21613,132269,0,0
57944,OPEN BANK,2365822,2028748,21799,0.9539243886595766,11.07,0.0058723711663159085,1.13410899044814,8965,0,9.202002200821836,218675,12.502424925091042,24796,2757,3.0376757354307036,1936637,0,27,1083992,203278,1961433,137,27
57952,BANK OF BOZEMAN,99473,82998,426,0.40077294613272924,4.95,0.08839779005524862,0.13370462336513425,1045,133,9.725223244163145,10172,13.859975216852542,1384,0,3.6653708386432804,73920,23,208,24482,9072,75304,68,0
57953,LEGACY NATIONAL BANK,1078409,975141,6093,0.58329239213638,6.57,0.016196882733864795,0.371565890121466,3045,115,8.665620766150044,93127,11.78875446128089,12565,400,2.97903910010831,849486,0,4380,225892,95660,862051,160,22
57957,CITIZENS BANK NATIONAL ASSN,217178887,178001267,1564191,0.7121276236051198,6.6,0.5206619777900832,1.0077719939691927,1030911,482871,9.55851768837884,20249560,14.159922851374523,2061147,687000,2.9941860288454714,138146389,1985684,11963214,15772873,24388980,140207536,923064,176887
57967,FIRST RESOURCE BANK,663534,553410,5532,0.8727223162290066,11.33,0.034723507462028874,0.19019372029165046,444,0,8.282774452734278,52533,12.290190048753553,5575,1451,3.353035496373207,592890,0,376,218920,51568,598465,204,7
57968,PRIMIS BANK,3679664,3211839,-7810,-0.20143796270441888,-1.78,1.485095635126525,0.45493284169424164,60239,1713,9.103846963616382,338140,12.039254528767712,53724,50162,3.1199828947430577,3079830,13,407026,1088469,411249,3133554,51035,1929
57974,CALIFORNIA INTL BANK N A,58565,46512,12,0.02104273780047276,0.11,0,0,0,0,19.940877048750195,11400,33.54251469923112,2387,0,7.120241567845678,45288,0,0,33778,11396,47675,0,0
57978,SAVIBANK,633159,528653,2547,0.4147780180352713,5.16,0.11444606323362796,0.2811300163150172,2270,0,8.269537530144696,52671,10.861170092280721,6172,657,3.565591039044406,511381,0,11305,241054,51703,517553,695,117
57990,HURON VALLEY STATE BANK,245318,218810,2874,1.199705458534606,11.93,0,0.0819344687303826,52,0,10.610347293968053,26702,14.502305222358425,2643,310,4.338017557078025,186041,0,59,127458,25557,188684,0,0
57993,SERVISFIRST BANK,17350779,13566043,229774,1.4062500210379958,14.53,0.08555179329227604,0.25933705916028327,60420,2965,9.937581710804524,1694912,12.988631461100056,164458,21587,2.8811734840086105,12450589,15010,16553,5378488,1675847,12615047,13685,3272
57997,BRYANT BANK,2739282,2231222,49120,1.940438033343931,20.01,0.05947280643541697,0.41613094234182535,1269,0,9.911213131122848,255698,19.30381450172349,13280,1955,4.122196879805571,1316305,0,6839,467961,253761,1329585,916,165
58010,FREEDOM BANK,136584,119579,2574,1.9616599880806675,16.42,-0.005212161014078048,0.4480759093305219,318,0,12.415218702643854,16877,0,1682,100,6.174278095383045,123624,0,1382,43506,16877,125306,0,6
58011,BESSEMER TR CO OF DE NA,32193,0,20716,62.04289932853745,72.06,0,0,0,0,63.23282321420463,27849,0,0,0,5.224701445631679,0,0,0,0,27844,0,0,0
58013,TWO RIVERS BANK&TRUST,1165558,1008685,9900,0.8404160314026968,7.53,-0.029910063975375545,0.8987969710645031,6337,0,10.895744715922548,125591,0,12039,-128,2.9548782720117153,919546,0,6467,358465,132343,931585,589,868
58018,ST LOUIS BANK,955037,843230,9369,0.9805659756898344,11.66,0.011195054999329613,0.9543085765263545,545,110,9.475501742643063,88902,11.234782804007008,11316,1196,3.360147670529113,782110,0,11107,304532,83402,793426,269,184
58025,VERUS BANK OF COMMERCE,192264,150068,2445,1.252161194372291,6.58,0.0006053576574111516,0,0,0,18.639299154917943,36106,0,1352,0,4.039426085203745,167010,0,664,120490,36513,168362,1,0
58029,SUNRISE BANK,579762,511230,5535,1.0237756401695897,13.03,0,0,690,0,9.187284549699324,54129,0,5597,614,3.264850054911625,455125,0,84,230848,46609,460722,0,0
58030,PARADISE BANK,412953,381524,12002,3.066484615966364,43.02,-0.038245177580157066,0.2164895278639458,0,0,8.694505934063935,38256,12.956926549125988,2964,390,5.915594458209628,292088,0,983,123347,28752,295052,0,103
58037,CALIFORNIA BUSINESS BANK,106560,85927,505,0.4927377288791143,3.11,0,1.9885510510510511,0,3,16.46015234988763,16552,19.499614240052903,1596,91,4.374712050957998,87461,0,0,57691,16543,89057,0,0
58039,FIRST RESOURCE BANK,660735,529472,4529,0.7484901289868792,8.39,0.003447000075834002,0.026788349338236962,1459,0,8.415440754523573,53527,12.261661095397274,6294,1000,3.0495034036225577,556696,0,443,162646,58819,562990,51,33
58049,ECLIPSE BANK INC,481493,346947,-229,-0.04599306047063152,-0.56,0.09117894614189907,0.5545251955895516,423,569,9.21273620809478,44541,0,4675,780,1.8208275225946506,405704,0,26,121484,40617,410379,413,28
58054,FIRST COMMERCE BANK,1551125,1185525,4756,0.32206869408322697,2.78,0.0004794375622070237,2.417277782254815,4691,20864,11.309667157932445,168594,14.165294232233617,14756,307,2.346580048865102,1224275,0,415,850206,168600,1239031,381,375
58057,TRADITION CAPITAL BANK,2513042,1801374,10610,0.41599790722862423,5.72,0.014174579755263258,0.1152786145237525,2325,0,7.994598260029781,207615,11.12028142399932,24971,777,2.1651480600921205,2045288,44,1772,611687,192257,2070259,332,40
58060,FIRST GENERAL BANK,1152613,847444,35572,3.1326914832570267,13.6,0.29024947955265734,1.1760235222056319,1175,0,23.90405474012572,274027,0,12095,750,6.002380363432978,836895,0,0,555901,273309,848990,2494,0
58063,VISIONBANK,269164,195962,5004,1.9453437707013501,21.53,0.0022128241123477352,4.915590495014192,3936,0,9.112567451787942,24250,12.56973083657867,1936,330,3.633621008242407,236212,0,52,117313,24250,238148,7,2
58069,BANK OF SAN FRANCISCO,615437,530735,6538,1.0575143527892468,9.1,-0.019042241974676567,0.21431925607332675,0,0,12.050880250723548,75365,19.945886425974514,6662,-180,4.0629509440153635,501308,0,854,117978,75321,507970,41,138
58074,FLINT COMMUNITY BANK,316445,261306,5129,1.6521072500740857,18.84,0.004176056466357689,1.5563526047180394,921,210,9.040609934856032,28186,12.514286170986486,3391,120,4.013133396934635,270912,0,1873,90634,28186,274303,11,0
58079,PUTNAM 1ST MERCANTILE BANK,160242,145166,1870,1.219561505682374,14.23,0.192399065777058,0.2820733640368942,145,452,12.343304843304843,19063,0,1859,360,3.492604971204298,119148,0,2075,32799,13343,121007,241,11
58082,AUSTIN CAPITAL BANK SSB,458955,366023,259,0.07022574730769669,0.77,-0.03251667595410941,0.11395452713228965,19358,473,8.229045689508705,35357,33.206503565392644,1566,386,6.821087116628666,393816,0,213305,2531,36927,395382,0,102
58088,SOUTHPOINT BANK,1761151,1624894,-7930,-0.4584019057495623,-5.67,2.9304689929151135,1.815006209007632,4509,521,6.716637567146306,120486,8.895996970200573,13364,41400,3.5337565035881418,1483900,0,3673,429358,125843,1497264,44930,181
58090,FFB BANK,1504131,1285715,35600,2.468431465733803,19.19,0.12844959492209615,0.7234077350975414,7335,987,14.330049392050453,220991,20.842866744363967,11834,3104,5.3926299623820935,1055044,0,0,334497,202809,1066878,1287,35
58095,IDAHO FIRST BANK,827709,736852,6117,0.8628958995164285,8.33,0.018525393361966378,0.08263773862553143,352,0,10.473298483299356,85329,16.39386157485709,7095,575,3.7100586802156323,536978,0,624,251138,84403,544073,101,0
58103,SIGNATURE BANK OF GEORGIA,245660,205331,1349,0.5880096592246467,4.13,0.028087053817087936,0.966783359114223,0,0,13.66891558471178,32963,17.099181511795862,2205,293,4.764916856258574,189560,0,10,125847,33424,191765,87,38
58106,RIVERLAND BANK,211678,174542,603,0.28754761464232514,2.43,0,0.6500439346554673,0,870,11.847159292200407,25415,0,2295,46,3.0709687248521402,188740,0,999,59917,25294,191035,0,0
58111,NOBLEBANK&TRUST,415456,385007,5028,1.227108256427553,19.07,0.8076389612933598,0.09098436416852808,1714,0,10.530531541803171,43779,0,3026,1327,4.082665815303396,249027,950,4928,108919,26647,252053,2162,117
58113,FLAGSHIP BANK,652253,558273,5621,0.8632631685643816,7.09,0.009227754730205975,0,3684,0,11.607142857142858,75361,0,5127,581,3.430778140027451,520081,0,2211,320336,84799,525208,47,0
58114,BANK OF BELLEVILLE,480020,404462,2488,0.5282294927850391,8.06,0.04778606581350308,0,0,0,8.101088492722718,39207,11.500986796687396,2946,-14,2.56169308151186,353234,0,224,136688,31938,356180,166,0
58115,OAKSTAR BANK,2828640,2512248,20921,0.7531583257529099,7.66,0.1994032419963585,0.4466810905594208,8306,259,9.601055297366955,267844,0,31386,7234,3.4789526246266624,2476687,0,55759,790889,284464,2508073,5315,535
58121,TRIAD BANK,878125,689899,12679,1.4896593275185044,14.78,0.04504981222094144,0.19723843416370104,0,0,10.556876497535091,91996,13.524617489472126,12968,1573,4.229474209095821,716517,0,38,276881,91416,729485,323,8
58140,ESQUIRE BANK NATIONAL ASSN,1872429,1654856,47186,2.7538733164581313,24.99,0.027604911603897123,0.5842678146941753,2,0,11.699715515112624,218420,15.922695008785267,20979,4700,6.103071677787594,1371720,0,9789,86994,204133,1392699,390,38
58148,MILESTONE BANK,365543,303755,3645,0.9912072169675096,8.15,2.3045143574435283,0.7375329304623532,3104,0,12.18203659552768,46344,0,7404,8391,6.395398316921397,325252,0,0,13896,46853,332656,8434,995
58158,CENTRUST BANK NATIONAL ASSN,148148,123174,527,0.35076322616973216,2.57,-0.07690488595966723,0.8289008289008288,1119,0,12.632214341569151,18416,17.63175248177654,1313,-376,3.94544213103072,106176,0,0,58355,20880,107489,139,219
58164,BANK OF LEXINGTON INC,357463,297654,2406,0.6941110762356677,6.32,-0.0059332655952177875,0.02769517404598518,770,0,11.099489168506546,39263,16.525346775202497,1614,30,3.1036658109568336,285311,0,257,87226,37854,286925,0,16
58165,BELMONT BANK&TRUST CO,940487,830124,11473,1.2412343839558906,11.07,0.01785996176815926,0.021052922581598684,74,0,11.983901042186927,115172,16.634907562165754,8339,340,3.689790539959352,706289,0,188,409379,100670,714628,124,0
58177,SALLIE MAE BANK,30036479,21456380,690585,2.362148213387026,25.65,1.572756861030317,0.47264194981042884,451483,141935,9.74718960478036,2957067,12.62103595248596,1441610,414394,5.623473922057543,20959551,0,22379609,0,2682118,22401161,385550,44756
58181,METRO CITY BANK,3578664,2761567,64717,1.8153657186177243,16.15,0.0011140592301366898,0.5151922616931905,17104,0,11.492434347207713,405474,19.927096960197737,18744,516,3.520946003675011,3141966,0,0,749078,418652,3160710,130,95
58184,MERCHANTS COMMERCIAL BANK,466724,360212,10114,2.1174243042793575,58.36,-0.02748349066715624,0.8458960756249946,2122,0,10.876759342791136,50517,0,2228,0,3.7221607530163405,184448,0,215,55660,16543,186676,31,81
58188,HSBC TRUST CO DELAWARE NA,56496,500,2905,5.030024310341245,5.17,0,0,0,0,94.20431378595535,54988,0,0,0,5.505395287381634,0,0,0,0,54988,0,0,0
58201,FIRST VISION BANK OF TN,478342,410745,4602,0.9730999810539422,10.32,0.04842653359826809,1.2990705394884832,1731,86,10.32304999010876,48530,18.524674178417122,3631,-673,3.249208151610534,290295,0,3684,93478,46455,293926,172,13
58203,NEWBANK,660047,562409,9414,1.431944313885114,12.05,1.0594305970215252,0.912965288835492,2567,0,12.664092307408056,82251,0,4989,4381,4.591771344708131,376077,0,41,288976,82666,381066,4269,196
58208,FIRST FREEDOM BANK,769707,682256,10003,1.4085332076172032,12.99,0.24784335878162947,0.01585018714913597,951,104,10.874563992487255,81059,0,6711,138,3.779387581428169,588189,0,30150,242776,81025,594900,1676,265
58210,BRIDGEWATER BANK,5058241,4105755,37744,0.7946775469105879,7.42,0.0326848978831922,0.0059506852283234424,1291,0,10.856364658608044,520000,13.48594048857411,52277,3525,2.3744430152924085,3809436,0,4674,1273284,524886,3861713,1266,35
58214,TOWN CENTER BANK,165301,124897,1506,0.9738067956971448,8.47,-0.04335543304273631,0,80,0,11.026742107300173,17949,14.53698564377972,1432,79,4.39963557760815,116640,0,2556,50270,18634,118072,31,81
58216,BMO HARRIS CENTRAL NA,8163,1000,30,0.36846888894347685,0.42,0,0,0,0,87.75560482877556,7124,403.85487528344675,0,0,0,0,0,0,0,7124,0,0,0
58218,FIRST PACIFIC BANK,432854,351309,1140,0.264146798888359,3.05,0,0.15524865197041035,501,0,8.968844372623753,38074,13.408857584696754,3180,0,3.429542803978991,274204,0,0,100066,38422,277384,0,0
58220,HERITAGE BANK&TRUST,386571,354026,2905,0.7780385821431977,10.81,0.005954357398744401,0.8774584746398463,688,0,8.514721907359037,31099,11.699888198382402,5783,439,3.684522192425679,295740,0,2334,93048,27482,301523,56,39
58224,COLUMN NATIONAL ASSN,734914,653787,13150,2.2896531358323227,31.27,0.022169550796706183,0.12722577063438717,5,0,8.737078289221659,60668,20.30277160866272,2435,0,3.944621511686123,212904,0,169,133782,48474,215339,46,0
58228,B1BANK,7857099,6528440,73638,1.0602432647671536,9.63,0.08493929024252671,0.38864216932992696,21027,860,10.471499820473372,799099,12.448768023001627,54840,10873,3.6037855874427307,5927276,15861,25571,2344732,870003,5982116,5957,1464
58230,FIRST MO STB OF CAPE COUNTY,223627,195192,2529,1.1824210597185754,13.73,-0.00517400762533746,0,101,0,9.219941348973606,20436,0,2169,70,3.4106654525810347,185399,0,1542,45989,18993,187568,9,18
58234,PACIFIC ALLIANCE BANK,411721,327724,1434,0.3652494444846315,2.71,0.0010131520646688209,0.11876974941768818,4179,38,13.749332671177603,55372,0,5358,1136,2.6280424388873516,296285,0,0,145984,53423,301643,25,22
58239,PROVIDENCE BANK,1317140,1118278,18441,1.573031714318811,13.36,0.00010062911308921115,0.07083529465356758,1152,0,11.690102832467247,153333,13.75907316340546,10205,1891,3.9336184528957623,1119132,0,23045,575388,158930,1129337,4,3
58243,JOHN MARSHALL BANK,2231502,1898800,18850,0.8372790571589314,7.31,-0.00010836753412710386,0.44714277647969847,0,9978,12.364666146679356,276468,16.216327598181866,18715,-370,2.372649802191713,1853458,0,909,1085490,264671,1872173,0,2
58255,RIVER BANK&TRUST,3581063,3068383,32154,0.9398980862138575,12.61,0.11388585833259923,0.24132499204845043,6512,8,8.560596147511765,303556,13.151660811743305,32089,5787,3.014216611302182,2461545,0,39016,637589,270413,2493634,3431,742
58257,DR BANK,692001,569364,3066,0.46780263672241545,5.51,0.14716843886582676,0.02210979463902509,1964,0,9.02849266182176,61831,0,4540,1718,3.568989610307586,581232,0,306942,102426,59169,585772,1722,920
58259,FIRST NB OF MICHIGAN,970572,802444,5594,0.5691606498158215,7.38,0,0.08706206237146755,0,0,8.992710922905497,87323,11.959280667636174,10356,-863,2.3613159159779675,735879,0,342,429673,79120,746235,0,0
58263,GLOBAL BANK,260184,198333,903,0.3632604130628927,2.63,0.0038073771740123664,1.4824124465762691,7822,0,13.254641909814325,34979,0,2565,20,3.360089443071789,203784,0,0,142496,34558,206349,12,4
58264,SIGNATURE BANK,2177713,1859278,34783,1.7623701073493818,23.24,0.17654877348090228,1.020290552520006,27,0,9.962252162512543,217625,15.860101777299976,12976,3060,4.117374872169481,1199494,0,2292,490141,164521,1212470,2139,52
58271,REPUBLIC BANK OF ARIZONA,282511,250312,3725,1.3223155751380533,13.04,0.09100471117020563,0.1479588405407223,168,0,11.060719536212588,31900,0,2428,627,4.648696127743849,220303,0,5196,130217,30467,222731,220,30
58276,RIVER VALLEY COMMUNITY BANK,602580,548371,4628,0.7740950464273038,9.63,0,0,0,0,10.411437447707812,62468,15.074671251959296,4310,0,3.1460785113499266,346087,0,19,250255,50578,350397,0,0
58278,GOLDEN VALLEY BANK,536288,491921,3634,0.7259480273950492,9.13,0.0008311094230355273,0,0,0,9.761099244121201,52597,17.943786418859734,3938,4,3.158883041127204,243562,0,190,117099,41588,247500,2,0
58281,AMERICAN RIVIERA BANK,1278701,1120751,9660,0.7563950618521312,7.75,0,0.47689021905824736,5017,0,11.172709006591994,144964,14.36436240271039,11572,392,3.5106091819230376,978369,0,17,550346,130228,989941,0,0
58282,EAGLE BANK,152247,136958,3616,2.50511969982902,26.17,0.01596143716780259,0,212,0,10.701395373479293,16159,0,2348,300,4.795070439042685,88665,0,269,35263,14817,91013,30,16
58289,RIVER CITY BANK,355950,324168,4357,1.3438779066718896,16.59,-0.009383463777697212,0.004214075010535188,225,15,9.226069651176326,32498,13.822738788218686,3623,881,4.633707918670539,258951,10,3492,98180,28620,262574,328,350
58291,CALPRIVATE BANK,2424211,2137926,37336,1.6326617713050864,17.09,0.006606936571884232,0.47330863526318456,0,0,10.388394688165777,244925,12.540846265006925,27267,2689,4.589537887809875,2060891,0,715,1191104,237863,2088158,130,0
58297,PINNACLE BANK,846847,732232,8846,1.043582240556678,9.45,0.41066731818374147,1.4132422976051164,1096,0,11.411665544342355,101001,16.33608977344142,7352,3791,4.726920298926935,589181,0,109,453339,98975,596533,2440,33
58300,TABLE ROCK COMMUNITY BANK,408648,353598,1343,0.3673327159153259,5.12,0,0.05163367984181986,956,6,7.35569039885534,28172,10.675944749227213,2872,444,3.2373835408271496,281409,0,6543,79691,25776,284281,58,58
58303,AMERIPRISE BANK FSB,23604950,22309241,721724,3.148398119340292,64.19,0.2610682603031494,0.010929910887335073,4005,948,7.350493987781065,1763009,34.064273258015135,9473,3463,4.58363229151761,1315900,122665,0,0,1136756,1325373,3478,549
58307,FIRST BANK OF GREENWICH,808778,636902,3555,0.46449846708972836,5.38,0,0,0,0,8.578534268582592,67228,11.684906839831687,7501,450,2.2208670383481053,694108,0,157,258312,67790,701609,0,0
58309,AMERICAN MOMENTUM BANK,2798413,2212720,51852,1.9606959343730281,9.95,0.08702880120490487,1.3150667896411288,12258,18723,16.707737913399637,443004,21.79950691563832,24530,3768,5.2909497561717815,1950169,0,2304,604503,547330,1974699,1929,263
58310,US METRO BANK,1395867,1228307,8435,0.6341275652658975,6.91,0.041142290838922964,0.6362354006506351,9858,0,9.374627523684108,130561,12.855899683644726,14106,1600,2.847412409582852,1162279,0,0,722103,124456,1176385,564,109
58311,COMMUNITY BANK DELAWARE,391069,311779,1674,0.454924187454854,5.76,0,0.03426505297019196,822,0,8.4061365499473,32301,12.635572908887893,3191,94,2.70114796573762,333080,0,103,98855,29552,336271,1,1
58314,OLD PLANK TRAIL CMTY BANK NA,2879310,2545661,27892,0.9940308964988315,12.05,0.20254965936509342,0.3270922547415874,15444,1283,8.913741047507798,255788,11.24520619171259,14397,6383,3.227680569304296,2127813,0,402409,330918,241923,2142210,4944,887
58316,INVESTAR BANK NATIONAL ASSN,2719172,2346821,22638,0.8143591395031955,8.25,0.028969766819210017,0.5164807522289874,6277,2,9.696180380811604,269733,12.92431526011692,26721,-3480,2.866016357945132,2098363,228,7319,944548,262251,2125084,1362,734
58322,RIVERBANK,262343,236295,2080,0.8345564132049293,9.01,0,0.4372138764899387,200,0,10.118873514081073,26984,0,2634,422,4.227193431675015,217356,0,160,94312,24378,219990,0,0
58324,LONE STAR BANK,167474,144238,1084,0.660725017706699,4.96,-0.0007056933931573145,0.2436199051793114,158,0,13.4060046299611,22469,18.02040496466075,1743,-5,3.6259947280972424,144247,0,6,87116,22469,145990,0,1
58339,BANK OF CHINA,27494653,27458972,,0,,0,0,0,0,0,,0,,,0,2996295,,,1002605,,2996295,,
58341,MOUNTAIN PACIFIC BANK,803067,633898,8300,1.144420330420347,10.7,-0.016340187519331764,0.864685013828236,3413,0,10.624102833866804,83411,13.680447992374598,11688,1976,3.971464869696554,631138,147,477,311826,82285,642826,90,189
58348,MILLENNIUM BANK,654643,515623,7484,1.3702397260399375,9.86,0.16589784475949415,1.6037748818821862,15457,0,12.56626484804916,78486,17.564736688972943,7411,3210,3.2946736796832585,473540,0,235,306518,78564,480951,743,94
58357,SOUTHERN INDEPENDENT BANK,377356,325695,3080,0.8473004951205945,8.33,0.03833028012826105,0.055915369041435674,564,0,13.650078223943977,51303,22.11231455656308,1815,241,2.939587257708692,160095,0,3607,28552,38154,161910,78,20
58359,UNITED REPUBLIC BANK,209379,166053,1018,0.4889980247938331,3.71,0.2146943654927602,5.3835389413455985,0,0,11.831274715617829,24234,0,2341,510,2.9889851352796493,157382,0,115,64876,28007,159723,387,35
58371,HYPERION BANK,463255,324715,2571,0.5965689973464164,6.28,0.02519277953031896,0.7462412710062493,236,0,10.11713616364779,44265,12.999823275920663,3160,610,3.678646316604686,388960,0,145,56321,42252,392120,134,42
58374,PIEDMONT BANK,2401362,2142805,25496,1.1708551127416462,11.43,0.004770684178623628,0,0,0,9.808520980696409,226804,11.127017885837164,17731,2244,4.213684666739475,2071161,0,4921,1068443,232456,2088892,214,127
58377,CENTRAL BANK,343256,278737,1200,0.3766833035125718,4.14,0.11958486115450215,0.37144288810683573,0,0,8.793977358310121,29425,0,2185,196,3.1348804625731566,293074,0,1635,139682,29129,295259,362,42
58396,JONAH BANK OF WYOMING,531594,482042,8277,1.5988647808935177,18.21,0.0035841737225108814,0.0765621884370403,26,0,9.512802737379841,51321,0,5875,245,4.406258344010217,342489,1537,135,161706,45204,348364,12,0
58401,MEGA BANK,524360,444736,5282,1.0198415364737194,8.27,0,1.4442367838889314,1612,0,12.704088631166346,67609,16.55345530433523,4795,237,3.6676352211298577,411571,0,0,169451,66570,416366,0,0
58405,GOLDWATER BANK N A,444456,307692,3442,0.7755134227809884,6.33,0.2548170217770547,1.9716237377828176,3609,2150,12.071235819757696,55737,0,5211,1000,3.884219183094989,396510,0,41,45749,55707,401721,1365,351
58407,UNIBANK,522138,439876,-30988,-5.401327637548395,-59.49,11.108749157906976,2.1141920335237043,1917,0,5.598043918415157,31160,8.795525249033718,9620,28247,2.8212947523917604,386148,0,79,214178,29476,395768,50165,102
58410,CROSS RIVER BANK,8267418,6233867,37458,0.4341583826191997,3.71,0.5868608651986581,8.13235764781701,91090,515756,13.005109430015477,1035536,0,126804,37111,5.716234541372166,5771432,1,2406278,932353,1024576,5898236,48418,11962
58411,CORNERSTONE COMMUNITY BANK,657922,584869,-277,-0.041727500441377526,-0.51,1.9071661124979475,0.06201343016345403,0,0,9.262512268374563,62853,12.375893886140918,6164,9713,3.3086390602402522,492699,0,13709,258542,53762,498863,9362,0
58413,EMBASSY NATIONAL BANK,181254,151948,2324,1.4386137804838794,11.31,0,0,467,0,12.484659543654141,21465,16.262861865837344,1649,202,5.628305940318421,141192,0,10,95709,21426,142841,0,0
58423,COMMUNITY BK PLEASANT HILL,141679,136528,1146,0.8194611292260169,26.17,0.3723366531240818,0.004940746335024951,42,7,9.204111031082055,13290,24.857670979667283,121,60,2.423167484405434,39657,0,1173,7672,4851,39778,165,18
58424,ALMA BANK,1492029,1283705,3025,0.20931327118101534,2.09,0.029852269783628822,1.1600980946080806,9304,0,9.992308739450042,146807,13.034340582209635,23379,490,2.829327667592931,1272091,0,1087,783783,146835,1295470,544,172
58426,WEST VALLEY NATIONAL BANK,68609,55990,-1480,-2.1070855021127803,-15.04,0,2.5157049366701165,0,0,13.878924100564147,9324,17.064070820472814,775,3,4.45201054178399,56780,0,843,38408,9030,57555,0,0
58428,LEWIS&CLARK BANK,342215,238424,767,0.20631490379054546,2.09,0.0720091451614355,0.011104130444311326,83,38,11.204027623960187,40770,22.18136682091312,1742,-295,2.674272241730424,149872,0,2136,100293,37252,151614,129,17
58433,WATERFORD BANK N A,1688520,1498473,12474,0.7218015667156085,8.66,0.005225235677061049,0.8399663610736029,253,0,9.195292116895251,163074,12.057180760302934,20024,5710,2.799426595809806,1288866,0,7782,599606,146197,1308890,83,14
58443,FIRST SECURITY BANK OF NV,281264,204081,5258,1.92830999655266,7.29,0,2.7049320211616132,0,0,25.871578069875106,69519,0,2515,40,4.3740072635776315,191498,0,0,133119,75097,194013,0,0
58446,COMMENCEMENT BANK,649613,592092,2998,0.4915393905370634,5.96,-0.08743306998492655,0,1045,0,9.487855194598412,61674,13.695389050744163,5590,-442,3.4383084989497785,461729,0,1642,221396,51125,467319,6,406
58450,TEXAS ADVANTAGE CMTY BANK NA,196327,175075,1313,0.6834690034053725,6.8,0.05465144522710712,0.5032420400658086,703,5,10.553894506974704,20685,20.204459246923857,1137,253,3.436912114435807,92979,0,1138,46287,19864,94116,61,7
58457,TRISTATE CAPITAL BANK,20969194,19166220,165314,0.8223327250509935,12.57,0.061600053979118205,0.2509967717404875,4441,0,7.244340585086774,1541476,17.59333036804471,53495,18847,2.156567607828662,14830179,0,5214,2043711,1396406,14883674,8874,285
58458,HTLF BANK,17203997,14852910,196817,1.0634583631171413,9.58,0.7322727680833544,0.754557211327112,26909,1169,11.02530382155282,1942827,14.91862528979984,96500,53436,3.7748969076252545,11058564,0,18771,4379366,2093802,11155064,92504,6654
58463,SMARTBANK,5272446,4690708,39878,0.8031333923643157,7.78,0.07465205363969132,0.1526995250401806,7376,162,8.941519447085213,445159,11.293790876837686,37423,5153,3.1250387129086095,3874913,0,6567,1686861,522891,3912336,3017,308
58469,AMERICAN PLUS BANK N A,766977,620526,11787,1.6519119966902898,9.39,0,0.3598543372226286,824,0,17.56307564771302,130507,0,9519,1329,3.5415037129096576,650571,0,18807,405939,129938,660090,0,0
58470,HOMETOWN BANK OF PA,383892,353299,2224,0.561906479964143,7.69,0.049652475112227326,0.10107009263021893,997,0,8.303308728642957,32172,13.03016453382084,1986,749,2.765031304029196,252691,0,12002,56128,29565,254677,118,1
58479,BANK OF CENTRAL FLORIDA,1153440,1063238,12492,1.1244315059011052,16.69,0.03686599504659942,0,30,0,8.174149473151529,95302,13.166898170691077,7399,916,3.530275245907276,746312,0,9458,358466,78919,753711,288,12
58481,FIRST BANK,3780346,3055896,42244,1.1507834093448603,10.79,0.18692960884971146,0.3255257587532993,4558,327,9.497242659875846,354148,11.56050848167608,37773,1178,3.646451385607488,3106493,0,2832,1838610,409156,3144266,7115,1416
58482,BANK OF MONTANA,253272,225678,21533,7.259123713564479,77.4,0,0,0,0,9.072015753859167,27457,29.117061942109597,471,-61,5.2820447600617335,90832,0,2393,15610,27457,91303,0,0
58483,PEGASUS BANK,1349018,1203172,18574,1.4189464105178353,14.02,0,0.008969487434563512,0,0,10.745814821945308,146237,16.12429169504365,9786,3690,3.739222331616385,876974,0,12660,212378,142565,886760,0,0
58484,AUSTIN COUNTY STATE BANK,403810,358925,7602,2.0011877610073223,20.17,0.12066381007251101,0.37765285654144276,1692,1331,10.718261532596264,42171,0,5764,900,4.920602778012666,312729,0,2258,58395,40908,318493,744,380
58486,FINEMARK NATIONAL BANK&TRUST,4113577,3287093,8264,0.19862479727724439,2.33,0.028911164252584453,0.04781726463367526,5261,1328,9.96014676344186,409445,18.44469755570625,23576,716,1.3218062158527053,2668540,0,35905,340087,375357,2692116,790,34
58490,BENEFICIAL STATE BANK,1944646,1704092,9206,0.49715161180051937,5.37,1.0011185691114346,0.9182133920518181,25605,543,11.587570713655987,234349,0,24106,7917,3.985569043346546,1255014,1919,82472,321369,174122,1279120,20133,7390
58500,COMMUNITY VALLEY BANK,311367,270937,4156,1.3518454186231996,11.53,0.013573016842517075,0.11176521596700999,0,98,12.000460412516825,37533,0,2711,211,4.419443318913363,260222,0,16,160037,37533,262933,53,19
58504,OLD DOMINION NATIONAL BANK,1384838,1132623,5106,0.3896854995323927,3.54,0.0023427311090723343,0,980,0,11.150400019712901,153854,13.691326797455602,11722,832,2.696114434991127,1171836,0,58,419575,148398,1183558,77,51
58508,FIRST FARMBANK,359803,308323,3693,1.0213772911846264,9.61,-0.0003542258076171301,0.0252916179131358,282,0,11.788023733711128,42019,14.84305170256295,2787,0,4.178363694814825,281800,0,557,25791,39948,284587,1,2
58509,FRONTIER BANK OF TEXAS,897911,756869,11379,1.3288858846836764,14.38,0.00699219857098107,0.1993516061168646,6491,723,9.57271000052533,87467,0,4551,795,4.025507708526602,703103,0,7312,307772,83110,707654,67,22
58511,PLATINUM BANK,636677,536382,10426,1.7284431180410933,21.84,0.16853597135466325,0.792081385066525,1394,0,8.403940208031962,53680,12.23875280949476,6235,1664,3.68798897793816,550456,0,1140,208503,51523,556691,970,95
58513,BANK OF PRINCETON,2340083,2033370,11255,0.5328177380824223,4.51,0.021274810624220923,1.1596169879444447,752,0,10.577094382546012,246976,13.49004669598957,23657,5109,3.435485228108701,1795218,0,255,816069,261254,1818875,753,398
58517,COMMUNITY BANK,169232,153725,2337,1.3645105803578206,17.57,0.05244079710011592,0.10577195802212347,306,0,10.84312735155749,19107,17.517055827808207,901,91,4.63437726864285,113908,0,1734,19235,14104,114809,91,34
58523,GEORGIA PRIMARY BANK,337795,294404,1506,0.43928657060700305,5.2,-0.0059685718878672465,1.2691129235187022,2371,2115,10.351286854327576,36306,12.12314955982885,3062,231,3.0512297136547786,261846,0,256,143567,30150,264908,0,15
58534,SOLERA NATIONAL BANK,1171127,934747,18121,1.4977241139450588,21.38,0.0015032662216831621,0.44077200850121295,15964,918,9.321917945363653,111734,13.661455128511834,10913,1318,3.3578520899962916,781840,0,13997,197259,89443,792753,12,0
58536,THINK MUTUAL BANK,2054667,1729398,10262,0.5015705482779004,3.41,0.05508047754133558,0.04643088150050592,1205,68,16.753528747136514,350679,0,6268,523,2.505958672718606,1222457,0,27789,68634,309182,1228725,829,141
58537,BANKFLORIDA,369306,303391,-77,-0.0219442490677969,-0.19,-0.032191897034406704,0,95,0,11.384964017074362,40594,12.722042635603719,4014,602,3.3465659175934546,285658,0,0,144869,40610,289672,0,85
58556,GOLD COAST BANK,463981,368300,6585,1.440845260877233,11.43,0.04618963983485778,0.3982921714466756,1314,0,13.228635120778836,60766,0,13833,-1200,3.7370781215301774,341489,0,1262,99541,60766,355322,162,0
58558,SOUTHERN STATES BANK,2850032,2420879,39630,1.4983842177757596,12.49,0.048424950555065537,0.22919040909014357,9648,99,11.450503436523734,324487,14.184229609694432,28338,4924,3.8867969285878363,2198635,0,6340,1346685,358666,2226973,1403,406
58563,SELECT BANK,483160,433773,2773,0.5895008057007045,8.06,-0.01285921329854454,0.3578524712310622,4626,200,8.790224203928828,41794,12.345029576233804,3560,500,2.630021401066083,411405,0,2884,95685,34639,414965,0,51
58564,FLUSHING BANK,9047149,7256193,-18175,-0.20302719297630245,-2.2,0.11253597775501738,0.5672284163773582,32314,0,9.307309394014863,847588,13.109024197086997,40152,9503,2.368923357408021,6775794,0,550,2712261,883354,6815946,7969,285
58581,TEXAS PARTNERS BANK,2483111,2272472,14143,0.6140257495733557,7.43,-0.0023320215079632024,1.0018078128605608,683,0,8.843464850434495,215553,11.578846048609645,21932,2632,2.8510020030844214,1900065,0,11028,736058,195968,1921997,27,70
58584,AMERICAN PRIDE BANK,416750,370500,2670,0.7329422112125334,6.53,0.08010433136080948,0.1859628074385123,471,0,11.68466056861576,46051,0,3820,427,3.1423256874437264,294216,0,299,227432,44581,298036,221,0
58586,TURTLE MOUNTAIN STATE BANK,125569,113453,5163,3.5581032821659293,46.66,-0.022500604703751415,0,48,0,10.818888751741284,12271,0,433,45,5.202872700902404,36662,0,2681,3525,11849,37095,47,55
58588,PARTNERS BANK OF CALIFORNIA,663640,558443,5962,1.1539950449055436,11.12,-0.03170213586165898,0,0,0,10.170264436532191,56871,15.623390005151983,8050,202,3.3184257283664933,388972,0,96,237696,56856,397022,0,125
58590,NANO BANC,955071,827993,-9586,-0.9860159770383561,-7.77,1.8674491003322722,0.10920654066556307,14764,0,11.19863974975919,110912,19.85794470121683,26175,1783,4.032374147790471,602392,0,0,187295,115211,628567,16870,4039
58595,CHAIN BRIDGE BANK NA,1401124,1275694,23298,1.7112659886729442,22.45,0,0,0,0,9.56597892885193,127034,32.938982254201434,4514,-161,3.3652077389712867,309089,0,36,46035,118789,313603,0,0
58596,CARTER BANK&TRUST,4652625,4153774,26998,0.5907207782478221,7.4,0.4614131482590474,5.588415141989737,4828,0,9.420069585340098,441916,11.983002042230364,75600,-5046,2.6771185085659277,3549226,0,23668,1669683,377395,3624826,16988,575
58597,PEOPLEFIRST BANK,264860,228954,2449,0.9466570905737074,8.89,0.7696280756681486,0.9276598957940043,232,0,11.114467981268666,28695,16.610049615825627,2305,1310,3.0555904244321708,169555,0,22,97656,28299,171860,1626,273
58602,RELIANCE BANK,294568,241698,1207,0.4358215724095697,5.26,0.1566440509106183,0.7590777002254148,302,0,9.068444481309443,26239,0,3730,370,3.384374143516334,230510,0,1948,44423,23742,234240,373,12
58615,VICTORY BANK,461133,397926,2494,0.5441686460237506,6.07,0.010809675586193265,0.04619057842314473,51,8,9.91541615680213,46187,12.155756152573073,3611,209,3.235453284648257,390720,0,1266,181321,44370,394331,42,0
58619,MRV BANKS,822932,703006,10819,1.43717057922265,12.58,0.959892725897191,2.757457481298576,1807,8903,11.704033335306548,90949,0,11327,5371,4.041005069481249,615048,6041,629,216100,90215,626375,5948,38
58626,GBANK,1118602,961768,21422,2.1218514446458463,16.84,0.020636806549820398,1.266580964453845,11822,40,12.90331867550161,138941,0,9114,2243,4.95556301777898,839493,1667,0,751611,137632,848607,240,76
58629,STELLAR BANK,10904985,9189284,123686,1.152981538517699,7.81,0.08643390197637825,0.3546176358793708,34755,0,11.207607258866888,1140989,15.280940339649652,81058,-2880,4.307375710591596,7358796,0,18297,3408146,1605488,7439854,8259,1597
58636,FIRST CAHAWBA BANK,187736,173374,1762,0.9577898428615845,13,0.012249057639165627,0.0479396599480121,186,0,9.891985583985964,18719,0,1364,382,4.669917457937603,127579,0,2777,35441,13935,128943,314,299
58644,FIRST COLONY BANK OF FLORIDA,307755,281613,5354,1.7390784638161891,21.95,0,0,40,0,8.537302290859888,27447,13.623680972192798,3065,0,3.35475517079597,193012,0,1236,127349,24783,196077,0,0
58647,FIRST FOUNDATION BANK,12611947,9903836,-87433,-0.65733036466472,-7.78,0.18118166599660823,0.472203062699201,17068,12900,8.670438118660574,1147475,13.030280033391515,32302,20699,1.5073280110881846,9194910,0,152,896838,1188672,9227212,18414,493
58648,CROSSFIRST BANK,7664652,6723179,82442,1.0926374219980641,11.33,0.09123109633556639,0.5249031528111127,20105,6816,10.430386079282844,797296,12.144871495404333,78961,11112,3.316775619358344,6179301,0,20509,2221047,763080,6258262,6957,1244
58657,PROMISEONE BANK,811450,738666,11123,1.5082508358229032,17.94,0.044320214432145046,0.6594368106476062,6770,0,9.642149807771288,81936,17.35461747289209,5416,580,3.0549659957095257,578983,0,49,249023,62492,584399,263,12
58658,LOCUS BANK INC,337369,236311,3113,0.9653006509965263,4.59,0.0015284431812710685,0.8631498448286595,280,0,21.21687403478245,70478,0,1812,-93,2.9953864684893525,261259,0,0,38231,68953,263071,4,0
58665,LIVE OAK BANKING CO,12855986,11820718,84533,0.7067386260963654,9.33,0.48085316277635454,2.87634880747381,31820,0,8.042303198659432,1020820,12.22226577917876,167516,97118,3.3576551757669404,10411860,0,0,3979998,970430,10579376,48079,1387
58668,SPRING BANK,472149,374851,7713,1.7345712440336867,10.29,0.060803891449052745,1.6984045290787442,93,0,18.03191838793281,85091,0,3606,455,4.431610089800767,304665,0,0,188367,78813,308271,194,23
58675,HANOVER COMMUNITY BANK,2310919,1955066,13537,0.5863584192397292,6.33,0.08125727399753264,0.708289645807577,14560,0,9.130468627662184,201743,14.576186557434651,22779,4940,2.454373496303685,1975149,0,503,529738,219674,1997928,1647,18
58678,GATEWAY COMMERCIAL BANK,208720,169249,1726,0.8568912224749761,8.24,0,0,559,0,12.550441601949139,26374,0,1395,175,3.0736562679449992,130718,0,2596,60168,21160,132113,0,0
58680,GREAT NATIONS BANK,108618,96862,-106,-0.10487635473536529,-1.09,0.7617834209767783,0,0,0,9.1331780414886,9959,13.285178190380417,874,831,3.74093099831653,90811,0,69,24691,9525,91685,629,0
58687,TOUCHMARK NATIONAL BANK,448834,390536,3786,0.7791354683209197,7.11,1.2653947901142484,5.133078153615814,14825,0,11.561293499960424,52584,42.58476241374432,2358,2576,2.657188976009063,377061,0,0,354232,51824,379419,5255,23
58689,SOUTH ATLANTIC BANK,1784242,1465689,11754,0.6826844075555054,8.96,0.0035330110906035875,0.0030825414938108167,0,0,8.487680019056462,153929,11.736000028248887,12251,1432,2.835529565520359,1325071,0,5528,511593,137613,1337322,44,0
58691,BLUEHARBOR BANK,507232,440733,6787,1.4500723861093876,12.98,0.0005110003035341803,0,0,0,11.978654597752517,58969,14.13958603249231,4132,719,3.9486228101859804,428625,0,1423,180996,55190,432757,17,15
58692,INTRACOASTAL BANK,552289,486914,5789,1.077486725452883,18.02,-0.000253060513854557,1.2580370059878072,1799,0,9.106174701424017,52168,11.87997562998327,5837,180,3.0801883441191653,412951,0,127,299764,32983,418788,70,71
58694,PRIME MERIDIAN BANK,923785,821869,8964,1.0036606068586162,10.7,0.13354840736977722,0.3245343884128883,4456,29,10.27662240950288,96186,14.876520069955673,5632,1113,3.559881628446946,702642,0,2618,214532,88696,708274,929,11
58696,FVCBANK,2193460,1871780,16495,0.7406541967949856,6.99,0.04509621599799,0.5862883298532912,6868,1619,11.739583598139157,258608,14.733628946887341,18129,6,2.673655872060412,1852106,0,686,868199,245064,1870235,969,129
58712,FREEDOM BANK,768667,644790,3859,0.5171506673374393,5.16,0,0.2638333634720887,754,0,9.90699219398771,76352,13.227543575591113,4200,50,2.5800369208582823,662989,0,6,275285,76352,667189,0,0
58716,THIRD COAST BANK,4936896,4312669,54818,1.1887945283442856,10.02,0.08929238273604809,0.5835245465977003,6816,1173,11.373905564346762,544826,13.294797687861271,40304,5701,3.817049297189966,3926121,0,463,1100253,568177,3966425,4316,923
58722,MEADOWS BANK,1316658,1120948,21501,1.7053750286331049,12.42,-0.002581978714523612,0.9011451720948036,1493,3020,13.79793799560911,183642,0,14137,117,4.762258973659633,1157469,0,0,859888,182231,1171606,0,29
58723,BLACK HILLS CMTY BANK N A,477951,432920,4125,0.8508565082581555,9.09,-0.0023863913646042082,0,0,0,10.997569231279762,53025,0,4947,152,2.7876317295611917,338043,0,309,136152,42301,342990,4,12
58724,NEBRASKA BANK OF COMMERCE,194676,168095,1077,0.570159835336569,5.44,0,0.049826378187347184,0,0,10.316062467135323,20207,13.907853035864159,2169,26,2.719064342698578,171667,0,469,82500,20470,173836,0,0
58727,ACCESS BANK,952234,795773,9929,1.0214738935181622,9.92,0.0850890556659342,0.029404537120077626,167,280,9.641510868521305,96375,12.729282268043937,10251,309,3.3138624865479325,724545,0,759,303295,97958,734796,619,13
58732,COMMUNITY STATE BANK,189985,162968,3781,2.166143988706948,16.9,0.0709780779136501,0.5932047266889492,1468,82,13.308575032205555,24691,15.867221979010141,3533,480,4.410553894477982,151059,0,642,22666,24005,154592,127,29
58739,TEXAS SECURITY BANK,1164978,1059096,9408,0.7956137058668223,10.25,-0.030860168104169243,0,7239,0,9.586851006906697,118609,14.710870068604795,10783,-426,2.9372588645967297,850793,0,398,416245,94802,861576,189,458
58741,FIELDPOINT PRIVATE B&T,1296923,901442,-17170,-1.3275862842166615,-22.99,0.19877492555641887,1.5391044803739313,7168,0,6.047241441976534,81858,10.7138164340299,11118,1585,0.9132768329941249,916483,459,52471,279566,71723,927601,1868,24
58745,FIRST NM BANK LAS CRUCES,152704,127753,2524,1.6288641963517054,12.64,-0.003769715612654181,0,0,0,13.564985837173177,20784,0,1704,15,5.426719542395542,85457,0,1602,36030,20479,87161,10,13
58752,NORTHWEST BANK,1438137,1096303,24351,1.7570250335841364,13.42,-0.07313578752866048,0.652163180559293,375,0,13.790553279450574,196542,0,13898,2673,4.762246703031325,825167,0,0,384521,195295,839065,233,818
58764,MINT NATIONAL BANK,445471,368594,5520,1.2910396236900157,9.04,0.26884930714117233,3.4026906353051043,493,0,14.929209774211106,63363,0,8580,3000,4.414259814044579,340977,0,229,210225,63363,349557,905,0
58768,GUADALUPE BANK,234022,205844,4634,1.8683449785708814,21.06,0.008949610534007467,0.2875798001897258,34,0,9.082238802902303,22093,13.588704906672374,1989,0,4.842992212523304,184938,0,1430,57218,22093,186927,32,15
58778,LIBERTY BANK,186794,146933,322,0.17259881282033965,1.85,-0.1909723922475002,0.12580703876998192,0,0,9.982171781408647,18365,15.81222527138937,1158,-265,2.519337369752427,141561,0,6322,44042,17950,142719,24,297
58780,SPRING BANK,378024,286541,3789,1.010792457017978,8.46,-0.005340995882092175,2.723372061033162,1772,1,12.563368209802345,48078,0,4692,445,3.119115173474421,313168,0,18,149961,45256,317860,0,16
58783,OAKWORTH CAPITAL BANK,1787764,1605879,17783,1.0637987311704094,12.35,0.03556493943068534,0.3186662221635518,0,0,9.504980183413581,166102,11.589922873452615,16330,2922,3.5627615146608527,1438908,0,596,423966,156768,1455238,480,0
58789,GRAND RIVER BANK,523741,436705,776,0.14317575635914387,1.64,0.008895210778084302,0.08782967153612185,259,0,9.189428641444703,48749,12.091577048513393,5140,-377,2.5527212610977172,475346,0,822,277977,48312,480486,44,0
58796,PARKSIDE FINANCIAL B&T,1118316,972482,9263,0.8979083185491399,9.14,0.4353394271421851,0,0,0,10.511433848443376,118662,13.723598561517006,13550,4845,3.9438406391172043,772871,0,0,247574,111834,786421,3385,0
58806,GENUBANK,204046,157854,1466,0.8328352985822484,3.73,0,0.15045626966468345,1859,307,19.83050748260302,33883,0,985,112,3.9272845309150206,130991,0,0,62281,40514,131976,0,0
58811,ONE FLORIDA BANK,1833147,1646905,15400,0.8834860846352133,10.37,0.01031112949438198,0.021874950563157237,0,1,9.289308379394685,172430,10.527827398978912,12511,2201,3.1351584118411537,1486918,0,233,680147,162131,1499429,153,13
58816,ROYAL BUSINESS BANK,3985037,3117791,32075,0.8128272374035853,5.35,0.12901784518788317,2.0377727985963494,21990,0,13.962835616887064,549889,22.994248670869815,47729,9856,2.913235700044657,3016751,16,5384,609194,602609,3064480,4082,141
58826,REDSTONE BANK,235910,199359,1294,0.5071908213355659,4.27,0,0.9134839557458353,0,0,11.636079656384226,29800,16.55294570658452,2837,71,3.6202267572914884,157795,0,97,85737,30871,160632,0,0
58827,OAK VIEW NATIONAL BANK,694438,589018,6756,1.0475867360261295,13.87,0.004464678651564997,0.00244802271765082,48,17,7.836901150684142,54383,16.557320987760757,3004,195,3.062343476401007,317461,0,2780,107496,51870,320465,21,7
58852,LIBERTY CAPITAL BANK,425801,373609,5785,1.4114190018718074,11.92,0,0,34,0,12.070205627557826,53029,15.553975897616038,3777,446,3.6984207845134995,345115,0,0,114641,50495,348892,0,0
58857,NEW HORIZON BANK NA,198682,176889,-2132,-1.3974170070631171,-12.27,0.14008290832870715,0.24612194360837922,221,87,11.704516239609221,20487,0,1145,374,3.1967043881969555,88254,0,2443,42628,20308,89399,123,15
58859,CORNERSTONE BANK,223187,187601,1610,0.7336035059868424,7.28,-0.008889847675423366,0.863401542204519,502,0,9.988661929079028,22377,0,1454,116,3.564565062579871,171000,0,8809,56997,22331,172454,51,66
58864,COASTAL CAROLINA NB,1089131,990853,9413,0.9122071595033903,10.75,-0.005131066203018519,0,109,0,8.788871200478967,95565,12.890850487688258,8561,700,3.274222526162214,829079,0,28107,327689,92688,837640,6,47
58892,GUARANTY BANK,2340232,1824401,26139,1.118778887021523,7.09,0.002647329396166226,0.5217431434148408,456,4188,12.14748386884045,272621,14.255849612585395,22632,1428,2.7719781999168136,1791990,0,14344,642187,381636,1814622,169,121
58927,EVERCORE TRUST CO NA,14733,0,791,5.544340707096196,5.83,0,0,0,0,100.20106276030447,13954,751.4270328486806,0,0,5.418996441797982,0,0,0,0,13958,0,0,0
58935,R BANK,958472,852407,-606,-0.05984458184339087,-0.67,0.3798371387453342,1.735261958617466,1910,28,8.995248266622607,90374,12.75868506659574,9078,2248,3.439746916532043,800824,0,1689,336916,89045,809902,3237,36
58952,NEW HAVEN BANK,199743,145046,-3973,-2.0523708421797595,-21.41,0.025261395295125274,0,1761,0,8.305877919736835,16311,11.794135898231461,1935,47,2.504141400995701,167822,0,0,63187,15637,169757,73,31
58961,LAKESIDE BANK,365451,268693,1603,0.45169129224849275,4.82,0.6507631230412685,0.630453877537618,2537,0,9.525937303637507,34110,14.5918189518564,1795,428,2.767456469411917,238801,0,2840,122094,33895,240596,1887,296
58979,BANKUNITED NATIONAL ASSN,35206606,28172154,276296,0.7798177424116045,8.77,0.15764190527538,1.369796906864581,202961,226663,9.671676844788644,3444674,14.593307401402669,223153,55072,2.8214577890259767,24074827,0,0,6439968,3233365,24297980,59951,21428
58999,CANANDAIGUA NATL TR CO OF FL,6572,0,599,11.419094097910628,12.91,0,0,0,0,89.9672250546249,4941,206.82293846797825,0,0,1.0608672589842196,0,0,0,0,4940,0,0,0
59025,BROWN BROTHERS HARRIMAN TR N,18366,0,5833,36.88877083807645,68.6,0,0,0,0,40.493812883080835,7003,0,0,0,3.3899061085215996,0,0,0,0,6980,0,0,0
59043,STIFEL TRUST CO DELAWARE NA,348675,329966,7760,2.4692080842381796,38.28,0,0,0,0,10.758049757641706,34801,46.4099965326861,0,0,3.189322098073719,0,0,0,0,16805,0,0,0
59046,NEUBERGER BERMAN TRUST CO NA,27894,0,1490,5.51011049805482,8.28,0,0,0,0,76.4869850379176,18659,147.5836431226766,0,0,4.712164698090297,0,0,0,0,18659,0,0,0
59047,NEUBERGER BERMAN TR CO DE NA,8644,0,352,4.231888239678762,5.03,0,0,0,0,94.42834562697577,7169,166.33410672853827,0,0,4.91755149973088,0,0,0,0,7169,0,0,0
59052,NBH BANK,9771263,8371933,130362,1.3166294842711348,11.29,0.12740029312184728,0.5280381870798074,23164,14940,9.528923179119671,921509,12.99532257318052,94453,6754,3.8904378084995117,7681035,588,7429,2305723,1188263,7775488,10778,956
59069,KEY NATIONAL TR CO OF DE,8515,0,1110,14.044233007743307,14.34,0,0,0,0,100.69829039248737,8364,475.49744172825467,0,0,0,0,0,0,0,8364,0,0,0
59070,HARBORONE BANK,5754704,4575127,27489,0.47627984636791265,5.16,0.011550488008118342,0.5119811548951952,25971,0,9.192391852754653,528185,12.254382596288277,56101,8277,2.370951311437969,4833166,0,6171,1756489,537877,4889267,782,222
59074,BANK OF BIRD-IN-HAND,1591727,1330384,8143,0.547901295140964,5.63,0.0008508036846296592,0.012816268116328994,4944,0,9.2248787009547,146968,11.335274208226757,8170,1149,2.4926303004604513,1379255,0,351,253605,146968,1387425,13,2
59086,PRIMARY BANK,708844,603651,10672,1.5147532309152734,11.38,0.06825298973373918,0.7849399867954021,513,486,14.06474435162706,99876,16.454748517291844,5862,633,3.8418962036856157,593209,0,0,335277,99876,599071,644,239
59093,INTERNATIONAL BK OF COM,1587695,1141319,27058,1.7224273175521185,12.24,-0.05459944400662561,0.8590440859233038,294,2,14.472180802924065,240023,21.824578243039994,18102,3601,4.144736098314922,599904,0,1111,260343,223170,618006,936,1268
59098,INFINITY BANK,332666,285076,4207,1.3165809079181998,12.08,0.47532872130847115,0.6153318944526943,281,0,11.946960745700407,40040,18.040210590569206,3702,1588,5.512912333146498,222603,0,1,48021,36264,226305,1058,62
59099,ENDEAVOR BANK,677678,602111,4591,0.7496854129932191,6.83,0,0.42040615159411987,0,241,10.901202410879245,71985,11.89773040043443,7838,1884,4.123637394751388,563979,0,362,312066,71777,571817,0,0
59105,WINTER PARK NATIONAL BANK,839888,789330,8494,1.0417037141508103,19.72,0.5996074009696382,0,187,0,6.148152874369935,52998,11.382044669885909,5737,3282,2.5809856360002548,456561,0,1397,178722,42201,462298,2722,12
59106,BEACON COMMUNITY BANK,781742,609147,1876,0.2635891000005901,3.67,0.002076482936261877,0,1024,0,7.964424108177442,59111,10.237559413492695,5850,294,2.3706414996152487,686386,0,82,197648,55004,692236,22,9
59108,CHARLES SCHWAB TRUST BANK,10104057,9301602,176391,1.7788194957914858,22.48,0,0,0,0,12.809412139031446,1304385,89.7678973534545,0,0,2.1262665238741905,0,0,0,0,778636,0,0,0
59112,STUDIO BANK,1020018,847499,8434,0.841296758104738,9.29,0.025689147613003924,0.7106737332086296,1678,25,9.65484074196977,100378,13.10328411094755,9022,579,2.8348899794206113,752134,66,244,306406,93955,761156,200,5
59113,GRASSHOPPER BANK N A,867486,801890,147,0.01782114120769146,0.26,0.11184692498262261,0.6774749102579177,2319,0,7.912069360258458,68425,11.357334389664208,5951,909,2.7793103430765553,637913,0,104374,225665,57738,643864,680,0
59114,COMMERCEONE BANK,776451,701058,9833,1.4594026912495799,14.23,0.053446138390108415,0,0,0,10.578717938206315,77414,13.210890079021862,7325,1295,3.581574693758407,603120,0,1305,193010,73940,610445,564,268
59117,LEXICON BANK,287495,256399,2193,0.7732024189635915,8.12,0.14117428412128835,0.15826362197603439,0,0,10.45480924679775,30265,0,2645,450,3.9166916767628805,169743,0,0,122507,27977,172388,237,0
59138,MI BANK,275784,251704,1284,0.5306223654847508,6.12,0,0.08702462796971543,2307,0,8.664286864355196,22063,11.030328582064783,2370,400,3.0762737177299737,203519,0,0,70010,21675,205889,0,0
59140,GULFSIDE BANK,291658,262549,3578,1.2622690220554877,14.69,0,0.0493728956517565,0,0,10.666844388945208,30410,0,2367,165,3.745686470576018,212560,0,106,103061,26218,214927,0,0
59143,NEW VALLEY BANK&TRUST,325118,271814,-1543,-0.4587314158776367,-5.79,0.11840389905268688,2.205353133323901,2524,0,8.634592464236778,29051,11.851562813392313,5120,2589,2.6506816448182184,249431,0,7,122266,26480,254551,346,57
59144,OHIO STATE BANK,458853,384457,400,0.08856980141764824,0.84,0,0,0,0,10.640346758486366,48949,0,4422,-421,1.2880539276707832,399636,0,0,140375,48071,404058,0,0
59148,WATERMARK BANK,361836,307897,3448,1.0110849868541358,7.48,0.42170398378259194,0,0,0,12.891369784102618,47667,16.52288294647011,3834,700,4.0767087322882265,284466,0,332,77143,48309,288300,1570,388
59149,GENERATIONS COMMERCIAL BANK,18151,8964,219,1.1916940556776876,2.45,0,0,0,0,56.55862888172408,9999,237.33681462140993,0,0,2.0014192890249043,0,0,0,0,9014,0,0,0
59154,PIERMONT BANK,550679,406656,-5340,-0.9444493966135652,-7.84,0,1.2397422091635963,0,0,12.657965910947341,69734,21.447063593188926,5167,447,2.9198057890879947,304059,0,0,46124,63402,309226,0,0
59157,AMERICAN BK OF THE CAROLINAS,197025,172404,2318,1.285294303562339,11.33,0,0,0,0,12.670553966684817,23968,0,1289,275,4.51580327548436,126978,0,776,39027,21298,128267,0,0
59176,MILLYARD BANK,237381,196927,262,0.11340901437177897,1,-0.019401888288777706,0,0,0,12.230542019377644,27784,0,1696,212,2.5273672042068207,179056,0,0,85549,27230,180752,0,32
59177,SQUARE FINL SERVICES INC,931097,298288,167944,20.7618992989039,33.55,7.0400441952377015,0.645582576251454,516,0,64.74947082857034,591917,125.79998527602201,23150,29595,15.875264373308898,416866,0,0,0,591690,440016,27311,3659
59178,TANDEM BANK,232788,201477,2225,0.9656372033757809,9.54,0.08829221662907381,0,0,0,10.909067658981343,25593,15.608600440215293,2488,103,4.039757032270744,166609,0,34,90409,24623,169097,151,1
59181,GULF ATLANTIC BANK,172951,155707,648,0.41034006299479864,5.24,0.04821559986127442,0,0,0,8.443000208155052,14602,10.741705143348009,1404,368,3.7370052413169583,131493,0,12522,48885,13131,132897,78,21
59182,LOYAL TRUST BANK,192556,138256,-91,-0.046004531699144514,-0.38,0,0.09088265231932528,0,0,12.958681444822862,23933,18.447869446962827,1502,12,2.2791346223561146,137759,0,1619,85359,23561,139261,0,0
59183,TRUSTAR BANK,941842,794108,2081,0.24183855875840246,2.76,0,0.028561053764856525,1215,0,8.796267536089696,82126,12.061446977205154,7645,1587,2.527202192845627,753715,0,879,296428,81407,761360,0,0
59185,GULF CAPITAL BANK,538925,434090,36,0.006560125371284873,0.05,0.4298087445343126,0.8255323096905878,14,0,14.050097035129848,76234,22.018330765765516,2684,459,2.3030148832195687,206815,0,12,49843,69254,209499,912,0
59188,TRIAD BUSINESS BANK,525161,455447,-4297,-0.8200190758917444,-10.47,0.2769090073672224,0,6811,0,10.517996982541849,57096,12.482382101835501,4086,3787,2.207333041482706,369588,0,0,193084,42224,373674,998,0
59190,VARO BANK NATIONAL ASSN,447615,336750,-64974,-13.682043576005315,-74.74,19.3201220154838,0.052947287289299955,2308,237,14.496629582945141,52904,0,4967,14627,2.63485419512642,72137,39428,0,0,60068,77104,16703,3871
59193,FOUNDERS BANK,338666,267170,2197,0.6951651689659537,4.45,0,0,0,0,15.007482321748519,51848,0,2631,178,3.530342527124842,273076,0,806,132248,50655,275707,0,0
59194,ADP TRUST CO NATIONAL ASSN,31994,0,25276,65.70075432659065,73.94,0,0,0,0,55.37864954143499,26991,404.2989814260036,0,0,4.841879156610153,0,0,0,0,26991,0,0,0
59195,FWBANK,171814,148803,1257,0.8060482474702781,6.27,0.9134583461199556,1.1192335898122387,0,0,13.111633440701082,22592,0,1651,1999,5.424100791451064,124846,0,0,75015,20992,126497,1027,9
59199,RIVERSIDE BANK OF DUBLIN,219766,191237,223,0.1147563254921657,0.99,0.011679356184710861,0,0,0,10.67378221020735,22861,0,1505,117,2.121849224384113,178984,0,685,58052,22717,180489,19,0
59203,SCOTTSDALE COMMUNITY BANK,75509,55441,-947,-1.4950349683469364,-7.02,0,0,0,0,20.203518868207297,13481,0,649,248,3.29120932807869,54100,0,0,11293,13084,54749,0,0
59204,LEGACY BANK,74737,56519,-3459,-5.063828541312877,-26.47,0.014821967002066606,0.9660542970683864,0,0,16.415228860687296,11512,0,732,298,5.024209521278732,61408,0,19,32696,11512,62140,7,0
59205,NELNET BANK,1449034,1254622,-4937,-0.40603474380992344,-3.29,3.8157496492507157,0.17018234216726455,6869,2466,12.365057025062894,174043,0,16202,26916,3.400293694130394,624858,0,636355,0,178494,641060,21585,1111
59206,ROCKPOINTBANK NATIONAL ASSN,306856,255762,615,0.22412275075509325,1.63,0,0,0,0,13.001721159238022,40112,17.234250412462657,2238,382,2.4634086594402596,242776,0,391,96133,38249,245014,0,0
59209,CRAFT BANK,263368,227288,4063,1.6998520630840497,14.48,0.0010332361058157762,1.884815163573403,9,0,12.11458552440975,30525,14.760998495175711,2808,866,5.263867801522441,207015,0,2601,78927,30213,209823,34,32
59219,CLASSIC CITY BANK,229065,201179,3831,1.725991329945927,16.36,0,0,0,0,11.127347117702929,25891,0,1530,25,4.81440193951621,151613,0,207,53632,25580,153143,0,0
59239,AGILITY BANK NATIONAL ASSN,103622,69239,-5348,-6.205918598957016,-16.2,0.5988062716055776,0.09264441913879291,379,84,31.15657045096546,29867,0,1596,1287,5.469168369067217,83882,0,39,39399,29845,85478,370,0
59245,GENESIS BANK,184914,131088,-6363,-3.2966486403591033,-13.84,0,0,0,0,21.51652592277044,42933,42.60206292797088,1650,-86,3.2603289000679867,136675,0,0,20388,42933,138325,0,0
59249,FIRST BANK OF CENTRAL OHIO,195758,166770,581,0.35034020989056847,2.29,0.32521613789762344,0,0,0,13.064815056514135,25025,0,2135,1199,3.3143424387109195,154475,0,7,44391,26118,156610,435,0
59255,CHILTON TRUST CO NA,24168,0,5527,20.573083394130695,28.55,0,0,0,0,60.919027436984166,16386,182.10713491887086,0,0,5.341941381477461,0,0,0,0,16398,0,0,0
59257,CLIMATE FIRST BANK,889374,785820,3359,0.4677407855482997,5.26,0.01260441612906922,0,0,0,9.169841086159217,77657,10.243271614907421,7575,2651,3.1911413627305847,761700,0,103336,271793,79389,769275,77,0
59262,INTEGRITY BANK FOR BUSINESS,89649,56358,-288,-0.3100207756978159,-1.36,0,0,0,0,25.646087146075036,21177,42.024178670958115,229,32,3.253623658971873,45753,0,0,22445,21179,45982,0,0
59265,WATERFALL BANK,284367,240752,614,0.26165850581913175,1.48,0.000480596862855918,0,0,0,15.307855015324403,42554,16.31064605791432,1784,458,3.4371882555283415,251534,0,310,137671,41710,253318,1,0
59273,GAINEY BUSINESS BANK,52055,37361,-2686,-6.0399726559689135,-25.89,0.830793963097152,0,0,0,19.276240518666047,9098,0,834,308,4.397101628785533,44235,0,0,14786,9098,45069,277,0
59276,ANCHORAGE DIGITAL BANK NA,58184,0,21276,43.11770428015564,51.28,0,0,0,0,91.00131406044679,51939,0,0,0,2.0734626092902846,0,0,0,0,52477,0,0,0
59278,LOCALITY BANK,281204,242979,-202,-0.08665741748883965,-0.64,0,0.4004210466422953,667,0,11.656890644055986,30108,0,3195,1877,3.441268516217691,205547,0,0,138892,32027,208742,0,0
59281,GULF COAST BUSINESS BANK,111680,94322,-2200,-2.30807806339661,-12.69,0.013071857452846907,0,0,0,15.845301971847094,16626,0,1137,572,4.219194794631965,86331,0,0,52511,16429,87468,11,2
59283,INTEGRO BANK,111773,83617,-3911,-5.028957330370735,-23.29,0,1.337532319969939,0,0,15.699852423657623,15213,0,747,455,4.1942122568098625,85719,0,0,50856,15128,86466,0,0
59285,MOULTRIE BANK&TRUST,130324,110804,-366,-0.35962881589755885,-1.91,0,0,12,0,17.30777870627454,19262,0,242,44,3.4499489665452208,20285,0,117,6595,19262,20527,0,0
59287,ENTREBANK,362375,320980,2256,0.7979073324005551,6.36,0,0,0,0,10.89420561852547,36860,0,3115,1495,3.530318205220596,287812,0,4,122616,36860,290927,0,0
59289,WALDEN MUTUAL BANK,123766,107030,-3355,-3.2275566962902817,-18.8,4.39218250008602,1.805019149039316,2590,0,13.035972642378008,15858,0,575,2663,3.8199755427196345,85644,0,0,20876,15858,86219,2553,0
59290,BEACH CITIES COMMERCIAL BANK,130786,112892,-4524,-5.398426294297763,-26.31,0,0,0,0,14.155012903766782,15193,0,1214,927,4.0009949098802595,104434,0,0,61743,15232,105648,0,0
59292,ADELPHI BANK,68154,47670,-1707,-3.080259990544486,-8.49,0,0,1857,0,29.933856329795418,19460,0,833,476,5.658043632727177,50986,0,962,16766,19460,51819,0,0
59296,BANK IRVINE,213107,182330,570,0.2885517839081251,1.96,0,0,0,0,13.81406252193321,29523,0,2049,565,3.343404365669031,172513,0,0,50016,29523,174562,0,0
59298,BANK OF BURLINGTON,261157,236473,-2006,-0.9405035397815181,-7.72,0,0,0,0,9.769920979436032,25185,17.577247799345635,1101,582,2.05742766499991,136473,0,0,67003,23720,137574,0,0
59304,TEXAS TRADITIONS BANK,278816,232603,3029,1.2354108138620516,7.82,0.0027031045155360934,0,0,0,15.033931657825232,40186,0,1709,883,5.791171330007592,199320,0,234,78007,40432,201029,5,1
59305,COMMUNITY UNITY BANK,64276,40698,-2683,-5.7252967210246215,-11.46,0,0,0,0,38.43704322405513,22089,59.02183862952792,493,426,4.066827376205322,38940,0,0,19265,22074,39433,0,0
59306,EVERMORE BANK,196112,155396,2,0.0012913773443341465,0.01,0,0,0,0,20.39003596643133,38267,27.655820699850768,1362,601,3.799049508311498,138212,0,233,86139,38193,139574,0,0
59312,GS&L MUNICIPAL BANK,35123,21047,738,2.106994192918444,5.46,0,0,0,0,39.34947007393663,13997,98.89077292638123,0,0,3.715717179100614,0,0,0,0,13686,0,0,0
59314,ICON BUSINESS BANK,96851,77378,-5804,-9.224763818073162,-31.67,0.49653219800013737,0,34,0,18.981181448013597,15523,0,801,836,4.322318979727989,66369,0,0,21261,15526,67170,188,0
59318,ZENITH BANK&TRUST,91838,68436,-230,-0.3482537346427673,-1.05,0,0,0,0,26.85014076820995,21649,93.16505351127788,191,187,3.7391191946706517,25650,0,0,0,21644,25841,0,0
59321,HIGHTOWER TRUST CO NA,18058,0,309,1.6940417973290058,2.03,0,0,0,0,89.01515151515152,15275,0,0,0,4.987737330871614,0,0,0,0,15393,0,0,0
59324,NAVE BANK,252788,172469,-10359,-5.736134491007354,-12.47,0,0,0,0,33.02993306108702,78456,120.33673826668088,565,472,3.750340679802211,49591,0,0,23296,78088,50156,0,0
59326,NOVA BANK,46951,21798,-1292,-3.6736898973527823,-5.12,0,0,0,0,63.81568769016555,24749,0,515,515,4.906202821500032,37224,0,1313,4457,24647,37739,0,0
59330,FORTUNA BANK,21955,582,-443,-2.017763607378729,-2.21,0,0,0,0,92.95623335980196,19901,0,0,0,0.26182042199291544,0,0,0,0,20011,0,0,0
59337,DAYFORCE NATIONAL TRUST BANK,17662,0,3449,21.02920553624779,24.87,0,0,0,0,86.78320899677097,15588,0,0,0,5.243307883359397,0,0,0,0,15588,0,0,0
59339,ALTOS BANK,26530,578,-3861,-14.553335846211834,-16.13,0,0,0,0,85.40893519840137,23935,0,0,0,0.49959382615759546,0,0,0,0,23935,0,0,0
59342,INTEGRITY BANK SSB,46602,7926,-589,-1.2638942534655166,-1.55,0,0,0,0,117.65637125562627,37903,220.15490434078956,146,186,1.089395291001,9573,0,0,7284,37899,9719,0,0
59344,TIAA TRUST NATIONAL ASSN,230125,0,89090,37.47743109015617,44.66,0,0,0,0,78.13046385394561,188128,253.1392125729971,0,0,4.513932104327739,0,0,0,0,188128,0,0,0
59346,BESSEMER TR CO OF NEVADA NA,10301,0,-2506,-21.401974515765378,-27.53,0,0,0,0,74.07337188359087,7814,0,0,0,4.631416441528368,0,0,0,0,7814,0,0,0
59349,INSPIRE TRUST CO NA,10319,0,864,9.34559221200649,9.46,0,0,0,0,102.15820116442482,10177,323.901973265436,0,0,4.22513571648059,0,0,0,0,10177,0,0,0
59352,FOUR STATES BANK,52159,29295,-1707,-4.42010409383982,-7.58,0,0,0,0,61.93289488351355,22224,0,280,311,1.655780671464825,22519,0,0,10215,22224,22799,0,0
59357,PREFERRED LEGACY NATL TR BK,7004,0,-567,-6.927306047648137,-7.06,0,0,0,0,89.86229508196722,6852,97.82981153626498,0,0,4.245877061469265,0,0,0,0,6852,0,0,0
59358,GALA BANK,10370,0,-1386,-13.365477338476376,-13.44,0,0,0,0,100.23433520122262,9838,266.1076548552881,0,0,0,0,0,0,0,10309,0,0,0
59363,PAYCOM NATIONAL TRUST BANK,11505,0,1883,18.764324862979574,21.26,0,0,0,0,114.95921305182341,9583,425.7219013771657,0,0,2.4603914259086674,0,0,0,0,9583,0,0,0
59366,FUNDBANK NATIONAL ASSN,26027,0,-5966,-22.922349867445348,-22.92,0,0,0,0,113.06377858002408,23489,520.820399113082,0,0,2.3461060847968778,0,0,0,0,26027,0,0,0
90040,HOME LOAN STATE BANK,201468,186648,535,0.2731216631935121,4.35,0,2.040026207635952,0,0,8.285169386655797,17073,16.579822964404546,1600,766,3.1875165957639138,82913,0,582,17621,11915,84513,0,0
90140,ADAMS COMMUNITY BANK,1035000,818948,2574,0.25329430200002123,2.78,0.0017671849309549067,0.2361352657004831,2162,0,9.470815706329006,97451,15.702629719902262,5242,260,2.2111974748010077,860517,0,1532,71468,95830,865759,51,36
90141,BANKPROV,1593077,1327655,7128,0.4337051710214852,3.56,0.10074671614204891,1.3111105112935533,404,0,12.744949244174464,204059,0,21087,1003,3.294255559339564,1305508,0,0,462687,205140,1326595,2275,904
90146,ATHOL SAVINGS BANK,640760,521974,4542,0.7155584333334909,7.14,0.028528904615783352,0.062269804607029154,613,0,12.100531213320265,80000,17.176186970626066,4652,-75,2.250995113685411,423800,0,20285,61964,64496,428452,181,63
90169,BLUESTONE BANK,1573103,1270798,4659,0.3029151634688604,4.16,0.0004436254920693958,0.03973039273334296,1212,30,9.252715873114408,149052,13.873986176600155,7085,-560,2.1892840494179255,1140158,0,21786,264946,112635,1147243,19,14
90173,EAST CAMBRIDGE SAVINGS BANK,1642782,1304993,2513,0.1558043796344518,1.78,0.011039341208163526,0.34654628550836325,2176,0,9.236436467739203,148863,14.631354432501908,7802,420,2.1080830313382135,1304600,0,9358,230320,144164,1312402,150,3
90175,BANK OF CANTON,735060,618906,7026,0.9311562001935468,6.89,0.12903029371379263,0.14475008842815554,94,0,14.612161007900918,109486,23.73336074420517,5003,0,3.9351066090867257,522839,0,1021,172915,105997,527842,832,137
90181,CLINTON SAVINGS BANK,741986,604383,-1351,-0.18370639828580582,-2.21,0.14959533895590743,2.038717711654937,2111,0,10.264958191653484,78580,16.03217117835593,6979,2843,2.4777838243210937,528651,0,6457,116420,59198,535630,826,32
90183,MIDDLESEX SAVINGS BANK,6076219,5229615,12458,0.2024984189258943,1.84,0.3454526548159734,0.0513312637348983,8481,0,12.53828216946023,768655,17.80323720180536,34521,106,1.946491955222985,3582272,0,12407,1194696,706227,3616793,13726,969
90188,BANKESB,1994486,1677759,11033,0.5577407521093347,5.87,0.3559763701847927,2.1443118678195785,314,0,9.809694017539202,196997,12.28858225630718,17959,4200,2.5684835884124055,1661845,0,721,616263,191785,1679804,5778,14
90190,MARTHAS VINEYARD BANK,1308520,1031745,3629,0.2741405327920121,2.75,0.004423912862448578,0.008253599486442699,1021,0,11.044029736503989,145008,0,8838,-295,2.317730387623039,1128916,0,4335,226222,132276,1137754,61,10
90191,EAGLE BANK,629631,535380,971,0.1558418880525606,1.58,-0.005303007743615077,0.10529977081814587,341,233,11.151097194420217,71082,0,4528,10,2.7433442158305046,502833,0,723,154667,62692,507361,4,30
90196,BAYCOAST BANK,2921141,2340344,11231,0.3829988217781772,4.58,0.017784219524740682,0.18636553319404986,6573,0,8.137601513086897,235950,11.760543504828318,24873,4981,2.6757753484401405,2334264,1562,119059,776615,252263,2359137,507,80
90203,CAPE ANN SAVINGS BANK,992369,754813,6645,0.6787728277584072,3.5,0.0010313428024353833,0.3305222150228393,1768,0,19.74962488746624,197437,27.81687688220873,6055,250,1.8589677463723264,685099,0,1855,103069,192517,691154,10,3
90206,GREENFIELD SAVINGS BANK,1234998,1029324,3389,0.28648625161861774,2.78,0.0053708969569786855,0.28599236597954003,4773,0,11.540074778727712,140866,19.339588371441323,8017,494,2.722304093195552,979536,0,1349,148348,122886,987553,77,27
90208,PENTUCKET BANK,1075665,838549,3391,0.3216116585222063,3.22,0.00023734624117131319,0.5908902864739486,1568,0,11.344136569937008,122949,0,7803,540,2.387644298551457,858755,0,2735,291015,106482,866558,33,31
90211,HINGHAM INST FOR SVG,4457790,2509181,28191,0.6280810023309245,6.74,0,0.034142478672167145,5657,0,9.867122762040207,431755,13.897110457694145,26980,328,1.0195698748887618,3873680,0,184,1162728,431755,3900660,0,0
90213,PEOPLESBANK,4313700,3364021,22754,0.534167166856601,6.44,0.29157142090585453,0.27044068896770757,7407,0,9.020729518389558,390346,11.855939052214335,16167,9819,2.612814145384947,3377756,0,353053,860879,364529,3393923,10598,915
90215,AVIDIA BANK,2662177,2079844,12595,0.47574964848541257,5.99,0.05286034103660654,0.16291178234955828,3969,0,8.38718769428472,225561,11.866905756214688,21742,1780,2.991797638358346,2179007,0,2480,521586,216043,2200749,1573,430
90227,LOWELL FIVE CENT SB,1662732,1428671,11548,0.6998820964123346,5.85,-0.00024233913487836916,1.1591164420965014,16449,0,12.973595686286865,218250,17.58806422036949,14856,1427,3.3532524611333505,1281818,0,819,459953,204516,1296674,25,28
90229,WASHINGTON SAVINGS BANK,289680,230196,111,0.03872296543957892,0.42,0.0030178969914153764,0.27375034520850594,337,0,10.015627469227933,28520,17.75883700793431,1549,-66,2.2511546388987007,233280,0,234,27733,26709,234829,7,0
90234,MARBLEHEAD BANK,260699,229766,1006,0.3865897176357925,4.26,0.0033706967037475406,0.09666320162332805,753,27,9.834455284996512,25230,16.986486052707605,1201,127,3.9143801663744933,211251,0,270,20034,24284,212452,9,2
90235,MAIN STREET BANK,1614159,1308878,8144,0.493125071147097,5.47,0.001837030958233558,0.70073642063762,1481,0,10.605244145102096,176733,15.47899879895557,12701,-2697,2.6310180323472756,1342083,0,9399,342037,152707,1354784,131,106
90245,MONSON SAVINGS BANK,715970,640601,5108,0.733191919731274,8.23,0.004134653066654202,0.08324371132868696,959,0,9.41795774454507,68594,0,3844,43,3.037050078259076,557670,0,2133,131634,64144,561514,60,37
90250,INSTITUTION SVG NEWBURYPORT&,5342448,3358935,38347,0.7407771439371699,6.46,0.0005421266940227082,0.020608530022192074,7360,655,11.671945283417928,610358,15.379391269608206,14165,150,0.9911453519558343,4090025,0,2785,467510,607031,4104190,22,0
90251,NEWBURYPORT FIVE CENTS SB,1631222,1321413,-1595,-0.09900220672504922,-1.15,0.27464907261907184,1.0352361603754732,1471,0,9.269402332221379,154274,12.545817780117115,18439,9037,2.61841051664788,1345776,0,29359,485736,136595,1364215,4254,527
90253,MOUNTAINONE BANK,983383,759784,8959,0.9031546802848561,6.1,0.24343288735317786,0.17856725202693152,1769,131,14.333208946043255,139813,17.755525865169126,7672,702,3.4855931157611346,732542,0,13641,248190,150636,740214,2366,554
90258,NORTH BROOKFIELD SB,418901,366377,1190,0.28802721687771715,3.48,-0.00035987559820321315,0.2730955524097579,579,0,10.71829230662511,44809,0,1739,180,2.4497816843541926,276693,0,2139,47551,34891,278432,0,1
90259,NORTH EASTON SAVINGS BANK,1699747,1515205,10046,0.613590835447349,6.9,0.023407693663432032,0.4771886639599893,3474,791,8.72325562446679,145603,13.300268664973295,6331,1798,2.8001982530778022,1268727,0,12437,249710,151504,1275058,3169,2880
90268,SEAMENS BANK,467858,413368,2338,0.5119654964160225,4.45,0,0.6309606761025781,556,0,11.539709215568498,55138,0,2100,0,3.5522085410951934,337182,0,39,101695,54234,339282,0,0
90282,CORNERSTONE BANK,1677285,1305792,-2893,-0.17780674367569133,-2.23,0.005663247877188166,0.1438634459856256,2134,0,10.04808394951822,165692,14.546079018834579,11683,204,2.257190108838752,1321880,0,28953,442285,153420,1333563,169,94
90290,UNIBANK FOR SAVINGS,2571840,2121858,18689,0.7184869707775828,10.11,-0.03340963224143593,0.18243747667039942,7888,0,9.106296647426436,245703,14.294107968387587,27096,210,2.6484661639155633,1989930,0,670076,411579,189240,2017026,659,1315
90291,SAVINGS BANK,826779,732042,292,0.03584240829560265,0.38,0.00406623765600375,1.7527053783417335,578,0,9.55027095432005,79693,0,5883,156,2.175291462887107,603416,0,34,79181,76615,609299,76,52
90297,WEBSTER FIVE CENTS SB,1298910,980898,6828,0.5408974905778636,5.11,0.10429154588961201,0.17684058171851783,1515,0,11.534468124100623,148529,0,9013,909,3.172513475506563,999161,0,2066,448217,137099,1008174,1160,142
90300,WESTFIELD BANK,2650986,2264885,13953,0.5370965789954243,5.75,-0.0042654167851504665,0.2010195451805479,2447,0,9.339749845422649,250748,13.651131861813026,19529,-665,2.525839366200903,2050660,0,286,764982,240994,2070189,524,611
90303,SOUTH SHORE BANK,2255062,1989545,8433,0.38183018956942977,4.04,-0.0006004901601013521,0.21298749213990567,3149,0,10.360818448109848,229945,15.20472421499747,15145,62,2.767527675276753,1538141,1207,5030,610748,211361,1553286,204,213
90308,WINCHESTER SAVINGS BANK,895055,663157,41,0.004829134616721008,0.05,0.1929187900575442,0.2161878320326684,498,0,9.28865486747762,81835,0,3635,1776,1.8434738247559714,725490,0,213,92831,80322,729125,1365,38
90311,BAY STATE SAVINGS BANK,555082,496330,3842,0.7054325281879233,8.19,0.04249774647084931,0.4599320460760752,1484,0,8.50060912584558,46960,13.321123510634445,4318,225,2.718967925415054,423484,0,4647,94246,48423,427802,220,35
90384,BANK OF LANDISBURG,399396,337707,4386,1.121968115231702,7.41,-0.014054568190485743,0.48448156716642127,4641,0,16.253036407079733,65437,0,2913,0,3.161219207763507,262602,0,5532,28843,60251,265515,39,76
90544,DEPOSITORY TRUST CO,3379186,0,81635,1.6168753819369224,9.81,0,0,0,0,23.194384867065345,827295,114.80577404510662,0,0,1.120980973409034,0,0,0,0,872689,0,0,0
91005,5STAR BANK,369801,308170,4155,1.1268383330060847,7.22,0.04137876594514831,1.3050262168030913,2516,1515,16.666850135399926,60562,0,3923,225,4.707418508090604,307085,0,984,140179,59899,311008,225,95
91280,BANK OF LITTLE ROCK,298207,268320,16,0.0053606548039843065,0.07,-0.000780128565187543,0.8631588125027246,309,75,6.911953226211229,20381,13.276586206082913,2462,-326,2.109597253564541,136801,0,3768,18780,21585,139263,4,5
91325,CIBC NATIONAL TRUST CO,380398,638,59340,16.556882685529718,23.26,0,0,0,0,64.34252067636406,166097,190.86795226664523,0,-51,5.819282382033738,0,0,0,0,270320,0,0,0
