ZIP,REGAGNT,INSAGNT1,BKCLASS,STNAME,ASSET,MUTUAL,NAME,CHARTER,OFFDOM,CERT,SUBCHAPS,STALP,OAKAR,ID
53946,FDIC,DIF,NM,Wisconsin,263059.0,0,Ergo Bank,0,6.0,10004,0,WI,0,10004
53566,FDIC,DIF,NM,Wisconsin,509650.0,0,Woodford State Bank,0,6.0,10011,1,WI,0,10011
54909,FDIC,DIF,NM,Wisconsin,212581.0,0,The Portage County Bank,0,4.0,10012,1,WI,0,10012
54757,FDIC,DIF,NM,Wisconsin,241081.0,0,Security Bank,0,4.0,10015,0,WI,0,10015
54935,OCC,DIF,N,Wisconsin,2933056.0,0,National Exchange Bank and Trust,13879,34.0,10044,0,WI,0,10044
48858,FED,DIF,SM,Michigan,2203614.0,0,Isabella Bank,0,31.0,1005,0,MI,0,1005
31501,FDIC,DIF,NM,Georgia,334787.0,0,First Southern Bank,0,7.0,10055,0,GA,0,10055
31087,FDIC,DIF,NM,Georgia,84575.0,0,Bank of Hancock County,0,1.0,10057,0,GA,0,10057
31730,FDIC,DIF,NM,Georgia,145493.0,0,Planters and Citizens Bank,0,1.0,10072,0,GA,0,10072
30528,FDIC,DIF,NM,Georgia,73232.0,0,Apex Banking Company of Georgia,0,2.0,10074,0,GA,0,10074
61728,FDIC,DIF,NM,Illinois,47037.0,0,Peoples State Bank of Colfax,0,1.0,10075,0,IL,0,10075
62635,FDIC,DIF,NM,Illinois,38322.0,0,Farmers State Bank of Emden,0,1.0,10077,0,IL,0,10077
49230,FED,DIF,SM,Michigan,159724.0,0,Bank Michigan,0,3.0,1008,0,MI,0,1008
47034,FDIC,DIF,NM,Indiana,507010.0,0,The Napoleon State Bank,0,7.0,10101,0,IN,0,10101
52033,FDIC,DIF,NM,Iowa,489249.0,0,Ohnward Bank & Trust,0,6.0,10111,0,IA,0,10111
50219,FDIC,DIF,NM,Iowa,293411.0,0,Leighton State Bank,0,4.0,10118,1,IA,0,10118
52255,FDIC,DIF,NM,Iowa,28689.0,0,American Trust and Savings Bank,0,1.0,10120,0,IA,0,10120
52747,FDIC,DIF,NM,Iowa,182910.0,0,Liberty Trust & Savings Bank,0,3.0,10121,0,IA,0,10121
50675,FDIC,DIF,NM,Iowa,232530.0,0,Farmers Savings Bank & Trust,0,2.0,10122,1,IA,0,10122
52205,FDIC,DIF,NM,Iowa,175037.0,0,Citizens Savings Bank,0,2.0,10125,1,IA,0,10125
52537,FDIC,DIF,NM,Iowa,267113.0,0,Success Bank,0,3.0,10127,1,IA,0,10127
50010,FDIC,DIF,NM,Iowa,146440.0,0,Exchange State Bank,0,3.0,10132,1,IA,0,10132
41143,FDIC,DIF,NM,Kentucky,244276.0,0,The Commercial Bank of Grayson,0,3.0,10137,0,KY,0,10137
49345,FED,DIF,SM,Michigan,4391138.0,0,ChoiceOne Bank,0,51.0,1014,0,MI,0,1014
42765,FDIC,DIF,NM,Kentucky,24001.0,0,Hart County Bank and Trust Company,0,1.0,10145,0,KY,0,10145
49455,FDIC,DIF,NM,Michigan,391544.0,0,The Shelby State Bank,0,10.0,10157,0,MI,0,10157
55003,FDIC,DIF,NM,Minnesota,471002.0,0,First State Bank and Trust,0,4.0,10159,1,MN,0,10159
56340,OCC,DIF,N,Minnesota,782851.0,0,VersaBank USA National Association,23457,1.0,10160,0,MN,0,10160
55951,FDIC,DIF,NM,Minnesota,105200.0,0,First State Bank Minnesota,0,2.0,10162,1,MN,0,10162
55047,FDIC,DIF,NM,Minnesota,235431.0,0,Security State Bank of Marine,0,4.0,10163,1,MN,0,10163
56364,FDIC,DIF,NM,Minnesota,330978.0,0,Farmers and Merchants State Bank of Pierz,0,3.0,10165,1,MN,0,10165
56751,FDIC,DIF,NM,Minnesota,286018.0,0,Citizens State Bank of Roseau,0,1.0,10167,1,MN,0,10167
55009,FDIC,DIF,NM,Minnesota,473457.0,0,First Farmers & Merchants Bank,0,7.0,10168,0,MN,0,10168
55308,FDIC,DIF,NM,Minnesota,343385.0,0,Sherburne State Bank,0,3.0,10169,0,MN,0,10169
56586,FDIC,DIF,NM,Minnesota,111995.0,0,Farmers State Bank of Underwood,0,4.0,10174,1,MN,0,10174
55746,FDIC,DIF,NM,Minnesota,146163.0,0,Security State Bank of Hibbing,0,1.0,10175,0,MN,0,10175
56045,FDIC,DIF,NM,Minnesota,110591.0,0,Produce State Bank,0,4.0,10178,1,MN,0,10178
56028,FDIC,DIF,NM,Minnesota,78786.0,0,Elysian Bank,0,1.0,10185,1,MN,0,10185
56644,FDIC,DIF,NM,Minnesota,53476.0,0,The Northern State Bank of Gonvick,0,1.0,10187,1,MN,0,10187
56281,FDIC,DIF,NM,Minnesota,296243.0,0,PrinsBank,0,4.0,10191,1,MN,0,10191
56474,FDIC,DIF,NM,Minnesota,183686.0,0,Pine River State Bank,0,5.0,10194,1,MN,0,10194
56323,FDIC,DIF,NM,Minnesota,103054.0,0,Hometown Community Bank,0,4.0,10197,1,MN,0,10197
56145,FDIC,DIF,NM,Minnesota,39845.0,0,State Bank of Jeffers,0,1.0,10200,0,MN,0,10200
56349,FDIC,DIF,NM,Minnesota,86563.0,0,Lowry State Bank,0,1.0,10202,1,MN,0,10202
56035,FDIC,DIF,NM,Minnesota,226753.0,0,Commerce Bank,0,2.0,10212,1,MN,0,10212
55085,FDIC,DIF,NM,Minnesota,936640.0,0,Vermillion State Bank,0,6.0,10214,1,MN,0,10214
55350,FDIC,DIF,NM,Minnesota,310003.0,0,Citizens Bank & Trust Co.,0,3.0,10218,1,MN,0,10218
53818,OCC,DIF,N,Wisconsin,342755.0,0,"Clare Bank, National Association",15649,8.0,1022,1,WI,0,1022
58257,FDIC,DIF,NM,North Dakota,179210.0,0,The Goose River Bank,0,3.0,10236,1,ND,0,10236
58632,FDIC,DIF,NM,North Dakota,120879.0,0,First State Bank of Golva,0,3.0,10243,1,ND,0,10243
58854,FDIC,DIF,NM,North Dakota,6047838.0,0,First International Bank & Trust,0,28.0,10248,1,ND,0,10248
58790,FDIC,DIF,NM,North Dakota,206073.0,0,Peoples State Bank of Velva,0,2.0,10250,1,ND,0,10250
58523,FDIC,DIF,NM,North Dakota,74118.0,0,First Security Bank - West,0,2.0,10253,1,ND,0,10253
44861,FDIC,DIF,NM,Ohio,853794.0,0,The Old Fort Banking Company,0,11.0,10255,1,OH,0,10255
45715,FDIC,DIF,NM,Ohio,329652.0,0,The Citizens Bank Company,0,5.0,10266,0,OH,0,10266
72315,FED,DIF,SM,Arkansas,1303870.0,0,Fm Bank And Trust,0,16.0,1027,1,AR,0,1027
71742,FED,DIF,SM,Arkansas,250512.0,0,FBT Bank & Mortgage,0,5.0,1028,1,AR,0,1028
43724,FDIC,DIF,NM,Ohio,134933.0,0,The Farmers and Merchants Bank,0,1.0,10280,0,OH,0,10280
37402,FDIC,DIF,NM,Tennessee,2302796.0,0,Builtwell Bank,0,36.0,10307,0,TN,0,10307
38017,FED,DIF,SM,Tennessee,1121513.0,0,The Bank of Fayette County,0,15.0,10308,0,TN,0,10308
38040,FED,DIF,SM,Tennessee,134944.0,0,Bank of Halls,0,2.0,10315,0,TN,0,10315
37861,FDIC,DIF,NM,Tennessee,274617.0,0,Citizens Bank and Trust Company of Grainger County,0,5.0,10317,0,TN,0,10317
37208,FDIC,DIF,NM,Tennessee,185762.0,0,Citizens Savings Bank and Trust Company,0,2.0,10319,0,TN,0,10319
78648,FDIC,DIF,NM,Texas,63861.0,0,Citizens State Bank of Luling,0,2.0,10327,0,TX,0,10327
75152,FDIC,DIF,NM,Texas,121297.0,0,Commercial State Bank,0,3.0,10330,1,TX,0,10330
78154,FDIC,DIF,NM,Texas,761914.0,0,Schertz Bank & Trust,0,6.0,10344,0,TX,0,10344
77371,FDIC,DIF,NM,Texas,182477.0,0,Peoples State Bank,0,3.0,10345,0,TX,0,10345
79227,FED,DIF,SM,Texas,56919.0,0,Crowell State Bank,0,1.0,10352,1,TX,0,10352
23181,FDIC,DIF,NM,Virginia,2790564.0,0,Citizens and Farmers Bank,0,31.0,10363,0,VA,0,10363
53574,FDIC,DIF,NM,Wisconsin,824180.0,0,The Bank of New Glarus,0,8.0,10378,0,WI,0,10378
53070,FDIC,DIF,NM,Wisconsin,429931.0,0,Oostburg State Bank,0,4.0,10380,0,WI,0,10380
54143,FDIC,DIF,NM,Wisconsin,173633.0,0,Farmers & Merchants Bank & Trust,0,3.0,10382,0,WI,0,10382
54601,FED,DIF,SM,Wisconsin,537110.0,0,State Bank Financial,0,5.0,10383,1,WI,0,10383
54622,FDIC,DIF,NM,Wisconsin,350631.0,0,Waumandee State Bank,0,8.0,10384,0,WI,0,10384
62401,FED,DIF,SM,Illinois,6539611.0,0,Midland States Bank,0,60.0,1040,0,IL,0,1040
80723,FDIC,DIF,NM,Colorado,112280.0,0,The Farmers State Bank of Brush,0,3.0,10407,0,CO,0,10407
61743,FDIC,DIF,NM,Illinois,323117.0,0,State Bank of Graymont,0,5.0,10434,0,IL,0,10434
62970,FDIC,DIF,NM,Illinois,77512.0,0,First State Bank of Olmsted,0,3.0,10437,0,IL,0,10437
61471,FDIC,DIF,NM,Illinois,255391.0,0,Raritan State Bank,0,3.0,10438,0,IL,0,10438
60957,FDIC,DIF,NM,Illinois,197597.0,0,"Frederick Community Bank, The",0,4.0,10446,1,IL,0,10446
62353,FDIC,DIF,NM,Illinois,130980.0,0,Farmers State Bank & Trust Co.,0,2.0,10458,0,IL,0,10458
62301,FDIC,DIF,NM,Illinois,286643.0,0,Town & Country Bank Midwest,0,6.0,10460,1,IL,0,10460
60955,FDIC,DIF,NM,Illinois,134571.0,0,Federated Bank,0,5.0,10464,0,IL,0,10464
62433,FDIC,DIF,NM,Illinois,53114.0,0,Farmers & Merchants Bank of Hutsonville,0,1.0,10469,1,IL,0,10469
62056,FDIC,DIF,NM,Illinois,644563.0,0,Bank & Trust Company,0,11.0,1047,0,IL,0,1047
61424,FED,DIF,SM,Illinois,53758.0,0,Camp Grove State Bank,0,1.0,10471,0,IL,0,10471
61542,FDIC,DIF,NM,Illinois,215111.0,0,Ipava State Bank,0,7.0,10473,1,IL,0,10473
61048,FDIC,DIF,NM,Illinois,449197.0,0,Citizens State Bank,0,5.0,10474,1,IL,0,10474
62288,OCC,DIF,N,Illinois,279419.0,0,First National Bank of Steeleville,14437,3.0,1049,1,IL,0,1049
52246,FDIC,DIF,NM,Iowa,123935.0,0,Farmers and Merchants Savings Bank,0,4.0,10492,0,IA,0,10492
52314,FDIC,DIF,NM,Iowa,195567.0,0,Mount Vernon Bank and Trust Company,0,1.0,10494,0,IA,0,10494
50583,FDIC,DIF,NM,Iowa,217843.0,0,Iowa State Bank,0,3.0,10497,1,IA,0,10497
72521,FED,DIF,SM,Arkansas,189551.0,0,Bank of Cave City,0,5.0,105,1,AR,0,105
52658,FDIC,DIF,NM,Iowa,133585.0,0,Farmers Savings Bank,0,3.0,10500,1,IA,0,10500
67560,FED,DIF,SM,Kansas,85820.0,0,The First State Bank,0,1.0,10503,1,KS,0,10503
66067,FDIC,DIF,NM,Kansas,199910.0,0,The Kansas State Bank,0,3.0,10505,1,KS,0,10505
40351,FDIC,DIF,NM,Kentucky,227919.0,0,The Citizens Bank,0,5.0,10520,1,KY,0,10520
70526,FDIC,DIF,NM,Louisiana,374604.0,0,Bank of Commerce & Trust Co.,0,5.0,10523,0,LA,0,10523
71457,FDIC,DIF,NM,Louisiana,221046.0,0,"Exchange Bank and Trust Company, Natchitoches, Louisiana",0,4.0,10528,1,LA,0,10528
71295,FDIC,DIF,NM,Louisiana,250034.0,0,Citizens Progressive Bank,0,6.0,10531,1,LA,0,10531
71343,FDIC,DIF,NM,Louisiana,343895.0,0,CLB The Community Bank,0,7.0,10532,1,LA,0,10532
71295,FDIC,DIF,NM,Louisiana,412536.0,0,Winnsboro State Bank & Trust Company,0,5.0,10533,1,LA,0,10533
56042,FDIC,DIF,NM,Minnesota,241415.0,0,Arcadian Bank,0,3.0,10561,1,MN,0,10561
56273,FDIC,DIF,NM,Minnesota,53601.0,0,United Minnesota Bank,0,1.0,10567,0,MN,0,10567
56111,FDIC,DIF,NM,Minnesota,48306.0,0,Farmers and Merchants State Bank of Alpha,0,1.0,10571,0,MN,0,10571
55939,FDIC,DIF,NM,Minnesota,153702.0,0,First Southeast Bank,0,3.0,10576,1,MN,0,10576
63125,FED,DIF,SM,Missouri,3034068.0,0,Midwest BankCentre,0,18.0,1058,0,MO,0,1058
39653,FDIC,DIF,NM,Mississippi,303255.0,0,Bank of Franklin,0,6.0,10594,0,MS,0,10594
64730,FDIC,DIF,NM,Missouri,258908.0,0,Community First Bank,0,4.0,10595,1,MO,0,10595
64077,FDIC,DIF,NM,Missouri,246896.0,0,TBO Bank,0,2.0,10597,0,MO,0,10597
65340,FDIC,DIF,NM,Missouri,1217421.0,0,Wood & Huston Bank,0,12.0,1060,1,MO,0,1060
63660,FDIC,DIF,NM,Missouri,497269.0,0,UNICO Bank,0,15.0,10608,1,MO,0,10608
64424,FDIC,DIF,NM,Missouri,1618873.0,0,BTC Bank,0,26.0,10618,0,MO,0,10618
65101,FDIC,DIF,NM,Missouri,1842799.0,0,Hawthorn Bank,0,19.0,10619,0,MO,0,10619
64020,FDIC,DIF,NM,Missouri,139381.0,0,State Bank of Missouri,0,4.0,10623,0,MO,0,10623
64676,FDIC,DIF,NM,Missouri,138119.0,0,Preferred Bank,0,5.0,10628,1,MO,0,10628
68508,FDIC,DIF,NM,Nebraska,9115395.0,0,Pinnacle Bank,0,72.0,10634,0,NE,0,10634
68441,FDIC,DIF,NM,Nebraska,25387.0,0,The Bank of Steinauer,0,1.0,10635,0,NE,0,10635
69022,FDIC,DIF,NM,Nebraska,137631.0,0,First Central Bank,0,3.0,10637,0,NE,0,10637
69138,FDIC,DIF,NM,Nebraska,346649.0,0,Flatwater Bank,0,3.0,10639,1,NE,0,10639
68347,FDIC,DIF,NM,Nebraska,586729.0,0,Riverstone Bank,0,9.0,10641,1,NE,0,10641
68132,FDIC,DIF,NM,Nebraska,922392.0,0,Dundee Bank,0,4.0,10643,1,NE,0,10643
68349,FED,DIF,SM,Nebraska,74745.0,0,American Exchange Bank,0,2.0,10647,1,NE,0,10647
44003,FED,DIF,SM,Ohio,602083.0,0,The Andover Bank,0,10.0,10663,0,OH,0,10663
74008,FED,DIF,SM,Oklahoma,1994473.0,0,Mabrey Bank,0,16.0,10667,0,OK,0,10667
74070,FDIC,DIF,NM,Oklahoma,155435.0,0,The Exchange Bank,0,3.0,10672,0,OK,0,10672
73048,FDIC,DIF,NM,Oklahoma,181469.0,0,Bank of Hydro,0,4.0,10674,1,OK,0,10674
17038,FDIC,DIF,NM,Pennsylvania,1004066.0,0,"Jonestown Bank and Trust Company, of Jonestown, Pennsylvania",0,14.0,10677,0,PA,0,10677
63131,FED,DIF,SM,Missouri,1328042.0,0,Cass Commercial Bank,0,3.0,1068,0,MO,0,1068
17844,FDIC,DIF,NM,Pennsylvania,1259608.0,0,Central Penn Bank & Trust,0,15.0,10685,0,PA,0,10685
72029,FDIC,DIF,NM,Arkansas,52429.0,0,The Merchants & Planters Bank,0,1.0,107,0,AR,0,107
79602,FED,DIF,SM,Texas,39236.0,0,Avana Bank,0,3.0,10704,0,TX,0,10704
77995,FDIC,DIF,NM,Texas,381174.0,0,Crossroads Bank,0,4.0,10709,1,TX,0,10709
77964,FDIC,DIF,NM,Texas,407529.0,0,Peoples State Bank of Hallettsville,0,1.0,10719,0,TX,0,10719
63139,FED,DIF,SM,Missouri,944969.0,0,Lindell Bank & Trust Company,0,15.0,1073,1,MO,0,1073
54747,FDIC,DIF,NM,Wisconsin,85884.0,0,Independence State Bank,0,3.0,10741,0,WI,0,10741
61348,FED,DIF,SM,Illinois,171415.0,0,Illini State Bank,0,3.0,10788,1,IL,0,10788
61089,FDIC,DIF,NM,Illinois,304070.0,0,Community Bank,0,4.0,10791,1,IL,0,10791
62916,FDIC,DIF,NM,Illinois,161022.0,0,First State Bank of Campbell Hill,0,3.0,10799,0,IL,0,10799
61840,FDIC,DIF,NM,Illinois,30279.0,0,Dewey Bank,0,1.0,10803,1,IL,0,10803
62832,FED,DIF,SM,Illinois,143158.0,0,Du Quoin State Bank,0,5.0,10804,1,IL,0,10804
61374,FDIC,DIF,NM,Illinois,40900.0,0,First State Bank of Van Orin,0,2.0,10809,1,IL,0,10809
62941,FDIC,DIF,NM,Illinois,15141.0,0,Grand Rivers Community Bank,0,2.0,10816,0,IL,0,10816
61440,FDIC,DIF,NM,Illinois,67060.0,0,State Bank of Industry,0,1.0,10820,1,IL,0,10820
62858,FDIC,DIF,NM,Illinois,106654.0,0,Clay County State Bank,0,1.0,10821,1,IL,0,10821
62691,FDIC,DIF,NM,Illinois,502539.0,0,"Petefish, Skiles & Co.",0,6.0,10829,1,IL,0,10829
60970,FED,DIF,SM,Illinois,333386.0,0,"The First Trust and Savings Bank of Watseka, Illinois",0,2.0,10831,0,IL,0,10831
60920,FDIC,DIF,NM,Illinois,25498.0,0,Campus State Bank,0,1.0,10840,0,IL,0,10840
60921,FDIC,DIF,NM,Illinois,38414.0,0,Citizens Bank of Chatsworth,0,2.0,10843,0,IL,0,10843
62233,OCC,DIF,N,Illinois,336492.0,0,Buena Vista National Bank,14479,8.0,10844,0,IL,0,10844
62824,FDIC,DIF,NM,Illinois,256234.0,0,The Clay City Banking Co.,0,4.0,10845,0,IL,0,10845
61415,FDIC,DIF,NM,Illinois,304921.0,0,Tompkins State Bank,0,4.0,10849,1,IL,0,10849
62612,FDIC,DIF,NM,Illinois,237943.0,0,West Central Bank,0,6.0,10853,1,IL,0,10853
61813,FDIC,DIF,NM,Illinois,185141.0,0,State Bank of Bement,0,4.0,10855,0,IL,0,10855
61467,FDIC,DIF,NM,Illinois,107366.0,0,Anderson State Bank,0,1.0,10858,1,IL,0,10858
65084,FED,DIF,SM,Missouri,350144.0,0,The Bank of Versailles,0,5.0,1086,0,MO,0,1086
62274,FDIC,DIF,NM,Illinois,207717.0,0,Murphy-Wall State Bank and Trust Company,0,6.0,10860,0,IL,0,10860
62414,FDIC,DIF,NM,Illinois,113469.0,0,First State Bank of Beecher City,0,1.0,10871,1,IL,0,10871
62630,FDIC,DIF,NM,Illinois,21884.0,0,Chesterfield State Bank,0,1.0,10872,1,IL,0,10872
60556,FDIC,DIF,NM,Illinois,172363.0,0,Waterman Bank,0,3.0,10878,0,IL,0,10878
62340,FDIC,DIF,NM,Illinois,229730.0,0,Eagle Valley Bank,0,5.0,10883,1,IL,0,10883
62930,FDIC,DIF,NM,Illinois,648266.0,0,Legence Bank,0,11.0,10886,1,IL,0,10886
71842,FDIC,DIF,NM,Arkansas,311768.0,0,Horatio State Bank,0,3.0,109,0,AR,0,109
49829,FDIC,DIF,NM,Michigan,370983.0,0,Upper Peninsula State Bank,0,5.0,1090,0,MI,0,1090
50247,FDIC,DIF,NM,Iowa,562158.0,0,Central State Bank,0,3.0,10903,1,IA,0,10903
66006,FDIC,DIF,NM,Kansas,107678.0,0,The Baldwin State Bank,0,2.0,10906,1,KS,0,10906
67420,FDIC,DIF,NM,Kansas,386468.0,0,Guaranty State Bank and Trust Company,0,9.0,10907,0,KS,0,10907
67880,FDIC,DIF,NM,Kansas,306274.0,0,Grant County Bank,0,2.0,10918,1,KS,0,10918
66408,FDIC,DIF,NM,Kansas,126405.0,0,The State Bank of Bern,0,2.0,10919,0,KS,0,10919
49837,FDIC,DIF,NM,Michigan,175122.0,0,Baybank,0,3.0,1092,0,MI,0,1092
67801,FED,DIF,SM,Kansas,199575.0,0,The Fidelity State Bank and Trust Company,0,3.0,10920,0,KS,0,10920
49935,FDIC,DIF,NM,Michigan,141345.0,0,The Miners State Bank,0,6.0,10928,0,MI,0,10928
49783,FED,DIF,SM,Michigan,488233.0,0,Central Savings Bank,0,9.0,1095,0,MI,0,1095
55072,FDIC,DIF,NM,Minnesota,477816.0,0,Northview Bank,0,12.0,10956,1,MN,0,10956
56159,FDIC,DIF,NM,Minnesota,974587.0,0,United Prairie Bank,0,10.0,10958,1,MN,0,10958
56048,FDIC,DIF,NM,Minnesota,94511.0,0,Janesville State Bank,0,1.0,10960,1,MN,0,10960
55744,FED,DIF,SM,Minnesota,257125.0,0,Grand Rapids State Bank,0,2.0,10962,1,MN,0,10962
56273,FDIC,DIF,NM,Minnesota,151299.0,0,Lake Region Bank,0,3.0,10965,1,MN,0,10965
55965,OCC,DIF,N,Minnesota,209906.0,0,"F & M Community Bank, National Association",24356,3.0,10967,1,MN,0,10967
56475,FDIC,DIF,NM,Minnesota,74838.0,0,Randall State Bank,0,2.0,10969,1,MN,0,10969
56732,FDIC,DIF,NM,Minnesota,148610.0,0,Prime Security Bank,0,3.0,10971,1,MN,0,10971
55041,FDIC,DIF,NM,Minnesota,767465.0,0,Alliance Bank,0,6.0,10973,0,MN,0,10973
55355,OCC,DIF,N,Minnesota,232611.0,0,Center National Bank,20448,3.0,10976,1,MN,0,10976
55923,FED,DIF,SM,Minnesota,88016.0,0,Root River State Bank,0,1.0,1098,0,MN,0,1098
55921,FDIC,DIF,NM,Minnesota,198105.0,0,ESB Bank,0,3.0,10980,1,MN,0,10980
56742,FDIC,DIF,NM,Minnesota,47585.0,0,Security State Bank of Oklee,0,1.0,10982,1,MN,0,10982
56007,FDIC,DIF,NM,Minnesota,152208.0,0,Security Bank Minnesota,0,3.0,10984,1,MN,0,10984
56301,OCC,DIF,N,Minnesota,3296457.0,0,Stearns Bank National Association,15576,7.0,10988,1,MN,0,10988
55302,FDIC,DIF,NM,Minnesota,282475.0,0,Lake Central Bank,0,3.0,10989,1,MN,0,10989
56628,FDIC,DIF,NM,Minnesota,118152.0,0,First State Bank of Bigfork,0,2.0,10991,0,MN,0,10991
56316,FDIC,DIF,NM,Minnesota,74595.0,0,Bonanza Valley State Bank,0,1.0,10993,1,MN,0,10993
56093,FDIC,DIF,NM,Minnesota,702579.0,0,FM Bank,0,6.0,10998,1,MN,0,10998
72223,FDIC,DIF,NM,Arkansas,41663976.0,0,Bank OZK,0,276.0,110,0,AR,0,110
55964,FED,DIF,SM,Minnesota,406516.0,0,Peoples State Bank of Plainview,0,6.0,1100,1,MN,0,1100
64776,FDIC,DIF,NM,Missouri,226584.0,0,St. Clair County State Bank,0,4.0,11002,0,MO,0,11002
65613,FDIC,DIF,NM,Missouri,139503.0,0,Grand Missouri Bank,0,4.0,11003,0,MO,0,11003
59474,FDIC,DIF,NM,Montana,169018.0,0,The First State Bank of Shelby,0,1.0,11013,0,MT,0,11013
07921,FED,DIF,SM,New Jersey,7690114.0,0,Peapack Private Bank & Trust,0,19.0,11035,0,NJ,0,11035
59101,FED,DIF,SM,Montana,26361352.0,0,First Interstate Bank,0,290.0,1105,0,MT,0,1105
27601,FDIC,DIF,NM,North Carolina,235521000.0,0,First-Citizens Bank & Trust Company,0,518.0,11063,0,NC,0,11063
15501,FDIC,DIF,NM,Pennsylvania,2460076.0,0,Somerset Trust Company,0,49.0,11112,0,PA,0,11112
16749,FDIC,DIF,NM,Pennsylvania,495683.0,0,Hamlin Bank and Trust Company,0,11.0,11113,0,PA,0,11113
15701,FDIC,DIF,NM,Pennsylvania,9939635.0,0,S&T Bank,0,76.0,11124,0,PA,0,11124
57013,FDIC,DIF,NM,South Dakota,81373.0,0,Farmers State Bank of Canton,0,1.0,11133,0,SD,0,11133
78413,FDIC,DIF,NM,Texas,444973.0,0,Texas Champion Bank,0,10.0,11159,0,TX,0,11159
57108,FDIC,DIF,NM,South Dakota,2242998.0,0,American Bank & Trust,0,20.0,1117,0,SD,0,1117
79311,FDIC,DIF,NM,Texas,123813.0,0,The First State Bank,0,3.0,11175,0,TX,0,11175
79772,FDIC,DIF,SI,Texas,1038922.0,0,"Transpecos Banks, SSB",0,4.0,11178,1,TX,0,11178
57212,FED,DIF,SM,South Dakota,155097.0,0,"Citizens State Bank, of Arlington",0,3.0,1118,1,SD,0,1118
75756,FDIC,DIF,NM,Texas,139652.0,0,First State Bank of Brownsboro,0,3.0,11181,1,TX,0,11181
57523,FDIC,DIF,NM,South Dakota,702151.0,0,First Fidelity Bank,0,11.0,1122,1,SD,0,1122
53563,FDIC,DIF,NM,Wisconsin,162747.0,0,First Community Bank,0,1.0,11225,1,WI,0,11225
53190,FDIC,DIF,NM,Wisconsin,511423.0,0,First Citizens State Bank,0,8.0,11228,0,WI,0,11228
53563,FDIC,DIF,NM,Wisconsin,222207.0,0,Bank of Milton,0,2.0,11232,0,WI,0,11232
54107,FDIC,DIF,NM,Wisconsin,130666.0,0,Bonduel State Bank,0,1.0,11235,0,WI,0,11235
53032,FDIC,DIF,NM,Wisconsin,1675596.0,0,Horicon Bank,0,19.0,11236,1,WI,0,11236
72032,FED,DIF,SM,Arkansas,23028965.0,0,Centennial Bank,0,234.0,11241,0,AR,0,11241
71654,FED,DIF,SM,Arkansas,205380.0,0,Producers Bank & Trust,0,4.0,11242,1,AR,0,11242
72576,FED,DIF,SM,Arkansas,267419.0,0,Bank of Salem,0,5.0,11243,1,AR,0,11243
57029,FED,DIF,SM,South Dakota,217586.0,0,Merchants State Bank,0,4.0,1125,1,SD,0,1125
72519,OCC,DIF,N,Arkansas,235872.0,0,The First National Bank of Izard County,21165,5.0,11252,0,AR,0,11252
81230,FED,DIF,SM,Colorado,247341.0,0,The Gunnison Bank and Trust Company,0,2.0,11259,0,CO,0,11259
81057,FDIC,DIF,NM,Colorado,79099.0,0,McClave State Bank,0,2.0,11261,0,CO,0,11261
30401,FDIC,DIF,NM,Georgia,418889.0,0,The Citizens Bank of Swainsboro,0,5.0,11295,0,GA,0,11295
62905,FDIC,DIF,NM,Illinois,356740.0,0,"Farmers State Bank of Alto Pass, Ill.",0,5.0,11299,1,IL,0,11299
62880,FED,DIF,SM,Illinois,30318.0,0,First State Bank of St. Peter,0,1.0,11302,0,IL,0,11302
60525,FDIC,DIF,NM,Illinois,580357.0,0,FNBC Bank & Trust,0,3.0,11306,0,IL,0,11306
62363,FDIC,DIF,NM,Illinois,358113.0,0,Farmers State Bank,0,6.0,11307,1,IL,0,11307
62948,FDIC,DIF,NM,Illinois,359114.0,0,The Bank of Herrin,0,5.0,11310,1,IL,0,11310
62881,FED,DIF,SM,Illinois,136216.0,0,The Iuka State Bank,0,4.0,11317,0,IL,0,11317
62548,FDIC,DIF,NM,Illinois,271268.0,0,Longview Community Bank,0,5.0,11319,0,IL,0,11319
61422,FDIC,DIF,NM,Illinois,90179.0,0,Farmers and Merchants State Bank of Bushnell,0,2.0,11324,0,IL,0,11324
51232,FDIC,DIF,NM,Iowa,55018.0,0,Ashton State Bank,0,1.0,11343,1,IA,0,11343
50112,FDIC,DIF,NM,Iowa,496789.0,0,Grinnell State Bank,0,4.0,11347,0,IA,0,11347
51248,FDIC,DIF,NM,Iowa,90162.0,0,Sanborn Savings Bank,0,1.0,11352,1,IA,0,11352
40006,FDIC,DIF,NM,Kentucky,119636.0,0,Bedford Loan & Deposit Bank,0,3.0,11355,0,KY,0,11355
42501,FDIC,DIF,NM,Kentucky,416580.0,0,"Cumberland Security Bank, Inc.",0,4.0,11358,1,KY,0,11358
49058,FDIC,DIF,NM,Michigan,597210.0,0,Highpoint Community Bank,0,7.0,11407,0,MI,0,11407
56549,FDIC,DIF,NM,Minnesota,146148.0,0,Valley Premier Bank,0,2.0,11409,1,MN,0,11409
81050,FED,DIF,SM,Colorado,332902.0,0,The Colorado Bank and Trust Company of La Junta,0,5.0,1141,0,CO,0,1141
55971,FDIC,DIF,NM,Minnesota,114578.0,0,Rushford State Bank (Incorporated),0,2.0,11411,1,MN,0,11411
55353,FDIC,DIF,NM,Minnesota,356190.0,0,Harvest Bank,0,6.0,11415,1,MN,0,11415
56181,FED,DIF,SM,Minnesota,44436.0,0,Welcome State Bank,0,1.0,11417,1,MN,0,11417
39194,FDIC,DIF,NM,Mississippi,325961.0,0,Bank of Yazoo City,0,5.0,11431,0,MS,0,11431
38703,FDIC,DIF,NM,Mississippi,202502.0,0,The Jefferson Bank,0,3.0,11445,0,MS,0,11445
38635,FDIC,DIF,NM,Mississippi,287990.0,0,Unity Bank of Mississippi,0,8.0,11446,0,MS,0,11446
39452,FDIC,DIF,NM,Mississippi,562243.0,0,Century Bank,0,9.0,11448,0,MS,0,11448
65101,FDIC,DIF,NM,Missouri,1194073.0,0,Mid America Bank,0,11.0,11459,1,MO,0,11459
64469,FDIC,DIF,NM,Missouri,153900.0,0,Independent Farmers Bank,0,3.0,11462,0,MO,0,11462
65325,FED,DIF,SM,Missouri,208742.0,0,The Citizens-Farmers Bank of Cole Camp,0,2.0,11463,0,MO,0,11463
65704,FDIC,DIF,NM,Missouri,125530.0,0,HomePride Bank,0,5.0,11466,1,MO,0,11466
67124,FED,DIF,SM,Kansas,548080.0,0,The Peoples Bank,0,5.0,1147,1,KS,0,1147
68370,FDIC,DIF,NM,Nebraska,84497.0,0,Thayer County Bank,0,2.0,11475,0,NE,0,11475
68305,FED,DIF,SM,Nebraska,250212.0,0,Auburn State Bank,0,1.0,11477,0,NE,0,11477
69130,FDIC,DIF,NM,Nebraska,530478.0,0,Homestead Bank,0,11.0,11482,0,NE,0,11482
88101,FDIC,DIF,NM,New Mexico,503362.0,0,The Citizens Bank of Clovis,0,5.0,11491,1,NM,0,11491
87740,FDIC,DIF,NM,New Mexico,1360927.0,0,InBank,0,17.0,11492,0,NM,0,11492
12302,OCC,DIF,N,New York,706452.0,0,First National Bank of Scotia,14680,10.0,11501,0,NY,0,11501
27526,FDIC,DIF,NM,North Carolina,4498624.0,0,The Fidelity Bank,0,55.0,11507,0,NC,0,11507
58563,FDIC,DIF,NM,North Dakota,296633.0,0,Security First Bank of North Dakota,0,5.0,11519,1,ND,0,11519
73142,FED,DIF,SM,Oklahoma,447230.0,0,Chickasaw Community Bank,0,1.0,11521,0,OK,0,11521
73501,OCC,DIF,N,Oklahoma,1313993.0,0,Liberty National Bank,23516,9.0,11522,1,OK,0,11522
73753,FED,DIF,SM,Oklahoma,369256.0,0,Cowboy Bank,0,5.0,11526,1,OK,0,11526
73766,FDIC,DIF,NM,Oklahoma,61216.0,0,"The First State Bank of Pond Creek, Oklahoma",0,2.0,11527,1,OK,0,11527
29081,FDIC,DIF,NM,South Carolina,522223.0,0,Enterprise Bank of South Carolina,0,12.0,11539,0,SC,0,11539
78611,FDIC,DIF,NM,Texas,330958.0,0,First State Bank of Burnet,0,4.0,11557,1,TX,0,11557
75633,FDIC,DIF,NM,Texas,552169.0,0,First State Bank and Trust Company,0,1.0,11559,0,TX,0,11559
75482,FDIC,DIF,NM,Texas,1369574.0,0,Alliance Bank,0,17.0,11569,1,TX,0,11569
77055,FDIC,DIF,NM,Texas,316954.0,0,Global One Bank,0,2.0,11570,0,TX,0,11570
22314,FED,DIF,SM,Virginia,7912763.0,0,Burke & Herbert Bank & Trust Company,0,80.0,11578,0,VA,0,11578
23830,FDIC,DIF,NM,Virginia,631656.0,0,The Bank of Southside Virginia,0,15.0,11580,0,VA,0,11580
24277,FDIC,DIF,NM,Virginia,259927.0,0,Lee Bank and Trust Company,0,3.0,11582,0,VA,0,11582
53805,FED,DIF,SM,Wisconsin,637644.0,0,Community First Bank,0,10.0,11595,1,WI,0,11595
54541,FDIC,DIF,NM,Wisconsin,289711.0,0,Laona State Bank,0,7.0,11601,0,WI,0,11601
54140,FDIC,DIF,NM,Wisconsin,475359.0,0,BLC Community Bank,0,1.0,11608,1,WI,0,11608
53717,FED,DIF,SM,Wisconsin,899766.0,0,Bank Cmg,0,10.0,11623,0,WI,0,11623
68066,FED,DIF,SM,Nebraska,113986.0,0,Wahoo State Bank,0,2.0,1163,1,NE,0,1163
87401,FDIC,DIF,NM,New Mexico,794726.0,0,The Citizens Bank,0,6.0,1164,1,NM,0,1164
73762,FDIC,DIF,NM,Oklahoma,138098.0,0,The First Bank of Okarche,0,1.0,1165,1,OK,0,1165
83318,FDIC,DIF,NM,Idaho,3660167.0,0,D. L. Evans Bank,0,41.0,11666,0,ID,0,11666
60959,FDIC,DIF,NM,Illinois,193666.0,0,Vermilion Valley Bank,0,4.0,11667,1,IL,0,11667
61741,FDIC,DIF,NM,Illinois,329462.0,0,First State Bank of Forrest,0,6.0,11669,1,IL,0,11669
83001,FED,DIF,SM,Wyoming,216935.0,0,Tanager Bank,0,3.0,1167,0,WY,0,1167
61254,FDIC,DIF,NM,Illinois,1474470.0,0,Central Bank Illinois,0,12.0,11670,0,IL,0,11670
62670,FDIC,DIF,NM,Illinois,237595.0,0,Warren-Boynton State Bank,0,4.0,11674,1,IL,0,11674
61413,FED,DIF,SM,Illinois,164609.0,0,Farmers State Bank of Western Illinois,0,6.0,11680,1,IL,0,11680
61720,FDIC,DIF,NM,Illinois,76422.0,0,Anchor State Bank,0,1.0,11681,0,IL,0,11681
62906,FDIC,DIF,NM,Illinois,112272.0,0,Anna State Bank,0,1.0,11682,0,IL,0,11682
61317,FDIC,DIF,NM,Illinois,139675.0,0,State Bank of Cherry,0,1.0,11686,1,IL,0,11686
82729,FED,DIF,SM,Wyoming,283631.0,0,Sundance State Bank,0,2.0,1169,0,WY,0,1169
61742,FDIC,DIF,NM,Illinois,284183.0,0,Goodfield State Bank,0,6.0,11699,1,IL,0,11699
62565,FED,DIF,SM,Illinois,361070.0,0,Shelby County State Bank,0,6.0,11702,1,IL,0,11702
61281,FDIC,DIF,NM,Illinois,68328.0,0,1st Community Bank,0,2.0,11706,1,IL,0,11706
62467,FED,DIF,SM,Illinois,357103.0,0,Teutopolis State Bank,0,3.0,11708,0,IL,0,11708
61866,FDIC,DIF,NM,Illinois,283562.0,0,Bank of Rantoul,0,2.0,11711,1,IL,0,11711
61572,FDIC,DIF,NM,Illinois,88937.0,0,Bank of Yates City,0,2.0,11715,1,IL,0,11715
62643,FED,DIF,SM,Illinois,17215.0,0,Hartsburg State Bank,0,1.0,11716,0,IL,0,11716
62347,FDIC,DIF,NM,Illinois,192418.0,0,Liberty Bank,0,6.0,11719,0,IL,0,11719
62448,FDIC,DIF,NM,Illinois,728514.0,0,"The Peoples State Bank of Newton, Illinois",0,9.0,11722,0,IL,0,11722
61821,FDIC,DIF,NM,Illinois,824403.0,0,CIBM Bank,0,9.0,11729,0,IL,0,11729
61432,FDIC,DIF,NM,Illinois,40733.0,0,Fairview State Banking Company,0,1.0,11731,0,IL,0,11731
61531,FDIC,DIF,NM,Illinois,233797.0,0,Bank of Farmington,0,6.0,11732,0,IL,0,11732
61740,FDIC,DIF,NM,Illinois,313429.0,0,Flanagan State Bank,0,15.0,11734,1,IL,0,11734
61273,FDIC,DIF,NM,Illinois,682964.0,0,BankOrion,0,9.0,11739,0,IL,0,11739
61030,FDIC,DIF,NM,Illinois,485596.0,0,Solutions Bank,0,6.0,11741,1,IL,0,11741
60945,FDIC,DIF,NM,Illinois,167505.0,0,Iroquois Farmers State Bank,0,6.0,11746,1,IL,0,11746
62650,FDIC,DIF,NM,Illinois,214421.0,0,The Farmers State Bank and Trust Company,0,2.0,11747,0,IL,0,11747
62053,FDIC,DIF,NM,Illinois,133365.0,0,Bank of Kampsville,0,4.0,11750,0,IL,0,11750
52362,FDIC,DIF,NM,Iowa,136763.0,0,Citizens State Bank,0,4.0,11759,1,IA,0,11759
50010,FED,DIF,SM,Iowa,899898.0,0,VISIONBANK OF IOWA,0,13.0,11763,1,IA,0,11763
51249,FDIC,DIF,NM,Iowa,110042.0,0,Sibley State Bank,0,1.0,11764,0,IA,0,11764
52043,FDIC,DIF,NM,Iowa,439816.0,0,FreedomBank,0,4.0,11767,1,IA,0,11767
51401,FDIC,DIF,NM,Iowa,1737007.0,0,Availa Bank,0,15.0,11771,0,IA,0,11771
67357,FDIC,DIF,NM,Kansas,383670.0,0,Commercial Bank,0,8.0,11777,1,KS,0,11777
67439,FED,DIF,SM,Kansas,275191.0,0,"Citizens State Bank and Trust Co., Ellsworth, Kansas",0,6.0,11778,1,KS,0,11778
70510,FDIC,DIF,NM,Louisiana,246422.0,0,Bank of Abbeville & Trust Company,0,3.0,11782,1,LA,0,11782
71418,FDIC,DIF,NM,Louisiana,293294.0,0,Caldwell Bank & Trust Company,0,5.0,11785,1,LA,0,11785
70584,FDIC,DIF,NM,Louisiana,196247.0,0,Bank of Sunset and Trust Company,0,4.0,11788,0,LA,0,11788
71295,FDIC,DIF,NM,Louisiana,227230.0,0,Franklin State Bank & Trust Company,0,4.0,11792,1,LA,0,11792
49546,FDIC,DIF,NM,Michigan,1091126.0,0,United Bank of Michigan,0,13.0,11807,0,MI,0,11807
48730,FED,DIF,SM,Michigan,316245.0,0,Huron Community Bank,0,8.0,11810,0,MI,0,11810
39476,FED,DIF,SM,Mississippi,53768.0,0,Richton Bank & Trust Company,0,2.0,11817,1,MS,0,11817
59034,FDIC,DIF,NM,Montana,405803.0,0,Little Horn State Bank,0,3.0,11821,0,MT,0,11821
59741,FDIC,DIF,NM,Montana,279545.0,0,Manhattan Bank,0,4.0,11823,1,MT,0,11823
78840,FED,DIF,SM,Texas,581199.0,0,"The Bank and Trust, S.S.B.",0,10.0,1184,1,TX,0,1184
44637,FED,DIF,SM,Ohio,941216.0,0,The Killbuck Savings Bank Company,0,13.0,11860,0,OH,0,11860
73932,FDIC,DIF,NM,Oklahoma,184375.0,0,The Bank of Beaver City,0,2.0,11862,1,OK,0,11862
18512,FDIC,DIF,NM,Pennsylvania,2859364.0,0,The Fidelity Deposit and Discount Bank,0,23.0,11868,0,PA,0,11868
79226,FDIC,DIF,NM,Texas,47296.0,0,The Donley County State Bank,0,1.0,11891,1,TX,0,11891
75754,FDIC,DIF,NM,Texas,187054.0,0,"First State Bank of Ben Wheeler, Texas",0,4.0,11904,1,TX,0,11904
75939,FDIC,DIF,NM,Texas,189893.0,0,Citizens State Bank,0,2.0,11905,1,TX,0,11905
79325,FDIC,DIF,NM,Texas,335957.0,0,Security State Bank,0,1.0,11907,1,TX,0,11907
76518,FDIC,DIF,NM,Texas,138211.0,0,The Buckholts State Bank,0,3.0,11916,1,TX,0,11916
77630,FDIC,DIF,NM,Texas,349004.0,0,First State Bank of Texas,0,6.0,11922,1,TX,0,11922
76637,FDIC,DIF,NM,Texas,179894.0,0,First Security State Bank,0,4.0,11932,1,TX,0,11932
75252,FDIC,DIF,NM,Texas,635249.0,0,Dominion Bank,0,4.0,11934,0,TX,0,11934
78626,FDIC,DIF,NM,Texas,1329168.0,0,First Texas Bank,0,11.0,11935,0,TX,0,11935
25286,FDIC,DIF,NM,West Virginia,642782.0,0,"The Poca Valley Bank, Inc.",0,8.0,11952,0,WV,0,11952
26847,FDIC,DIF,NM,West Virginia,396869.0,0,Highlands Bank,0,7.0,11953,0,WV,0,11953
04609,FDIC,DIF,NM,Maine,4672493.0,0,Bar Harbor Bank & Trust,0,62.0,11971,0,ME,0,11971
78643,FDIC,DIF,NM,Texas,296056.0,0,Arrowhead Bank,0,5.0,1198,0,TX,0,1198
07302,FDIC,DIF,SI,New Jersey,25187481.0,0,Provident Bank,0,145.0,12010,0,NJ,0,12010
07208,FDIC,DIF,SI,New Jersey,1490109.0,1,Union County Savings Bank,0,4.0,12013,0,NJ,0,12013
31632,FDIC,DIF,NM,Georgia,218140.0,0,Citizens Community Bank,0,4.0,12079,1,GA,0,12079
62459,FDIC,DIF,NM,Illinois,20729.0,0,Sainte Marie State Bank,0,2.0,12086,0,IL,0,12086
61362,FDIC,DIF,NM,Illinois,209443.0,0,Spring Valley City Bank,0,2.0,12087,0,IL,0,12087
75961,OCC,DIF,N,Texas,1707118.0,0,"Commercial Bank of Texas, National Association",14371,23.0,1209,0,TX,0,1209
62926,FED,DIF,SM,Illinois,35336.0,0,The First State Bank of Dongola,0,2.0,12098,1,IL,0,12098
61529,FDIC,DIF,NM,Illinois,70137.0,0,Farmers State Bank,0,1.0,12107,1,IL,0,12107
62230,FDIC,DIF,NM,Illinois,518990.0,0,Germantown Trust & Savings Bank,0,4.0,12113,1,IL,0,12113
60918,FDIC,DIF,NM,Illinois,50547.0,0,Buckley State Bank,0,1.0,12121,0,IL,0,12121
52168,FDIC,DIF,NM,Iowa,147515.0,0,Citizens Savings Bank,0,3.0,12128,0,IA,0,12128
77027,FDIC,DIF,SI,Texas,3798501.0,0,"Cornerstone Capital Bank, SSB",0,19.0,1213,0,TX,0,1213
66451,FDIC,DIF,NM,Kansas,111391.0,0,The Lyndon State Bank,0,3.0,12135,1,KS,0,12135
67490,FDIC,DIF,NM,Kansas,127707.0,0,The Wilson State Bank,0,4.0,12136,1,KS,0,12136
67876,FDIC,DIF,NM,Kansas,58852.0,0,Ford County State Bank,0,1.0,12139,0,KS,0,12139
40146,FDIC,DIF,NM,Kentucky,414467.0,0,First State Bank,0,3.0,12149,0,KY,0,12149
42220,FDIC,DIF,NM,Kentucky,197405.0,0,Elkton Bank & Trust Company,0,4.0,12162,0,KY,0,12162
40045,FDIC,DIF,NM,Kentucky,312925.0,0,The Farmers Bank of Milton,0,5.0,12163,0,KY,0,12163
40160,FDIC,DIF,NM,Kentucky,570546.0,0,West Point Bank,0,5.0,12166,0,KY,0,12166
79081,FDIC,DIF,NM,Texas,191218.0,0,First State Bank,0,2.0,1218,1,TX,0,1218
79095,FED,DIF,SM,Texas,650168.0,0,Wellington State Bank,0,14.0,1219,1,TX,0,1219
38732,FDIC,DIF,NM,Mississippi,345735.0,0,The Cleveland State Bank,0,4.0,12201,0,MS,0,12201
39567,FDIC,DIF,NM,Mississippi,960772.0,0,Merchants & Marine Bank,0,18.0,12203,0,MS,0,12203
39350,FDIC,DIF,NM,Mississippi,1528973.0,0,"The Citizens Bank of Philadelphia, Mississippi",0,26.0,12204,0,MS,0,12204
38967,FED,DIF,SM,Mississippi,142569.0,0,Bank of Winona,0,1.0,12207,1,MS,0,12207
63622,FED,DIF,SM,Missouri,537815.0,0,Belgrade State Bank,0,6.0,12208,0,MO,0,12208
63452,FDIC,DIF,NM,Missouri,289059.0,0,United State Bank,0,6.0,12214,1,MO,0,12214
63301,FDIC,DIF,NM,Missouri,557276.0,0,"First State Bank of St. Charles, Missouri",0,9.0,12219,0,MO,0,12219
65236,FDIC,DIF,NM,Missouri,134676.0,0,County Bank,0,2.0,12220,1,MO,0,12220
65251,FED,DIF,SM,Missouri,539781.0,0,The Callaway Bank,0,6.0,12223,0,MO,0,12223
63390,FDIC,DIF,NM,Missouri,53161.0,0,FMB Bank,0,1.0,12225,0,MO,0,12225
63732,FED,DIF,SM,Missouri,144093.0,0,Peoples Bank Co.,0,3.0,12226,1,MO,0,12226
63141,FED,DIF,SM,Missouri,6691682.0,0,First Bank,0,76.0,12229,0,MO,0,12229
65453,FDIC,DIF,NM,Missouri,249214.0,0,Peoples Bank,0,5.0,12230,1,MO,0,12230
63457,FDIC,DIF,NM,Missouri,156453.0,0,Bank of Monticello,0,3.0,12232,1,MO,0,12232
68008,FDIC,DIF,NM,Nebraska,662822.0,0,Washington County Bank,0,4.0,12241,0,NE,0,12241
69029,FDIC,DIF,NM,Nebraska,201688.0,0,First State Bank,0,5.0,12244,1,NE,0,12244
68961,FDIC,DIF,NM,Nebraska,57422.0,0,Commercial Bank,0,1.0,12246,0,NE,0,12246
68064,FED,DIF,SM,Nebraska,361032.0,0,First Nebraska Bank,0,15.0,12248,1,NE,0,12248
90802,FED,DIF,SM,California,11856598.0,0,Farmers and Merchants Bank of Long Beach,0,27.0,1225,0,CA,0,1225
87104,FDIC,DIF,NM,New Mexico,471473.0,0,Southwest Capital Bank,0,6.0,12258,1,NM,0,12258
88240,FED,DIF,SM,New Mexico,718641.0,0,Lea County State Bank,0,3.0,12259,1,NM,0,12259
27701,FDIC,DIF,NM,North Carolina,488993.0,0,Mechanics & Farmers Bank,0,8.0,12266,0,NC,0,12266
73005,FED,DIF,SM,Oklahoma,143644.0,0,First State Bank,0,2.0,12283,1,OK,0,12283
73532,FDIC,DIF,NM,Oklahoma,19800.0,0,Farmers & Merchants Bank,0,1.0,12284,1,OK,0,12284
73521,FDIC,DIF,NM,Oklahoma,587967.0,0,Cattlemens Bank,0,7.0,12285,0,OK,0,12285
76064,FDIC,DIF,NM,Texas,109261.0,0,The Cowboy Bank of Texas,0,1.0,12298,1,TX,0,12298
77975,FDIC,DIF,SI,Texas,1336572.0,0,"SouthStar Bank, S.S.B.",0,16.0,12299,0,TX,0,12299
75979,FED,DIF,SM,Texas,478405.0,0,Citizens State Bank,0,6.0,12303,0,TX,0,12303
78934,FDIC,DIF,NM,Texas,337880.0,0,Columbus State Bank,0,3.0,12305,0,TX,0,12305
78934,FDIC,DIF,NM,Texas,153880.0,0,The First State Bank,0,1.0,12315,1,TX,0,12315
54843,FDIC,DIF,NM,Wisconsin,735498.0,0,Chippewa Valley Bank,0,13.0,12322,1,WI,0,12322
54619,FDIC,DIF,NM,Wisconsin,144667.0,0,Bank of Cashton,0,1.0,12325,1,WI,0,12325
53948,FDIC,DIF,NM,Wisconsin,419823.0,0,Bank of Mauston,0,6.0,12327,1,WI,0,12327
53014,FDIC,DIF,NM,Wisconsin,512527.0,0,State Bank of Chilton,0,5.0,12331,1,WI,0,12331
54822,FDIC,DIF,NM,Wisconsin,221020.0,0,Community Bank of Cameron,0,3.0,12349,1,WI,0,12349
53034,FDIC,DIF,NM,Wisconsin,78061.0,0,Hustisford State Bank,0,1.0,12354,0,WI,0,12354
62410,OCC,DIF,N,Illinois,431719.0,0,The First National Bank of Allendale,8293,3.0,12365,0,IL,0,12365
35203,FED,DIF,SM,Alabama,159430000.0,0,Regions Bank,0,1258.0,12368,0,AL,0,12368
83252,FDIC,DIF,NM,Idaho,361667.0,0,Ireland Bank,0,12.0,1237,0,ID,0,1237
81039,FDIC,DIF,NM,Colorado,152192.0,0,Fowler State Bank,0,1.0,12372,0,CO,0,12372
62016,FDIC,DIF,NM,Illinois,3820112.0,0,Carrollton Bank,0,13.0,12383,0,IL,0,12383
62052,FDIC,DIF,NM,Illinois,195874.0,0,Jersey State Bank,0,2.0,12384,0,IL,0,12384
61483,FDIC,DIF,NM,Illinois,332915.0,0,State Bank of Toulon,0,3.0,12386,1,IL,0,12386
62693,FDIC,DIF,NM,Illinois,92198.0,0,Williamsville State Bank & Trust,0,3.0,12388,0,IL,0,12388
61046,FDIC,DIF,NM,Illinois,112274.0,0,Exchange State Bank,0,1.0,12402,1,IL,0,12402
61301,FDIC,DIF,NM,Illinois,184593.0,0,La Salle State Bank,0,3.0,12410,1,IL,0,12410
51649,FDIC,DIF,NM,Iowa,81380.0,0,Tri-Valley Bank,0,4.0,12417,0,IA,0,12417
67152,FDIC,DIF,NM,Kansas,55337.0,0,The Security State Bank,0,1.0,12422,1,KS,0,12422
67441,FDIC,DIF,NM,Kansas,21183.0,0,The Dickinson County Bank,0,1.0,12425,1,KS,0,12425
66713,FDIC,DIF,NM,Kansas,25021.0,0,The Baxter State Bank,0,1.0,12432,1,KS,0,12432
38804,FED,DIF,SM,Mississippi,27090994.0,0,Renasant Bank,0,274.0,12437,0,MS,0,12437
39501,FDIC,DIF,NM,Mississippi,35533297.0,0,Hancock Whitney Bank,0,185.0,12441,0,MS,0,12441
56320,FDIC,DIF,NM,Minnesota,78865.0,0,State Bank of Cold Spring,0,1.0,12444,1,MN,0,12444
63537,FDIC,DIF,NM,Missouri,103856.0,0,The Citizens Bank of Edina,0,1.0,12457,0,MO,0,12457
74037,FDIC,DIF,NM,Oklahoma,1269526.0,0,First Oklahoma Bank,0,3.0,12484,0,OK,0,12484
74059,FED,DIF,SM,Oklahoma,304028.0,0,The Payne County Bank,0,3.0,12485,1,OK,0,12485
68118,OCC,DIF,N,Nebraska,357975.0,0,Premier Bank National Association,25308,5.0,12493,0,NE,0,12493
54755,FDIC,DIF,NM,Wisconsin,254060.0,0,Alliance Bank,0,4.0,12511,1,WI,0,12511
54473,FDIC,DIF,NM,Wisconsin,101355.0,0,Community First Bank,0,3.0,12512,1,WI,0,12512
54449,FDIC,DIF,NM,Wisconsin,286808.0,0,Partners Bank of Wisconsin,0,3.0,12513,0,WI,0,12513
53036,FDIC,DIF,NM,Wisconsin,959880.0,0,Ixonia Bank,0,7.0,12514,0,WI,0,12514
53066,FDIC,DIF,NM,Wisconsin,2609889.0,0,Bank Five Nine,0,19.0,12517,0,WI,0,12517
71753,FDIC,DIF,NM,Arkansas,197112.0,0,The Peoples Bank,0,4.0,12531,1,AR,0,12531
62047,FDIC,DIF,NM,Illinois,97003.0,0,Bank of Calhoun County,0,3.0,12549,0,IL,0,12549
73746,FDIC,DIF,NM,Oklahoma,31213.0,0,The Hopeton State Bank,0,1.0,12585,0,OK,0,12585
82633,FDIC,DIF,NM,Wyoming,1092587.0,0,The Converse County Bank,0,3.0,12591,1,WY,0,12591
82410,FED,DIF,SM,Wyoming,430831.0,0,Security State Bank,0,5.0,12592,0,WY,0,12592
81003,FDIC,DIF,NM,Colorado,842235.0,0,PB&T Bank,0,17.0,12594,1,CO,0,12594
66846,FDIC,DIF,NM,Kansas,223497.0,0,Farmers and Drovers Bank,0,3.0,12602,0,KS,0,12602
71457,FDIC,DIF,NM,Louisiana,378106.0,0,City Bank & Trust Co.,0,8.0,12608,1,LA,0,12608
70392,FDIC,DIF,NM,Louisiana,331996.0,0,Patterson State Bank,0,3.0,12609,0,LA,0,12609
70586,FDIC,DIF,NM,Louisiana,1117417.0,0,The Evangeline Bank and Trust Company,0,10.0,12611,0,LA,0,12611
71227,FED,DIF,SM,Louisiana,10093380.0,0,Origin Bank,0,58.0,12614,0,LA,0,12614
65051,FDIC,DIF,NM,Missouri,621286.0,0,Legends Bank,0,13.0,12616,0,MO,0,12616
63090,FDIC,DIF,NM,Missouri,1175143.0,0,Bank of Washington,0,7.0,12627,1,MO,0,12627
65101,FED,DIF,SM,Missouri,20473249.0,0,The Central Trust Bank,0,174.0,12633,0,MO,0,12633
98815,FDIC,DIF,NM,Washington,2300997.0,0,Cashmere Valley Bank,0,12.0,1265,0,WA,0,1265
54126,FDIC,DIF,NM,Wisconsin,154344.0,0,GreenLeaf Bank,0,2.0,12661,1,WI,0,12661
65276,FDIC,DIF,NM,Missouri,144319.0,0,Citizens Community Bank,0,3.0,12694,0,MO,0,12694
62298,FDIC,DIF,NM,Illinois,320050.0,0,State Bank,0,5.0,12706,0,IL,0,12706
52314,FDIC,DIF,NM,Iowa,148531.0,0,Bridge Community Bank,0,3.0,12717,0,IA,0,12717
71368,FDIC,DIF,NM,Louisiana,93284.0,0,Sicily Island State Bank,0,2.0,12722,1,LA,0,12722
68050,FDIC,DIF,NM,Nebraska,48586.0,0,Bank of Prague,0,1.0,12745,1,NE,0,12745
74764,FDIC,DIF,NM,Oklahoma,101000.0,0,First State Bank,0,3.0,12757,1,OK,0,12757
74825,FDIC,DIF,NM,Oklahoma,55943.0,0,"Farmers State Bank, Allen, Oklahoma",0,1.0,12758,1,OK,0,12758
73012,FDIC,DIF,NM,Oklahoma,925191.0,0,F&M Bank,0,11.0,12761,1,OK,0,12761
79027,FDIC,DIF,NM,Texas,2449456.0,0,First United Bank,0,25.0,12769,1,TX,0,12769
53913,FED,DIF,SM,Wisconsin,575159.0,0,Baraboo State Bank,0,7.0,12788,0,WI,0,12788
99201,FDIC,DIF,NM,Washington,10700024.0,0,Washington Trust Bank,0,45.0,1281,0,WA,0,1281
53821,FDIC,DIF,NM,Wisconsin,973263.0,0,Peoples State Bank,0,19.0,12814,1,WI,0,12814
60014,OCC,DIF,N,Illinois,778098.0,0,"Home State Bank, National Association",18763,7.0,12815,1,IL,0,12815
46041,FDIC,DIF,NM,Indiana,1122769.0,0,"The Farmers Bank, Frankfort, Indiana",0,11.0,12828,0,IN,0,12828
46304,FED,DIF,SM,Indiana,156258.0,0,First State Bank of Porter,0,3.0,12836,0,IN,0,12836
46919,FED,DIF,SM,Indiana,3551779.0,0,First Farmers Bank & Trust Co.,0,37.0,12839,0,IN,0,12839
46394,FDIC,DIF,NM,Indiana,10084903.0,0,Centier Bank,0,62.0,12854,0,IN,0,12854
50701,FDIC,DIF,NM,Iowa,1579523.0,0,Farmers State Bank,0,8.0,12855,1,IA,0,12855
50622,FDIC,DIF,NM,Iowa,252547.0,0,Denver Savings Bank,0,2.0,12857,0,IA,0,12857
51301,FDIC,DIF,NM,Iowa,638258.0,0,Farmers Trust and Savings Bank,0,1.0,12858,1,IA,0,12858
66939,FDIC,DIF,NM,Kansas,52828.0,0,Swedish-American State Bank,0,1.0,12865,1,KS,0,12865
42064,FDIC,DIF,NM,Kentucky,771933.0,0,Farmers Bank and Trust Company,0,10.0,12869,1,KY,0,12869
04765,FDIC,DIF,NM,Maine,1112819.0,0,Katahdin Trust Company,0,17.0,12874,0,ME,0,12874
49045,FED,DIF,SM,Michigan,83176.0,0,First State Bank of Michigan,0,2.0,12893,0,MI,0,12893
48744,FDIC,DIF,NM,Michigan,97390.0,0,Mayville State Bank,0,2.0,12899,0,MI,0,12899
71753,FED,DIF,SM,Arkansas,3143422.0,0,Farmers Bank & Trust Company,0,38.0,1291,0,AR,0,1291
72513,FED,DIF,SM,Arkansas,844038.0,0,FNBC Bank,0,17.0,1294,1,AR,0,1294
10940,FED,DIF,SM,New York,2697498.0,0,Orange Bank & Trust Company,0,16.0,12944,0,NY,0,12944
12043,FDIC,DIF,NM,New York,192861.0,0,Bank of Richmondville,0,3.0,12956,0,NY,0,12956
14755,FDIC,DIF,NM,New York,378964.0,0,Cattaraugus County Bank,0,7.0,12959,0,NY,0,12959
72936,FDIC,DIF,NM,Arkansas,286600.0,0,Farmers Bank,0,10.0,1296,0,AR,0,1296
45830,FDIC,DIF,NM,Ohio,1212097.0,0,The Union Bank Company,0,15.0,12969,0,OH,0,12969
43344,FED,DIF,SM,Ohio,1272143.0,0,The Richwood Banking Company,0,9.0,12978,0,OH,0,12978
43516,FED,DIF,SM,Ohio,106831.0,0,The Corn City State Bank,0,1.0,12980,1,OH,0,12980
44870,FED,DIF,SM,Ohio,4290141.0,0,Civista Bank,0,42.0,12982,0,OH,0,12982
15736,FDIC,DIF,NM,Pennsylvania,452074.0,0,Elderton State Bank,0,3.0,12985,0,PA,0,12985
72301,FED,DIF,SM,Arkansas,1208364.0,0,Evolve Bank & Trust,0,10.0,1299,0,AR,0,1299
75119,FDIC,DIF,NM,Texas,455225.0,0,Trinity Capital Bank of Texas,0,5.0,13000,1,TX,0,13000
79735,FDIC,DIF,NM,Texas,324526.0,0,The Pecos County State Bank,0,5.0,13006,1,TX,0,13006
24605,FED,DIF,SM,Virginia,3644798.0,0,First Community Bank,0,69.0,13012,0,VA,0,13012
26554,FDIC,DIF,NM,West Virginia,385155.0,0,First Exchange Bank,0,7.0,13020,1,WV,0,13020
53565,FDIC,DIF,NM,Wisconsin,457746.0,0,Farmers Savings Bank,0,5.0,13025,1,WI,0,13025
54760,FDIC,DIF,NM,Wisconsin,151370.0,0,Oakwood Bank,0,4.0,13030,1,WI,0,13030
54665,FDIC,DIF,NM,Wisconsin,344168.0,0,Citizens First Bank,0,6.0,13032,1,WI,0,13032
54981,FED,DIF,SM,Wisconsin,275930.0,0,The Farmers State Bank of Waupaca,0,3.0,13033,0,WI,0,13033
54636,OCC,DIF,N,Wisconsin,75444.0,0,"Park Bank, National Association",25291,3.0,13054,0,WI,0,13054
53149,FDIC,DIF,NM,Wisconsin,1173908.0,0,Citizens Bank,0,11.0,13055,0,WI,0,13055
54014,OCC,DIF,N,Wisconsin,773117.0,0,Hiawatha National Bank,15698,7.0,13058,0,WI,0,13058
04043,FDIC,DIF,SI,Maine,2099477.0,0,Kennebunk Savings Bank,0,17.0,13063,0,ME,0,13063
64850,FED,DIF,SM,Missouri,441949.0,0,Community Bank and Trust,0,13.0,13068,1,MO,0,13068
65560,FED,DIF,SM,Missouri,760801.0,0,Town & Country Bank,0,10.0,13071,1,MO,0,13071
72927,FED,DIF,SM,Arkansas,785601.0,0,First Western Bank,0,11.0,13083,0,AR,0,13083
34994,OCC,DIF,N,Florida,21134120.0,0,Seacoast National Bank,14838,116.0,131,0,FL,0,131
46580,FED,DIF,SM,Indiana,7078433.0,0,Lake City Bank,0,57.0,13102,0,IN,0,13102
47362,FDIC,DIF,NM,Indiana,895609.0,0,"Citizens State Bank of New Castle, Indiana",0,11.0,13107,0,IN,0,13107
47274,FDIC,DIF,NM,Indiana,1080401.0,0,Jackson County Bank,0,14.0,13109,0,IN,0,13109
46112,FED,DIF,SM,Indiana,239933.0,0,Hendricks County Bank and Trust Company,0,5.0,13111,0,IN,0,13111
47460,FDIC,DIF,NM,Indiana,391553.0,0,Owen County State Bank,0,8.0,13112,0,IN,0,13112
47601,FDIC,DIF,NM,Indiana,248354.0,0,Peoples Trust and Savings Bank,0,5.0,13113,1,IN,0,13113
47021,FED,DIF,SM,Indiana,559782.0,0,The Friendship State Bank,0,9.0,13130,0,IN,0,13130
42726,FDIC,DIF,NM,Kentucky,180632.0,0,Bank of Clarkson,0,2.0,13167,0,KY,0,13167
49740,FED,DIF,SM,Michigan,414025.0,0,First Community Bank,0,10.0,13179,1,MI,0,13179
58545,FDIC,DIF,NM,North Dakota,251837.0,0,Union State Bank of Hazen,0,4.0,13195,1,ND,0,13195
58793,FDIC,DIF,NM,North Dakota,70564.0,0,Peoples State Bank,0,2.0,13196,1,ND,0,13196
58104,FDIC,DIF,NM,North Dakota,1750393.0,0,Cornerstone Bank,0,12.0,13198,0,ND,0,13198
45844,FDIC,DIF,NM,Ohio,278416.0,0,The Fort Jennings State Bank,0,7.0,13209,0,OH,0,13209
43113,FDIC,DIF,NM,Ohio,517505.0,0,The Savings Bank,0,6.0,13216,0,OH,0,13216
45828,FDIC,DIF,NM,Ohio,842455.0,0,The Peoples Bank Co.,0,7.0,13220,0,OH,0,13220
53594,FDIC,DIF,NM,Wisconsin,245569.0,0,Farmers & Merchants State Bank,0,3.0,13242,0,WI,0,13242
49854,FED,DIF,SM,Michigan,182771.0,0,The State Savings Bank of Manistique,0,3.0,13249,0,MI,0,13249
68725,FDIC,DIF,NM,Nebraska,88730.0,0,Chambers State Bank,0,2.0,13251,0,NE,0,13251
68767,FED,DIF,SM,Nebraska,1245317.0,0,Midwest Bank,0,11.0,13255,0,NE,0,13255
54217,FDIC,DIF,NM,Wisconsin,724896.0,0,Bank of Luxemburg,0,9.0,13264,0,WI,0,13264
74016,FED,DIF,SM,Oklahoma,205476.0,0,Bank of Commerce,0,6.0,13274,0,OK,0,13274
13209,FED,DIF,SM,New York,1190928.0,0,Solvay Bank,0,10.0,13297,0,NY,0,13297
72046,FDIC,DIF,NM,Arkansas,329016.0,0,Bank of England,0,151.0,13303,0,AR,0,13303
47162,FDIC,DIF,NM,Indiana,769029.0,0,The New Washington State Bank,0,12.0,13305,0,IN,0,13305
95240,FDIC,DIF,NM,California,5836466.0,0,Farmers & Merchants Bank of Central California,0,34.0,1331,0,CA,0,1331
43512,FED,DIF,SM,Ohio,1597487.0,0,The State Bank and Trust Company,0,29.0,13339,0,OH,0,13339
43420,FED,DIF,SM,Ohio,1352351.0,0,The Croghan Colonial Bank,0,19.0,13341,0,OH,0,13341
73077,FED,DIF,SM,Oklahoma,433198.0,0,Exchange Bank and Trust Company,0,3.0,13366,1,OK,0,13366
63501,FDIC,DIF,NM,Missouri,164609.0,0,Northeast Missouri State Bank,0,2.0,13381,1,MO,0,13381
56087,FDIC,DIF,NM,Minnesota,141423.0,0,Farmers and Merchants State Bank of Springfield,0,2.0,13382,1,MN,0,13382
13502,FDIC,DIF,NM,New York,1447578.0,0,Bank of Utica,0,1.0,13397,0,NY,0,13397
75935,FDIC,DIF,NM,Texas,389110.0,0,Farmers State Bank,0,8.0,13407,1,TX,0,13407
73832,FDIC,DIF,NM,Oklahoma,83760.0,0,Farmers and Merchants Bank,0,1.0,13415,1,OK,0,13415
73834,FDIC,DIF,NM,Oklahoma,67355.0,0,Oklahoma State Bank,0,2.0,13416,1,OK,0,13416
68506,FDIC,DIF,NM,Nebraska,9188563.0,0,Union Bank and Trust Company,0,37.0,13421,0,NE,0,13421
56482,FED,DIF,SM,Minnesota,204497.0,0,Wadena State Bank,0,4.0,13430,1,MN,0,13430
67844,FDIC,DIF,NM,Kansas,98787.0,0,Integrity Bank,0,4.0,13450,1,KS,0,13450
53929,FDIC,DIF,NM,Wisconsin,808607.0,0,Royal Bank,0,21.0,13454,0,WI,0,13454
74643,FDIC,DIF,NM,Oklahoma,94515.0,0,The State Exchange Bank,0,1.0,13551,1,OK,0,13551
19522,FED,DIF,SM,Pennsylvania,398683.0,0,Fleetwood Bank,0,7.0,13561,0,PA,0,13561
53590,FDIC,DIF,NM,Wisconsin,716609.0,0,Bank of Sun Prairie,0,4.0,13565,0,WI,0,13565
62354,FDIC,DIF,NM,Illinois,37802.0,0,State Bank of Nauvoo,0,2.0,13582,0,IL,0,13582
78644,FDIC,DIF,NM,Texas,408875.0,0,First Lockhart Bank,0,5.0,13599,0,TX,0,13599
76691,FDIC,DIF,NM,Texas,137899.0,0,POINTWEST BANK,0,4.0,13600,1,TX,0,13600
68041,FDIC,DIF,NM,Nebraska,39963.0,0,Bank of Mead,0,2.0,13611,0,NE,0,13611
50060,FDIC,DIF,NM,Iowa,131549.0,0,Corydon State Bank,0,1.0,13616,1,IA,0,13616
69138,FDIC,DIF,NM,Nebraska,1183388.0,0,Dayspring Bank,0,10.0,13622,0,NE,0,13622
72802,FED,DIF,SM,Arkansas,612124.0,0,First State Bank,0,5.0,13632,0,AR,0,13632
67460,FDIC,DIF,NM,Kansas,1599701.0,0,Peoples Bank and Trust Company,0,21.0,1365,0,KS,0,1365
56345,FDIC,DIF,NM,Minnesota,387974.0,0,Pine Country Bank,0,5.0,13652,0,MN,0,13652
51351,FDIC,DIF,NM,Iowa,284537.0,0,United Community Bank,0,5.0,13656,1,IA,0,13656
68718,FDIC,DIF,NM,Nebraska,225134.0,0,"Farmers and Merchants State Bank, Bloomfield, Nebraska",0,6.0,13662,0,NE,0,13662
68720,FDIC,DIF,NM,Nebraska,174598.0,0,Brunswick State Bank,0,3.0,13692,1,NE,0,13692
68719,FDIC,DIF,NM,Nebraska,25347.0,0,Nebraska State Bank,0,1.0,13696,0,NE,0,13696
45331,OCC,DIF,N,Ohio,647746.0,0,Greenville National Bank,13944,10.0,13703,0,OH,0,13703
52556,FDIC,DIF,NM,Iowa,393890.0,0,The Libertyville Savings Bank,0,6.0,13712,1,IA,0,13712
51360,FDIC,DIF,NM,Iowa,91364.0,0,The State Bank,0,2.0,13715,1,IA,0,13715
66767,FDIC,DIF,NM,Kansas,16875.0,0,Prescott State Bank,0,1.0,13729,0,KS,0,13729
71457,FDIC,DIF,NM,Louisiana,1522511.0,0,BOM Bank,0,26.0,1373,0,LA,0,1373
51245,FDIC,DIF,NM,Iowa,298273.0,0,Savings Bank,0,3.0,13735,1,IA,0,13735
50655,FDIC,DIF,NM,Iowa,111778.0,0,Maynard Savings Bank,0,3.0,13736,1,IA,0,13736
52601,FDIC,DIF,NM,Iowa,210705.0,0,Farmers & Merchants Bank & Trust,0,4.0,13737,0,IA,0,13737
70788,FDIC,DIF,NM,Louisiana,88409.0,0,The Bank of Commerce,0,1.0,1374,1,LA,0,1374
13669,OCC,DIF,N,New York,285210.0,0,The Upstate National Bank,12018,4.0,13748,0,NY,0,13748
52726,FDIC,DIF,NM,Iowa,222154.0,0,Blue Grass Savings Bank,0,2.0,13753,0,IA,0,13753
70764,FDIC,DIF,NM,Louisiana,471372.0,0,Citizens Bank & Trust Company,0,7.0,1376,0,LA,0,1376
52209,FDIC,DIF,NM,Iowa,53241.0,0,Benton County State Bank,0,1.0,13774,0,IA,0,13774
37683,FDIC,DIF,NM,Tennessee,229858.0,0,Farmers State Bank,0,3.0,13775,0,TN,0,13775
49870,OCC,DIF,N,Michigan,193241.0,0,"Northern Interstate Bank, N. A.",6863,5.0,13784,0,MI,0,13784
64020,FDIC,DIF,NM,Missouri,131025.0,0,"Concordia Bank of Concordia, Missouri",0,4.0,13788,0,MO,0,13788
58413,FDIC,DIF,NM,North Dakota,121174.0,0,McIntosh County Bank,0,2.0,13794,1,ND,0,13794
66736,OCC,DIF,N,Kansas,101259.0,0,First National Bank in Fredonia,14370,1.0,13798,1,KS,0,13798
70722,FDIC,DIF,NM,Louisiana,170946.0,0,Feliciana Bank & Trust Company,0,3.0,1380,1,LA,0,1380
46763,FDIC,DIF,NM,Indiana,314518.0,0,Farmers and Merchants Bank,0,4.0,13801,1,IN,0,13801
45381,FED,DIF,SM,Ohio,139265.0,0,The Twin Valley Bank,0,5.0,13802,0,OH,0,13802
56055,OCC,DIF,N,Minnesota,197395.0,0,Minnstar Bank National Association,13972,2.0,13809,0,MN,0,13809
62274,OCC,DIF,N,Illinois,139251.0,0,First National Bank in Pinckneyville,13975,1.0,13813,0,IL,0,13813
52175,FED,DIF,SM,Iowa,167055.0,0,Bank 1st,0,3.0,13816,1,IA,0,13816
68786,FDIC,DIF,NM,Nebraska,253971.0,0,Commercial State Bank,0,3.0,13819,1,NE,0,13819
72396,FDIC,DIF,NM,Arkansas,564380.0,0,Cross Bank,0,10.0,13821,0,AR,0,13821
31637,FDIC,DIF,NM,Georgia,45085.0,0,The Trust Bank,0,3.0,13832,1,GA,0,13832
47951,FDIC,DIF,NM,Indiana,402166.0,0,Kentland Bank,0,5.0,13843,0,IN,0,13843
68516,FED,DIF,SM,Nebraska,1113298.0,0,First State Bank Nebraska,0,19.0,13868,1,NE,0,13868
16830,FED,DIF,SM,Pennsylvania,8496254.0,0,CNB Bank,0,82.0,13876,0,PA,0,13876
67460,FDIC,DIF,NM,Kansas,174585.0,0,The Farmers State Bank,0,4.0,13883,1,KS,0,13883
36862,FDIC,DIF,NM,Alabama,305625.0,0,Farmers and Merchants Bank,0,3.0,13887,0,AL,0,13887
69101,FDIC,DIF,NM,Nebraska,374791.0,0,Sandhills State Bank,0,10.0,13892,1,NE,0,13892
64429,FDIC,DIF,NM,Missouri,383616.0,0,Farmers State Bank,0,9.0,13897,0,MO,0,13897
62063,FDIC,DIF,NM,Illinois,22443.0,0,Farmers State Bank of Medora,0,1.0,13902,0,IL,0,13902
74701,OCC,DIF,N,Oklahoma,225205.0,0,First Texoma National Bank,14005,5.0,13905,0,OK,0,13905
55307,FDIC,DIF,NM,Minnesota,56607.0,0,Arlington State Bank,0,2.0,1391,1,MN,0,1391
78022,OCC,DIF,N,Texas,596956.0,0,"SouthTrust Bank, N.A.",14012,8.0,13919,1,TX,0,13919
67428,FDIC,DIF,NM,Kansas,36960.0,0,"The State Bank of Canton, Canton, Kansas",0,1.0,13926,0,KS,0,13926
51053,FDIC,DIF,NM,Iowa,39798.0,0,State Bank of Schaller,0,1.0,13931,0,IA,0,13931
73077,FDIC,DIF,NM,Oklahoma,260562.0,0,First Bank & Trust Company,0,4.0,13946,1,OK,0,13946
81101,FDIC,DIF,NM,Colorado,326178.0,0,Alamosa State Bank,0,1.0,13947,1,CO,0,13947
71052,FDIC,DIF,NM,Louisiana,854380.0,0,Community Bank of Louisiana,0,12.0,13951,1,LA,0,13951
51239,FED,DIF,SM,Iowa,1234983.0,0,Iowa State Bank,0,14.0,13953,0,IA,0,13953
38201,FDIC,DIF,NM,Tennessee,218079.0,0,Foundation Bank,0,9.0,13955,0,TN,0,13955
66781,FDIC,DIF,NM,Kansas,66016.0,0,CBW Bank,0,1.0,13959,0,KS,0,13959
65483,FDIC,DIF,NM,Missouri,64483.0,0,The Bank of Houston,0,2.0,13960,0,MO,0,13960
68739,FED,DIF,SM,Nebraska,147054.0,0,Bank of Hartington,0,2.0,13962,1,NE,0,13962
61326,OCC,DIF,N,Illinois,118221.0,0,The Granville National Bank,14035,2.0,13983,0,IL,0,13983
80202,OCC,DIF,N,Colorado,6881.0,0,"Transact Bank, National Association",8004,1.0,13986,0,CO,0,13986
55046,FED,DIF,SM,Minnesota,3688224.0,0,Frandsen Bank & Trust,0,41.0,1399,1,MN,0,1399
52324,FDIC,DIF,NM,Iowa,50393.0,0,Palo Savings Bank,0,1.0,13990,1,IA,0,13990
57059,FDIC,DIF,NM,South Dakota,36116.0,0,The Farmers and Merchants State Bank,0,1.0,13999,0,SD,0,13999
02114,FED,DIF,SM,Massachusetts,386546000.0,0,State Street Bank and Trust Company,0,3.0,14,0,MA,0,14
48118,FED,DIF,SM,Michigan,422333.0,0,Chelsea State Bank,0,4.0,14009,1,MI,0,14009
21769,FDIC,DIF,NM,Maryland,1153306.0,0,Middletown Valley Bank,0,8.0,14017,0,MD,0,14017
56222,FDIC,DIF,NM,Minnesota,1453104.0,0,Citizens Alliance Bank,0,17.0,1402,1,MN,0,1402
66056,FDIC,DIF,NM,Kansas,62412.0,0,"Farmers and Merchants Bank of Mound City, Kansas",0,1.0,14024,1,KS,0,14024
64079,FDIC,DIF,NM,Missouri,520075.0,0,Connections Bank,0,10.0,14025,0,MO,0,14025
68057,FDIC,DIF,NM,Nebraska,85976.0,0,Scribner Bank,0,1.0,14026,0,NE,0,14026
70401,FDIC,DIF,NM,Louisiana,3956090.0,0,First Guaranty Bank,0,30.0,14028,0,LA,0,14028
73120,FDIC,DIF,NM,Oklahoma,835338.0,0,First Liberty Bank,0,3.0,14029,0,OK,0,14029
63383,FED,DIF,SM,Missouri,474299.0,0,The Missouri Bank,0,7.0,14036,1,MO,0,14036
63077,FDIC,DIF,NM,Missouri,343040.0,0,Farmers and Merchants Bank of St. Clair,0,4.0,14056,0,MO,0,14056
68652,FDIC,DIF,NM,Nebraska,378329.0,0,Great Plains State Bank,0,5.0,14058,0,NE,0,14058
30635,FDIC,DIF,NM,Georgia,2345636.0,0,Vallant Bank,0,26.0,14065,0,GA,0,14065
68875,FDIC,DIF,NM,Nebraska,61629.0,0,State Bank of Scotia,0,1.0,14069,0,NE,0,14069
49242,OCC,DIF,N,Michigan,1331769.0,0,County National Bank,14062,15.0,14073,0,MI,0,14073
50638,FED,DIF,SM,Iowa,609234.0,0,GNB Bank,0,11.0,14079,1,IA,0,14079
67520,FDIC,DIF,NM,Kansas,143417.0,0,Bison State Bank,0,2.0,14083,0,KS,0,14083
56343,FDIC,DIF,NM,Minnesota,450823.0,0,Kensington Bank,0,7.0,1409,0,MN,0,1409
78355,OCC,DIF,N,Texas,84819.0,0,The First National Bank in Falfurrias,14072,1.0,14095,1,TX,0,14095
68351,FDIC,DIF,NM,Nebraska,59496.0,0,Generations Bank,0,1.0,14096,0,NE,0,14096
47429,FDIC,DIF,NM,Indiana,487411.0,0,The Peoples State Bank,0,15.0,14113,1,IN,0,14113
55324,FDIC,DIF,NM,Minnesota,155937.0,0,Perennial Bank,0,4.0,1413,1,MN,0,1413
05819,FDIC,DIF,SI,Vermont,925377.0,0,Passumpsic Savings Bank,0,12.0,14134,0,VT,0,14134
05081,FDIC,DIF,SI,Vermont,259539.0,1,Wells River Savings Bank,0,6.0,14136,0,VT,0,14136
05663,FDIC,DIF,SI,Vermont,1576055.0,0,Northfield Savings Bank,0,13.0,14140,0,VT,0,14140
56470,OCC,DIF,SB,Minnesota,140514.0,0,Northwoods Bank of Minnesota,714810,4.0,1415,1,MN,0,1415
05661,FDIC,DIF,NM,Vermont,1624523.0,0,Union Bank,0,21.0,14158,0,VT,0,14158
05478,FDIC,DIF,NM,Vermont,379999.0,0,Peoples Trust Company of St. Albans,0,5.0,14168,0,VT,0,14168
55037,OCC,DIF,N,Minnesota,314404.0,0,Woodlands National Bank,23926,7.0,1417,0,MN,0,1417
63377,FDIC,DIF,NM,Missouri,97058.0,0,Silex Banking Company,0,1.0,14178,0,MO,0,14178
64098,FDIC,DIF,NM,Missouri,240391.0,0,Bank of Weston,0,3.0,1418,0,MO,0,1418
36756,FDIC,DIF,NM,Alabama,351134.0,0,Marion Community Bank,0,7.0,14184,1,AL,0,14184
63830,FED,DIF,SM,Missouri,644452.0,0,"First State Bank and Trust Company, Inc.",0,7.0,14185,1,MO,0,14185
50424,FED,DIF,SM,Iowa,360859.0,0,Farmers Trust and Savings Bank,0,5.0,14195,1,IA,0,14195
50669,FDIC,DIF,NM,Iowa,1780330.0,0,Lincoln Savings Bank,0,16.0,14207,0,IA,0,14207
50543,FED,DIF,SM,Iowa,198802.0,0,Security Savings Bank,0,8.0,14208,1,IA,0,14208
52302,FDIC,DIF,NM,Iowa,1128929.0,0,Farmers State Bank,0,9.0,14209,1,IA,0,14209
54736,FED,DIF,SM,Wisconsin,1021358.0,0,Security Financial Bank,0,8.0,14222,1,WI,0,14222
46071,OCC,DIF,N,Indiana,176971.0,0,The Home National Bank of Thorntown,5842,2.0,14225,0,IN,0,14225
51551,FDIC,DIF,NM,Iowa,252275.0,0,Malvern Bank,0,1.0,14230,1,IA,0,14230
50441,FDIC,DIF,NM,Iowa,227647.0,0,United Bank and Trust Company,0,4.0,14247,1,IA,0,14247
63834,FDIC,DIF,NM,Missouri,885782.0,0,Focus Bank,0,11.0,1426,1,MO,0,1426
73572,FDIC,DIF,NM,Oklahoma,69886.0,0,Walters Bank and Trust Company,0,1.0,14260,1,OK,0,14260
68510,FED,DIF,SM,Nebraska,1032319.0,0,Cornhusker Bank,0,9.0,14264,1,NE,0,14264
54880,OCC,DIF,N,Wisconsin,2205753.0,0,National Bank of Commerce,14109,21.0,14266,1,WI,0,14266
66508,FDIC,DIF,NM,Kansas,436100.0,0,The Citizens State Bank,0,4.0,14269,1,KS,0,14269
65251,FDIC,DIF,NM,Missouri,98235.0,0,United Security Bank,0,3.0,1427,1,MO,0,1427
68406,FDIC,DIF,NM,Nebraska,211828.0,0,Farmers and Merchants Bank,0,2.0,14275,1,NE,0,14275
49837,FDIC,DIF,NM,Michigan,632092.0,0,"First Bank, Upper Michigan",0,9.0,14276,1,MI,0,14276
68456,FED,DIF,SM,Nebraska,78069.0,0,First Bank of Utica,0,4.0,14281,0,NE,0,14281
52653,FED,DIF,SM,Iowa,209462.0,0,BANK,0,7.0,14291,0,IA,0,14291
64482,FDIC,DIF,NM,Missouri,111338.0,0,Citizens Bank & Trust,0,2.0,14293,1,MO,0,14293
68956,FDIC,DIF,NM,Nebraska,241615.0,0,Adams County Bank,0,2.0,14311,1,NE,0,14311
68901,FED,DIF,SM,Nebraska,537504.0,0,Five Points Bank of Hastings,0,2.0,14312,0,NE,0,14312
53803,FDIC,DIF,NM,Wisconsin,123074.0,0,Conservation First Bank,0,3.0,14316,0,WI,0,14316
68462,FDIC,DIF,NM,Nebraska,539174.0,0,Horizon Bank,0,5.0,14327,0,NE,0,14327
74523,FED,DIF,SM,Oklahoma,670172.0,0,FirstBank,0,10.0,14331,0,OK,0,14331
15650,FDIC,DIF,NM,Pennsylvania,359713.0,0,Commercial Bank and Trust of PA,0,7.0,14333,0,PA,0,14333
63084,FDIC,DIF,NM,Missouri,583322.0,0,United Bank of Union,0,3.0,14334,1,MO,0,14334
68869,FED,DIF,SM,Nebraska,227138.0,0,Town & Country Bank,0,4.0,1434,0,NE,0,1434
67661,FED,DIF,SM,Kansas,42506.0,0,Farmers State Bank,0,1.0,14344,1,KS,0,14344
65560,FDIC,DIF,NM,Missouri,147168.0,0,Bank of Salem,0,2.0,14349,0,MO,0,14349
68847,FDIC,DIF,NM,Nebraska,1559458.0,0,Exchange Bank,0,8.0,1435,1,NE,0,1435
52353,FDIC,DIF,NM,Iowa,151163.0,0,Federation Bank,0,4.0,14352,1,IA,0,14352
43351,OCC,DIF,N,Ohio,380333.0,0,The First Citizens National Bank of Upper Sandusky,18783,8.0,14355,0,OH,0,14355
68454,FDIC,DIF,NM,Nebraska,120650.0,0,Countryside Bank,0,3.0,1438,0,NE,0,1438
52002,FDIC,DIF,NM,Iowa,2582570.0,0,Fidelity Bank & Trust,0,36.0,14382,0,IA,0,14382
68022,FDIC,DIF,NM,Nebraska,127844.0,0,American Interstate Bank,0,3.0,1439,1,NE,0,1439
52361,FDIC,DIF,NM,Iowa,198353.0,0,Farmers Trust & Savings Bank,0,2.0,14392,1,IA,0,14392
79521,OCC,DIF,N,Texas,75971.0,0,Haskell National Bank,14149,2.0,14399,1,TX,0,14399
54486,OCC,DIF,N,Wisconsin,30580.0,0,First National Bank in Tigerton,14150,2.0,14400,1,WI,0,14400
50211,FDIC,DIF,NM,Iowa,791630.0,0,City State Bank,0,9.0,14410,1,IA,0,14410
52556,FED,DIF,SM,Iowa,325288.0,0,"Iowa State Bank and Trust Company of Fairfield, Iowa",0,3.0,14413,0,IA,0,14413
52031,FDIC,DIF,NM,Iowa,181003.0,0,Bellevue State Bank,0,1.0,14415,1,IA,0,14415
67735,FDIC,DIF,NM,Kansas,286600.0,0,FNB Bank,0,5.0,14420,1,KS,0,14420
70634,OCC,DIF,N,Louisiana,425127.0,0,First National Bank in DeRidder,14168,7.0,14427,0,LA,0,14427
53925,FDIC,DIF,NM,Wisconsin,903793.0,0,Farmers and Merchants Union Bank,0,13.0,14445,0,WI,0,14445
63068,FDIC,DIF,NM,Missouri,362378.0,0,Citizens Bank,0,4.0,14488,0,MO,0,14488
23959,FED,DIF,SM,Virginia,224217.0,0,The Bank of Charlotte County,0,6.0,14491,0,VA,0,14491
63461,FDIC,DIF,NM,Missouri,727329.0,0,HomeBank,0,9.0,14492,1,MO,0,14492
25411,FDIC,DIF,NM,West Virginia,805206.0,0,"CNB Bank, Inc.",0,8.0,14507,0,WV,0,14507
48755,FED,DIF,SM,Michigan,691980.0,0,Thumb Bank and Trust,0,14.0,14513,0,MI,0,14513
50266,FED,DIF,SM,Iowa,2348968.0,0,Bank Iowa,0,25.0,14521,1,IA,0,14521
51632,FDIC,DIF,NM,Iowa,332347.0,0,PCSB Bank,0,7.0,14522,1,IA,0,14522
45813,FDIC,DIF,NM,Ohio,161953.0,0,The Antwerp Exchange Bank Company,0,3.0,14523,0,OH,0,14523
79101,OCC,DIF,N,Texas,10225871.0,0,Amarillo National Bank,14206,35.0,14531,1,TX,0,14531
63645,FDIC,DIF,NM,Missouri,449154.0,0,New Era Bank,0,8.0,14546,1,MO,0,14546
66771,FDIC,DIF,NM,Kansas,104767.0,0,Exchange State Bank,0,3.0,14556,0,KS,0,14556
54669,FDIC,DIF,NM,Wisconsin,119073.0,0,Union State Bank,0,2.0,14560,0,WI,0,14560
62450,OCC,DIF,N,Illinois,475547.0,0,First National Bank in Olney,14217,6.0,14567,0,IL,0,14567
56160,FDIC,DIF,NM,Minnesota,78897.0,0,Odin State Bank,0,1.0,14574,1,MN,0,14574
46761,FDIC,DIF,NM,Indiana,1260534.0,0,Farmers State Bank,0,12.0,14578,0,IN,0,14578
68629,FDIC,DIF,NM,Nebraska,76356.0,0,Clarkson Bank,0,1.0,14581,0,NE,0,14581
81082,OCC,DIF,N,Colorado,255985.0,0,The First National Bank in Trinidad,14222,5.0,14584,1,CO,0,14584
48104,FDIC,DIF,NM,Michigan,1142099.0,0,University Bank,0,2.0,14587,0,MI,0,14587
71953,FED,DIF,SM,Arkansas,709946.0,0,Union Bank,0,11.0,14597,1,AR,0,14597
65074,FDIC,DIF,NM,Missouri,254283.0,0,Community Point Bank,0,3.0,14604,1,MO,0,14604
13146,OCC,DIF,N,New York,192584.0,0,Savannah Bank National Association,12810,5.0,14619,1,NY,0,14619
52042,FDIC,DIF,NM,Iowa,616145.0,0,Community Savings Bank,0,11.0,14633,1,IA,0,14633
14080,FDIC,DIF,NM,New York,256103.0,0,Bank of Holland,0,3.0,1464,0,NY,0,1464
29654,FDIC,DIF,NM,South Carolina,289611.0,0,The Commercial Bank,0,8.0,14642,1,SC,0,14642
72104,OCC,DIF,N,Arkansas,722820.0,0,The Malvern National Bank,23202,15.0,14644,1,AR,0,14644
08344,OCC,DIF,N,New Jersey,887431.0,0,Newfield National Bank,14240,9.0,14646,0,NJ,0,14646
51529,FDIC,DIF,NM,Iowa,139727.0,0,Community Bank,0,7.0,14649,1,IA,0,14649
52235,FDIC,DIF,NM,Iowa,4671475.0,0,Hills Bank and Trust Company,0,21.0,14650,0,IA,0,14650
53578,FDIC,DIF,NM,Wisconsin,755328.0,0,Bank of Prairie du Sac,0,2.0,14660,0,WI,0,14660
62450,FDIC,DIF,NM,Illinois,636349.0,0,TrustBank,0,8.0,14662,1,IL,0,14662
61310,OCC,DIF,N,Illinois,321180.0,0,The First National Bank in Amboy,14244,5.0,14674,1,IL,0,14674
20011,FDIC,DIF,NM,District Of Columbia,774864.0,0,Industrial Bank,0,10.0,14679,0,DC,0,14679
38006,FED,DIF,SM,Tennessee,301078.0,0,Bank of Crockett,0,5.0,1468,0,TN,0,1468
50325,FED,DIF,SM,Iowa,524701.0,0,Peoples Bank,0,8.0,14692,1,IA,0,14692
50651,FDIC,DIF,NM,Iowa,123205.0,0,Cedar Valley Bank & Trust,0,2.0,14694,1,IA,0,14694
63552,FED,DIF,SM,Missouri,407420.0,0,MA Bank,0,3.0,14695,1,MO,0,14695
31061,FDIC,DIF,NM,Georgia,490660.0,0,Century Bank and Trust,0,3.0,147,0,GA,0,147
63869,FDIC,DIF,NM,Missouri,123241.0,0,Bank of New Madrid,0,3.0,14701,1,MO,0,14701
52742,FDIC,DIF,NM,Iowa,275014.0,0,DeWitt Bank & Trust Co.,0,2.0,14705,1,IA,0,14705
57532,OCC,DIF,N,South Dakota,2046492.0,0,First National Bank,14252,20.0,14712,0,SD,0,14712
49546,FDIC,DIF,NM,Michigan,381118.0,0,Union Bank,0,9.0,14722,0,MI,0,14722
81052,FDIC,DIF,NM,Colorado,431983.0,0,Frontier Bank,0,8.0,14730,1,CO,0,14730
31643,OCC,DIF,N,Georgia,134285.0,0,The Citizens National Bank of Quitman,14255,1.0,14731,0,GA,0,14731
42031,FED,DIF,SM,Kentucky,488254.0,0,"First Community Bank of the Heartland, Inc.",0,11.0,14735,1,KY,0,14735
26187,FDIC,DIF,NM,West Virginia,236950.0,0,"Williamstown Bank, Inc.",0,4.0,14744,0,WV,0,14744
37355,FDIC,DIF,NM,Tennessee,170365.0,0,Peoples Bank & Trust Company,0,1.0,1475,0,TN,0,1475
62231,FED,DIF,SM,Illinois,308529.0,0,1NB Bank,0,4.0,14761,0,IL,0,14761
53718,FDIC,DIF,NM,Wisconsin,830880.0,0,DMB Community Bank,0,2.0,14769,0,WI,0,14769
52645,FDIC,DIF,NM,Iowa,183337.0,0,Danville State Savings Bank,0,2.0,14772,1,IA,0,14772
50833,FDIC,DIF,NM,Iowa,208612.0,0,State Savings Bank,0,5.0,14773,1,IA,0,14773
76801,OCC,DIF,N,Texas,295967.0,0,Citizens National Bank at Brownwood,14273,2.0,14779,1,TX,0,14779
50158,FDIC,DIF,NM,Iowa,76907.0,0,Citizens Savings Bank,0,3.0,14785,1,IA,0,14785
30650,FDIC,DIF,NM,Georgia,449125.0,0,Bank of Madison,0,4.0,148,0,GA,0,148
58801,FDIC,DIF,NM,North Dakota,539700.0,0,First State Bank & Trust,0,4.0,14801,1,ND,0,14801
52035,FDIC,DIF,NM,Iowa,287539.0,0,Farmers Savings Bank,0,6.0,14807,1,IA,0,14807
50586,FDIC,DIF,NM,Iowa,264768.0,0,Heartland Bank,0,5.0,14809,1,IA,0,14809
51575,FDIC,DIF,NM,Iowa,459413.0,0,TS Bank,0,7.0,14812,0,IA,0,14812
13646,OCC,DIF,N,New York,25014.0,0,The Citizens National Bank of Hammond,10216,2.0,14820,0,NY,0,14820
45869,OCC,DIF,N,Ohio,457215.0,0,First National Bank in New Bremen,14294,6.0,14836,1,OH,0,14836
38459,FDIC,DIF,NM,Tennessee,433957.0,0,Bank of Frankewing,0,4.0,1484,0,TN,0,1484
37643,FDIC,DIF,NM,Tennessee,1401762.0,0,Citizens Bank,0,14.0,14851,1,TN,0,14851
56081,OCC,DIF,N,Minnesota,36877.0,0,The First National Bank at St. James,14296,1.0,14853,1,MN,0,14853
62301,FDIC,DIF,NM,Illinois,351915.0,0,State Street Bank and Trust Company,0,3.0,14857,1,IL,0,14857
78014,OCC,DIF,N,Texas,121387.0,0,Stockmens National Bank in Cotulla,14302,1.0,14864,1,TX,0,14864
50129,FDIC,DIF,NM,Iowa,485710.0,0,Home State Bank,0,2.0,14867,1,IA,0,14867
50680,FDIC,DIF,NM,Iowa,183581.0,0,Peoples Savings Bank,0,3.0,14868,0,IA,0,14868
38401,FED,DIF,SM,Tennessee,1794226.0,0,First Farmers and Merchants Bank,0,24.0,1487,0,TN,0,1487
46710,FED,DIF,SM,Indiana,521046.0,0,Community State Bank,0,5.0,14883,0,IN,0,14883
99901,FDIC,DIF,NM,Alaska,857321.0,0,First Bank,0,9.0,14885,1,AK,0,14885
40356,FDIC,DIF,NM,Kentucky,271101.0,0,The Farmers Bank,0,4.0,14894,0,KY,0,14894
74056,FED,DIF,SM,Oklahoma,1336844.0,0,Blue Sky Bank,0,15.0,14899,0,OK,0,14899
31539,FDIC,DIF,NM,Georgia,137460.0,0,Bank of Hazlehurst,0,2.0,149,1,GA,0,149
50568,FDIC,DIF,NM,Iowa,121004.0,0,First Community Bank,0,4.0,14904,1,IA,0,14904
54406,FDIC,DIF,NM,Wisconsin,100125.0,0,The International Bank of Amherst,0,1.0,14907,1,WI,0,14907
54871,FDIC,DIF,NM,Wisconsin,357524.0,0,Shell Lake State Bank,0,5.0,14911,1,WI,0,14911
68770,FDIC,DIF,NM,Nebraska,139475.0,0,Bank of Dixon County,0,3.0,14912,0,NE,0,14912
54207,FDIC,DIF,NM,Wisconsin,288247.0,0,Collins State Bank,0,6.0,14914,0,WI,0,14914
43524,FED,DIF,SM,Ohio,125589.0,0,The Hamler State Bank,0,1.0,14920,1,OH,0,14920
68788,FDIC,DIF,NM,Nebraska,361098.0,0,F&M Bank,0,6.0,14922,1,NE,0,14922
49431,FDIC,DIF,NM,Michigan,828074.0,0,West Shore Bank,0,9.0,14929,0,MI,0,14929
52531,FED,DIF,SM,Iowa,404316.0,0,First Iowa State Bank,0,6.0,14930,1,IA,0,14930
66801,FDIC,DIF,NM,Kansas,210756.0,0,The Lyon County State Bank,0,2.0,14952,1,KS,0,14952
53579,FDIC,DIF,NM,Wisconsin,157864.0,0,State Bank of Reeseville,0,3.0,14960,0,WI,0,14960
73701,OCC,DIF,N,Oklahoma,401369.0,0,The Security National Bank of Enid,14315,3.0,14966,1,OK,0,14966
17004,FDIC,DIF,NM,Pennsylvania,1980496.0,0,Kish Bank,0,18.0,14969,0,PA,0,14969
78061,FDIC,DIF,NM,Texas,1131558.0,0,Security State Bank,0,7.0,1497,0,TX,0,1497
66086,FDIC,DIF,NM,Kansas,511116.0,0,First State Bank and Trust,0,8.0,14974,0,KS,0,14974
50273,FDIC,DIF,NM,Iowa,146210.0,0,Union State Bank,0,3.0,14982,1,IA,0,14982
45346,FDIC,DIF,NM,Ohio,332821.0,0,The Farmers State Bank,0,9.0,14991,0,OH,0,14991
54658,FDIC,DIF,NM,Wisconsin,1052694.0,0,River Bank,0,13.0,14995,1,WI,0,14995
48467,FDIC,DIF,NM,Michigan,68351.0,0,The Port Austin State Bank,0,1.0,14999,1,MI,0,14999
68601,FDIC,DIF,NM,Nebraska,276188.0,0,Columbus Bank and Trust Company,0,2.0,15010,1,NE,0,15010
28387,FED,DIF,SM,North Carolina,12937641.0,0,First Bank,0,116.0,15019,0,NC,0,15019
48021,FED,DIF,SM,Michigan,1348773.0,0,First State Bank,0,11.0,15032,0,MI,0,15032
72006,FED,DIF,SM,Arkansas,166764.0,0,Riverwind Bank,0,4.0,15035,0,AR,0,15035
67013,FDIC,DIF,NM,Kansas,202483.0,0,The Valley State Bank,0,5.0,15038,0,KS,0,15038
53560,FDIC,DIF,NM,Wisconsin,393818.0,0,The Peoples Community Bank,0,6.0,15046,0,WI,0,15046
72086,FDIC,DIF,NM,Arkansas,325537.0,0,First State Bank,0,6.0,15050,0,AR,0,15050
71270,OCC,DIF,N,Louisiana,473507.0,0,Louisiana National Bank,14328,10.0,15059,0,LA,0,15059
76849,OCC,DIF,N,Texas,95420.0,0,Junction National Bank,14330,1.0,15078,1,TX,0,15078
29379,FDIC,DIF,NM,South Carolina,825812.0,0,Arthur State Bank,0,19.0,15085,0,SC,0,15085
53562,FDIC,DIF,NM,Wisconsin,3334131.0,0,Lake Ridge Bank,0,20.0,15091,0,WI,0,15091
53581,FDIC,DIF,NM,Wisconsin,113602.0,0,Richland County Bank,0,1.0,15092,1,WI,0,15092
66520,FDIC,DIF,NM,Kansas,43190.0,0,Union State Bank,0,2.0,15098,1,KS,0,15098
63876,FDIC,DIF,NM,Missouri,101898.0,0,Senath State Bank,0,3.0,15101,1,MO,0,15101
29745,FDIC,DIF,NM,South Carolina,308903.0,0,Bank of York,0,4.0,15104,0,SC,0,15104
78839,FDIC,DIF,NM,Texas,79487.0,0,Zavala County Bank,0,2.0,15105,0,TX,0,15105
66852,FDIC,DIF,NM,Kansas,336820.0,0,The Citizens State Bank,0,10.0,15111,0,KS,0,15111
29056,FDIC,DIF,NM,South Carolina,157677.0,0,Bank of Greeleyville,0,3.0,15113,1,SC,0,15113
74037,FDIC,DIF,NM,Oklahoma,2014346.0,0,Gateway First Bank,0,16.0,15118,0,OK,0,15118
54601,FDIC,DIF,NM,Wisconsin,652985.0,0,Citizens State Bank of La Crosse,0,4.0,1513,1,WI,0,1513
53965,FDIC,DIF,NM,Wisconsin,1073149.0,0,Bank of Wisconsin Dells,0,3.0,15136,0,WI,0,15136
54121,FDIC,DIF,NM,Wisconsin,221818.0,0,Great North Bank,0,3.0,15146,0,WI,0,15146
54615,FDIC,DIF,NM,Wisconsin,100734.0,0,Black River Country Bank,0,2.0,15152,1,WI,0,15152
66549,FDIC,DIF,NM,Kansas,255455.0,0,The Farmers State Bank of Westmoreland,0,3.0,15164,0,KS,0,15164
49862,FDIC,DIF,NM,Michigan,188147.0,0,Peoples State Bank of Munising,0,5.0,15165,0,MI,0,15165
67860,FDIC,DIF,NM,Kansas,329115.0,0,KCB Bank,0,2.0,15194,1,KS,0,15194
52101,FDIC,DIF,NM,Iowa,779937.0,0,Decorah Bank & Trust Company,0,3.0,15200,1,IA,0,15200
38119,FDIC,DIF,NM,Tennessee,491149.0,0,Bank3,0,6.0,15205,0,TN,0,15205
75751,FDIC,DIF,NM,Texas,778585.0,0,First State Bank,0,8.0,15206,0,TX,0,15206
43072,OCC,DIF,N,Ohio,98989.0,0,The First Central National Bank of St. Paris,2488,4.0,15214,0,OH,0,15214
30436,FDIC,DIF,NM,Georgia,193753.0,0,Peoples Bank,0,2.0,15216,0,GA,0,15216
54130,FDIC,DIF,NM,Wisconsin,166911.0,0,The Bank of Kaukauna,0,1.0,15228,0,WI,0,15228
53719,FDIC,DIF,NM,Wisconsin,4320998.0,0,First Business Bank,0,5.0,15229,0,WI,0,15229
67855,FDIC,DIF,NM,Kansas,100673.0,0,Johnson State Bank,0,2.0,15237,1,KS,0,15237
54806,FDIC,DIF,NM,Wisconsin,328842.0,0,Northern State Bank,0,7.0,15242,1,WI,0,15242
25526,FED,DIF,SM,West Virginia,709760.0,0,Putnam County Bank,0,5.0,15243,0,WV,0,15243
40011,FDIC,DIF,NM,Kentucky,226433.0,0,United Citizens Bank & Trust Company,0,7.0,15249,0,KY,0,15249
66846,FDIC,DIF,NM,Kansas,88336.0,0,The Citizens State Bank and Trust Company,0,7.0,15254,1,KS,0,15254
38230,FDIC,DIF,NM,Tennessee,149253.0,0,Greenfield Banking Company,0,2.0,15255,0,TN,0,15255
66436,FDIC,DIF,NM,Kansas,84550.0,0,The Farmers State Bank,0,1.0,15258,0,KS,0,15258
66938,FDIC,DIF,NM,Kansas,141245.0,0,Elk State Bank,0,3.0,15259,0,KS,0,15259
67951,FDIC,DIF,NM,Kansas,142960.0,0,The Citizens State Bank,0,1.0,15261,0,KS,0,15261
65069,FDIC,DIF,NM,Missouri,830585.0,0,Peoples Savings Bank of Rhineland,0,15.0,15264,0,MO,0,15264
71958,FED,DIF,SM,Arkansas,947203.0,0,Diamond Bank,0,14.0,1527,1,AR,0,1527
35805,FDIC,DIF,NM,Alabama,524764.0,0,Merit Bank,0,1.0,15270,0,AL,0,15270
54961,FDIC,DIF,NM,Wisconsin,553584.0,0,First State Bank,0,8.0,15271,0,WI,0,15271
50219,FDIC,DIF,NM,Iowa,620283.0,0,Marion County State Bank,0,5.0,15272,1,IA,0,15272
71923,FED,DIF,SM,Arkansas,2810125.0,0,Southern Bancorp Bank,0,57.0,1528,0,AR,0,1528
63084,FDIC,DIF,NM,Missouri,329785.0,0,Heritage Community Bank,0,5.0,15282,1,MO,0,15282
56701,FDIC,DIF,NM,Minnesota,482154.0,0,Northern State Bank of Thief River Falls,0,3.0,15286,1,MN,0,15286
66436,FDIC,DIF,NM,Kansas,468301.0,0,The Denison State Bank,0,5.0,15305,1,KS,0,15305
58540,FDIC,DIF,NM,North Dakota,320978.0,0,TruCommunity Bank,0,4.0,15306,0,ND,0,15306
35653,FDIC,DIF,NM,Alabama,2938465.0,0,"CB&S Bank, Inc.",0,55.0,15310,0,AL,0,15310
50126,FDIC,DIF,NM,Iowa,204190.0,0,Iowa Falls State Bank,0,2.0,15311,0,IA,0,15311
50595,FDIC,DIF,NM,Iowa,629629.0,0,First State Bank,0,9.0,15321,0,IA,0,15321
66608,FDIC,DIF,NM,Kansas,534328.0,0,Silver Lake Bank,0,7.0,15323,0,KS,0,15323
55336,FDIC,DIF,NM,Minnesota,1290968.0,0,Security Bank & Trust Company,0,26.0,15324,1,MN,0,15324
43358,FDIC,DIF,NM,Ohio,53506.0,0,The Union Banking Company,0,2.0,15326,1,OH,0,15326
50022,FED,DIF,SM,Iowa,482142.0,0,Rolling Hills Bank & Trust,0,12.0,15334,0,IA,0,15334
30471,FDIC,DIF,NM,Georgia,303282.0,0,"Durden Banking Company, Incorporated",0,4.0,15336,1,GA,0,15336
78861,FED,DIF,SM,Texas,660208.0,0,TXN Bank,0,7.0,15345,0,TX,0,15345
78160,FDIC,DIF,NM,Texas,60549.0,0,Commerce Bank Texas,0,2.0,15346,0,TX,0,15346
65584,FDIC,DIF,NM,Missouri,162478.0,0,Security Bank of Pulaski County,0,3.0,15347,0,MO,0,15347
73601,FED,DIF,SM,Oklahoma,58821.0,0,First Bank and Trust Company,0,1.0,15348,1,OK,0,15348
78124,FDIC,DIF,NM,Texas,147614.0,0,Marion State Bank,0,1.0,15355,1,TX,0,15355
28365,FDIC,DIF,NM,North Carolina,5251445.0,0,Southern Bank and Trust Company,0,56.0,15359,0,NC,0,15359
95202,FDIC,DIF,NM,California,4834846.0,0,Bank of Stockton,0,21.0,1536,0,CA,0,1536
59412,FED,DIF,SM,Montana,90151.0,0,Belt Valley Bank,0,1.0,15362,0,MT,0,15362
68771,FDIC,DIF,NM,Nebraska,88057.0,0,First State Bank,0,1.0,15364,1,NE,0,15364
76642,FDIC,DIF,NM,Texas,195499.0,0,Farmers State Bank,0,6.0,15367,1,TX,0,15367
74017,FED,DIF,SM,Oklahoma,4073384.0,0,RCB Bank,0,62.0,15399,1,OK,0,15399
51566,FDIC,DIF,NM,Iowa,218723.0,0,Houghton State Bank,0,5.0,15405,0,IA,0,15405
63445,FDIC,DIF,NM,Missouri,145011.0,0,"Peoples Bank of Wyaconda, Missouri",0,3.0,15415,0,MO,0,15415
63384,FDIC,DIF,NM,Missouri,986383.0,0,American Bank of Freedom,0,12.0,15423,0,MO,0,15423
52208,FDIC,DIF,NM,Iowa,198252.0,0,Chelsea Savings Bank,0,5.0,15427,1,IA,0,15427
76945,FDIC,DIF,NM,Texas,46643.0,0,Robert Lee State Bank,0,1.0,15442,0,TX,0,15442
55042,FDIC,DIF,NM,Minnesota,530932.0,0,Lake Elmo Bank,0,9.0,15443,1,MN,0,15443
58801,FDIC,DIF,NM,North Dakota,660500.0,0,American State Bank & Trust Company of Williston,0,2.0,15444,1,ND,0,15444
50010,OCC,DIF,N,Iowa,1092193.0,0,"First National Bank, Ames, Iowa",10408,10.0,1545,0,IA,0,1545
79370,FDIC,DIF,NM,Texas,129952.0,0,Spur Security Bank,0,2.0,15460,0,TX,0,15460
75559,FDIC,DIF,NM,Texas,521074.0,0,State Bank of De Kalb,0,7.0,15463,1,TX,0,15463
32784,FDIC,DIF,NM,Florida,842840.0,0,United Southern Bank,0,14.0,15465,0,FL,0,15465
67572,FDIC,DIF,NM,Kansas,48770.0,0,The First State Bank of Ransom,0,2.0,15469,0,KS,0,15469
52544,FDIC,DIF,NM,Iowa,211364.0,0,Iowa Trust and Savings Bank,0,2.0,1547,1,IA,0,1547
58270,FDIC,DIF,NM,North Dakota,739608.0,0,First United Bank,0,16.0,15472,1,ND,0,15472
31709,FDIC,DIF,NM,Georgia,506507.0,0,Citizens Bank of Americus,0,3.0,15477,0,GA,0,15477
58220,FDIC,DIF,NM,North Dakota,722966.0,0,United Valley Bank,0,9.0,15478,1,ND,0,15478
76834,FDIC,DIF,NM,Texas,291455.0,0,Coleman County State Bank,0,7.0,15480,1,TX,0,15480
65775,FDIC,DIF,NM,Missouri,764848.0,0,West Plains Bank and Trust Company,0,7.0,15489,1,MO,0,15489
39823,FDIC,DIF,NM,Georgia,664142.0,0,First State Bank of Blakely,0,8.0,15496,0,GA,0,15496
31622,FDIC,DIF,NM,Georgia,250723.0,0,Bank of Alapaha,0,4.0,155,0,GA,0,155
52241,FED,DIF,SM,Iowa,441188.0,0,Central State Bank,0,9.0,1550,1,IA,0,1550
78052,FDIC,DIF,NM,Texas,112568.0,0,"The Lytle State Bank of Lytle, Texas",0,1.0,15501,0,TX,0,15501
74525,FED,DIF,SM,Oklahoma,462187.0,0,Ameristate Bank,0,7.0,15510,1,OK,0,15510
76240,FED,DIF,SM,Texas,1814144.0,0,First State Bank,0,14.0,15511,0,TX,0,15511
76861,FDIC,DIF,NM,Texas,280464.0,0,Citizens State Bank,0,2.0,15519,1,TX,0,15519
52761,FED,DIF,SM,Iowa,1657965.0,0,CBI Bank & Trust,0,24.0,1552,0,IA,0,1552
76252,FDIC,DIF,NM,Texas,221060.0,0,Muenster State Bank,0,2.0,15523,1,TX,0,15523
51537,FDIC,DIF,NM,Iowa,539970.0,0,The Shelby County State Bank,0,14.0,1553,0,IA,0,1553
47987,FDIC,DIF,NM,Indiana,118416.0,0,CentreBank,0,6.0,15532,0,IN,0,15532
58218,FDIC,DIF,NM,North Dakota,413448.0,0,First State Bank,0,5.0,15539,1,ND,0,15539
64601,FDIC,DIF,NM,Missouri,139134.0,0,Chillicothe State Bank,0,2.0,15546,0,MO,0,15546
71653,FED,DIF,SM,Arkansas,83371.0,0,Bank of Lake Village,0,2.0,15547,0,AR,0,15547
50588,FED,DIF,SM,Iowa,2249066.0,0,Central Bank,0,23.0,15555,0,IA,0,15555
50044,FDIC,DIF,NM,Iowa,117223.0,0,Twin Cedars Bank,0,4.0,1556,0,IA,0,1556
57717,FDIC,DIF,NM,South Dakota,985886.0,0,Pioneer Bank & Trust,0,7.0,15562,0,SD,0,15562
62959,FDIC,DIF,NM,Illinois,1045859.0,0,First Southern Bank,0,19.0,15565,0,IL,0,15565
47933,FDIC,DIF,NM,Indiana,351012.0,0,Hoosier Heartland State Bank,0,7.0,15566,1,IN,0,15566
38478,OCC,DIF,N,Tennessee,1507769.0,0,First National Bank of Pulaski,14619,14.0,15572,0,TN,0,15572
56293,FDIC,DIF,NM,Minnesota,94259.0,0,Integrity Bank Plus,0,2.0,15578,1,MN,0,15578
31321,FDIC,DIF,NM,Georgia,210156.0,0,First Bank of Coastal Georgia,0,2.0,15580,0,GA,0,15580
65804,FDIC,DIF,NM,Missouri,937577.0,0,Mid-Missouri Bank,0,14.0,15584,0,MO,0,15584
48720,FDIC,DIF,NM,Michigan,150062.0,0,Bay Port State Bank,0,4.0,15585,0,MI,0,15585
42718,FDIC,DIF,NM,Kentucky,248692.0,0,Taylor County Bank,0,4.0,15590,1,KY,0,15590
57451,FDIC,DIF,NM,South Dakota,70921.0,0,Ipswich State Bank,0,1.0,15593,1,SD,0,15593
55946,FDIC,DIF,NM,Minnesota,71190.0,0,Security State Bank of Kenyon,0,1.0,15597,1,MN,0,15597
58352,FDIC,DIF,NM,North Dakota,202230.0,0,Horizon Financial Bank,0,5.0,15598,0,ND,0,15598
64644,FDIC,DIF,NM,Missouri,120106.0,0,The Hamilton Bank,0,3.0,15606,1,MO,0,15606
50273,FDIC,DIF,NM,Iowa,265457.0,0,Farmers and Merchants State Bank,0,4.0,15610,0,IA,0,15610
50266,FDIC,DIF,NM,Iowa,4010344.0,0,West Bank,0,12.0,15614,0,IA,0,15614
40033,FDIC,DIF,NM,Kentucky,195257.0,0,Peoples Bank,0,4.0,1562,0,KY,0,1562
55936,FDIC,DIF,NM,Minnesota,99837.0,0,First Farmers & Merchants State Bank of Grand Meadow,0,3.0,15621,0,MN,0,15621
57362,FDIC,DIF,NM,South Dakota,244774.0,0,Quoin Financial Bank,0,3.0,15629,0,SD,0,15629
46140,FDIC,DIF,NM,Indiana,908988.0,0,Greenfield Banking Company,0,8.0,15632,0,IN,0,15632
50201,FDIC,DIF,NM,Iowa,198766.0,0,State Bank & Trust Co.,0,1.0,15651,0,IA,0,15651
76712,FDIC,DIF,NM,Texas,1306019.0,0,Alliance Bank Central Texas,0,8.0,15657,0,TX,0,15657
40071,FDIC,DIF,NM,Kentucky,142941.0,0,The Peoples Bank,0,2.0,1566,1,KY,0,1566
39367,FDIC,DIF,NM,Mississippi,949847.0,0,First State Bank,0,16.0,15663,0,MS,0,15663
26250,FDIC,DIF,NM,West Virginia,420343.0,0,"Freedom Bank, Inc.",0,10.0,15664,0,WV,0,15664
76844,FDIC,DIF,NM,Texas,465591.0,0,MCBank,0,4.0,15669,1,TX,0,15669
29102,FDIC,DIF,NM,South Carolina,455614.0,0,The Bank of Clarendon,0,5.0,15671,0,SC,0,15671
42718,FDIC,DIF,NM,Kentucky,381482.0,0,Citizens Bank & Trust Company,0,4.0,15675,0,KY,0,15675
46986,FDIC,DIF,NM,Indiana,395863.0,0,Grant County State Bank,0,3.0,15687,1,IN,0,15687
50428,FED,DIF,SM,Iowa,647331.0,0,Clear Lake Bank and Trust Company,0,5.0,15690,1,IA,0,15690
31510,FDIC,DIF,NM,Georgia,569564.0,0,Pineland Bank,0,9.0,15699,0,GA,0,15699
65746,FDIC,DIF,NM,Missouri,224965.0,0,The Seymour Bank,0,3.0,15701,0,MO,0,15701
40004,FDIC,DIF,NM,Kentucky,432103.0,0,Town & Country Bank and Trust Company,0,5.0,15703,0,KY,0,15703
42539,FED,DIF,SM,Kentucky,473804.0,0,"The Casey County Bank, Inc.",0,5.0,15708,0,KY,0,15708
58638,OCC,DIF,N,North Dakota,1387693.0,0,"Dakota Community Bank & Trust, National Association",24604,13.0,15728,1,ND,0,15728
72342,FDIC,DIF,NM,Arkansas,404085.0,0,Partners Bank,0,10.0,15729,0,AR,0,15729
76638,FDIC,DIF,NM,Texas,168979.0,0,Security Bank of Texas,0,4.0,15731,0,TX,0,15731
57013,FDIC,DIF,NM,South Dakota,549613.0,0,Security Savings Bank,0,8.0,15734,1,SD,0,15734
58646,FDIC,DIF,NM,North Dakota,145733.0,0,Commercial Bank of Mott,0,1.0,15741,1,ND,0,15741
57332,FDIC,DIF,NM,South Dakota,61776.0,0,The Security State Bank,0,2.0,15749,0,SD,0,15749
64085,FDIC,DIF,NM,Missouri,93298.0,0,Flat Branch Bank,0,2.0,15751,0,MO,0,15751
61342,FDIC,DIF,NM,Illinois,1578856.0,0,First State Bank,0,20.0,15752,0,IL,0,15752
62806,OCC,DIF,N,Illinois,353381.0,0,Citizens National Bank of Albion,14435,5.0,15760,0,IL,0,15760
74871,FDIC,DIF,NM,Oklahoma,36111.0,0,First American Bank,0,1.0,15762,1,OK,0,15762
62075,OCC,DIF,N,Illinois,182740.0,0,FIRST NATIONAL BANK OF NOKOMIS,14436,4.0,15763,1,IL,0,15763
30553,FDIC,DIF,NM,Georgia,650820.0,0,Northeast Georgia Bank,0,9.0,15771,1,GA,0,15771
52637,FDIC,DIF,NM,Iowa,272632.0,0,Mediapolis Savings Bank,0,5.0,15772,1,IA,0,15772
73759,FED,DIF,SM,Oklahoma,59274.0,0,Grant County Bank,0,1.0,15778,1,OK,0,15778
54923,FED,DIF,SM,Wisconsin,949001.0,0,The Farmers & Merchants Bank,0,2.0,15779,0,WI,0,15779
67022,FED,DIF,SM,Kansas,94525.0,0,"The Stock Exchange Bank, Caldwell, Kansas",0,2.0,15784,0,KS,0,15784
65046,FDIC,DIF,NM,Missouri,84349.0,0,Peoples Bank of Moniteau County,0,2.0,15792,0,MO,0,15792
78209,OCC,DIF,N,Texas,5740527.0,0,Broadway National Bank,14447,34.0,15797,1,TX,0,15797
54950,FDIC,DIF,NM,Wisconsin,562240.0,0,Premier Community Bank,0,11.0,15799,0,WI,0,15799
38824,FED,DIF,SM,Mississippi,567075.0,0,Farmers and Merchants Bank,0,12.0,15801,0,MS,0,15801
50309,FDIC,DIF,NM,Iowa,464326.0,0,Iowa State Bank,0,5.0,15808,1,IA,0,15808
78624,FDIC,DIF,NM,Texas,1981114.0,0,Security State Bank & Trust,0,22.0,15809,1,TX,0,15809
40507,FDIC,DIF,NM,Kentucky,3992204.0,0,Central Bank & Trust Co.,0,28.0,15815,0,KY,0,15815
38725,FDIC,DIF,NM,Mississippi,98319.0,0,Genesis Bank,0,1.0,15817,0,MS,0,15817
56548,FDIC,DIF,NM,Minnesota,120156.0,0,Red River State Bank,0,2.0,15820,1,MN,0,15820
30414,FDIC,DIF,NM,Georgia,294765.0,0,The Claxton Bank,0,4.0,15826,0,GA,0,15826
50511,FDIC,DIF,NM,Iowa,114750.0,0,Security State Bank,0,4.0,15839,0,IA,0,15839
57564,FDIC,DIF,NM,South Dakota,61935.0,0,Sunrise Bank Dakota,0,1.0,15847,1,SD,0,15847
66425,FDIC,DIF,NM,Kansas,25183.0,0,The Farmers State Bank,0,1.0,15853,1,KS,0,15853
38663,FDIC,DIF,NM,Mississippi,582218.0,0,The Peoples Bank,0,6.0,15871,0,MS,0,15871
61051,FDIC,DIF,NM,Illinois,212671.0,0,Milledgeville State Bank,0,1.0,15873,1,IL,0,15873
46310,FED,DIF,SM,Indiana,606156.0,0,DeMotte State Bank,0,10.0,15883,0,IN,0,15883
77351,FED,DIF,SM,Texas,724360.0,0,First State Bank of Livingston,0,8.0,15898,0,TX,0,15898
67550,FED,DIF,SM,Kansas,233583.0,0,Fusion Bank,0,3.0,15899,1,KS,0,15899
31017,FDIC,DIF,NM,Georgia,89515.0,0,The Four County Bank,0,1.0,15904,1,GA,0,15904
67432,FED,DIF,SM,Kansas,199094.0,0,Union State Bank,0,4.0,15908,0,KS,0,15908
06810,FDIC,DIF,SI,Connecticut,1694155.0,0,Ives Bank,0,16.0,15912,0,CT,0,15912
60401,FED,DIF,SM,Illinois,202541.0,0,First Community Bank and Trust,0,2.0,15913,0,IL,0,15913
50161,FDIC,DIF,NM,Iowa,28059.0,0,Maxwell State Bank,0,1.0,15930,0,IA,0,15930
29114,FDIC,DIF,NM,South Carolina,1164386.0,0,The Citizens Bank,0,26.0,15932,0,SC,0,15932
78880,FDIC,DIF,NM,Texas,142614.0,0,Peoples State Bank,0,2.0,15939,1,TX,0,15939
60130,OCC,DIF,N,Illinois,320396.0,0,Forest Park National Bank and Trust Company,14566,2.0,15945,1,IL,0,15945
50619,FDIC,DIF,NM,Iowa,389576.0,0,Iowa State Bank,0,3.0,15947,1,IA,0,15947
39038,FDIC,DIF,NM,Mississippi,3011349.0,0,Guaranty Bank and Trust Company,0,43.0,15953,0,MS,0,15953
13069,FDIC,DIF,SI,New York,493036.0,1,Fulton Savings Bank,0,6.0,15966,0,NY,0,15966
12401,FDIC,DIF,SI,New York,510424.0,1,Rondout Savings Bank,0,5.0,15969,0,NY,0,15969
12401,FDIC,DIF,SI,New York,1371883.0,1,Ulster Savings Bank,0,15.0,15970,0,NY,0,15970
12549,OCC,DIF,SB,New York,977293.0,1,Walden Savings Bank,718043,11.0,15987,0,NY,0,15987
13601,FDIC,DIF,SI,New York,970247.0,1,Watertown Savings Bank,0,10.0,15990,0,NY,0,15990
31061,FDIC,DIF,NM,Georgia,414288.0,0,Exchange Bank,0,4.0,160,0,GA,0,160
55918,FDIC,DIF,NM,Minnesota,96583.0,0,First Farmers & Merchants State Bank,0,2.0,1600,0,MN,0,1600
11385,FDIC,DIF,SI,New York,7540183.0,1,Ridgewood Savings Bank,0,38.0,16026,0,NY,0,16026
13617,FDIC,DIF,SI,New York,365957.0,1,The North Country Savings Bank,0,8.0,16030,0,NY,0,16030
12572,FDIC,DIF,SI,New York,1284609.0,0,Rhinebeck Bank,0,16.0,16032,0,NY,0,16032
12477,FDIC,DIF,SI,New York,278821.0,1,Sawyer Savings Bank,0,4.0,16039,0,NY,0,16039
56601,FDIC,DIF,NM,Minnesota,275649.0,0,Security Bank USA,0,2.0,1604,1,MN,0,1604
10168,FDIC,DIF,SI,New York,19231898.0,0,Apple Bank,0,82.0,16068,0,NY,0,16068
55330,FDIC,DIF,NM,Minnesota,714696.0,0,The Bank of Elk River,0,4.0,1607,1,MN,0,1607
70578,FDIC,DIF,NM,Louisiana,573813.0,0,Rayne State Bank & Trust Company,0,7.0,16075,1,LA,0,16075
68467,FDIC,DIF,NM,Nebraska,204221.0,0,York State Bank,0,4.0,16079,0,NE,0,16079
52336,FDIC,DIF,NM,Iowa,54915.0,0,The Exchange State Bank,0,2.0,16094,0,IA,0,16094
55021,FDIC,DIF,NM,Minnesota,323153.0,0,The State Bank of Faribault,0,3.0,1610,1,MN,0,1610
06460,FDIC,DIF,SI,Connecticut,652672.0,1,The Milford Bank,0,6.0,16101,0,CT,0,16101
64633,FDIC,DIF,NM,Missouri,207651.0,0,"Carroll County Trust Company of Carrollton, Missouri",0,3.0,1611,1,MO,0,1611
55116,FDIC,DIF,NM,Minnesota,769765.0,0,Highland Bank,0,8.0,16111,1,MN,0,16111
70525,FDIC,DIF,NM,Louisiana,174173.0,0,Farmers State Bank & Trust Co.,0,5.0,16114,1,LA,0,16114
68633,FDIC,DIF,NM,Nebraska,509370.0,0,Nebraska Bank,0,10.0,16116,1,NE,0,16116
64739,FDIC,DIF,NM,Missouri,77742.0,0,Sherwood Community Bank,0,4.0,1612,1,MO,0,1612
66531,FDIC,DIF,NM,Kansas,130343.0,0,"The Riley State Bank of Riley, Kansas",0,4.0,16120,1,KS,0,16120
80810,FDIC,DIF,NM,Colorado,716298.0,0,The Eastern Colorado Bank,0,8.0,16125,1,CO,0,16125
65401,FDIC,DIF,NM,Missouri,249368.0,0,Citizens Bank of the Midwest,0,3.0,16126,0,MO,0,16126
73110,FED,DIF,SM,Oklahoma,496309.0,0,FNB Community Bank,0,7.0,16127,1,OK,0,16127
99501,OCC,DIF,N,Alaska,5083974.0,0,First National Bank Alaska,12072,27.0,16130,0,AK,0,16130
51301,FED,DIF,SM,Iowa,75518.0,0,State Bank,0,3.0,16151,1,IA,0,16151
31024,FDIC,DIF,NM,Georgia,273318.0,0,The Peoples Bank,0,2.0,16152,0,GA,0,16152
68636,FED,DIF,SM,Nebraska,83957.0,0,Bank of Elgin,0,1.0,16154,1,NE,0,16154
65248,FED,DIF,SM,Missouri,447040.0,0,Exchange Bank of Missouri,0,6.0,1616,0,MO,0,1616
53188,FDIC,DIF,NM,Wisconsin,1633576.0,0,Waukesha State Bank,0,15.0,16160,1,WI,0,16160
57632,FDIC,DIF,NM,South Dakota,247069.0,0,"Campbell County Bank, Inc.",0,4.0,16161,1,SD,0,16161
65734,FDIC,DIF,NM,Missouri,242736.0,0,First State Bank of the Ozarks,0,5.0,16162,1,MO,0,16162
43540,FED,DIF,SM,Ohio,100155.0,0,Bank419,0,3.0,16167,0,OH,0,16167
63775,FDIC,DIF,NM,Missouri,4236274.0,0,The Bank of Missouri,0,31.0,1617,0,MO,0,1617
35481,FDIC,DIF,NM,Alabama,928249.0,0,West Alabama Bank & Trust,0,16.0,16175,0,AL,0,16175
78636,FDIC,DIF,NM,Texas,148793.0,0,Johnson City Bank,0,1.0,16176,1,TX,0,16176
50250,FDIC,DIF,NM,Iowa,130339.0,0,First State Bank,0,4.0,16177,0,IA,0,16177
36477,FDIC,DIF,NM,Alabama,121359.0,0,"The Samson Banking Company, Inc.",0,2.0,16185,1,AL,0,16185
59301,FDIC,DIF,NM,Montana,7678230.0,0,Stockman Bank of Montana,0,47.0,16191,1,MT,0,16191
62664,OCC,DIF,N,Illinois,88491.0,0,Mason City National Bank,14492,1.0,16198,1,IL,0,16198
47995,FDIC,DIF,NM,Indiana,278826.0,0,Bank of Wolcott,0,3.0,16201,1,IN,0,16201
72160,FED,DIF,SM,Arkansas,1991136.0,0,The Farmers & Merchants Bank,0,21.0,16216,0,AR,0,16216
64494,FDIC,DIF,NM,Missouri,61922.0,0,First Security Bank,0,2.0,1622,0,MO,0,1622
57234,FDIC,DIF,NM,South Dakota,757767.0,0,Reliabank Dakota,0,10.0,16221,1,SD,0,16221
43556,FDIC,DIF,NM,Ohio,106007.0,0,The Sherwood State Bank,0,4.0,16222,0,OH,0,16222
58048,FDIC,DIF,NM,North Dakota,418263.0,0,Dakota Heritage Bank,0,11.0,16231,1,ND,0,16231
97836,FDIC,DIF,NM,Oregon,960329.0,0,Bank of Eastern Oregon,0,22.0,16243,0,OR,0,16243
31602,OCC,DIF,SB,Georgia,408851.0,0,Commercial Banking Company,713248,5.0,16246,0,GA,0,16246
63437,FDIC,DIF,NM,Missouri,113590.0,0,Neighbors Bank,0,1.0,16247,1,MO,0,16247
60645,FDIC,DIF,NM,Illinois,436106.0,0,Devon Bank,0,3.0,16249,0,IL,0,16249
60636,FED,DIF,SM,Illinois,2125608.0,0,Marquette Bank,0,22.0,16250,0,IL,0,16250
51247,FDIC,DIF,NM,Iowa,1221907.0,0,Peoples Bank,0,10.0,16265,1,IA,0,16265
31014,FDIC,DIF,NM,Georgia,205414.0,0,The Citizens Bank of Cochran,0,2.0,16275,0,GA,0,16275
62049,OCC,DIF,N,Illinois,678934.0,0,"Constitution Bank, National Association",14510,14.0,16276,0,IL,0,16276
30009,FDIC,DIF,NM,Georgia,23941.0,0,First City Bank,0,2.0,16281,1,GA,0,16281
71720,FDIC,DIF,NM,Arkansas,62420.0,0,Bank of Bearden,0,1.0,16282,1,AR,0,16282
31520,FDIC,DIF,NM,Georgia,268178.0,0,South Coast Bank & Trust,0,2.0,16283,1,GA,0,16283
29302,FDIC,DIF,NM,South Carolina,400195.0,0,Southern Bank,0,8.0,16288,0,SC,0,16288
50436,FDIC,DIF,NM,Iowa,727847.0,0,Manufacturers Bank & Trust Company,0,9.0,16307,1,IA,0,16307
61341,FDIC,DIF,NM,Illinois,78685.0,0,Marseilles Bank,0,2.0,16318,1,IL,0,16318
68715,FED,DIF,SM,Nebraska,64175.0,0,Battle Creek State Bank,0,2.0,16330,0,NE,0,16330
61856,FDIC,DIF,NM,Illinois,506994.0,0,First State Bank and Trust,0,10.0,16332,1,IL,0,16332
68958,FDIC,DIF,NM,Nebraska,227299.0,0,First State Bank,0,4.0,16333,0,NE,0,16333
78370,FDIC,DIF,NM,Texas,215136.0,0,First State Bank of Odem,0,5.0,16334,0,TX,0,16334
68780,FDIC,DIF,NM,Nebraska,233541.0,0,The Tri-County Bank,0,4.0,16339,0,NE,0,16339
61062,FDIC,DIF,NM,Illinois,68280.0,0,The State Bank of Pearl City,0,2.0,16344,1,IL,0,16344
52001,FDIC,DIF,NM,Iowa,1233361.0,0,Capra Bank,0,7.0,16363,0,IA,0,16363
36330,FDIC,DIF,NM,Alabama,250704.0,0,The Citizens Bank,0,2.0,16369,0,AL,0,16369
43526,FDIC,DIF,NM,Ohio,226662.0,0,The Hicksville Bank,0,5.0,16370,0,OH,0,16370
36009,FDIC,DIF,NM,Alabama,122309.0,0,Brantley Bank and Trust Company,0,4.0,16386,0,AL,0,16386
29690,FDIC,DIF,NM,South Carolina,1602060.0,0,Bank of Travelers Rest,0,10.0,16389,0,SC,0,16389
65565,FED,DIF,SM,Missouri,216280.0,0,FCNB Bank,0,6.0,1639,1,MO,0,1639
61482,FDIC,DIF,NM,Illinois,47824.0,0,Table Grove State Bank,0,1.0,16394,1,IL,0,16394
32066,FDIC,DIF,NM,Florida,245529.0,0,Lafayette State Bank,0,4.0,16396,0,FL,0,16396
67401,FDIC,DIF,NM,Kansas,1249914.0,0,The Bennington State Bank,0,11.0,16402,1,KS,0,16402
67002,FDIC,DIF,NM,Kansas,233683.0,0,Andover State Bank,0,2.0,16410,0,KS,0,16410
61480,FDIC,DIF,NM,Illinois,86713.0,0,Bank of Stronghurst,0,3.0,16413,0,IL,0,16413
73501,OCC,DIF,N,Oklahoma,471240.0,0,"FSNB, National Association",14546,68.0,16416,1,OK,0,16416
70433,FDIC,DIF,NM,Louisiana,188414.0,0,Citizens Bank & Trust Company,0,5.0,16417,0,LA,0,16417
30642,OCC,DIF,SB,Georgia,1617776.0,0,BankSouth,713480,10.0,16418,0,GA,0,16418
67877,FDIC,DIF,NM,Kansas,328336.0,0,Centera Bank,0,6.0,16436,1,KS,0,16436
30467,FDIC,DIF,NM,Georgia,172134.0,0,Farmers and Merchants Bank,0,3.0,16440,0,GA,0,16440
57311,FDIC,DIF,NM,South Dakota,99885.0,0,Security State Bank,0,3.0,16448,1,SD,0,16448
61820,FED,DIF,SM,Illinois,18012163.0,0,Busey Bank,0,81.0,16450,0,IL,0,16450
25209,FDIC,DIF,NM,West Virginia,135832.0,0,Whitesville State Bank,0,5.0,16453,0,WV,0,16453
72112,FDIC,DIF,NM,Arkansas,347579.0,0,Merchants & Planters' Bank,0,12.0,16464,0,AR,0,16464
78215,FDIC,DIF,NM,Texas,2794851.0,0,Jefferson Bank,0,14.0,16470,1,TX,0,16470
67579,FDIC,DIF,NM,Kansas,156491.0,0,First Bank,0,3.0,16473,0,KS,0,16473
58344,FDIC,DIF,NM,North Dakota,66262.0,0,State Bank of Lakota,0,1.0,16477,1,ND,0,16477
62301,OCC,DIF,N,Illinois,1237837.0,0,"First Bankers Trust Company, National Association",14564,9.0,16501,0,IL,0,16501
68746,FDIC,DIF,NM,Nebraska,24883.0,0,Nebraska State Bank,0,1.0,16516,0,NE,0,16516
70001,FDIC,DIF,NM,Louisiana,658342.0,0,Metairie Bank & Trust Company,0,9.0,16539,0,LA,0,16539
65721,FDIC,DIF,NM,Missouri,349142.0,0,Ozark Bank,0,4.0,1654,1,MO,0,1654
70546,FDIC,DIF,NM,Louisiana,1259278.0,0,JD Bank,0,25.0,16546,0,LA,0,16546
51334,FDIC,DIF,NM,Iowa,151457.0,0,Bank Plus,0,4.0,16547,1,IA,0,16547
63369,FDIC,DIF,NM,Missouri,994599.0,0,The Bank of Old Monroe,0,5.0,1655,1,MO,0,1655
68701,FDIC,DIF,NM,Nebraska,1436345.0,0,Elkhorn Valley Bank & Trust,0,8.0,16553,0,NE,0,16553
56025,FDIC,DIF,NM,Minnesota,29477.0,0,State Bank of Easton,0,1.0,16561,1,MN,0,16561
60606,OCC,DIF,N,Illinois,251964731.0,0,BMO Bank National Association,14583,990.0,16571,0,IL,0,16571
79313,FDIC,DIF,NM,Texas,81623.0,0,Citizens State Bank,0,3.0,16581,0,TX,0,16581
67020,FED,DIF,SM,Kansas,9373.0,0,State Bank of Burrton,0,1.0,16583,0,KS,0,16583
31401,FDIC,DIF,NM,Georgia,115170.0,0,Carver State Bank,0,2.0,16584,0,GA,0,16584
61484,FDIC,DIF,NM,Illinois,31082.0,0,Vermont State Bank,0,1.0,16585,0,IL,0,16585
36420,FDIC,DIF,NM,Alabama,666653.0,0,CCB Community Bank,0,5.0,16595,1,AL,0,16595
29059,FDIC,DIF,NM,South Carolina,476231.0,0,Farmers and Merchants Bank of South Carolina,0,8.0,1660,0,SC,0,1660
87801,FDIC,DIF,NM,New Mexico,185736.0,0,First State Bank,0,4.0,16600,0,NM,0,16600
64644,FDIC,DIF,NM,Missouri,219102.0,0,Bank Northwest,0,6.0,16601,1,MO,0,16601
42064,FED,DIF,SM,Kentucky,135207.0,0,The Peoples Bank,0,4.0,16603,0,KY,0,16603
35660,FED,DIF,SM,Alabama,2950523.0,0,Bank Independent,0,34.0,16604,0,AL,0,16604
31079,FDIC,DIF,NM,Georgia,83344.0,0,Rochelle State Bank,0,1.0,16609,0,GA,0,16609
39466,FED,DIF,SM,Mississippi,279234.0,0,FNB Picayune Bank,0,7.0,16612,1,MS,0,16612
66801,FDIC,DIF,NM,Kansas,392688.0,0,ESB Financial,0,4.0,16629,1,KS,0,16629
55405,FDIC,DIF,NM,Minnesota,517341.0,0,Luminate Bank,0,2.0,16635,1,MN,0,16635
06790,FDIC,DIF,SI,Connecticut,994023.0,1,The Torrington Savings Bank,0,10.0,16636,0,CT,0,16636
76849,FED,DIF,SM,Texas,60768.0,0,First State Bank,0,1.0,16643,1,TX,0,16643
79762,FDIC,DIF,NM,Texas,697697.0,0,Southwest Bank,0,8.0,16652,1,TX,0,16652
56431,FDIC,DIF,NM,Minnesota,109808.0,0,Security State Bank of Aitkin,0,4.0,16656,1,MN,0,16656
55413,FDIC,DIF,NM,Minnesota,838356.0,0,Northeast Bank,0,3.0,16659,1,MN,0,16659
42001,FED,DIF,SM,Kentucky,1015616.0,0,The Paducah Bank and Trust Company,0,6.0,16664,1,KY,0,16664
60143,FDIC,DIF,NM,Illinois,765484.0,0,Itasca Bank & Trust Co.,0,2.0,16666,0,IL,0,16666
61571,FDIC,DIF,NM,Illinois,82918.0,0,Washington State Bank,0,1.0,16667,0,IL,0,16667
71028,FDIC,DIF,NM,Louisiana,575106.0,0,Gibsland Bank & Trust Company,0,13.0,16689,0,LA,0,16689
79084,FDIC,DIF,NM,Texas,386025.0,0,First State Bank,0,3.0,16695,1,TX,0,16695
55373,FDIC,DIF,NM,Minnesota,238435.0,0,BANKWEST,0,3.0,16704,1,MN,0,16704
68932,FDIC,DIF,NM,Nebraska,187950.0,0,South Central State Bank,0,5.0,16707,0,NE,0,16707
88210,FDIC,DIF,NM,New Mexico,318721.0,0,Western Bank,0,1.0,16720,1,NM,0,16720
29069,FDIC,DIF,NM,South Carolina,830628.0,0,Carolina Bank & Trust Co.,0,14.0,16723,0,SC,0,16723
57049,FDIC,DIF,NM,South Dakota,1333008.0,0,1st Financial Bank USA,0,2.0,1673,0,SD,0,1673
55113,FDIC,DIF,NM,Minnesota,393730.0,0,North Star Bank,0,2.0,16733,1,MN,0,16733
67335,FDIC,DIF,NM,Kansas,24144.0,0,The Peoples State Bank,0,1.0,16744,1,KS,0,16744
57220,FDIC,DIF,NM,South Dakota,46211.0,0,Richland State Bank,0,1.0,1675,1,SD,0,1675
60964,OCC,DIF,N,Illinois,144032.0,0,National Bank of St. Anne,14617,3.0,16752,0,IL,0,16752
77879,FDIC,DIF,NM,Texas,1214543.0,0,Citizens State Bank,0,7.0,16753,0,TX,0,16753
46755,FDIC,DIF,NM,Indiana,353414.0,0,The Campbell & Fetter Bank,0,8.0,16757,0,IN,0,16757
57106,FDIC,DIF,NM,South Dakota,1346131.0,0,Plains Commerce Bank,0,8.0,1678,1,SD,0,1678
31324,FDIC,DIF,NM,Georgia,423605.0,0,Great Oaks Bank,0,6.0,16780,1,GA,0,16780
66779,FDIC,DIF,NM,Kansas,73853.0,0,Union State Bank,0,2.0,16788,1,KS,0,16788
74352,FED,DIF,SM,Oklahoma,178502.0,0,All Capital Bank,0,2.0,16795,0,OK,0,16795
68405,FDIC,DIF,NM,Nebraska,1040772.0,0,Farmers and Merchants Bank,0,12.0,16810,0,NE,0,16810
75662,FDIC,DIF,NM,Texas,495119.0,0,Citizens Bank,0,12.0,16817,0,TX,0,16817
21061,FDIC,DIF,NM,Maryland,380395.0,0,The Bank of Glen Burnie,0,6.0,16820,0,MD,0,16820
31069,FDIC,DIF,NM,Georgia,539262.0,0,Sunmark Community Bank,0,10.0,16825,1,GA,0,16825
77437,FDIC,DIF,NM,Texas,43608962.0,0,Prosperity Bank,0,354.0,16835,0,TX,0,16835
54022,FDIC,DIF,NM,Wisconsin,141035.0,0,River Falls State Bank,0,1.0,16840,1,WI,0,16840
72076,FDIC,DIF,NM,Arkansas,1150445.0,0,First Arkansas Bank and Trust,0,21.0,16849,1,AR,0,16849
42021,FDIC,DIF,NM,Kentucky,342430.0,0,"Citizens Deposit Bank of Arlington, Inc.",0,5.0,16852,1,KY,0,16852
87701,FDIC,DIF,NM,New Mexico,292258.0,0,Community 1st Bank Las Vegas,0,4.0,16854,1,NM,0,16854
30601,FDIC,DIF,NM,Georgia,889689.0,0,First American Bank and Trust Company,0,8.0,16858,0,GA,0,16858
57366,FDIC,DIF,NM,South Dakota,258864.0,0,Farmers State Bank,0,3.0,1686,0,SD,0,1686
55416,FDIC,DIF,NM,Minnesota,317367.0,0,Citizens Independent Bank,0,4.0,16863,0,MN,0,16863
79549,FDIC,DIF,NM,Texas,407215.0,0,West Texas State Bank,0,6.0,16866,1,TX,0,16866
68407,FDIC,DIF,NM,Nebraska,36210.0,0,Corn Growers State Bank,0,1.0,16868,0,NE,0,16868
57315,FDIC,DIF,NM,South Dakota,70552.0,0,Community Bank,0,1.0,1687,0,SD,0,1687
29601,FED,DIF,SM,South Carolina,28114413.0,0,United Community Bank,0,192.0,16889,0,SC,0,16889
75686,FDIC,DIF,NM,Texas,723631.0,0,Pilgrim Bank,0,13.0,16891,1,TX,0,16891
77831,FDIC,DIF,NM,Texas,221652.0,0,First State Bank of Bedias,0,2.0,16895,1,TX,0,16895
30673,FDIC,DIF,NM,Georgia,424128.0,0,F&M Bank,0,5.0,16897,0,GA,0,16897
30224,OCC,DIF,N,Georgia,377461.0,0,First National Bank of Griffin,15572,6.0,169,0,GA,0,169
61559,FED,DIF,SM,Illinois,120395.0,0,Princeville State Bank,0,2.0,16900,0,IL,0,16900
56291,FDIC,DIF,NM,Minnesota,47031.0,0,State Bank of Taunton,0,1.0,16906,1,MN,0,16906
74959,FDIC,DIF,NM,Oklahoma,123275.0,0,SSB Bank,0,3.0,16908,0,OK,0,16908
36602,FDIC,DIF,NM,Alabama,271864.0,0,22nd State Banking Company,0,4.0,16910,1,AL,0,16910
31816,FDIC,DIF,NM,Georgia,89178.0,0,F & M Bank and Trust Company,0,1.0,16916,0,GA,0,16916
37934,FDIC,DIF,NM,Tennessee,180128.0,0,UBank,0,2.0,1693,0,TN,0,1693
66090,FDIC,DIF,NM,Kansas,86770.0,0,The Farmers State Bank,0,1.0,16941,1,KS,0,16941
68628,FDIC,DIF,NM,Nebraska,61329.0,0,Bank of Clarks,0,3.0,16953,0,NE,0,16953
56283,FDIC,DIF,NM,Minnesota,2965084.0,0,Minnwest Bank,0,36.0,16958,0,MN,0,16958
65610,FDIC,DIF,NM,Missouri,103243.0,0,Bank of Billings,0,2.0,16959,0,MO,0,16959
37148,FDIC,DIF,NM,Tennessee,950916.0,0,The Farmers Bank,0,11.0,1696,0,TN,0,1696
29655,FDIC,DIF,NM,South Carolina,443842.0,0,The Peoples Bank,0,8.0,16968,1,SC,0,16968
41041,FDIC,DIF,NM,Kentucky,557555.0,0,"Peoples Bank of  Kentucky, Inc.",0,12.0,16970,0,KY,0,16970
67669,FDIC,DIF,NM,Kansas,485430.0,0,SOLUTIONS NORTH BANK,0,5.0,16971,0,KS,0,16971
17243,FDIC,DIF,NM,Pennsylvania,472063.0,0,Community State Bank of Orbisonia,0,8.0,16976,0,PA,0,16976
80525,FDIC,DIF,NM,Colorado,7560233.0,0,Bank of Colorado,0,60.0,16980,0,CO,0,16980
61764,FED,DIF,SM,Illinois,1199826.0,0,Bank of Pontiac,0,14.0,16982,0,IL,0,16982
31827,FDIC,DIF,NM,Georgia,242523.0,0,The Peoples Bank of Georgia,0,4.0,170,0,GA,0,170
37879,FDIC,DIF,NM,Tennessee,780870.0,0,First Century Bank,0,11.0,1700,0,TN,0,1700
73111,FDIC,DIF,NM,Oklahoma,247894.0,0,First Security Bank and Trust Company,0,1.0,17001,0,OK,0,17001
64124,FDIC,DIF,NM,Missouri,399068.0,0,Central Bank of Kansas City,0,2.0,17009,0,MO,0,17009
31510,FDIC,DIF,NM,Georgia,716485.0,0,FNB SOUTH,0,4.0,17011,0,GA,0,17011
40004,FDIC,DIF,NM,Kentucky,847346.0,0,Wilson & Muir Bank & Trust Company,0,12.0,17040,1,KY,0,17040
37327,FDIC,DIF,NM,Tennessee,256449.0,0,Mountain Valley Bank,0,7.0,1705,0,TN,0,1705
56212,FDIC,DIF,NM,Minnesota,48872.0,0,State Bank of Bellingham,0,1.0,17062,1,MN,0,17062
67330,FDIC,DIF,NM,Kansas,547339.0,0,Labette Bank,0,10.0,17068,0,KS,0,17068
31650,FDIC,DIF,NM,Georgia,112692.0,0,The Peoples Bank,0,2.0,17073,1,GA,0,17073
35243,FDIC,DIF,NM,Alabama,1165282.0,0,First US Bank,0,15.0,17077,0,AL,0,17077
75159,FDIC,DIF,NM,Texas,393728.0,0,HomeBank Texas,0,3.0,17094,1,TX,0,17094
58773,FDIC,DIF,NM,North Dakota,163712.0,0,Liberty State Bank,0,1.0,17096,1,ND,0,17096
76701,FDIC,DIF,NM,Texas,658347.0,0,"Community Bank & Trust, Waco, Texas",0,4.0,17108,0,TX,0,17108
37083,FDIC,DIF,NM,Tennessee,1776310.0,0,Wellworth Bank,0,20.0,1711,0,TN,0,1711
04073,FDIC,DIF,SI,Maine,1072343.0,0,Partners Bank of New England,0,11.0,17115,0,ME,0,17115
38606,FDIC,DIF,NM,Mississippi,932827.0,0,First Security Bank,0,18.0,17120,0,MS,0,17120
55052,FDIC,DIF,NM,Minnesota,31038.0,0,Lake Country Community Bank,0,2.0,17122,0,MN,0,17122
19808,FDIC,DIF,SI,Delaware,719636.0,1,Artisans' Bank,0,13.0,17123,0,DE,0,17123
37097,FDIC,DIF,NM,Tennessee,249774.0,0,Bank of Perry County,0,3.0,1713,1,TN,0,1713
73526,FDIC,DIF,NM,Oklahoma,14444.0,0,Peoples State Bank,0,1.0,17138,1,OK,0,17138
68883,FDIC,DIF,NM,Nebraska,612529.0,0,Heritage Bank,0,20.0,17145,0,NE,0,17145
75701,FED,DIF,SM,Texas,828366.0,0,Citizens 1st Bank,0,4.0,1715,1,TX,0,1715
84401,FDIC,DIF,NM,Utah,3725841.0,0,Bank of Utah,0,20.0,17159,0,UT,0,17159
66843,FED,DIF,SM,Kansas,38293.0,0,Cottonwood Valley Bank,0,4.0,17160,1,KS,0,17160
54868,FDIC,DIF,NM,Wisconsin,749618.0,0,Dairy State Bank,0,12.0,17162,0,WI,0,17162
70357,FDIC,DIF,NM,Louisiana,155295.0,0,State Bank & Trust Company,0,4.0,17169,1,LA,0,17169
58030,FDIC,DIF,NM,North Dakota,40140.0,0,"Peoples State Bank, Fairmount, N. D.",0,2.0,17174,0,ND,0,17174
03253,FDIC,DIF,SI,New Hampshire,1622674.0,0,Meredith Village Savings Bank,0,18.0,17180,0,NH,0,17180
31730,FDIC,DIF,NM,Georgia,195274.0,0,Bank of Camilla,0,1.0,17190,0,GA,0,17190
32507,FDIC,DIF,NM,Florida,172298.0,0,The Warrington Bank,0,4.0,17193,0,FL,0,17193
30295,FDIC,DIF,NM,Georgia,2216638.0,0,United Bank,0,18.0,172,0,GA,0,172
79401,FDIC,DIF,NM,Texas,944019.0,0,Western Bank,0,10.0,1720,1,TX,0,1720
72501,FED,DIF,SM,Arkansas,1574662.0,0,The Citizens Bank,0,16.0,17211,0,AR,0,17211
77474,FDIC,DIF,NM,Texas,507541.0,0,Citizens State Bank,0,1.0,17214,0,TX,0,17214
68371,FDIC,DIF,NM,Nebraska,634613.0,0,Henderson State Bank,0,10.0,17229,0,NE,0,17229
60625,OCC,DIF,N,Illinois,729383.0,0,Albank National Association,14688,4.0,17230,0,IL,0,17230
48885,FDIC,DIF,NM,Michigan,143225.0,0,Sidney State Bank,0,3.0,17232,0,MI,0,17232
61327,FDIC,DIF,NM,Illinois,163598.0,0,North Central Bank,0,2.0,17241,1,IL,0,17241
50472,FED,DIF,SM,Iowa,189417.0,0,St. Ansgar State Bank,0,2.0,17259,1,IA,0,17259
06426,FDIC,DIF,SI,Connecticut,525663.0,1,Essex Bank,0,8.0,17262,0,CT,0,17262
97470,FDIC,DIF,NM,Oregon,66011146.0,0,Columbia Bank,0,376.0,17266,0,OR,0,17266
58852,FDIC,DIF,NM,North Dakota,412987.0,0,The Bank of Tioga,0,2.0,17280,0,ND,0,17280
90071,OCC,DIF,N,California,99947369.0,0,City National Bank,14695,71.0,17281,0,CA,0,17281
52402,FDIC,DIF,NM,Iowa,836548.0,0,BankIowa,0,13.0,17282,1,IA,0,17282
36744,FDIC,DIF,NM,Alabama,112895.0,0,Peoples Bank of Greensboro,0,1.0,1730,1,AL,0,1730
96813,FED,DIF,SM,Hawaii,7489639.0,0,Central Pacific Bank,0,27.0,17308,0,HI,0,17308
66032,FDIC,DIF,NM,Kansas,342747.0,0,Goppert State Service Bank,0,9.0,17317,0,KS,0,17317
62557,FDIC,DIF,NM,Illinois,611497.0,0,Peoples Bank & Trust,0,14.0,17320,0,IL,0,17320
63640,FDIC,DIF,NM,Missouri,4512330.0,0,First State Community Bank,0,53.0,17323,0,MO,0,17323
37055,FDIC,DIF,NM,Tennessee,284652.0,0,Bank of Dickson,0,4.0,17327,0,TN,0,17327
50244,FDIC,DIF,NM,Iowa,607348.0,0,South Story Bank & Trust,0,6.0,17348,0,IA,0,17348
36272,FDIC,DIF,NM,Alabama,311839.0,0,Farmers and Merchants Bank,0,5.0,1735,0,AL,0,1735
78384,FDIC,DIF,NM,Texas,73050.0,0,First State Bank of San Diego,0,1.0,17350,0,TX,0,17350
67110,FDIC,DIF,NM,Kansas,213374.0,0,Carson Bank,0,4.0,17369,0,KS,0,17369
66006,FDIC,DIF,NM,Kansas,566810.0,0,Mid-America Bank,0,7.0,17374,0,KS,0,17374
66956,FDIC,DIF,NM,Kansas,46773.0,0,The State Exchange Bank,0,1.0,17375,1,KS,0,17375
70380,FED,DIF,SM,Louisiana,489840.0,0,M C Bank & Trust Company,0,10.0,17388,0,LA,0,17388
47546,FDIC,DIF,NM,Indiana,8371107.0,0,German American Bank,0,97.0,17393,0,IN,0,17393
67152,FED,DIF,SM,Kansas,171028.0,0,Impact Bank,0,2.0,17399,1,KS,0,17399
66008,FDIC,DIF,NM,Kansas,132193.0,0,The Bendena State Bank,0,3.0,17410,1,KS,0,17410
80480,FED,DIF,SM,Colorado,557172.0,0,Mountain Valley Bank,0,7.0,17411,0,CO,0,17411
72560,FED,DIF,SM,Arkansas,895006.0,0,Stone Bank,0,6.0,17431,0,AR,0,17431
57401,FED,DIF,SM,South Dakota,4867664.0,0,Dacotah Bank,0,33.0,17437,0,SD,0,17437
48823,OCC,DIF,N,Michigan,6762755.0,0,First National Bank of America,14740,3.0,17438,0,MI,0,17438
52224,FDIC,DIF,NM,Iowa,17053.0,0,Dysart State Bank,0,1.0,17441,1,IA,0,17441
03801,FDIC,DIF,SI,New Hampshire,381255.0,1,Piscataqua Savings Bank,0,1.0,17443,0,NH,0,17443
79734,FDIC,DIF,NM,Texas,780328.0,0,Maverick Bank,0,9.0,17446,0,TX,0,17446
35677,FDIC,DIF,NM,Alabama,98772.0,0,The Farmers & Merchants Bank,0,2.0,1745,0,AL,0,1745
51527,FDIC,DIF,NM,Iowa,42492.0,0,Defiance State Bank,0,2.0,17450,1,IA,0,17450
67056,FED,DIF,SM,Kansas,211043.0,0,Halstead Bank,0,4.0,17451,1,KS,0,17451
61001,FDIC,DIF,NM,Illinois,630236.0,0,Apple River State Bank,0,8.0,17453,1,IL,0,17453
60035,FDIC,DIF,NM,Illinois,2161369.0,0,First Bank Chicago,0,4.0,17470,0,IL,0,17470
66508,FED,DIF,SM,Kansas,905364.0,0,United Bank & Trust,0,16.0,17477,0,KS,0,17477
69145,FDIC,DIF,NM,Nebraska,1114807.0,0,FirsTier Bank,0,12.0,17478,1,NE,0,17478
75205,FED,DIF,SM,Texas,12440134.0,0,PlainsCapital Bank,0,58.0,17491,0,TX,0,17491
30630,FDIC,DIF,NM,Georgia,458895.0,0,The Commercial Bank,0,5.0,175,1,GA,0,175
33040,FDIC,DIF,NM,Florida,1188143.0,0,First State Bank,0,9.0,17509,0,FL,0,17509
61843,OCC,DIF,N,Illinois,369338.0,0,The Fisher National Bank,14757,6.0,17513,1,IL,0,17513
62959,FDIC,DIF,NM,Illinois,3260267.0,0,Banterra Bank,0,43.0,17514,0,IL,0,17514
71655,FED,DIF,SM,Arkansas,329266.0,0,Union Bank & Trust Company,0,5.0,1753,1,AR,0,1753
44114,OCC,DIF,N,Ohio,185983433.0,0,KeyBank National Association,14761,953.0,17534,0,OH,0,17534
30752,FDIC,DIF,NM,Georgia,160627.0,0,Bank of Dade,0,3.0,17543,1,GA,0,17543
50217,FDIC,DIF,NM,Iowa,42768.0,0,Community State Bank,0,1.0,17551,0,IA,0,17551
72211,FDIC,DIF,NM,Arkansas,937589.0,0,Central Bank,0,3.0,1756,0,AR,0,1756
29924,FDIC,DIF,NM,South Carolina,619096.0,0,Palmetto State Bank,0,8.0,17563,0,SC,0,17563
62568,OCC,DIF,N,Illinois,200967.0,0,First National Bank in Taylorville,14769,2.0,17572,1,IL,0,17572
32548,FDIC,DIF,NM,Florida,653557.0,0,FNBT BANK,0,11.0,17580,1,FL,0,17580
71369,FDIC,DIF,NM,Louisiana,201586.0,0,Simmesport State Bank,0,2.0,17587,0,LA,0,17587
77455,FDIC,DIF,NM,Texas,884220.0,0,The First State Bank,0,15.0,17588,1,TX,0,17588
79714,OCC,DIF,N,Texas,331407.0,0,The National Bank of Andrews,14788,4.0,17603,1,TX,0,17603
66701,FDIC,DIF,NM,Kansas,57101.0,0,The City State Bank,0,2.0,17607,1,KS,0,17607
77041,FED,DIF,SM,Texas,1347254.0,0,Central Bank,0,4.0,17612,1,TX,0,17612
67530,FDIC,DIF,NM,Kansas,1048648.0,0,Farmers Bank & Trust,0,9.0,17614,1,KS,0,17614
70515,FDIC,DIF,NM,Louisiana,88419.0,0,Basile State Bank,0,3.0,17621,1,LA,0,17621
49612,FDIC,DIF,NM,Michigan,317891.0,0,Alden State Bank,0,4.0,17622,0,MI,0,17622
66010,FDIC,DIF,NM,Kansas,52635.0,0,The Farmers State Bank of Blue Mound,0,3.0,17629,1,KS,0,17629
66849,FDIC,DIF,NM,Kansas,19766.0,0,The Farmers State Bank,0,1.0,17632,0,KS,0,17632
66966,FDIC,DIF,NM,Kansas,429171.0,0,Astra Bank,0,7.0,17636,0,KS,0,17636
68025,FDIC,DIF,NM,Nebraska,554267.0,0,RVR Bank,0,6.0,17639,1,NE,0,17639
88310,OCC,DIF,N,New Mexico,464526.0,0,First National Bank,14786,6.0,17643,1,NM,0,17643
67831,FDIC,DIF,NM,Kansas,219053.0,0,"The Stockgrowers State Bank of Ashland, Kansas",0,3.0,17650,1,KS,0,17650
04268,FDIC,DIF,SI,Maine,2080808.0,0,Norway Savings Bank,0,25.0,17658,0,ME,0,17658
67850,FDIC,DIF,NM,Kansas,113243.0,0,The First State Bank of Healy,0,1.0,17661,1,KS,0,17661
66208,FDIC,DIF,NM,Kansas,164915.0,0,Bank of Prairie Village,0,1.0,17671,1,KS,0,17671
67107,FDIC,DIF,NM,Kansas,452672.0,0,The Citizens State Bank,0,9.0,17672,0,KS,0,17672
67030,FDIC,DIF,NM,Kansas,860820.0,0,Legacy Bank,0,10.0,17676,0,KS,0,17676
94596,FDIC,DIF,NM,California,21403986.0,0,Mechanics Bank,0,170.0,1768,0,CA,0,1768
66503,FDIC,DIF,NM,Kansas,633993.0,0,Outdoor Bank,0,11.0,17685,1,KS,0,17685
32091,FDIC,DIF,NM,Florida,305089.0,0,DLP Bank,0,3.0,17734,0,FL,0,17734
25304,OCC,DIF,N,West Virginia,6741168.0,0,City National Bank of West Virginia,14807,98.0,17735,0,WV,0,17735
47807,FDIC,DIF,SI,Indiana,461872.0,0,The Hometown Savings Bank,0,9.0,17736,0,IN,0,17736
77338,FDIC,DIF,NM,Texas,839989.0,0,Plains State Bank,0,8.0,17739,0,TX,0,17739
04101,FDIC,DIF,SI,Maine,2894748.0,0,Maine Community Bank,0,23.0,17741,0,ME,0,17741
04072,FDIC,DIF,SI,Maine,1456967.0,1,Saco & Biddeford Savings Institution,0,7.0,17743,0,ME,0,17743
04530,FDIC,DIF,SI,Maine,1499837.0,1,Bath Savings Institution,0,13.0,17749,0,ME,0,17749
04240,FDIC,DIF,SI,Maine,1779609.0,0,Androscoggin Savings Bank,0,11.0,17751,0,ME,0,17751
43804,FDIC,DIF,NM,Ohio,123428.0,0,The Baltic State Bank,0,4.0,17759,1,OH,0,17759
02893,FDIC,DIF,SI,Rhode Island,3051213.0,0,Centreville Bank,0,22.0,17764,0,RI,0,17764
70760,FDIC,DIF,NM,Louisiana,322981.0,0,Guaranty Bank and Trust Company,0,7.0,17767,0,LA,0,17767
67601,FDIC,DIF,NM,Kansas,368915.0,0,Bank of Hays,0,4.0,17769,0,KS,0,17769
29691,FDIC,DIF,NM,South Carolina,195231.0,0,Blue Ridge Bank,0,6.0,17773,0,SC,0,17773
76866,FDIC,DIF,NM,Texas,184624.0,0,First State Bank,0,2.0,17775,1,TX,0,17775
80904,OCC,DIF,N,Colorado,110717.0,0,Pikes Peak National Bank,15058,3.0,17782,0,CO,0,17782
81427,FDIC,DIF,NM,Colorado,225576.0,0,The Citizens State Bank of Ouray,0,7.0,1779,0,CO,0,1779
01420,OCC,DIF,SB,Massachusetts,835989.0,0,Rollstone Bank & Trust,707794,8.0,17797,0,MA,0,17797
02445,FED,DIF,SM,Massachusetts,22181187.0,0,Beacon Bank and Trust,0,150.0,17798,0,MA,0,17798
31836,FDIC,DIF,NM,Georgia,51409.0,0,Talbot State Bank,0,2.0,178,1,GA,0,178
80808,FDIC,DIF,NM,Colorado,418389.0,0,Farmers State Bank of Calhan,0,4.0,1780,1,CO,0,1780
97333,FDIC,DIF,NM,Oregon,810448.0,0,Citizens Bank,0,15.0,17809,0,OR,0,17809
61078,FDIC,DIF,NM,Illinois,191974.0,0,First State Bank Shannon-Polo,0,3.0,1781,1,IL,0,1781
77979,OCC,DIF,N,Texas,359936.0,0,First National Bank in Port Lavaca,14821,4.0,17811,0,TX,0,17811
58544,FDIC,DIF,NM,North Dakota,84624.0,0,Bank of Hazelton,0,1.0,17813,1,ND,0,17813
68820,FDIC,DIF,NM,Nebraska,25150.0,0,Boelus State Bank,0,1.0,17825,0,NE,0,17825
63834,FDIC,DIF,NM,Missouri,184995.0,0,Citizens' Bank of Charleston,0,2.0,17830,0,MO,0,17830
66547,FED,DIF,SM,Kansas,295001.0,0,Kaw Valley State Bank and Trust Company,0,3.0,17832,1,KS,0,17832
19801,OCC,DIF,SB,Delaware,22016606.0,0,"Wilmington Savings Fund Society, FSB",707938,95.0,17838,0,DE,0,17838
70548,FDIC,DIF,NM,Louisiana,149038.0,0,Vermilion Bank & Trust Company,0,3.0,17841,1,LA,0,17841
75601,FDIC,DIF,NM,Texas,4461113.0,0,Texas Bank and Trust Company,0,22.0,17842,0,TX,0,17842
61859,FDIC,DIF,NM,Illinois,680425.0,0,Longview Bank,0,13.0,1786,0,IL,0,1786
55912,FDIC,DIF,NM,Minnesota,462265.0,0,Sterling State Bank,0,6.0,17863,1,MN,0,17863
02138,FDIC,DIF,NM,Massachusetts,6912673.0,0,Cambridge Savings Bank,0,21.0,17870,0,MA,0,17870
81321,OCC,DIF,N,Colorado,156039.0,0,"First National Bank, Cortez",14833,1.0,17872,0,CO,0,17872
70130,FDIC,DIF,NM,Louisiana,103811.0,0,Bank of Louisiana,0,4.0,17878,0,LA,0,17878
78516,FDIC,DIF,NM,Texas,303793.0,0,Freedom Bank,0,6.0,17881,1,TX,0,17881
04330,FDIC,DIF,SI,Maine,1828069.0,0,Kennebec Savings Bank,0,8.0,17897,0,ME,0,17897
52060,FED,DIF,SM,Iowa,444535.0,0,Maquoketa State Bank,0,4.0,17903,0,IA,0,17903
70570,FDIC,DIF,NM,Louisiana,258149.0,0,American Bank & Trust Company,0,9.0,17906,1,LA,0,17906
79735,OCC,DIF,N,Texas,163850.0,0,First National Bank of Fort Stockton,14842,2.0,17913,1,TX,0,17913
58573,FDIC,DIF,NM,North Dakota,108984.0,0,Strasburg State Bank,0,1.0,17922,0,ND,0,17922
67074,FDIC,DIF,NM,Kansas,273901.0,0,Vintage Bank Kansas,0,12.0,17927,1,KS,0,17927
64057,FDIC,DIF,NM,Missouri,881614.0,0,Blue Ridge Bank and Trust Co.,0,8.0,17933,0,MO,0,17933
42134,FDIC,DIF,NM,Kentucky,802645.0,0,Franklin Bank & Trust Company,0,5.0,17937,0,KY,0,17937
06457,FDIC,DIF,SI,Connecticut,9017093.0,0,Liberty Bank,0,51.0,17943,0,CT,0,17943
77531,FDIC,DIF,NM,Texas,466521.0,0,First State Bank,0,3.0,17950,1,TX,0,17950
03235,FDIC,DIF,SI,New Hampshire,908169.0,0,Franklin Savings Bank,0,9.0,17951,0,NH,0,17951
81323,FDIC,DIF,NM,Colorado,451276.0,0,The Dolores State Bank,0,4.0,17959,0,CO,0,17959
03301,FDIC,DIF,SI,New Hampshire,1390762.0,0,Merrimack County Savings Bank,0,9.0,17960,0,NH,0,17960
84721,FDIC,DIF,NM,Utah,2669355.0,0,State Bank of Southern Utah,0,17.0,17964,0,UT,0,17964
36360,FDIC,DIF,NM,Alabama,115150.0,0,The Commercial Bank Of Ozark,0,2.0,17975,1,AL,0,17975
78009,FDIC,DIF,NM,Texas,291040.0,0,Castroville State Bank,0,2.0,17979,0,TX,0,17979
67151,FDIC,DIF,NM,Kansas,12541.0,0,The Walton State Bank,0,1.0,17982,0,KS,0,17982
96813,FDIC,DIF,NM,Hawaii,24266808.0,0,First Hawaiian Bank,0,45.0,17985,0,HI,0,17985
52301,FDIC,DIF,NM,Iowa,210024.0,0,Keystone Savings Bank,0,5.0,17993,1,IA,0,17993
66033,FDIC,DIF,NM,Kansas,52243.0,0,Bank of Greeley,0,1.0,17995,1,KS,0,17995
03246,FED,DIF,SM,New Hampshire,2811973.0,0,Bank of New Hampshire,0,21.0,18012,0,NH,0,18012
03766,FED,DIF,SM,New Hampshire,2995084.0,0,Mascoma Bank,0,26.0,18013,0,NH,0,18013
66032,FDIC,DIF,NM,Kansas,270568.0,0,Patriots Bank,0,6.0,18019,1,KS,0,18019
03773,FDIC,DIF,SI,New Hampshire,416530.0,0,Sugar River Bank,0,6.0,18028,0,NH,0,18028
03608,FDIC,DIF,SI,New Hampshire,848942.0,0,Savings Bank of Walpole,0,7.0,18030,0,NH,0,18030
65466,FDIC,DIF,NM,Missouri,156389.0,0,Security Bank of the Ozarks,0,5.0,18033,1,MO,0,18033
03743,FDIC,DIF,SI,New Hampshire,619715.0,1,Claremont Savings Bank,0,5.0,18038,0,NH,0,18038
96813,FED,DIF,SM,Hawaii,23875947.0,0,Bank of Hawaii,0,47.0,18053,0,HI,0,18053
83406,FDIC,DIF,NM,Idaho,2255917.0,0,The Bank of Commerce,0,17.0,18059,0,ID,0,18059
73860,FDIC,DIF,NM,Oklahoma,128915.0,0,COREBANK,0,2.0,18063,0,OK,0,18063
52354,FDIC,DIF,NM,Iowa,87303.0,0,The Watkins Savings Bank,0,1.0,18071,0,IA,0,18071
61615,FDIC,DIF,NM,Illinois,425891.0,0,Better Banks,0,10.0,1808,1,IL,0,1808
67464,FDIC,DIF,NM,Kansas,32909.0,0,Marquette Farmers State Bank of Marquette,0,1.0,18094,0,KS,0,18094
66611,FDIC,DIF,NM,Kansas,1320825.0,0,CoreFirst Bank & Trust,0,13.0,18100,1,KS,0,18100
67834,FDIC,DIF,NM,Kansas,57757.0,0,"The Farmers State Bank of Bucklin, Kansas",0,1.0,18101,0,KS,0,18101
66018,FDIC,DIF,NM,Kansas,212601.0,0,TriCentury Bank,0,3.0,18109,0,KS,0,18109
67869,FDIC,DIF,NM,Kansas,445915.0,0,Bank of the Plains,0,8.0,18118,0,KS,0,18118
66093,FDIC,DIF,NM,Kansas,179215.0,0,"The Farmers State Bank of Aliceville, Kansas",0,3.0,18120,0,KS,0,18120
02842,FED,DIF,SM,Rhode Island,3068942.0,0,BankNewport,0,20.0,18129,0,RI,0,18129
33873,OCC,DIF,N,Florida,88130.0,0,First National Bank of Wauchula,14882,1.0,18136,1,FL,0,18136
30677,FDIC,DIF,NM,Georgia,722444.0,0,Oconee State Bank,0,7.0,18143,0,GA,0,18143
57625,FDIC,DIF,NM,South Dakota,81514.0,0,State Bank of Eagle Butte,0,1.0,18145,0,SD,0,18145
77611,FDIC,DIF,NM,Texas,264254.0,0,Bridge City State Bank,0,3.0,18155,0,TX,0,18155
59337,FDIC,DIF,NM,Montana,99274.0,0,Garfield County Bank,0,2.0,18164,0,MT,0,18164
66507,FDIC,DIF,NM,Kansas,124748.0,0,The Stockgrowers State Bank,0,4.0,18165,1,KS,0,18165
62269,FDIC,DIF,NM,Illinois,377302.0,0,Bank of O'Fallon,0,2.0,18171,1,IL,0,18171
75110,OCC,DIF,N,Texas,1676292.0,0,Community National Bank & Trust of Texas,14898,19.0,18185,0,TX,0,18185
06810,FDIC,DIF,SI,Connecticut,3302130.0,0,Union Savings Bank,0,26.0,18190,0,CT,0,18190
06437,FDIC,DIF,SI,Connecticut,1473506.0,0,Ascend Bank,0,13.0,18194,0,CT,0,18194
06770,FED,DIF,SM,Connecticut,2769160.0,0,Ion Bank,0,37.0,18198,0,CT,0,18198
06470,FDIC,DIF,SI,Connecticut,1925047.0,0,Newtown Savings Bank,0,19.0,18199,0,CT,0,18199
06360,FDIC,DIF,SI,Connecticut,1220818.0,1,Dime Bank,0,14.0,18200,0,CT,0,18200
06901,FDIC,DIF,SI,Connecticut,2359213.0,1,First County Bank,0,14.0,18204,0,CT,0,18204
47944,FDIC,DIF,NM,Indiana,190462.0,0,Fowler State Bank,0,3.0,1821,0,IN,0,1821
06877,FDIC,DIF,SI,Connecticut,1887262.0,0,Fairfield County Bank,0,17.0,18213,0,CT,0,18213
06905,OCC,DIF,N,Connecticut,85527350.0,0,"Webster Bank, National Association",24469,195.0,18221,0,CT,0,18221
06076,FDIC,DIF,SI,Connecticut,507645.0,1,Stafford Savings Bank,0,3.0,18227,0,CT,0,18227
06098,FDIC,DIF,SI,Connecticut,1234701.0,0,Northwest Community Bank,0,15.0,18229,0,CT,0,18229
06351,FDIC,DIF,SI,Connecticut,484363.0,1,Jewett City Savings Bank,0,7.0,18237,0,CT,0,18237
06340,FDIC,DIF,SI,Connecticut,1737451.0,1,Chelsea Groton Bank,0,14.0,18238,0,CT,0,18238
06787,FDIC,DIF,SI,Connecticut,1907111.0,1,Thomaston Savings Bank,0,16.0,18258,0,CT,0,18258
01801,FDIC,DIF,NM,Massachusetts,3267182.0,0,Northern Bank & Trust Company,0,14.0,18266,0,MA,0,18266
50021,FED,DIF,SM,Iowa,1740134.0,0,Community State Bank,0,9.0,18272,0,IA,0,18272
51340,FDIC,DIF,NM,Iowa,216251.0,0,Farmers Savings Bank,0,2.0,18284,0,IA,0,18284
46928,FED,DIF,SM,Indiana,58114.0,0,The Fairmount State Bank,0,1.0,1829,0,IN,0,1829
96817,OCC,DIF,N,Hawaii,883480.0,0,Hawaii National Bank,14911,10.0,18296,0,HI,0,18296
75701,FDIC,DIF,NM,Texas,8797882.0,0,Southside Bank,0,58.0,18297,0,TX,0,18297
31055,FDIC,DIF,NM,Georgia,148123.0,0,The Merchants & Citizens Bank,0,1.0,183,0,GA,0,183
79363,FDIC,DIF,NM,Texas,156620.0,0,First State Bank,0,5.0,18301,1,TX,0,18301
75153,FDIC,DIF,NM,Texas,57827.0,0,Producer Bank of Texas,0,2.0,18302,0,TX,0,18302
46112,FDIC,DIF,NM,Indiana,855705.0,0,State Bank,0,10.0,1833,0,IN,0,1833
75949,FDIC,DIF,NM,Texas,942084.0,0,UBank,0,8.0,18344,0,TX,0,18344
75230,FDIC,DIF,NM,Texas,1880365.0,0,North Dallas Bank & Trust Co.,0,6.0,18355,0,TX,0,18355
51201,FDIC,DIF,NM,Iowa,197129.0,0,Citizens State Bank,0,2.0,18356,1,IA,0,18356
54601,FDIC,DIF,NM,Wisconsin,524341.0,0,Coulee Bank,0,8.0,18361,1,WI,0,18361
67871,FDIC,DIF,NM,Kansas,1008157.0,0,Security State Bank,0,5.0,18374,0,KS,0,18374
55983,FDIC,DIF,NM,Minnesota,113109.0,0,Security State Bank of Wanamingo,0,1.0,18378,1,MN,0,18378
65605,FDIC,DIF,NM,Missouri,142613.0,0,First Independent Bank,0,1.0,18380,0,MO,0,18380
50674,FDIC,DIF,NM,Iowa,443315.0,0,Northeast Security Bank,0,7.0,18384,0,IA,0,18384
64658,FDIC,DIF,NM,Missouri,583624.0,0,Regional Missouri Bank,0,11.0,18385,1,MO,0,18385
88220,FDIC,DIF,NM,New Mexico,896865.0,0,Western Commerce Bank,0,12.0,18389,1,NM,0,18389
46978,FDIC,DIF,NM,Indiana,169347.0,0,Community State Bank,0,4.0,1839,0,IN,0,1839
50158,FDIC,DIF,NM,Iowa,144982.0,0,Farmers Savings Bank,0,3.0,18394,0,IA,0,18394
50536,FDIC,DIF,NM,Iowa,517630.0,0,Iowa Trust & Savings Bank,0,4.0,18400,1,IA,0,18400
61264,FDIC,DIF,NM,Illinois,1955338.0,0,Blackhawk Bank & Trust,0,19.0,18402,0,IL,0,18402
04401,FDIC,DIF,SI,Maine,7422800.0,0,Bangor Savings Bank,0,72.0,18408,0,ME,0,18408
19808,OCC,DIF,N,Delaware,345610767.0,0,"TD Bank, National Association",24096,1053.0,18409,0,DE,0,18409
61550,FDIC,DIF,NM,Illinois,5281633.0,0,Morton Community Bank,0,50.0,18429,1,IL,0,18429
47921,FDIC,DIF,NM,Indiana,215752.0,0,The Farmers and Merchants Bank,0,4.0,1843,0,IN,0,1843
67401,FDIC,DIF,NM,Kansas,614297.0,0,First Bank Kansas,0,8.0,18431,1,KS,0,18431
52136,FED,DIF,SM,Iowa,813862.0,0,CUSB Bank,0,7.0,18443,1,IA,0,18443
50230,FDIC,DIF,NM,Iowa,120836.0,0,Security State Bank,0,4.0,18448,1,IA,0,18448
52401,OCC,DIF,N,Iowa,38192.0,0,GreatAmerica Bank National Association,25375,3.0,18463,1,IA,0,18463
46750,FDIC,DIF,NM,Indiana,432084.0,0,The Bippus State Bank,0,6.0,1847,1,IN,0,1847
67544,FDIC,DIF,NM,Kansas,291246.0,0,First Kansas Bank,0,4.0,18474,1,KS,0,18474
57356,FDIC,DIF,NM,South Dakota,25576.0,0,Andes State Bank,0,1.0,18483,0,SD,0,18483
69153,FED,DIF,SM,Nebraska,1328835.0,0,Adams Bank & Trust,0,22.0,18489,0,NE,0,18489
47374,FED,DIF,SM,Indiana,258826.0,0,Wayne Bank and Trust Co.,0,4.0,1849,1,IN,0,1849
90012,FDIC,DIF,NM,California,24035136.0,0,Cathay Bank,0,65.0,18503,0,CA,0,18503
50707,FDIC,DIF,NM,Iowa,87042.0,0,First Security State Bank,0,2.0,18508,1,IA,0,18508
88030,FDIC,DIF,NM,New Mexico,274362.0,0,First New Mexico Bank,0,3.0,18514,0,NM,0,18514
51467,FDIC,DIF,NM,Iowa,259424.0,0,Westside State Bank,0,6.0,18518,1,IA,0,18518
72058,FDIC,DIF,NM,Arkansas,971958.0,0,First Service Bank,0,11.0,18519,0,AR,0,18519
50616,FDIC,DIF,NM,Iowa,549785.0,0,First Security Bank and Trust Company,0,11.0,1852,1,IA,0,1852
57108,OCC,DIF,N,South Dakota,2734177.0,0,"Sunrise Banks, National Association",14991,5.0,18561,0,SD,0,18561
60513,OCC,DIF,N,Illinois,427997.0,0,First National Bank of Brookfield,14993,1.0,18564,0,IL,0,18564
60914,FDIC,DIF,NM,Illinois,372207.0,0,Peoples Bank of Kankakee County,0,3.0,18566,1,IL,0,18566
62633,FDIC,DIF,NM,Illinois,44826.0,0,Community Bank of Easton,0,1.0,18568,0,IL,0,18568
54401,FDIC,DIF,NM,Wisconsin,1494913.0,0,Peoples State Bank,0,12.0,18569,0,WI,0,18569
52172,FED,DIF,SM,Iowa,450245.0,0,Waukon State Bank,0,4.0,1857,1,IA,0,1857
79701,FED,DIF,SM,Texas,543077.0,0,Bank of Texas,0,3.0,18576,0,TX,0,18576
48847,FDIC,DIF,NM,Michigan,564421.0,0,Commercial Bank,0,11.0,18584,0,MI,0,18584
74055,FDIC,DIF,NM,Oklahoma,646939.0,0,First Bank of Owasso,0,3.0,18592,1,OK,0,18592
50171,FDIC,DIF,NM,Iowa,55824.0,0,Montezuma State Bank,0,1.0,1860,0,IA,0,1860
79382,FDIC,DIF,NM,Texas,1777199.0,0,American Bank of Commerce,0,14.0,18609,0,TX,0,18609
66424,FED,DIF,SM,Kansas,430992.0,0,The Union State Bank of Everest,0,9.0,18610,1,KS,0,18610
90071,FDIC,DIF,NM,California,7728868.0,0,SMBC MANUBANK,0,8.0,18618,0,CA,0,18618
41339,FDIC,DIF,NM,Kentucky,216358.0,0,Citizens Bank & Trust Co. of Jackson,0,3.0,18620,1,KY,0,18620
60067,FDIC,DIF,NM,Illinois,221508.0,0,First Bank and Trust Company of Illinois,0,1.0,18641,0,IL,0,18641
66524,FDIC,DIF,NM,Kansas,102474.0,0,The Kansas State Bank Overbrook Kansas,0,2.0,1865,0,KS,0,1865
78410,FDIC,DIF,NM,Texas,292746.0,0,Charter Bank,0,4.0,18660,1,TX,0,18660
67748,FDIC,DIF,NM,Kansas,389065.0,0,"The Farmers State Bank of Oakley, Kansas",0,2.0,1867,0,KS,0,1867
79407,FDIC,DIF,NM,Texas,259978.0,0,Victory Bank,0,5.0,18677,0,TX,0,18677
67484,FDIC,DIF,NM,Kansas,642301.0,0,The Bank of Tescott,0,6.0,1868,1,KS,0,1868
67005,FED,DIF,SM,Kansas,661850.0,0,Union State Bank,0,12.0,1869,1,KS,0,1869
76901,FDIC,DIF,NM,Texas,423330.0,0,Texas State Bank,0,4.0,18698,1,TX,0,18698
80229,FDIC,DIF,NM,Colorado,261989.0,0,North Valley Bank,0,2.0,18710,1,CO,0,18710
55760,FDIC,DIF,NM,Minnesota,65168.0,0,Grand Timber Bank,0,1.0,18719,0,MN,0,18719
68326,FDIC,DIF,NM,Nebraska,33205.0,0,Citizens State Bank,0,1.0,18724,0,NE,0,18724
33131,OCC,DIF,N,Florida,2162070.0,0,"Newtek Bank, National Association",15070,1.0,18734,0,FL,0,18734
66202,FDIC,DIF,NM,Kansas,1099845.0,0,Bank of Labor,0,6.0,1874,0,KS,0,1874
68361,FDIC,DIF,NM,Nebraska,901489.0,0,Heartland Bank,0,15.0,18740,0,NE,0,18740
68322,FDIC,DIF,NM,Nebraska,666840.0,0,Bruning Bank,0,7.0,18748,0,NE,0,18748
68069,FDIC,DIF,NM,Nebraska,200930.0,0,Foundation One Bank,0,3.0,18761,0,NE,0,18761
79372,FDIC,DIF,NM,Texas,319677.0,0,Sundown State Bank,0,5.0,18780,0,TX,0,18780
68627,FDIC,DIF,NM,Nebraska,173130.0,0,Cedar Rapids State Bank,0,3.0,18820,1,NE,0,18820
65401,FDIC,DIF,NM,Missouri,616678.0,0,Phelps County Bank,0,6.0,18841,1,MO,0,18841
74136,FED,DIF,SM,Oklahoma,181932.0,0,Oklahoma Capital Bank,0,3.0,18856,0,OK,0,18856
45701,FED,DIF,SM,Ohio,366927.0,0,The Hocking Valley Bank,0,5.0,18858,0,OH,0,18858
63857,FDIC,DIF,NM,Missouri,126800.0,0,Kennett Trust Bank,0,1.0,18879,0,MO,0,18879
82716,OCC,DIF,N,Wyoming,626225.0,0,First National Bank of Gillette,15158,3.0,18880,1,WY,0,18880
55051,OCC,DIF,N,Minnesota,311139.0,0,Neighborhood National Bank,15161,6.0,18885,1,MN,0,18885
79052,OCC,DIF,N,Texas,65664.0,0,Kress National Bank,15168,1.0,18892,1,TX,0,18892
77566,OCC,DIF,N,Texas,211211.0,0,First National Bank of Lake Jackson,15171,2.0,18895,1,TX,0,18895
53154,OCC,DIF,N,Wisconsin,1969645.0,0,Tri City National Bank,15738,28.0,18922,0,WI,0,18922
73433,FDIC,DIF,NM,Oklahoma,279372.0,0,Old Glory Bank,0,1.0,18924,0,OK,0,18924
33430,FDIC,DIF,NM,Florida,155890.0,0,Bank of Belle Glade,0,1.0,18930,0,FL,0,18930
56376,OCC,DIF,N,Minnesota,28581.0,0,St. Martin National Bank,15198,1.0,18937,1,MN,0,18937
77331,FDIC,DIF,NM,Texas,44622.0,0,"The Bank of San Jacinto County, Coldspring, Texas",0,1.0,18942,1,TX,0,18942
21155,FDIC,DIF,NM,Maryland,863204.0,0,Farmers and Merchants Bank,0,9.0,1895,0,MD,0,1895
95833,FDIC,DIF,NM,California,6047747.0,0,River City Bank,0,9.0,18983,0,CA,0,18983
56169,FDIC,DIF,NM,Minnesota,634126.0,0,First Independent Bank,0,12.0,1900,1,MN,0,1900
63841,FDIC,DIF,NM,Missouri,663036.0,0,First Midwest Bank of Dexter,0,8.0,19001,1,MO,0,19001
60706,FDIC,DIF,NM,Illinois,3666225.0,0,Parkway Bank and Trust Company,0,27.0,19008,0,IL,0,19008
24614,FED,DIF,SM,Virginia,357813.0,0,Legacy Bank,0,4.0,19011,0,VA,0,19011
75503,OCC,DIF,N,Texas,330313.0,0,Commercial National Bank of Texarkana,15257,6.0,19024,1,TX,0,19024
56080,FDIC,DIF,NM,Minnesota,133054.0,0,St. Clair State Bank (Incorporated),0,1.0,1903,1,MN,0,1903
56088,FED,DIF,SM,Minnesota,523895.0,0,"Profinium, Inc.",0,4.0,1905,0,MN,0,1905
56176,FDIC,DIF,NM,Minnesota,94870.0,0,Triumph State Bank,0,4.0,1906,0,MN,0,1906
38614,OCC,DIF,N,Mississippi,392809.0,0,First National Bank of Clarksdale,15284,5.0,19070,0,MS,0,19070
56294,FDIC,DIF,NM,Minnesota,236231.0,0,The Wanda State Bank,0,2.0,1908,0,MN,0,1908
75209,OCC,DIF,N,Texas,4438460.0,0,Inwood National Bank,15292,12.0,19080,1,TX,0,19080
68644,FDIC,DIF,NM,Nebraska,100917.0,0,Bank of Lindsay,0,1.0,19087,0,NE,0,19087
21001,FDIC,DIF,NM,Maryland,732308.0,0,Harford Bank,0,9.0,19101,0,MD,0,19101
62544,FDIC,DIF,NM,Illinois,23569.0,0,Peoples Bank of Macon,0,1.0,19105,0,IL,0,19105
58701,FED,DIF,SM,North Dakota,2324050.0,0,First Western Bank & Trust,0,20.0,19123,0,ND,0,19123
55010,FDIC,DIF,NM,Minnesota,293108.0,0,Castle Rock Bank,0,3.0,1913,1,MN,0,1913
70394,FDIC,DIF,NM,Louisiana,681320.0,0,United Community Bank,0,11.0,19143,1,LA,0,19143
30833,FDIC,DIF,NM,Georgia,514131.0,0,First State Bank,0,6.0,19163,0,GA,0,19163
82609,OCC,DIF,N,Wyoming,1142793.0,0,Hilltop National Bank,15359,8.0,19184,1,WY,0,19184
63901,FDIC,DIF,NM,Missouri,740886.0,0,First Midwest Bank of the Ozarks,0,11.0,19212,1,MO,0,19212
68124,OCC,DIF,N,Nebraska,1836211.0,0,Security National Bank of Omaha,15379,14.0,19213,0,NE,0,19213
75024,FED,DIF,SM,Texas,1585603.0,0,Benchmark Bank,0,8.0,19215,1,TX,0,19215
80206,FED,DIF,SM,Colorado,2964249.0,0,ANB Bank,0,33.0,19220,1,CO,0,19220
94538,FDIC,DIF,NM,California,5915963.0,0,Fremont Bank,0,23.0,19222,1,CA,0,19222
61462,OCC,DIF,N,Illinois,53479.0,0,Community National Bank in Monmouth,15389,1.0,19230,0,IL,0,19230
70433,FDIC,DIF,NM,Louisiana,359330.0,0,American Bank,0,5.0,19234,0,LA,0,19234
56288,OCC,DIF,N,Minnesota,360782.0,0,Heritage Bank National Association,15401,5.0,19254,1,MN,0,19254
69345,FDIC,DIF,NM,Nebraska,368899.0,0,Banner Capital Bank,0,7.0,19274,1,NE,0,19274
78932,FDIC,DIF,NM,Texas,145265.0,0,Carmine State Bank,0,1.0,19278,0,TX,0,19278
25601,FDIC,DIF,NM,West Virginia,361460.0,0,Logan Bank & Trust Company,0,6.0,19285,0,WV,0,19285
74955,FDIC,DIF,NM,Oklahoma,1253608.0,0,Firstar Bank,0,11.0,19288,0,OK,0,19288
56176,FDIC,DIF,NM,Minnesota,72377.0,0,Farmers State Bank of Trimont,0,2.0,1929,0,MN,0,1929
55054,FDIC,DIF,NM,Minnesota,193734.0,0,New Market Bank,0,3.0,1931,0,MN,0,1931
55368,FDIC,DIF,NM,Minnesota,141486.0,0,Citizens State Bank Norwood Young America,0,1.0,1933,1,MN,0,1933
60523,FDIC,DIF,NM,Illinois,2539080.0,0,Republic Bank of Chicago,0,20.0,19333,0,IL,0,19333
80517,FDIC,DIF,NM,Colorado,157526.0,0,Bank of Estes Park,0,3.0,19351,1,CO,0,19351
71247,FDIC,DIF,NM,Louisiana,119904.0,0,Hodge Bank & Trust Company,0,1.0,19354,1,LA,0,19354
78954,FDIC,DIF,NM,Texas,975176.0,0,Round Top State Bank,0,7.0,19358,0,TX,0,19358
63334,FDIC,DIF,NM,Missouri,341913.0,0,Community State Bank of Missouri,0,3.0,1936,1,MO,0,1936
65583,FDIC,DIF,NM,Missouri,147771.0,0,Bank of Crocker,0,4.0,1937,1,MO,0,1937
71602,FED,DIF,SM,Arkansas,1479703.0,0,Relyance Bank,0,21.0,19371,0,AR,0,19371
80863,FDIC,DIF,NM,Colorado,158783.0,0,Park State Bank & Trust,0,1.0,19381,1,CO,0,19381
58401,FDIC,DIF,NM,North Dakota,596103.0,0,Unison Bank,0,4.0,19396,0,ND,0,19396
77029,FDIC,DIF,NM,Texas,694341.0,0,Capital Bank,0,9.0,19401,0,TX,0,19401
90017,FDIC,DIF,NM,California,5369932.0,0,CTBC Bank Corp. (USA),0,20.0,19416,0,CA,0,19416
31082,FDIC,DIF,NM,Georgia,395451.0,0,Citizens Bank of the South,0,3.0,19420,0,GA,0,19420
95202,FDIC,DIF,NM,California,780102.0,0,BAC Community Bank,0,8.0,19434,1,CA,0,19434
35020,FDIC,DIF,NM,Alabama,245617.0,0,First Financial Bank,0,8.0,19440,1,AL,0,19440
38652,FDIC,DIF,NM,Mississippi,841350.0,0,BNA Bank,0,8.0,19448,0,MS,0,19448
64772,FDIC,DIF,NM,Missouri,115961.0,0,Metz Banking Company,0,2.0,1945,1,MO,0,1945
62629,FDIC,DIF,NM,Illinois,4165370.0,0,United Community Bank,0,46.0,19459,0,IL,0,19459
65263,FDIC,DIF,NM,Missouri,263759.0,0,Alliant Bank,0,6.0,1946,0,MO,0,1946
44657,OCC,DIF,N,Ohio,1237314.0,0,Consumers National Bank,15543,22.0,19482,0,OH,0,19482
38570,OCC,DIF,N,Tennessee,1365377.0,0,First National Bank of Tennessee,15550,7.0,19502,1,TN,0,19502
62711,FDIC,DIF,NM,Illinois,1948394.0,0,Bank of Springfield,0,17.0,19506,0,IL,0,19506
63132,FDIC,DIF,NM,Missouri,1051390.0,0,Royal Banks of Missouri,0,19.0,19512,0,MO,0,19512
99701,FDIC,DIF,SI,Alaska,631474.0,1,Mt. McKinley Bank,0,5.0,19525,0,AK,0,19525
04654,FDIC,DIF,SI,Maine,2648458.0,0,Machias Savings Bank,0,16.0,19531,0,ME,0,19531
04976,FDIC,DIF,SI,Maine,843493.0,1,Skowhegan Savings Bank,0,13.0,19532,0,ME,0,19532
51054,FDIC,DIF,NM,Iowa,295241.0,0,Pioneer Bank,0,4.0,19540,1,IA,0,19540
59729,FDIC,DIF,NM,Montana,282425.0,0,Madison Valley Bank,0,5.0,19544,1,MT,0,19544
76109,FDIC,DIF,NM,Texas,2469605.0,0,TexasBank,0,20.0,19559,1,TX,0,19559
65026,FDIC,DIF,NM,Missouri,243538.0,0,Citizens Bank of Eldon,0,4.0,1956,0,MO,0,1956
60601,FDIC,DIF,NM,Illinois,2858811.0,0,Lakeside Bank,0,11.0,19573,1,IL,0,19573
58103,FDIC,DIF,NM,North Dakota,14816488.0,0,Bell Bank,0,34.0,19581,0,ND,0,19581
55792,FDIC,DIF,NM,Minnesota,101910.0,0,Northern State Bank of Virginia,0,2.0,19589,1,MN,0,19589
30474,FDIC,DIF,NM,Georgia,329690.0,0,Altamaha Bank & Trust Company,0,4.0,19590,1,GA,0,19590
76856,FDIC,DIF,NM,Texas,114171.0,0,The Commercial Bank,0,1.0,19595,0,TX,0,19595
64106,OCC,DIF,N,Missouri,3275311.0,0,"Academy Bank, National Association",15592,80.0,19600,0,MO,0,19600
77550,OCC,DIF,N,Texas,998102.0,0,"HomeTown Bank, National Association",15593,7.0,19603,0,TX,0,19603
53713,FDIC,DIF,NM,Wisconsin,1527658.0,0,The Park Bank,0,10.0,19608,0,WI,0,19608
78040,FDIC,DIF,NM,Texas,9892909.0,0,International Bank of Commerce,0,81.0,19629,0,TX,0,19629
71232,FDIC,DIF,NM,Louisiana,451124.0,0,"Guaranty Bank & Trust Company of Delhi, Louisiana",0,10.0,19638,1,LA,0,19638
64759,FED,DIF,SM,Missouri,262558.0,0,Lamar Bank and Trust Company,0,2.0,1964,1,MO,0,1964
72301,FED,DIF,SM,Arkansas,558240.0,0,Fidelity Bank,0,6.0,19644,1,AR,0,19644
26452,FDIC,DIF,NM,West Virginia,299450.0,0,The Citizens Bank of Weston,0,2.0,19674,0,WV,0,19674
74820,FDIC,DIF,NM,Oklahoma,339441.0,0,Citizens Bank of Ada,0,3.0,19679,1,OK,0,19679
31055,FDIC,DIF,NM,Georgia,70097.0,0,The Security State Bank,0,1.0,19680,1,GA,0,19680
26101,FDIC,DIF,NM,West Virginia,325712.0,0,Community Bank of Parkersburg,0,4.0,19681,1,WV,0,19681
67209,FDIC,DIF,NM,Kansas,186369.0,0,Garden Plain State Bank,0,2.0,19687,0,KS,0,19687
62812,FDIC,DIF,NM,Illinois,178916.0,0,State Bank of Whittington,0,5.0,19689,1,IL,0,19689
04101,FDIC,DIF,NM,Maine,5034096.0,0,Northeast Bank,0,9.0,19690,0,ME,0,19690
47946,FDIC,DIF,NM,Indiana,458664.0,0,Alliance Bank,0,7.0,197,1,IN,0,197
78411,FDIC,DIF,NM,Texas,303038.0,0,ValueBank Texas,0,9.0,19700,0,TX,0,19700
52742,FDIC,DIF,NM,Iowa,783989.0,0,First Central State Bank,0,6.0,19716,0,IA,0,19716
59011,FED,DIF,SM,Montana,158342.0,0,Citizens Bank & Trust Company,0,2.0,1972,0,MT,0,1972
31021,FDIC,DIF,NM,Georgia,158983.0,0,Farmers State Bank,0,3.0,19720,1,GA,0,19720
68118,FED,DIF,SM,Nebraska,383986.0,0,"First Westroads Bank, Inc.",0,2.0,19742,0,NE,0,19742
71082,FDIC,DIF,NM,Louisiana,155789.0,0,"Citizens Bank & Trust Company of Vivian, Louisiana",0,7.0,19744,1,LA,0,19744
70373,FDIC,DIF,NM,Louisiana,177392.0,0,South Lafourche Bank & Trust Company,0,3.0,19755,1,LA,0,19755
54401,FDIC,DIF,NM,Wisconsin,2058919.0,0,IncredibleBank,0,19.0,19772,0,WI,0,19772
59044,FED,DIF,SM,Montana,1343203.0,0,The Yellowstone Bank,0,10.0,1978,1,MT,0,1978
54405,FDIC,DIF,NM,Wisconsin,650667.0,0,AbbyBank,0,9.0,19795,0,WI,0,19795
62540,FDIC,DIF,NM,Illinois,69027.0,0,Midland Community Bank,0,2.0,19796,0,IL,0,19796
59901,FDIC,DIF,NM,Montana,210813.0,0,Valley Bank of Kalispell,0,3.0,1980,0,MT,0,1980
70764,FDIC,DIF,NM,Louisiana,222052.0,0,Plaquemine Bank & Trust Company,0,2.0,19800,0,LA,0,19800
69143,FDIC,DIF,NM,Nebraska,138737.0,0,Hershey Bank,0,4.0,19809,0,NE,0,19809
30747,OCC,DIF,N,Georgia,73407.0,0,Southeast First National Bank,15651,3.0,19819,0,GA,0,19819
59538,FED,DIF,SM,Montana,193421.0,0,The First State Bank of Malta,0,1.0,1982,0,MT,0,1982
97301,OCC,DIF,N,Oregon,711907.0,0,"Pioneer Trust Bank, National Association",21060,2.0,19827,0,OR,0,19827
69025,FDIC,DIF,NM,Nebraska,183168.0,0,Western Nebraska Bank,0,4.0,1983,0,NE,0,1983
04938,FED,DIF,SM,Maine,764634.0,0,Franklin Savings Bank,0,8.0,19836,0,ME,0,19836
68516,FDIC,DIF,NM,Nebraska,1444197.0,0,West Gate Bank,0,10.0,19850,0,NE,0,19850
68971,FDIC,DIF,NM,Nebraska,72803.0,0,Commercial State Bank,0,1.0,1986,0,NE,0,1986
66502,FDIC,DIF,NM,Kansas,2586584.0,0,KS StateBank,0,6.0,19899,1,KS,0,19899
87571,FDIC,DIF,NM,New Mexico,421746.0,0,Centinel Bank of Taos,0,2.0,19904,1,NM,0,19904
68824,FDIC,DIF,NM,Nebraska,343823.0,0,Pathway Bank,0,4.0,1992,1,NE,0,1992
68017,FDIC,DIF,NM,Nebraska,79615.0,0,CerescoBank,0,1.0,1993,0,NE,0,1993
10036,FDIC,DIF,NM,New York,13986756.0,0,Israel Discount Bank of New York,0,7.0,19977,0,NY,0,19977
08070,OCC,DIF,N,New Jersey,289737.0,0,The Pennsville National Bank,15733,5.0,19978,0,NJ,0,19978
07095,FDIC,DIF,NM,New Jersey,1794219.0,0,Bessemer Trust Company,0,1.0,20015,0,NJ,0,20015
33156,OCC,DIF,N,Florida,73543.0,0,Eastern National Bank,15748,4.0,20026,0,FL,0,20026
73128,FDIC,DIF,NM,Oklahoma,614980.0,0,All America Bank,0,7.0,20093,1,OK,0,20093
76036,FDIC,DIF,NM,Texas,4272272.0,0,Texas Exchange Bank,0,2.0,20099,1,TX,0,20099
37347,FDIC,DIF,NM,Tennessee,385211.0,0,Tower Community Bank,0,11.0,20100,0,TN,0,20100
68701,FDIC,DIF,NM,Nebraska,1203870.0,0,BankFirst,0,14.0,20130,0,NE,0,20130
73013,FDIC,DIF,NM,Oklahoma,1059092.0,0,Kirkpatrick Bank,0,8.0,20156,1,OK,0,20156
88001,FDIC,DIF,NM,New Mexico,1166234.0,0,Citizens Bank of Las Cruces,0,9.0,20161,1,NM,0,20161
59601,FDIC,DIF,NM,Montana,104062.0,0,Ascent Bank,0,2.0,20162,0,MT,0,20162
84070,FDIC,DIF,NM,Utah,4270088.0,0,Sunwest Bank,0,9.0,20164,0,UT,0,20164
48202,FDIC,DIF,NM,Michigan,875011.0,0,First Independence Bank,0,5.0,20179,0,MI,0,20179
31775,FDIC,DIF,NM,Georgia,589788.0,0,South Georgia Banking Company,0,8.0,20198,0,GA,0,20198
76102,FDIC,DIF,NM,Texas,2712157.0,0,Pinnacle Bank,0,28.0,20231,0,TX,0,20231
33130,OCC,DIF,N,Florida,28626294.0,0,City National Bank of Florida,15977,31.0,20234,0,FL,0,20234
42211,FED,DIF,SM,Kentucky,142555.0,0,Bank of Cadiz and Trust Company,0,5.0,20239,1,KY,0,20239
55435,FDIC,DIF,NM,Minnesota,569609.0,0,Scale Bank,0,1.0,20268,1,MN,0,20268
74953,FED,DIF,SM,Oklahoma,390201.0,0,The Community State Bank,0,6.0,20279,1,OK,0,20279
53403,FED,DIF,SM,Wisconsin,7008117.0,0,Johnson Bank,0,32.0,20296,0,WI,0,20296
59715,FDIC,DIF,NM,Montana,608481.0,0,American Bank,0,6.0,20311,1,MT,0,20311
70510,FDIC,DIF,NM,Louisiana,516302.0,0,Gulf Coast Bank,0,9.0,20353,0,LA,0,20353
28146,FDIC,DIF,NM,North Carolina,985580.0,0,Farmers & Merchants Bank,0,12.0,2036,0,NC,0,2036
61704,FDIC,DIF,NM,Illinois,6769567.0,0,Heartland Bank and Trust Company,0,88.0,20369,0,IL,0,20369
94108,FED,DIF,SM,California,1160267.0,0,Bank of the Orient,0,9.0,20387,0,CA,0,20387
35974,FDIC,DIF,NM,Alabama,238487.0,0,Liberty Bank,0,9.0,20429,0,AL,0,20429
62531,FDIC,DIF,NM,Illinois,30240.0,0,Citizens Bank of Edinburg,0,1.0,20454,0,IL,0,20454
36266,FDIC,DIF,NM,Alabama,348344.0,0,FirstState Bank,0,3.0,20468,0,AL,0,20468
59072,FDIC,DIF,NM,Montana,92942.0,0,First Security Bank of Roundup,0,1.0,20479,1,MT,0,20479
23944,FED,DIF,SM,Virginia,1402760.0,0,Benchmark Community Bank,0,18.0,20484,0,VA,0,20484
68803,FED,DIF,SM,Nebraska,2101863.0,0,Five Points Bank,0,16.0,20488,1,NE,0,20488
30305,FDIC,DIF,NM,Georgia,28021961.0,0,Ameris Bank,0,178.0,20504,0,GA,0,20504
74135,FDIC,DIF,NM,Oklahoma,319673.0,0,American Bank and Trust Company,0,2.0,20537,0,OK,0,20537
28372,FDIC,DIF,NM,North Carolina,559617.0,0,Lumbee Guaranty Bank,0,14.0,20568,0,NC,0,20568
58746,FDIC,DIF,NM,North Dakota,197706.0,0,State Bank & Trust of Kenmare,0,3.0,2057,1,ND,0,2057
60601,FDIC,DIF,NM,Illinois,9886789.0,0,Byline Bank,0,55.0,20624,0,IL,0,20624
59722,FDIC,DIF,NM,Montana,85304.0,0,First Security Bank of Deer Lodge,0,1.0,20657,1,MT,0,20657
43302,FDIC,DIF,NM,Ohio,384184.0,0,The Fahey Banking Company,0,2.0,2068,0,OH,0,2068
71343,FDIC,DIF,NM,Louisiana,402597.0,0,Southern Heritage Bank,0,10.0,20698,1,LA,0,20698
37863,FED,DIF,SM,Tennessee,956143.0,0,Tennessee State Bank,0,17.0,20720,1,TN,0,20720
75254,OCC,DIF,N,Texas,1199220.0,0,"Dallas Capital Bank, National Association",15980,1.0,20727,0,TX,0,20727
12211,OCC,DIF,N,New York,2212952.0,0,"Pioneer Bank, National Association",25324,21.0,20741,0,NY,0,20741
58103,FDIC,DIF,NM,North Dakota,1063463.0,0,Border Bank,0,11.0,20776,1,ND,0,20776
37327,FDIC,DIF,NM,Tennessee,1653503.0,0,Citizens Tri-County Bank,0,24.0,20818,1,TN,0,20818
77485,FDIC,DIF,NM,Texas,1398702.0,0,Wallis Bank,0,17.0,20845,1,TX,0,20845
70127,FDIC,DIF,NM,Louisiana,1106725.0,0,Liberty Bank and Trust Company,0,18.0,20856,0,LA,0,20856
40475,FDIC,DIF,NM,Kentucky,299247.0,0,Citizens Guaranty Bank,0,6.0,20872,1,KY,0,20872
96910,FDIC,DIF,NM,Guam,3142342.0,0,Bank of Guam,0,1.0,20884,0,GU,0,20884
20003,OCC,DIF,N,District Of Columbia,734775.0,0,The National Capital Bank of Washington,4107,4.0,2093,0,DC,0,2093
37862,OCC,DIF,N,Tennessee,1959788.0,0,Citizens National Bank,16076,21.0,20954,1,TN,0,20954
59501,FDIC,DIF,NM,Montana,1370658.0,0,Independence Bank,0,10.0,20989,0,MT,0,20989
38372,FED,DIF,SM,Tennessee,677813.0,0,The Hardin County Bank,0,5.0,20993,0,TN,0,20993
46172,FDIC,DIF,NM,Indiana,303415.0,0,Tri-County Bank & Trust Company,0,5.0,210,0,IN,0,210
29526,OCC,DIF,N,South Carolina,1940788.0,0,The Conway National Bank,10536,16.0,2102,0,SC,0,2102
33606,FDIC,DIF,NM,Florida,3065066.0,0,The Bank of Tampa,0,13.0,21031,0,FL,0,21031
35586,FDIC,DIF,NM,Alabama,129427.0,0,"First State Bank of the South, Inc.",0,5.0,21050,0,AL,0,21050
29059,OCC,DIF,N,South Carolina,310358.0,0,First National Bank of South Carolina,10680,8.0,2107,0,SC,0,2107
75652,FDIC,DIF,NM,Texas,953152.0,0,Texas Bank,0,13.0,21074,1,TX,0,21074
39120,FDIC,DIF,NM,Mississippi,563128.0,0,United Mississippi Bank,0,13.0,21083,1,MS,0,21083
54651,FDIC,DIF,NM,Wisconsin,80553.0,0,Bank of Ontario,0,3.0,21085,1,WI,0,21085
67846,FDIC,DIF,NM,Kansas,824768.0,0,The Western State Bank,0,9.0,21121,1,KS,0,21121
40507,FDIC,DIF,NM,Kentucky,415191.0,0,Bank of the Bluegrass and Trust Company,0,5.0,21161,0,KY,0,21161
41472,FDIC,DIF,NM,Kentucky,100300.0,0,"Bank of the Mountains, Inc.",0,3.0,21219,0,KY,0,21219
37804,FDIC,DIF,NM,Tennessee,556372.0,0,CBBC Bank,0,7.0,21227,0,TN,0,21227
42066,FDIC,DIF,NM,Kentucky,594932.0,0,"First Kentucky Bank, Inc.",0,11.0,21247,1,KY,0,21247
74365,FED,DIF,SM,Oklahoma,56179.0,0,Lakeside Bank of Salina,0,1.0,21255,0,OK,0,21255
33134,FDIC,DIF,NM,Florida,5549791.0,0,Bradesco Bank,0,1.0,21265,0,FL,0,21265
32502,FDIC,DIF,NM,Florida,142605.0,0,Bank of Pensacola,0,2.0,21284,0,FL,0,21284
39837,FDIC,DIF,NM,Georgia,1204901.0,0,PeoplesSouth Bank,0,33.0,21292,0,GA,0,21292
76106,FDIC,DIF,NM,Texas,598478.0,0,NBT Financial Bank,0,5.0,21329,0,TX,0,21329
37027,FDIC,DIF,NM,Tennessee,282747.0,0,Sonata Bank,0,2.0,21342,0,TN,0,21342
71654,FED,DIF,SM,Arkansas,103519.0,0,First Naturalstate Bank,0,3.0,21379,0,AR,0,21379
30434,OCC,DIF,N,Georgia,2342102.0,0,Queensborough National Bank & Trust Company,6207,25.0,2138,0,GA,0,2138
52353,FED,DIF,SM,Iowa,596406.0,0,Washington State Bank,0,5.0,214,0,IA,0,214
84117,FDIC,DIF,NM,Utah,71638.0,0,Redemption Bank,0,1.0,21448,0,UT,0,21448
31064,FDIC,DIF,NM,Georgia,160429.0,0,Bank of Monticello,0,1.0,2145,1,GA,0,2145
76708,FED,DIF,SM,Texas,165381.0,0,Fidelity Bank of Texas,0,2.0,21455,0,TX,0,21455
62401,FDIC,DIF,NM,Illinois,239757.0,0,Crossroads Bank,0,2.0,21486,0,IL,0,21486
56069,FDIC,DIF,NM,Minnesota,243072.0,0,Cornerstone State Bank,0,7.0,21525,1,MN,0,21525
30286,FDIC,DIF,NM,Georgia,162703.0,0,West Central Georgia Bank,0,2.0,21526,0,GA,0,21526
71264,FDIC,DIF,NM,Louisiana,135314.0,0,Bank of Oak Ridge,0,3.0,21529,1,LA,0,21529
31082,FDIC,DIF,NM,Georgia,206660.0,0,The Geo. D. Warthen Bank,0,1.0,2154,0,GA,0,2154
59901,FDIC,DIF,NM,Montana,306105.0,0,Three Rivers Bank of Montana,0,3.0,21557,0,MT,0,21557
75220,OCC,DIF,N,Texas,722733.0,0,"American Bank, National Association",16320,3.0,21567,0,TX,0,21567
39840,FDIC,DIF,NM,Georgia,88090.0,0,First State Bank of Randolph County,0,2.0,2157,1,GA,0,2157
37660,FDIC,DIF,NM,Tennessee,2120392.0,0,Bank of Tennessee,0,25.0,21573,1,TN,0,21573
12414,OCC,DIF,SB,New York,3181793.0,0,The Bank of Greene County,718028,19.0,21591,0,NY,0,21591
30830,OCC,DIF,N,Georgia,226697.0,0,The First National Bank of Waynesboro,7899,2.0,2160,0,GA,0,2160
92506,FDIC,DIF,NM,California,974149.0,0,HCN Bank,0,7.0,21606,1,CA,0,21606
60914,FDIC,DIF,NM,Illinois,78708.0,0,The Bank of Bourbonnais,0,1.0,21635,0,IL,0,21635
32440,FDIC,DIF,NM,Florida,117984.0,0,Peoples Bank of Graceville,0,1.0,21692,1,FL,0,21692
75032,FDIC,DIF,NM,Texas,394784.0,0,Lakeside Bank,0,2.0,21693,1,TX,0,21693
55109,FDIC,DIF,NM,Minnesota,1181367.0,0,Premier Bank,0,8.0,21714,0,MN,0,21714
91764,OCC,DIF,N,California,15511016.0,0,"Citizens Business Bank, National Association",25382,70.0,21716,0,CA,0,21716
60194,FDIC,DIF,NM,Illinois,150051.0,0,Heritage Bank of Schaumburg,0,1.0,21721,1,IL,0,21721
58249,FDIC,DIF,NM,North Dakota,140078.0,0,Farmers and Merchants State Bank,0,1.0,21728,1,ND,0,21728
73772,FDIC,DIF,NM,Oklahoma,89697.0,0,First State Bank,0,1.0,21752,1,OK,0,21752
48126,FED,DIF,SM,Michigan,71040.0,0,"JPMorgan Chase Bank, Dearborn",0,1.0,21761,0,MI,0,21761
39819,FDIC,DIF,NM,Georgia,600578.0,0,First Port City Bank,0,6.0,21784,0,GA,0,21784
71832,FED,DIF,SM,Arkansas,516607.0,0,First State Bank of DeQueen,0,7.0,21805,1,AR,0,21805
75851,FDIC,DIF,NM,Texas,53662.0,0,Lovelady State Bank,0,1.0,21807,1,TX,0,21807
10020,FED,DIF,SM,New York,4050082.0,0,Mizuho Bank (USA),0,2.0,21843,0,NY,0,21843
73120,FDIC,DIF,NM,Oklahoma,826460.0,0,Quail Creek Bank,0,1.0,21848,1,OK,0,21848
10020,OCC,DIF,N,New York,5409760.0,0,"Bessemer Trust Company, National Association",16417,1.0,21868,0,NY,0,21868
37760,FDIC,DIF,NM,Tennessee,223359.0,0,First Peoples Bank of Tennessee,0,5.0,21874,0,TN,0,21874
24614,FED,DIF,SM,Virginia,703489.0,0,TruPoint Bank,0,16.0,21883,0,VA,0,21883
63069,FDIC,DIF,NM,Missouri,196991.0,0,Bank Star,0,3.0,21897,0,MO,0,21897
39111,FED,DIF,SM,Mississippi,1191495.0,0,PriorityOne Bank,0,18.0,21906,1,MS,0,21906
58503,FDIC,DIF,NM,North Dakota,361725.0,0,Kirkwood Bank & Trust Co.,0,4.0,21928,1,ND,0,21928
95973,FDIC,DIF,NM,California,9946447.0,0,Tri Counties Bank,0,77.0,21943,0,CA,0,21943
67219,FED,DIF,SM,Kansas,309445.0,0,Stryv Bank,0,2.0,21955,1,KS,0,21955
93101,FDIC,DIF,NM,California,2036398.0,0,Montecito Bank & Trust,0,17.0,21956,0,CA,0,21956
73129,FDIC,DIF,NM,Oklahoma,600666.0,0,Frontier State Bank,0,1.0,21978,1,OK,0,21978
61071,FDIC,DIF,NM,Illinois,318168.0,0,Community State Bank of Rock Falls,0,5.0,21988,0,IL,0,21988
39428,FDIC,DIF,NM,Mississippi,108784.0,0,Covington County Bank,0,2.0,21998,0,MS,0,21998
37743,FDIC,DIF,NM,Tennessee,626069.0,0,Andrew Johnson Bank,0,8.0,22015,0,TN,0,22015
38012,FED,DIF,SM,Tennessee,568378.0,0,INSOUTH Bank,0,8.0,22020,0,TN,0,22020
70039,OCC,DIF,N,Louisiana,239878.0,0,First National Bank USA,16473,2.0,22046,0,LA,0,22046
59601,FDIC,DIF,NM,Montana,261038.0,0,Bank of The Rockies,0,7.0,2205,1,MT,0,2205
74114,FED,DIF,SM,Oklahoma,679202.0,0,Grand Bank,0,4.0,22065,0,OK,0,22065
82834,FED,DIF,SM,Wyoming,946553.0,0,First Northern Bank of Wyoming,0,5.0,2208,1,WY,0,2208
87110,FDIC,DIF,NM,New Mexico,254191.0,0,Main Bank,0,1.0,22086,1,NM,0,22086
37355,FDIC,DIF,NM,Tennessee,430430.0,0,Coffee County Bank,0,4.0,22090,1,TN,0,22090
30705,OCC,DIF,N,Georgia,721425.0,0,First National Community Bank,16487,11.0,22092,0,GA,0,22092
84321,FDIC,DIF,NM,Utah,3497348.0,0,Cache Valley Bank,0,24.0,22134,0,UT,0,22134
30525,FDIC,DIF,NM,Georgia,364186.0,0,Rabun County Bank,0,4.0,22138,0,GA,0,22138
55423,FED,DIF,SM,Minnesota,1044845.0,0,United Bankers' Bank,0,1.0,22180,0,MN,0,22180
31720,FDIC,DIF,NM,Georgia,778747.0,0,Barwick Banking Company,0,6.0,22205,0,GA,0,22205
36617,OCC,DIF,N,Alabama,72687.0,0,Commonwealth National Bank,16553,2.0,22229,0,AL,0,22229
59014,OCC,DIF,N,Montana,791892.0,0,"Bank of Bridger, National Association",10844,12.0,2224,0,MT,0,2224
55414,FDIC,DIF,NM,Minnesota,230791.0,0,Union Bank and Trust Company,0,1.0,22242,0,MN,0,22242
31750,FDIC,DIF,NM,Georgia,3705164.0,0,Colony Bank,0,33.0,22257,0,GA,0,22257
56727,FED,DIF,SM,Minnesota,81158.0,0,American State Bank of Grygla,0,2.0,22263,1,MN,0,22263
35570,OCC,DIF,N,Alabama,372896.0,0,First National Bank,16579,5.0,22271,1,AL,0,22271
25661,FDIC,DIF,NM,West Virginia,148734.0,0,Guaranty Bank Inc.,0,3.0,22273,0,WV,0,22273
82301,FED,DIF,SM,Wyoming,286852.0,0,RNB STATE BANK,0,5.0,2228,1,WY,0,2228
60631,FDIC,DIF,NM,Illinois,544229.0,0,First Nations Bank,0,3.0,22282,0,IL,0,22282
82901,FED,DIF,SM,Wyoming,389455.0,0,RSNB Bank,0,2.0,2229,1,WY,0,2229
49426,FED,DIF,SM,Michigan,1196482.0,0,West Michigan Community Bank,0,8.0,22308,0,MI,0,22308
65711,FED,DIF,SM,Missouri,1827411.0,0,Legacy Bank & Trust Company,0,9.0,22319,0,MO,0,22319
82414,FDIC,DIF,NM,Wyoming,1274405.0,0,Pinnacle Bank - Wyoming,0,15.0,2232,0,WY,0,2232
53575,FED,DIF,SM,Wisconsin,2545338.0,0,One Community Bank,0,20.0,22334,0,WI,0,22334
73942,FDIC,DIF,NM,Oklahoma,573210.0,0,Panhandle First Bank,0,4.0,22340,1,OK,0,22340
37752,FED,DIF,SM,Tennessee,2307886.0,0,Commercial Bank,0,40.0,22354,0,TN,0,22354
41501,FDIC,DIF,NM,Kentucky,58044.0,0,"Pinnacle Bank, Inc.",0,3.0,22355,0,KY,0,22355
36744,FDIC,DIF,NM,Alabama,129788.0,0,The Citizens Bank,0,1.0,22358,0,AL,0,22358
90071,FDIC,DIF,NM,California,676588.0,0,GBC International Bank,0,8.0,22366,0,CA,0,22366
76308,OCC,DIF,N,Texas,2470409.0,0,American National Bank & Trust,16617,14.0,22373,0,TX,0,22373
77514,OCC,DIF,N,Texas,294255.0,0,Anahuac National Bank,16625,5.0,22381,1,TX,0,22381
63944,FDIC,DIF,NM,Missouri,723470.0,0,Peoples Community Bank,0,16.0,22394,1,MO,0,22394
76712,OCC,DIF,N,Texas,1446766.0,0,Central National Bank,16626,5.0,22396,1,TX,0,22396
10022,OCC,DIF,N,New York,696422.0,0,"Modern Bank, National Association",16629,2.0,22398,0,NY,0,22398
88210,FDIC,DIF,NM,New Mexico,1931040.0,0,First American Bank,0,21.0,2240,1,NM,0,2240
88220,FDIC,DIF,NM,New Mexico,957828.0,0,CNB Bank,0,3.0,2241,1,NM,0,2241
73624,FDIC,DIF,NM,Oklahoma,43818.0,0,Washita State Bank,0,1.0,22430,1,OK,0,22430
61820,OCC,DIF,N,Illinois,256644.0,0,"BankChampaign, National Association",16643,2.0,22434,1,IL,0,22434
88130,FDIC,DIF,NM,New Mexico,443218.0,0,The James Polk Stone Community Bank,0,8.0,2244,1,NM,0,2244
80758,FDIC,DIF,NM,Colorado,303974.0,0,Wray State Bank,0,3.0,22447,0,CO,0,22447
74464,FDIC,DIF,NM,Oklahoma,82353.0,0,First State Bank,0,2.0,22448,1,OK,0,22448
37203,FDIC,DIF,NM,Tennessee,3072746.0,0,Lawrence Bank,0,36.0,22451,1,TN,0,22451
93940,FDIC,DIF,NM,California,297799.0,0,Monterey County Bank,0,4.0,22460,0,CA,0,22460
88201,FDIC,DIF,NM,New Mexico,174791.0,0,Bank of the Southwest,0,13.0,2247,1,NM,0,2247
88045,FED,DIF,SM,New Mexico,328609.0,0,Western Bank,0,5.0,2249,1,NM,0,2249
84654,FED,DIF,SM,Utah,163019.0,0,Utah Independent Bank,0,4.0,22514,1,UT,0,22514
75604,FDIC,DIF,NM,Texas,238420.0,0,Spring Hill State Bank,0,2.0,22526,0,TX,0,22526
60465,FDIC,DIF,NM,Illinois,395368.0,0,First Secure Bank and Trust Co.,0,6.0,22536,0,IL,0,22536
35055,FDIC,DIF,NM,Alabama,1431998.0,0,Peoples Bank of Alabama,0,28.0,22537,1,AL,0,22537
36426,FED,DIF,SM,Alabama,32665.0,0,First Progressive Bank,0,1.0,22549,0,AL,0,22549
58601,FDIC,DIF,NM,North Dakota,3884241.0,0,Bravera Bank,0,35.0,22559,0,ND,0,22559
63468,FDIC,DIF,NM,Missouri,130704.0,0,Community State Bank,0,2.0,22567,0,MO,0,22567
84121,FDIC,DIF,NM,Utah,317090.0,0,Brighton Bank,0,6.0,22578,1,UT,0,22578
93257,FDIC,DIF,NM,California,3751904.0,0,Bank of the Sierra,0,35.0,22597,0,CA,0,22597
62839,FED,DIF,SM,Illinois,124809.0,0,Flora Bank & Trust,0,4.0,22598,0,IL,0,22598
50216,FDIC,DIF,NM,Iowa,285084.0,0,Guthrie County State Bank,0,2.0,226,1,IA,0,226
88201,FDIC,DIF,NM,New Mexico,297720.0,0,Valley Bank of Commerce,0,3.0,22600,1,NM,0,22600
64730,FDIC,DIF,NM,Missouri,194453.0,0,Citizens Bank,0,10.0,22601,1,MO,0,22601
65340,FDIC,DIF,NM,Missouri,247116.0,0,Community Bank of Marshall,0,7.0,22636,0,MO,0,22636
82301,FED,DIF,SM,Wyoming,213915.0,0,Bank of Commerce,0,2.0,22639,0,WY,0,22639
84604,FED,DIF,SM,Utah,5867857.0,0,Green Dot Bank DBA Bonneville Bank,0,1.0,22653,0,UT,0,22653
89008,FDIC,DIF,NM,Nevada,205967.0,0,Nevada Bank and Trust Company,0,4.0,22669,0,NV,0,22669
84133,OCC,DIF,N,Utah,87956932.0,0,"Zions Bancorporation, N.A.",4341,414.0,2270,0,UT,0,2270
73401,FED,DIF,SM,Oklahoma,322969.0,0,Citizens Bank and Trust Company of Ardmore,0,4.0,22717,1,OK,0,22717
89301,OCC,DIF,N,Nevada,132534.0,0,The First National Bank of Ely,8561,1.0,2273,1,NV,0,2273
84109,FDIC,DIF,NM,Utah,846485.0,0,First Utah Bank,0,7.0,22738,0,UT,0,22738
70775,FDIC,DIF,NM,Louisiana,397894.0,0,Bank of St. Francisville,0,2.0,22739,1,LA,0,22739
38549,FDIC,DIF,NM,Tennessee,318586.0,0,People's Bank and Trust Company of Pickett County,0,3.0,22756,0,TN,0,22756
51250,FDIC,DIF,NM,Iowa,1458577.0,0,American State Bank,0,11.0,228,1,IA,0,228
60712,FDIC,DIF,NM,Illinois,165773.0,0,Brickyard Bank,0,3.0,22811,0,IL,0,22811
38040,FDIC,DIF,NM,Tennessee,70484.0,0,The Lauderdale County Bank,0,2.0,22835,0,TN,0,22835
74578,FDIC,DIF,NM,Oklahoma,66054.0,0,Latimer State Bank,0,1.0,22839,1,OK,0,22839
43701,FED,DIF,SM,Ohio,414572.0,0,North Valley Bank,0,10.0,2284,0,OH,0,2284
43430,FED,DIF,SM,Ohio,731282.0,0,The Genoa Banking Company,0,9.0,2285,0,OH,0,2285
22030,FED,DIF,SM,Virginia,33609082.0,0,United Bank,0,237.0,22858,0,VA,0,22858
43065,FDIC,DIF,NM,Ohio,548430.0,0,Buckeye State Bank,0,6.0,2286,0,OH,0,2286
64083,FDIC,DIF,NM,Missouri,350053.0,0,Community Bank of Raymore,0,3.0,22867,1,MO,0,22867
62523,FDIC,DIF,NM,Illinois,737221.0,0,Hickory Point Bank and Trust,0,8.0,22874,0,IL,0,22874
64836,FDIC,DIF,NM,Missouri,1220341.0,0,Southwest Missouri Bank,0,11.0,22876,0,MO,0,22876
24277,FED,DIF,SM,Virginia,190709.0,0,Farmers and Miners Bank,0,6.0,22888,0,VA,0,22888
63565,FDIC,DIF,NM,Missouri,315885.0,0,Putnam County State Bank,0,2.0,22895,0,MO,0,22895
24266,FED,DIF,SM,Virginia,4147949.0,0,The First Bank and Trust Company,0,34.0,22918,0,VA,0,22918
44131,FDIC,DIF,NM,Ohio,191389.0,0,Independence Bank,0,1.0,22925,0,OH,0,22925
75455,OCC,DIF,N,Texas,144112.0,0,The American National Bank of Mount Pleasant,16799,1.0,22942,1,TX,0,22942
33134,OCC,DIF,N,Florida,9880787.0,0,"Amerant Bank, National Association",16804,24.0,22953,0,FL,0,22953
26505,FDIC,DIF,NM,West Virginia,51901.0,0,"Citizens Bank of Morgantown, Inc.",0,1.0,22954,0,WV,0,22954
79705,OCC,DIF,N,Texas,2781577.0,0,West Texas National Bank,24185,13.0,22957,1,TX,0,22957
78586,FDIC,DIF,NM,Texas,794018.0,0,First Community Bank,0,9.0,22964,0,TX,0,22964
60097,FDIC,DIF,NM,Illinois,304613.0,0,First Secure State Bank,0,7.0,22971,0,IL,0,22971
83501,FDIC,DIF,NM,Idaho,172617.0,0,Twin River Bank,0,4.0,22993,1,ID,0,22993
51301,FDIC,DIF,NM,Iowa,341487.0,0,Community State Bank,0,7.0,230,1,IA,0,230
44643,FDIC,DIF,NM,Ohio,109758.0,0,The Bank of Magnolia Company,0,3.0,2300,0,OH,0,2300
97439,FED,DIF,SM,Oregon,820955.0,0,Oregon Pacific Banking Company dba Oregon Pacific Bank,0,7.0,23007,0,OR,0,23007
73933,FDIC,DIF,NM,Oklahoma,153892.0,0,The First State Bank,0,1.0,2301,1,OK,0,2301
93720,FDIC,DIF,NM,California,3697225.0,0,Community West Bank,0,29.0,23030,0,CA,0,23030
98520,FDIC,DIF,NM,Washington,1289807.0,0,Bank of the Pacific,0,20.0,23041,0,WA,0,23041
73038,FDIC,DIF,NM,Oklahoma,70588.0,0,Washita Valley Bank,0,1.0,2308,0,OK,0,2308
91801,OCC,DIF,N,California,515271.0,0,"New OMNI Bank, National Association",16840,4.0,23086,0,CA,0,23086
81601,FDIC,DIF,NM,Colorado,6785152.0,0,Alpine Bank,0,47.0,23091,0,CO,0,23091
67127,FDIC,DIF,NM,Kansas,150246.0,0,The Bank of Protection,0,5.0,23099,0,KS,0,23099
51401,FED,DIF,SM,Iowa,333471.0,0,Commercial Savings Bank,0,2.0,231,1,IA,0,231
38134,FED,DIF,SM,Tennessee,557460.0,0,Bank of Bartlett,0,7.0,23123,0,TN,0,23123
49779,FED,DIF,SM,Michigan,96450.0,0,Huron State Bank,0,1.0,23126,0,MI,0,23126
70360,FDIC,DIF,NM,Louisiana,675548.0,0,South Louisiana Bank,0,10.0,23144,0,LA,0,23144
74401,FED,DIF,SM,Oklahoma,2712746.0,0,Armstrong Bank,0,31.0,2315,0,OK,0,2315
36049,FDIC,DIF,NM,Alabama,401295.0,0,First Citizens Bank,0,5.0,23152,0,AL,0,23152
74370,FED,DIF,SM,Oklahoma,248044.0,0,Method Bank,0,2.0,2317,0,OK,0,2317
52761,FDIC,DIF,NM,Iowa,315050.0,0,Community Bank and Trust Company,0,5.0,23189,1,IA,0,23189
52333,FDIC,DIF,NM,Iowa,126731.0,0,Solon State Bank,0,3.0,232,1,IA,0,232
74960,FDIC,DIF,NM,Oklahoma,166841.0,0,Carson Community Bank,0,4.0,2320,1,OK,0,2320
80202,FED,DIF,SM,Colorado,408366.0,0,Bankers' Bank of the West,0,1.0,23210,0,CO,0,23210
77380,OCC,DIF,N,Texas,9178494.0,0,Woodforest National Bank,16892,743.0,23220,1,TX,0,23220
94545,FDIC,DIF,NM,California,100924.0,0,California Pacific Bank,0,2.0,23242,0,CA,0,23242
61434,FDIC,DIF,NM,Illinois,403887.0,0,Community State Bank,0,8.0,23257,1,IL,0,23257
74012,FDIC,DIF,NM,Oklahoma,574303.0,0,AVB Bank,0,4.0,2326,0,OK,0,2326
74441,FED,DIF,SM,Oklahoma,441385.0,0,Local Bank,0,6.0,2327,0,OK,0,2327
68776,FED,DIF,SM,Nebraska,90090.0,0,Siouxland Bank,0,1.0,23270,0,NE,0,23270
95971,FED,DIF,SM,California,2199524.0,0,Plumas Bank,0,20.0,23275,0,CA,0,23275
73052,FDIC,DIF,NM,Oklahoma,100290.0,0,"American Exchange Bank, Lindsay, Oklahoma",0,2.0,2328,0,OK,0,2328
02720,FED,DIF,SM,Massachusetts,1895394.0,0,Fall River Five Cents Savings Bank,0,18.0,23286,0,MA,0,23286
02601,FDIC,DIF,NM,Massachusetts,5459093.0,0,The Cape Cod Five Cents Savings Bank,0,23.0,23287,0,MA,0,23287
01062,FDIC,DIF,SI,Massachusetts,2017659.0,0,Florence Bank,0,13.0,23293,0,MA,0,23293
01970,FDIC,DIF,NM,Massachusetts,8568434.0,0,Salem Five Cents Savings Bank,0,34.0,23296,0,MA,0,23296
02472,FED,DIF,SM,Massachusetts,1444429.0,1,Watertown Savings Bank,0,10.0,23298,0,MA,0,23298
73565,FDIC,DIF,NM,Oklahoma,50536.0,0,Peoples Bank and Trust Company,0,2.0,2331,0,OK,0,2331
10038,FDIC,DIF,NM,New York,103860.0,0,United Orient Bank,0,2.0,23373,0,NY,0,23373
35772,FDIC,DIF,NM,Alabama,439627.0,0,"First Jackson Bank, Inc.",0,7.0,23376,0,AL,0,23376
50574,FDIC,DIF,NM,Iowa,127362.0,0,Pocahontas State Bank,0,2.0,234,1,IA,0,234
80439,OCC,DIF,N,Colorado,131109.0,0,Evergreen National Bank,17000,3.0,23404,0,CO,0,23404
76028,OCC,DIF,N,Texas,248826.0,0,First National Bank of Burleson,17001,2.0,23430,1,TX,0,23430
90071,OCC,DIF,N,California,1391736.0,0,"The Bank of New York Mellon Trust Company, National Association",24526,10.0,23472,0,CA,0,23472
73118,FED,DIF,SM,Oklahoma,2933852.0,0,First Fidelity Bank,0,27.0,23473,0,OK,0,23473
75160,OCC,DIF,N,Texas,5546680.0,0,The American National Bank of Texas,17043,28.0,23474,0,TX,0,23474
75251,FDIC,DIF,SI,Texas,6873141.0,0,"TBK BANK, SSB",0,64.0,23498,0,TX,0,23498
51058,FDIC,DIF,NM,Iowa,485282.0,0,Security State Bank,0,5.0,235,1,IA,0,235
36567,FDIC,DIF,NM,Alabama,158628.0,0,"Citizens' Bank, Inc.",0,3.0,23523,1,AL,0,23523
53717,FED,DIF,SM,Wisconsin,1446572.0,0,Bankers' Bank,0,1.0,23537,0,WI,0,23537
60914,FDIC,DIF,NM,Illinois,362987.0,0,Municipal Trust and Savings Bank,0,2.0,23546,1,IL,0,23546
64744,FDIC,DIF,NM,Missouri,136855.0,0,Community Bank of El Dorado Springs,0,1.0,23551,1,MO,0,23551
18229,FDIC,DIF,NM,Pennsylvania,637949.0,0,Mauch Chunk Trust Company,0,8.0,2359,0,PA,0,2359
75460,OCC,DIF,N,Texas,392569.0,0,Lamar National Bank,17106,6.0,23597,0,TX,0,23597
02026,FDIC,DIF,SI,Massachusetts,2576353.0,0,Dedham Institution for Savings,0,15.0,23620,0,MA,0,23620
02780,FDIC,DIF,NM,Massachusetts,3157745.0,0,Bristol County Savings Bank,0,18.0,23622,0,MA,0,23622
02891,FDIC,DIF,NM,Rhode Island,6458703.0,0,"The Washington Trust Company, of Westerly",0,30.0,23623,0,RI,0,23623
40202,FDIC,DIF,NM,Kentucky,7248366.0,0,Republic Bank & Trust Company,0,49.0,23627,0,KY,0,23627
75234,OCC,DIF,N,Texas,2999669.0,0,TIB National Association,25143,5.0,23647,0,TX,0,23647
74120,OCC,DIF,N,Oklahoma,538938.0,0,"Vast Bank, National Association",17174,4.0,23737,0,OK,0,23737
94103,OCC,DIF,N,California,249156.0,0,Mission National Bank,17176,1.0,23749,0,CA,0,23749
80701,FED,DIF,SM,Colorado,347865.0,0,FMS Bank,0,2.0,23764,1,CO,0,23764
78041,FDIC,DIF,NM,Texas,738516.0,0,Commerce Bank,0,3.0,23772,0,TX,0,23772
38229,FDIC,DIF,NM,Tennessee,134325.0,0,Bank of Gleason,0,2.0,2379,0,TN,0,2379
74728,OCC,DIF,N,Oklahoma,383363.0,0,McCurtain County National Bank,17269,5.0,23798,0,OK,0,23798
77590,FED,DIF,SM,Texas,2375423.0,0,Texas First Bank,0,27.0,23799,1,TX,0,23799
38344,FED,DIF,SM,Tennessee,658079.0,0,Carroll Bank and Trust,0,10.0,2380,0,TN,0,2380
91748,FDIC,DIF,NM,California,187114.0,0,United Pacific Bank,0,2.0,23805,0,CA,0,23805
59847,FDIC,DIF,NM,Montana,1091808.0,0,TrailWest Bank,0,15.0,23806,1,MT,0,23806
35967,FDIC,DIF,NM,Alabama,352899.0,0,First State Bank of DeKalb County,0,5.0,23815,0,AL,0,23815
83001,FED,DIF,SM,Wyoming,38929.0,0,Bank Of Jackson Hole Trust,0,1.0,23826,0,WY,0,23826
94611,FDIC,DIF,NM,California,270191.0,0,Summit Bank,0,3.0,23864,0,CA,0,23864
76712,OCC,DIF,N,Texas,628087.0,0,"American Bank, National Association",17319,4.0,23886,1,TX,0,23886
38059,FED,DIF,SM,Tennessee,233228.0,0,Security Bank,0,6.0,2391,0,TN,0,2391
02110,FDIC,DIF,NM,Massachusetts,609027.0,0,OneUnited Bank,0,5.0,23966,0,MA,0,23966
55328,FED,DIF,SM,Minnesota,126478.0,0,MINNESOTA LAKES BANK,0,2.0,23986,1,MN,0,23986
24230,FED,DIF,SM,Virginia,94879.0,0,Miners Exchange Bank,0,5.0,23989,0,VA,0,23989
01082,FDIC,DIF,SI,Massachusetts,2221191.0,1,Country Bank for Savings,0,15.0,23992,0,MA,0,23992
90017,FDIC,DIF,NM,California,1394366.0,0,State Bank of India (California),0,8.0,23998,0,CA,0,23998
21201,FDIC,DIF,NM,Maryland,381698.0,0,The Harbor Bank of Maryland,0,7.0,24015,0,MD,0,24015
77531,OCC,DIF,N,Texas,32185.0,0,Brazos National Bank,17383,1.0,24038,0,TX,0,24038
90049,FED,DIF,SM,California,34642892.0,0,Banc of California,0,88.0,24045,0,CA,0,24045
78064,FDIC,DIF,NM,Texas,84867.0,0,Atascosa Bank,0,1.0,24064,0,TX,0,24064
75835,OCC,DIF,N,Texas,105940.0,0,Citizens National Bank,17456,1.0,24085,1,TX,0,24085
33126,FDIC,DIF,NM,Florida,7534738.0,0,Ocean Bank,0,24.0,24156,0,FL,0,24156
90010,FDIC,DIF,NM,California,7789627.0,0,Hanmi Bank,0,34.0,24170,0,CA,0,24170
48933,OCC,DIF,N,Michigan,199897.0,0,Capitol National Bank,17525,2.0,24199,0,MI,0,24199
90603,OCC,DIF,N,California,158847.0,0,"Bank of Whittier, National Association",17548,2.0,24211,0,CA,0,24211
75080,FDIC,DIF,NM,Texas,76152.0,0,Pavillion Bank,0,1.0,24303,0,TX,0,24303
78643,OCC,DIF,N,Texas,311279.0,0,Llano National Bank,17606,5.0,24305,0,TX,0,24305
90069,FDIC,DIF,NM,California,504745.0,0,First Credit Bank,0,1.0,24332,1,CA,0,24332
78577,OCC,DIF,N,Texas,3409023.0,0,Lone Star National Bank,17611,36.0,24347,0,TX,0,24347
78401,FDIC,DIF,NM,Texas,662832.0,0,First Community Bank,0,14.0,24353,1,TX,0,24353
75110,OCC,DIF,N,Texas,63331.0,0,City National Bank,17652,1.0,24367,1,TX,0,24367
10036,OCC,DIF,N,New York,2864973.0,0,"Industrial and Commercial Bank of China USA, National Association",24440,14.0,24387,0,NY,0,24387
26525,FED,DIF,SM,West Virginia,1011712.0,0,Clear Mountain Bank,0,12.0,2443,0,WV,0,2443
25043,FDIC,DIF,NM,West Virginia,134610.0,0,"Clay County Bank, Inc.",0,2.0,2444,0,WV,0,2444
71052,OCC,DIF,N,Louisiana,124050.0,0,Progressive National Bank,17735,6.0,24443,1,LA,0,24443
73401,FED,DIF,SM,Oklahoma,688308.0,0,American Nation Bank,0,10.0,24472,1,OK,0,24472
24844,FDIC,DIF,NM,West Virginia,186808.0,0,"Pioneer Community Bank, Inc.",0,6.0,2448,0,WV,0,2448
76450,FDIC,DIF,NM,Texas,302727.0,0,First State Bank,0,8.0,24498,1,TX,0,24498
50220,FDIC,DIF,NM,Iowa,489908.0,0,Raccoon Valley Bank,0,4.0,245,1,IA,0,245
10022,FDIC,DIF,NM,New York,2661080.0,0,Interaudi Bank,0,2.0,24516,0,NY,0,24516
26456,FDIC,DIF,NM,West Virginia,303312.0,0,West Union Bank,0,5.0,2452,0,WV,0,2452
26241,FDIC,DIF,NM,West Virginia,270237.0,0,Davis Trust Company,0,2.0,2453,0,WV,0,2453
03079,FDIC,DIF,NM,New Hampshire,1848366.0,0,Bank of New England,0,9.0,24540,0,NH,0,24540
53520,FED,DIF,SM,Wisconsin,416677.0,0,The Bank of Brodhead,0,4.0,2455,0,WI,0,2455
78041,FED,DIF,SM,Texas,2240710.0,0,Texas Community Bank,0,11.0,24563,0,TX,0,24563
78155,OCC,DIF,N,Texas,566408.0,0,"First Commercial Bank, National Association",17862,7.0,24603,1,TX,0,24603
54727,FDIC,DIF,NM,Wisconsin,242606.0,0,Citizens State Bank,0,8.0,2467,0,WI,0,2467
74133,OCC,DIF,N,Oklahoma,214784.0,0,"Triad Bank, National Association",17926,2.0,24677,1,OK,0,24677
54729,FED,DIF,SM,Wisconsin,711952.0,0,Northwestern Bank,0,7.0,2468,0,WI,0,2468
53538,FDIC,DIF,NM,Wisconsin,208831.0,0,Badger Bank,0,4.0,2469,0,WI,0,2469
53531,FDIC,DIF,NM,Wisconsin,261522.0,0,Bank of Deerfield,0,2.0,2477,1,WI,0,2477
50265,FDIC,DIF,NM,Iowa,327517.0,0,State Savings Bank,0,2.0,248,1,IA,0,248
54457,FDIC,DIF,NM,Wisconsin,283680.0,0,Nekoosa Port Edwards State Bank,0,3.0,2482,1,WI,0,2482
33135,FDIC,DIF,NM,Florida,1565756.0,0,International Finance Bank,0,3.0,24823,0,FL,0,24823
17011,FED,DIF,SM,Pennsylvania,923153.0,0,Atlantic Community Bankers Bank,0,3.0,24829,0,PA,0,24829
88061,FDIC,DIF,NM,New Mexico,143839.0,0,First New Mexico Bank of Silver City,0,4.0,24865,0,NM,0,24865
19809,FDIC,DIF,NM,Delaware,252843.0,0,BNY Mellon Trust of Delaware,0,1.0,24867,0,DE,0,24867
79701,OCC,DIF,N,Texas,2578510.0,0,Community National Bank,18054,13.0,24897,0,TX,0,24897
78597,OCC,DIF,N,Texas,81747.0,0,First National Bank of South Padre Island,18063,2.0,24902,1,TX,0,24902
28001,FED,DIF,SM,North Carolina,1247557.0,0,Uwharrie Bank,0,10.0,24919,0,NC,0,24919
10001,FDIC,DIF,NM,New York,4041585.0,0,Woori America Bank,0,22.0,24920,0,NY,0,24920
84032,FDIC,DIF,NM,Utah,597407.0,0,Grand Valley Bank,0,9.0,24922,0,UT,0,24922
06068,OCC,DIF,N,Connecticut,319536.0,0,The National Iron Bank,1214,4.0,2496,1,CT,0,2496
78076,FDIC,DIF,NM,Texas,527501.0,0,International Bank of Commerce,0,9.0,24961,0,TX,0,24961
59864,FED,DIF,SM,Montana,209928.0,0,Valley Bank of Ronan,0,7.0,24966,0,MT,0,24966
64106,FED,DIF,SM,Missouri,35540239.0,0,Commerce Bank,0,157.0,24998,0,MO,0,24998
82720,OCC,DIF,N,Wyoming,70650.0,0,Summit National Bank,18154,3.0,25054,0,WY,0,25054
10017,FDIC,DIF,NM,New York,2977085.0,0,Habib American Bank,0,6.0,25093,0,NY,0,25093
51034,FDIC,DIF,NM,Iowa,67625.0,0,First Security Bank,0,2.0,251,1,IA,0,251
79407,FDIC,DIF,NM,Texas,4643946.0,0,City Bank,0,34.0,25103,0,TX,0,25103
96813,FDIC,DIF,NM,Hawaii,669428.0,0,"Finance Factors, Ltd.",0,13.0,25158,0,HI,0,25158
40108,FDIC,DIF,NM,Kentucky,469688.0,0,Meade County Bank,0,4.0,25173,0,KY,0,25173
94104,OCC,DIF,N,California,15126000.0,0,"Bank of America California, National Association",24077,1.0,25178,0,CA,0,25178
50158,FED,DIF,SM,Iowa,313267.0,0,Pinnacle Bank,0,1.0,252,0,IA,0,252
70809,OCC,DIF,N,Louisiana,1161205.0,0,First National Banker's Bank,18278,5.0,25247,0,LA,0,25247
92024,OCC,DIF,N,California,882652.0,0,"C3bank, National Association",18242,5.0,25249,0,CA,0,25249
33126,OCC,DIF,N,Florida,2028949.0,0,"Pibank, National Association",18283,2.0,25258,0,FL,0,25258
50125,FDIC,DIF,NM,Iowa,487488.0,0,TruBank,0,8.0,25267,0,IA,0,25267
68624,FDIC,DIF,NM,Nebraska,557429.0,0,Bank of the Valley,0,7.0,25291,0,NE,0,25291
52156,FDIC,DIF,NM,Iowa,2198462.0,0,Luana Savings Bank,0,6.0,253,1,IA,0,253
79057,FED,DIF,SM,Texas,214737.0,0,BOC Bank,0,4.0,25328,1,TX,0,25328
50022,FDIC,DIF,NM,Iowa,299020.0,0,First Whitney Bank and Trust,0,2.0,254,1,IA,0,254
68736,FDIC,DIF,NM,Nebraska,62222.0,0,Cedar Security Bank,0,3.0,25591,0,NE,0,25591
89113,OCC,DIF,N,Nevada,2161721.0,0,"Credit One Bank, National Association",20291,1.0,25620,1,NV,0,25620
78629,FDIC,DIF,NM,Texas,771743.0,0,"Sage Capital Bank,",0,8.0,25621,0,TX,0,25621
94104,OCC,DIF,N,California,167555.0,0,"BEACON BUSINESS BANK, NATIONAL ASSOCIATION",18358,2.0,25644,1,CA,0,25644
66538,OCC,DIF,N,Kansas,903907.0,0,Community National Bank,18394,6.0,25665,1,KS,0,25665
78521,FDIC,DIF,NM,Texas,4520154.0,0,International Bank of Commerce,0,41.0,25679,0,TX,0,25679
73669,FDIC,DIF,NM,Oklahoma,184503.0,0,The Bank of the West,0,4.0,25703,1,OK,0,25703
93704,FDIC,DIF,NM,California,359587.0,0,Murphy Bank,0,2.0,25726,1,CA,0,25726
74804,FED,DIF,SM,Oklahoma,1399061.0,0,Sovereign Bank,18430,9.0,25738,0,OK,0,25738
10013,OCC,DIF,N,New York,145758.0,0,"Eastbank, National Association",18431,1.0,25749,0,NY,0,25749
75605,FDIC,DIF,NM,Texas,301846.0,0,Community Bank,0,6.0,25752,1,TX,0,25752
30518,FDIC,DIF,NM,Georgia,582360.0,0,Peoples Bank & Trust,0,1.0,25795,0,GA,0,25795
40206,FDIC,DIF,NM,Kentucky,9457499.0,0,Stock Yards Bank & Trust Company,0,79.0,258,0,KY,0,258
92078,FDIC,DIF,NM,California,186754.0,0,Hatch Bank,0,1.0,25803,1,CA,0,25803
65101,FED,DIF,SM,Missouri,339547.0,0,Midwest Independent BankersBank,0,2.0,25849,0,MO,0,25849
67002,FED,DIF,SM,Kansas,7653639.0,0,Equity Bank,0,85.0,25858,0,KS,0,25858
94606,FDIC,DIF,NM,California,231773.0,0,Metropolitan Bank,0,4.0,25869,0,CA,0,25869
60607,FED,DIF,SM,Illinois,623529.0,0,First Eagle  Bank,0,2.0,25883,1,IL,0,25883
78501,FDIC,DIF,NM,Texas,1425871.0,0,Rio Bank,0,25.0,25886,0,TX,0,25886
57051,OCC,DIF,N,South Dakota,484306.0,0,First National Bank,21793,12.0,25894,0,SD,0,25894
35653,FDIC,DIF,NM,Alabama,171678.0,0,Valley State Bank,0,3.0,26021,0,AL,0,26021
10022,FED,NONE,NC,New York,487547.0,0,The Bank of East Asia Ltd.,0,1.0,26028,0,NY,0,26028
01945,OCC,DIF,N,Massachusetts,442306.0,0,The National Grand Bank of Marblehead,676,2.0,2608,0,MA,0,2608
01527,OCC,DIF,N,Massachusetts,140829.0,0,Millbury National Bank,13835,1.0,2616,0,MA,0,2616
75766,OCC,DIF,N,Texas,854444.0,0,Texas National Bank of Jacksonville,18594,9.0,26181,0,TX,0,26181
68788,FED,DIF,SM,Nebraska,531516.0,0,CHARTER WEST BANK,0,6.0,26185,1,NE,0,26185
19087,FED,DIF,SM,Pennsylvania,177770.0,0,The Haverford Trust Company,0,1.0,26189,1,PA,0,26189
40456,FDIC,DIF,NM,Kentucky,253307.0,0,Citizens Bank,0,5.0,262,1,KY,0,262
66720,FED,DIF,SM,Kansas,500729.0,0,Bank of Commerce,0,15.0,26217,1,KS,0,26217
77036,OCC,DIF,N,Texas,2248800.0,0,"Golden Bank, National Association",18558,11.0,26223,0,TX,0,26223
76446,OCC,DIF,N,Texas,133459.0,0,First National Bank of Dublin,20026,3.0,26228,1,TX,0,26228
73055,OCC,DIF,N,Oklahoma,72081.0,0,The First National Bank in Marlow,20838,4.0,26260,1,OK,0,26260
92123,FDIC,DIF,NM,California,254901.0,0,Home Bank of California,0,1.0,26271,1,CA,0,26271
33131,OCC,DIF,N,Florida,1512885.0,0,Pacific National Bank,20010,8.0,26299,0,FL,0,26299
92707,OCC,DIF,SB,California,8323217.0,0,"First American Trust, FSB",715660,10.0,26312,0,CA,0,26312
32256,OCC,DIF,N,Florida,713842.0,0,"Florida Capital Bank, National Association",20214,5.0,26323,0,FL,0,26323
14618,FDIC,DIF,NM,New York,1314433.0,0,Genesee Regional Bank,0,3.0,26333,0,NY,0,26333
02464,FDIC,DIF,SI,Massachusetts,2033847.0,1,The Village Bank,0,11.0,26336,0,MA,0,26336
30326,OCC,DIF,N,Georgia,8785816.0,0,"RBC Bank, (Georgia) National Association",23416,1.0,26342,0,GA,0,26342
77004,OCC,DIF,N,Texas,236180.0,0,Unity National Bank of Houston,21008,2.0,26351,0,TX,0,26351
65804,FDIC,DIF,NM,Missouri,175919.0,0,State Bank of Southwest Missouri,0,1.0,26358,1,MO,0,26358
91711,FDIC,DIF,NM,California,413501.0,0,Community Commerce Bank,0,4.0,26363,0,CA,0,26363
39648,OCC,DIF,N,Mississippi,405099.0,0,Pike National Bank,20493,5.0,26379,0,MS,0,26379
71111,OCC,DIF,N,Louisiana,1578903.0,0,"Bonvenu Bank, National Association",20184,14.0,26381,0,LA,0,26381
19713,FDIC,DIF,NM,Delaware,139832.0,0,Deutsche Bank Trust Company Delaware,0,1.0,26392,0,DE,0,26392
01201,FDIC,DIF,SI,Massachusetts,444654.0,1,The Pittsfield Co-operative Bank,0,5.0,26393,0,MA,0,26393
01701,FDIC,DIF,SI,Massachusetts,1256749.0,1,MutualOne Bank,0,3.0,26395,0,MA,0,26395
01301,FED,DIF,SM,Massachusetts,858019.0,0,Greenfield Co-operative Bank,0,10.0,26397,0,MA,0,26397
01830,FDIC,DIF,SI,Massachusetts,638076.0,0,Haverhill Bank,0,7.0,26411,0,MA,0,26411
73724,FDIC,DIF,NM,Oklahoma,73064.0,0,Community State Bank of Canton,0,2.0,26416,0,OK,0,26416
33134,OCC,DIF,N,Florida,869333.0,0,"Terrabank, National Association",20157,4.0,26442,0,FL,0,26442
02149,FDIC,DIF,SI,Massachusetts,1649986.0,0,Everett Co-operative Bank,0,3.0,26444,0,MA,0,26444
02021,FED,DIF,SM,Massachusetts,153787.0,1,Canton Co-operative Bank,0,1.0,26450,0,MA,0,26450
01453,FDIC,DIF,SI,Massachusetts,1344721.0,0,Fidelity Co-operative Bank,0,13.0,26451,0,MA,0,26451
01550,FDIC,DIF,SI,Massachusetts,797780.0,1,Savers Co-operative Bank,0,7.0,26455,0,MA,0,26455
02492,FED,DIF,SM,Massachusetts,7174892.0,1,Needham Bank,0,19.0,26483,0,MA,0,26483
01960,FED,DIF,SM,Massachusetts,3270641.0,0,TruNorth Bank,0,30.0,26484,0,MA,0,26484
02081,FED,DIF,SM,Massachusetts,649398.0,1,Walpole Co-operative Bank,0,1.0,26487,0,MA,0,26487
56425,OCC,DIF,N,Minnesota,469591.0,0,American National Bank of Minnesota,24219,10.0,26499,1,MN,0,26499
01844,FDIC,DIF,SI,Massachusetts,143289.0,1,Methuen Co-operative Bank,0,1.0,26512,0,MA,0,26512
02072,FED,DIF,SM,Massachusetts,134236.0,1,Stoughton Co-operative Bank,0,1.0,26513,0,MA,0,26513
02675,FDIC,DIF,SI,Massachusetts,1672894.0,0,Cape & Coast Bank,0,11.0,26517,0,MA,0,26517
65625,FDIC,DIF,NM,Missouri,144960.0,0,Security Bank of Southwest Missouri,0,3.0,26520,1,MO,0,26520
67749,FDIC,DIF,NM,Kansas,620000.0,0,The Bank,0,16.0,26522,1,KS,0,26522
01540,FED,DIF,SM,Massachusetts,1620502.0,0,Bankhometown,0,15.0,26523,0,MA,0,26523
99701,FDIC,DIF,NM,Alaska,516515.0,0,Denali State Bank,0,5.0,26530,0,AK,0,26530
01930,FDIC,DIF,SI,Massachusetts,384394.0,1,BankGloucester,0,3.0,26536,0,MA,0,26536
96941,FDIC,DIF,NM,Federated States Of Micronesia,264620.0,0,Bank of the Federated States of Micronesia,0,0.0,26539,0,FM,0,26539
75115,OCC,DIF,N,Texas,261753.0,0,"Bank of DeSoto, National Association",20415,1.0,26542,1,TX,0,26542
02356,FED,DIF,SM,Massachusetts,250933.0,1,Bank of Easton,0,3.0,26554,0,MA,0,26554
02062,FDIC,DIF,SI,Massachusetts,1056267.0,0,OneLocal Bank,0,4.0,26555,0,MA,0,26555
02180,FDIC,DIF,SI,Massachusetts,902832.0,1,"StonehamBank,  A Co-operative Bank",0,2.0,26559,0,MA,0,26559
71373,FDIC,DIF,NM,Louisiana,618129.0,0,Delta Bank,0,7.0,26564,1,LA,0,26564
02140,FDIC,DIF,SI,Massachusetts,86398.0,1,North Cambridge Co-operative Bank,0,1.0,26567,0,MA,0,26567
02093,FDIC,DIF,SI,Massachusetts,195037.0,1,Wrentham Co-operative Bank,0,3.0,26576,0,MA,0,26576
29532,FDIC,DIF,NM,South Carolina,101694.0,0,Dedicated Community Bank,0,2.0,26588,0,SC,0,26588
02188,FED,DIF,SM,Massachusetts,985408.0,0,Coastal Heritage Bank,0,10.0,26591,0,MA,0,26591
02053,FED,DIF,SM,Massachusetts,330099.0,0,Charles River Bank,0,4.0,26602,0,MA,0,26602
90010,FDIC,DIF,NM,California,18652384.0,0,Bank of Hope,0,79.0,26610,0,CA,0,26610
01867,FED,DIF,SM,Massachusetts,1176917.0,1,Reading Co-operative Bank,0,13.0,26620,0,MA,0,26620
75240,OCC,DIF,N,Texas,1023976.0,0,"United Texas Bank, National Association",25377,3.0,26626,0,TX,0,26626
76051,FDIC,DIF,NM,Texas,803810.0,0,Bank of the West,0,11.0,26627,1,TX,0,26627
02780,FDIC,DIF,SI,Massachusetts,878922.0,0,Mechanics Cooperative Bank,0,11.0,26634,0,MA,0,26634
19428,FDIC,DIF,SI,Pennsylvania,5636176.0,0,Firstrust Savings Bank,0,18.0,26647,1,PA,0,26647
78003,FDIC,DIF,NM,Texas,94426.0,0,Bandera Bank,0,1.0,26653,1,TX,0,26653
78840,FDIC,DIF,NM,Texas,56320.0,0,Amistad Bank,0,1.0,26658,0,TX,0,26658
73120,FED,DIF,SM,Oklahoma,303205.0,0,The Bankers Bank,0,2.0,26677,0,OK,0,26677
32578,FDIC,DIF,NM,Florida,154686.0,0,PNB Community Bank,0,3.0,26687,0,FL,0,26687
54610,FDIC,DIF,NM,Wisconsin,339278.0,0,Bank of Alma,0,4.0,26689,0,WI,0,26689
41129,FDIC,DIF,NM,Kentucky,319587.0,0,Kentucky Farmers Bank Corporation,0,5.0,267,1,KY,0,267
40202,FDIC,DIF,NM,Kentucky,489943.0,0,"River City Bank, Inc.",0,7.0,26703,0,KY,0,26703
91910,FDIC,DIF,NM,California,408010.0,0,Balboa Thrift and Loan Association,0,4.0,26704,0,CA,0,26704
76118,FDIC,DIF,NM,Texas,127106.0,0,Spectra Bank,0,2.0,26708,1,TX,0,26708
33131,FDIC,DIF,NM,Florida,3393780.0,0,Banco do Brasil Americas,0,4.0,26725,0,FL,0,26725
78504,FDIC,DIF,NM,Texas,170561.0,0,Bank of South Texas,0,8.0,26727,0,TX,0,26727
76837,FDIC,DIF,NM,Texas,260791.0,0,Texas Financial Bank,0,5.0,26738,0,TX,0,26738
55901,FDIC,DIF,NM,Minnesota,30012.0,0,"Minnesota First Credit and Savings, Incorporated",0,4.0,26755,1,MN,0,26755
50126,FDIC,DIF,NM,Iowa,771964.0,0,Green Belt Bank & Trust,0,9.0,26760,1,IA,0,26760
07024,OCC,DIF,N,New Jersey,839649.0,0,"Hana Bank USA, National Association",20622,4.0,26790,0,NJ,0,26790
84115,FDIC,DIF,NM,Utah,111401.0,0,Home Savings Bank,0,1.0,26798,0,UT,0,26798
35621,FDIC,DIF,NM,Alabama,489951.0,0,EvaBank,0,7.0,26799,0,AL,0,26799
84111,FDIC,DIF,NM,Utah,12443.0,0,"Liberty Bank, Inc.",0,1.0,26816,0,UT,0,26816
41004,OCC,DIF,N,Kentucky,74334.0,0,The First National Bank of Brooksville,8830,2.0,2682,1,KY,0,2682
33525,OCC,DIF,N,Florida,286330.0,0,First National Bank of Pasco,20976,4.0,26829,0,FL,0,26829
21620,FDIC,DIF,NM,Maryland,133993.0,0,The Chesapeake Bank & Trust Co.,0,3.0,26847,1,MD,0,26847
78045,FDIC,DIF,NM,Texas,2277493.0,0,Falcon International Bank,0,19.0,26856,0,TX,0,26856
23113,FED,DIF,SM,Virginia,153720.0,0,Community Bankers' Bank,0,1.0,26871,0,VA,0,26871
10036,OCC,DIF,N,New York,12154963.0,0,Safra National Bank of New York,20948,6.0,26876,0,NY,0,26876
84121,OCC,DIF,N,Utah,49667835.0,0,"SoFi Bank, National Association",20862,4.0,26881,0,UT,0,26881
56301,FED,DIF,SM,Minnesota,291973.0,0,Liberty Bank Minnesota,0,6.0,26891,1,MN,0,26891
78552,FED,DIF,SM,Texas,2959361.0,0,Texas Regional Bank,0,37.0,26906,0,TX,0,26906
40741,OCC,DIF,N,Kentucky,833133.0,0,Cumberland Valley National Bank & Trust Company,10254,14.0,2691,0,KY,0,2691
29401,FDIC,DIF,NM,South Carolina,561677.0,0,The Bank of South Carolina,0,6.0,26912,0,SC,0,26912
02131,FDIC,DIF,SI,Massachusetts,543452.0,1,The Cooperative Bank,0,4.0,26922,0,MA,0,26922
59722,FDIC,DIF,NM,Montana,49867.0,0,Peoples Bank of Deer Lodge,0,1.0,26941,1,MT,0,26941
50213,FED,DIF,SM,Iowa,352035.0,0,American State Bank,0,4.0,26944,1,IA,0,26944
41143,OCC,DIF,N,Kentucky,364320.0,0,The First National Bank of Grayson,12982,7.0,2695,0,KY,0,2695
65065,FDIC,DIF,NM,Missouri,2326833.0,0,First Bank of the Lake,0,1.0,26960,1,MO,0,26960
37087,FDIC,DIF,NM,Tennessee,5989062.0,0,Wilson Bank and Trust,0,32.0,26962,0,TN,0,26962
40444,OCC,DIF,N,Kentucky,1277097.0,0,First Southern National Bank,1493,17.0,2700,0,KY,0,2700
80206,FDIC,DIF,NM,Colorado,16271.0,0,Young Americans Bank,0,2.0,27010,0,CO,0,27010
02021,OCC,DIF,SB,Massachusetts,176376.0,0,42 North Private Bank,713964,2.0,27015,0,MA,0,27015
80203,OCC,DIF,N,Colorado,384497.0,0,"Native American Bank, National Association",21158,3.0,27026,0,CO,0,27026
76266,FED,DIF,SM,Texas,219725.0,0,Sanger Bank,0,2.0,27043,0,TX,0,27043
66720,OCC,DIF,N,Kansas,2507344.0,0,Community National Bank & Trust,21389,44.0,27046,0,KS,0,27046
60174,OCC,DIF,N,Illinois,3542800.0,0,"St. Charles Bank & Trust Company, National Association",25211,10.0,27052,0,IL,0,27052
07030,FDIC,DIF,NM,New Jersey,3808127.0,0,Sumitomo Mitsui Trust Bank (U.S.A.) Limited,0,1.0,27054,0,NJ,0,27054
75039,FDIC,DIF,NM,Texas,2764700.0,0,State Bank of Texas,0,7.0,27074,1,TX,0,27074
40962,OCC,DIF,N,Kentucky,231447.0,0,The First National Bank of Manchester,7605,6.0,2708,0,KY,0,2708
40353,FDIC,DIF,NM,Kentucky,2408557.0,0,"Traditional Bank, Inc.",0,20.0,2711,0,KY,0,2711
35055,FDIC,DIF,NM,Alabama,372084.0,0,Premier Bank of the South,0,9.0,27118,1,AL,0,27118
41240,FED,DIF,SM,Kentucky,685951.0,0,"Citizens Bank of Kentucky, Inc.",0,12.0,2718,0,KY,0,2718
41501,FED,DIF,SM,Kentucky,6698348.0,0,"Community Trust Bank, Inc.",0,81.0,2720,0,KY,0,2720
73742,FDIC,DIF,NM,Oklahoma,87447.0,0,Community State Bank,0,3.0,27201,1,OK,0,27201
73112,FED,DIF,SM,Oklahoma,5478222.0,0,InterBank,0,47.0,27210,1,OK,0,27210
37160,FDIC,DIF,NM,Tennessee,854040.0,0,First Community Bank of Tennessee,0,5.0,27211,0,TN,0,27211
40601,FED,DIF,SM,Kentucky,141938.0,0,"Independent Correspondent Bankers' Bank, Inc.",0,1.0,27219,0,KY,0,27219
41465,OCC,DIF,N,Kentucky,161180.0,0,The Salyersville National Bank,8905,2.0,2723,0,KY,0,2723
35957,FDIC,DIF,NM,Alabama,485550.0,0,Peoples Independent Bank,0,9.0,27233,1,AL,0,27233
46802,FDIC,DIF,NM,Indiana,3190224.0,0,STAR Financial Bank,0,37.0,27235,0,IN,0,27235
63105,FED,DIF,SM,Missouri,17196325.0,0,Enterprise Bank & Trust,0,58.0,27237,0,MO,0,27237
01890,FDIC,DIF,SI,Massachusetts,931730.0,1,Winchester Co-operative Bank,0,2.0,27238,0,MA,0,27238
42501,OCC,DIF,N,Kentucky,706473.0,0,The Citizens National Bank of Somerset,11544,11.0,2725,1,KY,0,2725
31501,FDIC,DIF,NM,Georgia,233994.0,0,Waycross Bank & Trust,0,1.0,27254,1,GA,0,27254
11355,FDIC,DIF,NM,New York,1033642.0,0,Amerasia Bank,0,7.0,27267,0,NY,0,27267
02038,FDIC,DIF,SI,Massachusetts,493257.0,1,Dean Co-operative Bank,0,4.0,27269,0,MA,0,27269
84020,OCC,DIF,SB,Utah,114855000.0,0,Synchrony Bank,715044,2.0,27314,0,UT,0,27314
42716,FED,DIF,SM,Kentucky,134672.0,0,Bank of Buffalo,0,3.0,2733,1,KY,0,2733
41008,OCC,DIF,N,Kentucky,257115.0,0,FIRST NATIONAL BANK OF KENTUCKY,2592,6.0,2735,1,KY,0,2735
67208,FED,DIF,SM,Kansas,212248.0,0,Bankers' Bank of Kansas,0,1.0,27351,0,KS,0,27351
62711,FDIC,DIF,NM,Illinois,806409.0,0,Prairie State Bank and Trust,0,18.0,27362,1,IL,0,27362
42501,OCC,DIF,N,Kentucky,679539.0,0,"First & Farmers National Bank, Inc.",6769,11.0,2738,0,KY,0,2738
35661,FDIC,DIF,NM,Alabama,1009751.0,0,First Metro Bank,0,11.0,27381,0,AL,0,27381
19134,FDIC,DIF,SI,Pennsylvania,97087.0,1,Port Richmond Savings,0,1.0,27385,0,PA,0,27385
89102,OCC,DIF,N,Nevada,9029626.0,0,Wells Fargo National Bank West,21099,1.0,27389,0,NV,0,27389
73533,FDIC,DIF,NM,Oklahoma,952245.0,0,First Bank & Trust Co.,0,14.0,27394,1,OK,0,27394
75460,FDIC,DIF,NM,Texas,184734.0,0,Peoples Bank,0,2.0,27398,1,TX,0,27398
40422,OCC,DIF,N,Kentucky,983396.0,0,The Farmers National Bank of Danville,2409,15.0,2740,0,KY,0,2740
63146,FDIC,DIF,NM,Missouri,277476.0,0,Commercial Bank,0,4.0,27409,0,MO,0,27409
02886,OCC,DIF,SB,Rhode Island,522042.0,0,Shoreham Bank,712504,4.0,27417,1,RI,0,27417
84070,OCC,DIF,N,Utah,217568586.0,0,American Express National  Bank,25151,1.0,27471,0,UT,0,27471
73102,FED,DIF,SM,Oklahoma,12799696.0,0,BancFirst,0,123.0,27476,0,OK,0,27476
29488,FED,DIF,SM,South Carolina,423897.0,0,Bank of the Lowcountry,0,5.0,27496,0,SC,0,27496
19803,FDIC,DIF,NM,Delaware,7766339.0,0,Comenity Bank,0,1.0,27499,0,DE,0,27499
42261,FDIC,DIF,NM,Kentucky,434974.0,0,"Morgantown Bank & Trust Company, Incorporated",0,8.0,275,0,KY,0,275
42748,OCC,DIF,N,Kentucky,455921.0,0,The Lincoln National Bank of Hodgenville,13479,5.0,2750,0,KY,0,2750
10016,FDIC,DIF,NM,New York,542277.0,0,The Berkshire Bank,0,7.0,27503,0,NY,0,27503
35128,FDIC,DIF,NM,Alabama,1196808.0,0,Metro Bank,0,9.0,27510,0,AL,0,27510
40033,FED,DIF,SM,Kentucky,166814.0,0,"Citizens Bank and Trust of Lebanon, Inc.",0,1.0,2753,1,KY,0,2753
40033,OCC,DIF,N,Kentucky,162592.0,0,The Farmers National Bank of Lebanon,4271,2.0,2754,0,KY,0,2754
60604,FDIC,DIF,NM,Illinois,237753.0,0,Burling Bank,0,1.0,27556,1,IL,0,27556
35750,FDIC,DIF,NM,Alabama,175771.0,0,North Alabama Bank,0,4.0,27560,0,AL,0,27560
21061,FDIC,DIF,SI,Maryland,104448.0,1,The Glen Burnie Mutual Savings Bank,0,1.0,27567,0,MD,0,27567
60045,OCC,DIF,N,Illinois,8997757.0,0,"Lake Forest Bank & Trust Company, National Association",25149,10.0,27589,0,IL,0,27589
42066,FDIC,DIF,NM,Kentucky,765904.0,0,"FNB Bank, Inc.",0,11.0,2759,0,KY,0,2759
27103,OCC,DIF,SL,North Carolina,1307724.0,0,Piedmont Federal Savings Bank,700007,10.0,27619,0,NC,0,27619
44833,OCC,DIF,SB,Ohio,282964.0,1,First Federal Bank of Ohio,700041,9.0,27643,0,OH,0,27643
42445,FDIC,DIF,NM,Kentucky,240483.0,0,Farmers Bank and Trust Company,0,4.0,2765,1,KY,0,2765
71105,OCC,DIF,SB,Louisiana,641909.0,0,Home Federal Bank,700057,11.0,27654,0,LA,0,27654
61081,OCC,DIF,SB,Illinois,501074.0,0,"Sterling Federal Bank, F.S.B.",700073,9.0,27664,0,IL,0,27664
42642,OCC,DIF,N,Kentucky,469503.0,0,The First National Bank of Russell Springs,11348,3.0,2767,0,KY,0,2767
28801,FED,DIF,SM,North Carolina,4384743.0,0,HomeTrust Bank,0,33.0,27677,0,NC,0,27677
75460,FDIC,DIF,SI,Texas,616151.0,1,"First Federal Community Bank, SSB",0,4.0,27678,0,TX,0,27678
60085,OCC,DIF,SB,Illinois,270413.0,0,North Shore Trust and Savings,700108,3.0,27683,0,IL,0,27683
15363,FDIC,DIF,SI,Pennsylvania,622521.0,1,Slovenian Savings and Loan Association of Canonsburg,0,1.0,27686,0,PA,0,27686
70114,OCC,DIF,SB,Louisiana,535316.0,0,Fifth District Savings Bank,700133,7.0,27697,0,LA,0,27697
16602,FDIC,DIF,SI,Pennsylvania,334725.0,1,Altoona First Savings Bank,0,5.0,27711,0,PA,0,27711
70006,OCC,DIF,SB,Louisiana,37545.0,0,Mutual Savings and Loan Association,700165,2.0,27716,0,LA,0,27716
62701,FDIC,DIF,SI,Illinois,251463.0,1,"Security Bank, s.b.",0,3.0,27723,0,IL,0,27723
67554,OCC,DIF,SB,Kansas,190505.0,1,Lyons Federal Bank,700179,4.0,27727,0,KS,0,27727
46131,FDIC,DIF,SI,Indiana,349284.0,0,Mutual Savings Bank,0,4.0,27742,0,IN,0,27742
70130,FDIC,DIF,SL,Louisiana,244657.0,1,Hibernia Bank,0,5.0,27752,0,LA,0,27752
15237,FDIC,DIF,SI,Pennsylvania,365179.0,0,West View Savings Bank,0,5.0,27760,0,PA,0,27760
15701,FDIC,DIF,SI,Pennsylvania,673050.0,0,InFirst Bank,0,11.0,27763,0,PA,0,27763
61443,OCC,DIF,SB,Illinois,146115.0,1,Union Federal Savings and Loan Association,700244,6.0,27767,0,IL,0,27767
36301,FDIC,DIF,NM,Alabama,746492.0,0,MidSouth Bank,0,14.0,2777,1,AL,0,2777
58102,OCC,DIF,SB,North Dakota,4028761.0,0,Gate City Bank,700257,46.0,27774,0,ND,0,27774
36502,OCC,DIF,N,Alabama,243510.0,0,The First National Bank and Trust,10697,4.0,2779,1,AL,0,2779
43130,OCC,DIF,SB,Ohio,282485.0,1,Fairfield Federal Savings and Loan Association of Lancaster,700311,3.0,27806,0,OH,0,27806
49525,FED,DIF,SM,Michigan,5551229.0,0,Independent Bank,0,59.0,27811,0,MI,0,27811
03079,FDIC,DIF,SL,New Hampshire,570380.0,1,Salem Co-operative Bank,0,2.0,27824,0,NH,0,27824
35957,FDIC,DIF,NM,Alabama,237192.0,0,First Bank of Boaz,0,1.0,2784,0,AL,0,2784
41011,OCC,DIF,SB,Kentucky,40591.0,1,Citizens Federal Savings and Loan Association,700375,1.0,27841,0,KY,0,27841
44102,FDIC,DIF,NM,Ohio,54412.0,0,The Pioneer Savings Bank,0,1.0,27847,0,OH,0,27847
36726,FDIC,DIF,NM,Alabama,192306.0,0,Community Neighbor Bank,0,4.0,2787,0,AL,0,2787
88201,OCC,DIF,SB,New Mexico,1086048.0,0,Pioneer Bank,700450,11.0,27872,1,NM,0,27872
25701,OCC,DIF,SB,West Virginia,538595.0,1,Huntington Federal Savings Bank,700470,5.0,27884,0,WV,0,27884
28711,FDIC,DIF,SI,North Carolina,42726.0,1,"Black Mountain Savings Bank, SSB",0,1.0,27897,0,NC,0,27897
64668,OCC,DIF,SL,Missouri,133076.0,0,"Home Savings and Loan Association of Carroll County, F.A.",700508,2.0,27898,0,MO,0,27898
60657,OCC,DIF,SB,Illinois,118574.0,1,"Central Savings, f.s.b.",700529,2.0,27910,0,IL,0,27910
36028,FDIC,DIF,NM,Alabama,55656.0,0,Dozier Bank,0,1.0,2794,0,AL,0,2794
15102,FDIC,DIF,SI,Pennsylvania,1040700.0,0,Brentwood Bank,0,14.0,27943,0,PA,0,27943
45331,OCC,DIF,SB,Ohio,263050.0,0,Greenville Federal,700641,4.0,27965,0,OH,0,27965
43724,OCC,DIF,SB,Ohio,300678.0,0,Community Savings,700646,1.0,27969,0,OH,0,27969
66603,OCC,DIF,SB,Kansas,9843365.0,0,Capitol Federal Savings Bank,700670,46.0,27981,0,KS,0,27981
61350,FDIC,DIF,NM,Illinois,360809.0,0,OSB Community Bank,0,3.0,27989,0,IL,0,27989
45069,FDIC,DIF,SI,Ohio,1381983.0,0,Guardian Savings Bank,0,13.0,27998,1,OH,0,27998
28012,FDIC,DIF,SI,North Carolina,155591.0,1,"Belmont Savings Bank, SSB",0,1.0,28035,0,NC,0,28035
36344,OCC,DIF,N,Alabama,173931.0,0,The First National Bank of Hartford,7592,3.0,2804,1,AL,0,2804
36345,FDIC,DIF,NM,Alabama,280578.0,0,HNB First Bank,0,4.0,2805,1,AL,0,2805
43311,OCC,DIF,SB,Ohio,186592.0,1,Citizens Federal Savings and Loan Association,700824,1.0,28060,0,OH,0,28060
45318,OCC,DIF,SB,Ohio,82394.0,0,The Covington Savings and Loan Association,700827,3.0,28063,0,OH,0,28063
45030,FDIC,DIF,SL,Ohio,273464.0,1,The Harrison Building and Loan Association,0,3.0,28080,0,OH,0,28080
98101,FDIC,DIF,NM,Washington,27552061.0,0,WaFd Bank,0,213.0,28088,0,WA,0,28088
70508,OCC,DIF,N,Louisiana,3543498.0,0,"Home Bank, National Association",25106,44.0,28094,0,LA,0,28094
41749,FDIC,DIF,NM,Kentucky,144342.0,0,Hyden Citizens Bank,0,4.0,281,1,KY,0,281
62234,OCC,DIF,SB,Illinois,116127.0,1,Collinsville Building and Loan Association,700904,1.0,28103,0,IL,0,28103
62454,OCC,DIF,N,Illinois,510856.0,0,"First Robinson Savings Bank, National Association",23393,5.0,28105,0,IL,0,28105
98901,FDIC,DIF,SI,Washington,2011548.0,1,Yakima Federal Savings and Loan Association,0,10.0,28116,0,WA,0,28116
03867,FED,DIF,SM,New Hampshire,310376.0,0,Profile Bank,0,5.0,28155,0,NH,0,28155
45211,FDIC,DIF,SL,Ohio,191045.0,0,The Cincinnatus Savings & Loan Co.,0,3.0,28157,0,OH,0,28157
16365,FDIC,DIF,SI,Pennsylvania,16911880.0,0,Northwest Bank,0,166.0,28178,0,PA,0,28178
17063,FDIC,DIF,SI,Pennsylvania,223362.0,1,MCS Bank,0,10.0,28186,0,PA,0,28186
81101,OCC,DIF,SB,Colorado,395540.0,1,San Luis Valley Federal Bank,701142,3.0,28208,0,CO,0,28208
02145,OCC,DIF,SB,Massachusetts,418714.0,1,"Winter Hill Bank, FSB",701149,3.0,28213,0,MA,0,28213
45205,OCC,DIF,SB,Ohio,100257.0,0,Warsaw Federal Savings and Loan Association,701158,1.0,28217,0,OH,0,28217
08035,FDIC,DIF,SI,New Jersey,410874.0,1,Haddon Savings Bank,0,2.0,28222,0,NJ,0,28222
66720,OCC,DIF,SB,Kansas,113328.0,1,Home Savings Bank,701227,1.0,28246,0,KS,0,28246
43081,OCC,DIF,N,Ohio,2143460.0,0,"CFBank, National Association",25137,8.0,28263,0,OH,0,28263
98577,FDIC,DIF,SI,Washington,74003.0,1,Connect Community Bank,0,3.0,28266,0,WA,0,28266
63640,OCC,DIF,SB,Missouri,279067.0,1,Ozarks Federal Savings and Loan Association,701283,5.0,28277,0,MO,0,28277
36375,FDIC,DIF,NM,Alabama,217820.0,0,Friend Bank,0,5.0,2828,1,AL,0,2828
04210,OCC,DIF,SB,Maine,101808.0,0,"Auburn Savings Bank, FSB",701305,2.0,28288,0,ME,0,28288
35772,FDIC,DIF,NM,Alabama,884209.0,0,First Southern State Bank,0,11.0,2829,0,AL,0,2829
60608,OCC,DIF,SB,Illinois,97967.0,0,Mutual Federal Bank,701330,1.0,28302,0,IL,0,28302
27870,FDIC,DIF,SI,North Carolina,94454.0,1,"Riverside Savings Bank, SSB",0,2.0,28314,0,NC,0,28314
81144,FDIC,DIF,SL,Colorado,136066.0,1,"RG Bank, A Savings and Loan Association",0,3.0,28315,0,CO,0,28315
70130,FDIC,DIF,SI,Louisiana,1266430.0,0,FIDELITY BANK,0,28.0,28316,0,LA,0,28316
35160,FDIC,DIF,NM,Alabama,1370032.0,0,First Bank of Alabama,0,17.0,2832,0,AL,0,2832
63901,FED,DIF,SM,Missouri,5090783.0,0,Southern Bank,0,70.0,28332,0,MO,0,28332
43906,FDIC,DIF,NM,Ohio,592904.0,1,Belmont Savings Bank,0,4.0,28348,0,OH,0,28348
44446,OCC,DIF,SB,Ohio,158515.0,0,Home Federal Savings and Loan Association of Niles,701412,1.0,28349,0,OH,0,28349
08753,OCC,DIF,N,New Jersey,14471195.0,0,"OceanFirst Bank, National Association",25150,42.0,28359,0,NJ,0,28359
87501,FDIC,DIF,NM,New Mexico,1348989.0,0,Century Bank,0,9.0,28362,1,NM,0,28362
02144,OCC,DIF,SB,Massachusetts,641694.0,1,"Middlesex Federal Savings, F.A.",701452,4.0,28368,0,MA,0,28368
04841,OCC,DIF,SB,Maine,93010.0,1,"Rockland Savings Bank, FSB",701454,1.0,28369,0,ME,0,28369
36116,FDIC,DIF,NM,Alabama,360613.0,0,AmeriFirst Bank,0,5.0,2838,0,AL,0,2838
13501,FED,DIF,SM,New York,1010347.0,0,Adirondack Bank,0,19.0,28380,0,NY,0,28380
63131,OCC,DIF,SB,Missouri,155568.0,0,Edward Jones Trust Company,701485,1.0,28390,0,MO,0,28390
29020,FDIC,DIF,NM,South Carolina,1078904.0,0,First Palmetto Bank,0,22.0,28396,0,SC,0,28396
42206,FDIC,DIF,NM,Kentucky,154764.0,0,Auburn Banking Company,0,3.0,284,1,KY,0,284
53188,FDIC,DIF,NM,Wisconsin,780209.0,0,Westbury Bank,0,9.0,28400,0,WI,0,28400
61301,FDIC,DIF,SI,Illinois,439360.0,1,Eureka Savings Bank,0,5.0,28401,0,IL,0,28401
98362,FDIC,DIF,NM,Washington,2115202.0,0,First Fed Bank,0,15.0,28405,0,WA,0,28405
60804,OCC,DIF,SB,Illinois,193030.0,1,Central Federal Savings and Loan Association,701567,3.0,28425,0,IL,0,28425
61820,OCC,DIF,SB,Illinois,202015.0,0,First Federal Savings Bank of Champaign Urbana,701611,2.0,28445,0,IL,0,28445
98550,FDIC,DIF,SI,Washington,2046279.0,0,Timberland Bank,0,24.0,28453,0,WA,0,28453
45638,FDIC,DIF,SL,Ohio,56597.0,0,Liberty Bank,0,2.0,28463,0,OH,0,28463
27573,FDIC,DIF,SI,North Carolina,358491.0,1,"Roxboro Savings Bank, SSB",0,2.0,28471,0,NC,0,28471
47424,FDIC,DIF,SI,Indiana,115965.0,1,Farmers and Mechanics Federal Savings Bank,0,4.0,28478,0,IN,0,28478
53205,FDIC,DIF,SL,Wisconsin,21202.0,1,Columbia Savings and Loan Association,0,1.0,28480,0,WI,0,28480
99362,FDIC,DIF,NM,Washington,16338071.0,0,Banner Bank,0,147.0,28489,0,WA,0,28489
83316,FDIC,DIF,NM,Idaho,664795.0,0,Farmers Bank,0,6.0,2850,0,ID,0,2850
66106,OCC,DIF,SB,Kansas,70526.0,1,Argentine Federal Savings,701735,2.0,28507,0,KS,0,28507
53226,FDIC,DIF,SI,Wisconsin,2252598.0,0,"WaterStone Bank, SSB",0,16.0,28513,0,WI,0,28513
77954,FDIC,DIF,SI,Texas,382873.0,0,"TrustTexas Bank, SSB",0,6.0,28515,0,TX,0,28515
54449,FDIC,DIF,SI,Wisconsin,1205618.0,0,Forward Bank,0,15.0,28530,0,WI,0,28530
47374,FDIC,DIF,NM,Indiana,1513612.0,0,First Bank Richmond,0,14.0,28533,0,IN,0,28533
68822,FDIC,DIF,NM,Nebraska,124900.0,0,Custer Federal State Bank,0,2.0,28543,1,NE,0,28543
45011,FDIC,DIF,SL,Ohio,187507.0,0,Valley Central Bank,0,3.0,28555,0,OH,0,28555
14843,OCC,DIF,SB,New York,123057.0,0,"Maple City Savings Bank, FSB",701899,3.0,28585,0,NY,0,28585
49091,FDIC,DIF,NM,Michigan,1014059.0,0,Sturgis Bank & Trust Company,0,17.0,28593,0,MI,0,28593
98501,FDIC,DIF,SI,Washington,1008303.0,1,Olympia Federal Savings and Loan Association,0,9.0,28599,0,WA,0,28599
53226,FDIC,DIF,SI,Wisconsin,326863.0,0,"The Equitable Bank, S.S.B.",0,6.0,28614,0,WI,0,28614
66061,FDIC,DIF,NM,Kansas,109785.0,0,First Federal Savings and Loan Bank,0,1.0,28635,1,KS,0,28635
17847,OCC,DIF,SB,Pennsylvania,89614.0,1,Milton Savings Bank,702007,1.0,28637,0,PA,0,28637
73737,OCC,DIF,SB,Oklahoma,63470.0,1,Fairview Savings and Loan Association,702049,1.0,28652,0,OK,0,28652
45309,FDIC,DIF,NM,Ohio,44332.0,1,The Brookville Building and Savings Association,0,2.0,28663,0,OH,0,28663
49224,OCC,DIF,SB,Michigan,73266.0,1,Homestead Savings Bank,718109,3.0,28667,0,MI,0,28667
44030,FDIC,DIF,SL,Ohio,76375.0,0,Conneaut Savings Bank,0,1.0,28677,0,OH,0,28677
53005,FDIC,DIF,SI,Wisconsin,2590607.0,1,North Shore Bank,0,44.0,28679,0,WI,0,28679
42025,FED,DIF,SM,Kentucky,1370973.0,0,Community Financial Services Bank,0,8.0,287,0,KY,0,287
19002,FDIC,DIF,SI,Pennsylvania,516761.0,1,Ambler Savings Bank,0,7.0,28701,0,PA,0,28701
45380,FDIC,DIF,SL,Ohio,62682.0,0,Versailles Savings and Loan Company,0,1.0,28703,0,OH,0,28703
15370,OCC,DIF,SB,Pennsylvania,1039462.0,1,First Federal Savings and Loan Association of Greene Co,702190,7.0,28706,0,PA,0,28706
07093,FDIC,DIF,SI,New Jersey,156458.0,1,GSL Savings Bank,0,2.0,28708,0,NJ,0,28708
10308,OCC,DIF,SB,New York,5735013.0,0,Northfield Bank,718063,37.0,28710,0,NY,0,28710
10940,OCC,DIF,SL,New York,185930.0,0,First Federal Savings of Middletown,702201,1.0,28712,0,NY,0,28712
07452,FDIC,DIF,SI,New Jersey,388195.0,1,Ascendia Bank,0,5.0,28729,0,NJ,0,28729
67601,OCC,DIF,SB,Kansas,368035.0,0,"Golden Belt Bank, FSA",702253,3.0,28735,0,KS,0,28735
60630,FDIC,DIF,SI,Illinois,477752.0,1,Hoyne Savings Bank,0,7.0,28747,0,IL,0,28747
07032,FDIC,DIF,SI,New Jersey,7591561.0,0,Kearny Bank,0,40.0,28765,0,NJ,0,28765
46703,OCC,DIF,SB,Indiana,139819.0,1,First Federal Savings Bank of Angola,702324,1.0,28769,0,IN,0,28769
08805,FDIC,DIF,NM,New Jersey,1143103.0,0,Somerset Regal Bank,0,14.0,28778,0,NJ,0,28778
21061,OCC,DIF,SB,Maryland,474117.0,1,Arundel Bank,702349,5.0,28780,0,MD,0,28780
08247,FDIC,DIF,SI,New Jersey,1115178.0,0,Sturdy Savings Bank,0,13.0,28788,0,NJ,0,28788
54880,FDIC,DIF,SI,Wisconsin,93881.0,1,Superior Savings Bank,0,1.0,28790,0,WI,0,28790
19064,FDIC,DIF,SI,Pennsylvania,170750.0,0,Sharon Bank,0,5.0,28793,0,PA,0,28793
41301,FDIC,DIF,NM,Kentucky,68731.0,0,Farmers & Traders Bank of Campton,0,1.0,288,1,KY,0,288
10533,OCC,DIF,SB,New York,86061.0,0,Sunnyside Federal Savings and Loan Association of Irvington,702397,1.0,28805,0,NY,0,28805
72335,FED,DIF,SM,Arkansas,499538.0,0,Armor Bank,0,13.0,28812,0,AR,0,28812
08260,FDIC,DIF,SI,New Jersey,579600.0,0,Crest Savings Bank,0,8.0,28818,0,NJ,0,28818
07410,OCC,DIF,SB,New Jersey,11009182.0,0,Columbia Bank,702454,69.0,28834,0,NJ,0,28834
19145,FDIC,DIF,SI,Pennsylvania,460385.0,1,United Savings Bank,0,6.0,28836,0,PA,0,28836
05301,FED,DIF,SM,Vermont,296396.0,1,The Brattleboro Savings and Loan Association,0,5.0,28837,0,VT,0,28837
60641,FDIC,DIF,SI,Illinois,408153.0,1,Community Savings Bank,0,2.0,28841,0,IL,0,28841
83301,OCC,DIF,SB,Idaho,1437772.0,1,First Federal Savings Bank of Twin Falls,702479,14.0,28845,0,ID,0,28845
29341,OCC,DIF,SB,South Carolina,591032.0,1,First Piedmont Federal Savings and Loan Association of Gaffney,702502,7.0,28859,0,SC,0,28859
81082,FDIC,DIF,SL,Colorado,75783.0,1,Century Savings and Loan Association,0,1.0,28860,0,CO,0,28860
55439,OCC,DIF,SB,Minnesota,1043286.0,0,MidCountry Bank,702518,16.0,28865,0,MN,0,28865
75773,FDIC,DIF,SI,Texas,429012.0,0,Broadstreet Bank S S B,0,7.0,28868,0,TX,0,28868
12589,OCC,DIF,SB,New York,475704.0,0,Wallkill Valley Federal Savings and Loan Association,702528,9.0,28870,0,NY,0,28870
46947,OCC,DIF,SB,Indiana,452935.0,0,Security Federal Savings Bank,702578,8.0,28894,0,IN,0,28894
41822,FDIC,DIF,NM,Kentucky,268052.0,0,Bank of Hindman,0,3.0,289,0,KY,0,289
71730,FED,DIF,SM,Arkansas,1950198.0,0,First Financial Bank,0,19.0,28905,1,AR,0,28905
19014,FDIC,DIF,SI,Pennsylvania,212741.0,1,Iron Workers Savings Bank,0,3.0,28908,0,PA,0,28908
97526,OCC,DIF,SB,Oregon,628107.0,1,Evergreen Federal Bank,702610,6.0,28914,0,OR,0,28914
61350,OCC,DIF,SB,Illinois,425882.0,1,First Federal Savings Bank,702631,12.0,28924,0,IL,0,28924
61462,FDIC,DIF,SI,Illinois,250291.0,0,Security Savings Bank,0,2.0,28925,0,IL,0,28925
64628,FED,DIF,SM,Missouri,649717.0,0,Verimore Bank,0,8.0,28930,1,MO,0,28930
13619,OCC,DIF,N,New York,308056.0,0,"Carthage Savings and Loan, National Association",25272,4.0,28942,0,NY,0,28942
38821,FED,DIF,SM,Mississippi,77041.0,0,"Amory First Savings And Loan Bank, Ssb",0,1.0,28949,0,MS,0,28949
54848,OCC,DIF,SB,Wisconsin,91880.0,1,Ladysmith Federal Savings and Loan Association,702722,1.0,28983,0,WI,0,28983
50595,FDIC,DIF,NM,Iowa,226778.0,0,WCF Financial Bank,0,3.0,28989,0,IA,0,28989
60647,FDIC,DIF,SI,Illinois,857594.0,1,Liberty Bank for Savings,0,5.0,29009,0,IL,0,29009
44902,FDIC,DIF,NM,Ohio,885494.0,0,Mechanics Bank,0,10.0,29011,0,OH,0,29011
98501,FDIC,DIF,NM,Washington,8492771.0,0,Heritage Bank,0,67.0,29012,0,WA,0,29012
47421,FDIC,DIF,SI,Indiana,285547.0,1,Bedford Federal Savings Bank,0,2.0,29024,0,IN,0,29024
26034,OCC,DIF,SB,West Virginia,496919.0,1,"Hancock County Savings Bank, F.S.B.",702808,3.0,29035,0,WV,0,29035
64081,FDIC,DIF,SI,Missouri,990770.0,1,First Federal Bank of Kansas City,0,9.0,29047,0,MO,0,29047
47715,FDIC,DIF,NM,Indiana,578952.0,0,First Federal Savings Bank,0,10.0,29056,0,IN,0,29056
88401,OCC,DIF,SB,New Mexico,38880.0,1,Tucumcari Federal Savings and Loan Association,702842,1.0,29059,0,NM,0,29059
27886,FDIC,DIF,SI,North Carolina,54568.0,1,"Tarboro Savings Bank, SSB",0,1.0,29061,0,NC,0,29061
81132,FDIC,DIF,SL,Colorado,152294.0,0,Del Norte Bank,0,2.0,29066,0,CO,0,29066
85255,OCC,DIF,SL,Arizona,915185.0,0,Southwest Heritage Bank,702889,9.0,29087,0,AZ,0,29087
37821,OCC,DIF,SB,Tennessee,280207.0,0,Newport Federal Bank,702892,2.0,29089,0,TN,0,29089
43055,OCC,DIF,SB,Ohio,294801.0,1,First Federal Savings and Loan Association,702893,6.0,29090,0,OH,0,29090
64601,FED,DIF,SM,Missouri,102131.0,0,Investors Community Bank,0,2.0,29093,0,MO,0,29093
40447,FDIC,DIF,NM,Kentucky,170185.0,0,Jackson County Bank,0,3.0,291,0,KY,0,291
53220,OCC,DIF,SB,Wisconsin,595181.0,0,"PyraMax Bank, FSB",717954,6.0,29120,0,WI,0,29120
61032,FDIC,DIF,SI,Illinois,183311.0,0,Union Savings Bank,0,4.0,29121,0,IL,0,29121
45891,OCC,DIF,SB,Ohio,194684.0,0,First Federal Savings and Loan Association of Van Wert,702969,2.0,29135,0,OH,0,29135
58102,OCC,DIF,SB,North Dakota,764393.0,0,American Federal Bank,702983,13.0,29140,1,ND,0,29140
65807,FDIC,DIF,NM,Missouri,228669.0,0,Arlo Bank,0,1.0,29143,0,MO,0,29143
10601,FDIC,DIF,SI,New York,2019844.0,0,NorthEast Community Bank,0,12.0,29147,0,NY,0,29147
31601,OCC,DIF,SB,Georgia,277565.0,1,First Federal Savings and Loan Association of Valdosta,703019,4.0,29164,0,GA,0,29164
07008,FDIC,DIF,SI,New Jersey,383954.0,0,United Roosevelt Savings Bank,0,2.0,29170,0,NJ,0,29170
45344,OCC,DIF,SB,Ohio,329841.0,0,New Carlisle Federal Savings Bank,703043,3.0,29173,0,OH,0,29173
38017,FED,DIF,SM,Tennessee,615691.0,0,BankTennessee,0,11.0,29177,1,TN,0,29177
38464,FDIC,DIF,SI,Tennessee,97445.0,1,Lawrenceburg Federal Bank,0,1.0,29186,0,TN,0,29186
54935,FDIC,DIF,SI,Wisconsin,383905.0,0,Fox Valley Savings Bank,0,3.0,29188,0,WI,0,29188
42633,FED,DIF,SM,Kentucky,1094102.0,0,The Monticello Banking Company,0,21.0,292,0,KY,0,292
76450,FDIC,DIF,SI,Texas,156522.0,0,"Graham Savings and Loan, SSB",0,3.0,29206,1,TX,0,29206
79022,FDIC,DIF,SI,Texas,125498.0,0,"Dalhart Federal Savings & Loan Association, SSB",0,2.0,29208,0,TX,0,29208
75201,FDIC,DIF,NM,Texas,13442736.0,0,NexBank,0,3.0,29209,0,TX,0,29209
62401,FDIC,DIF,SI,Illinois,605021.0,0,Washington Savings Bank,0,4.0,29227,0,IL,0,29227
19029,OCC,DIF,SB,Pennsylvania,89632.0,1,County Savings Bank,703136,3.0,29231,0,PA,0,29231
29388,OCC,DIF,SB,South Carolina,101745.0,1,Woodruff Federal Savings and Loan Association,703150,1.0,29238,0,SC,0,29238
75652,OCC,DIF,SB,Texas,118495.0,1,Henderson Federal Savings Bank,703155,1.0,29241,0,TX,0,29241
70005,OCC,DIF,SB,Louisiana,92130.0,0,Eureka Homestead,703193,1.0,29268,0,LA,0,29268
54829,OCC,DIF,SB,Wisconsin,328621.0,1,"Cumberland Federal Bank, FSB",703234,2.0,29293,0,WI,0,29293
54451,OCC,DIF,SB,Wisconsin,1012360.0,0,Prevail Bank,703235,9.0,29294,0,WI,0,29294
35630,FDIC,DIF,NM,Alabama,685065.0,0,First Southern Bank,0,10.0,29332,0,AL,0,29332
43515,OCC,DIF,SB,Ohio,247265.0,0,First Federal Savings and Loan Association,703313,6.0,29345,0,OH,0,29345
31779,OCC,DIF,SB,Georgia,159328.0,1,Family Bank,703330,3.0,29357,0,GA,0,29357
69162,OCC,DIF,SB,Nebraska,53329.0,0,Sidney Federal Savings and Loan Association,703360,1.0,29379,0,NE,0,29379
61354,OCC,DIF,SB,Illinois,211123.0,0,Peru Federal Savings Bank,703367,2.0,29384,0,IL,0,29384
60653,OCC,DIF,SB,Illinois,61515.0,0,GN Bank,703395,1.0,29399,0,IL,0,29399
56187,OCC,DIF,SB,Minnesota,136240.0,1,"Worthington Federal Savings Bank, FSB",703435,3.0,29426,0,MN,0,29426
15148,FDIC,DIF,SI,Pennsylvania,54011.0,1,Compass Savings Bank,0,1.0,29430,0,PA,0,29430
60640,OCC,DIF,SB,Illinois,41945.0,1,North Side Federal Savings and Loan Association of Chicago,703468,1.0,29449,0,IL,0,29449
99216,FDIC,DIF,NM,Washington,222980.0,0,State Bank Northwest,0,6.0,2945,1,WA,0,2945
16226,FDIC,DIF,SI,Pennsylvania,96185.0,1,Armstrong County Building and Loan Association,0,1.0,29471,0,PA,0,29471
68801,OCC,DIF,SB,Nebraska,558609.0,0,Home Federal Savings and Loan Association of Grand Island,703519,8.0,29476,0,NE,0,29476
29556,OCC,DIF,SB,South Carolina,38073.0,0,Kingstree Federal Savings and Loan Association,703534,1.0,29486,0,SC,0,29486
44107,OCC,DIF,SB,Ohio,2917042.0,0,First Federal Savings and Loan Association of Lakewood,703536,20.0,29488,0,OH,0,29488
26164,OCC,DIF,SB,West Virginia,27131.0,1,First Federal Savings & Loan Association of Ravenswood,703542,1.0,29490,0,WV,0,29490
45891,OCC,DIF,SB,Ohio,387826.0,0,GreenWay Bank,703551,2.0,29495,0,OH,0,29495
13027,OCC,DIF,N,New York,315944.0,0,"Seneca Savings Bank, National Association",703552,5.0,29496,0,NY,0,29496
30014,OCC,DIF,N,Georgia,924481.0,0,"Affinity Bank, National Association",25307,2.0,29510,0,GA,0,29510
59722,FDIC,DIF,SI,Montana,121990.0,1,Pioneer State Bank,0,2.0,29517,0,MT,0,29517
15301,FDIC,DIF,SI,Pennsylvania,1456256.0,0,Washington Financial Bank,0,10.0,29520,0,PA,0,29520
43015,OCC,DIF,SB,Ohio,131433.0,0,Fidelity Federal Savings and Loan Association of Delaware,703587,2.0,29521,0,OH,0,29521
46321,FDIC,DIF,NM,Indiana,2014507.0,0,Peoples Bank,0,26.0,29523,0,IN,0,29523
61727,FDIC,DIF,SI,Illinois,171245.0,1,DeWitt Savings Bank,0,2.0,29535,0,IL,0,29535
82801,OCC,DIF,SB,Wyoming,632450.0,1,First Federal Bank & Trust,703619,3.0,29537,0,WY,0,29537
65737,FDIC,DIF,NM,Missouri,5690468.0,0,Great Southern Bank,0,112.0,29546,0,MO,0,29546
35501,FDIC,DIF,NM,Alabama,386088.0,0,Pinnacle Bank,0,7.0,29548,0,AL,0,29548
47708,OCC,DIF,SB,Indiana,6332519.0,0,"United Fidelity Bank, fsb",703676,20.0,29566,0,IN,0,29566
43326,FDIC,DIF,NM,Ohio,247789.0,1,"The Home Savings and Loan Company of Kenton, Ohio, DBA HSLC",0,3.0,29571,0,OH,0,29571
70433,OCC,DIF,SL,Louisiana,167949.0,0,Heritage Bank of St Tammany,703691,5.0,29577,0,LA,0,29577
45371,OCC,DIF,SB,Ohio,142794.0,0,Monroe Federal Savings and Loan Association,703692,4.0,29578,0,OH,0,29578
29571,OCC,DIF,SB,South Carolina,38206.0,0,Pee Dee Federal Savings Bank,703697,1.0,29582,0,SC,0,29582
42210,FDIC,DIF,NM,Kentucky,289238.0,0,Bank of Edmonson County,0,3.0,296,1,KY,0,296
21236,OCC,DIF,SL,Maryland,1346484.0,0,Rosedale Bank,703758,15.0,29613,0,MD,0,29613
45714,OCC,DIF,SB,Ohio,110411.0,0,"First Mutual Bank, FSB",703764,4.0,29617,0,OH,0,29617
97128,OCC,DIF,SL,Oregon,678962.0,0,First Federal Savings and Loan Association of McMinnville,703773,6.0,29624,0,OR,0,29624
19103,OCC,DIF,SB,Pennsylvania,43579.0,1,Second Federal Savings and Loan Association of Philadelphia,703776,1.0,29627,0,PA,0,29627
06095,OCC,DIF,SL,Connecticut,882134.0,0,Windsor Federal Bank,703781,11.0,29632,0,CT,0,29632
04530,OCC,DIF,SB,Maine,186788.0,1,First Federal Savings and Loan Association of Bath,703786,5.0,29636,0,ME,0,29636
82426,OCC,DIF,SB,Wyoming,402135.0,1,Big Horn Federal Savings Bank,703790,6.0,29637,0,WY,0,29637
62565,FDIC,DIF,SI,Illinois,226831.0,1,"First Federal Savings and Loan Association of Central Illinois, S.B.",0,3.0,29645,0,IL,0,29645
53005,FDIC,DIF,SI,Wisconsin,1058168.0,1,"Great Midwest Bank, S.S.B.",0,9.0,29657,0,WI,0,29657
15022,FDIC,DIF,SI,Pennsylvania,752491.0,0,CFSBANK,0,10.0,29672,0,PA,0,29672
54494,FDIC,DIF,SL,Wisconsin,212977.0,1,"Paper City Savings Bank, S.A.",0,3.0,29676,0,WI,0,29676
62263,FDIC,DIF,SI,Illinois,108888.0,1,Nashville Savings Bank,0,1.0,29677,0,IL,0,29677
70764,OCC,DIF,SB,Louisiana,199075.0,0,Anthem Bank & Trust,703874,4.0,29679,1,LA,0,29679
37902,OCC,DIF,SB,Tennessee,2730496.0,0,Home Federal Bank of Tennessee,703879,23.0,29683,0,TN,0,29683
24112,OCC,DIF,SB,Virginia,32446.0,0,Martinsville First Savings Bank,703881,1.0,29685,0,VA,0,29685
46750,FDIC,DIF,NM,Indiana,557483.0,0,First Federal Savings Bank,0,9.0,29690,0,IN,0,29690
54494,FDIC,DIF,SI,Wisconsin,127080.0,1,KeySavings Bank,0,2.0,29691,0,WI,0,29691
68520,OCC,DIF,SB,Nebraska,384458.0,0,Lincoln FSB of Nebraska,703896,13.0,29692,0,NE,0,29692
43812,FDIC,DIF,SL,Ohio,383160.0,0,THE HOME LOAN SAVINGS BANK,0,5.0,29695,0,OH,0,29695
82834,FED,DIF,SM,Wyoming,210278.0,0,Buffalo Federal Bank,0,3.0,29696,0,WY,0,29696
42256,FED,DIF,SM,Kentucky,234794.0,0,Lewisburg Banking Company,0,5.0,297,1,KY,0,297
71270,OCC,DIF,SB,Louisiana,913280.0,0,Century Next Bank,703912,7.0,29700,0,LA,0,29700
44820,OCC,DIF,SL,Ohio,356244.0,0,First Federal Community Bank of Bucyrus,703920,6.0,29705,0,OH,0,29705
64030,OCC,DIF,SB,Missouri,3155799.0,0,"North American Savings Bank, F.S.B.",703927,10.0,29708,0,MO,0,29708
47501,FDIC,DIF,SI,Indiana,92818.0,1,First Federal Savings Bank of Washington,0,1.0,29710,0,IN,0,29710
35901,FDIC,DIF,NM,Alabama,128192.0,0,The Southern Bank Company,0,4.0,29731,0,AL,0,29731
04736,OCC,DIF,SL,Maine,204279.0,1,Aroostook County Federal Savings and Loan Association,703995,2.0,29743,0,ME,0,29743
03820,OCC,DIF,SB,New Hampshire,588846.0,0,First Seacoast Bank,703997,5.0,29744,0,NH,0,29744
54403,FDIC,DIF,SI,Wisconsin,248552.0,0,Marathon Bank,0,5.0,29745,0,WI,0,29745
45135,OCC,DIF,SB,Ohio,205627.0,1,Southern Hills Community Bank,704013,8.0,29749,0,OH,0,29749
27577,FDIC,DIF,SI,North Carolina,873103.0,0,"KS Bank, Inc.",0,12.0,29771,0,NC,0,29771
30474,OCC,DIF,SB,Georgia,213615.0,1,Vidalia Federal Savings Bank,704067,2.0,29772,0,GA,0,29772
41008,OCC,DIF,SB,Kentucky,42592.0,1,Carrollton Federal Bank,704069,1.0,29774,0,KY,0,29774
37055,FDIC,DIF,SI,Tennessee,1098087.0,0,First Federal Bank,0,17.0,29782,1,TN,0,29782
81201,FED,DIF,SM,Colorado,524132.0,0,High Country Bank,0,5.0,29783,0,CO,0,29783
44622,OCC,DIF,N,Ohio,937635.0,0,"First Federal Community Bank, National Association",25025,8.0,29787,0,OH,0,29787
60532,FDIC,DIF,SI,Illinois,551827.0,1,Lisle Savings Bank,0,4.0,29800,0,IL,0,29800
70570,OCC,DIF,SB,Louisiana,285256.0,0,Catalyst Bank,704114,6.0,29804,0,LA,0,29804
60633,FDIC,DIF,SI,Illinois,796847.0,1,First Savings Bank of Hegewisch,0,14.0,29809,0,IL,0,29809
44820,FDIC,DIF,NM,Ohio,160648.0,1,Peoples Savings and Loan Company,0,2.0,29813,0,OH,0,29813
01757,OCC,DIF,SB,Massachusetts,545467.0,1,Milford Federal Bank,704167,4.0,29835,0,MA,0,29835
44053,OCC,DIF,SB,Ohio,567257.0,1,First Federal Savings and Loan Association of Lorain,704171,6.0,29838,0,OH,0,29838
46992,FDIC,DIF,NM,Indiana,597966.0,0,Crossroads Bank,0,7.0,29839,0,IN,0,29839
02136,FED,DIF,SM,Massachusetts,209384.0,1,Commonwealth Co-operative Bank,0,3.0,29842,0,MA,0,29842
48813,OCC,DIF,SB,Michigan,534152.0,0,Eaton Community Bank,704194,7.0,29846,0,MI,0,29846
44691,FDIC,DIF,NM,Ohio,1526447.0,0,Main Street Bank Corp.,0,20.0,29847,0,OH,0,29847
66701,OCC,DIF,SB,Kansas,28332.0,1,"The Liberty Savings Association, FSA",704214,1.0,29857,0,KS,0,29857
44680,FDIC,DIF,NM,Ohio,289174.0,0,SSB Community Bank,0,4.0,29858,0,OH,0,29858
99362,OCC,DIF,N,Washington,698667.0,0,Baker-Boyer National Bank,3956,7.0,2987,0,WA,0,2987
48124,OCC,DIF,SB,Michigan,298604.0,1,Dearborn Federal Savings Bank,704241,5.0,29874,0,MI,0,29874
46373,FDIC,DIF,NM,Indiana,376536.0,0,American Community Bank of Indiana,0,5.0,29878,0,IN,0,29878
46151,OCC,DIF,SB,Indiana,431685.0,1,Home Bank SB,704255,6.0,29881,0,IN,0,29881
37643,OCC,DIF,SB,Tennessee,324184.0,1,Elizabethton Federal Savings Bank,704307,5.0,29904,0,TN,0,29904
46947,FDIC,DIF,NM,Indiana,285519.0,0,Logansport Savings Bank,0,2.0,29907,0,IN,0,29907
47170,FDIC,DIF,SL,Indiana,77910.0,0,Scottsburg Building and Loan Association,704315,1.0,29910,0,IN,0,29910
98660,FDIC,DIF,NM,Washington,1461136.0,0,Riverview Bank,0,18.0,29922,0,WA,0,29922
47331,OCC,DIF,SB,Indiana,261643.0,1,Union Savings and Loan Association,704369,4.0,29933,0,IN,0,29933
40601,OCC,DIF,SB,Kentucky,287849.0,0,First Federal Savings Bank of Kentucky,704381,6.0,29937,0,KY,0,29937
07666,FDIC,DIF,SI,New Jersey,875154.0,0,Bogota Savings Bank,0,10.0,29941,0,NJ,0,29941
19801,OCC,DIF,N,Delaware,106094600.0,0,"Santander Bank, N.A.",25022,373.0,29950,0,DE,0,29950
43907,FDIC,DIF,NM,Ohio,8746.0,1,The Equitable Savings and Loan Company,0,1.0,29966,0,OH,0,29966
43078,FDIC,DIF,SL,Ohio,185360.0,1,The Peoples Savings Bank,0,2.0,29975,0,OH,0,29975
60455,OCC,DIF,SL,Illinois,116268.0,0,Midland Federal Savings and Loan Association,704475,4.0,29980,0,IL,0,29980
66048,FDIC,DIF,SL,Kansas,396924.0,1,Mutual Savings Association,0,6.0,29988,0,KS,0,29988
19460,FDIC,DIF,SI,Pennsylvania,654399.0,1,Phoenixville Federal Bank and Trust,0,7.0,29995,0,PA,0,29995
44105,OCC,DIF,SB,Ohio,17468430.0,0,Third Federal Savings and Loan Association of Cleveland,704544,36.0,30012,0,OH,0,30012
16652,FDIC,DIF,SI,Pennsylvania,17640.0,1,Huntingdon Savings Bank,0,1.0,30031,0,PA,0,30031
07030,FDIC,DIF,SI,New Jersey,1015565.0,0,Haven Savings Bank,0,9.0,30039,0,NJ,0,30039
62618,FDIC,DIF,SI,Illinois,78898.0,1,Beardstown Savings s.b.,0,2.0,30043,0,IL,0,30043
07070,FDIC,DIF,SI,New Jersey,2134039.0,0,Blue Foundry Bank,0,21.0,30052,0,NJ,0,30052
47240,OCC,DIF,SB,Indiana,146054.0,1,First Federal Savings and Loan Association of Greensburg,704656,3.0,30058,0,IN,0,30058
47960,FDIC,DIF,SL,Indiana,42840.0,1,"Peoples Community Bank SB of Monticello, Indiana",0,1.0,30065,0,IN,0,30065
51632,FED,DIF,SM,Iowa,45465.0,0,Cornerstone Bank,0,1.0,30067,0,IA,0,30067
07032,FDIC,DIF,SI,New Jersey,149725.0,1,Schuyler Savings Bank,0,2.0,30072,0,NJ,0,30072
07407,FDIC,DIF,SL,New Jersey,4025456.0,1,"Spencer Savings Bank, SLA",0,28.0,30076,0,NJ,0,30076
45822,FDIC,DIF,NM,Ohio,174186.0,0,Mercer Savings Bank,0,7.0,30084,0,OH,0,30084
08094,FDIC,DIF,SI,New Jersey,113193.0,1,Monroe Savings Bank,0,2.0,30103,0,NJ,0,30103
29678,OCC,DIF,SB,South Carolina,664716.0,0,Oconee Federal Savings and Loan Association,704769,8.0,30111,0,SC,0,30111
16601,FDIC,DIF,SI,Pennsylvania,663076.0,0,Reliance Savings Bank,0,9.0,30117,0,PA,0,30117
16601,FDIC,DIF,SI,Pennsylvania,242902.0,1,PennCrest Bank,0,8.0,30119,0,PA,0,30119
16602,FDIC,DIF,SI,Pennsylvania,105992.0,1,Investment Savings Bank,0,2.0,30121,0,PA,0,30121
47601,FDIC,DIF,SI,Indiana,69483.0,1,Boonville Federal Savings Bank,0,1.0,30128,0,IN,0,30128
66048,OCC,DIF,SB,Kansas,188470.0,1,Citizens Federal Savings Bank,704846,3.0,30150,0,KS,0,30150
60953,FDIC,DIF,SI,Illinois,27361.0,1,Milford Building and Loan Association,0,1.0,30152,0,IL,0,30152
15143,FDIC,DIF,SI,Pennsylvania,319972.0,1,Sewickley Savings Bank,0,3.0,30154,0,PA,0,30154
19040,OCC,DIF,SB,Pennsylvania,590545.0,1,"Hatboro Federal Savings, FA",704859,4.0,30155,0,PA,0,30155
35055,OCC,DIF,SB,Alabama,459644.0,0,Cullman Savings Bank,704877,5.0,30167,0,AL,0,30167
80815,FED,DIF,SM,Colorado,460523.0,0,High Plains Bank,0,6.0,3017,1,CO,0,3017
45895,FDIC,DIF,NM,Ohio,43355.0,1,Home Savings Bank of Wapakoneta,0,1.0,30176,0,OH,0,30176
80728,OCC,DIF,N,Colorado,30825.0,0,The First National Bank of Fleming,11571,1.0,3018,0,CO,0,3018
59601,FED,DIF,SM,Montana,2089318.0,0,Opportunity Bank of Montana,0,30.0,30182,0,MT,0,30182
08332,FDIC,DIF,SI,New Jersey,168009.0,1,Millville Savings Bank,0,2.0,30183,0,NJ,0,30183
81226,FDIC,DIF,NM,Colorado,124211.0,0,Rocky Mountain Bank & Trust,0,2.0,3019,0,CO,0,3019
44240,FDIC,DIF,NM,Ohio,249716.0,0,Hometown Bank,0,5.0,30219,0,OH,0,30219
62233,OCC,DIF,N,Illinois,120068.0,0,Chester National Bank,23158,3.0,30220,0,IL,0,30220
11379,FDIC,DIF,SI,New York,538165.0,1,Cross County Savings Bank,0,6.0,30260,0,NY,0,30260
70427,FDIC,DIF,SI,Louisiana,326363.0,1,Citizens Savings Bank,0,5.0,30270,0,LA,0,30270
79339,FDIC,DIF,SI,Texas,68168.0,0,"First Federal Bank Littlefield, Texas",0,1.0,30291,0,TX,0,30291
42653,FDIC,DIF,NM,Kentucky,459477.0,0,United Cumberland Bank,0,7.0,303,1,KY,0,303
11378,OCC,DIF,SB,New York,2227906.0,1,Maspeth Federal Savings and Loan Association,705138,8.0,30303,0,NY,0,30303
80550,FDIC,DIF,NM,Colorado,855903.0,0,Points West Community Bank,0,21.0,3031,1,CO,0,3031
54130,FDIC,DIF,SI,Wisconsin,262951.0,0,East Wisconsin Savings Bank,0,4.0,30313,0,WI,0,30313
28092,OCC,DIF,SB,North Carolina,478394.0,1,First Federal Savings Bank of Lincolnton,705153,4.0,30315,0,NC,0,30315
70510,FDIC,DIF,SI,Louisiana,66243.0,1,Abbeville Building & Loan (A State-Chartered Savings Bank),0,1.0,30332,0,LA,0,30332
70634,OCC,DIF,SB,Louisiana,103636.0,0,Beauregard Federal Savings Bank,705195,2.0,30339,1,LA,0,30339
81054,OCC,DIF,N,Colorado,626989.0,0,First National Bank Colorado,6030,7.0,3034,1,CO,0,3034
05201,OCC,DIF,SB,Vermont,650111.0,0,The Bank of Bennington,705214,5.0,30350,0,VT,0,30350
61364,FDIC,DIF,SI,Illinois,136999.0,1,Streator Home Savings Bank,0,1.0,30357,0,IL,0,30357
27302,OCC,DIF,SB,North Carolina,55588.0,1,First Savings and Loan Association,705224,1.0,30358,0,NC,0,30358
08243,FDIC,DIF,SI,New Jersey,302255.0,0,1st Bank of Sea Isle City,0,3.0,30367,0,NJ,0,30367
00909,FDIC,DIF,NM,Puerto Rico,19070727.0,0,FirstBank Puerto Rico,0,11.0,30387,0,PR,0,30387
81230,FDIC,DIF,SL,Colorado,102789.0,1,Gunnison Savings and Loan Association,0,1.0,30388,0,CO,0,30388
10027,OCC,DIF,SB,New York,676450.0,0,Carver Federal Savings Bank,705273,7.0,30394,0,NY,0,30394
68450,OCC,DIF,SB,Nebraska,53441.0,1,Tecumseh Federal Bank,705275,1.0,30395,0,NE,0,30395
13219,OCC,DIF,SB,New York,669477.0,1,Geddes Federal Savings and Loan Association,705278,1.0,30397,0,NY,0,30397
42031,FDIC,DIF,NM,Kentucky,71459.0,0,Clinton Bank,0,1.0,304,0,KY,0,304
18902,FDIC,DIF,SI,Pennsylvania,3019439.0,0,Penn Community Bank,0,22.0,30401,0,PA,0,30401
08098,FDIC,DIF,SI,New Jersey,337448.0,1,Franklin Bank,0,8.0,30402,0,NJ,0,30402
53186,OCC,DIF,SB,Wisconsin,278732.0,0,First Federal Bank of Wisconsin,705313,7.0,30422,0,WI,0,30422
08360,FDIC,DIF,SI,New Jersey,640681.0,0,Century Savings Bank,0,6.0,30428,0,NJ,0,30428
13662,OCC,DIF,SB,New York,200570.0,1,Massena Savings and Loan,705323,2.0,30429,0,NY,0,30429
15237,FDIC,DIF,SI,Pennsylvania,434836.0,0,SSB Bank,0,3.0,30431,0,PA,0,30431
28655,FDIC,DIF,SI,North Carolina,109151.0,1,"Morganton Savings Bank, S.S.B.",0,1.0,30434,0,NC,0,30434
70601,OCC,DIF,SL,Louisiana,1175492.0,0,First Federal Bank of Louisiana,705339,16.0,30441,0,LA,0,30441
70578,FDIC,DIF,SL,Louisiana,51468.0,1,Rayne Building and Loan Association,0,1.0,30447,0,LA,0,30447
08736,FDIC,DIF,SI,New Jersey,3459562.0,0,Manasquan Bank,0,15.0,30470,0,NJ,0,30470
54487,FDIC,DIF,SI,Wisconsin,215458.0,0,Crossbridge Community Bank,0,2.0,30516,0,WI,0,30516
14048,FDIC,DIF,NM,New York,721509.0,0,Lake Shore Bank,0,11.0,30530,0,NY,0,30530
16501,FDIC,DIF,SI,Pennsylvania,1410572.0,0,Marquette Savings Bank,0,11.0,30544,0,PA,0,30544
15650,OCC,DIF,SB,Pennsylvania,168438.0,1,Westmoreland Federal Savings and Loan Association,705537,1.0,30551,0,PA,0,30551
53050,FDIC,DIF,SI,Wisconsin,77774.0,1,Mayville Savings Bank,0,1.0,30585,0,WI,0,30585
63401,FED,DIF,SM,Missouri,187866.0,0,F&M Bank and Trust Company,0,3.0,30595,0,MO,0,30595
70791,FDIC,DIF,NM,Louisiana,422161.0,0,Bank of Zachary,0,5.0,306,0,LA,0,306
29620,FDIC,DIF,SI,South Carolina,137645.0,1,"Abbeville First Bank, SSB",0,2.0,30619,0,SC,0,30619
80758,OCC,DIF,N,Colorado,252579.0,0,First Pioneer National Bank,8752,2.0,3063,0,CO,0,3063
16125,FDIC,DIF,SI,Pennsylvania,342060.0,1,Greenville Savings Bank,0,3.0,30637,0,PA,0,30637
62278,FDIC,DIF,SI,Illinois,63039.0,1,North County Savings Bank,0,3.0,30656,0,IL,0,30656
79601,FED,DIF,SM,Texas,15317679.0,0,First Financial Bank,0,83.0,3066,0,TX,0,3066
76430,OCC,DIF,N,Texas,1016278.0,0,"Clear Fork Bank, National Association",3248,6.0,3067,1,TX,0,3067
21801,OCC,DIF,SB,Maryland,361581.0,1,First Shore Federal Savings and Loan Association,705740,7.0,30680,0,MD,0,30680
45040,FDIC,DIF,NM,Ohio,101584.0,1,Peoples First Savings Bank,0,2.0,30688,0,OH,0,30688
96910,FDIC,DIF,NM,Guam,187470.0,0,"BankPacific, Ltd",0,0.0,30692,0,GU,0,30692
70722,FDIC,DIF,NM,Louisiana,233304.0,0,Landmark Bank,0,5.0,307,0,LA,0,307
08901,FDIC,DIF,SI,New Jersey,1067519.0,0,Magyar Bank,0,7.0,30704,0,NJ,0,30704
80751,FDIC,DIF,SL,Colorado,171960.0,0,Equitable Savings and Loan Association,0,10.0,30707,0,CO,0,30707
91792,OCC,DIF,SB,California,373408.0,0,Universal Bank,705801,5.0,30722,0,CA,0,30722
77830,OCC,DIF,N,Texas,223921.0,0,The First National Bank of Anderson,7337,2.0,3075,0,TX,0,3075
57108,OCC,DIF,N,South Dakota,7113101.0,0,"Pathward, National Association",25195,1.0,30776,0,SD,0,30776
79501,OCC,DIF,N,Texas,112634.0,0,The First National Bank of Anson,6091,1.0,3078,1,TX,0,3078
59901,FDIC,DIF,NM,Montana,31717351.0,0,Glacier Bank,0,264.0,30788,0,MT,0,30788
79502,OCC,DIF,N,Texas,136438.0,0,The First National Bank of Aspermont,5786,1.0,3079,1,TX,0,3079
39567,OCC,DIF,SB,Mississippi,377630.0,1,First Federal Savings and Loan Association,705957,6.0,30812,0,MS,0,30812
62881,FDIC,DIF,SI,Illinois,293825.0,1,Community Partners Savings Bank,0,6.0,30819,0,IL,0,30819
76821,OCC,DIF,N,Texas,275940.0,0,The First National Bank of Ballinger,3533,3.0,3087,1,TX,0,3087
04609,FDIC,DIF,SL,Maine,101589.0,1,Bar Harbor Savings and Loan Association,0,1.0,30878,0,ME,0,30878
92506,OCC,DIF,SB,California,1217531.0,0,"Provident Savings Bank, F.S.B.",706051,14.0,30879,0,CA,0,30879
43357,FDIC,DIF,SL,Ohio,110671.0,1,The Peoples Savings and Loan Company,0,2.0,30889,0,OH,0,30889
67202,OCC,DIF,N,Kansas,3345441.0,0,"Fidelity Bank, National Association",25188,16.0,30895,0,KS,0,30895
78602,OCC,DIF,N,Texas,1099263.0,0,The First National Bank of Bastrop,4093,6.0,3091,0,TX,0,3091
56482,OCC,DIF,N,Minnesota,116854.0,0,Mid-Central National Bank,25227,3.0,30943,0,MN,0,30943
95667,OCC,DIF,SB,California,2472114.0,0,"El Dorado Savings Bank, F.S.B.",706164,35.0,30953,0,CA,0,30953
62258,FED,DIF,SM,Illinois,202890.0,1,First FSB of Mascoutah,0,3.0,30969,0,IL,0,30969
13642,FDIC,DIF,SL,New York,198537.0,0,Gouverneur Savings and Loan Association,0,4.0,30976,0,NY,0,30976
75414,FED,DIF,SM,Texas,228894.0,0,Cendera Bank,0,3.0,3098,0,TX,0,3098
29706,FDIC,DIF,SL,South Carolina,150344.0,1,Spratt Savings Bank,0,2.0,30987,0,SC,0,30987
08618,OCC,DIF,SB,New Jersey,864520.0,0,Cenlar FSB,706230,1.0,30996,0,NJ,0,30996
55315,FDIC,DIF,NM,Minnesota,673088.0,0,HomeTown  Bank,0,11.0,31028,0,MN,0,31028
79720,OCC,DIF,N,Texas,615649.0,0,The State National Bank of Big Spring,12543,3.0,3103,1,TX,0,3103
79070,FDIC,DIF,NM,Texas,292302.0,0,Interstate Bank,0,2.0,31043,1,TX,0,31043
28334,OCC,DIF,SB,North Carolina,272074.0,0,First Federal Bank,706343,7.0,31077,0,NC,0,31077
76230,OCC,DIF,N,Texas,1247150.0,0,"Legend Bank, N.A.",4265,15.0,3108,1,TX,0,3108
21084,OCC,DIF,SL,Maryland,165246.0,0,Jarrettsville Federal Savings and Loan Association,706351,1.0,31083,0,MD,0,31083
29671,OCC,DIF,SB,South Carolina,135963.0,0,"Pickens Savings and Loan Association, FA",706359,2.0,31089,0,SC,0,31089
76825,OCC,DIF,N,Texas,161483.0,0,The Brady National Bank,7827,1.0,3109,1,TX,0,3109
40361,OCC,DIF,SB,Kentucky,57815.0,0,Blue Grass Federal Savings and Loan Association,706361,1.0,31090,0,KY,0,31090
76825,OCC,DIF,N,Texas,397152.0,0,The Commercial National Bank of Brady,8573,5.0,3110,0,TX,0,3110
29801,FDIC,DIF,NM,South Carolina,1562169.0,0,Security Federal Bank,0,19.0,31100,0,SC,0,31100
35406,OCC,DIF,SB,Alabama,178746.0,0,"First Federal Bank, A FSB",706432,3.0,31127,1,AL,0,31127
77833,OCC,DIF,N,Texas,505644.0,0,The Brenham National Bank,13678,4.0,3113,1,TX,0,3113
37110,FDIC,DIF,NM,Tennessee,378520.0,0,Security Federal Savings Bank of McMinnville,0,3.0,31146,0,TN,0,31146
39429,FDIC,DIF,NM,Mississippi,309019.0,0,First Southern Bank,0,6.0,31158,1,MS,0,31158
18411,OCC,DIF,SB,Pennsylvania,358923.0,1,Citizens Savings Bank,706503,6.0,31184,0,PA,0,31184
10462,OCC,DIF,N,New York,3289470.0,0,"Ponce Bank, National Association",706509,13.0,31189,0,NY,0,31189
41701,OCC,DIF,SB,Kentucky,87158.0,0,First Federal Savings and Loan Association,706517,1.0,31197,0,KY,0,31197
37743,OCC,DIF,SB,Tennessee,205587.0,1,"Greeneville Federal Bank, FSB",706518,3.0,31198,0,TN,0,31198
76354,FDIC,DIF,NM,Texas,689430.0,0,First Bank,0,9.0,3121,1,TX,0,3121
28694,FED,DIF,SM,North Carolina,502996.0,0,LifeStore Bank,0,4.0,31217,0,NC,0,31217
47112,FDIC,DIF,NM,Indiana,1281783.0,0,First Harrison Bank,0,17.0,31223,0,IN,0,31223
38555,OCC,DIF,SB,Tennessee,78805.0,1,Highland Federal Savings and Loan Association,706581,2.0,31232,0,TN,0,31232
40965,FDIC,DIF,NM,Kentucky,591133.0,0,Hearthside Bank Corporation,0,8.0,31236,0,KY,0,31236
76520,OCC,DIF,N,Texas,666463.0,0,"Classic Bank, National Association",13731,7.0,3126,1,TX,0,3126
28779,FDIC,DIF,SI,North Carolina,31181.0,1,"Jackson Savings Bank, SSB",0,1.0,31266,0,NC,0,31266
21224,OCC,DIF,SB,Maryland,65563.0,1,Homewood Federal Savings Bank,706639,1.0,31267,0,MD,0,31267
76520,OCC,DIF,N,Texas,668018.0,0,Citizens National Bank,5484,12.0,3127,0,TX,0,3127
38351,FED,DIF,SM,Tennessee,361445.0,0,Community Bank,0,4.0,31272,0,TN,0,31272
32055,OCC,DIF,SB,Florida,4382686.0,0,First Federal Bank,706707,30.0,31313,0,FL,0,31313
65775,FDIC,DIF,SL,Missouri,98911.0,1,West Plains Savings and Loan Association,0,1.0,31329,0,MO,0,31329
75423,FDIC,DIF,NM,Texas,83716.0,0,The First Bank of Celeste,0,1.0,3133,1,TX,0,3133
27944,FDIC,DIF,SI,North Carolina,20416.0,1,"Hertford Savings Bank, SSB",0,1.0,31345,0,NC,0,31345
76102,OCC,DIF,SL,Texas,527923.0,0,"Colonial Savings, F.A.",706809,7.0,31361,1,TX,0,31361
32751,OCC,DIF,N,Florida,774271.0,0,"Axiom Bank, National Association",25139,7.0,31390,0,FL,0,31390
71261,FDIC,DIF,NM,Louisiana,49577.0,0,The Mer Rouge State Bank,0,1.0,314,0,LA,0,314
79110,FDIC,DIF,NM,Texas,303986.0,0,Citizens Bank,0,4.0,3140,1,TX,0,3140
94901,OCC,DIF,SB,California,219992.0,1,First Federal Savings and Loan Association of San Rafael,706896,4.0,31406,0,CA,0,31406
40351,OCC,DIF,SB,Kentucky,40842.0,1,First Federal Savings and Loan Association,706902,1.0,31409,0,KY,0,31409
29488,FDIC,DIF,SL,South Carolina,153066.0,0,"1st Federal Savings Bank of SC, Inc.",0,2.0,31410,0,SC,0,31410
79512,OCC,DIF,N,Texas,444315.0,0,The City National Bank of Colorado City,5276,4.0,3144,0,TX,0,3144
19438,FDIC,DIF,SI,Pennsylvania,958052.0,0,Harleysville Bank,0,7.0,31461,0,PA,0,31461
00918,FDIC,DIF,NM,Puerto Rico,11965833.0,0,Oriental Bank,0,1.0,31469,0,PR,0,31469
68801,FED,DIF,SM,Nebraska,517221.0,0,Equitable Bank,0,6.0,31485,0,NE,0,31485
65560,FED,DIF,SM,Missouri,188235.0,0,Progressive Ozark Bank,0,6.0,31488,1,MO,0,31488
75432,OCC,DIF,N,Texas,58164.0,0,The First National Bank in Cooper,13046,1.0,3149,0,TX,0,3149
46975,OCC,DIF,SB,Indiana,690336.0,0,First Federal Savings Bank,707101,6.0,31516,0,IN,0,31516
45177,FDIC,DIF,NM,Ohio,265141.0,1,The Wilmington Savings Bank,0,2.0,31539,0,OH,0,31539
38372,FDIC,DIF,NM,Tennessee,164253.0,0,Central Bank,0,3.0,31545,0,TN,0,31545
79322,OCC,DIF,N,Texas,77857.0,0,Citizens National Bank of Crosbyton,8515,1.0,3158,1,TX,0,3158
75638,OCC,DIF,N,Texas,943826.0,0,Texas Heritage National Bank,4701,6.0,3161,1,TX,0,3161
91101,FED,DIF,SM,California,82474471.0,0,East West Bank,0,97.0,31628,0,CA,0,31628
37354,FDIC,DIF,SI,Tennessee,396158.0,1,Volunteer Federal Savings Bank,0,6.0,31694,0,TN,0,31694
76444,FDIC,DIF,NM,Texas,255908.0,0,Farmers and Merchants Bank,0,7.0,3170,0,TX,0,3170
72455,FDIC,DIF,NM,Arkansas,164754.0,0,RiverBank,0,4.0,31711,0,AR,0,31711
41016,OCC,DIF,SB,Kentucky,27191.0,1,"Home Savings Bank, FSB",707384,1.0,31723,0,KY,0,31723
78501,FDIC,DIF,NM,Texas,180886.0,0,Greater State Bank,0,6.0,31762,0,TX,0,31762
29003,FDIC,DIF,SL,South Carolina,39553.0,1,Home Federal Savings and Loan Association,707450,1.0,31774,0,SC,0,31774
77434,OCC,DIF,N,Texas,170691.0,0,The First National Bank of Eagle Lake,7534,3.0,3179,1,TX,0,3179
74136,FED,DIF,SM,Oklahoma,1010629.0,0,MapleMark Bank,0,2.0,3182,0,OK,0,3182
33165,OCC,DIF,SB,Florida,335839.0,0,"Interamerican Bank, A FSB",707506,5.0,31823,0,FL,0,31823
77437,OCC,DIF,N,Texas,955986.0,0,NewFirst National Bank,6112,9.0,3183,1,TX,0,3183
76936,OCC,DIF,N,Texas,119895.0,0,"Lone Oak Bank, National Association",8575,2.0,3184,1,TX,0,3184
38120,FED,DIF,SM,Tennessee,1119899.0,0,Financial Federal Bank,0,1.0,31840,1,TN,0,31840
39402,OCC,DIF,SB,Mississippi,276336.0,0,"Grand Bank for Savings, FSB",707547,1.0,31864,1,MS,0,31864
76525,OCC,DIF,N,Texas,192983.0,0,The First National Bank of Evant,12739,3.0,3190,1,TX,0,3190
29651,FDIC,DIF,SI,South Carolina,188370.0,0,CBL State Savings Bank,0,2.0,31900,0,SC,0,31900
75686,FDIC,DIF,SI,Texas,231905.0,0,"Cypress Bank, SSB",0,5.0,31905,0,TX,0,31905
24641,FED,DIF,SM,Virginia,412742.0,0,First Sentinel Bank,0,9.0,31928,0,VA,0,31928
78113,OCC,DIF,N,Texas,598089.0,0,The Falls City National Bank,8606,3.0,3193,0,TX,0,3193
78945,FDIC,DIF,SI,Texas,533102.0,0,"Fayette Savings Bank, SSB",0,5.0,31936,1,TX,0,31936
12302,OCC,DIF,SB,New York,6507414.0,0,TrustCo Bank,707635,134.0,31945,0,NY,0,31945
79235,OCC,DIF,N,Texas,198033.0,0,First Texas National Bank,7045,2.0,3197,1,TX,0,3197
57701,OCC,DIF,SB,South Dakota,65524.0,0,First Western Federal Savings Bank,707674,1.0,31972,1,SD,0,31972
15909,OCC,DIF,SB,Pennsylvania,180992.0,1,Slovenian Savings and Loan Association of Franklin-Conemaugh,707703,5.0,31994,0,PA,0,31994
68748,FED,DIF,SM,Nebraska,603614.0,0,Madison County Bank,0,6.0,31999,0,NE,0,31999
75901,FDIC,DIF,SI,Texas,84762.0,0,"Angelina Savings Bank, SSB",0,1.0,32018,0,TX,0,32018
72764,FED,DIF,SM,Arkansas,319452.0,0,United Bank,0,5.0,32025,1,AR,0,32025
77057,OCC,DIF,N,Texas,722189.0,0,"Texas Gulf Bank, National Association",10420,9.0,3206,1,TX,0,3206
56308,OCC,DIF,N,Minnesota,312925.0,0,"VIKING BANK, NATIONAL ASSOCIATION",25210,3.0,32082,1,MN,0,32082
74344,FDIC,DIF,NM,Oklahoma,1029895.0,0,Grand Savings Bank,0,15.0,32084,0,OK,0,32084
77550,OCC,DIF,N,Texas,1507059.0,0,The Moody National Bank,8899,14.0,3210,0,TX,0,3210
75935,FDIC,DIF,SI,Texas,455240.0,0,"Shelby Savings Bank, SSB",0,6.0,32135,1,TX,0,32135
78942,OCC,DIF,N,Texas,356696.0,0,First National Bank of Giddings,4410,2.0,3217,0,TX,0,3217
75644,OCC,DIF,N,Texas,602014.0,0,The First National Bank of East Texas,5288,12.0,3218,1,TX,0,3218
85085,OCC,DIF,SB,Arizona,109670000.0,0,USAA Federal Savings Bank,707975,2.0,32188,0,AZ,0,32188
75644,OCC,DIF,N,Texas,376055.0,0,"Gilmer National Bank, Gilmer, Texas",5741,2.0,3219,0,TX,0,3219
95403,FDIC,DIF,NM,California,995922.0,0,Summit State Bank,0,5.0,32203,0,CA,0,32203
45177,OCC,DIF,SB,Ohio,1123388.0,0,"Liberty Savings Bank, F.S.B.",708039,6.0,32242,1,OH,0,32242
15222,OCC,DIF,SB,Pennsylvania,12480067.0,0,"Dollar Bank, Federal Savings Bank",708043,91.0,32245,0,PA,0,32245
76067,OCC,DIF,N,Texas,890741.0,0,"Titan Bank, N.A.",12437,2.0,3225,1,TX,0,3225
10013,OCC,DIF,SB,New York,319256.0,0,Abacus Federal Savings Bank,708059,5.0,32257,0,NY,0,32257
76450,FED,DIF,SM,Texas,969580.0,0,Ciera Bank,0,8.0,3226,1,TX,0,3226
90012,FDIC,DIF,NM,California,124212.0,0,Eastern International Bank,0,2.0,32277,0,CA,0,32277
76048,OCC,DIF,N,Texas,944535.0,0,The First National Bank of Granbury,3727,8.0,3228,0,TX,0,3228
90274,OCC,DIF,SB,California,1442083.0,0,Malaga Bank F.S.B.,708089,5.0,32282,0,CA,0,32282
45106,FDIC,DIF,NM,Ohio,111074.0,1,Community Savings Bank,0,2.0,32286,0,OH,0,32286
43793,FDIC,DIF,NM,Ohio,121834.0,0,Woodsfield Savings Bank,0,3.0,32292,0,OH,0,32292
45041,FDIC,DIF,NM,Ohio,131984.0,1,Miami Savings Bank,0,3.0,32293,0,OH,0,32293
45249,FDIC,DIF,SL,Ohio,4010571.0,0,Union Savings Bank,0,39.0,32296,1,OH,0,32296
76050,FDIC,DIF,NM,Texas,703342.0,0,Grandview Bank,0,7.0,3230,0,TX,0,3230
44833,FDIC,DIF,NM,Ohio,79489.0,1,Galion Building and Loan Bank,0,2.0,32307,0,OH,0,32307
76530,OCC,DIF,N,Texas,50327.0,0,The Granger National Bank,11642,1.0,3232,0,TX,0,3232
28681,FDIC,DIF,SI,North Carolina,222177.0,1,"Taylorsville Savings Bank, SSB",0,3.0,32348,0,NC,0,32348
21031,OCC,DIF,SB,Maryland,354023.0,0,"Eastern Savings Bank, FSB",708183,3.0,32360,1,MD,0,32360
20814,OCC,DIF,SB,Maryland,1022009.0,0,"Presidential Bank, FSB",708186,11.0,32363,0,MD,0,32363
79039,OCC,DIF,N,Texas,60856.0,0,State National Bank,12742,1.0,3237,0,TX,0,3237
39429,FDIC,DIF,NM,Mississippi,486204.0,0,Citizens Bank,0,8.0,324,1,MS,0,324
43318,OCC,DIF,N,Ohio,520627.0,0,"United Midwest Savings Bank, National Association",25160,6.0,32441,0,OH,0,32441
71418,OCC,DIF,SB,Louisiana,643229.0,0,Homeland Federal Savings Bank,708286,5.0,32459,1,LA,0,32459
78361,OCC,DIF,N,Texas,99323.0,0,The First National Bank of Hebbronville,12995,1.0,3248,1,TX,0,3248
75652,OCC,DIF,N,Texas,4530899.0,0,"VeraBank, National Association",13443,42.0,3250,0,TX,0,3250
96817,OCC,DIF,N,Hawaii,9042709.0,0,"American Savings Bank, National Association",708384,35.0,32526,0,HI,0,32526
21219,FDIC,DIF,NM,Maryland,901609.0,0,BayVanguard Bank,0,12.0,32527,0,MD,0,32527
30427,FDIC,DIF,NM,Georgia,262487.0,0,South Georgia Bank,0,5.0,32532,1,GA,0,32532
11801,OCC,DIF,N,New York,87128815.0,0,"Flagstar Bank, National Association",25282,345.0,32541,0,NY,0,32541
76645,OCC,DIF,N,Texas,226082.0,0,The Citizens National Bank of Hillsboro,4900,2.0,3255,1,TX,0,3255
84043,OCC,DIF,N,Utah,11845708.0,0,"Happen Bank, National Association",25228,3.0,32551,0,UT,0,32551
78701,FDIC,DIF,SI,Texas,2435028.0,0,"Horizon Bank, SSB",0,6.0,3256,0,TX,0,3256
75024,FDIC,DIF,NM,Texas,3168602.0,0,Monet Bank,0,6.0,32574,0,TX,0,32574
45133,OCC,DIF,N,Ohio,4147953.0,0,"NATIONAL COOPERATIVE BANK, N.A.",25093,1.0,32612,0,OH,0,32612
57004,OCC,DIF,SB,South Dakota,1588238.0,0,First Savings Bank,708547,24.0,32629,0,SD,0,32629
51301,FDIC,DIF,NM,Iowa,2965709.0,0,Northwest Bank,0,23.0,32647,0,IA,0,32647
75656,OCC,DIF,N,Texas,321576.0,0,The First National Bank of Hughes Springs,6922,17.0,3268,1,TX,0,3268
77340,OCC,DIF,N,Texas,586659.0,0,First National Bank of Huntsville,4208,5.0,3269,0,TX,0,3269
39154,FDIC,DIF,NM,Mississippi,207215.0,0,Merchants and Planters Bank,0,6.0,327,0,MS,0,327
33131,FDIC,DIF,NM,Florida,1163513.0,0,Helm Bank USA,0,2.0,32718,0,FL,0,32718
76458,OCC,DIF,N,Texas,291491.0,0,The Jacksboro National Bank,7814,2.0,3275,1,TX,0,3275
75766,OCC,DIF,N,Texas,3267608.0,0,"Austin Bank, Texas National Association",5581,39.0,3276,0,TX,0,3276
02110,FDIC,DIF,NM,Massachusetts,30620358.0,0,Eastern Bank,0,144.0,32773,0,MA,0,32773
94947,FDIC,DIF,NM,California,3913468.0,0,Bank of Marin,0,29.0,32779,0,CA,0,32779
78118,OCC,DIF,N,Texas,579700.0,0,The Karnes County National Bank of Karnes City,5614,3.0,3279,0,TX,0,3279
76541,OCC,DIF,N,Texas,4679568.0,0,First National Bank Texas,5750,358.0,3285,1,TX,0,3285
78363,OCC,DIF,N,Texas,743443.0,0,"Kleberg  Bank, N.A.",12968,4.0,3286,0,TX,0,3286
78945,OCC,DIF,N,Texas,245569.0,0,National Bank & Trust,3906,2.0,3289,1,TX,0,3289
92780,FDIC,DIF,NM,California,86207.0,0,Tustin Community Bank,0,1.0,32908,1,CA,0,32908
40509,FED,DIF,SM,Kentucky,1931310.0,0,Whitaker Bank,0,46.0,32912,0,KY,0,32912
79331,OCC,DIF,N,Texas,441327.0,0,The Lamesa National Bank,13111,1.0,3292,1,TX,0,3292
76550,FDIC,DIF,NM,Texas,248881.0,0,First Texas Bank,0,2.0,3293,0,TX,0,3293
79901,FED,DIF,SM,Texas,3174990.0,0,WestStar Bank,0,14.0,32941,1,TX,0,32941
35801,FDIC,DIF,NM,Alabama,87960.0,0,Bank47,0,2.0,32968,0,AL,0,32968
70130,FDIC,DIF,NM,Louisiana,3714223.0,0,Gulf Coast Bank and Trust Company,0,38.0,32974,0,LA,0,32974
84111,OCC,DIF,N,Utah,391305000.0,0,"Morgan Stanley Bank, National Association",24908,1.0,32992,0,UT,0,32992
62234,FDIC,DIF,NM,Illinois,2607581.0,0,FCB Banks,0,20.0,33005,1,IL,0,33005
19971,FDIC,DIF,NM,Delaware,684818.0,0,County Bank,0,7.0,33009,0,DE,0,33009
77575,FED,DIF,SM,Texas,890047.0,0,First Liberty Bank,0,11.0,3301,0,TX,0,3301
31822,FDIC,DIF,NM,Georgia,417942.0,0,First Peoples Bank,0,6.0,33010,0,GA,0,33010
91776,OCC,DIF,N,California,57005.0,0,Asian Pacific National Bank,23006,1.0,33013,1,CA,0,33013
75563,OCC,DIF,N,Texas,352752.0,0,"Texana Bank, National Association",10476,7.0,3302,0,TX,0,3302
32720,FDIC,DIF,NM,Florida,222858.0,0,Surety Bank,0,3.0,33026,1,FL,0,33026
76462,OCC,DIF,N,Texas,26714.0,0,The First National Bank of Lipan,10598,1.0,3303,0,TX,0,3303
77351,OCC,DIF,N,Texas,468688.0,0,The First National Bank of Livingston,6169,3.0,3305,1,TX,0,3305
94607,OCC,DIF,SB,California,286530.0,0,"Gateway Bank, F.S.B.",708857,3.0,33103,0,CA,0,33103
80111,OCC,DIF,SB,Colorado,2577832.0,0,Colorado Federal Savings Bank,708876,1.0,33111,0,CO,0,33111
41005,FDIC,DIF,NM,Kentucky,2004124.0,0,"Heritage Bank, Inc.",0,19.0,33119,0,KY,0,33119
10282,FED,DIF,SM,New York,751776000.0,0,Goldman Sachs Bank USA,0,5.0,33124,0,NY,0,33124
56031,OCC,DIF,N,Minnesota,141184.0,0,First Farmers & Merchants National Bank,22351,2.0,33131,0,MN,0,33131
17701,FED,DIF,SM,Pennsylvania,633421.0,0,Woodlands Bank,0,8.0,33136,0,PA,0,33136
98499,FDIC,DIF,NM,Washington,42384.0,0,Sound Banking Company,0,1.0,33183,1,WA,0,33183
10016,FDIC,DIF,NM,New York,1972804.0,0,Shinhan Bank America,0,14.0,33188,0,NY,0,33188
79843,OCC,DIF,N,Texas,166149.0,0,"Big Bend Banks, N.A.",8674,2.0,3320,1,TX,0,3320
55033,FDIC,DIF,NM,Minnesota,699230.0,0,Premier Bank Minnesota,0,12.0,33204,1,MN,0,33204
99503,FDIC,DIF,NM,Alaska,3336853.0,0,Northrim Bank,0,20.0,33216,0,AK,0,33216
76710,OCC,DIF,N,Texas,1697242.0,0,First National Bank of Central Texas,5850,7.0,3325,1,TX,0,3325
76856,FED,DIF,SM,Texas,151267.0,0,Mason Bank,0,1.0,3327,1,TX,0,3327
76657,OCC,DIF,N,Texas,1047468.0,0,The First National Bank of McGregor,4076,6.0,3330,0,TX,0,3330
60603,FED,DIF,SM,Illinois,65130106.0,0,CIBC Bank USA,0,20.0,33306,0,IL,0,33306
79245,FDIC,DIF,NM,Texas,146286.0,0,Bank19,0,3.0,3335,1,TX,0,3335
76859,FED,DIF,SM,Texas,89390.0,0,Menard  Bank,0,1.0,3336,1,TX,0,3336
78570,OCC,DIF,N,Texas,1172965.0,0,Texas National Bank,11879,13.0,3337,0,TX,0,3337
68154,FED,DIF,SM,Nebraska,595682.0,0,Enterprise Bank,0,4.0,33380,0,NE,0,33380
76941,OCC,DIF,N,Texas,504922.0,0,The First National Bank of Mertzon,9810,3.0,3339,0,TX,0,3339
05055,OCC,DIF,N,Vermont,1042973.0,0,Ledyard National Bank,22210,10.0,33418,0,VT,0,33418
76667,OCC,DIF,N,Texas,282454.0,0,"Incommons Bank, N.A.",12190,6.0,3342,0,TX,0,3342
68410,FDIC,DIF,NM,Nebraska,711534.0,0,Arbor Bank,0,6.0,33450,1,NE,0,33450
95361,FED,DIF,SM,California,2009991.0,0,Oak Valley Community Bank,0,20.0,33457,0,CA,0,33457
72740,FDIC,DIF,NM,Arkansas,347596.0,0,Today's Bank,0,11.0,33470,1,AR,0,33470
70002,FDIC,DIF,NM,Louisiana,1006087.0,0,Crescent Bank,0,5.0,33492,0,LA,0,33492
76262,FED,DIF,SM,Texas,27441000.0,0,"Charles Schwab Premier Bank, SSB",0,1.0,33497,0,TX,0,33497
08809,FDIC,DIF,NM,New Jersey,3016164.0,0,Unity Bank,0,22.0,33503,0,NJ,0,33503
31533,OCC,DIF,N,Georgia,551563.0,0,First National Bank of Coffee County,22327,5.0,33506,1,GA,0,33506
76557,OCC,DIF,N,Texas,53106.0,0,The First National Bank of Moody,5774,2.0,3351,1,TX,0,3351
90017,FDIC,DIF,NM,California,7655086.0,0,Preferred Bank,0,16.0,33539,0,CA,0,33539
50036,FDIC,DIF,NM,Iowa,173919.0,0,Boone Bank & Trust Co.,0,2.0,33552,0,IA,0,33552
33880,OCC,DIF,N,Florida,67870584.0,0,"SouthState Bank, National Association",22311,372.0,33555,0,FL,0,33555
33009,OCC,DIF,N,Florida,340637.0,0,"Desjardins Bank, National Association",23852,2.0,33565,0,FL,0,33565
19122,FDIC,DIF,NM,Pennsylvania,49793.0,0,United Bank of Philadelphia,0,2.0,33568,0,PA,0,33568
01238,FDIC,DIF,SI,Massachusetts,578531.0,0,Lee Bank,0,5.0,33645,0,MA,0,33645
10022,OCC,DIF,OI,New York,3791183.0,0,The Bank of East Asia Ltd.,80097,1.0,33646,0,NY,0,33646
10017,FDIC,DIF,OI,New York,7183013.0,0,Bank of India,0,1.0,33648,0,NY,0,33648
11355,OCC,DIF,OI,New York,,,Bank of China,80091,,33652,,NY,0,33652
10018,OCC,DIF,OI,New York,44448266.0,0,Bank of China,80028,1.0,33653,0,NY,0,33653
10022,OCC,DIF,OI,New York,34548.0,0,Metropolitan Bank and Trust Company,80066,1.0,33656,0,NY,0,33656
90071,FDIC,DIF,OI,California,6838922.0,0,"Mizrahi Tefahot Bank, Ltd.",0,1.0,33661,0,CA,0,33661
60603,FDIC,DIF,OI,Illinois,4426195.0,0,State Bank of India,0,1.0,33664,0,IL,0,33664
77871,FDIC,DIF,NM,Texas,173228.0,0,Normangee State Bank,0,2.0,3368,0,TX,0,3368
10016,FDIC,DIF,OI,New York,15828371.0,0,Bank of Baroda,0,1.0,33681,0,NY,0,33681
10022,FDIC,DIF,OI,New York,23463101.0,0,State Bank of India,0,1.0,33682,0,NY,0,33682
10036,FDIC,DIF,OI,New York,10608090.0,0,Bank Hapoalim B.M.,0,1.0,33686,0,NY,0,33686
60640,FDIC,DIF,NM,Illinois,986588.0,0,International Bank of Chicago,0,6.0,33708,1,IL,0,33708
37398,FDIC,DIF,NM,Tennessee,356050.0,0,Citizens Community Bank,0,4.0,33739,0,TN,0,33739
62258,FDIC,DIF,NM,Illinois,538565.0,0,Citizens Community Bank,0,4.0,33753,0,IL,0,33753
58501,FDIC,DIF,NM,North Dakota,2135629.0,0,Starion Bank,0,16.0,33758,1,ND,0,33758
76943,FDIC,DIF,NM,Texas,345802.0,0,Ozona Bank,0,7.0,3376,1,TX,0,3376
55070,FDIC,DIF,NM,Minnesota,410179.0,0,Village Bank,0,4.0,33761,1,MN,0,33761
63102,OCC,DIF,N,Missouri,926133.0,0,"Stifel Trust Company, National Association",24627,2.0,33785,0,MO,0,33785
19125,FDIC,DIF,SI,Pennsylvania,69034.0,1,Tioga-Franklin Savings Bank,0,1.0,33802,0,PA,0,33802
60187,OCC,DIF,N,Illinois,4462876.0,0,"Wheaton Bank & Trust, National Association",25203,8.0,33803,0,IL,0,33803
60126,FED,DIF,SM,Illinois,196132.0,0,Community Bank of Elmhurst,0,2.0,33805,1,IL,0,33805
54911,OCC,DIF,N,Wisconsin,434410.0,0,American National Bank - Fox Cities,22553,1.0,33812,1,WI,0,33812
72703,OCC,DIF,SB,Arkansas,150609.0,0,Priority Bank,711025,3.0,33818,1,AR,0,33818
84604,FDIC,DIF,NM,Utah,1504994.0,0,Quill Bank,0,7.0,33823,0,UT,0,33823
75460,OCC,DIF,N,Texas,450527.0,0,The Liberty National Bank in Paris,13541,2.0,3384,0,TX,0,3384
60521,OCC,DIF,N,Illinois,6503041.0,0,"Hinsdale Bank & Trust Company, National Association",25212,17.0,33849,0,IL,0,33849
38358,FDIC,DIF,NM,Tennessee,104464.0,0,The Bank of Milan,0,2.0,33851,1,TN,0,33851
44142,OCC,DIF,N,Ohio,40601.0,0,Credit First National Association,22594,1.0,33855,0,OH,0,33855
46204,OCC,DIF,N,Indiana,3128951.0,0,The National Bank of Indianapolis,22652,13.0,33860,0,IN,0,33860
52722,FED,DIF,SM,Iowa,3092675.0,0,Quad City Bank and Trust Company,0,5.0,33867,0,IA,0,33867
79109,FDIC,DIF,NM,Texas,1862376.0,0,FirstBank Southwest,0,12.0,3387,1,TX,0,3387
79070,OCC,DIF,N,Texas,204770.0,0,The Perryton National Bank,11595,1.0,3388,1,TX,0,3388
76258,FED,DIF,SM,Texas,1139913.0,0,Pointbank,0,10.0,3389,1,TX,0,3389
33716,FED,DIF,SM,Florida,45736982.0,0,Raymond James Bank,0,1.0,33893,0,FL,0,33893
57104,OCC,DIF,SB,South Dakota,344791.0,0,Frontier Bank,712117,5.0,33922,1,SD,0,33922
49720,FDIC,DIF,NM,Michigan,245318.0,0,Charlevoix State Bank,0,7.0,33926,1,MI,0,33926
06905,OCC,DIF,N,Connecticut,1180511.0,0,"Patriot Bank, National Association",22545,8.0,33928,0,CT,0,33928
60604,OCC,DIF,N,Illinois,9278678.0,0,"Wintrust Bank, National Association",25196,37.0,33935,0,IL,0,33935
19808,OCC,DIF,N,Delaware,32718396.0,0,"TD Bank USA, National Association",22611,1.0,33947,0,DE,0,33947
33020,OCC,DIF,N,Florida,291932.0,0,"Natbank, National Association",23523,4.0,33959,0,FL,0,33959
79252,FED,DIF,SM,Texas,107177.0,0,First Capital Bank,0,2.0,3399,0,TX,0,3399
39530,FDIC,DIF,NM,Mississippi,787851.0,0,"The Peoples Bank, Biloxi, Mississippi",0,18.0,340,0,MS,0,340
75034,OCC,DIF,N,Texas,518795.0,0,"Texas Republic Bank, National Association",12308,6.0,3400,0,TX,0,3400
79255,OCC,DIF,N,Texas,167945.0,0,The First National Bank of Quitaque,11706,3.0,3401,0,TX,0,3401
91746,FDIC,DIF,NM,California,1114478.0,0,EverTrust Bank,0,8.0,34010,0,CA,0,34010
60004,OCC,DIF,N,Illinois,3466631.0,0,"Village Bank and Trust, National Association",25202,8.0,34011,0,IL,0,34011
79556,OCC,DIF,N,Texas,141036.0,0,Texas National Bank,22807,2.0,34014,1,TX,0,34014
66614,FED,DIF,SM,Kansas,181191.0,0,Community Bank,0,1.0,34020,0,KS,0,34020
37830,FDIC,DIF,NM,Tennessee,310915.0,0,TNBANK,0,6.0,34023,0,TN,0,34023
60068,FDIC,DIF,NM,Illinois,730551.0,0,Time Bank,0,4.0,34038,1,IL,0,34038
80111,FED,DIF,SM,Colorado,281809.0,0,First American State Bank,0,1.0,34040,0,CO,0,34040
29072,FDIC,DIF,NM,South Carolina,2401075.0,0,First Community Bank,0,23.0,34047,0,SC,0,34047
78216,FED,DIF,SM,Texas,4934452.0,0,Vantage Bank Texas,0,23.0,3405,1,TX,0,3405
54313,FDIC,DIF,NM,Wisconsin,312693.0,0,Bay Bank,0,3.0,34052,0,WI,0,34052
07105,FDIC,DIF,SI,New Jersey,411285.0,0,Lusitania Savings Bank,0,4.0,34058,0,NJ,0,34058
31792,OCC,DIF,N,Georgia,2095241.0,0,Thomasville National Bank,22883,4.0,34068,0,GA,0,34068
19801,OCC,DIF,N,Delaware,759503.0,0,"Wilmington Trust, National Association",22859,43.0,34069,0,DE,0,34069
60048,OCC,DIF,N,Illinois,3154274.0,0,"Libertyville Bank & Trust Company, National Association",25197,8.0,34073,0,IL,0,34073
53717,FDIC,DIF,NM,Wisconsin,589397.0,0,Capitol Bank,0,3.0,34074,0,WI,0,34074
60160,FDIC,DIF,NM,Illinois,539417.0,0,Pan American Bank & Trust,0,5.0,34108,0,IL,0,34108
48104,FDIC,DIF,NM,Michigan,3329445.0,0,Bank of Ann Arbor,0,19.0,34120,0,MI,0,34120
64865,FDIC,DIF,NM,Missouri,497359.0,0,People's Bank of Seneca,0,5.0,34146,0,MO,0,34146
83110,FED,DIF,SM,Wyoming,404469.0,0,Bank of Star Valley,0,3.0,34148,1,WY,0,34148
42431,FDIC,DIF,NM,Kentucky,605623.0,0,First United Bank and Trust Company,0,7.0,34150,1,KY,0,34150
31750,FDIC,DIF,NM,Georgia,305535.0,0,Community Banking Company,0,3.0,34160,0,GA,0,34160
54902,FDIC,DIF,NM,Wisconsin,374108.0,0,West Pointe Bank,0,1.0,34162,0,WI,0,34162
55901,FDIC,DIF,NM,Minnesota,280327.0,0,Eagle Rock Bank,0,3.0,34171,0,MN,0,34171
19803,FDIC,DIF,NM,Delaware,258108.0,0,Applied Bank,0,2.0,34193,1,DE,0,34193
59875,FED,DIF,SM,Montana,784823.0,0,Farmers State Bank,0,11.0,342,1,MT,0,342
73644,OCC,DIF,N,Oklahoma,1900140.0,0,Great Plains National Bank,23049,26.0,34207,1,OK,0,34207
69361,FED,DIF,SM,Nebraska,1229135.0,0,Platte Valley Bank,0,12.0,34211,0,NE,0,34211
10577,OCC,DIF,N,New York,241388000.0,0,"Morgan Stanley Private Bank, National Association",24981,1.0,34221,0,NY,0,34221
30040,FDIC,DIF,NM,Georgia,622032.0,0,The Citizens Bank of Georgia,0,4.0,34229,0,GA,0,34229
32963,FDIC,DIF,NM,Florida,657265.0,0,Marine Bank & Trust Company,0,5.0,34233,0,FL,0,34233
54944,FDIC,DIF,NM,Wisconsin,378146.0,0,Wolf River Community Bank,0,4.0,34240,0,WI,0,34240
94597,FED,DIF,SM,California,1084528.0,0,Pacific Coast Bankers' Bank,0,1.0,34252,0,CA,0,34252
42240,FDIC,DIF,NM,Kentucky,1932462.0,0,"Planters Bank, Inc.",0,13.0,34254,0,KY,0,34254
07208,FDIC,DIF,NM,New Jersey,643214.0,0,Crown Bank,0,13.0,34259,1,NJ,0,34259
21093,FDIC,DIF,NM,Maryland,5731399.0,0,CFG Bank,0,3.0,34294,0,MD,0,34294
94901,FED,DIF,SM,California,5827278.0,0,Westamerica Bank,0,75.0,3430,0,CA,0,3430
89521,FDIC,DIF,NM,Nevada,720327.0,0,Eaglemark Savings Bank,0,1.0,34313,0,NV,0,34313
77036,OCC,DIF,N,Texas,1386995.0,0,Southwestern National Bank,23081,9.0,34319,0,TX,0,34319
87109,OCC,DIF,N,New Mexico,4427.0,0,DSRM National Bank,23097,1.0,34331,0,NM,0,34331
60640,FDIC,DIF,NM,Illinois,117937.0,0,American Metro Bank,0,2.0,34334,0,IL,0,34334
20009,OCC,DIF,N,District Of Columbia,1424577.0,0,"City First Bank, National Association",22968,4.0,34352,0,DC,0,34352
68118,FDIC,DIF,NM,Nebraska,1081951.0,0,Core Bank,0,5.0,34363,0,NE,0,34363
75201,FED,DIF,SM,Texas,33205747.0,0,Texas Capital Bank,0,10.0,34383,0,TX,0,34383
51247,FDIC,DIF,NM,Iowa,847906.0,0,Premier Bank,0,6.0,34384,1,IA,0,34384
45215,FDIC,DIF,NM,Ohio,115777.0,0,Spring Valley Bank,0,1.0,34386,1,OH,0,34386
60076,FDIC,DIF,NM,Illinois,126495.0,0,1st Equity Bank,0,1.0,34393,1,IL,0,34393
57049,OCC,DIF,N,South Dakota,253214.0,0,Security National Bank of South Dakota,23226,3.0,34394,0,SD,0,34394
60010,OCC,DIF,N,Illinois,4927099.0,0,"Barrington Bank & Trust Company, National Association",23216,9.0,34395,0,IL,0,34395
95620,FDIC,DIF,NM,California,1924057.0,0,First Northern Bank of Dixon,0,21.0,3440,0,CA,0,3440
80237,FDIC,DIF,NM,Colorado,1349328.0,0,Fortis Bank,0,3.0,34401,0,CO,0,34401
98203,FED,DIF,SM,Washington,5659447.0,0,Coastal Community Bank,0,14.0,34403,0,WA,0,34403
84111,FDIC,DIF,NM,Utah,2592134.0,0,WebBank,0,1.0,34404,0,UT,0,34404
51334,FDIC,DIF,NM,Iowa,214400.0,0,NorthStar Bank,0,3.0,34407,0,IA,0,34407
70546,FDIC,DIF,NM,Louisiana,451392.0,0,The Bank,0,8.0,34409,0,LA,0,34409
76109,OCC,DIF,SB,Texas,1086417.0,0,First Command Bank,713570,1.0,34415,1,TX,0,34415
18104,FED,DIF,SM,Pennsylvania,1084684.0,0,American Bank,0,1.0,34422,0,PA,0,34422
82935,FDIC,DIF,NM,Wyoming,112220.0,0,State Bank,0,3.0,34441,0,WY,0,34441
19355,FED,DIF,SM,Pennsylvania,25862378.0,0,Customers Bank,0,7.0,34444,0,PA,0,34444
79546,OCC,DIF,N,Texas,97619.0,0,First National Bank,23182,1.0,34455,1,TX,0,34455
35094,FDIC,DIF,NM,Alabama,199901.0,0,Millennial Bank,0,2.0,34460,0,AL,0,34460
28273,OCC,DIF,N,North Carolina,15522.0,0,Cedar Hill National Bank,23323,1.0,34478,0,NC,0,34478
52233,FDIC,DIF,NM,Iowa,156669.0,0,Hiawatha Bank and Trust Company,0,3.0,34488,0,IA,0,34488
33907,OCC,DIF,N,Florida,476934.0,0,Edison National Bank,23329,4.0,34489,1,FL,0,34489
91801,FDIC,DIF,NM,California,871581.0,0,First Commercial Bank (USA),0,8.0,34496,0,CA,0,34496
50309,OCC,DIF,SB,Iowa,9604911.0,0,Principal Bank,714225,1.0,34507,0,IA,0,34507
37354,FDIC,DIF,NM,Tennessee,456070.0,0,Peoples Bank of East Tennessee,0,12.0,34517,0,TN,0,34517
84095,FDIC,DIF,NM,Utah,8933716.0,0,Merrick Bank,0,1.0,34519,0,UT,0,34519
60152,FDIC,DIF,NM,Illinois,190953.0,0,Prairie Community Bank,0,5.0,34526,0,IL,0,34526
72501,FDIC,DIF,NM,Arkansas,3501204.0,0,First Community Bank,0,35.0,34533,0,AR,0,34533
33607,OCC,DIF,N,Florida,391166.0,0,"TCM Bank, National Association",23363,1.0,34535,0,FL,0,34535
92019,OCC,DIF,N,California,230154.0,0,Neighborhood National Bank,22770,1.0,34548,0,CA,0,34548
72223,FED,DIF,SM,Arkansas,3588697.0,0,ENCORE BANK,0,19.0,34562,0,AR,0,34562
63701,FDIC,DIF,NM,Missouri,399949.0,0,Alliance Bank,0,5.0,34566,0,MO,0,34566
98037,FDIC,DIF,SI,Washington,318696.0,0,Pacific Crest Bank,0,1.0,34585,1,WA,0,34585
23219,FED,DIF,SM,Virginia,37228893.0,0,Atlantic Union Bank,0,190.0,34589,0,VA,0,34589
49504,FDIC,DIF,NM,Michigan,6356397.0,0,Mercantile Bank,0,41.0,34598,0,MI,0,34598
84111,FDIC,DIF,NM,Utah,832686.0,0,"The Pitney Bowes Bank, Inc.",0,1.0,34599,0,UT,0,34599
26554,FDIC,DIF,NM,West Virginia,3277152.0,0,"MVB Bank, Inc",0,7.0,34603,0,WV,0,34603
46038,FDIC,DIF,NM,Indiana,5683154.0,0,First Internet Bank of Indiana,0,2.0,34607,0,IN,0,34607
65775,FDIC,DIF,NM,Missouri,310434.0,0,Community First Banking Company,0,4.0,34610,1,MO,0,34610
49424,OCC,DIF,N,Michigan,3479542.0,0,"Macatawa Bank, National Association",25333,28.0,34618,0,MI,0,34618
50131,FDIC,DIF,NM,Iowa,30646.0,0,ITS Bank,0,1.0,34619,0,IA,0,34619
33176,FDIC,DIF,NM,Florida,568901.0,0,Sunstate Bank,0,3.0,34643,0,FL,0,34643
55076,FDIC,DIF,NM,Minnesota,123778.0,0,Key Community Bank,0,1.0,34644,1,MN,0,34644
77036,OCC,DIF,N,Texas,2864702.0,0,American First National Bank,23521,20.0,34656,0,TX,0,34656
67901,FDIC,DIF,NM,Kansas,177736.0,0,The Community Bank,0,2.0,34666,0,KS,0,34666
60014,OCC,DIF,N,Illinois,2148686.0,0,"Crystal Lake Bank and Trust Company, National Association",23574,6.0,34681,0,IL,0,34681
97504,FDIC,DIF,NM,Oregon,779278.0,0,People's Bank of Commerce,0,11.0,34685,0,OR,0,34685
50131,FDIC,DIF,NM,Iowa,227782.0,0,Charter Bank,0,4.0,34686,1,IA,0,34686
84070,FDIC,DIF,NM,Utah,9525737.0,0,WEX Bank,0,1.0,34697,0,UT,0,34697
10016,FED,DIF,SM,New York,8843485.0,0,Metropolitan Commercial Bank,0,10.0,34699,0,NY,0,34699
43215,OCC,DIF,SB,Ohio,166275.0,0,"Nationwide Trust Company, FSB",714970,1.0,34710,0,OH,0,34710
15074,FDIC,DIF,SI,Pennsylvania,121929.0,1,Farmers Building and Savings Bank,0,1.0,34711,0,PA,0,34711
53029,OCC,DIF,N,Wisconsin,4515383.0,0,"Town Bank, National Association",25201,26.0,34717,0,WI,0,34717
67701,FDIC,DIF,NM,Kansas,637080.0,0,Farmers & Merchants Bank of Colby,0,5.0,34719,0,KS,0,34719
38157,FDIC,DIF,NM,Tennessee,1678841.0,0,Independent Bank,0,12.0,34728,0,TN,0,34728
20814,FED,DIF,SM,Maryland,9902571.0,0,EagleBank,0,14.0,34742,0,MD,0,34742
62049,FDIC,DIF,NM,Illinois,135143.0,0,First Community Bank of Hillsboro,0,2.0,34752,1,IL,0,34752
22902,OCC,DIF,N,Virginia,1646148.0,0,Virginia National Bank,23616,16.0,34755,0,VA,0,34755
19107,FED,DIF,SM,Pennsylvania,684822.0,0,Asian Bank,0,3.0,34759,0,PA,0,34759
44266,FED,DIF,SM,Ohio,555115.0,0,Portage Community Bank,0,4.0,34760,0,OH,0,34760
32202,OCC,DIF,N,Florida,47232699.0,0,"EverBank, National Association",25290,43.0,34775,0,FL,0,34775
60901,FDIC,DIF,NM,Illinois,394326.0,0,First Trust Bank of Illinois,0,6.0,34778,0,IL,0,34778
84403,FDIC,DIF,NM,Utah,1592347.0,0,"Transportation Alliance Bank, Inc. d/b/a TAB Bank",0,1.0,34781,0,UT,0,34781
71232,FDIC,DIF,NM,Louisiana,569558.0,0,Commercial Capital Bank,0,8.0,34784,1,LA,0,34784
15101,FDIC,DIF,NM,Pennsylvania,507443.0,0,Enterprise Bank,0,1.0,34786,0,PA,0,34786
90071,FDIC,DIF,NM,California,4371214.0,0,American Business Bank,0,10.0,34788,0,CA,0,34788
54919,OCC,DIF,SB,Wisconsin,15233.0,0,Thrivent Trust Company,715054,2.0,34799,0,WI,0,34799
70433,FDIC,DIF,NM,Louisiana,935381.0,0,Resource Bank,0,11.0,34803,0,LA,0,34803
93301,FED,DIF,SM,California,1919385.0,0,Mission Bank,0,7.0,34805,0,CA,0,34805
69101,FED,DIF,SM,Nebraska,1010651.0,0,Nebraskaland Bank,0,6.0,34811,0,NE,0,34811
55113,FED,DIF,SM,Minnesota,1453536.0,0,North American Banking Company,0,6.0,34836,1,MN,0,34836
37122,FED,DIF,SM,Tennessee,490091.0,0,Southern Bank of Tennessee,0,5.0,34847,0,TN,0,34847
52002,FED,DIF,SM,Iowa,370747.0,0,Premier Bank,0,3.0,34849,1,IA,0,34849
50662,FDIC,DIF,NM,Iowa,99434.0,0,Community Bank of Oelwein,0,1.0,34857,0,IA,0,34857
27870,FDIC,DIF,NM,North Carolina,238878.0,0,New Republic Bank,0,2.0,34860,0,NC,0,34860
06850,OCC,DIF,N,Connecticut,533393.0,0,"Connecticut Community Bank, National Association",23664,10.0,34876,0,CT,0,34876
75219,FED,DIF,SM,Texas,2901954.0,0,Susser Bank,0,11.0,34885,0,TX,0,34885
08080,FDIC,DIF,NM,New Jersey,2212532.0,0,Parke Bank,0,8.0,34888,0,NJ,0,34888
24260,FED,DIF,SM,Virginia,940029.0,0,"New Peoples Bank, Inc.",0,19.0,34890,0,VA,0,34890
62420,FDIC,DIF,NM,Illinois,74239.0,0,Preferred Bank,0,2.0,34900,0,IL,0,34900
32801,FDIC,DIF,NM,Florida,2444828.0,0,Cogent Bank,0,10.0,34908,0,FL,0,34908
79045,OCC,DIF,N,Texas,362673.0,0,First National Bank of Hereford,23692,4.0,34918,1,TX,0,34918
37040,FDIC,DIF,NM,Tennessee,939529.0,0,Legends Bank,0,10.0,34936,0,TN,0,34936
38834,FED,DIF,SM,Mississippi,164630.0,0,Commerce Bank,0,1.0,34938,1,MS,0,34938
49546,FDIC,DIF,NM,Michigan,7395660.0,0,Northpointe Bank,0,1.0,34953,0,MI,0,34953
52807,OCC,DIF,N,Iowa,464917.0,0,"American Bank and Trust Company, National Association",24369,8.0,34955,0,IA,0,34955
29401,FED,DIF,SM,South Carolina,1240094.0,0,First Capital Bank,0,4.0,34966,0,SC,0,34966
10004,FED,DIF,SM,New York,14953476.0,0,Popular Bank,0,38.0,34967,0,NY,0,34967
00918,FED,DIF,SM,Puerto Rico,60625000.0,0,Banco Popular de Puerto Rico,0,1.0,34968,0,PR,0,34968
11542,FDIC,DIF,SI,New York,960143.0,0,First Central Savings Bank,0,10.0,34969,0,NY,0,34969
50125,FDIC,DIF,NM,Iowa,652145.0,0,Peoples Savings Bank,0,8.0,34973,0,IA,0,34973
70360,FDIC,DIF,NM,Louisiana,1263618.0,0,Synergy Bank,0,10.0,34978,0,LA,0,34978
71301,FDIC,DIF,NM,Louisiana,3345447.0,0,Red River Bank,0,29.0,34980,0,LA,0,34980
69001,FDIC,DIF,NM,Nebraska,124913.0,0,First Central Bank McCook,0,2.0,34995,0,NE,0,34995
33701,OCC,DIF,N,Florida,1194708.0,0,BayFirst National Bank,25276,12.0,34997,0,FL,0,34997
36830,FED,DIF,SM,Alabama,1026359.0,0,AuburnBank,0,7.0,35,0,AL,0,35
66206,FDIC,DIF,NM,Kansas,1228036.0,0,nbkc bank,0,4.0,35014,1,KS,0,35014
70806,FDIC,DIF,NM,Louisiana,247962.0,0,Currency Bank,0,5.0,35019,0,LA,0,35019
70560,FDIC,DIF,NM,Louisiana,790220.0,0,Community First Bank,0,9.0,35020,1,LA,0,35020
31707,FDIC,DIF,NM,Georgia,271558.0,0,AB&T,0,3.0,35029,0,GA,0,35029
50266,FED,DIF,SM,Iowa,269712.0,0,Freedom Financial Bank,0,2.0,35031,1,IA,0,35031
11542,FDIC,DIF,NM,New York,324782.0,0,American Community Bank,0,6.0,35033,0,NY,0,35033
32340,FDIC,DIF,NM,Florida,209981.0,0,Madison County Community Bank,0,2.0,35056,0,FL,0,35056
45750,FED,DIF,SM,Ohio,140202.0,0,The Settlers Bank,0,1.0,35060,0,OH,0,35060
19103,FDIC,DIF,NM,Pennsylvania,27559.0,0,The Philadelphia Trust Company,0,1.0,35075,0,PA,0,35075
72110,FED,DIF,SM,Arkansas,262036.0,0,Petit Jean State Bank,0,2.0,35084,0,AR,0,35084
63555,FDIC,DIF,NM,Missouri,61450.0,0,Community Bank of Memphis,0,1.0,35094,0,MO,0,35094
23703,FDIC,DIF,NM,Virginia,22358708.0,0,TowneBank,0,93.0,35095,0,VA,0,35095
28202,OCC,DIF,N,North Carolina,2672192000.0,0,"Bank of America, National Association",13044,3610.0,3510,0,NC,0,3510
44035,FED,DIF,SM,Ohio,245063.0,0,Buckeye Community Bank,0,2.0,35101,0,OH,0,35101
83702,FDIC,DIF,NM,Idaho,232618.0,0,Idaho Trust  Bank,0,2.0,35103,0,ID,0,35103
57104,OCC,DIF,N,South Dakota,1852239000.0,0,"Wells Fargo Bank, National Association",1,4176.0,3511,0,SD,0,3511
67206,FDIC,DIF,NM,Kansas,126157.0,0,"Community Bank of Wichita, Inc.",0,2.0,35118,0,KS,0,35118
61081,FDIC,DIF,NM,Illinois,748534.0,0,Sauk Valley Bank & Trust Company,0,10.0,35131,0,IL,0,35131
37363,FDIC,DIF,NM,Tennessee,789073.0,0,Millennium Bank,0,15.0,35138,1,TN,0,35138
98101,FDIC,DIF,SI,Washington,1054283.0,0,Seattle Bank,0,2.0,35139,0,WA,0,35139
84121,FDIC,DIF,NM,Utah,13013553.0,0,BMW Bank of North America,0,1.0,35141,0,UT,0,35141
07024,FDIC,DIF,NM,New Jersey,924662.0,0,New Millennium Bank,0,9.0,35151,0,NJ,0,35151
10022,OCC,DIF,N,New York,892459.0,0,"BTG Pactual Bank, National Association",715731,1.0,35154,0,NY,0,35154
89521,OCC,DIF,SB,Nevada,1081100.0,0,Farm Bureau Bank FSB,715205,2.0,35157,0,NV,0,35157
42071,OCC,DIF,SB,Kentucky,550930.0,0,The Murray Bank,715834,3.0,35161,1,KY,0,35161
92618,OCC,DIF,SB,California,226431.0,0,Capital Bank and Trust Company,715674,2.0,35164,0,CA,0,35164
59313,FDIC,DIF,NM,Montana,165140.0,0,The Bank of Baker,0,1.0,352,1,MT,0,352
03054,OCC,DIF,SB,New Hampshire,67862.0,0,"Fidelity Personal Trust Company, FSB",716116,2.0,35206,0,NH,0,35206
24504,FED,DIF,SM,Virginia,1052925.0,0,Bank of the James,0,22.0,35207,0,VA,0,35207
32953,FDIC,DIF,NM,Florida,252467.0,0,Community Bank of the South,0,3.0,35212,0,FL,0,35212
29501,FDIC,DIF,NM,South Carolina,1116792.0,0,First Reliance Bank,0,11.0,35214,0,SC,0,35214
82501,FED,DIF,SM,Wyoming,256941.0,0,Wyoming Community Bank,0,3.0,35220,1,WY,0,35220
47542,FDIC,DIF,NM,Indiana,583711.0,0,Freedom Bank,0,4.0,35221,1,IN,0,35221
60554,FDIC,DIF,NM,Illinois,528374.0,0,First Secure Community Bank,0,5.0,35223,0,IL,0,35223
62951,FDIC,DIF,NM,Illinois,138319.0,0,Southern Illinois Bank,0,5.0,35229,0,IL,0,35229
53562,OCC,DIF,SB,Wisconsin,4106696.0,0,"John Deere Financial, f.s.b.",715685,1.0,35237,0,WI,0,35237
29201,FDIC,DIF,NM,South Carolina,785210.0,0,OPTUS Bank,0,2.0,35241,0,SC,0,35241
98632,FDIC,DIF,NM,Washington,114575.0,0,Increase Bank,0,1.0,35261,0,WA,0,35261
24112,OCC,DIF,N,Virginia,2395630.0,0,"Blue Ridge Bank,  National Association",23903,27.0,35274,0,VA,0,35274
65625,FDIC,DIF,NM,Missouri,841387.0,0,Freedom Bank of Southern Missouri,0,8.0,35276,1,MO,0,35276
20850,OCC,DIF,N,Maryland,3756419.0,0,"Capital Bank, National Association",23850,8.0,35278,0,MD,0,35278
66044,FDIC,DIF,NM,Kansas,504353.0,0,Great American Bank,0,5.0,35292,1,KS,0,35292
29607,FDIC,DIF,NM,South Carolina,4581505.0,0,Southern First Bank,0,12.0,35295,0,SC,0,35295
35205,FDIC,DIF,NM,Alabama,17723.0,0,BHM Bank,0,1.0,35314,0,AL,0,35314
31707,FDIC,DIF,NM,Georgia,384887.0,0,Georgia Community Bank,0,8.0,35320,1,GA,0,35320
84107,FDIC,DIF,NM,Utah,889799.0,0,FinWise Bank,0,2.0,35323,0,UT,0,35323
92614,OCC,DIF,N,California,396466.0,0,"Liberty Bank, National Association",23925,4.0,35331,0,CA,0,35331
53719,FDIC,DIF,NM,Wisconsin,462129.0,0,Oak Bank,0,1.0,35333,0,WI,0,35333
95661,FDIC,DIF,NM,California,5031561.0,0,Five Star Bank,0,9.0,35361,0,CA,0,35361
27310,FED,DIF,SM,North Carolina,655420.0,0,Bank of Oak Ridge,0,5.0,35365,0,NC,0,35365
91710,OCC,DIF,N,California,465786.0,0,"Chino Commercial Bank, N.A.",23950,5.0,35366,0,CA,0,35366
10019,FDIC,DIF,NM,New York,224837.0,0,Alpine Capital Bank,0,1.0,35377,0,NY,0,35377
19456,OCC,DIF,SB,Pennsylvania,230635.0,0,SEI Private Trust Company,716509,1.0,35388,0,PA,0,35388
60463,OCC,DIF,SB,Illinois,172224.0,0,United Trust Bank,716310,1.0,35393,0,IL,0,35393
01111,OCC,DIF,SB,Massachusetts,92381.0,0,"MassMutual Private Wealth & Trust, FSB",715930,1.0,35394,0,MA,0,35394
56377,FDIC,DIF,NM,Minnesota,646727.0,0,BankVista,0,3.0,35406,0,MN,0,35406
80487,FDIC,DIF,NM,Colorado,684997.0,0,Yampa Valley Bank,0,2.0,35407,1,CO,0,35407
60098,FDIC,DIF,NM,Illinois,1173282.0,0,American Community Bank & Trust,0,5.0,35412,0,IL,0,35412
37055,FDIC,DIF,NM,Tennessee,555155.0,0,TriStar Bank,0,7.0,35417,0,TN,0,35417
65616,FDIC,DIF,NM,Missouri,409956.0,0,Branson Bank,0,6.0,35420,0,MO,0,35420
39828,OCC,DIF,N,Georgia,316638.0,0,United National Bank,23981,1.0,35427,0,GA,0,35427
33308,FDIC,DIF,NM,Florida,1268490.0,0,OptimumBank,0,4.0,35430,0,FL,0,35430
39601,FDIC,DIF,NM,Mississippi,266481.0,0,Bank of Brookhaven,0,1.0,35439,0,MS,0,35439
87401,FDIC,DIF,NM,New Mexico,632322.0,0,Four Corners Community Bank,0,6.0,35441,1,NM,0,35441
42717,FDIC,DIF,NM,Kentucky,94787.0,0,"Citizens Bank of Cumberland County, Inc.",0,1.0,35442,1,KY,0,35442
57103,OCC,DIF,N,South Dakota,9899655.0,0,"The Bancorp Bank, National Association",25279,1.0,35444,0,SD,0,35444
40342,FDIC,DIF,NM,Kentucky,204272.0,0,"Century Bank of Kentucky, Inc.",0,2.0,35450,1,KY,0,35450
40701,FDIC,DIF,NM,Kentucky,298031.0,0,"Hometown Bank of Corbin, Inc.",0,7.0,35455,0,KY,0,35455
52732,FDIC,DIF,NM,Iowa,359325.0,0,Citizens First Bank,0,3.0,35477,1,IA,0,35477
55435,FDIC,DIF,NM,Minnesota,438242.0,0,Crown Bank,0,2.0,35480,0,MN,0,35480
18966,FDIC,DIF,SI,Pennsylvania,643632.0,0,Quaint Oak Bank,0,3.0,35497,0,PA,0,35497
32940,FDIC,DIF,NM,Florida,221102.0,0,Cypress Bank & Trust,0,5.0,35506,0,FL,0,35506
59401,OCC,DIF,SB,Montana,12234.0,0,Davidson Trust Co.,716693,13.0,35510,0,MT,0,35510
30143,FDIC,DIF,NM,Georgia,639338.0,0,Community Bank of Pickens County,0,2.0,35513,0,GA,0,35513
60639,OCC,DIF,SB,Illinois,1069980.0,0,The Federal Savings Bank,716195,2.0,35518,0,IL,0,35518
27609,FED,DIF,SM,North Carolina,1457821.0,0,North State Bank,0,7.0,35519,1,NC,0,35519
37215,FED,DIF,SM,Tennessee,1077643.0,0,InsBank,0,3.0,35521,0,TN,0,35521
27804,FDIC,DIF,NM,North Carolina,3418297.0,0,First Carolina Bank,0,9.0,35530,0,NC,0,35530
84106,FDIC,DIF,NM,Utah,429317.0,0,First Electronic Bank,0,1.0,35533,0,UT,0,35533
07002,FDIC,DIF,NM,New Jersey,3268333.0,0,BCB Community Bank,0,27.0,35541,0,NJ,0,35541
63090,FDIC,DIF,NM,Missouri,416446.0,0,Bank of Franklin County,0,6.0,35543,0,MO,0,35543
92122,OCC,DIF,SB,California,28237712.0,0,Axos Bank,716456,3.0,35546,0,CA,0,35546
33612,FED,DIF,SM,Florida,103622.0,0,Century Bank of Florida,0,1.0,35558,1,FL,0,35558
42103,FDIC,DIF,NM,Kentucky,892157.0,0,"American Bank & Trust Company, Inc.",0,6.0,35568,0,KY,0,35568
37203,FED,DIF,SM,Tennessee,122628191.0,0,Pinnacle Bank,0,441.0,35583,0,TN,0,35583
66502,OCC,DIF,N,Kansas,366993.0,0,Community First National Bank,24080,2.0,35585,0,KS,0,35585
63303,FED,DIF,SM,Missouri,180258.0,0,NEW FRONTIER BANK,0,3.0,35597,1,MO,0,35597
61704,OCC,DIF,SB,Illinois,40310.0,0,Country Trust Bank,716088,1.0,35602,0,IL,0,35602
32757,OCC,DIF,N,Florida,354872.0,0,The First National Bank of Mount Dora,13102,3.0,3579,0,FL,0,3579
62611,OCC,DIF,N,Illinois,157639.0,0,The First National Bank of Arenzville,9183,3.0,3599,1,IL,0,3599
62510,OCC,DIF,N,Illinois,24164.0,0,The First National Bank of Assumption,5316,1.0,3600,0,IL,0,3600
61723,OCC,DIF,N,Illinois,83007.0,0,The Atlanta National Bank,3711,3.0,3601,0,IL,0,3601
60506,OCC,DIF,N,Illinois,6846609.0,0,Old Second National Bank,4596,59.0,3603,0,IL,0,3603
61520,OCC,DIF,N,Illinois,662189.0,0,MidAmerica National Bank,13838,6.0,3612,0,IL,0,3612
62420,FDIC,DIF,NM,Illinois,506410.0,0,Casey State Bank,0,6.0,3614,1,IL,0,3614
59802,FED,DIF,SM,Montana,536281.0,0,"First Montana Bank, Inc.",0,10.0,363,0,MT,0,363
61727,OCC,DIF,N,Illinois,383823.0,0,First National Bank & Trust Company,1926,4.0,3639,0,IL,0,3639
60007,FDIC,DIF,NM,Illinois,8221637.0,0,First American Bank,0,60.0,3657,1,IL,0,3657
60120,OCC,DIF,N,Illinois,409070.0,0,Union National Bank and Trust Company of Elgin,7236,2.0,3661,0,IL,0,3661
62701,OCC,DIF,N,Illinois,2542843.0,0,"INB, National Association",11443,14.0,3664,1,IL,0,3664
60187,OCC,DIF,N,Illinois,427470.0,0,Grand Ridge National Bank,6684,2.0,3674,0,IL,0,3674
62644,OCC,DIF,N,Illinois,341050.0,0,The Havana National Bank,2242,6.0,3677,0,IL,0,3677
61540,OCC,DIF,N,Illinois,93109.0,0,The First National Bank of Lacon,347,1.0,3688,1,IL,0,3688
61301,OCC,DIF,N,Illinois,319553.0,0,Hometown National Bank,2503,3.0,3691,0,IL,0,3691
61755,FDIC,DIF,NM,Illinois,148930.0,0,First Security Bank,0,4.0,3698,1,IL,0,3698
60115,OCC,DIF,N,Illinois,865346.0,0,"Resource Bank, National Association",5815,15.0,3701,1,IL,0,3701
60442,FED,DIF,SM,Illinois,263263.0,0,First Bank of Manhattan,0,3.0,3702,1,IL,0,3702
61938,OCC,DIF,N,Illinois,8200993.0,0,"First Mid Bank & Trust, National Association",10045,73.0,3705,0,IL,0,3705
61462,FED,DIF,SM,Illinois,702788.0,0,Midwest Bank,0,8.0,3711,0,IL,0,3711
60450,FED,DIF,SM,Illinois,374740.0,0,Grundy Bank,0,4.0,3713,1,IL,0,3713
61350,OCC,DIF,N,Illinois,2035262.0,0,"American Commercial Bank & Trust, National Association",1154,11.0,3719,0,IL,0,3719
62557,OCC,DIF,N,Illinois,405122.0,0,First National Bank of Pana,13478,6.0,3720,1,IL,0,3720
61944,FDIC,DIF,NM,Illinois,701422.0,0,Prospect Bank,0,11.0,3722,1,IL,0,3722
61277,OCC,DIF,N,Illinois,913916.0,0,Farmers National Bank,6375,4.0,3732,0,IL,0,3732
61951,FDIC,DIF,NM,Illinois,123696.0,0,First Community Bank of Moultrie County,0,3.0,3745,1,IL,0,3745
62468,OCC,DIF,N,Illinois,739816.0,0,"First Neighbor Bank, National Association",13682,10.0,3747,0,IL,0,3747
61568,OCC,DIF,N,Illinois,196293.0,0,The First National Bank in Tremont,13579,4.0,3749,0,IL,0,3749
62906,OCC,DIF,N,Illinois,237143.0,0,Anna-Jonesboro National Bank,5525,3.0,3759,0,IL,0,3759
62907,OCC,DIF,N,Illinois,78665.0,0,The First National Bank of Ava,10911,1.0,3761,0,IL,0,3761
62312,FDIC,DIF,NM,Illinois,196243.0,0,Great Rivers Bank,0,4.0,3762,1,IL,0,3762
62418,OCC,DIF,N,Illinois,58495.0,0,The First National Bank of Brownstown,10397,1.0,3770,0,IL,0,3770
62821,OCC,DIF,N,Illinois,632355.0,0,The First National Bank of Carmi,4934,12.0,3777,0,IL,0,3777
62401,FED,DIF,SM,Illinois,1550080.0,0,Dieterich Bank,0,17.0,3787,0,IL,0,3787
62837,OCC,DIF,N,Illinois,627517.0,0,The Fairfield National Bank,6609,3.0,3792,0,IL,0,3792
62246,OCC,DIF,N,Illinois,740219.0,0,The Bradford National Bank of Greenville,9734,10.0,3799,1,IL,0,3799
62854,FED,DIF,SM,Illinois,76177.0,0,Kinmundy Bank,0,1.0,3805,0,IL,0,3805
62056,OCC,DIF,N,Illinois,151073.0,0,The First National Bank of Litchfield,3962,2.0,3807,1,IL,0,3807
62056,OCC,DIF,N,Illinois,142916.0,0,The Litchfield National Bank,10079,2.0,3808,0,IL,0,3808
62864,OCC,DIF,N,Illinois,2005305.0,0,"Peoples National Bank , N.A.",9408,25.0,3809,1,IL,0,3809
62960,OCC,DIF,N,Illinois,442017.0,0,The City National Bank of Metropolis,8745,2.0,3814,0,IL,0,3814
62966,FDIC,DIF,NM,Illinois,82696.0,0,The First Bank and Trust Company of Murphysboro,0,1.0,3818,0,IL,0,3818
62263,OCC,DIF,N,Illinois,279954.0,0,The Farmers and Merchants National Bank of Nashville,8221,8.0,3821,1,IL,0,3821
62271,OCC,DIF,N,Illinois,71387.0,0,The First National Bank of Okawville,11754,1.0,3826,0,IL,0,3826
62271,OCC,DIF,N,Illinois,92081.0,0,The Old Exchange National Bank of Okawville,11780,1.0,3827,1,IL,0,3827
62560,OCC,DIF,N,Illinois,184679.0,0,The First National Bank of Raymond,6910,5.0,3830,1,IL,0,3830
47708,OCC,DIF,N,Indiana,72614322.0,0,Old National Bank,8846,361.0,3832,0,IN,0,3832
62882,OCC,DIF,N,Illinois,120622.0,0,Midwest National Bank,9786,2.0,3834,1,IL,0,3834
62286,OCC,DIF,N,Illinois,114175.0,0,The First National Bank of Sparta,7015,1.0,3837,1,IL,0,3837
45631,FED,DIF,SM,Ohio,1663062.0,0,The Ohio Valley Bank Company,0,16.0,384,0,OH,0,384
62471,FED,DIF,SM,Illinois,492423.0,0,The FNB Community Bank,0,7.0,3840,0,IL,0,3840
62298,OCC,DIF,N,Illinois,948812.0,0,First National Bank of Waterloo,10180,16.0,3842,0,IL,0,3842
62864,FED,DIF,SM,Illinois,270115.0,0,Community First Bank of the Heartland,0,4.0,3846,1,IL,0,3846
62899,FED,DIF,SM,Illinois,56959.0,0,"First Community Bank, Xenia-Flora",0,2.0,3850,1,IL,0,3850
72616,FED,DIF,SM,Arkansas,334697.0,0,Bank of 1889,0,12.0,3854,1,AR,0,3854
72335,OCC,DIF,N,Arkansas,614947.0,0,First National Bank of Eastern Arkansas,13637,15.0,3863,1,AR,0,3863
72901,OCC,DIF,N,Arkansas,2297413.0,0,The First National Bank of Fort Smith,1950,26.0,3864,0,AR,0,3864
72638,FED,DIF,SM,Arkansas,1177237.0,0,Anstaff Bank,0,14.0,3869,1,AR,0,3869
72211,FED,DIF,SM,Arkansas,498566.0,0,Eagle Bank and Trust Company,0,13.0,3873,0,AR,0,3873
72450,OCC,DIF,N,Arkansas,2554094.0,0,First National Bank,10004,23.0,3887,0,AR,0,3887
43022,FDIC,DIF,NM,Ohio,59214.0,0,The Peoples Bank,0,2.0,389,0,OH,0,389
71601,FED,DIF,SM,Arkansas,24649062.0,0,Simmons Bank,0,231.0,3890,0,AR,0,3890
72476,OCC,DIF,N,Arkansas,308386.0,0,First National Bank Of Commerce,11312,6.0,3896,1,AR,0,3896
36732,FDIC,DIF,NM,Alabama,475203.0,0,Robertson Banking Company,0,8.0,39,1,AL,0,39
58318,OCC,DIF,N,North Dakota,179838.0,0,First National Bank and Trust Co. of Bottineau,8029,1.0,3902,0,ND,0,3902
58433,FDIC,DIF,NM,North Dakota,77594.0,0,Heartland State Bank,0,2.0,3919,1,ND,0,3919
58201,OCC,DIF,N,North Dakota,5277526.0,0,"Alerus Financial, National Association",13790,27.0,3931,0,ND,0,3931
58104,FDIC,DIF,NM,North Dakota,61946.0,0,Aspire Bank,0,2.0,3934,0,ND,0,3934
57006,FDIC,DIF,NM,South Dakota,4868698.0,0,First Bank & Trust,0,22.0,3973,0,SD,0,3973
57226,OCC,DIF,N,South Dakota,119632.0,0,DNB NATIONAL BANK,12877,2.0,3977,1,SD,0,3977
57441,OCC,DIF,N,South Dakota,28637.0,0,The First National Bank of Frederick,8624,1.0,3985,0,SD,0,3985
73565,FDIC,DIF,NM,Oklahoma,34324.0,0,First Summit Bank,0,2.0,399,0,OK,0,399
57567,OCC,DIF,N,South Dakota,465664.0,0,First National Bank in Philip,10637,2.0,3999,1,SD,0,3999
57501,FDIC,DIF,NM,South Dakota,1919735.0,0,"BankWest, Inc.",0,22.0,4009,0,SD,0,4009
57104,OCC,DIF,N,South Dakota,2105071.0,0,The First National Bank in Sioux Falls,3393,18.0,4016,0,SD,0,4016
73089,FDIC,DIF,NM,Oklahoma,339288.0,0,Sooner State Bank,0,7.0,402,1,OK,0,402
57078,OCC,DIF,N,South Dakota,3296280.0,0,First Dakota National Bank,2068,17.0,4028,0,SD,0,4028
74820,FED,DIF,SM,Oklahoma,991793.0,0,Vision Bank,0,10.0,4029,1,OK,0,4029
73521,FED,DIF,SM,Oklahoma,364370.0,0,Frazer Bank,0,6.0,4031,0,OK,0,4031
73401,OCC,DIF,N,Oklahoma,708374.0,0,First National Bank and Trust Company of Ardmore,13677,12.0,4037,1,OK,0,4037
74561,FED,DIF,SM,Oklahoma,198602.0,0,The Farmers State Bank,0,4.0,404,1,OK,0,404
73932,FDIC,DIF,NM,Oklahoma,304336.0,0,The First Security Bank,0,3.0,4041,0,OK,0,4041
73047,FDIC,DIF,NM,Oklahoma,694019.0,0,Legacy Bank,0,10.0,4042,0,OK,0,4042
74135,FDIC,DIF,NM,Oklahoma,939588.0,0,SpiritBank,0,6.0,4048,0,OK,0,4048
73114,FDIC,DIF,NM,Oklahoma,197565.0,0,First Enterprise Bank,0,6.0,4049,1,OK,0,4049
74012,OCC,DIF,N,Oklahoma,270466.0,0,The First National Bank and Trust Company of Broken Arrow,7115,2.0,4050,0,OK,0,4050
73014,FED,DIF,SM,Oklahoma,86667.0,0,AllNations Bank,0,2.0,4051,0,OK,0,4051
73015,FDIC,DIF,NM,Oklahoma,123047.0,0,The Farmers Bank,0,2.0,4054,0,OK,0,4054
74426,OCC,DIF,N,Oklahoma,172543.0,0,The Peoples National Bank of Checotah,10051,3.0,4059,1,OK,0,4059
73729,FDIC,DIF,NM,Oklahoma,114686.0,0,Cleo State Bank,0,4.0,406,1,OK,0,406
73728,FDIC,DIF,NM,Oklahoma,143781.0,0,ACB Bank,0,3.0,4061,1,OK,0,4061
73018,OCC,DIF,N,Oklahoma,1068072.0,0,"The First National Bank and Trust Co., Chickasha, Oklahoma",5547,9.0,4062,1,OK,0,4062
73118,OCC,DIF,SB,Oklahoma,42109827.0,0,MidFirst Bank,714191,94.0,4063,1,OK,0,4063
73601,FDIC,DIF,NM,Oklahoma,204623.0,0,Oklahoma Bank and Trust Company,0,4.0,4067,1,OK,0,4067
74429,FED,DIF,SM,Oklahoma,124804.0,0,FNB Coweta,0,2.0,4071,1,OK,0,4071
73096,FED,DIF,SM,Oklahoma,82911.0,0,Southwest Bank of Weatherford,0,1.0,4076,0,OK,0,4076
73034,FED,DIF,SM,Oklahoma,439954.0,0,The Citizens Bank of Edmond,0,2.0,4084,0,OK,0,4084
73644,OCC,DIF,N,Oklahoma,293745.0,0,The First National Bank & Trust,9952,3.0,4086,1,OK,0,4086
73644,FED,DIF,SM,Oklahoma,466922.0,0,Bank of Western Oklahoma,0,6.0,4087,1,OK,0,4087
73701,OCC,DIF,N,Oklahoma,5644142.0,0,"Stride Bank, National Association",12044,11.0,4091,0,OK,0,4091
73645,FDIC,DIF,NM,Oklahoma,117309.0,0,First Bank,0,4.0,4092,1,OK,0,4092
74432,FED,DIF,SM,Oklahoma,85254.0,0,Bank of Eufaula,0,2.0,4094,0,OK,0,4094
73737,OCC,DIF,N,Oklahoma,125060.0,0,The Farmers and Merchants National Bank of Fairview,9767,1.0,4097,1,OK,0,4097
73541,OCC,DIF,N,Oklahoma,23000.0,0,The First National Bank of Fletcher,12141,2.0,4098,0,OK,0,4098
36867,FDIC,DIF,NM,Alabama,343760.0,0,Phenix-Girard Bank,0,4.0,41,1,AL,0,41
74937,OCC,DIF,N,Oklahoma,103917.0,0,First National Bank,9888,3.0,4111,0,OK,0,4111
74035,FED,DIF,SM,Oklahoma,44523.0,0,1st Bank in Hominy,0,1.0,4122,1,OK,0,4122
73945,OCC,DIF,N,Oklahoma,92416.0,0,The First National Bank of Hooker,10566,1.0,4123,0,OK,0,4123
73501,OCC,DIF,N,Oklahoma,445116.0,0,"The City National Bank and Trust Company of Lawton, Oklahoma",5753,39.0,4132,1,OK,0,4132
73801,FDIC,DIF,NM,Oklahoma,309845.0,0,The Stock Exchange Bank,0,3.0,414,0,OK,0,414
73057,FDIC,DIF,NM,Oklahoma,22333.0,0,Farmers and Merchants Bank,0,1.0,4144,1,OK,0,4144
74501,OCC,DIF,N,Oklahoma,575618.0,0,First National Bank & Trust Company of McAlester,5052,6.0,4145,1,OK,0,4145
74501,OCC,DIF,N,Oklahoma,482448.0,0,"The Bank, National Association",13770,6.0,4146,1,OK,0,4146
73116,FED,DIF,SM,Oklahoma,1944068.0,0,Bank 7,0,12.0,4147,0,OK,0,4147
74354,OCC,DIF,N,Oklahoma,206413.0,0,The First National Bank and Trust Company of Miami,5252,3.0,4148,0,OK,0,4148
74136,FDIC,DIF,NM,Oklahoma,2072897.0,0,Regent Bank,0,6.0,4160,0,OK,0,4160
74447,OCC,DIF,N,Oklahoma,301964.0,0,"Patrons Bank, National Association",11001,5.0,4170,1,OK,0,4170
73075,OCC,DIF,N,Oklahoma,351216.0,0,The Pauls Valley National Bank,7892,6.0,4173,0,OK,0,4173
74146,FED,DIF,SM,Oklahoma,915660.0,0,Security Bank,0,1.0,4178,1,OK,0,4178
73763,FDIC,DIF,NM,Oklahoma,211748.0,0,High Plains Bank,0,3.0,418,1,OK,0,418
74361,FED,DIF,SM,Oklahoma,540106.0,0,First Pryority Bank,0,3.0,4185,0,OK,0,4185
73080,FDIC,DIF,NM,Oklahoma,293501.0,0,McClain Bank,0,4.0,4187,0,OK,0,4187
74066,FED,DIF,SM,Oklahoma,1494982.0,0,American Heritage Bank,0,24.0,4190,1,OK,0,4190
73663,FDIC,DIF,NM,Oklahoma,200690.0,0,THE SEILING STATE BANK,0,3.0,4193,1,OK,0,4193
73858,OCC,DIF,N,Oklahoma,129053.0,0,"SNB Bank, National Association",9987,2.0,4196,1,OK,0,4196
73859,FDIC,DIF,NM,Oklahoma,31702.0,0,Bank of Vici,0,1.0,420,1,OK,0,420
73949,FED,DIF,SM,Oklahoma,389424.0,0,Anchor D Bank,0,4.0,4208,1,OK,0,4208
73669,FED,DIF,SM,Oklahoma,58370.0,0,First  Bank of Thomas,0,1.0,4209,1,OK,0,4209
73628,FDIC,DIF,NM,Oklahoma,287587.0,0,Security State Bank,0,3.0,421,1,OK,0,421
73120,OCC,DIF,N,Oklahoma,909962.0,0,First National Bank of Oklahoma,11397,4.0,4211,1,OK,0,4211
74172,OCC,DIF,N,Oklahoma,53492601.0,0,"BOKF, National Association",13679,115.0,4214,0,OK,0,4214
73092,FDIC,DIF,NM,Oklahoma,72450.0,0,COMMUNITY BANK OF OKLAHOMA,0,3.0,4217,1,OK,0,4217
73573,OCC,DIF,N,Oklahoma,57976.0,0,The First Farmers National Bank of Waurika,12094,1.0,4222,1,OK,0,4222
73008,FED,DIF,SM,Oklahoma,312971.0,0,First Bethany Bank & Trust,0,3.0,4228,1,OK,0,4228
73098,FDIC,DIF,NM,Oklahoma,114014.0,0,The State Bank of Wynnewood,0,1.0,4232,1,OK,0,4232
73099,FDIC,DIF,NM,Oklahoma,270117.0,0,YNB,0,5.0,4235,1,OK,0,4235
74538,OCC,DIF,N,Oklahoma,503740.0,0,"Shamrock Bank, N.A.",12529,8.0,4236,1,OK,0,4236
74701,FED,DIF,SM,Oklahoma,16403712.0,0,First United Bank and Trust Company,0,85.0,4239,0,OK,0,4239
74745,OCC,DIF,N,Oklahoma,250821.0,0,The Idabel National Bank,11913,1.0,4241,0,OK,0,4241
04843,OCC,DIF,N,Maine,6951638.0,0,The Camden National Bank,2311,74.0,4255,0,ME,0,4255
04543,OCC,DIF,N,Maine,3165021.0,0,First National Bank,446,18.0,4256,0,ME,0,4256
74437,FDIC,DIF,NM,Oklahoma,104916.0,0,American Exchange Bank,0,3.0,428,1,OK,0,428
70526,OCC,DIF,N,Louisiana,629160.0,0,First National Bank of Louisiana,12523,5.0,4288,0,LA,0,4288
70544,OCC,DIF,N,Louisiana,638074.0,0,The First National Bank of Jeanerette,7768,9.0,4290,1,LA,0,4290
22102,OCC,DIF,N,Virginia,672010000.0,0,"Capital One, National Association",13688,263.0,4297,0,VA,0,4297
47834,OCC,DIF,N,Indiana,381038.0,0,The Riddell National Bank,5267,5.0,4318,0,IN,0,4318
47012,OCC,DIF,N,Indiana,797557.0,0,"FCN Bank, National Association",5629,6.0,4319,0,IN,0,4319
74743,OCC,DIF,N,Oklahoma,140048.0,0,Security First National Bank of Hugo,14578,2.0,432,0,OK,0,432
46120,OCC,DIF,N,Indiana,420165.0,0,First National Bank,10465,7.0,4324,0,IN,0,4324
46360,FDIC,DIF,NM,Indiana,6540325.0,0,Horizon Bank,0,79.0,4360,0,IN,0,4360
46960,OCC,DIF,N,Indiana,429586.0,0,The First National Bank of Monterey,9784,4.0,4364,0,IN,0,4364
47305,FDIC,DIF,NM,Indiana,21048883.0,0,First Merchants Bank,0,136.0,4365,0,IN,0,4365
47807,OCC,DIF,N,Indiana,6121994.0,0,"First Financial Bank, National Association",47,83.0,4382,0,IN,0,4382
47619,FDIC,DIF,NM,Indiana,184828.0,0,LNB Community Bank,0,4.0,4398,1,IN,0,4398
47432,FDIC,DIF,NM,Indiana,644211.0,0,Springs Valley Bank & Trust Company,0,6.0,4419,0,IN,0,4419
50265,OCC,DIF,SB,Iowa,490003.0,0,"Midwest Heritage Bank, FSB",712423,9.0,4432,0,IA,0,4432
50401,FED,DIF,SM,Iowa,1822778.0,0,First Citizens Bank,0,8.0,4433,1,IA,0,4433
52732,OCC,DIF,N,Iowa,431853.0,0,The Clinton National Bank,994,8.0,4439,1,IA,0,4439
18853,FDIC,DIF,NM,Pennsylvania,662457.0,0,PS Bank,0,11.0,444,0,PA,0,444
16145,FDIC,DIF,NM,Pennsylvania,601730.0,0,Mercer County State Bank,0,12.0,445,0,PA,0,445
51601,FED,DIF,SM,Iowa,72111.0,0,First Heritage Bank,0,2.0,4457,1,IA,0,4457
50441,FED,DIF,SM,Iowa,252571.0,0,First Bank Hampton,0,2.0,4464,1,IA,0,4464
51503,OCC,DIF,N,Iowa,631356.0,0,"Midstates Bank, National Association",10354,10.0,4465,1,IA,0,4465
51546,FED,DIF,SM,Iowa,90541.0,0,Logan State Bank,0,2.0,4476,1,IA,0,4476
51455,OCC,DIF,N,Iowa,83878.0,0,The First National Bank of Manning,3455,1.0,4477,0,IA,0,4477
50208,FED,DIF,SM,Iowa,104648.0,0,FNNB Bank,0,1.0,4482,1,IA,0,4482
51245,OCC,DIF,N,Iowa,37940.0,0,The First National Bank of Primghar,4155,1.0,4494,0,IA,0,4494
51101,OCC,DIF,N,Iowa,1736177.0,0,"The Security National Bank of Sioux City, Iowa",3124,10.0,4506,0,IA,0,4506
50588,OCC,DIF,N,Iowa,248920.0,0,The Citizens First National Bank of Storm Lake,10034,3.0,4511,1,IA,0,4511
52342,FDIC,DIF,NM,Iowa,144869.0,0,The State Bank of Toledo,0,2.0,4514,1,IA,0,4514
50677,FED,DIF,SM,Iowa,747696.0,0,First Bank,0,8.0,4519,0,IA,0,4519
64624,FDIC,DIF,NM,Missouri,376945.0,0,Pony Express Bank,0,2.0,4526,1,MO,0,4526
63565,FED,DIF,SM,Missouri,568584.0,0,Farmers Bank of Northern Missouri,0,10.0,4539,0,MO,0,4539
63401,OCC,DIF,N,Missouri,995437.0,0,HNB National Bank,6635,15.0,4540,1,MO,0,4540
63143,FDIC,DIF,NM,Missouri,852685.0,0,CNB St Louis Bank,0,6.0,4549,1,MO,0,4549
65275,FED,DIF,SM,Missouri,115949.0,0,TPNB Bank,0,2.0,4556,0,MO,0,4556
64772,OCC,DIF,N,Missouri,116939.0,0,"The First National Bank of Nevada, Missouri",3959,1.0,4598,0,MO,0,4598
67661,OCC,DIF,N,Kansas,176121.0,0,Farmers National Bank,11933,5.0,4611,0,KS,0,4611
66002,FDIC,DIF,NM,Kansas,627375.0,0,Exchange Bank & Trust,0,10.0,4619,0,KS,0,4619
67730,FDIC,DIF,NM,Kansas,158054.0,0,Farmers Bank & Trust,0,4.0,4621,1,KS,0,4621
66713,FED,DIF,SM,Kansas,187243.0,0,American Bank of Baxter Springs,0,3.0,4624,1,KS,0,4624
66415,FDIC,DIF,NM,Kansas,300448.0,0,First Heritage Bank,0,5.0,4636,1,KS,0,4636
67835,OCC,DIF,N,Kansas,145791.0,0,The First National Bank in Cimarron,13329,2.0,4638,1,KS,0,4638
67035,FDIC,DIF,NM,Kansas,44137.0,0,NINNESCAH VALLEY BANK,0,1.0,4652,1,KS,0,4652
67839,OCC,DIF,N,Kansas,83566.0,0,The First National Bank of Dighton,9773,1.0,4654,0,KS,0,4654
67301,FED,DIF,SM,Kansas,245282.0,0,FirstOak Bank,0,4.0,4660,1,KS,0,4660
67045,FDIC,DIF,NM,Kansas,180623.0,0,Home Bank and Trust Company,0,6.0,4664,1,KS,0,4664
66027,OCC,DIF,N,Kansas,1439702.0,0,"Armed Forces Bank, National Association",8796,15.0,4666,0,KS,0,4666
66427,OCC,DIF,N,Kansas,61698.0,0,First National Bank in Frankfort,11916,1.0,4668,1,KS,0,4668
66743,OCC,DIF,N,Kansas,1068527.0,0,"GNBank, National Association",13347,15.0,4673,0,KS,0,4673
66943,OCC,DIF,N,Kansas,232022.0,0,The Citizens National Bank,10789,7.0,4678,0,KS,0,4678
66431,OCC,DIF,N,Kansas,43747.0,0,Ventura National Bank & Trust,11822,1.0,4683,0,KS,0,4683
67451,OCC,DIF,N,Kansas,85556.0,0,The First National Bank of Hope,12384,3.0,4690,1,KS,0,4690
67349,FDIC,DIF,NM,Kansas,79373.0,0,"The Howard State Bank, Howard, Kansas",0,4.0,4693,1,KS,0,4693
67501,OCC,DIF,N,Kansas,1225665.0,0,The First National Bank of Hutchinson,3180,8.0,4697,0,KS,0,4697
66441,OCC,DIF,N,Kansas,1376153.0,0,Central National Bank,4284,35.0,4702,0,KS,0,4702
66101,FDIC,DIF,NM,Kansas,3821766.0,0,Security Bank of Kansas City,0,36.0,4705,0,KS,0,4705
67068,FED,DIF,SM,Kansas,543934.0,0,Citizens Bank of Kansas,0,11.0,4707,1,KS,0,4707
66053,OCC,DIF,N,Kansas,195637.0,0,The First National Bank of Louisburg,11798,3.0,4722,1,KS,0,4722
66861,OCC,DIF,N,Kansas,34912.0,0,The Marion National Bank,7911,1.0,4728,0,KS,0,4728
67651,FDIC,DIF,NM,Kansas,182900.0,0,Southwind Bank,0,2.0,4735,0,KS,0,4735
66064,FED,DIF,SM,Kansas,786352.0,0,First Option Bank,0,10.0,4746,1,KS,0,4746
66524,FDIC,DIF,NM,Kansas,116706.0,0,The First Security Bank,0,4.0,4752,1,KS,0,4752
67661,OCC,DIF,N,Kansas,319340.0,0,First National Bank and Trust,3601,6.0,4756,1,KS,0,4756
67576,FDIC,DIF,NM,Kansas,292454.0,0,SJN Bank of Kansas,0,8.0,4766,0,KS,0,4766
75225,OCC,DIF,N,Texas,8553297.0,0,"Sunflower Bank, National Association",4742,73.0,4767,0,TX,0,4767
67871,OCC,DIF,N,Kansas,172871.0,0,The First National Bank of Scott City,8808,1.0,4769,0,KS,0,4769
67361,OCC,DIF,N,Kansas,63096.0,0,"Elevate Bank, National Association",3855,2.0,4770,1,KS,0,4770
67480,FDIC,DIF,NM,Kansas,181502.0,0,The Solomon State Bank,0,3.0,4773,1,KS,0,4773
67876,OCC,DIF,N,Kansas,58430.0,0,The First National Bank of Spearville,10161,1.0,4774,0,KS,0,4774
68327,OCC,DIF,N,Nebraska,261777.0,0,Western National Bank,10971,12.0,4778,1,NE,0,4778
67878,OCC,DIF,N,Kansas,943759.0,0,"Dream First Bank, National Association",8114,13.0,4779,0,KS,0,4779
67202,FDIC,DIF,NM,Kansas,2773623.0,0,Emprise Bank,0,32.0,4789,1,KS,0,4789
66547,FED,DIF,SM,Kansas,523099.0,0,Bank of the Flint Hills,0,8.0,4791,1,KS,0,4791
66968,FED,DIF,SM,Kansas,88093.0,0,FNB Washington,0,1.0,4792,1,KS,0,4792
66839,OCC,DIF,N,Kansas,101700.0,0,First National Bank of Kansas,6101,3.0,4794,1,KS,0,4794
67152,FDIC,DIF,NM,Kansas,112614.0,0,Bank of Commerce and Trust Company,0,5.0,4796,1,KS,0,4796
67202,OCC,DIF,N,Kansas,6783388.0,0,"Intrust Bank, National Association",2782,41.0,4799,0,KS,0,4799
67202,OCC,DIF,N,Kansas,501718.0,0,Southwest National Bank,12346,8.0,4801,1,KS,0,4801
21601,OCC,DIF,N,Maryland,6203118.0,0,"Shore United Bank, National Association",25270,40.0,4832,0,MD,0,4832
57066,FDIC,DIF,NM,South Dakota,321873.0,0,Security Bank Midwest,0,6.0,485,1,SD,0,485
21550,FDIC,DIF,NM,Maryland,2012851.0,0,First United Bank & Trust,0,23.0,4857,0,MD,0,4857
36401,FDIC,DIF,NM,Alabama,76245.0,0,Bank of Evergreen,0,1.0,49,0,AL,0,49
57656,FDIC,DIF,NM,South Dakota,89193.0,0,Western Dakota Bank,0,2.0,492,1,SD,0,492
37766,FDIC,DIF,NM,Tennessee,231440.0,0,Peoples Bank of the South,0,3.0,4945,1,TN,0,4945
37110,OCC,DIF,N,Tennessee,940511.0,0,The First National Bank of Middle Tennessee,2221,11.0,4952,0,TN,0,4952
37841,OCC,DIF,N,Tennessee,367909.0,0,The First National Bank of Oneida,8039,4.0,4958,1,TN,0,4958
57026,FDIC,DIF,NM,South Dakota,357835.0,0,BankStar Financial,0,3.0,496,1,SD,0,496
37367,FDIC,DIF,NM,Tennessee,223819.0,0,First Farmers & Commercial Bank,0,4.0,4960,0,TN,0,4960
38103,FED,DIF,SM,Tennessee,83823830.0,0,First Horizon Bank,0,421.0,4977,0,TN,0,4977
39201,FED,DIF,SM,Mississippi,18984962.0,0,Trustmark Bank,0,182.0,4988,0,MS,0,4988
39301,OCC,DIF,N,Mississippi,1879784.0,0,The Citizens National Bank of Meridian,7266,28.0,4993,1,MS,0,4993
35582,FDIC,DIF,NM,Alabama,225114.0,0,Community Spirit Bank,0,6.0,50,1,AL,0,50
38655,FED,DIF,SM,Mississippi,931179.0,0,FNB Oxford Bank,0,6.0,5005,0,MS,0,5005
38863,FED,DIF,SM,Mississippi,558741.0,0,First Choice Bank,0,6.0,5006,0,MS,0,5006
57368,FDIC,DIF,NM,South Dakota,172888.0,0,Farmers and Merchants State Bank,0,2.0,501,1,SD,0,501
49036,FDIC,DIF,NM,Michigan,494988.0,0,Century Bank and Trust,0,11.0,5015,0,MI,0,5015
49721,OCC,DIF,N,Michigan,463876.0,0,Citizens National Bank of Cheboygan,13522,10.0,5018,0,MI,0,5018
49036,FDIC,DIF,NM,Michigan,1704832.0,0,Southern Michigan Bank & Trust,0,21.0,5019,0,MI,0,5019
48854,FDIC,DIF,NM,Michigan,1368016.0,0,The Dart Bank,0,4.0,5033,0,MI,0,5033
57437,FDIC,DIF,NM,South Dakota,151313.0,0,Great Plains Bank,0,3.0,505,1,SD,0,505
49930,OCC,DIF,N,Michigan,1052628.0,0,Superior National Bank,9087,10.0,5058,0,MI,0,5058
49801,OCC,DIF,N,Michigan,413807.0,0,First National Bank & Trust Co.,3806,7.0,5062,0,MI,0,5062
49855,FDIC,DIF,NM,Michigan,619781.0,0,Range Bank,0,9.0,5072,0,MI,0,5072
49781,OCC,DIF,N,Michigan,334449.0,0,The First National Bank of St. Ignace,3886,7.0,5074,0,MI,0,5074
49968,OCC,DIF,N,Michigan,53275.0,0,The First National Bank of Wakefield,11305,2.0,5076,0,MI,0,5076
56621,OCC,DIF,N,Minnesota,125567.0,0,The First National Bank of Bagley,6813,2.0,5087,1,MN,0,5087
56601,OCC,DIF,N,Minnesota,1030296.0,0,The First National Bank of Bemidji,5582,3.0,5093,1,MN,0,5093
55358,FDIC,DIF,NM,Minnesota,456716.0,0,Star Bank,0,11.0,5095,1,MN,0,5095
56013,FED,DIF,SM,Minnesota,321164.0,0,First Bank Blue Earth,0,1.0,5097,1,MN,0,5097
35592,FDIC,DIF,NM,Alabama,427698.0,0,The Bank of Vernon,0,5.0,51,0,AL,0,51
84117,OCC,DIF,N,Utah,61988.0,0,B2 Bank National Association,11622,2.0,5105,0,UT,0,5105
56220,FDIC,DIF,NM,Minnesota,86016.0,0,First Security Bank - Canby,0,2.0,5107,1,MN,0,5107
56633,OCC,DIF,N,Minnesota,37387.0,0,Western National Bank,6352,1.0,5110,1,MN,0,5110
55321,OCC,DIF,N,Minnesota,128035.0,0,The First National Bank of Cokato,12395,1.0,5115,1,MN,0,5115
56320,FDIC,DIF,NM,Minnesota,346878.0,0,Granite Bank,0,2.0,5116,0,MN,0,5116
55722,OCC,DIF,N,Minnesota,112687.0,0,The First National Bank of Coleraine,8322,2.0,5117,0,MN,0,5117
56387,FDIC,DIF,NM,Minnesota,1557977.0,0,Deerwood Bank,0,14.0,5123,1,MN,0,5123
55807,OCC,DIF,N,Minnesota,135279.0,0,Western National Bank,13116,3.0,5131,1,MN,0,5131
55330,FDIC,DIF,NM,Minnesota,362488.0,0,First Bank Elk River,0,4.0,5136,0,MN,0,5136
55734,OCC,DIF,N,Minnesota,98188.0,0,The Miners National Bank of Eveleth,6991,1.0,5141,0,MN,0,5141
55332,OCC,DIF,N,Minnesota,34885.0,0,The First National Bank of Fairfax,9771,1.0,5142,1,MN,0,5142
77007,OCC,DIF,N,Texas,2700336.0,0,"Wells Fargo Bank South Central, National Association",11668,1.0,5146,0,TX,0,5146
55741,OCC,DIF,N,Minnesota,87422.0,0,The First National Bank of Gilbert,9262,2.0,5150,0,MN,0,5150
56571,OCC,DIF,N,Minnesota,420541.0,0,"My Kind of Bank, National Association",6906,5.0,5162,1,MN,0,5162
51360,FED,DIF,SM,Iowa,1317428.0,0,Bank Midwest,0,11.0,5170,0,IA,0,5170
56051,FDIC,DIF,NM,Minnesota,111309.0,0,Global Innovations Bank,0,1.0,5175,0,MN,0,5175
55046,OCC,DIF,N,Minnesota,175254.0,0,The First National Bank of Le Center,6921,2.0,5180,1,MN,0,5180
56156,OCC,DIF,N,Minnesota,248954.0,0,First Farmers & Merchants National Bank,13544,2.0,5186,0,MN,0,5186
56065,FED,DIF,SM,Minnesota,885027.0,0,Pioneer Bank,0,6.0,5193,1,MN,0,5193
56556,OCC,DIF,N,Minnesota,46330.0,0,The First National Bank of McIntosh,6488,1.0,5196,1,MN,0,5196
56464,FDIC,DIF,NM,Minnesota,126422.0,0,COMMUNITY FIRST BANK,0,2.0,5197,1,MN,0,5197
56353,OCC,DIF,N,Minnesota,285828.0,0,The First National Bank of Milaca,9050,4.0,5198,1,MN,0,5198
35594,FDIC,DIF,NM,Alabama,293444.0,0,The Citizens Bank of Winfield,0,1.0,52,0,AL,0,52
55767,OCC,DIF,N,Minnesota,135495.0,0,The First National Bank of Moose Lake,12947,2.0,5214,1,MN,0,5214
55057,FED,DIF,SM,Minnesota,575584.0,0,Community Resource Bank,0,4.0,5219,0,MN,0,5219
56360,OCC,DIF,N,Minnesota,96561.0,0,The First National Bank of Osakis,6837,1.0,5221,1,MN,0,5221
56470,OCC,DIF,N,Minnesota,380050.0,0,The Citizens National Bank of Park Rapids,13692,1.0,5223,1,MN,0,5223
55964,FDIC,DIF,NM,Minnesota,425932.0,0,Foresight Bank,0,3.0,5229,1,MN,0,5229
55810,OCC,DIF,N,Minnesota,34506.0,0,The First National Bank of Proctor,11125,1.0,5232,0,MN,0,5232
56082,OCC,DIF,N,Minnesota,434031.0,0,First National Bank Minnesota,1794,4.0,5247,1,MN,0,5247
56378,OCC,DIF,N,Minnesota,285947.0,0,Minnesota National Bank,6417,3.0,5249,1,MN,0,5249
56085,FDIC,DIF,NM,Minnesota,189134.0,0,First Security Bank - Sleepy Eye,0,5.0,5252,1,MN,0,5252
82082,FED,DIF,SM,Wyoming,35509.0,0,Farmers State Bank,0,1.0,526,0,WY,0,526
56484,OCC,DIF,N,Minnesota,840051.0,0,First National Bank North,8476,10.0,5269,1,MN,0,5269
56093,OCC,DIF,N,Minnesota,198453.0,0,"Keen Bank, National Association",6544,3.0,5270,1,MN,0,5270
56098,FDIC,DIF,NM,Minnesota,56960.0,0,First Financial Bank in Winnebago,0,1.0,5278,1,MN,0,5278
55987,OCC,DIF,N,Minnesota,569960.0,0,"WNB FINANCIAL, N.A.",10865,7.0,5280,0,MN,0,5280
54923,FDIC,DIF,NM,Wisconsin,722966.0,0,Fortifi Bank,0,10.0,5286,0,WI,0,5286
82520,FDIC,DIF,NM,Wyoming,207011.0,0,Central Bank and Trust,0,5.0,529,1,WY,0,529
53538,FDIC,DIF,NM,Wisconsin,585975.0,0,PremierBank,0,9.0,5295,0,WI,0,5295
54301,OCC,DIF,N,Wisconsin,45537550.0,0,"Associated Bank, National Association",23695,187.0,5296,0,WI,0,5296
53027,FDIC,DIF,NM,Wisconsin,407402.0,0,FORTE BANK,0,4.0,5297,0,WI,0,5297
54220,OCC,DIF,N,Wisconsin,6064567.0,0,"Bank First, N.A.",4975,45.0,5304,0,WI,0,5304
54143,OCC,DIF,N,Wisconsin,684088.0,0,The Stephenson National Bank and Trust,4137,7.0,5306,1,WI,0,5306
54157,OCC,DIF,N,Wisconsin,299354.0,0,The Peshtigo National Bank,5658,6.0,5317,1,WI,0,5317
54494,FED,DIF,SM,Wisconsin,707460.0,0,WOODTRUST BANK,0,7.0,5335,1,WI,0,5335
54002,FED,DIF,SM,Wisconsin,266827.0,0,Pillar Bank,0,7.0,5336,0,WI,0,5336
54614,OCC,DIF,N,Wisconsin,359371.0,0,The First National Bank of Bangor,13202,5.0,5337,0,WI,0,5337
54017,OCC,DIF,N,Wisconsin,336799.0,0,First National Community Bank,11412,5.0,5357,1,WI,0,5357
54022,OCC,DIF,N,Wisconsin,325888.0,0,The First National Bank of River Falls,7087,3.0,5364,1,WI,0,5364
69210,FED,DIF,SM,Nebraska,135875.0,0,West Plains Bank,0,2.0,5369,0,NE,0,5369
68003,FED,DIF,SM,Nebraska,146228.0,0,Farmers and Merchants Bank of Ashland,0,4.0,5377,0,NE,0,5377
68716,FED,DIF,SM,Nebraska,335354.0,0,First Community Bank,0,5.0,5384,0,NE,0,5384
69130,FDIC,DIF,NM,Nebraska,405220.0,0,Waypoint Bank,0,8.0,5394,1,NE,0,5394
68516,FDIC,DIF,NM,Nebraska,328228.0,0,City Bank & Trust Co.,0,5.0,5396,1,NE,0,5396
35952,FDIC,DIF,NM,Alabama,395319.0,0,The Exchange Bank of Alabama,0,5.0,54,0,AL,0,54
68355,FDIC,DIF,NM,Nebraska,142282.0,0,F&M Bank,0,2.0,5401,1,NE,0,5401
68638,FED,DIF,SM,Nebraska,107079.0,0,First Bank and Trust of Fullerton,0,2.0,5405,0,NE,0,5405
68640,FDIC,DIF,NM,Nebraska,70484.0,0,Genoa Community Bank,0,1.0,5408,1,NE,0,5408
69343,OCC,DIF,N,Nebraska,372974.0,0,The First National Bank of Gordon,8521,1.0,5410,1,NE,0,5410
68516,FDIC,DIF,NM,Nebraska,2139871.0,0,Security First Bank,0,26.0,5415,0,NE,0,5415
68378,OCC,DIF,N,Nebraska,96593.0,0,The First National Bank of Johnson,8161,2.0,5422,0,NE,0,5422
68745,FED,DIF,SM,Nebraska,315961.0,0,Security Bank,0,5.0,5424,1,NE,0,5424
69147,FDIC,DIF,NM,Nebraska,154033.0,0,Legends West Bank,0,2.0,5425,0,NE,0,5425
68038,FED,DIF,SM,Nebraska,501170.0,0,First Northeast Bank of Nebraska,0,8.0,5432,0,NE,0,5432
69001,FED,DIF,SM,Nebraska,593636.0,0,MNB BANK,0,7.0,5434,0,NE,0,5434
68959,FED,DIF,SM,Nebraska,92370.0,0,First Bank and Trust Company,0,1.0,5438,1,NE,0,5438
68959,FDIC,DIF,NM,Nebraska,199144.0,0,Minden Exchange Bank & Trust Company,0,1.0,5439,0,NE,0,5439
82240,FED,DIF,SM,Wyoming,803561.0,0,Platte Valley Bank,0,6.0,5442,0,WY,0,5442
68102,OCC,DIF,N,Nebraska,34725218.0,0,First National Bank of Omaha,209,141.0,5452,0,NE,0,5452
68862,OCC,DIF,N,Nebraska,165392.0,0,First National Bank in Ord,13557,3.0,5460,1,NE,0,5460
68873,FDIC,DIF,NM,Nebraska,232944.0,0,Citizens Bank & Trust Company,0,3.0,5469,0,NE,0,5469
68434,FDIC,DIF,NM,Nebraska,416305.0,0,Cattle Bank and Trust,0,4.0,5472,1,NE,0,5472
68434,FED,DIF,SM,Nebraska,438351.0,0,JONES BANK,0,3.0,5473,1,NE,0,5473
68779,FED,DIF,SM,Nebraska,63079.0,0,Stanton State Bank,0,2.0,5478,0,NE,0,5478
68066,FED,DIF,SM,Nebraska,470290.0,0,FirstBank of Nebraska,0,4.0,5486,1,NE,0,5486
68787,FDIC,DIF,NM,Nebraska,249384.0,0,State Nebraska Bank & Trust,0,2.0,5490,0,NE,0,5490
68791,FED,DIF,SM,Nebraska,653531.0,0,Citizens State Bank,0,17.0,5495,1,NE,0,5495
68467,FED,DIF,SM,Nebraska,2646823.0,0,Cornerstone Bank,0,50.0,5496,1,NE,0,5496
78205,FED,DIF,SM,Texas,52769892.0,0,Frost  Bank,0,219.0,5510,0,TX,0,5510
60543,OCC,DIF,N,Illinois,1717890.0,0,"Servbank, National Association",25346,8.0,55130,0,IL,0,55130
76877,OCC,DIF,N,Texas,82633.0,0,The City National Bank of San Saba,10806,1.0,5518,1,TX,0,5518
76950,OCC,DIF,N,Texas,704745.0,0,The First National Bank of Sonora,5466,9.0,5531,1,TX,0,5531
79782,OCC,DIF,N,Texas,414063.0,0,The First National Bank of Stanton,8094,2.0,5536,0,TX,0,5536
76951,OCC,DIF,N,Texas,259133.0,0,The First National Bank of Sterling City,9813,3.0,5538,1,TX,0,5538
75482,OCC,DIF,N,Texas,1373215.0,0,The City National Bank of Sulphur Springs,3989,17.0,5544,1,TX,0,5544
76574,OCC,DIF,N,Texas,246357.0,0,The City National Bank of Taylor,5275,1.0,5548,1,TX,0,5548
76502,OCC,DIF,N,Texas,2495690.0,0,"Extraco Banks, National Association",13778,16.0,5551,1,TX,0,5551
75489,OCC,DIF,N,Texas,147231.0,0,The First National Bank of Tom Bean,11019,4.0,5557,0,TX,0,5557
75862,OCC,DIF,N,Texas,102577.0,0,The First National Bank of Trinity,13706,3.0,5559,1,TX,0,5559
76689,OCC,DIF,N,Texas,186236.0,0,First National Bank of Bosque County,13675,4.0,5564,1,TX,0,5564
79109,FDIC,DIF,NM,Texas,528406.0,0,Herring Bank,0,12.0,5568,1,TX,0,5568
76384,OCC,DIF,N,Texas,357206.0,0,The Waggoner National Bank of Vernon,5203,2.0,5569,1,TX,0,5569
75165,OCC,DIF,N,Texas,2109952.0,0,Citizens National Bank of Texas,13516,12.0,5574,0,TX,0,5574
76086,OCC,DIF,N,Texas,965376.0,0,First National Bank and Trust Company of Weatherford,2477,16.0,5575,0,TX,0,5575
75418,FDIC,DIF,NM,Texas,152974.0,0,Fannin Bank,0,2.0,5589,0,TX,0,5589
75494,OCC,DIF,N,Texas,156164.0,0,The First National Bank of Winnsboro,5674,3.0,5590,0,TX,0,5590
77995,FDIC,DIF,NM,Texas,381955.0,0,Yoakum Bank,0,5.0,5595,1,TX,0,5595
36081,FDIC,DIF,NM,Alabama,1560774.0,0,Troy Bank & Trust Company,0,13.0,5598,0,AL,0,5598
35125,FDIC,DIF,NM,Alabama,205400.0,0,Union State Bank,0,8.0,5602,0,AL,0,5602
36426,FDIC,DIF,NM,Alabama,50745.0,0,Bank of Brewton,0,2.0,5605,0,AL,0,5605
72833,FED,DIF,SM,Arkansas,1570169.0,0,Chambers Bank,0,26.0,5615,0,AR,0,5615
71826,FDIC,DIF,NM,Arkansas,88671.0,0,COMMUNITY STATE BANK,0,2.0,5619,0,AR,0,5619
71762,FDIC,DIF,NM,Arkansas,248680.0,0,Smackover State Bank,0,4.0,5623,0,AR,0,5623
71860,FDIC,DIF,NM,Arkansas,250988.0,0,Bodcaw Bank,0,3.0,5624,0,AR,0,5624
72863,FDIC,DIF,NM,Arkansas,117295.0,0,Logan County Bank,0,2.0,5632,0,AR,0,5632
72143,FED,DIF,SM,Arkansas,8404781.0,0,First Security Bank,0,80.0,5633,0,AR,0,5633
71667,FED,DIF,SM,Arkansas,128062.0,0,Connect Bank,0,5.0,5634,1,AR,0,5634
72632,FED,DIF,SM,Arkansas,620995.0,0,CS Bank,0,8.0,5635,1,AR,0,5635
33843,FDIC,DIF,NM,Florida,1476326.0,0,Citizens Bank and Trust,0,17.0,5673,1,FL,0,5673
34450,FDIC,DIF,NM,Florida,1021832.0,0,Brannen Bank,0,12.0,5676,1,FL,0,5676
31305,FDIC,DIF,NM,Georgia,620808.0,0,Southeastern Bank,0,10.0,5685,0,GA,0,5685
39846,FDIC,DIF,NM,Georgia,84922.0,0,The Bank of Edison,0,1.0,5686,1,GA,0,5686
31516,FDIC,DIF,NM,Georgia,1538347.0,0,PrimeSouth Bank,0,8.0,5694,0,GA,0,5694
88101,FDIC,DIF,NM,New Mexico,465870.0,0,The Bank of Clovis,0,7.0,57022,0,NM,0,57022
88101,FDIC,DIF,NM,New Mexico,148982.0,0,American Heritage Bank,0,2.0,57025,0,NM,0,57025
80134,FDIC,DIF,NM,Colorado,41751.0,0,Champion Bank,0,2.0,57031,0,CO,0,57031
97301,FDIC,DIF,NM,Oregon,445855.0,0,Willamette Valley Bank,0,4.0,57033,0,OR,0,57033
54301,OCC,DIF,N,Wisconsin,15548303.0,0,Nicolet National Bank,24107,119.0,57038,0,WI,0,57038
30446,FDIC,DIF,NM,Georgia,331214.0,0,Bank of Newington,0,4.0,5704,0,GA,0,5704
92130,OCC,DIF,N,California,4046537.0,0,"California Bank of Commerce, National Association",24100,14.0,57044,0,CA,0,57044
84111,FDIC,DIF,NM,Utah,4965251.0,0,Celtic Bank,0,1.0,57056,0,UT,0,57056
72150,FED,DIF,SM,Arkansas,303722.0,0,PEOPLES BANK,0,3.0,57058,0,AR,0,57058
60067,OCC,DIF,N,Illinois,1020137.0,0,Cornerstone National Bank & Trust Company,24114,5.0,57061,0,IL,0,57061
39211,FDIC,DIF,NM,Mississippi,957007.0,0,Story Bank DBA Story Financial Partners,0,7.0,57069,0,MS,0,57069
30309,FDIC,DIF,NM,Georgia,2675774.0,0,Georgia Banking Company,0,9.0,57071,0,GA,0,57071
93455,FDIC,DIF,NM,California,405124.0,0,Community Bank of Santa Maria,0,2.0,57073,0,CA,0,57073
83814,FDIC,DIF,NM,Idaho,232818.0,0,bankcda,0,7.0,57074,0,ID,0,57074
60062,OCC,DIF,N,Illinois,6810323.0,0,"Northbrook Bank and Trust Company, National Association",25199,7.0,57082,0,IL,0,57082
33131,FDIC,DIF,NM,Florida,5853462.0,0,Emigrant Bank,0,6.0,57083,0,FL,0,57083
30642,FDIC,DIF,NM,Georgia,177458.0,0,The Farmers Bank,0,1.0,5709,0,GA,0,5709
37061,FDIC,DIF,NM,Tennessee,339382.0,0,Traditions First Bank,0,5.0,57092,0,TN,0,57092
53202,OCC,DIF,SB,Wisconsin,521260.0,0,Northwestern Mutual Wealth Management,716662,1.0,57093,0,WI,0,57093
48413,FED,DIF,SM,Michigan,1134884.0,0,Northstar Bank,0,11.0,57097,0,MI,0,57097
91352,FDIC,DIF,NM,California,772560.0,0,Mission Valley Bank,0,4.0,57101,0,CA,0,57101
60173,OCC,DIF,N,Illinois,2394258.0,0,"Schaumburg Bank & Trust Company, National Association",24150,7.0,57103,0,IL,0,57103
46528,OCC,DIF,SB,Indiana,17443.0,0,Everence Trust Company,716425,1.0,57109,0,IN,0,57109
30529,OCC,DIF,N,Georgia,862361.0,0,"First Century Bank, National Association",24169,2.0,57123,0,GA,0,57123
36092,FDIC,DIF,NM,Alabama,697822.0,0,First Community Bank of Central Alabama,0,9.0,57124,1,AL,0,57124
31602,FDIC,DIF,NM,Georgia,601137.0,0,Guardian Bank,0,5.0,57127,1,GA,0,57127
11421,OCC,DIF,SB,New York,848607.0,0,Community Federal Savings Bank,717528,1.0,57129,0,NY,0,57129
02474,OCC,DIF,N,Massachusetts,5078040.0,0,"Leader Bank, National Association",24131,6.0,57134,0,MA,0,57134
86401,FDIC,DIF,NM,Arizona,182236.0,0,Mission Bank,0,3.0,57137,0,AZ,0,57137
64085,FDIC,DIF,NM,Missouri,95464.0,0,Community Bank of Missouri,0,2.0,57141,0,MO,0,57141
31635,FDIC,DIF,NM,Georgia,800620.0,0,Farmers and Merchants Bank,0,6.0,5716,0,GA,0,5716
66211,OCC,DIF,N,Kansas,19658.0,0,National Advisors Trust Company,25145,1.0,57160,0,KS,0,57160
92614,FED,DIF,SM,California,1243344.0,0,Commerce West Bank,0,1.0,57176,0,CA,0,57176
22030,FED,DIF,SM,Virginia,1051579.0,0,The Freedom Bank of Virginia,0,5.0,57184,0,VA,0,57184
85308,OCC,DIF,N,Arizona,1061418.0,0,BNC National Bank,24224,13.0,57197,0,AZ,0,57197
19801,FDIC,DIF,NM,Delaware,46648000.0,0,Barclays Bank Delaware,0,1.0,57203,0,DE,0,57203
61864,FDIC,DIF,NM,Illinois,151942.0,0,Philo Exchange Bank,0,5.0,5722,1,IL,0,5722
18017,FDIC,DIF,NM,Pennsylvania,1843103.0,0,Embassy Bank for the Lehigh Valley,0,10.0,57228,0,PA,0,57228
31533,OCC,DIF,N,Georgia,331550.0,0,Douglas National Bank,24249,1.0,57230,1,GA,0,57230
52401,FED,DIF,SM,Iowa,2866781.0,0,Cedar Rapids Bank and Trust Company,0,9.0,57244,0,IA,0,57244
66221,FDIC,DIF,NM,Kansas,477432.0,0,Cornerstone Bank,0,1.0,57250,1,KS,0,57250
54720,OCC,DIF,N,Wisconsin,1820156.0,0,CCFBank National Association,25088,22.0,57265,0,WI,0,57265
43623,OCC,DIF,N,Ohio,1282436.0,0,"Signature Bank, National Association",24264,2.0,57269,0,OH,0,57269
66508,FDIC,DIF,NM,Kansas,140168.0,0,First Commerce Bank,0,2.0,57273,1,KS,0,57273
80302,FED,DIF,SM,Colorado,358938.0,0,FlatIrons Bank,0,3.0,57280,1,CO,0,57280
80302,OCC,DIF,N,Colorado,792499.0,0,AMG National Trust Bank,24182,8.0,57295,0,CO,0,57295
42437,FDIC,DIF,NM,Kentucky,529027.0,0,"United Community Bank of West Kentucky, Inc.",0,6.0,57301,0,KY,0,57301
63102,FED,DIF,SM,Missouri,20062734.0,0,Stifel Bank and Trust,0,2.0,57311,0,MO,0,57311
89147,FDIC,DIF,NM,Nevada,226529.0,0,Town & Country Bank,0,5.0,57312,1,NV,0,57312
80610,FED,DIF,SM,Colorado,291021.0,0,Farmers Bank,0,2.0,57335,1,CO,0,57335
55107,FDIC,DIF,NM,Minnesota,259829.0,0,Drake Bank,0,1.0,57336,1,MN,0,57336
37934,FED,DIF,SM,Tennessee,3578112.0,0,SouthEast Bank,0,15.0,57348,0,TN,0,57348
63102,FED,DIF,SM,Missouri,12142509.0,0,Stifel Bank,0,1.0,57358,0,MO,0,57358
60177,FDIC,DIF,NM,Illinois,490530.0,0,American Eagle Bank,0,2.0,57359,0,IL,0,57359
06840,FDIC,DIF,NM,Connecticut,3364622.0,0,Bankwell Bank,0,11.0,57368,0,CT,0,57368
33172,FDIC,DIF,NM,Florida,2842514.0,0,U. S. Century Bank,0,10.0,57369,0,FL,0,57369
97365,FDIC,DIF,NM,Oregon,447347.0,0,Oregon Coast Bank,0,7.0,57373,1,OR,0,57373
50158,FDIC,DIF,NM,Iowa,119556.0,0,United Bank & Trust Co.,0,2.0,57391,0,IA,0,57391
37334,FDIC,DIF,NM,Tennessee,232200.0,0,Bank of Lincoln County,0,3.0,57396,0,TN,0,57396
84020,FDIC,DIF,NM,Utah,20995000.0,0,"Optum Bank, Inc.",0,1.0,57408,0,UT,0,57408
76010,FED,DIF,SM,Texas,651207.0,0,Worthington Bank,0,5.0,57414,0,TX,0,57414
40509,OCC,DIF,N,Kentucky,1652652.0,0,"Forcht Bank, National Association",24349,24.0,57415,0,KY,0,57415
38053,FED,DIF,SM,Tennessee,430166.0,0,Patriot Bank,0,10.0,57416,0,TN,0,57416
92612,FDIC,DIF,NM,California,3899410.0,0,Commercial Bank of California,0,10.0,57417,0,CA,0,57417
24426,FED,DIF,SM,Virginia,189654.0,0,Highlands Community Bank,0,3.0,57420,0,VA,0,57420
33957,FDIC,DIF,NM,Florida,1039540.0,0,Sanibel Captiva Community Bank,0,8.0,57425,0,FL,0,57425
32789,FED,DIF,SM,Florida,179329.0,0,Commerce Bank & Trust,0,1.0,57429,1,FL,0,57429
60002,OCC,DIF,N,Illinois,2689580.0,0,"State Bank of the Lakes, National Association",25200,10.0,5744,0,IL,0,5744
91748,FDIC,DIF,NM,California,379100.0,0,American Continental Bank,0,7.0,57444,0,CA,0,57444
84121,FDIC,DIF,NM,Utah,2651012.0,0,Medallion Bank,0,1.0,57449,0,UT,0,57449
76262,FED,DIF,SM,Texas,242914000.0,0,"Charles Schwab Bank, SSB",0,1.0,57450,0,TX,0,57450
98121,FDIC,DIF,NM,Washington,1111947.0,0,Sound Community Bank,0,10.0,57451,0,WA,0,57451
90010,FDIC,DIF,NM,California,3395119.0,0,PCB Bank,0,19.0,57463,0,CA,0,57463
37091,FDIC,DIF,NM,Tennessee,937413.0,0,First Commerce Bank,0,6.0,57465,0,TN,0,57465
55060,FDIC,DIF,NM,Minnesota,100432.0,0,Community Bank Owatonna,0,1.0,57468,0,MN,0,57468
33637,OCC,DIF,SB,Florida,34619.0,0,Members Trust Company,717944,4.0,57470,0,FL,0,57470
35976,FDIC,DIF,NM,Alabama,1166670.0,0,Citizens Bank & Trust,0,10.0,57483,0,AL,0,57483
61088,FDIC,DIF,NM,Illinois,1757504.0,0,Foresight Bank,0,14.0,5749,0,IL,0,5749
73533,FDIC,DIF,NM,Oklahoma,340690.0,0,Bank of Commerce,0,6.0,57491,0,OK,0,57491
78746,FDIC,DIF,NM,Texas,275404.0,0,PrimeBank of Texas,0,3.0,57495,0,TX,0,57495
13126,FDIC,DIF,NM,New York,1414854.0,0,Pathfinder Bank,0,13.0,57497,0,NY,0,57497
51106,OCC,DIF,N,Iowa,605208.0,0,Liberty National Bank,24378,10.0,57505,0,IA,0,57505
95112,FDIC,DIF,NM,California,2572193.0,0,Avidbank,0,3.0,57510,0,CA,0,57510
46901,FDIC,DIF,NM,Indiana,965289.0,0,Community First Bank of Indiana,0,8.0,57511,0,IN,0,57511
85004,FED,DIF,SM,Arizona,98766387.0,0,Western Alliance Bank,0,38.0,57512,0,AZ,0,57512
75205,FDIC,DIF,NM,Texas,915999.0,0,Tolleson Private Bank,0,2.0,57522,1,TX,0,57522
61074,FDIC,DIF,NM,Illinois,198429.0,0,Fidelity Bank,0,6.0,5753,1,IL,0,5753
35121,FDIC,DIF,NM,Alabama,655520.0,0,The Hometown Bank of Alabama,0,5.0,57540,0,AL,0,57540
89074,FDIC,DIF,NM,Nevada,16100274.0,0,Toyota Financial Savings Bank,0,1.0,57542,0,NV,0,57542
76107,OCC,DIF,N,Texas,563285.0,0,"Trinity Bank, N.A.",24397,1.0,57543,0,TX,0,57543
66614,FED,DIF,SM,Kansas,335781.0,0,Heritage Bank,0,3.0,57548,1,KS,0,57548
35055,FDIC,DIF,NM,Alabama,875139.0,0,Traditions Bank,0,6.0,57554,0,AL,0,57554
84111,OCC,DIF,N,Utah,122261832.0,0,"UBS Bank USA, National Association",25396,1.0,57565,0,UT,0,57565
35570,FDIC,DIF,NM,Alabama,197894.0,0,PeoplesTrust Bank,0,3.0,57569,0,AL,0,57569
84020,FDIC,DIF,NM,Utah,13310873.0,0,Comenity Capital Bank,0,1.0,57570,0,UT,0,57570
84101,FDIC,DIF,NM,Utah,180667.0,0,Continental Bank,0,1.0,57571,1,UT,0,57571
65536,FDIC,DIF,NM,Missouri,420558.0,0,Heritage Bank of the Ozarks,0,3.0,57576,0,MO,0,57576
31513,FDIC,DIF,NM,Georgia,248727.0,0,Community Bank of Georgia,0,2.0,57579,0,GA,0,57579
91203,FDIC,DIF,NM,California,974262.0,0,Golden State Bank,0,3.0,57585,0,CA,0,57585
80132,FDIC,DIF,NM,Colorado,452902.0,0,Integrity Bank & Trust,0,6.0,57587,0,CO,0,57587
95060,FDIC,DIF,NM,California,2895001.0,0,West Coast Community Bank,0,10.0,57591,0,CA,0,57591
32720,FDIC,DIF,NM,Florida,947978.0,0,Mainstreet Community Bank of Florida,0,9.0,57598,0,FL,0,57598
56329,OCC,DIF,N,Minnesota,885725.0,0,Falcon National Bank,24373,6.0,57603,0,MN,0,57603
80202,FDIC,DIF,NM,Colorado,3238793.0,0,First Western Trust Bank,0,15.0,57607,0,CO,0,57607
95501,FDIC,DIF,NM,California,543402.0,0,Redwood Capital Bank,0,4.0,57610,0,CA,0,57610
20854,FDIC,DIF,NM,Maryland,8250749.0,0,Forbright Bank,0,3.0,57614,0,MD,0,57614
16214,FDIC,DIF,NM,Pennsylvania,259706.0,0,Clarion County Community Bank,0,5.0,57624,0,PA,0,57624
48604,FDIC,DIF,NM,Michigan,484231.0,0,1st State Bank,0,5.0,57626,0,MI,0,57626
37110,FDIC,DIF,NM,Tennessee,236574.0,0,Homeland Community Bank,0,4.0,57632,0,TN,0,57632
98043,FDIC,DIF,SI,Washington,3203414.0,0,1st Security Bank of Washington,0,30.0,57633,0,WA,0,57633
35501,FDIC,DIF,NM,Alabama,95134.0,0,Bank of Walker County,0,2.0,57640,1,AL,0,57640
55118,FDIC,DIF,NM,Minnesota,313092.0,0,Gateway Bank,0,2.0,57644,1,MN,0,57644
37745,FDIC,DIF,NM,Tennessee,180818.0,0,Heritage Community Bank,0,4.0,57656,0,TN,0,57656
10314,FED,DIF,SM,New York,643885.0,0,Empire State Bank,0,7.0,57672,0,NY,0,57672
47932,FDIC,DIF,NM,Indiana,854676.0,0,The Fountain Trust Company,0,20.0,5768,0,IN,0,5768
30110,OCC,DIF,N,Georgia,487606.0,0,"American Commerce Bank, National Association",24456,4.0,57686,0,GA,0,57686
39819,OCC,DIF,N,Georgia,349174.0,0,First National Bank of Decatur County,24458,6.0,57694,0,GA,0,57694
60643,OCC,DIF,N,Illinois,2658605.0,0,"Beverly Bank & Trust Company, National Association",24466,8.0,57701,0,IL,0,57701
75248,OCC,DIF,N,Texas,1047405.0,0,"T Bank, National Association",24467,1.0,57703,0,TX,0,57703
97401,FDIC,DIF,NM,Oregon,1350574.0,0,Summit Bank,0,5.0,57706,0,OR,0,57706
12414,FDIC,DIF,NM,New York,1411198.0,0,Greene County Commercial Bank,0,1.0,57710,0,NY,0,57710
94596,FED,DIF,SM,California,2632362.0,0,United Business Bank,0,34.0,57716,0,CA,0,57716
93901,FDIC,DIF,NM,California,627944.0,0,Pacific Valley Bank,0,5.0,57740,0,CA,0,57740
81301,FDIC,DIF,NM,Colorado,646677.0,0,First Southwest Bank,0,6.0,57741,0,CO,0,57741
22030,FED,DIF,SM,Virginia,2220487.0,0,MainStreet Bank,0,7.0,57742,0,VA,0,57742
60473,FDIC,DIF,NM,Illinois,1562101.0,0,Providence Bank & Trust,0,16.0,57754,0,IL,0,57754
29928,FED,DIF,SM,South Carolina,2346155.0,0,Coastal States Bank,0,11.0,57756,0,SC,0,57756
19087,FDIC,DIF,NM,Pennsylvania,2575135.0,0,Meridian Bank,0,6.0,57777,0,PA,0,57777
28734,FDIC,DIF,NM,North Carolina,285744.0,0,Nantahala Bank & Trust Company,0,3.0,57784,0,NC,0,57784
55044,FDIC,DIF,NM,Minnesota,208551.0,0,Lakeview Bank,0,2.0,57785,0,MN,0,57785
47220,FDIC,DIF,NM,Indiana,325598.0,0,The Peoples Bank,0,4.0,5779,0,IN,0,5779
84070,FED,DIF,SM,Utah,185664000.0,0,Ally Bank,0,1.0,57803,0,UT,0,57803
11106,OCC,DIF,SB,New York,852770.0,0,Quontic Bank,717974,1.0,57807,0,NY,0,57807
63901,FDIC,DIF,NM,Missouri,1571899.0,0,Sterling Bank,0,16.0,57813,0,MO,0,57813
33122,FDIC,DIF,NM,Florida,5775714.0,0,Banesco USA,0,5.0,57815,0,FL,0,57815
37215,FED,DIF,SM,Tennessee,1370609.0,0,Truxton Trust Company,0,1.0,57825,0,TN,0,57825
89134,FDIC,DIF,NM,Nevada,13025805.0,0,Beal Bank USA,0,11.0,57833,0,NV,0,57833
10017,FDIC,DIF,NM,New York,3490.0,0,Emigrant Mercantile Bank,0,1.0,57834,0,NY,0,57834
73118,FDIC,DIF,NM,Oklahoma,840668.0,0,Valliance Bank,0,6.0,57841,0,OK,0,57841
81505,FDIC,DIF,NM,Colorado,828620.0,0,Timberline Bank,0,3.0,57857,0,CO,0,57857
47579,FDIC,DIF,NM,Indiana,131393.0,0,Spencer County Bank,0,5.0,5786,0,IN,0,5786
42728,FDIC,DIF,NM,Kentucky,277569.0,0,United Citizens Bank of Southern Kentucky,0,6.0,57867,0,KY,0,57867
41701,FDIC,DIF,NM,Kentucky,345912.0,0,"1st Trust Bank, Inc.",0,4.0,57869,0,KY,0,57869
97068,FDIC,DIF,NM,Oregon,403359.0,0,Pacific West Bank,0,4.0,57872,0,OR,0,57872
90010,FED,DIF,SM,California,1990854.0,0,Commonwealth Business Bank,0,11.0,57873,0,CA,0,57873
38119,FDIC,DIF,NM,Tennessee,892335.0,0,Paragon Bank,0,10.0,57874,0,TN,0,57874
30052,FDIC,DIF,NM,Georgia,205888.0,0,Legacy State Bank,0,2.0,57882,0,GA,0,57882
63042,FDIC,DIF,NM,Missouri,88989.0,0,Paramount Bank,0,3.0,57884,0,MO,0,57884
22102,OCC,DIF,N,Virginia,167705510.0,0,"HSBC Bank USA, National Association",24522,22.0,57890,0,VA,0,57890
62959,FDIC,DIF,NM,Illinois,282688.0,0,SouthernTrust Bank,0,3.0,57897,0,IL,0,57897
63376,FDIC,DIF,NM,Missouri,206068.0,0,1st Advantage Bank,0,1.0,57899,0,MO,0,57899
75229,FDIC,DIF,NM,Texas,285730.0,0,One World Bank,0,4.0,57901,0,TX,0,57901
95404,FDIC,DIF,NM,California,7796215.0,0,Poppy Bank,0,39.0,57903,0,CA,0,57903
50421,FDIC,DIF,NM,Iowa,138416.0,0,First State Bank,0,1.0,5791,0,IA,0,5791
50658,FDIC,DIF,NM,Iowa,72225.0,0,First State Bank,0,1.0,57910,0,IA,0,57910
74344,FDIC,DIF,NM,Oklahoma,239560.0,0,Bank of Grand Lake,0,2.0,57915,1,OK,0,57915
07632,FDIC,DIF,NM,New Jersey,14200455.0,0,ConnectOne Bank,0,62.0,57919,0,NJ,0,57919
51436,FDIC,DIF,NM,Iowa,106197.0,0,Breda Savings Bank,0,1.0,5792,0,IA,0,5792
84010,FDIC,DIF,NM,Utah,1059474.0,0,Prime Alliance Bank,0,1.0,57920,1,UT,0,57920
75204,FDIC,DIF,NM,Texas,816643.0,0,Harmony Bank,0,11.0,57922,0,TX,0,57922
30501,FDIC,DIF,NM,Georgia,789280.0,0,Peach State Bank & Trust,0,3.0,57923,0,GA,0,57923
33418,FED,DIF,SM,Florida,606938.0,0,Anchor Bank,0,6.0,57931,0,FL,0,57931
89031,FDIC,DIF,NM,Nevada,250405.0,0,Valley Bank of Nevada,0,3.0,57933,0,NV,0,57933
90017,FDIC,DIF,NM,California,2699382.0,0,Open Bank,0,17.0,57944,0,CA,0,57944
59718,FDIC,DIF,NM,Montana,110709.0,0,Bank of Bozeman,0,1.0,57952,0,MT,0,57952
72762,FED,DIF,SM,Arkansas,1221577.0,0,Legacy Bank,0,10.0,57953,0,AR,0,57953
02903,OCC,DIF,N,Rhode Island,227134099.0,0,"Citizens Bank, National Association",24571,975.0,57957,0,RI,0,57957
50266,FDIC,DIF,NM,Iowa,383147.0,0,Earlham Savings Bank,0,9.0,5796,0,IA,0,5796
19341,FDIC,DIF,NM,Pennsylvania,810963.0,0,First Resource Bank,0,3.0,57967,0,PA,0,57967
22560,FED,DIF,SM,Virginia,4238557.0,0,Primis Bank,0,28.0,57968,0,VA,0,57968
50459,FDIC,DIF,NM,Iowa,221409.0,0,Farmers State Bank,0,8.0,5797,0,IA,0,5797
92683,OCC,DIF,N,California,95231.0,0,"California International Bank, N.A.",24577,1.0,57974,0,CA,0,57974
48381,FDIC,DIF,NM,Michigan,286693.0,0,Huron Valley State Bank,0,3.0,57990,0,MI,0,57990
35209,FDIC,DIF,NM,Alabama,18170078.0,0,ServisFirst Bank,0,33.0,57993,0,AL,0,57993
35406,FDIC,DIF,NM,Alabama,2915023.0,0,Bryant Bank,0,18.0,57997,1,AL,0,57997
36502,FDIC,DIF,NM,Alabama,1452054.0,0,United Bank,0,20.0,58,0,AL,0,58
51031,OCC,DIF,N,Iowa,546511.0,0,"American Bank, National Association",22286,2.0,5800,1,IA,0,5800
59912,FDIC,DIF,NM,Montana,147028.0,0,Freedom Bank,0,1.0,58010,0,MT,0,58010
63124,FDIC,DIF,NM,Missouri,1177177.0,0,St. Louis Bank,0,2.0,58018,0,MO,0,58018
80525,FED,DIF,SM,Colorado,207082.0,0,Verus Bank of Commerce,0,1.0,58025,0,CO,0,58025
32801,FDIC,DIF,NM,Florida,599794.0,0,Sunrise Bank,0,4.0,58029,1,FL,0,58029
33431,FED,DIF,SM,Florida,444871.0,0,Paradise Bank,0,3.0,58030,1,FL,0,58030
92602,FDIC,DIF,NM,California,122227.0,0,California Business Bank,0,1.0,58037,0,CA,0,58037
55014,FDIC,DIF,NM,Minnesota,866895.0,0,First Resource Bank,0,6.0,58039,0,MN,0,58039
40245,FDIC,DIF,NM,Kentucky,495100.0,0,"Eclipse Bank, Inc.",0,4.0,58049,0,KY,0,58049
08701,FDIC,DIF,NM,New Jersey,1820457.0,0,First Commerce Bank,0,11.0,58054,0,NJ,0,58054
55391,FDIC,DIF,NM,Minnesota,2675658.0,0,Tradition Capital Bank,0,4.0,58057,0,MN,0,58057
91748,FDIC,DIF,NM,California,1141218.0,0,First General Bank,0,5.0,58060,0,CA,0,58060
55416,FDIC,DIF,NM,Minnesota,252544.0,0,VisionBank,0,1.0,58063,1,MN,0,58063
94104,FDIC,DIF,NM,California,767510.0,0,Bank of San Francisco,0,2.0,58069,0,CA,0,58069
31721,FDIC,DIF,NM,Georgia,351829.0,0,Flint Community Bank,0,2.0,58074,1,GA,0,58074
38501,FDIC,DIF,NM,Tennessee,176704.0,0,Putnam 1st Mercantile Bank,0,3.0,58079,1,TN,0,58079
78757,FDIC,DIF,SI,Texas,422410.0,0,Austin Capital Bank SSB,0,15.0,58082,0,TX,0,58082
35243,FDIC,DIF,NM,Alabama,1444006.0,0,SouthPoint Bank,0,11.0,58088,0,AL,0,58088
93711,FDIC,DIF,NM,California,1571464.0,0,FFB Bank,0,3.0,58090,0,CA,0,58090
83638,FDIC,DIF,NM,Idaho,1371673.0,0,Idaho First Bank,0,9.0,58095,0,ID,0,58095
36201,FED,DIF,SM,Alabama,439752.0,0,NobleBank & Trust,0,6.0,58111,0,AL,0,58111
33761,FDIC,DIF,NM,Florida,761702.0,0,Flagship Bank,0,7.0,58113,0,FL,0,58113
62220,FDIC,DIF,NM,Illinois,549049.0,0,Bank of Belleville,0,4.0,58114,0,IL,0,58114
65807,FED,DIF,SM,Missouri,3135122.0,0,Oakstar Bank,0,28.0,58115,0,MO,0,58115
63131,FDIC,DIF,NM,Missouri,1002435.0,0,Triad Bank,0,2.0,58121,0,MO,0,58121
50025,FDIC,DIF,NM,Iowa,166950.0,0,Audubon State Bank,0,1.0,5814,1,IA,0,5814
11753,OCC,DIF,N,New York,2405103.0,0,"Esquire Bank, National Association",25125,2.0,58140,0,NY,0,58140
84101,FDIC,DIF,NM,Utah,360510.0,0,Milestone Bank,0,1.0,58148,0,UT,0,58148
60062,OCC,DIF,N,Illinois,204957.0,0,"SmartBiz Bank, National Association",24617,1.0,58158,0,IL,0,58158
40503,FDIC,DIF,NM,Kentucky,399363.0,0,"Bank of Lexington, Inc.",0,4.0,58164,0,KY,0,58164
60634,FDIC,DIF,NM,Illinois,1028368.0,0,Belmont Bank & Trust Company,0,5.0,58165,0,IL,0,58165
50627,FDIC,DIF,NM,Iowa,403464.0,0,Hardin County Savings Bank,0,2.0,5817,1,IA,0,5817
84101,FDIC,DIF,NM,Utah,29457314.0,0,Sallie Mae Bank,0,1.0,58177,0,UT,0,58177
30340,FDIC,DIF,NM,Georgia,4633553.0,0,Metro City Bank,0,31.0,58181,0,GA,0,58181
00802,FDIC,DIF,NM,U.S. Virgin Islands,526107.0,0,Merchants Commercial Bank,0,0.0,58184,1,VI,0,58184
19801,OCC,DIF,N,Delaware,56652.0,0,"HSBC Trust Company (Delaware), National Association",24601,1.0,58188,0,DE,0,58188
52620,FDIC,DIF,NM,Iowa,61524.0,0,State Central Bank,0,4.0,5820,1,IA,0,5820
37388,FED,DIF,SM,Tennessee,423716.0,0,First Vision Bank of Tennessee,0,5.0,58201,0,TN,0,58201
11354,FDIC,DIF,NM,New York,614270.0,0,NewBank,0,6.0,58203,0,NY,0,58203
37087,FDIC,DIF,NM,Tennessee,781115.0,0,First Freedom Bank,0,6.0,58208,0,TN,0,58208
50153,FDIC,DIF,NM,Iowa,390115.0,0,First State Bank,0,7.0,5821,1,IA,0,5821
55416,FDIC,DIF,NM,Minnesota,5323177.0,0,Bridgewater Bank,0,10.0,58210,0,MN,0,58210
60423,FDIC,DIF,NM,Illinois,174687.0,0,Town Center Bank,0,2.0,58214,0,IL,0,58214
60172,OCC,DIF,N,Illinois,8213.0,0,BMO Harris Central National Association,24536,1.0,58216,0,IL,0,58216
90603,FED,DIF,SM,California,489849.0,0,First Pacific Bank,0,5.0,58218,0,CA,0,58218
38401,FDIC,DIF,NM,Tennessee,417914.0,0,Heritage Bank & Trust,0,5.0,58220,0,TN,0,58220
84111,OCC,DIF,N,Utah,1388684.0,0,Column National Association,24626,1.0,58224,0,UT,0,58224
70801,FDIC,DIF,NM,Louisiana,8903421.0,0,b1BANK,0,63.0,58228,0,LA,0,58228
91776,FDIC,DIF,NM,California,450670.0,0,Pacific Alliance Bank,0,3.0,58234,0,CA,0,58234
27804,FDIC,DIF,NM,North Carolina,1459963.0,0,Providence Bank,0,10.0,58239,0,NC,0,58239
20190,FED,DIF,SM,Virginia,2348668.0,0,John Marshall Bank,0,8.0,58243,0,VA,0,58243
36066,FDIC,DIF,NM,Alabama,3915224.0,0,River Bank & Trust,0,25.0,58255,0,AL,0,58255
06820,FDIC,DIF,NM,Connecticut,860651.0,0,DR Bank,0,2.0,58257,0,CT,0,58257
49007,OCC,DIF,N,Michigan,982437.0,0,First National Bank of Michigan,24637,7.0,58259,0,MI,0,58259
66502,OCC,DIF,N,Kansas,1600806.0,0,Landmark National Bank,23038,29.0,5826,0,KS,0,5826
10038,FDIC,DIF,NM,New York,279566.0,0,Global Bank,0,3.0,58263,0,NY,0,58263
60018,FDIC,DIF,NM,Illinois,1950418.0,0,Signature Bank,0,3.0,58264,0,IL,0,58264
95993,FDIC,DIF,NM,California,764212.0,0,River Valley Community Bank,0,5.0,58276,0,CA,0,58276
95926,FDIC,DIF,NM,California,577734.0,0,Golden Valley Bank,0,5.0,58278,0,CA,0,58278
93101,FDIC,DIF,NM,California,1422849.0,0,American Riviera Bank,0,9.0,58281,0,CA,0,58281
59860,FDIC,DIF,NM,Montana,177918.0,0,Eagle Bank,0,1.0,58282,0,MT,0,58282
30165,FDIC,DIF,NM,Georgia,416865.0,0,River City Bank,0,2.0,58289,0,GA,0,58289
92037,FDIC,DIF,NM,California,2693463.0,0,CalPrivate Bank,0,7.0,58291,0,CA,0,58291
95020,FDIC,DIF,NM,California,945774.0,0,Pinnacle Bank,0,4.0,58297,0,CA,0,58297
66434,FDIC,DIF,NM,Kansas,106009.0,0,Citizens State Bank and Trust Company,0,2.0,5830,1,KS,0,5830
65686,FDIC,DIF,NM,Missouri,541895.0,0,Table Rock Community Bank,0,7.0,58300,1,MO,0,58300
55402,OCC,DIF,SB,Minnesota,25514060.0,0,"Ameriprise Bank, FSB",718164,2.0,58303,0,MN,0,58303
06807,FDIC,DIF,NM,Connecticut,806830.0,0,The First Bank of Greenwich,0,3.0,58307,0,CT,0,58307
77845,FDIC,DIF,NM,Texas,2826945.0,0,American Momentum Bank,0,32.0,58309,0,TX,0,58309
92844,FDIC,DIF,NM,California,1563129.0,0,US Metro Bank,0,11.0,58310,0,CA,0,58310
19958,FDIC,DIF,NM,Delaware,419580.0,0,Community Bank Delaware,0,4.0,58311,0,DE,0,58311
60451,OCC,DIF,N,Illinois,3321035.0,0,"Old Plank Trail Community Bank, National Association",24646,15.0,58314,0,IL,0,58314
70808,OCC,DIF,N,Louisiana,3865992.0,0,"Investar Bank, National Association",25185,38.0,58316,0,LA,0,58316
99202,FDIC,DIF,NM,Washington,283745.0,0,RiverBank,0,3.0,58322,0,WA,0,58322
77063,FDIC,DIF,NM,Texas,200266.0,0,Lone Star Bank,0,4.0,58324,0,TX,0,58324
98201,FDIC,DIF,NM,Washington,871507.0,0,Mountain Pacific Bank,0,6.0,58341,0,WA,0,58341
60016,FDIC,DIF,NM,Illinois,835398.0,0,Millennium Bank,0,3.0,58348,1,IL,0,58348
67654,FDIC,DIF,NM,Kansas,498476.0,0,The First State Bank,0,5.0,5835,1,KS,0,5835
36467,FDIC,DIF,NM,Alabama,402890.0,0,Southern Independent Bank,0,3.0,58357,0,AL,0,58357
68022,FDIC,DIF,NM,Nebraska,191973.0,0,United Republic Bank,0,3.0,58359,0,NE,0,58359
19123,FDIC,DIF,NM,Pennsylvania,553030.0,0,Hyperion Bank,0,2.0,58371,0,PA,0,58371
33647,FDIC,DIF,NM,Florida,389728.0,0,Central Bank,0,4.0,58377,0,FL,0,58377
41314,FDIC,DIF,NM,Kentucky,68593.0,0,Farmers State Bank,0,2.0,5838,1,KY,0,5838
82601,FED,DIF,SM,Wyoming,568499.0,0,Jonah Bank of Wyoming,0,4.0,58396,0,WY,0,58396
91776,FDIC,DIF,NM,California,515129.0,0,Mega Bank,0,4.0,58401,0,CA,0,58401
85016,OCC,DIF,N,Arizona,525083.0,0,"Goldwater Bank, N.A.",24671,2.0,58405,0,AZ,0,58405
98036,FED,DIF,SM,Washington,401831.0,0,UniBank,0,4.0,58407,0,WA,0,58407
07024,FDIC,DIF,NM,New Jersey,8708837.0,0,Cross River Bank,0,2.0,58410,0,NJ,0,58410
30043,OCC,DIF,N,Georgia,232778.0,0,Embassy National Bank,24679,1.0,58413,0,GA,0,58413
64080,FDIC,DIF,NM,Missouri,136830.0,0,Community Bank of Pleasant Hill,0,1.0,58423,0,MO,0,58423
11102,FDIC,DIF,NM,New York,1548229.0,0,Alma Bank,0,13.0,58424,0,NY,0,58424
85395,OCC,DIF,N,Arizona,76471.0,0,West Valley National Bank,24683,3.0,58426,0,AZ,0,58426
43617,OCC,DIF,N,Ohio,1717591.0,0,"Waterford Bank, N.A.",24685,4.0,58433,0,OH,0,58433
89148,FDIC,DIF,NM,Nevada,305817.0,0,First Security Bank of Nevada,0,2.0,58443,0,NV,0,58443
98402,FED,DIF,SM,Washington,697257.0,0,Commencement Bank,0,6.0,58446,0,WA,0,58446
77511,OCC,DIF,N,Texas,190494.0,0,"Texas Advantage Community Bank, National Association",24693,2.0,58450,0,TX,0,58450
15219,FED,DIF,SM,Pennsylvania,23247121.0,0,TriState Capital Bank,0,2.0,58457,0,PA,0,58457
37863,FED,DIF,SM,Tennessee,5900269.0,0,SmartBank,0,43.0,58463,0,TN,0,58463
91007,OCC,DIF,N,California,890687.0,0,"American Plus Bank, N.A.",24716,4.0,58469,0,CA,0,58469
40047,FDIC,DIF,NM,Kentucky,120298.0,0,"Peoples Bank, Mt. Washington",0,2.0,5847,1,KY,0,5847
15522,FDIC,DIF,NM,Pennsylvania,452917.0,0,Hometown Bank of Pennsylvania,0,7.0,58470,0,PA,0,58470
33813,FDIC,DIF,NM,Florida,1251302.0,0,Bank of Central Florida,0,6.0,58479,0,FL,0,58479
08690,FDIC,DIF,NM,New Jersey,3970761.0,0,First Bank,0,26.0,58481,0,NJ,0,58481
59802,FDIC,DIF,NM,Montana,349305.0,0,Bank of Montana,0,1.0,58482,1,MT,0,58482
75209,FED,DIF,SM,Texas,1495075.0,0,Pegasus Bank,0,3.0,58483,0,TX,0,58483
77418,FDIC,DIF,NM,Texas,510715.0,0,Austin County State Bank,0,5.0,58484,0,TX,0,58484
94612,FDIC,DIF,NM,California,1973803.0,0,Beneficial State Bank,0,9.0,58490,0,CA,0,58490
22903,OCC,DIF,N,Virginia,1620643.0,0,Old Dominion National Bank,24730,6.0,58504,0,VA,0,58504
80634,FDIC,DIF,NM,Colorado,382764.0,0,First FarmBank,0,6.0,58508,0,CO,0,58508
78621,FDIC,DIF,NM,Texas,1054639.0,0,Frontier Bank of Texas,0,11.0,58509,0,TX,0,58509
55128,FDIC,DIF,NM,Minnesota,708018.0,0,Platinum Bank,0,2.0,58511,1,MN,0,58511
08540,FDIC,DIF,NM,New Jersey,2253363.0,0,The Bank of Princeton,0,35.0,58513,0,NJ,0,58513
76426,FDIC,DIF,NM,Texas,200090.0,0,The Community Bank,0,2.0,58517,0,TX,0,58517
80226,OCC,DIF,N,Colorado,1611204.0,0,Solera National Bank,24737,1.0,58534,0,CO,0,58534
55901,OCC,DIF,SB,Minnesota,2272510.0,0,Think Mutual Bank,718037,9.0,58536,0,MN,0,58536
33525,FDIC,DIF,NM,Florida,438806.0,0,BankFlorida,0,6.0,58537,0,FL,0,58537
42141,FDIC,DIF,NM,Kentucky,2166977.0,0,"South Central Bank,  Inc.",0,27.0,5854,0,KY,0,5854
60610,FDIC,DIF,NM,Illinois,463108.0,0,Gold Coast Bank,0,1.0,58556,0,IL,0,58556
24551,FED,DIF,SM,Virginia,500384.0,0,Select Bank,0,6.0,58563,0,VA,0,58563
31204,FDIC,DIF,NM,Georgia,810680.0,0,American Pride Bank,0,5.0,58584,0,GA,0,58584
58316,FDIC,DIF,NM,North Dakota,111431.0,0,Turtle Mountain State Bank,0,1.0,58586,1,ND,0,58586
92691,FDIC,DIF,NM,California,614543.0,0,Partners Bank of California,0,2.0,58588,0,CA,0,58588
92618,FED,DIF,SM,California,859584.0,0,Nano Banc,0,1.0,58590,0,CA,0,58590
22101,OCC,DIF,N,Virginia,1918524.0,0,"Chain Bridge Bank, National Association",24755,1.0,58595,0,VA,0,58595
24112,FED,DIF,SM,Virginia,4778484.0,0,Carter Bank & Trust,0,66.0,58596,0,VA,0,58596
60435,FDIC,DIF,NM,Illinois,244442.0,0,PeopleFirst Bank,0,2.0,58597,0,IL,0,58597
55021,FDIC,DIF,NM,Minnesota,331168.0,0,Reliance Bank,0,1.0,58602,1,MN,0,58602
63670,FDIC,DIF,NM,Missouri,787128.0,0,MRV Banks,0,5.0,58619,0,MO,0,58619
89148,FDIC,DIF,NM,Nevada,1389768.0,0,GBank,0,2.0,58626,0,NV,0,58626
36701,FDIC,DIF,NM,Alabama,199440.0,0,First Cahawba Bank,0,4.0,58636,0,AL,0,58636
32751,FDIC,DIF,NM,Florida,307036.0,0,First Colony Bank of Florida,0,1.0,58644,1,FL,0,58644
30096,FDIC,DIF,NM,Georgia,840411.0,0,PromiseOne Bank,0,10.0,58657,1,GA,0,58657
23294,FED,DIF,SM,Virginia,345170.0,0,"Locus Bank, Inc.",0,2.0,58658,0,VA,0,58658
28403,FDIC,DIF,NM,North Carolina,15229819.0,0,Live Oak Banking Company,0,1.0,58665,0,NC,0,58665
10452,FDIC,DIF,NM,New York,646922.0,0,Spring Bank,0,2.0,58668,0,NY,0,58668
21842,FDIC,DIF,NM,Maryland,661276.0,0,Bank of Ocean City,0,6.0,5867,0,MD,0,5867
11040,FDIC,DIF,NM,New York,2369373.0,0,Hanover Community Bank,0,10.0,58675,0,NY,0,58675
85212,FDIC,DIF,NM,Arizona,246642.0,0,Gateway Commercial Bank,0,1.0,58678,0,AZ,0,58678
73071,FDIC,DIF,NM,Oklahoma,114037.0,0,Great Nations Bank,0,3.0,58680,0,OK,0,58680
30005,OCC,DIF,N,Georgia,410939.0,0,Touchmark National Bank,24789,1.0,58687,0,GA,0,58687
29577,FDIC,DIF,NM,South Carolina,1929221.0,0,South Atlantic Bank,0,12.0,58689,0,SC,0,58689
28117,FDIC,DIF,NM,North Carolina,623330.0,0,BlueHarbor Bank,0,3.0,58691,0,NC,0,58691
32137,FDIC,DIF,NM,Florida,565225.0,0,Intracoastal Bank,0,3.0,58692,1,FL,0,58692
32312,FDIC,DIF,NM,Florida,956408.0,0,Prime Meridian Bank,0,4.0,58694,0,FL,0,58694
22030,FED,DIF,SM,Virginia,2330933.0,0,FVCbank,0,8.0,58696,0,VA,0,58696
07607,FDIC,DIF,NM,New Jersey,856060.0,0,Freedom Bank,0,5.0,58712,0,NJ,0,58712
77338,FED,DIF,SM,Texas,6575390.0,0,Third Coast Bank,0,23.0,58716,0,TX,0,58716
89148,FDIC,DIF,NM,Nevada,1452569.0,0,Meadows Bank,0,6.0,58722,0,NV,0,58722
57701,OCC,DIF,N,South Dakota,495893.0,0,"Black Hills Community Bank, N.A.",24798,2.0,58723,1,SD,0,58723
68516,FDIC,DIF,NM,Nebraska,238697.0,0,Nebraska Bank of Commerce,0,2.0,58724,0,NE,0,58724
68114,FDIC,DIF,NM,Nebraska,1002243.0,0,Access Bank,0,6.0,58727,0,NE,0,58727
21798,FDIC,DIF,NM,Maryland,469634.0,0,Woodsboro Bank,0,5.0,5873,0,MD,0,5873
81052,FDIC,DIF,NM,Colorado,212212.0,0,Community State Bank,0,2.0,58732,1,CO,0,58732
75207,FDIC,DIF,NM,Texas,1370351.0,0,Texas Security Bank,0,4.0,58739,0,TX,0,58739
21811,FDIC,DIF,NM,Maryland,993460.0,0,"Calvin B. Taylor Banking Company of Berlin, Maryland",0,12.0,5874,0,MD,0,5874
06830,FED,DIF,SM,Connecticut,943648.0,0,Fieldpoint Private Bank & Trust,0,2.0,58741,0,CT,0,58741
88011,FDIC,DIF,NM,New Mexico,174651.0,0,"First New Mexico Bank, Las Cruces",0,3.0,58745,0,NM,0,58745
83702,FDIC,DIF,NM,Idaho,1461121.0,0,Northwest Bank,0,6.0,58752,0,ID,0,58752
77339,OCC,DIF,N,Texas,392831.0,0,The MINT National Bank,24827,1.0,58764,0,TX,0,58764
78028,FDIC,DIF,NM,Texas,253426.0,0,Guadalupe Bank,0,2.0,58768,0,TX,0,58768
98370,FDIC,DIF,NM,Washington,199807.0,0,Liberty Bank,0,1.0,58778,0,WA,0,58778
53005,FDIC,DIF,NM,Wisconsin,441881.0,0,Spring Bank,0,1.0,58780,0,WI,0,58780
35209,FDIC,DIF,NM,Alabama,2041261.0,0,Oakworth Capital Bank,0,4.0,58783,0,AL,0,58783
49418,FED,DIF,SM,Michigan,510506.0,0,Grand River Bank,0,2.0,58789,0,MI,0,58789
63105,FDIC,DIF,NM,Missouri,1046703.0,0,Parkside Financial Bank & Trust,0,2.0,58796,0,MO,0,58796
14203,FED,DIF,SM,New York,214201000.0,0,Manufacturers and Traders Trust Company,0,983.0,588,0,NY,0,588
89113,FDIC,DIF,NM,Nevada,241691.0,0,GenuBank,0,3.0,58806,1,NV,0,58806
32806,FDIC,DIF,NM,Florida,2119347.0,0,One Florida Bank,0,6.0,58811,0,FL,0,58811
90017,FDIC,DIF,NM,California,4186507.0,0,Royal Business Bank,0,25.0,58816,0,CA,0,58816
80016,FDIC,DIF,NM,Colorado,304737.0,0,Redstone Bank,0,3.0,58826,0,CO,0,58826
20186,OCC,DIF,N,Virginia,924538.0,0,Oak View National Bank,24849,4.0,58827,0,VA,0,58827
21874,FDIC,DIF,NM,Maryland,536743.0,0,The Farmers Bank of Willards,0,8.0,5885,0,MD,0,5885
75001,FDIC,DIF,NM,Texas,739518.0,0,Liberty Capital Bank,0,5.0,58852,1,TX,0,58852
23139,OCC,DIF,N,Virginia,278633.0,0,"New Horizon Bank, National Association",24858,2.0,58857,0,VA,0,58857
24450,FED,DIF,SM,Virginia,227727.0,0,CornerStone Bank,0,4.0,58859,0,VA,0,58859
29577,OCC,DIF,N,South Carolina,1277396.0,0,Coastal Carolina National Bank,24861,10.0,58864,0,SC,0,58864
65804,FED,DIF,SM,Missouri,2423392.0,0,Guaranty Bank,0,14.0,58892,0,MO,0,58892
49087,FDIC,DIF,NM,Michigan,120866.0,0,Kalamazoo County State Bank,0,3.0,5892,0,MI,0,5892
78665,FDIC,DIF,NM,Texas,1045680.0,0,R Bank,0,10.0,58935,0,TX,0,58935
06511,FED,DIF,SM,Connecticut,198218.0,0,New Haven Bank,0,2.0,58952,0,CT,0,58952
70605,FDIC,DIF,NM,Louisiana,375691.0,0,Lakeside Bank,0,4.0,58961,0,LA,0,58961
33016,OCC,DIF,N,Florida,35341660.0,0,"BankUnited, National Association",25028,56.0,58979,0,FL,0,58979
38860,FED,DIF,SM,Mississippi,349312.0,0,BankOkolona,0,5.0,5902,1,MS,0,5902
39038,FED,DIF,SM,Mississippi,8279783.0,0,BankPlus,0,75.0,5903,0,MS,0,5903
19807,OCC,DIF,N,Delaware,342841.0,0,"Stifel Trust Company Delaware, National Association",24955,1.0,59043,0,DE,0,59043
80111,FED,DIF,SM,Colorado,12564538.0,0,NBH Bank,0,107.0,59052,0,CO,0,59052
39648,FDIC,DIF,NM,Mississippi,558388.0,0,First Bank,0,14.0,5907,1,MS,0,5907
17505,FDIC,DIF,NM,Pennsylvania,1835013.0,0,Bank of Bird-in-Hand,0,15.0,59074,0,PA,0,59074
03110,FDIC,DIF,NM,New Hampshire,743436.0,0,Primary Bank,0,4.0,59086,0,NH,0,59086
73112,FDIC,DIF,NM,Oklahoma,1610821.0,0,International Bank of Commerce,0,41.0,59093,0,OK,0,59093
92707,FDIC,DIF,NM,California,392898.0,0,Infinity Bank,0,1.0,59098,0,CA,0,59098
92101,FDIC,DIF,NM,California,805315.0,0,Endeavor Bank,0,4.0,59099,0,CA,0,59099
29466,FDIC,DIF,NM,South Carolina,971723.0,0,Beacon Community Bank,0,6.0,59106,0,SC,0,59106
76262,FED,DIF,SM,Texas,10419683.0,0,Charles Schwab Trust Bank,0,1.0,59108,0,TX,0,59108
37203,FED,DIF,SM,Tennessee,1356213.0,0,Studio Bank,0,2.0,59112,0,TN,0,59112
10016,OCC,DIF,N,New York,1532263.0,0,"Grasshopper Bank, N.A.",25152,2.0,59113,0,NY,0,59113
35203,FDIC,DIF,NM,Alabama,891744.0,0,CommerceOne Bank,0,2.0,59114,0,AL,0,59114
89145,FDIC,DIF,NM,Nevada,460017.0,0,Lexicon Bank,0,1.0,59117,0,NV,0,59117
48301,FDIC,DIF,NM,Michigan,256937.0,0,Mi Bank,0,1.0,59138,0,MI,0,59138
34236,FDIC,DIF,NM,Florida,362338.0,0,Gulfside Bank,0,2.0,59140,0,FL,0,59140
01144,FDIC,DIF,NM,Massachusetts,381062.0,0,New Valley Bank & Trust,0,3.0,59143,0,MA,0,59143
43209,FDIC,DIF,NM,Ohio,481125.0,0,Ohio State Bank,0,2.0,59144,0,OH,0,59144
73116,FDIC,DIF,NM,Oklahoma,429561.0,0,Watermark Bank,0,1.0,59148,0,OK,0,59148
10018,FDIC,DIF,NM,New York,474367.0,0,Piermont Bank,0,1.0,59154,0,NY,0,59154
28112,FDIC,DIF,NM,North Carolina,242589.0,0,American Bank of the Carolinas,0,3.0,59157,0,NC,0,59157
03062,FDIC,DIF,NM,New Hampshire,312425.0,0,The Millyard Bank,0,2.0,59176,0,NH,0,59176
84121,FDIC,DIF,NM,Utah,1804237.0,0,"Square Financial Services, Inc.",0,1.0,59177,0,UT,0,59177
33040,FED,DIF,SM,Florida,245177.0,0,Gulf Atlantic Bank,0,5.0,59181,0,FL,0,59181
30097,FDIC,DIF,NM,Georgia,233656.0,0,Loyal Trust Bank,0,1.0,59182,0,GA,0,59182
22066,FDIC,DIF,NM,Virginia,1165512.0,0,Trustar Bank,0,7.0,59183,0,VA,0,59183
77056,FDIC,DIF,NM,Texas,601870.0,0,Gulf Capital Bank,0,1.0,59185,0,TX,0,59185
27410,FDIC,DIF,NM,North Carolina,536890.0,0,Triad Business Bank,0,3.0,59188,0,NC,0,59188
84020,OCC,DIF,N,Utah,374270.0,0,"Varo Bank, National Association",25147,1.0,59190,0,UT,0,59190
20015,FDIC,DIF,NM,District Of Columbia,382363.0,0,Founders Bank,0,1.0,59193,0,DC,0,59193
60606,FDIC,DIF,NM,Illinois,202318.0,0,FWBank,0,1.0,59195,0,IL,0,59195
43017,FDIC,DIF,NM,Ohio,269412.0,0,Riverside Bank of Dublin,0,2.0,59199,0,OH,0,59199
85258,FDIC,DIF,NM,Arizona,117207.0,0,Scottsdale Community Bank,0,1.0,59203,0,AZ,0,59203
92562,FDIC,DIF,NM,California,111488.0,0,Legacy Bank,0,1.0,59204,0,CA,0,59204
84020,FDIC,DIF,NM,Utah,2515559.0,0,Nelnet Bank,0,1.0,59205,0,UT,0,59205
37402,OCC,DIF,N,Tennessee,349312.0,0,"RockPointBank, National Association",25216,1.0,59206,0,TN,0,59206
30318,FDIC,DIF,NM,Georgia,322386.0,0,Craft Bank,0,2.0,59209,0,GA,0,59209
30606,FDIC,DIF,NM,Georgia,302028.0,0,Classic City Bank,0,1.0,59219,0,GA,0,59219
77008,OCC,DIF,N,Texas,143972.0,0,"Agility Bank, National Association",25225,1.0,59239,0,TX,0,59239
92660,FDIC,DIF,NM,California,405513.0,0,Genesis Bank,0,3.0,59245,0,CA,0,59245
43085,FDIC,DIF,NM,Ohio,246117.0,0,First Bank of Central Ohio,0,2.0,59249,0,OH,0,59249
33704,FDIC,DIF,NM,Florida,1751079.0,0,Climate First Bank,0,3.0,59257,0,FL,0,59257
23452,FED,DIF,SM,Virginia,86933.0,0,Integrity Bank for Business,0,1.0,59262,0,VA,0,59262
33756,FDIC,DIF,NM,Florida,421942.0,0,Waterfall Bank,0,2.0,59265,0,FL,0,59265
85253,FDIC,DIF,NM,Arizona,102807.0,0,Gainey Business Bank,0,1.0,59273,0,AZ,0,59273
33316,FDIC,DIF,NM,Florida,357989.0,0,Locality Bank,0,1.0,59278,0,FL,0,59278
33966,FDIC,DIF,NM,Florida,192219.0,0,Gulf Coast Business Bank,0,1.0,59281,0,FL,0,59281
85053,FDIC,DIF,NM,Arizona,188612.0,0,Integro Bank,0,1.0,59283,0,AZ,0,59283
31788,FDIC,DIF,NM,Georgia,157564.0,0,Moultrie Bank & Trust,0,1.0,59285,0,GA,0,59285
84121,FDIC,DIF,NM,Utah,967069.0,0,Thrivent Bank,0,1.0,59286,0,UT,0,59286
55425,FDIC,DIF,NM,Minnesota,502314.0,0,EntreBank,0,1.0,59287,1,MN,0,59287
03301,FDIC,DIF,SI,New Hampshire,181850.0,0,Walden Mutual Bank,0,1.0,59289,0,NH,0,59289
92618,FDIC,DIF,NM,California,182473.0,0,Beach Cities Commercial Bank,0,2.0,59290,0,CA,0,59290
43203,FDIC,DIF,NM,Ohio,116980.0,0,Adelphi Bank,0,1.0,59292,0,OH,0,59292
92618,FDIC,DIF,NM,California,306521.0,0,Bank Irvine,0,1.0,59296,0,CA,0,59296
05403,FDIC,DIF,NM,Vermont,286733.0,0,"Business Bank, The",0,1.0,59298,0,VT,0,59298
77494,FDIC,DIF,NM,Texas,538742.0,0,Texas Traditions Bank,0,2.0,59304,0,TX,0,59304
48009,FDIC,DIF,NM,Michigan,95218.0,0,Community Unity Bank,0,1.0,59305,0,MI,0,59305
33308,FDIC,DIF,NM,Florida,314438.0,0,Evermore Bank,0,2.0,59306,0,FL,0,59306
13642,FDIC,DIF,NM,New York,37054.0,0,GS&L Municipal Bank,0,4.0,59312,0,NY,0,59312
92501,FDIC,DIF,NM,California,156656.0,0,Icon Business Bank,0,2.0,59314,0,CA,0,59314
85251,FDIC,DIF,NM,Arizona,122620.0,0,Zenith Bank & Trust,0,1.0,59318,0,AZ,0,59318
00909,FED,DIF,SM,Puerto Rico,466614.0,0,Nave Bank,0,1.0,59324,0,PR,0,59324
35801,FDIC,DIF,NM,Alabama,87339.0,0,Nova Bank,0,1.0,59326,0,AL,0,59326
43212,FDIC,DIF,NM,Ohio,49577.0,0,Fortuna Bank,0,1.0,59330,0,OH,0,59330
94022,FDIC,DIF,NM,California,57456.0,0,Altos Bank,0,1.0,59339,0,CA,0,59339
77024,FED,DIF,SM,Texas,312230.0,0,Integrity Bank SSB,0,1.0,59342,0,TX,0,59342
07652,FDIC,DIF,NM,New Jersey,37929.0,0,Five Rivers Bank,0,1.0,59345,0,NJ,0,59345
64836,FDIC,DIF,NM,Missouri,116478.0,0,Four States Bank,0,5.0,59352,0,MO,0,59352
33143,FDIC,DIF,NM,Florida,279318.0,0,BankMiami,0,1.0,59354,0,FL,0,59354
34471,FDIC,DIF,NM,Florida,34121.0,0,Gala Bank,0,2.0,59358,0,FL,0,59358
77057,FDIC,DIF,NM,Texas,,,Houston Bank & Trust,0,,59360,,TX,0,59360
35951,FDIC,DIF,NM,Alabama,34143.0,0,Solutions Plus Bank,0,2.0,59362,0,AL,0,59362
46202,FDIC,DIF,NM,Indiana,26061.0,0,Generations Community Bank,0,1.0,59365,0,IN,0,59365
07044,FDIC,DIF,NM,New Jersey,70598.0,0,Liberty Bank of New Jersey,0,2.0,59369,0,NJ,0,59369
33762,FDIC,DIF,NM,Florida,,,Echelon Bank,0,,59377,,FL,0,59377
43215,OCC,DIF,N,Ohio,1703431.0,0,"Erebor Bank, N.A.",25357,1.0,59378,0,OH,0,59378
42301,FDIC,DIF,NM,Kentucky,,,Cornerstone Community Bank,0,,59379,,KY,0,59379
32789,FDIC,DIF,NM,Florida,,,Portrait Bank,0,,59381,,FL,0,59381
28658,FDIC,DIF,NM,North Carolina,1733567.0,0,Peoples Bank,0,16.0,5956,0,NC,0,5956
44807,FDIC,DIF,NM,Ohio,1683330.0,0,Sutton Bank,0,9.0,5962,1,OH,0,5962
43502,FDIC,DIF,NM,Ohio,3479335.0,0,The Farmers & Merchants State Bank,0,41.0,5969,0,OH,0,5969
14901,FED,DIF,SM,New York,2748374.0,0,Chemung Canal Trust Company,0,30.0,597,0,NY,0,597
43701,FDIC,DIF,NM,Ohio,690979.0,0,The Community Bank,0,10.0,5981,0,OH,0,5981
73044,FDIC,DIF,NM,Oklahoma,640664.0,0,Prism Bank,0,2.0,5994,0,OK,0,5994
73568,FED,DIF,SM,Oklahoma,26718.0,0,First State Bank in Temple,0,1.0,5999,0,OK,0,5999
15613,FED,DIF,SM,Pennsylvania,210538.0,0,Apollo Trust Company,0,6.0,6051,0,PA,0,6051
57301,OCC,DIF,N,South Dakota,1581898.0,0,CorTrust Bank National Association,23771,37.0,6063,0,SD,0,6063
57221,FDIC,DIF,NM,South Dakota,55309.0,0,Bryant State Bank,0,1.0,6064,1,SD,0,6064
57014,FDIC,DIF,NM,South Dakota,360324.0,0,One American Bank,0,3.0,6078,0,SD,0,6078
57477,FDIC,DIF,NM,South Dakota,40211.0,0,The Farmers State Bank of Turton,0,1.0,6084,1,SD,0,6084
57104,FED,DIF,SM,South Dakota,3550585.0,0,First PREMIER Bank,0,13.0,6085,1,SD,0,6085
38556,FDIC,DIF,NM,Tennessee,249289.0,0,Union Bank,0,3.0,6088,0,TN,0,6088
14850,FDIC,DIF,NM,New York,8696575.0,0,Tompkins Community Bank,0,59.0,609,0,NY,0,609
37083,FDIC,DIF,NM,Tennessee,825426.0,0,Macon Bank and Trust Company,0,8.0,6091,0,TN,0,6091
37067,FDIC,DIF,NM,Tennessee,186188.0,0,Lineage Bank,0,3.0,6100,0,TN,0,6100
38329,FED,DIF,SM,Tennessee,321233.0,0,Decatur County Bank,0,5.0,6101,1,TN,0,6101
38371,FDIC,DIF,NM,Tennessee,112529.0,0,The Peoples Bank,0,5.0,6110,0,TN,0,6110
22611,FED,DIF,SM,Virginia,1838119.0,0,Bank Of Clarke,0,15.0,6123,0,VA,0,6123
24066,FDIC,DIF,NM,Virginia,938035.0,0,Bank of Botetourt,0,14.0,6137,0,VA,0,6137
98862,FDIC,DIF,NM,Washington,50557.0,0,Farmers State Bank,0,1.0,6156,0,WA,0,6156
98226,FDIC,DIF,NM,Washington,2513864.0,0,Peoples Bank,0,23.0,6158,0,WA,0,6158
26807,FDIC,DIF,NM,West Virginia,825030.0,0,"Pendleton Community Bank, Inc.",0,15.0,6176,0,WV,0,6176
12545,FED,DIF,SM,New York,322404.0,0,Bank of Millbrook,0,5.0,618,0,NY,0,618
24983,FED,DIF,SM,West Virginia,251210.0,0,The Bank of Monroe,0,3.0,6180,0,WV,0,6180
54446,FDIC,DIF,NM,Wisconsin,307286.0,0,Citizens State Bank of Loyal,0,5.0,6186,0,WI,0,6186
54016,FDIC,DIF,NM,Wisconsin,488081.0,0,Citizens State Bank,0,5.0,6194,0,WI,0,6194
54812,FDIC,DIF,NM,Wisconsin,355833.0,0,Sterling Bank,0,4.0,6195,1,WI,0,6195
53543,FDIC,DIF,NM,Wisconsin,46978.0,0,Highland State Bank,0,1.0,6198,1,WI,0,6198
10001,FDIC,DIF,NM,New York,9168378.0,0,Amalgamated Bank,0,6.0,622,0,NY,0,622
10019,FED,DIF,SM,New York,39745000.0,0,Deutsche Bank Trust Company Americas,0,1.0,623,0,NY,0,623
05855,OCC,DIF,N,Vermont,1234804.0,0,Community National Bank,1368,12.0,6271,0,VT,0,6271
05753,OCC,DIF,N,Vermont,555199.0,0,The National Bank of Middlebury,1195,7.0,6275,0,VT,0,6275
43240,OCC,DIF,N,Ohio,4016571000.0,0,"JPMorgan Chase Bank, National Association",8,5132.0,628,0,OH,0,628
05760,OCC,DIF,N,Vermont,90103.0,0,The First National Bank of Orwell,228,2.0,6280,0,VT,0,6280
07844,OCC,DIF,N,New Jersey,654385.0,0,"First Hope Bank, A National Banking Association",10118,6.0,6354,0,NJ,0,6354
19801,OCC,DIF,N,Delaware,567948516.0,0,"PNC Bank, National Association",1316,2326.0,6384,0,DE,0,6384
10007,FED,DIF,SM,New York,467349000.0,0,The Bank of New York Mellon,0,12.0,639,0,NY,0,639
08857,FED,DIF,SM,New Jersey,2872182.0,0,Amboy Bank,0,23.0,6423,1,NJ,0,6423
08201,OCC,DIF,N,New Jersey,194016.0,0,The First National Bank of Absecon,10823,4.0,6442,0,NJ,0,6442
08318,OCC,DIF,N,New Jersey,400002.0,0,The First National Bank of Elmer,6707,6.0,6464,0,NJ,0,6464
44811,OCC,DIF,N,Ohio,316609.0,0,The First National Bank of Bellevue,2302,9.0,6528,0,OH,0,6528
45107,OCC,DIF,N,Ohio,77892.0,0,The First National Bank of Blanchester,8588,1.0,6530,0,OH,0,6530
45817,OCC,DIF,N,Ohio,1078019.0,0,The Citizens National Bank of Bluffton,11573,12.0,6531,1,OH,0,6531
44406,OCC,DIF,N,Ohio,7215780.0,0,The Farmers National Bank of Canfield,3654,85.0,6540,0,OH,0,6540
45750,FED,DIF,SM,Ohio,9637896.0,0,Peoples Bank,0,135.0,6544,0,OH,0,6544
45202,OCC,DIF,N,Ohio,683379960.0,0,U.S. Bank National Association,24,2100.0,6548,0,OH,0,6548
43215,OCC,DIF,N,Ohio,284135374.0,0,The Huntington National Bank,7745,1472.0,6560,0,OH,0,6560
44621,OCC,DIF,N,Ohio,271532.0,0,The First National Bank of Dennison,13802,5.0,6574,0,OH,0,6574
45843,OCC,DIF,N,Ohio,58415.0,0,"Community First Bank, National Association",7518,3.0,6584,0,OH,0,6584
14604,FED,DIF,SM,New York,6255437.0,0,Five Star Bank,0,49.0,659,0,NY,0,659
45327,OCC,DIF,N,Ohio,94348.0,0,The First National Bank of Germantown,86,1.0,6592,0,OH,0,6592
12866,FED,DIF,SM,New York,1763293.0,0,The Adirondack Trust Company,0,13.0,660,0,NY,0,660
45202,FED,DIF,SM,Ohio,22686655.0,0,First Financial Bank,0,165.0,6600,0,OH,0,6600
45133,OCC,DIF,N,Ohio,1338064.0,0,The Merchants National Bank,2449,17.0,6605,0,OH,0,6605
45644,OCC,DIF,N,Ohio,582779.0,0,Kingston National Bank,9536,7.0,6616,0,OH,0,6616
45036,OCC,DIF,N,Ohio,2233698.0,0,LCNB National Bank,2360,35.0,6623,0,OH,0,6623
45651,OCC,DIF,N,Ohio,1577252.0,0,THE VINTON COUNTY NATIONAL BANK,2036,17.0,6636,0,OH,0,6636
43756,OCC,DIF,N,Ohio,203236.0,0,The First National Bank of McConnelsville,46,6.0,6637,0,OH,0,6637
43756,OCC,DIF,N,Ohio,106267.0,0,The Citizens National Bank of McConnelsville,5259,2.0,6638,0,OH,0,6638
45036,OCC,DIF,N,Ohio,253429.0,0,1st National Bank,8709,8.0,6646,1,OH,0,6646
43055,OCC,DIF,N,Ohio,12926059.0,0,The Park National Bank,9179,113.0,6653,0,OH,0,6653
43764,FDIC,DIF,NM,Ohio,304446.0,0,Peoples State Bank,0,6.0,6659,0,OH,0,6659
45150,FDIC,DIF,NM,Ohio,343930.0,0,RiverHills Bank,0,5.0,6662,0,OH,0,6662
45877,OCC,DIF,N,Ohio,291047.0,0,The First National Bank of Pandora,11343,7.0,6671,0,OH,0,6671
45202,OCC,DIF,N,Ohio,296118000.0,0,"Fifth Third Bank, National Association",25190,1508.0,6672,0,OH,0,6672
45771,OCC,DIF,N,Ohio,90753.0,0,Home National Bank,9815,4.0,6680,1,OH,0,6680
45320,FDIC,DIF,NM,Ohio,294300.0,0,Somerville Bank,0,8.0,6700,1,OH,0,6700
44882,OCC,DIF,N,Ohio,239423.0,0,The First National Bank of Sycamore,11383,4.0,6706,0,OH,0,6706
45690,OCC,DIF,N,Ohio,204392.0,0,The First National Bank of Waverly,5635,4.0,6725,0,OH,0,6725
45693,OCC,DIF,N,Ohio,115285.0,0,The National Bank of Adams County of West Union,13198,1.0,6728,1,OH,0,6728
43793,OCC,DIF,N,Ohio,151726.0,0,The Citizens National Bank of Woodsfield,13847,4.0,6732,0,OH,0,6732
26241,FDIC,DIF,NM,West Virginia,775093.0,0,"Citizens Bank of West Virginia, Inc.",0,9.0,6760,0,WV,0,6760
25840,OCC,DIF,N,West Virginia,157056.0,0,The Fayette County National Bank of Fayetteville,8345,2.0,6762,0,WV,0,6762
26241,OCC,DIF,N,West Virginia,204197.0,0,"Mountain Valley Bank, N.A.",9610,4.0,6786,0,WV,0,6786
24963,OCC,DIF,N,West Virginia,86164.0,0,The First National Bank of Peterstown,9721,2.0,6787,0,WV,0,6787
26757,FDIC,DIF,NM,West Virginia,271869.0,0,"FNB Bank, Inc.",0,7.0,6794,0,WV,0,6794
25276,FDIC,DIF,NM,West Virginia,160621.0,0,First Neighborhood Bank,0,5.0,6800,0,WV,0,6800
24801,FDIC,DIF,NM,West Virginia,365540.0,0,MCNB Bank and Trust Co.,0,8.0,6803,0,WV,0,6803
25661,OCC,DIF,N,West Virginia,113461.0,0,The First National Bank of Williamson,6830,3.0,6805,0,WV,0,6805
24517,OCC,DIF,N,Virginia,1087944.0,0,First National Bank,9295,20.0,6811,0,VA,0,6811
24522,FED,DIF,SM,Virginia,369001.0,0,The Farmers Bank of Appomattox,0,6.0,6813,0,VA,0,6813
24060,OCC,DIF,N,Virginia,1826168.0,0,The National Bank of Blacksburg,12229,28.0,6821,0,VA,0,6821
17815,FDIC,DIF,NM,Pennsylvania,1714230.0,0,Journey Bank,0,23.0,686,0,PA,0,686
24348,OCC,DIF,N,Virginia,1309619.0,0,SKYLINE NATIONAL BANK,10834,28.0,6861,0,VA,0,6861
22482,FED,DIF,SM,Virginia,1724117.0,0,Chesapeake Bank,0,19.0,6862,0,VA,0,6862
24263,OCC,DIF,N,Virginia,518026.0,0,Powell Valley National Bank,9924,7.0,6863,0,VA,0,6863
22851,FED,DIF,SM,Virginia,362827.0,0,Pioneer Bank,0,7.0,6913,0,VA,0,6913
22657,FED,DIF,SM,Virginia,2076629.0,0,First Bank,0,33.0,6917,0,VA,0,6917
13160,OCC,DIF,N,New York,281055.0,0,Cayuga Lake National Bank,412,3.0,6954,0,NY,0,6954
12020,OCC,DIF,N,New York,941552.0,0,Ballston Spa National Bank,1253,13.0,6959,0,NY,0,6959
11788,FED,DIF,SM,New York,14990679.0,0,Dime Commercial Bank,0,64.0,6976,0,NY,0,6976
18431,FDIC,DIF,NM,Pennsylvania,2915509.0,0,Wayne Bank,0,34.0,698,0,PA,0,698
14424,OCC,DIF,N,New York,5456717.0,0,The Canandaigua National Bank and Trust Company,3817,26.0,6985,0,NY,0,6985
13617,OCC,DIF,N,New York,17433997.0,0,"Community Bank, National Association",8531,203.0,6989,0,NY,0,6989
10512,OCC,DIF,N,New York,172907.0,0,The Putnam County National Bank of Carmel,976,6.0,6990,0,NY,0,6990
36460,FDIC,DIF,NM,Alabama,97694.0,0,Peoples Exchange Bank,0,1.0,70,0,AL,0,70
13753,OCC,DIF,N,New York,407614.0,0,The Delaware National Bank of Delhi,1323,4.0,7025,0,NY,0,7025
13053,OCC,DIF,N,New York,211185.0,0,The First National Bank of Dryden,6487,3.0,7031,0,NY,0,7031
12801,OCC,DIF,N,New York,4500795.0,0,Arrow Bank National Association,7699,38.0,7074,0,NY,0,7074
13073,OCC,DIF,N,New York,212458.0,0,The First National Bank of Groton,1083,2.0,7085,0,NY,0,7085
12748,FDIC,DIF,NM,New York,671880.0,0,Jeff Bank,0,10.0,7123,0,NY,0,7123
17111,FED,DIF,SM,Pennsylvania,5576514.0,0,Orrstown Bank,0,47.0,713,0,PA,0,713
14489,OCC,DIF,N,New York,2110424.0,0,The Lyons National Bank,1027,16.0,7151,0,NY,0,7151
35040,FED,DIF,SM,Alabama,778338.0,0,Central State Bank,0,7.0,72,1,AL,0,72
57108,OCC,DIF,N,South Dakota,1933622000.0,0,"Citibank, National Association",1461,670.0,7213,0,SD,0,7213
13815,OCC,DIF,N,New York,16090102.0,0,"NBT Bank, National Association",1354,177.0,7230,0,NY,0,7230
13601,FDIC,DIF,NM,New York,157991.0,0,WSB Municipal Bank,0,1.0,7274,0,NY,0,7274
12932,OCC,DIF,N,New York,500247.0,0,Champlain National Bank,9405,10.0,7356,0,NY,0,7356
44606,FED,DIF,SM,Ohio,261196.0,0,The Apple Creek Banking Company,0,6.0,737,0,OH,0,737
18603,FDIC,DIF,NM,Pennsylvania,1521898.0,0,First Keystone Community Bank,0,19.0,7404,0,PA,0,7404
15701,FDIC,DIF,NM,Pennsylvania,12232517.0,0,First Commonwealth Bank,0,129.0,7468,0,PA,0,7468
17522,OCC,DIF,N,Pennsylvania,2423035.0,0,The Ephrata National Bank,2515,23.0,7493,0,PA,0,7493
17325,FDIC,DIF,NM,Pennsylvania,3253225.0,0,ACNB Bank,0,33.0,7506,0,PA,0,7506
18512,FDIC,DIF,NM,Pennsylvania,5415574.0,0,Peoples Security Bank and Trust Company,0,40.0,7514,0,PA,0,7514
18431,OCC,DIF,N,Pennsylvania,1152101.0,0,The Honesdale National Bank,644,15.0,7526,0,PA,0,7526
15901,FED,DIF,SM,Pennsylvania,1468483.0,0,Ameriserv Financial Bank,0,17.0,7542,0,PA,0,7542
17602,OCC,DIF,N,Pennsylvania,32107617.0,0,"Fulton Bank, National Association",24891,208.0,7551,0,PA,0,7551
19355,OCC,DIF,N,Pennsylvania,222308.0,0,The National Bank of Malvern,3147,2.0,7590,0,PA,0,7590
16933,FED,DIF,SM,Pennsylvania,3022065.0,0,First Citizens Community Bank,0,44.0,7593,0,PA,0,7593
18229,FED,DIF,SM,Pennsylvania,256080.0,0,Jim Thorpe Neighborhood Bank,0,6.0,7599,0,PA,0,7599
17059,FDIC,DIF,NM,Pennsylvania,657407.0,0,Pennian Bank,0,13.0,7613,0,PA,0,7613
17059,FDIC,DIF,NM,Pennsylvania,900948.0,0,The Juniata Valley Bank,0,14.0,7614,0,PA,0,7614
45865,FED,DIF,SM,Ohio,814016.0,0,Minster Bank,0,7.0,763,0,OH,0,763
17851,FDIC,DIF,NM,Pennsylvania,166485.0,0,UNB Bank,0,2.0,7631,0,PA,0,7631
18065,OCC,DIF,N,Pennsylvania,466790.0,0,The Neffs National Bank,12471,2.0,7646,0,PA,0,7646
18940,OCC,DIF,N,Pennsylvania,1156591.0,0,First National Bank and Trust Company of Newtown,324,14.0,7658,0,PA,0,7658
18066,FED,DIF,SM,Pennsylvania,672738.0,0,New Tripoli Bank,0,3.0,7659,0,PA,0,7659
18071,FED,DIF,SM,Pennsylvania,930393.0,0,First Northern Bank and Trust Company,0,11.0,7675,0,PA,0,7675
45769,FDIC,DIF,NM,Ohio,477081.0,0,The Farmers Bank and Savings Company,0,9.0,769,0,OH,0,769
36303,FDIC,DIF,NM,Alabama,217918.0,0,BankSouth,0,2.0,77,1,AL,0,77
18951,FDIC,DIF,NM,Pennsylvania,1899721.0,0,QNB Bank,0,15.0,7714,0,PA,0,7714
18964,FED,DIF,SM,Pennsylvania,8108083.0,0,Univest  Bank and Trust Co.,0,51.0,7759,0,PA,0,7759
17772,OCC,DIF,N,Pennsylvania,235779.0,0,The Turbotville National Bank,9803,1.0,7789,0,PA,0,7789
16901,FED,DIF,SM,Pennsylvania,3153919.0,0,Citizens & Northern Bank,0,35.0,7799,0,PA,0,7799
15320,FDIC,DIF,NM,Pennsylvania,1583033.0,0,Community Bank,0,14.0,7848,0,PA,0,7848
16326,OCC,DIF,N,Pennsylvania,369935.0,0,First United National Bank,9480,6.0,7886,0,PA,0,7886
16125,OCC,DIF,N,Pennsylvania,50421258.0,0,First National Bank of Pennsylvania,249,363.0,7888,0,PA,0,7888
16201,OCC,DIF,N,Pennsylvania,2853576.0,0,"NEXTIER BANK, NATIONAL ASSOCIATION",5073,34.0,7900,0,PA,0,7900
15701,FDIC,DIF,NM,Pennsylvania,421671.0,0,Marion Center Bank,0,7.0,7909,0,PA,0,7909
15258,OCC,DIF,N,Pennsylvania,30917000.0,0,"BNY Mellon, National Association",6301,29.0,7946,0,PA,0,7946
95482,FDIC,DIF,NM,California,1293076.0,0,Savings Bank of Mendocino County,0,9.0,8011,0,CA,0,8011
33133,FED,DIF,SM,Florida,1410085.0,0,Grove Bank & Trust,0,5.0,8018,0,FL,0,8018
33873,FDIC,DIF,NM,Florida,2364087.0,0,Crews Bank & Trust,0,20.0,8021,1,FL,0,8021
30445,FDIC,DIF,NM,Georgia,194560.0,0,Mount Vernon Bank,0,3.0,8028,1,GA,0,8028
26003,FDIC,DIF,NM,West Virginia,27420438.0,0,"WesBanco Bank, Inc.",0,254.0,803,0,WV,0,803
30314,FED,DIF,SM,Georgia,786846.0,0,Citizens Trust Bank,0,7.0,8033,0,GA,0,8033
47010,FDIC,DIF,NM,Indiana,332904.0,0,Bath State Bank,0,3.0,8035,1,IN,0,8035
46032,FDIC,DIF,NM,Indiana,20263028.0,0,Merchants Bank of Indiana,0,7.0,8056,0,IN,0,8056
46165,FDIC,DIF,NM,Indiana,775081.0,0,The North Salem State Bank,0,9.0,8063,0,IN,0,8063
47922,FDIC,DIF,NM,Indiana,155040.0,0,Community State Bank,0,2.0,8067,0,IN,0,8067
46738,FED,DIF,SM,Indiana,378460.0,0,The Garrett State Bank,0,4.0,8074,1,IN,0,8074
52228,FDIC,DIF,NM,Iowa,287589.0,0,Fairfax State Savings Bank,0,3.0,8083,1,IA,0,8083
50401,FDIC,DIF,NM,Iowa,478973.0,0,NSB Bank,0,6.0,8094,1,IA,0,8094
71671,FED,DIF,SM,Arkansas,144342.0,0,Warren Bank and Trust Company,0,4.0,81,1,AR,0,81
51031,FED,DIF,SM,Iowa,783847.0,0,Primebank,0,4.0,8101,1,IA,0,8101
66935,FED,DIF,SM,Kansas,86795.0,0,New Century Bank,0,2.0,8108,1,KS,0,8108
66210,FDIC,DIF,NM,Kansas,210745.0,0,Kendall Bank,0,4.0,8110,0,KS,0,8110
41701,FED,DIF,SM,Kentucky,431657.0,0,Pbt Bancorp,0,3.0,8117,0,KY,0,8117
42629,FDIC,DIF,NM,Kentucky,262799.0,0,Bank of Jamestown,0,3.0,8118,0,KY,0,8118
42701,FDIC,DIF,NM,Kentucky,523738.0,0,"Magnolia Bank, Incorporated",0,16.0,8120,1,KY,0,8120
41056,FDIC,DIF,NM,Kentucky,71647.0,0,Security Bank and Trust Co.,0,3.0,8121,1,KY,0,8121
41169,FDIC,DIF,NM,Kentucky,209287.0,0,First & Peoples Bank and Trust Company,0,4.0,8122,0,KY,0,8122
42347,FDIC,DIF,NM,Kentucky,157720.0,0,"Commonwealth Community Bank, Inc.",0,3.0,8126,1,KY,0,8126
42301,FED,DIF,SM,Kentucky,3794060.0,0,Independence Bank of Kentucky,0,26.0,8136,1,KY,0,8136
71417,FDIC,DIF,NM,Louisiana,151074.0,0,Colfax Banking Company,0,5.0,8140,1,LA,0,8140
71449,FDIC,DIF,NM,Louisiana,1357381.0,0,Sabine State Bank and Trust Company,0,51.0,8141,1,LA,0,8141
70542,FED,DIF,SM,Louisiana,70963.0,0,Bank of Gueydan,0,1.0,8144,0,LA,0,8144
70090,FDIC,DIF,NM,Louisiana,1387108.0,0,First American Bank and Trust,0,25.0,8149,0,LA,0,8149
49635,FDIC,DIF,NM,Michigan,404574.0,0,State Savings Bank,0,9.0,8162,0,MI,0,8162
49640,FDIC,DIF,NM,Michigan,413398.0,0,Honor  Bank,0,9.0,8165,0,MI,0,8165
49304,FDIC,DIF,NM,Michigan,481410.0,0,Lake-Osceola State Bank,0,13.0,8172,0,MI,0,8172
48073,FED,DIF,SM,Michigan,543781.0,0,Citizens State Bank,0,3.0,8183,0,MI,0,8183
55066,FDIC,DIF,NM,Minnesota,84943.0,0,The First State Bank of Red Wing,0,3.0,8191,1,MN,0,8191
98004,FDIC,DIF,NM,Washington,113780.0,0,Portage Bank,0,3.0,8197,0,WA,0,8197
56073,FDIC,DIF,NM,Minnesota,589979.0,0,Citizens Bank Minnesota,0,6.0,8200,0,MN,0,8200
56085,FDIC,DIF,NM,Minnesota,178989.0,0,Americana Community Bank,0,4.0,8205,0,MN,0,8205
56262,FDIC,DIF,NM,Minnesota,105668.0,0,Prairie Sun Bank,0,4.0,8207,1,MN,0,8207
56331,FDIC,DIF,NM,Minnesota,167260.0,0,Freeport State Bank,0,3.0,8210,0,MN,0,8210
55340,FDIC,DIF,NM,Minnesota,188783.0,0,Farmers State Bank of Hamel,0,2.0,8214,1,MN,0,8214
56382,FDIC,DIF,NM,Minnesota,23429.0,0,First State Bank of Swanville,0,1.0,8218,1,MN,0,8218
23824,FED,DIF,SM,Virginia,583253.0,0,Citizens Bank and Trust Company,0,12.0,823,0,VA,0,823
39083,FED,DIF,SM,Mississippi,331623.0,0,Copiah Bank,0,9.0,8231,0,MS,0,8231
38635,FDIC,DIF,NM,Mississippi,597440.0,0,Bank of Holly Springs,0,9.0,8232,1,MS,0,8232
39183,FDIC,DIF,NM,Mississippi,447075.0,0,RiverHills Bank,0,5.0,8234,1,MS,0,8234
38751,FDIC,DIF,NM,Mississippi,2688272.0,0,Planters Bank & Trust Company,0,33.0,8235,0,MS,0,8235
38721,FDIC,DIF,NM,Mississippi,199368.0,0,Bank of Anguilla,0,5.0,8243,0,MS,0,8243
39577,FDIC,DIF,NM,Mississippi,233558.0,0,Bank of Wiggins,0,3.0,8250,0,MS,0,8250
64720,FED,DIF,SM,Missouri,196742.0,0,Adrian Bank,0,3.0,8251,1,MO,0,8251
65807,FED,DIF,SM,Missouri,2205885.0,0,Omb Bank,0,10.0,8252,0,MO,0,8252
63801,FED,DIF,SM,Missouri,1221231.0,0,Montgomery Bank,0,12.0,8255,1,MO,0,8255
65109,FDIC,DIF,NM,Missouri,81009.0,0,"Farmers Bank of Lohman, Missouri",0,2.0,8268,0,MO,0,8268
64106,OCC,DIF,N,Missouri,72349509.0,0,"UMB Bank, National Association",23920,208.0,8273,0,MO,0,8273
63445,FED,DIF,SM,Missouri,357623.0,0,Exchange Bank Co.,0,7.0,8274,1,MO,0,8274
65606,FDIC,DIF,NM,Missouri,138814.0,0,Alton Bank,0,2.0,8276,1,MO,0,8276
64108,FDIC,DIF,NM,Missouri,2680831.0,0,Lead Bank,0,2.0,8283,0,MO,0,8283
65622,FDIC,DIF,NM,Missouri,333810.0,0,O'Bannon Banking Company,0,5.0,8295,0,MO,0,8295
65655,FED,DIF,SM,Missouri,297340.0,0,Century Bank of the Ozarks,0,6.0,8296,0,MO,0,8296
59327,FDIC,DIF,NM,Montana,167764.0,0,First State Bank of Forsyth,0,1.0,8317,0,MT,0,8317
80903,FDIC,DIF,NM,Colorado,591778.0,0,Stockmens Bank,0,11.0,8321,0,CO,0,8321
68822,FDIC,DIF,NM,Nebraska,280562.0,0,Nebraska State Bank and Trust Company,0,4.0,8322,1,NE,0,8322
68445,FDIC,DIF,NM,Nebraska,75860.0,0,First Tri County Bank,0,2.0,8333,0,NE,0,8333
58341,FDIC,DIF,NM,North Dakota,100416.0,0,First State Bank of Harvey,0,2.0,8383,1,ND,0,8383
58225,FDIC,DIF,NM,North Dakota,567295.0,0,KodaBank,0,12.0,8386,1,ND,0,8386
58006,FDIC,DIF,NM,North Dakota,669239.0,0,BankNorth,0,11.0,8387,1,ND,0,8387
58041,FDIC,DIF,NM,North Dakota,125380.0,0,Lincoln State Bank,0,3.0,8390,1,ND,0,8390
45786,FDIC,DIF,NM,Ohio,54397.0,0,The Waterford Commercial and Savings Bank,0,2.0,8397,0,OH,0,8397
45876,FED,DIF,SM,Ohio,92050.0,0,The Ottoville Bank Company,0,1.0,8403,0,OH,0,8403
17201,FDIC,DIF,NM,Pennsylvania,2298449.0,0,Farmers and Merchants Trust Company of Chambersburg,0,25.0,8405,0,PA,0,8405
15904,FDIC,DIF,NM,Pennsylvania,1512087.0,0,1st Summit Bank,0,17.0,8426,0,PA,0,8426
38501,FDIC,DIF,NM,Tennessee,1670707.0,0,One Bank of Tennessee,0,20.0,8432,1,TN,0,8432
38258,FDIC,DIF,NM,Tennessee,1062984.0,0,Centennial Bank,0,17.0,8439,0,TN,0,8439
26757,FED,DIF,SM,West Virginia,370529.0,0,The Bank of Romney,0,7.0,845,0,WV,0,845
95401,FDIC,DIF,NM,California,3266467.0,0,Exchange Bank,0,21.0,8468,0,CA,0,8468
26170,FED,DIF,SM,West Virginia,82171.0,0,The Pleasants County Bank,0,2.0,847,0,WV,0,847
62324,FDIC,DIF,NM,Illinois,178076.0,0,Central State Bank,0,4.0,8487,1,IL,0,8487
61914,FDIC,DIF,NM,Illinois,207498.0,0,Scott State Bank,0,7.0,8491,1,IL,0,8491
50849,FDIC,DIF,NM,Iowa,168793.0,0,Union State Bank,0,4.0,8499,1,IA,0,8499
51035,FDIC,DIF,NM,Iowa,77955.0,0,The Farmers State Bank,0,1.0,8503,1,IA,0,8503
52160,FDIC,DIF,NM,Iowa,348269.0,0,New Albin Savings Bank,0,1.0,8506,0,IA,0,8506
51055,FDIC,DIF,NM,Iowa,86658.0,0,Sloan State Bank,0,2.0,8507,1,IA,0,8507
51530,FDIC,DIF,NM,Iowa,149941.0,0,Farmers Trust & Savings Bank,0,3.0,8510,1,IA,0,8510
51442,FDIC,DIF,NM,Iowa,285319.0,0,Crawford County Trust and Savings Bank,0,3.0,8511,1,IA,0,8511
52335,FDIC,DIF,NM,Iowa,103520.0,0,White State Bank,0,3.0,8519,0,IA,0,8519
50423,FDIC,DIF,NM,Iowa,125877.0,0,First State Bank,0,2.0,8522,0,IA,0,8522
71373,FDIC,DIF,NM,Louisiana,672299.0,0,Concordia Bank & Trust Company,0,9.0,8527,1,LA,0,8527
71019,FDIC,DIF,NM,Louisiana,324381.0,0,Bank of Coushatta,0,3.0,8531,1,LA,0,8531
70533,FDIC,DIF,NM,Louisiana,108614.0,0,Bank of Erath,0,3.0,8532,0,LA,0,8532
71357,FDIC,DIF,NM,Louisiana,184548.0,0,Tensas State Bank,0,4.0,8533,1,LA,0,8533
70570,FDIC,DIF,NM,Louisiana,296298.0,0,St. Landry Bank and Trust Company,0,8.0,8534,1,LA,0,8534
56074,FDIC,DIF,NM,Minnesota,370922.0,0,ProGrowth Bank,0,4.0,8536,0,MN,0,8536
55107,FDIC,DIF,NM,Minnesota,420382.0,0,BankCherokee,0,3.0,8537,0,MN,0,8537
56031,FDIC,DIF,NM,Minnesota,155685.0,0,State Bank of Fairmont,0,1.0,8541,1,MN,0,8541
56573,FDIC,DIF,NM,Minnesota,352389.0,0,United Community Bank,0,3.0,8544,1,MN,0,8544
56374,FDIC,DIF,NM,Minnesota,378626.0,0,Sentry Bank,0,4.0,8546,0,MN,0,8546
35462,FDIC,DIF,NM,Alabama,136483.0,0,"Merchants & Farmers Bank of Greene County, Alabama",0,2.0,855,1,AL,0,855
39301,FED,DIF,SM,Mississippi,342752.0,0,Great Southern Bank,0,11.0,8552,1,MS,0,8552
64633,FDIC,DIF,NM,Missouri,196089.0,0,Bank 21,0,5.0,8560,1,MO,0,8560
64029,FDIC,DIF,NM,Missouri,103366.0,0,The Bank of Grain Valley,0,2.0,8564,1,MO,0,8564
64465,FDIC,DIF,NM,Missouri,310177.0,0,Goppert Financial Bank,0,4.0,8569,0,MO,0,8569
65742,FDIC,DIF,NM,Missouri,121835.0,0,Citizens Bank of Rogersville,0,2.0,8572,1,MO,0,8572
65582,FDIC,DIF,NM,Missouri,601513.0,0,The Maries County Bank,0,12.0,8576,0,MO,0,8576
65486,FED,DIF,SM,Missouri,72473.0,0,Bank of Iberia,0,2.0,8584,0,MO,0,8584
64770,FDIC,DIF,NM,Missouri,61601.0,0,Montrose Savings Bank,0,1.0,8594,1,MO,0,8594
68007,FED,DIF,SM,Nebraska,226169.0,0,I3 Bank,0,5.0,8595,0,NE,0,8595
68846,FDIC,DIF,NM,Nebraska,45463.0,0,First State Bank,0,1.0,8604,0,NE,0,8604
35594,FDIC,DIF,NM,Alabama,407088.0,0,State Bank & Trust,0,5.0,861,1,AL,0,861
58761,FDIC,DIF,NM,North Dakota,84094.0,0,The Citizens State Bank at Mohall,0,3.0,8632,1,ND,0,8632
58623,FED,DIF,SM,North Dakota,412006.0,0,Dakota Western Bank,0,5.0,8637,1,ND,0,8637
58380,FDIC,DIF,NM,North Dakota,123986.0,0,Farmers & Merchants Bank of North Dakota,0,3.0,8640,1,ND,0,8640
44287,FDIC,DIF,NM,Ohio,188142.0,0,Farmers State Bank,0,6.0,8647,0,OH,0,8647
38242,FDIC,DIF,NM,Tennessee,1096299.0,0,Commercial Bank & Trust Co.,0,11.0,8660,1,TN,0,8660
38363,FED,DIF,SM,Tennessee,82726.0,0,Farmers Bank,0,1.0,8661,0,TN,0,8661
37203,FED,DIF,SM,Tennessee,16433171.0,0,FirstBank,0,133.0,8663,0,TN,0,8663
22853,FED,DIF,SM,Virginia,1407432.0,0,Farmers & Merchants Bank,0,15.0,8668,0,VA,0,8668
24413,FDIC,DIF,NM,Virginia,61955.0,0,The Blue Grass Valley Bank,0,2.0,8672,0,VA,0,8672
99171,FDIC,DIF,NM,Washington,55859.0,0,Lamont Bank of St. John,0,1.0,8681,0,WA,0,8681
54630,FDIC,DIF,NM,Wisconsin,153837.0,0,Bluff View Bank,0,3.0,8693,1,WI,0,8693
53551,FDIC,DIF,NM,Wisconsin,530089.0,0,Bank of Lake Mills,0,2.0,8695,1,WI,0,8695
53074,FDIC,DIF,NM,Wisconsin,1003271.0,0,The Port Washington State Bank,0,8.0,8698,0,WI,0,8698
53093,FDIC,DIF,NM,Wisconsin,153406.0,0,Waldo State Bank,0,1.0,8700,0,WI,0,8700
54722,FDIC,DIF,NM,Wisconsin,587615.0,0,Unity Bank,0,16.0,8714,1,WI,0,8714
82839,FED,DIF,SM,Wyoming,51961.0,0,Cowboy State Bank,0,2.0,8725,1,WY,0,8725
72701,FED,DIF,SM,Arkansas,28023532.0,0,Arvest Bank,0,227.0,8728,0,AR,0,8728
71665,FED,DIF,SM,Arkansas,176714.0,0,Gateway Bank,0,3.0,8730,1,AR,0,8730
71639,FED,DIF,SM,Arkansas,283272.0,0,Merchants and Farmers Bank,0,3.0,8735,0,AR,0,8735
72956,FED,DIF,SM,Arkansas,562966.0,0,Citizens' Bank & Trust Co.,0,9.0,8738,0,AR,0,8738
46540,FDIC,DIF,NM,Indiana,811763.0,0,First State Bank of Middlebury,0,6.0,8745,0,IN,0,8745
50801,FDIC,DIF,NM,Iowa,287078.0,0,Iowa State Savings Bank,0,3.0,8751,0,IA,0,8751
52777,FDIC,DIF,NM,Iowa,314891.0,0,First Trust and Savings Bank,0,8.0,8752,1,IA,0,8752
39842,FDIC,DIF,NM,Georgia,159860.0,0,Bank of Dawson,0,1.0,876,1,GA,0,876
50511,FDIC,DIF,NM,Iowa,157396.0,0,Farmers State Bank,0,3.0,8760,1,IA,0,8760
52151,FDIC,DIF,NM,Iowa,350950.0,0,Kerndt Brothers Savings Bank,0,6.0,8761,1,IA,0,8761
42372,FDIC,DIF,NM,Kentucky,149405.0,0,The Sacramento Deposit Bank,0,2.0,8762,1,KY,0,8762
31023,FDIC,DIF,NM,Georgia,197843.0,0,Magnolia State Bank,0,5.0,877,1,GA,0,877
40069,FED,DIF,SM,Kentucky,477932.0,0,Springfield State Bank,0,3.0,8772,0,KY,0,8772
42724,FDIC,DIF,NM,Kentucky,1573393.0,0,The Cecilian Bank,0,19.0,8774,0,KY,0,8774
42728,FDIC,DIF,NM,Kentucky,229782.0,0,Bank of Columbia,0,3.0,8775,1,KY,0,8775
40391,FDIC,DIF,NM,Kentucky,626923.0,0,Peoples Exchange Bank,0,9.0,8785,0,KY,0,8785
30817,FDIC,DIF,NM,Georgia,188636.0,0,Farmers State Bank,0,3.0,879,1,GA,0,879
71327,FDIC,DIF,NM,Louisiana,581058.0,0,Cottonport Bank,0,13.0,8798,0,LA,0,8798
71251,FDIC,DIF,NM,Louisiana,67585.0,0,Jackson Parish Bank,0,1.0,8799,0,LA,0,8799
72758,FED,DIF,SM,Arkansas,1072055.0,0,Generations Bank,0,13.0,88,0,AR,0,88
21830,FDIC,DIF,NM,Maryland,821929.0,0,Hebron Savings Bank,0,13.0,8811,0,MD,0,8811
21658,FDIC,DIF,NM,Maryland,730382.0,0,The Queenstown Bank of Maryland,0,9.0,8816,0,MD,0,8816
55909,FDIC,DIF,NM,Minnesota,233559.0,0,United Farmers State Bank,0,3.0,8821,1,MN,0,8821
56334,FDIC,DIF,NM,Minnesota,223099.0,0,Eagle Bank,0,5.0,8824,1,MN,0,8824
56123,FDIC,DIF,NM,Minnesota,97719.0,0,Currie State Bank,0,2.0,8833,0,MN,0,8833
55604,FED,DIF,SM,Minnesota,201549.0,0,Grand Marais State Bank,0,5.0,8842,1,MN,0,8842
56347,OCC,DIF,N,Minnesota,600999.0,0,American Heritage National Bank,15037,7.0,8843,0,MN,0,8843
56208,FDIC,DIF,NM,Minnesota,61161.0,0,Farmers and Merchants State Bank of Appleton,0,1.0,8845,1,MN,0,8845
55802,FED,DIF,SM,Minnesota,580807.0,0,North Shore Bank of Commerce,0,7.0,8850,1,MN,0,8850
55806,FDIC,DIF,NM,Minnesota,1471716.0,0,Park State Bank,0,20.0,8851,0,MN,0,8851
56334,FDIC,DIF,NM,Minnesota,549277.0,0,Glenwood State Bank (Incorporated),0,3.0,8853,1,MN,0,8853
56243,FDIC,DIF,NM,Minnesota,54726.0,0,Grove Bank,0,1.0,8857,0,MN,0,8857
56122,FDIC,DIF,NM,Minnesota,68470.0,0,State Bank of Chandler,0,1.0,8858,0,MN,0,8858
56636,FDIC,DIF,NM,Minnesota,171888.0,0,Woodland Bank,0,4.0,8863,0,MN,0,8863
55985,FDIC,DIF,NM,Minnesota,123251.0,0,Heritage Bank Minnesota,0,3.0,8865,1,MN,0,8865
55987,OCC,DIF,N,Minnesota,2930432.0,0,"Merchants Bank, National Association",14488,22.0,8866,0,MN,0,8866
56592,FDIC,DIF,NM,Minnesota,319057.0,0,Ultima Bank Minnesota,0,6.0,8867,1,MN,0,8867
39701,FED,DIF,SM,Mississippi,3323022.0,0,BankFirst Financial Services,0,51.0,8870,0,MS,0,8870
39232,FDIC,DIF,NM,Mississippi,5123303.0,0,Community Bank of Mississippi,0,57.0,8879,0,MS,0,8879
63105,FDIC,DIF,NM,Missouri,989782.0,0,Midwest Regional Bank,0,7.0,8889,0,MO,0,8889
30457,FDIC,DIF,NM,Georgia,295683.0,0,Georgia First Bank,0,3.0,889,1,GA,0,889
63080,FDIC,DIF,NM,Missouri,1338745.0,0,SULLIVAN BANK,0,11.0,8892,0,MO,0,8892
64015,FDIC,DIF,NM,Missouri,65213.0,0,America's Community Bank,0,1.0,8893,1,MO,0,8893
63351,FDIC,DIF,NM,Missouri,141206.0,0,Jonesburg State Bank,0,3.0,8896,1,MO,0,8896
63114,FDIC,DIF,NM,Missouri,295696.0,0,St. Johns Bank and Trust Company,0,4.0,8898,0,MO,0,8898
72703,FED,DIF,SM,Arkansas,1628308.0,0,Signature Bank of Arkansas,0,11.0,89,0,AR,0,89
63379,FED,DIF,SM,Missouri,904857.0,0,Peoples Bank & Trust Co.,0,10.0,8903,1,MO,0,8903
64468,FDIC,DIF,NM,Missouri,1651548.0,0,The Nodaway Valley Bank,0,10.0,8904,1,MO,0,8904
37030,FDIC,DIF,NM,Tennessee,834392.0,0,Citizens Bank,0,7.0,893,0,TN,0,893
58104,FDIC,DIF,NM,North Dakota,1177195.0,0,Bank Forward,0,12.0,8941,1,ND,0,8941
58032,FDIC,DIF,NM,North Dakota,334833.0,0,Stock Growers Bank,0,6.0,8942,1,ND,0,8942
58368,FDIC,DIF,NM,North Dakota,257560.0,0,Merchants Bank,0,6.0,8943,0,ND,0,8943
58051,FDIC,DIF,NM,North Dakota,47138.0,0,Kindred State Bank,0,1.0,8946,1,ND,0,8946
74010,FDIC,DIF,NM,Oklahoma,114456.0,0,Community Bank,0,2.0,8975,0,OK,0,8975
39074,FDIC,DIF,NM,Mississippi,298150.0,0,The Bank of Forest,0,3.0,898,1,MS,0,898
74884,FDIC,DIF,NM,Oklahoma,394805.0,0,Security State Bank of Oklahoma,0,4.0,8980,0,OK,0,8980
62501,FDIC,DIF,NM,Illinois,100296.0,0,The Gerber State Bank,0,2.0,899,1,IL,0,899
71655,FED,DIF,SM,Arkansas,372851.0,0,Commercial Bank & Trust Company,0,8.0,90,1,AR,0,90
81501,FDIC,DIF,NM,Colorado,230497.0,0,Home Loan State Bank,0,2.0,90040,0,CO,0,90040
57471,FDIC,DIF,NM,South Dakota,152269.0,0,First State Bank of Roscoe,0,3.0,9005,1,SD,0,9005
57469,FDIC,DIF,NM,South Dakota,156028.0,0,Heartland State Bank,0,4.0,9007,1,SD,0,9007
01220,FDIC,DIF,SI,Massachusetts,1025162.0,0,Adams Community Bank,0,10.0,90140,0,MA,0,90140
02767,FED,DIF,SM,Massachusetts,1627182.0,0,Bluestone Bank,0,12.0,90169,0,MA,0,90169
02141,FED,DIF,SM,Massachusetts,1668521.0,1,East Cambridge Savings Bank,0,12.0,90173,0,MA,0,90173
02021,FDIC,DIF,SI,Massachusetts,792830.0,0,The Bank of Canton,0,6.0,90175,0,MA,0,90175
01510,FDIC,DIF,SI,Massachusetts,728890.0,0,Clinton Savings Bank,0,9.0,90181,0,MA,0,90181
01760,FDIC,DIF,NM,Massachusetts,6153688.0,0,Middlesex Savings Bank,0,35.0,90183,0,MA,0,90183
01027,FED,DIF,SM,Massachusetts,2009091.0,0,Bankesb,0,11.0,90188,0,MA,0,90188
02539,FED,DIF,SM,Massachusetts,1297467.0,0,Martha's Vineyard Bank,0,10.0,90190,0,MA,0,90190
02149,FDIC,DIF,SI,Massachusetts,680250.0,0,Eagle Bank,0,6.0,90191,0,MA,0,90191
02777,FDIC,DIF,SI,Massachusetts,2885657.0,0,BayCoast Bank,0,25.0,90196,0,MA,0,90196
61010,FDIC,DIF,NM,Illinois,367957.0,0,Byron Bank,0,4.0,902,1,IL,0,902
01930,FDIC,DIF,SI,Massachusetts,1054606.0,1,Cape Ann Savings Bank,0,4.0,90203,0,MA,0,90203
01301,FDIC,DIF,SI,Massachusetts,1493176.0,0,Greenfield Savings Bank,0,8.0,90206,0,MA,0,90206
01830,FDIC,DIF,SI,Massachusetts,1112104.0,0,Pentucket  Bank,0,6.0,90208,0,MA,0,90208
02043,FDIC,DIF,SI,Massachusetts,4547851.0,0,Hingham Institution for Savings,0,9.0,90211,0,MA,0,90211
01040,FDIC,DIF,SI,Massachusetts,4625654.0,0,PeoplesBank,0,21.0,90213,0,MA,0,90213
01749,FDIC,DIF,SI,Massachusetts,2802372.0,0,Avidia Bank,0,10.0,90215,0,MA,0,90215
01876,FDIC,DIF,SI,Massachusetts,1878566.0,0,The Lowell Five Cent Savings Bank,0,15.0,90227,0,MA,0,90227
01852,FED,DIF,SM,Massachusetts,298712.0,1,Washington Savings Bank,0,2.0,90229,0,MA,0,90229
25414,FDIC,DIF,NM,West Virginia,975423.0,0,Potomac Bank,0,9.0,9023,0,WV,0,9023
01945,FED,DIF,SM,Massachusetts,263046.0,1,Marblehead Bank,0,3.0,90234,0,MA,0,90234
01752,FDIC,DIF,SI,Massachusetts,1612083.0,0,Main Street Bank,0,6.0,90235,0,MA,0,90235
26147,FDIC,DIF,NM,West Virginia,210289.0,0,"Calhoun County Bank, Inc.",0,4.0,9024,0,WV,0,9024
01057,FDIC,DIF,SI,Massachusetts,813958.0,0,Monson Savings Bank,0,6.0,90245,0,MA,0,90245
01950,FDIC,DIF,SI,Massachusetts,5406916.0,0,Institution for Savings in Newburyport and Its Vicinity,0,13.0,90250,0,MA,0,90250
01950,FDIC,DIF,SI,Massachusetts,1576539.0,0,Newburyport Five Cents Savings Bank,0,12.0,90251,0,MA,0,90251
01247,FDIC,DIF,SI,Massachusetts,1068191.0,0,MountainOne Bank,0,6.0,90253,0,MA,0,90253
01535,FED,DIF,SM,Massachusetts,439941.0,0,North Brookfield Savings Bank,0,7.0,90258,0,MA,0,90258
02375,FDIC,DIF,SI,Massachusetts,1834444.0,0,North Easton Savings Bank,0,14.0,90259,0,MA,0,90259
02657,FDIC,DIF,SI,Massachusetts,469291.0,1,Seamen's Bank,0,5.0,90268,0,MA,0,90268
01562,FED,DIF,SM,Massachusetts,2396023.0,0,Cornerstone Bank,0,17.0,90282,0,MA,0,90282
01588,FDIC,DIF,NM,Massachusetts,2916156.0,0,UniBank for Savings,0,15.0,90290,0,MA,0,90290
01880,FDIC,DIF,SI,Massachusetts,864036.0,0,The Savings Bank,0,9.0,90291,0,MA,0,90291
01570,FDIC,DIF,SI,Massachusetts,1312790.0,0,Webster Five Cents Savings Bank,0,7.0,90297,0,MA,0,90297
60602,FDIC,DIF,NM,Illinois,1276984.0,0,Amalgamated Bank of Chicago,0,2.0,903,0,IL,0,903
26385,FDIC,DIF,NM,West Virginia,163812.0,0,The Harrison County Bank,0,4.0,9030,0,WV,0,9030
01085,OCC,DIF,SB,Massachusetts,2761354.0,0,Westfield Bank,717968,27.0,90300,0,MA,0,90300
02190,FED,DIF,SM,Massachusetts,2556320.0,0,South Shore Bank,0,13.0,90303,0,MA,0,90303
01890,FDIC,DIF,SI,Massachusetts,1046911.0,0,Winchester Savings Bank,0,5.0,90308,0,MA,0,90308
01608,FDIC,DIF,SI,Massachusetts,585390.0,0,Bay State Savings Bank,0,7.0,90311,0,MA,0,90311
54540,FDIC,DIF,NM,Wisconsin,119616.0,0,Headwaters State Bank,0,2.0,9035,0,WI,0,9035
54847,FDIC,DIF,NM,Wisconsin,140565.0,0,Security State Bank,0,3.0,9036,0,WI,0,9036
53818,FDIC,DIF,NM,Wisconsin,545892.0,0,Mound City Bank,0,6.0,9037,0,WI,0,9037
17040,FED,DIF,SM,Pennsylvania,418517.0,0,The Bank of Landisburg,0,4.0,90384,0,PA,0,90384
52310,FDIC,DIF,NM,Iowa,582879.0,0,Citizens State Bank,0,8.0,9047,1,IA,0,9047
35474,FDIC,DIF,NM,Alabama,138502.0,0,Bank of Moundville,0,1.0,9057,0,AL,0,9057
31015,FDIC,DIF,NM,Georgia,466215.0,0,Planters First Bank,0,7.0,9064,1,GA,0,9064
31022,FDIC,DIF,NM,Georgia,525548.0,0,Bank of Dudley,0,8.0,9068,0,GA,0,9068
31024,FDIC,DIF,NM,Georgia,298992.0,0,Farmers & Merchants Bank,0,2.0,9069,0,GA,0,9069
30295,FDIC,DIF,NM,Georgia,89862.0,0,First Bank of Pike,0,3.0,9070,0,GA,0,9070
00936,STATE,NONE,NC,Puerto Rico,,,Banco Cooperativo de Puerto Rico,0,,90709,,PR,0,90709
60033,FDIC,DIF,NM,Illinois,327101.0,0,The Harvard State Bank,0,5.0,9079,1,IL,0,9079
61068,FDIC,DIF,NM,Illinois,314075.0,0,Holcomb Bank,0,4.0,9080,1,IL,0,9080
10005,STATE,NONE,NC,New York,,,French-American Banking Corporation (NYIC),0,,90846,,NY,0,90846
46601,FED,DIF,SM,Indiana,9110853.0,0,1st Source Bank,0,81.0,9087,0,IN,0,9087
52206,FDIC,DIF,NM,Iowa,172336.0,0,Atkins Savings Bank & Trust,0,1.0,9096,0,IA,0,9096
52501,FDIC,DIF,NM,Iowa,536116.0,0,South Ottumwa Savings Bank,0,6.0,9099,1,IA,0,9099
52648,FDIC,DIF,NM,Iowa,1183399.0,0,Pilot Grove Savings Bank,0,17.0,9100,1,IA,0,9100
80903,FDIC,DIF,NM,Colorado,388729.0,0,5Star Bank,0,6.0,91005,0,CO,0,91005
50597,FDIC,DIF,NM,Iowa,169258.0,0,West Iowa Bank,0,5.0,9105,0,IA,0,9105
50277,FDIC,DIF,NM,Iowa,74437.0,0,Farmers State Bank,0,1.0,9106,1,IA,0,9106
58366,FDIC,DIF,NM,North Dakota,52507.0,0,Rolette State Bank,0,1.0,9120,1,ND,0,9120
58318,FDIC,DIF,NM,North Dakota,116855.0,0,State Bank of Bottineau,0,1.0,9121,1,ND,0,9121
58301,FDIC,DIF,NM,North Dakota,2585304.0,0,Western State Bank,0,11.0,9123,0,ND,0,9123
72201,FED,DIF,SM,Arkansas,265300.0,0,Bank of Little Rock,0,5.0,91280,0,AR,0,91280
60603,FED,DIF,SM,Illinois,173842608.0,0,The Northern Trust Company,0,65.0,913,0,IL,0,913
30327,OCC,DIF,N,Georgia,398477.0,0,CIBC National Trust Company,24106,15.0,91325,0,GA,0,91325
45351,FDIC,DIF,NM,Ohio,514064.0,0,Osgood Bank,0,6.0,9137,0,OH,0,9137
44654,FED,DIF,SM,Ohio,1265131.0,0,"The Commercial and Savings Bank of Millersburg, Ohio",0,16.0,9139,0,OH,0,9139
29646,FDIC,DIF,NM,South Carolina,748364.0,0,Countybank,0,13.0,9155,1,SC,0,9155
38485,FED,DIF,SM,Tennessee,582848.0,0,Wayne County Bank,0,8.0,9168,0,TN,0,9168
38242,FDIC,DIF,NM,Tennessee,1601377.0,0,Security Bank and Trust Company,0,16.0,9172,0,TN,0,9172
38320,FDIC,DIF,NM,Tennessee,1406483.0,0,Apex Bank,0,22.0,9176,0,TN,0,9176
38570,FDIC,DIF,NM,Tennessee,98367.0,0,Union Bank & Trust Company,0,1.0,9179,1,TN,0,9179
38011,FDIC,DIF,NM,Tennessee,55050.0,0,Brighton Bank,0,2.0,9189,0,TN,0,9189
38375,FDIC,DIF,NM,Tennessee,129584.0,0,Home Banking Company,0,5.0,9196,0,TN,0,9196
84601,FDIC,DIF,NM,Utah,2149085.0,0,Central Bank,0,12.0,9204,0,UT,0,9204
30427,FDIC,DIF,NM,Georgia,441684.0,0,Glennville Bank,0,7.0,9244,0,GA,0,9244
30728,FDIC,DIF,NM,Georgia,452029.0,0,"The Bank of LaFayette, Georgia",0,3.0,9245,0,GA,0,9245
60134,FED,DIF,SM,Illinois,124459.0,0,The State Bank of Geneva,0,1.0,925,1,IL,0,925
62250,FDIC,DIF,NM,Illinois,219823.0,0,Farmers State Bank of Hoffman,0,3.0,9259,0,IL,0,9259
61443,OCC,DIF,N,Illinois,589004.0,0,Peoples National Bank of Kewanee,14418,10.0,926,0,IL,0,926
61084,OCC,DIF,N,Illinois,638743.0,0,Stillman BancCorp N.A.,14369,6.0,9263,1,IL,0,9263
62681,FED,DIF,SM,Illinois,132948.0,0,Rushville State Bank,0,1.0,9265,1,IL,0,9265
61956,FDIC,DIF,NM,Illinois,89018.0,0,Villa Grove State Bank,0,2.0,9273,1,IL,0,9273
46711,FED,DIF,SM,Indiana,1078099.0,0,First Bank of Berne,0,7.0,9288,1,IN,0,9288
51450,FED,DIF,SM,Iowa,38593.0,0,Farmers State Bank,0,1.0,9295,0,IA,0,9295
52057,FED,DIF,SM,Iowa,595263.0,0,Farmers & Merchants Savings Bank,0,7.0,9298,1,IA,0,9298
50248,FDIC,DIF,NM,Iowa,284135.0,0,Reliance State Bank,0,2.0,9299,0,IA,0,9299
71763,FDIC,DIF,NM,Arkansas,70182.0,0,Riverside Bank,0,2.0,93,0,AR,0,93
50668,FDIC,DIF,NM,Iowa,150323.0,0,Readlyn Savings Bank,0,2.0,9300,1,IA,0,9300
42050,FDIC,DIF,NM,Kentucky,223981.0,0,The Citizens Bank,0,3.0,9306,1,KY,0,9306
42240,FED,DIF,SM,Kentucky,360301.0,0,United Southern Bank,0,7.0,9309,0,KY,0,9309
60953,FDIC,DIF,NM,Illinois,57905.0,0,Citizens State Bank of Milford,0,1.0,931,1,IL,0,931
41472,FDIC,DIF,NM,Kentucky,215847.0,0,Commercial Bank,0,2.0,9310,1,KY,0,9310
40484,FDIC,DIF,NM,Kentucky,172049.0,0,"PBK BANK, INC.",0,6.0,9313,0,KY,0,9313
41056,FDIC,DIF,NM,Kentucky,163904.0,0,Bank of Maysville,0,3.0,9315,0,KY,0,9315
71446,FDIC,DIF,NM,Louisiana,536342.0,0,Merchants & Farmers Bank & Trust Company,0,9.0,9319,0,LA,0,9319
71260,FDIC,DIF,NM,Louisiana,240200.0,0,Marion State Bank,0,6.0,9320,0,LA,0,9320
71483,FDIC,DIF,NM,Louisiana,153524.0,0,Bank of Winnfield & Trust Company,0,2.0,9323,1,LA,0,9323
71251,FDIC,DIF,NM,Louisiana,1281701.0,0,Jonesboro State Bank,0,2.0,9325,0,LA,0,9325
70589,FDIC,DIF,NM,Louisiana,303550.0,0,Washington State Bank,0,7.0,9326,1,LA,0,9326
71226,FDIC,DIF,NM,Louisiana,87247.0,0,Peoples Bank,0,1.0,9328,1,LA,0,9328
56057,FDIC,DIF,NM,Minnesota,110909.0,0,First State Bank of Le Center,0,2.0,9330,1,MN,0,9330
55359,FDIC,DIF,NM,Minnesota,85150.0,0,Bank of Maple Plain,0,1.0,9332,1,MN,0,9332
56384,OCC,DIF,N,Minnesota,137362.0,0,"Battle Bank, National Association",23458,1.0,9336,0,MN,0,9336
56567,FDIC,DIF,NM,Minnesota,82226.0,0,"Farmers & Merchants State Bank of New York Mills, Incorporated",0,1.0,9340,1,MN,0,9340
55935,FDIC,DIF,NM,Minnesota,41032.0,0,First State Bank of Fountain,0,1.0,9349,0,MN,0,9349
56554,FDIC,DIF,NM,Minnesota,45749.0,0,State Bank of Lake Park,0,2.0,9351,1,MN,0,9351
56339,FDIC,DIF,NM,Minnesota,38303.0,0,Farmers State Bank of Hoffman,0,1.0,9354,1,MN,0,9354
39328,FDIC,DIF,NM,Mississippi,286491.0,0,The Commercial Bank,0,5.0,9356,0,MS,0,9356
38930,FDIC,DIF,NM,Mississippi,1159601.0,0,Bank of Commerce,0,15.0,9359,0,MS,0,9359
39114,FDIC,DIF,NM,Mississippi,503356.0,0,Peoples Bank,0,6.0,9366,1,MS,0,9366
63730,FED,DIF,SM,Missouri,510463.0,0,The Bank of Advance,0,7.0,9369,1,MO,0,9369
64040,FDIC,DIF,NM,Missouri,473001.0,0,F & C Bank,0,3.0,9378,0,MO,0,9378
64628,OCC,DIF,N,Missouri,116230.0,0,"Bank of Brookfield - Purdin, National Association",16976,4.0,9385,0,MO,0,9385
64863,FDIC,DIF,NM,Missouri,206525.0,0,The Corner Stone Bank,0,5.0,9388,1,MO,0,9388
63943,FDIC,DIF,NM,Missouri,232863.0,0,Bank of Grandin,0,5.0,9392,1,MO,0,9392
07055,OCC,DIF,N,New Jersey,64388074.0,0,Valley National Bank,15790,234.0,9396,0,NJ,0,9396
14719,FED,DIF,SM,New York,34855.0,0,Bank of Cattaraugus,0,1.0,9406,0,NY,0,9406
14883,OCC,DIF,N,New York,639671.0,0,Tioga State Bank National Association,25239,11.0,9410,0,NY,0,9410
58529,FDIC,DIF,NM,North Dakota,47600.0,0,Grant County State Bank,0,2.0,9417,1,ND,0,9417
58523,FDIC,DIF,NM,North Dakota,325433.0,0,The Union Bank,0,6.0,9420,0,ND,0,9420
58250,FDIC,DIF,NM,North Dakota,76935.0,0,Citizens State Bank of Lankin,0,4.0,9422,1,ND,0,9422
58104,FDIC,DIF,NM,North Dakota,6133303.0,0,Choice Financial Group,0,18.0,9423,0,ND,0,9423
45697,FDIC,DIF,NM,Ohio,1188670.0,0,First State Bank,0,18.0,9437,0,OH,0,9437
43340,FDIC,DIF,NM,Ohio,23493.0,0,The Mt. Victory State Bank,0,1.0,9438,0,OH,0,9438
45767,FDIC,DIF,NM,Ohio,68082.0,0,The Peoples Savings Bank,0,3.0,9439,0,OH,0,9439
44883,FDIC,DIF,NM,Ohio,286911.0,0,First Bank of Ohio,0,5.0,9450,0,OH,0,9450
45223,FED,DIF,SM,Ohio,1161035.0,0,The North Side Bank and Trust Company,0,9.0,9457,0,OH,0,9457
45342,FDIC,DIF,NM,Ohio,354799.0,0,Farmers & Merchants Bank,0,5.0,9462,0,OH,0,9462
43935,FDIC,DIF,NM,Ohio,852639.0,0,Unified Bank,0,19.0,9463,0,OH,0,9463
73717,FED,DIF,SM,Oklahoma,600888.0,0,Wisdom Heritage Bank,0,6.0,9465,1,OK,0,9465
73013,FDIC,DIF,NM,Oklahoma,305638.0,0,VALOR BANK,0,1.0,9467,1,OK,0,9467
74369,FDIC,DIF,NM,Oklahoma,442415.0,0,"Welch State Bank of Welch, Okla.",0,6.0,9472,1,OK,0,9472
97055,FDIC,DIF,NM,Oregon,263478.0,0,Clackamas County Bank,0,4.0,9486,1,OR,0,9486
38425,FED,DIF,SM,Tennessee,428853.0,0,Peoples Bank,0,5.0,9489,0,TN,0,9489
37857,FDIC,DIF,NM,Tennessee,1038742.0,0,Thread Bank,0,3.0,9499,0,TN,0,9499
50511,FDIC,DIF,NM,Iowa,479753.0,0,Iowa State Bank,0,5.0,950,0,IA,0,950
24540,FDIC,DIF,NM,Virginia,163831.0,0,Movement Bank,0,4.0,9502,0,VA,0,9502
24354,FED,DIF,SM,Virginia,614064.0,0,The Bank of Marion,0,17.0,9507,0,VA,0,9507
51012,FDIC,DIF,NM,Iowa,277337.0,0,Cherokee State Bank,0,1.0,951,0,IA,0,951
53015,FDIC,DIF,NM,Wisconsin,239576.0,0,Cleveland State Bank,0,3.0,9517,0,WI,0,9517
53065,FED,DIF,SM,Wisconsin,192921.0,0,Bristol Morgan Bank,0,4.0,9523,0,WI,0,9523
54481,FDIC,DIF,NM,Wisconsin,149428.0,0,The Pineries Bank,0,1.0,9526,1,WI,0,9526
53060,FDIC,DIF,NM,Wisconsin,330893.0,0,State Bank of Newburg,0,2.0,9529,0,WI,0,9529
50309,FDIC,DIF,NM,Iowa,7469647.0,0,Bankers Trust Company,0,22.0,953,0,IA,0,953
53182,FDIC,DIF,NM,Wisconsin,651945.0,0,Community State Bank,0,7.0,9536,1,WI,0,9536
50846,FED,DIF,SM,Iowa,277414.0,0,FNB Bank,0,5.0,954,1,IA,0,954
52627,FED,DIF,SM,Iowa,543514.0,0,Connection Bank,0,5.0,955,1,IA,0,955
51534,FED,DIF,SM,Iowa,362135.0,0,Glenwood State Bank,0,4.0,956,0,IA,0,956
51445,FDIC,DIF,NM,Iowa,2533545.0,0,United Bank of Iowa,0,37.0,958,1,IA,0,958
35406,FDIC,DIF,NM,Alabama,105437.0,0,Local Bank,0,3.0,9614,0,AL,0,9614
36782,FDIC,DIF,NM,Alabama,154866.0,0,Sweet Water State Bank,0,5.0,9615,1,AL,0,9615
33440,FDIC,DIF,NM,Florida,822615.0,0,First Bank,0,7.0,9620,0,FL,0,9620
32301,FED,DIF,SM,Florida,4450684.0,0,Capital City Bank,0,67.0,9622,0,FL,0,9622
50461,FED,DIF,SM,Iowa,294809.0,0,The Home Trust & Savings Bank,0,1.0,963,1,IA,0,963
62675,FDIC,DIF,NM,Illinois,410246.0,0,Alliance Community Bank,0,6.0,9631,1,IL,0,9631
61615,FDIC,DIF,NM,Illinois,853333.0,0,Fortress Bank,0,10.0,9632,0,IL,0,9632
46158,FDIC,DIF,NM,Indiana,699726.0,0,Citizens Bank,0,9.0,9647,0,IN,0,9647
67025,FDIC,DIF,NM,Kansas,95320.0,0,"The Citizens State Bank of Cheney, Kansas",0,1.0,9658,1,KS,0,9658
67437,FDIC,DIF,NM,Kansas,153566.0,0,State Bank of Downs,0,2.0,9659,1,KS,0,9659
67450,FED,DIF,SM,Kansas,69263.0,0,Bank of Holyrood,0,1.0,9661,1,KS,0,9661
66608,FDIC,DIF,NM,Kansas,344514.0,0,Kaw Valley Bank,0,7.0,9665,0,KS,0,9665
42411,FDIC,DIF,NM,Kentucky,120354.0,0,Fredonia Valley Bank,0,2.0,9669,0,KY,0,9669
40360,FDIC,DIF,NM,Kentucky,101335.0,0,Owingsville Banking Company,0,3.0,9672,0,KY,0,9672
42141,FDIC,DIF,NM,Kentucky,1168092.0,0,Edmonton State Bank,0,18.0,9678,1,KY,0,9678
50588,FED,DIF,SM,Iowa,283704.0,0,Security Trust & Savings Bank,0,3.0,968,1,IA,0,968
51463,FED,DIF,SM,Iowa,169608.0,0,Templeton Savings Bank,0,2.0,969,0,IA,0,969
02370,FDIC,DIF,NM,Massachusetts,24787974.0,0,Rockland Trust Company,0,152.0,9712,0,MA,0,9712
48371,FED,DIF,SM,Michigan,902079.0,0,Oxford Bank,0,9.0,9719,0,MI,0,9719
56216,FDIC,DIF,NM,Minnesota,89979.0,0,Concorde Bank,0,2.0,9727,1,MN,0,9727
55920,FDIC,DIF,NM,Minnesota,159131.0,0,First Security Bank,0,1.0,9728,1,MN,0,9728
56553,FDIC,DIF,NM,Minnesota,80756.0,0,Vantage Bank,0,2.0,9733,1,MN,0,9733
56072,FDIC,DIF,NM,Minnesota,125471.0,0,State Bank of New Richland,0,1.0,9735,1,MN,0,9735
56501,FDIC,DIF,NM,Minnesota,915488.0,0,Midwest Bank,0,7.0,9737,1,MN,0,9737
55355,FDIC,DIF,NM,Minnesota,223679.0,0,Home State Bank,0,4.0,9745,1,MN,0,9745
56529,OCC,DIF,N,Minnesota,166863.0,0,"Northwestern Bank, National Association",24372,6.0,9746,1,MN,0,9746
56587,FDIC,DIF,NM,Minnesota,59076.0,0,Vergas State Bank,0,1.0,9747,0,MN,0,9747
55357,FDIC,DIF,NM,Minnesota,887940.0,0,21st Century Bank,0,8.0,9751,1,MN,0,9751
56738,FDIC,DIF,NM,Minnesota,44170.0,0,Marshall County State Bank,0,1.0,9752,1,MN,0,9752
49228,FED,DIF,SM,Michigan,118951.0,0,Blissfield State Bank,0,1.0,976,1,MI,0,976
56090,FDIC,DIF,NM,Minnesota,539835.0,0,Community Bank Mankato,0,5.0,9760,0,MN,0,9760
55068,FDIC,DIF,NM,Minnesota,155433.0,0,The First State Bank of Rosemount,0,2.0,9769,0,MN,0,9769
48416,FED,DIF,SM,Michigan,638709.0,0,Tri-County Bank,0,12.0,977,0,MI,0,977
56164,FED,DIF,SM,Minnesota,395374.0,0,First State Bank Southwest,0,6.0,9770,1,MN,0,9770
56763,FDIC,DIF,NM,Minnesota,142935.0,0,Security State Bank of Warroad,0,2.0,9773,0,MN,0,9773
39747,FED,DIF,SM,Mississippi,344304.0,0,Bank of Kilmichael,0,5.0,9775,1,MS,0,9775
38646,FDIC,DIF,NM,Mississippi,105444.0,0,Citizens Bank & Trust Co.,0,2.0,9777,0,MS,0,9777
63627,FDIC,DIF,NM,Missouri,397214.0,0,Bloomsdale Bank,0,5.0,9788,1,MO,0,9788
65248,FDIC,DIF,NM,Missouri,162378.0,0,Commercial Trust Company of Fayette,0,2.0,9791,1,MO,0,9791
64076,FDIC,DIF,NM,Missouri,669531.0,0,Bank of Odessa,0,4.0,9803,0,MO,0,9803
68301,FDIC,DIF,NM,Nebraska,70625.0,0,Adams State Bank,0,1.0,9812,1,NE,0,9812
68649,FDIC,DIF,NM,Nebraska,105806.0,0,Platte Valley Bank,0,1.0,9818,0,NE,0,9818
69154,FDIC,DIF,NM,Nebraska,74029.0,0,Nebraska State Bank,0,1.0,9819,1,NE,0,9819
48422,FED,DIF,SM,Michigan,567842.0,0,Eastern Michigan Bank,0,13.0,982,0,MI,0,982
68447,FDIC,DIF,NM,Nebraska,148500.0,0,State Bank of Table Rock,0,6.0,9822,1,NE,0,9822
14004,FED,DIF,SM,New York,452360.0,0,Alden State Bank,0,3.0,9831,0,NY,0,9831
28202,FDIC,DIF,NM,North Carolina,541180000.0,0,Truist Bank,0,1931.0,9846,0,NC,0,9846
45883,FED,DIF,SM,Ohio,447852.0,0,The St. Henry Bank,0,3.0,9871,1,OH,0,9871
73632,FDIC,DIF,NM,Oklahoma,59580.0,0,BANK360,0,2.0,9875,1,OK,0,9875
73068,FDIC,DIF,NM,Oklahoma,50244.0,0,First State Bank,0,1.0,9879,0,OK,0,9879
74354,FDIC,DIF,NM,Oklahoma,155261.0,0,Security Bank and Trust Company,0,4.0,9881,1,OK,0,9881
18431,FDIC,DIF,NM,Pennsylvania,1146168.0,0,The Dime Bank,0,9.0,9888,0,PA,0,9888
17061,FDIC,DIF,NM,Pennsylvania,6938525.0,0,Mid Penn Bank,0,67.0,9889,0,PA,0,9889
71940,FDIC,DIF,NM,Arkansas,202871.0,0,Bank of Delight,0,4.0,99,1,AR,0,99
29574,FDIC,DIF,NM,South Carolina,2275809.0,0,Anderson Brothers Bank,0,26.0,9923,0,SC,0,9923
57380,FDIC,DIF,NM,South Dakota,262998.0,0,"Commercial State Bank, of Wagner",0,1.0,9932,1,SD,0,9932
57043,FDIC,DIF,NM,South Dakota,346325.0,0,Rivers Edge Bank,0,5.0,9935,1,SD,0,9935
75750,FED,DIF,SM,Texas,652775.0,0,American State Bank,0,5.0,9967,0,TX,0,9967
78801,FDIC,DIF,NM,Texas,1755759.0,0,First State Bank of Uvalde,0,8.0,9978,0,TX,0,9978
24127,FED,DIF,SM,Virginia,93499.0,0,Farmers & Merchants Bank of Craig County,0,1.0,9986,0,VA,0,9986
49067,FED,DIF,SM,Michigan,107878.0,0,G. W. Jones Exchange Bank,0,4.0,999,0,MI,0,999
25443,FDIC,DIF,NM,West Virginia,577617.0,0,Jefferson Security Bank,0,6.0,9997,0,WV,0,9997
26851,FDIC,DIF,NM,West Virginia,239663.0,0,Capon Valley Bank,0,5.0,9998,0,WV,0,9998
