cik,net_income,net_income_prior,revenue,total_assets,stockholders_equity,total_liabilities
1750,-8900000,-30600000,,2859100000,1182600000,
1800,1325000000,,,81448000000,48811000000,
1961,-116601,,,9959,-3770146,3780105
2098,1653000,,45958000,163039000,108281000,54758000
2186,2132000,,,56066000,32369000,23697000
2488,709000000,,,71550000000,57881000000,
3197,35984000,,,957095000,285791000,667044000
3453,72300000,,,4527000000,2633200000,
3499,12312000,,54915000,1332903000,163089000,1169814000
3570,353000000,,5444000000,43546000000,5581000000,33449000000
4281,344000000,,,10772000000,4792000000,5980000000
4962,2584000000,,,282244000000,31202000000,251042000000
4977,29000000,,3398000000,120258000000,26338000000,93920000000
5272,698000000,898000000,6783000000,161864000000,41431000000,120405000000
5513,189100000,,3091600000,62459800000,11214000000,51245800000
5981,-8462000,,,631588000,,404234000
6176,1142000,,104265000,536193000,64642000,458523000
6201,-473000000,,,62609000000,-4508000000,
7084,295000000,,20175000000,53402000000,,
7431,69100000,,,1854400000,793400000,
7536,79720000,,6814017000,21400842000,5925005000,
7623,-55757,,5140955,21004594,12080743,8923851
7789,101687000,,,43309136000,4686558000,38622578000
8063,9528000,-2832000,,662242000,266757000,395485000
8146,-376000,,,150324000,76551000,73773000
8177,802000,,50125000,388436000,102385000,286051000
8504,7060039,,3649410,20222264,4176928,16045336
8670,1249500000,963200000,,56448600000,5855300000,50593300000
8818,166300000,,,8354700000,2170500000,
8858,87919000,87253000,,11712330000,4884967000,6827363000
9092,38398000,30717000,,899596000,641686000,
9326,37053000,33583000,,1617555000,1208701000,408854000
10329,1854000,,,335786000,166798000,
10456,126000000,-512000000,,21304000000,7081000000,14250000000
11544,417571000,,3547399000,41345792000,8914039000,32419420000
12040,2690000,55000,53359000,143307000,64002000,65410000
12208,64000000,-715800000,,9526900000,6679400000,2847500000
12239,-32488000,,7240000,52335000,42428000,9907000
12659,722330000,-243420000,,3245011000,-192838000,3437849000
12927,-37000000,,19496000000,156494000000,-3325000000,159819000000
13156,-2021282,,,27816794,-21630570,49447364
14272,2456000000,,11201000000,92427000000,17389000000,74979000000
14707,6943000,,,1907696000,605179000,
14846,-2352000,-2070000,24106000,703913000,198453000,505524000
14930,20200000,,1221800000,5857000000,1872200000,
15357,-104711,136215,,1414133,818242,595891
15615,9903000,,2847718000,8861938000,2884341000,5906679000
16058,111860000,109938000,,8580078000,3704446000,4875632000
16160,508533000,219064000,,3081569000,2381772000,694061000
16732,66000000,173000000,2475000000,14828000000,3870000000,10956000000
16918,-375300000,615900000,,21652300000,6882000000,14517500000
17313,17561000,16268000,,1882840000,883633000,999207000
17843,95400000,84100000,,3361800000,1781700000,1580100000
18255,3309000,,170242000,440806000,164917000,
18349,195014000,,,60339121000,5390751000,54926818000
18498,-21227000,,,1404591000,522232000,882359000
18926,-201000000,,3182000000,33538000000,289000000,
19584,71757000,,646943000,1726515000,1181762000,544753000
19617,14643000000,,,4357856000000,351420000000,4006436000000
19745,50900000,,298700000,3664600000,1447300000,
19871,401022,,7245635,24071057,20404490,3666567
20212,77000000,,,7347100000,1072000000,6254000000
20286,-90000000,,2566000000,37276000000,13718000000,23558000000
20520,-64000000,,1511000000,20898000000,4877000000,16021000000
20639,-1592000,,,200000,-5717000,5917000
21076,186000000,193000000,,5512000000,27000000,5322000000
21175,274000000,,3627000000,67326000000,10279000000,57047000000
21344,3330000000,,11129000000,101716000000,26202000000,
21535,-30804000,,,975537000,827717000,
21665,690000000,,,16647000000,363000000,15914000000
22356,131592000,,0,32364964000,3477787000,28866562000
22701,-3496432,,,44427672,14806897,
23194,-121278000,,,6601547000,2121497000,4324363000
23197,33934000,-48739000,126787000,751144000,115433000,465639000
23217,145100000,284500000,,20744500000,8779100000,11965400000
23795,2261000,,35811000,1243903000,593883000,650020000
24090,-1623000,3621000,55652000,1702204000,218139000,1484065000
24741,157000000,,3452000000,27394000000,10716000000,16266000000
25232,20897000,,250328000,8663360000,4813752000,3826287000
25445,21700000,,,2428700000,1106600000,1322100000
25475,6684000,,,792259000,160588000,
25743,-653000,,393000,38236000,26740000,11496000
26058,13367000,,125769000,765528000,538238000,227290000
26324,101337000,,805645000,4951791000,2559147000,2392644000
26780,25000000,-80000000,,7800000000,1379000000,6165000000
27419,1036000000,1103000000,,56185000000,14947000000,
27904,240000000,,,77342000000,15447000000,
27996,14000000,,536500000,2573817000,,
28823,-8300000,,841100000,3625600000,984000000,2634600000
28917,163817000,,1546971000,3907024000,1857885000,
29002,-4437000,,,2356341000,1801218000,484507000
29332,-1697000,,62990000,185446000,14617000,170829000
29534,391928000,,,30987661000,7703663000,23283998000
29644,57800000,95900000,,2996500000,1464200000,1532300000
29905,230821000,,,12648548000,7137767000,
29989,287700000,,3690400000,28113700000,4373200000,
30305,1402000,6585000,,1128350000,692067000,436283000
30625,73905000,,0,5483298000,2079771000,
30697,39232000,,523472000,4919482000,130239000,4789243000
31107,1943689,,63312774,232329678,120999645,111330034
31235,-7000000,,,1937000000,563000000,1154000000
31462,402500000,,,22366400000,8875800000,13462700000
31667,-1345500,-835700,6636300,78314300,40567600,37746700
31791,42237000,,,12360724000,7637130000,4723594000
32604,485000000,585000000,,41978000000,19249000000,
33185,133100000,,,11854800000,4981200000,6742300000
33213,242139000,,1739850000,39703364000,20717880000,15300095000
33488,2619000,,,222074000,168765000,53309000
33533,1704487,1908499,10302719,72839495,46324747,26514748
33992,3882660,,50498775,385439240,82209963,303229277
34067,677000,,,670640000,253923000,229637000
34088,7713000000,,83130000000,451908000000,262720000000,182102000000
34285,-333000,,,9914000,7004000,2910000
34563,-4976000,210000,,163159000,37264000,125895000
34903,63768000,,309154000,8621850000,3191881000,5176245000
34956,-10408000,,,112059000,109291000,2768000
35527,515000000,,,212669000000,20403000000,192266000000
36029,61346000,,,14312114000,1680261000,12631853000
36104,1709000000,,6958000000,676489000000,60096000000,615931000000
36146,53633000,,,18296203000,2021227000,16274976000
36270,584000000,,,210321000000,28991000000,181330000000
36377,59248000,,211003000,23744958000,2648852000,21096106000
36840,894000,614000,7258000,156213000,33541000,130719000
36966,218000000,,812000000,81491000000,8749000000,72447000000
37472,-3742000,9054000,,266126000,158119000,108007000
37785,-15500000,-16300000,,11800900000,4382000000,
37808,117000000,,,49020000000,6418000000,42602000000
38009,424000000,,3420000000,154923000000,14130000000,140793000000
38723,4195000,,103000000,1285778041,,1035253697
38725,30962000,,,1928900000,1297247000,
39263,150922000,,540231000,52004742000,4114160000,47890582000
39311,15590000,18461000,,5328428000,467277000,4861151000
39368,13248000,,,4960906000,1777139000,3182545000
39899,58671000,,,7301757000,3038870000,4242179000
39911,193000000,,3463000000,11565000000,3321000000,
40211,78600000,,421600000,12966300000,2549400000,10416900000
40533,994000000,,,57249000000,22225000000,
40545,1978000000,1899000000,9935000000,124123000000,19251000000,104654000000
40704,625600000,795700000,,32706200000,9263200000,23193600000
40729,-225000000,108000000,1541000000,193331000000,14232000000,179099000000
40987,194392000,,,19817205000,4449933000,
42582,115000000,,,21711000000,4930000000,16625000000
42682,12128000,,,857847000,382071000,475776000
42888,124101000,,528284000,3008314000,2477720000,
43196,-9000000,,,10438000000,2254000000,7534000000
43920,39900000,22000000,,6754400000,2134100000,
45012,204000000,,,25179000000,10367000000,14770000000
45876,-9013000,,,2689008000,408968000,2240321000
45919,-392000,,41561000,100585000,21421000,79164000
46080,98600000,,1006100000,6040000000,,4842500000
46195,43985000,,,23885056000,1704935000,22180121000
47111,224203000,,,13967764000,,9282868000
47307,3131034,3948415,,129843172,75267508,
48287,13900000,,,1858100000,803600000,1054200000
48898,163200000,198200000,,6922100000,3261400000,3649900000
49071,1244000000,,32112000000,50930000000,17751000000,33111000000
49196,527000000,,,209596000000,20434000000,189110000000
49754,8200000,,214800000,1766340000,-215746000,1982086000
50471,1965788,1551080,,54834436,48921066,5913370
50863,-821000000,,,192242000000,99756000000,
51143,1055000000,,14541000000,145667000000,26880000000,118714000000
51253,-1018000000,,,28265000000,13177000000,
51434,-105000000,-147000000,,41168000000,18092000000,
51644,-85400000,,2322600000,17125500000,3584100000,13432000000
52827,-3424000,,82922000,3351353000,1915088000,
53456,47000000,,566000000,10057000000,4986000000,5071000000
54187,86784,-157681,5632151,87855809,52853897,35001912
55067,304000000,,3083000000,15474000000,3915000000,
55135,5800000,,1164900000,2594900000,1240500000,
55242,31482000,17928000,486399000,2490503000,1236868000,1211587000
55785,567000000,447000000,4054000000,16305000000,1101000000,
56047,75986000,,,6014601000,3326035000,
56701,-316742,94142,,37297918,30683175,6614743
57515,41124000,48993000,,1276612000,996248000,
58492,30600000,,,3748900000,746800000,
59255,16900000,,,2757200000,1062500000,
59478,2759000000,,12729000000,89388800000,15764800000,
59527,118487000,,,3625074000,1340170000,2284904000
59558,-722000000,,4691000000,382898000000,8193000000,374705000000
60086,370000000,,4494000000,83142000000,17191000000,65108000000
60519,91000000,,724000000,2570000000,1692000000,878000000
60667,1641000000,,,45372000000,-13254000000,58626000000
60714,-1640000,,,1175938000,490563000,
61004,-6000,202000,918000,43302000,39233000,2040000
61986,-6300000,,,1763800000,651600000,
62234,-16816000,,148766000,1017957000,441791000,
62709,1381000000,,,57015000000,,
62996,186000000,,,5107000000,-254000000,5113000000
63276,-40319000,,,6206440000,2129580000,
63330,-8640000,,5804000,47232000,26716000,20516000
63754,162300000,,1605500000,12899800000,5423000000,7450100000
63908,1868000000,,5956000000,56329000000,-3454000000,
64040,1090000000,,,59889000000,33371000000,22164000000
64463,-7556000,,5936000,90049000,-16065000,63056000
64803,1779000000,,94588000000,255585000000,76929000000,178475000000
64996,-108327000,,1393879000,9027658000,,7207047000
65172,3631208,,4734542,27428572,,7816850
65312,1041000,1129000,93538000,251790000,140207000,111583000
65770,-28779000,,,116743000,53204000,63539000
66004,9479000,8804000,44301000,1278961000,449048000,
66382,-12700000,34100000,,3895400000,1254100000,2572900000
66570,59605000,87946000,421340000,2235885000,,1045740000
66740,1116000000,728000000,5954000000,39951000000,4464000000,35428000000
66756,56100000,50600000,400200000,6866300000,2866000000,3477500000
67215,61048000,,,3104972000,1266158000,1838814000
67716,81965000,,674833000,6961474000,2743136000,
68505,430000000,,,14433000000,1641000000,
68622,284000000,,1222000000,17571000000,12527000000,
69422,-578000,-2725000,,103241000,-84488000,215317000
69488,6805000,,,883842000,277423000,606419000
69633,10122000,10467000,43961000,190863000,161548000,29315000
70502,85986000,144443000,,37778743000,3010449000,34747557000
70858,7360000000,,28247000000,3349039000000,293949000000,3053843000000
70866,-17000000,,,4336000000,857000000,3203000000
71557,1028920,,17880769,268588411,94744148,
71691,49551000,,,2735065000,1884856000,
71829,10003000,,,390010000,326886000,63124000
72162,667000,,,520025000,397644000,
72444,-15591000,,20876000,158559000,45618000,112941000
72573,1420000,8053000,,747178000,493228000,251778000
72903,483000000,,,72749000000,19804000000,
72909,42000000,,,4192000000,1670000000,
72971,4894000000,,,1950311000000,181090000000,1767405000000
73124,392000000,,,165071200000,12878500000,152192700000
73290,-1163000,-950000,1119000,7376000,5534000,1842000
73309,156000000,287000000,,34699000000,20069000000,13584000000
74046,11644000,12921000,,369543000,,122684000
74208,76720000,,421948000,10745412000,3331044000,6356559000
74260,245000000,105100000,2114000000,28028100000,5917500000,22084500000
75252,-24982000,,,4856424000,570979000,4285445000
75288,26181000,,,1339706000,592423000,
75362,505100000,,7441700000,42724700000,18022100000,
75677,203800000,,,8969800000,4499200000,
76282,8300000,,,1419600000,349200000,
76605,38238000,,,3186777000,1141268000,2045509000
77360,154900000,,1010400000,6747200000,,3113600000
77476,1834000000,,17919000000,101737000000,18389000000,83208000000
77543,27998000,,,4454298000,1160235000,3266701000
78003,2967000000,,13715000000,208028000000,90338000000,117391000000
78128,283789000,,783626000,18327161000,6460091000,
78239,-44800000,,1983600000,10672400000,4618200000,
78814,35422000,-37373000,493420000,3269703000,-535884000,3805587000
78890,51600000,,,6583600000,205800000,6254600000
79282,331000000,,1404000000,16760000000,,
79661,-712000,-4036000,,45365000,-121630000,166995000
79879,373000000,,,21140000000,6927000000,14048000000
80035,11517000,,,592451000,435776000,
80172,7610000,20732000,103639000,455299000,368585000,86714000
80420,46330000,34763000,,965368000,541363000,424005000
80424,3769000000,4630000000,19776000000,122984000000,,70439000000
80661,2567000000,,20409000000,111409000000,28954000000,82455000000
81018,258000000,,,28166000000,10987000000,
81061,1011000000,,15934000000,38398000000,23002000000,10051000000
81362,12922000,,,2664429000,1385885000,1277929000
81955,841447,-2946058,,67821430,65311253,2510177
82020,34113000,,,585255000,532207000,53048000
82473,-121032,,,14027617,4431593,13353109
82811,57300000,,,14032300000,6422700000,
83246,201000000,,924000000,172441000000,12796000000,159645000000
83350,1768085,,,38399308,32187218,6000921
84246,63214000,,407665000,5729154000,1604212000,4124942000
84748,-1400000,,,1510400000,1270300000,
84839,105248000,,,2948558000,1355752000,1592806000
85535,113498000,,,3458318000,3203007000,243172000
85961,98000000,,3131000000,16421000000,3003000000,13418000000
86312,395000000,,11810000000,135977000000,28191000000,107786000000
87050,-1733000,,513000,16972000,14575000,2397000
87347,797000000,,,49002000000,19515000000,28254000000
87802,-1778500,,942300,10570100,7767900,2802200
88000,22841000,,,2072649000,361018000,144406000
88205,51200000,,,3137500000,1443400000,
88941,19345000,,,1431955000,568815000,
89089,142880000,,1074167000,17316088000,1651075000,
89439,157432000,137652000,,3231304000,2666437000,544205000
89800,503900000,,,24636100000,4130100000,
90498,32388000,,,26792991000,3531485000,23261506000
91142,136600000,,,3267700000,1855100000,1412600000
91388,224000000,,,11146000000,6225000000,
91440,240500000,,1243200000,8069000000,5520800000,2524900000
91576,405000000,,1773000000,188691000000,19003000000,169688000000
91767,54429000,-42960000,,12680593000,2448178000,10218661000
91882,142000000,,,17118000000,5168000000,
92122,1334000000,,7775000000,148109000000,,110886000000
92380,-149000000,,,33212000000,9365000000,
92521,59000000,,,11134000000,4444000000,
93314,-5423759,,246385,8520057,-27773691,37546732
93389,12566000,,,1926091000,637961000,1273654000
93410,3500000000,,47610000000,256397000000,149244000000,106317000000
93556,90400000,,3744600000,22496200000,8841600000,
93751,644000000,,3284000000,372693000000,26692000000,346001000000
94049,19711000,,,2389683000,1200538000,
94344,3077000,,611984000,2707096000,1400427000,1299233000
95029,7768000,10477000,135738000,379003000,321481000,
95552,-12929000,,,763779000,-288661000,
95574,-758000,,,410973000,194430000,216544000
95953,-2293000,,,152542000,91156000,61386000
96021,401000000,406000000,,26347000000,1922000000,
96271,114000000,,649000000,13362000000,5502000000,
96536,2002245,1056160,10564834,70146613,57802631,
96869,-1464000,,,614555000,472478000,126717000
96943,95002000,-136656000,,7163290000,4095164000,3068126000
97134,13100000,,,1180300000,624400000,554200000
97210,98896000,,685680000,3705837000,2797499000,908338000
97216,21000000,,,5840000000,,3996000000
97476,1179000000,,,33757000000,16406000000,17351000000
97745,1507000000,,,99041000000,49390000000,
98222,42653000,,,2066166000,1113624000,
98362,78300000,71200000,,6570400000,2917700000,
98677,18058000,,,1141700000,879352000,
99780,22100000,28900000,585400000,8664700000,1053200000,7365000000
100122,44431000,,365736000,7816316000,3147565000,1877534000
100378,-1472000,919000,81242000,332882000,149497000,182693000
100517,387000000,,,76111000000,12616000000,
100591,22550000,,,792155000,363895000,428260000
100726,-16794000,-11392000,146557000,446540000,,218154000
100790,-82000000,,978000000,5144000000,,
100885,1626000000,,,68492000000,16039000000,52453000000
101199,17700000,,331115000,3528264000,817662000,2710602000
101295,560895,,,12763387,10835749,1927638
101382,81333000,,,69347313000,6748434000,62598879000
101538,546524,,7000005,39496778,32591336,6905442
101594,-3111000,,,55835000,33938000,22277000
101829,1535000000,,,164864000000,61516000000,101520000000
101984,-6274000,,,310611000,149969000,160642000
102212,22395000,,79196000,7975167000,903472000,7071695000
102729,87261000,,,3375423000,1635002000,1683522000
102752,-8973000,,,1732982000,975744000,757238000
103145,11947000,,,1278824000,811858000,466966000
103595,11161000,16896000,,995573000,479680000,
103730,-4092000,,715236000,4200242000,2032132000,2168110000
104169,4487000000,,165609000000,262372000000,83793000000,
104894,-4675000,-3015000,61493000,1827579000,1062922000,764378000
104918,79000000,,617000000,7966000000,2649000000,5317000000
105016,80061000,,1531086000,4454353000,2665050000,
105319,-72585000,,,696873000,-1182923000,1879796000
105418,19549000,,,2063212000,1443633000,619579000
105634,240677000,,3867372000,8078872000,2949957000,5126944000
105744,-20000,,38000,4565000,4517000,
105770,89800000,,,3618200000,2683100000,935100000
106040,520000000,594000000,,16368000000,5177000000,10962000000
106532,5543000,,68030000,299295000,,50745000
106535,83000000,,1763000000,16520000000,9645000000,6875000000
106640,71000000,,,16514000000,2572000000,
107263,691000000,,3048000000,54924000000,12487000000,
107833,75800000,,498700000,7508100000,,
108385,43100000,13629000,163688000,1008488241,436991487,571496754
108516,39663000,28260000,304524000,1682004000,937208000,743483000
108985,3638000,,18456000,641752000,232143000,
109198,1036000000,,,31858000000,8503000000,
109380,170000000,216000000,158000000,87992000000,6327000000,81665000000
109563,99799000,93290000,,3115663000,1827481000,1288182000
110471,12100000,,,1691100000,317200000,
110621,52034000,183204000,,6619575000,2674276000,
200406,10999000000,,,193671000000,78109000000,115562000000
202058,386000000,,,41248000000,19131000000,22118000000
203596,-8992000,,,27412383000,3781579000,23630804000
205402,100900000,97300000,,4550600000,2143800000,2399300000
215466,33353000,,,4066893000,2748512000,
216085,3778000,,,642690000,305361000,337329000
216228,108400000,,913000000,4833700000,2779300000,2047900000
217346,207000000,,3306000000,16942000000,7275000000,9667000000
230557,109896000,,1285186000,14197563000,3258540000,10939023000
275053,4747000,,,252702000,,85602000
275880,66203000,54180000,,5449144000,2453794000,2903412000
277135,479000000,,,8658000000,3480000000,
277509,46300000,,463800000,1879400000,1202400000,677000000
277638,-3258000,,434836000,1398500000,162311000,1037342000
277948,646000000,,,43199000000,,31024000000
278165,-2089000,,,35110000,-45491000,80601000
310142,34462000,,,2092668000,1095034000,
310158,5079000000,,15529000000,115122000000,48335000000,
310354,21880000,857000,,1554556000,686928000,
310522,3661000000,,,4353709000000,98312000000,4255397000000
310764,654000000,546000000,5866000000,46006000000,,25076000000
311094,31037000,,,5966624000,923138000,5043486000
312257,-430436,,15026015,25136372,7845422,17290950
313616,954000000,,,79116000000,50849000000,
313927,220100000,,,8955900000,4551000000,4404900000
314203,-6270000,-8232000,35696000,730597000,,250760000
314227,-255593,,1576558,9957777,3843346,6114431
314489,-29990000,,124954000,19464252000,2179606000,17284646000
314808,-37900000,,620700000,4386800000,2207000000,2175300000
315213,17350000,,,2696953000,1313222000,1383731000
315293,965000000,,,50304000000,7004000000,43030000000
315545,-1140108,,,666257,-5102812,5735238
315709,96892000,,,16269635000,2895079000,13374556000
315852,97052000,,690554000,7382724000,3939361000,3443363000
315958,159062,,4871412,24435712,11328093,13107619
316709,1909000000,,5599000000,462903000000,49511000000,413392000000
317540,103611000,,,5403738000,1499414000,3904324000
318154,1730000000,,,89367000000,6207000000,
318300,24336000,,,9246000000,1137821000,8108179000
318306,-12029000,,,99364000,41396000,57968000
318673,6413735,,82739723,1524250330,385325528,1177756644
318833,-29718000,,,515214000,-25967000,541181000
319201,1088416000,824527000,,15188307000,4004739000,11183568000
320017,-4724000,,,28981000,25356000,3879000
320121,-8604000,,,158061000,126114000,31947000
320187,794000000,1163000000,,37793000000,14007000000,
320335,254563000,,1480422000,29705259000,5425416000,24279843000
350698,175500000,,6690400000,13325600000,2403200000,
350852,21972000,,,6276518000,784172000,5492346000
350894,151517000,,551344000,2566042000,2257852000,308190000
351569,87935000,,,26514940000,3823802000,22691138000
351789,-64000,,,15086000,14300000,
351834,4811000,,201628000,690685000,154815000,520682000
351998,-382000,,6176000,24513000,17547000,
352825,-2110000,,,342826000,170788000,
352915,316680000,,,14875430000,6785604000,
352955,115573,,348184,22285768,18698627,259796
352991,2818,5152,10585,644509,353050,291459
354190,704000000,,,74096000000,22320100000,51742000000
354647,51104000,,,15256591000,2228419000,13028172000
354950,3433000000,,,99157000000,7955000000,91202000000
355019,2506000,1964000,27165000,214923000,171880000,54664000
355811,94874045,,,2782549228,2474826003,303131725
355948,-2057000,-751000,,189810000,152900000,36910000
356171,26363000,,,9819599000,1255519000,8564080000
357173,19830000,,,5727686000,694491000,5033195000
357301,14275000,,,6338545000,687808000,5650737000
700564,92987000,,,32132028000,3274321000,28857707000
700565,22171000,,,7572688000,870949000,6701739000
700841,4186000,,,120992000,34600000,86392000
700923,23308000,,,1522061000,,973389000
701347,17760000,,11096000,7405239000,557376000,6847863000
701719,2493347,,48255829,79664327,55142859,24521468
701985,105000000,,,4881000000,-1451000000,
702165,750000000,,,43800000000,14511000000,29289000000
703351,119100000,118500000,1425100000,2571900000,259000000,
703604,3261000,,478029000,1762912000,636713000,1126199000
704440,-1166237,,9635075,27216167,16345031,10871136
704532,64095000,,266607000,2115052000,1919622000,195430000
705432,21507000,,,8343300000,816623000,7526677000
706129,23943000,,,7628638000,776061000,6852577000
706863,2501000,3001000,,1524832000,70074000,1454758000
707179,144659000,,,53877944000,6534654000,47343290000
707549,1330667000,1191018000,,19968310000,9511105000,10457205000
707605,1908000,889000,,1431524000,110759000,1320765000
708781,8966000,,46407000,2318457000,234247000,2084210000
708821,-24350000,,,1381549000,851995000,529554000
708955,51293000,,,18455067000,2501235000,15953832000
709005,130633,,3760198,16288490,2355985,13932505
709337,13578000,,67786000,5157040000,429134000,4727906000
711034,-540300,,,728181,-792601,1351143
711377,-10900000,-456282000,,4036336000,2660347000,1375989000
711669,6613000,,,3171825000,286925000,2884900000
712034,-13200000,,317400000,2268600000,606100000,1662500000
712534,55339000,,,18439787000,2332214000,16107573000
712537,32696000,,,11786398000,1447051000,10339347000
712770,4155000,10532000,,811688000,303231000,507356000
712771,20242000,20371000,,9759255000,1252939000,8506316000
714256,-3527177,,,96378581,36671008,59711004
714310,106058000,,,61865655000,7499897000,54365758000
714395,10517000,,111056000,8419693000,1046042000,7373651000
714562,18406000,,,5549094000,571945000,4977149000
714712,2008000,,,854007000,50196000,803811000
715072,41518000,,,18271381000,2727105000,15544276000
715579,-272000,,43474000,3270041000,386883000,2883158000
715787,13002000,,,1191798000,513067000,678731000
715957,665000000,134000000,4076000000,104555000000,27365000000,73833000000
716133,-28300000,,,4342000000,1842100000,2499900000
716634,-4752000,,40169000,440969000,-8064000,449649000
716643,250000,7645000,56957000,511248000,68644000,442604000
717423,73036000,50300000,665711000,9820300000,5120259000,4543044000
717538,6310000,,,4448885000,404409000,4044476000
717605,28900000,,,2779200000,1532600000,1246600000
717806,1772000,,,1126967000,,1025736000
718332,722000,607000,,15711000,13348000,2363000
718413,3525455,,,1187857462,102905030,1084952432
718937,-54211000,,42589000,457364000,349972000,107392000
719135,-4150000,,,60160000,10511000,49516000
719220,33401000,,,9718276000,1418034000,8300242000
719402,1598000,,,2033347000,168676000,1864671000
719413,28872000,,,3023557000,2073967000,949590000
719733,-604000,-4914000,111974000,328557000,119595000,208962000
719955,231263000,,,5157315000,2161276000,2996039000
720672,52992000,,1469026000,40383727000,,34845541000
720762,-39000,-42000,,25000,-865000,911000
720858,3171000,,56565000,333781000,254412000,79369000
720875,-999062,-774827,6151516,23448289,12022791,11425498
721693,-884460,,20625,130747730,114296227,16451503
721994,20085000,24190000,,6851178000,694420000,6156669000
722313,-1316000,,13406000,73533000,32832000,40701000
722572,-644786,228740,8009619,49711734,35323823,11377761
723188,49614000,,196248000,16764296000,1834075000,14930221000
723254,463497000,448495000,,9611136000,4592248000,
723269,-76387,-383912,,3176992,-337890,3514882
723531,519300000,413400000,1509000000,11221600000,4116600000,7105000000
723533,-85960,,,360105,22149,337956
723612,-505000000,,2430000000,29044000000,-2822000000,
723646,3922000,,,2257478000,151391000,2106087000
725394,-4195499,-6709601,4574276,21747779,-11832666,33726976
726601,16858000,,,4461233000,512575000,3948658000
726728,249815000,,1380505000,69757696000,39031261000,30515509000
726854,30342000,,,6622956000,756336000,5866620000
726865,-439000000,,3937000000,397406000000,10291000000,387115000000
727273,-9593000,,2954000,145576000,44035000,101541000
727346,-655969,,,34543180,-6081225,40624405
727510,-13585000,,,45521000,1953000,
728387,-18177000,,,329349000,284645000,44704000
728391,101143000,,477700000,7757177000,1289967000,5801945000
728535,117740000,,,8255673000,3866673000,
729986,84306000,94408000,,32788494000,5314449000,27474045000
730263,135185000,-551000,,7170290000,4223727000,
730272,5830000,,,2852143000,1985483000,866660000
730349,-162000,,,3755000,2824000,931000
730464,60832000,75856000,466055000,2789759000,1432713000,1357046000
730708,31464000,,,15732485000,2229740000,13502745000
731012,17228000,,,822963000,514198000,
731122,4345000,,,1602336000,171400000,1430936000
731288,40500000,,242900000,14089000000,2044500000,12044500000
731653,1872000,1849000,,830681000,60801000,769880000
731766,6292000000,,109575000000,309790000000,,204621000000
732026,-495000,507000,,39959000,32316000,7231000
732417,14433000,,,4564169000,493558000,4020093000
732712,4879000000,,33485000000,380364000000,,
732717,4351000000,,30626000000,397467000000,,
732834,316006000,,1610453000,22818102000,12181519000,
733590,4618000,108000,12008000,1083540000,837259000,226627000
736012,-2098000,,,17982000,13401000,
736772,11481000,15064000,,6295508000,624508000,5671000000
737468,12179000,,59065000,6586015000,521680000,6064335000
737875,1053000,,,1435230000,106484000,1328746000
738214,-24529000,,,259841000,-280695000,
739421,7621000,,,3016338000,308296000,2708042000
740806,2457000,,,1312159000,91311000,1220848000
742278,12030000,,,1345919000,1081586000,264333000
743367,10211000,,,4063226000,467311000,3595915000
744218,-53796000,,,739471000,702981000,36490000
744825,-625000,,,63311000,24647000,34099000
745308,17461000,,94197000,1547387000,727852000,808334000
745732,479249000,,,14304616000,5576078000,
746210,-672000,,,4755000,3350000,1405000
746514,3795719,4215867,20688894,385217652,,456595436
746515,203795000,,,4756650000,2285791000,
746598,52263000,40334000,,1698115000,1167553000,530562000
746838,-29500000,,432100000,1840300000,-267800000,
747540,57356,,7231738,24948137,19588748,5359389
748268,-23123000,,1629662,59655848,28911000,30744600
748592,-8202000,,,5059000,-5950000,11009000
749251,210939000,,,8479761000,1497854000,6981907000
749647,-4102495,,,6862086,452028,6410058
750558,2578000,3051000,,1896189000,108223000,1787966000
750577,119504000,,,34750680000,4278672000,30472008000
750686,7326000,,,6964785000,640054000,6324731000
751365,732000,,,183782000,105600000,
751978,2539000,,,665038000,580308000,84475000
752714,28209000,,195416000,2242287000,1136411000,1105876000
753308,833000000,,,194264000000,49812000000,133898000000
754811,-382000,-86000,,48758000,46100000,2658000
755001,27500000,,,1890700000,534100000,
759944,373000000,,1935000000,220148000000,24866000000,195282000000
760498,56112000,,,14038055000,1672827000,12365228000
761648,1445000,,,186763000,34596000,152167000
763532,3883000,5647000,132481000,384565000,,
763563,6023000,,,2796725000,228306000,2568419000
763744,49438000,,1045590000,3099998000,1366713000,1733285000
763901,177502000,,,74038606000,5799695000,68238911000
763907,5806000,,,1979753000,183694000,1796059000
764038,89080000,,,65135454000,8624361000,56511093000
764065,-498000000,,4629000000,20836000000,6254000000,14352000000
764180,1077000000,,,35760000000,-3510000000,39220000000
764478,202000000,,8767000000,14128000000,2763000000,
764630,5891,,,181519,-1655901,1837420
764764,130000000,,860000000,34423000000,,31327000000
765207,7077000,7282000,,3187372000,259681000,2927691000
765880,42828000,,702889000,19815729000,8188047000,10972320000
766421,-166000000,,,19818000000,4137000000,
766792,360000,,,31080000,25992000,5088000
766829,16551000,,167599000,4728810000,1397337000,
767405,2158000,,,1501002000,131526000,1369476000
768899,-14348000,,,692471000,302217000,390254000
769397,152000000,,,10585000000,2617000000,
769520,92352000,112304000,,7401381000,3729921000,
770460,1310000,,,866613000,94455000,772158000
771266,-3113533,,519847,65036412,20680994,44355418
773141,76553000,97276000,,5251740000,5062803000,2261917000
773717,-397641,,,3885643,-10754767,
773840,1449000000,1285000000,,75218000000,17463000000,
775215,19075000,,,5092192000,565057000,4527135000
776867,33900000,,577800000,11004900000,4509600000,5865200000
776901,44424000,,,19888209000,3033392000,16854817000
777917,129569000,,1052678000,238575786000,5305281000,233107659000
778164,-11679000,,226540000,402209000,213920000,188289000
779152,111108000,97845000,,2932018000,2036431000,895587000
779227,1806000,,,607899000,58365000,549534000
780571,65474000,,,3503142000,1488375000,1994063000
783324,-2708000,,,17003000,15582000,1421000
784199,-505000,,,791163000,294252000,496911000
785161,151500000,,,6641300000,2159100000,3703700000
787250,2700000,,254300000,3489400000,364800000,3124600000
787253,-2186000,-2191000,,154944000,76619000,78325000
788329,2304000,-15290000,,624474000,441102000,183372000
788784,589000000,,3222000000,55575000000,,
788816,43006000,,,16495479000,,
788920,3275000,2040000,17414000,64273000,35282000,28991000
788965,9979000,,117724000,366097000,115348000,250749000
789019,25824000000,24108000000,,562624000000,321891000000,240733000000
789460,-21100000,,9452500000,6589100000,1921200000,4660900000
789570,148554000,,,41903113000,2853544000,38281691000
789933,4900000,,,634187000,409117000,225070000
790051,143300000,,,5450900000,2166500000,
790273,-1090,,0,8819,-55085,5000
790359,36745000,,,13864251000,1565775000,12298476000
790526,-37926000,,,3336264000,898139000,2199747000
790816,-26975000,,121516000,3423786000,993586000,2424390000
791908,2367000,,15912000,212750000,84629000,128121000
791963,30655000,,367825000,3572182000,872266000,2699916000
792935,-885097,,3517775,28543784,-8343664,36887448
792966,6952000,8381000,,3388786000,344601000,3044185000
792987,14300000,,,1056000000,653200000,402900000
793074,-10098000,,712114000,2986649000,1436233000,1512595000
793306,2244000,,,105584000,35207000,70377000
793524,-177687,,,3768086,2426648,1341438
793733,100551000,,,7114266000,2474291000,
793952,133104000,,1329209000,12382381000,3182179000,
794170,352447000,177703000,,14195824000,7948725000,6231409000
794323,-60000000,,1647000000,16789000000,,
794367,38000000,,4793000000,16089000000,4451000000,
795266,109557000,,,6979260000,4092678000,
795403,74000000,,,2500700000,1772200000,
796343,1811000000,,5714000000,29955000000,13095000000,16860000000
796534,3236000,,,1835717000,167278000,1668439000
797465,-257000,,2722000,45762000,31699000,14230000
797542,-3668000,,,26412000,7262000,
798081,-3913000,,46746000,218128000,143382000,74746000
798287,-8142000,,,712641000,269595000,443046000
798354,851000000,,5130000000,80402000000,25884000000,53881000000
798359,-3734000,,67093000,1893084000,636801000,1013084000
798528,2241570,,,15825320,-13947723,95268877
798783,4777000,,24548000,573482000,172166000,401316000
798941,483000000,,2298000000,228822000000,22295000000,206527000000
799165,992000,,,33277000,18287000,
799167,4335000,,223152000,983332000,767500000,215832000
799233,-13873000,,219420000,1344711000,807725000,
799288,-8262000,,227752000,760495000,230140000,530355000
799292,111237000,,976093000,4585223000,3006334000,1578889000
800240,-29000000,-3000000,,3467000000,784000000,2683000000
800457,25205174,,245173624,2368277179,584723015,1783554164
801337,226917000,,704798000,80279750000,9204154000,71075596000
802257,3450336,,17000,189586,-22151545,22341131
802481,296033000,,,10963759000,3133147000,7816312000
803164,-13906000,,44881000,4305391000,427068000,3878323000
803578,-12930000,,43000,12363000,5185000,7178000
804269,499000000,,4164000000,142853000000,15321000000,127532000000
805676,42157000,,157946000,9886612000,,8607570000
805928,-3834000,,48560000,196165000,105365000,90800000
810332,27100000,-111944000,394800000,214952000,1137600000,277357000
810958,6293000,,,2609228000,281831000,2327397000
811156,304000000,,2447000000,36295000000,8335000000,
811222,-450777,,2915567,25330628,2036047,18230516
811589,36406000,,,12436245000,1508176000,10928069000
811596,21600000,,,2439600000,756800000,1682800000
811641,1446983,,8067174,45621579,28993844,16627735
811830,365874000,,,172200128000,16056992000,154143135000
812011,389740000,244376000,1295558000,5749945000,877167000,4532218000
812074,-16000000,,1567000000,8729000000,,
812152,-33555,,,12819,-186110,
812796,-2951268,,,7746120,3897933,3848187
813298,-1939000,,,380077000,140709000,
813672,273579000,,,9013486000,4776257000,
813716,-155436,,,1743264,-24560997,26304261
813762,-422000000,,1867000000,15481000000,,11739000000
814453,-37000000,,,11279000000,2690000000,8589000000
814585,-62000000,,14000000,2132000000,-2126000000,4245000000
814586,3540000,,,93667000,74168000,19499000
814676,95962,,,19208908,14716067,4492841
814926,-111079,,,843152,350020,493132
815097,-78000000,,,48535000000,9182000000,
815556,298700000,,,4870900000,3690300000,
815917,0,,4218000000,27980000000,,27980000000
816761,44000000,,,1752000000,158000000,1594000000
817720,-21800000,1800000,,2554300000,1387000000,1167300000
818033,2635000,,,235752000,-28453000,264205000
818479,20000000,,,6050000000,2010000000,4040000000
818677,3006000,,,1585461000,188172000,1397289000
818686,214000000,,,38415000000,6262000000,32146000000
819793,17355000,,,1688076000,899975000,782908000
819926,-5224,,,18062229,14079524,3982705
820027,583000000,,4481000000,179059000000,5426000000,173633000000
820313,737800000,,,22902100000,10301200000,12529700000
820318,15711000,103385000,,14444825000,5352622000,6276036000
821002,7759000,,,2415873000,1684094000,731779000
821026,284000,,2659098000,3797682000,1355737000,2203248000
821130,18247000,,26984000,10365000000,4585000000,
821189,1463000000,,5669000000,46982000000,29516000000,
821483,-30400000,,,3753255000,1111810000,2641445000
822370,-2330000,,,22478000,-58601000,81079000
822416,522799000,,,17336546000,12300972000,5035574000
822663,42492000,,,1440525000,788637000,
822818,58680000,,,7246387000,2571224000,
823768,637000000,,,44486000000,8650000000,35835000000
824142,29292000,,,1300193000,,
825313,74034000,,,1997129000,,258000
825788,-82453,,,1306295,,252628
826154,18051000,,,5441586000,532936000,4908650000
826675,-3076000,,,9044836000,,7648921000
827052,1436000000,,3811000000,88420000000,16622000000,69623000000
827099,-1402729,,173037,548665,-45859133,46407798
827187,-8646000,,,836791000,-456844000,1293635000
828146,-805000,,,12472000,9765000,2707000
828944,65896000,,,20548950000,2671614000,17887741000
829323,-1259821,,26708032,31692191,13446714,
830616,309717,,,15907056,13195119,2711937
831001,4064000000,,21596000000,2571514000000,212408000000,2358256000000
832101,95500000,,814300000,6795100000,3906600000,2889200000
832428,-3455000,,,5116189000,1319723000,
832480,12952643,,21903172,491136251,223556089,267097134
832489,-5357651,,,10833364,7898030,
832988,33500000,,,5451900000,1775700000,3676200000
833079,122806000,,,7700218000,5194744000,2505474000
833640,8790000,,105529000,814400000,735815000,78585000
834365,-448000,,,395141000,352624000,42517000
835011,-3024000,,,1378202000,828349000,551509000
835324,33271000,,,8997478000,975473000,8022005000
835662,-721708,,,4050474,-5030804,9081278
836147,4830000,,,1888356000,213793000,1674563000
836564,-181320,,,97784,-6969494,7067278
837010,150000000,,729000000,132914000000,1984000000,130930000000
837465,2100000,-1512700000,,7693900000,2426600000,
838875,-728981,,7541583,108244573,68504749,39739824
839087,-1075000,,19462000,77914000,26650000,
840489,83591000,,836423000,4426277000,2058360000,2367917000
840715,-2834000,,,24679000,19514000,5165000
842023,22588000,34890000,316181000,2644259000,2018025000,
842162,80700000,,,14623300000,4658400000,
842517,3949000,,,2102587000,215556000,1887031000
842633,12420000,5640000,152460000,1393750000,686570000,707180000
842717,-434000,,,2685084000,,2346795000
843006,5387000,,5476000,47283000,30895000,16388000
844059,1710000,,10306000,717123000,425170000,256627000
844856,-2183676,,,1672602,-2622250,3183752
844965,4049000,,,614085000,273004000,
845385,-2050169,,,19373631,18993097,380534
845698,-941612,,,21749999,,348699
845819,-917528,,2168714,4587018,2143990,2753811
845877,49651000,,,31803939000,1525646000,30278293000
846377,-165478,,0,349573,-1902730,2252303
846475,-10396000,,26578000,105759000,20774000,84985000
846617,21458000,,,14097682000,1412013000,12685669000
846913,-739000,,,46709000,41438000,5271000
847942,-25044,,,6287,-107071,113358
849145,1064000,,,86683000,65426000,21257000
849146,3470000,2550000,,77237000,34011000,43226000
849395,-94000000,,,51921000000,21119000000,29564000000
849869,67962000,,,8767975000,2083344000,
850141,38200000,,416400000,14396100000,1342800000,13053300000
850429,10101000,-72698000,,374217000,191370000,182847000
851205,23603000,,,1932503000,1445628000,486875000
851310,5940000,,,773748000,446130000,327618000
851520,26650000,,,763239000,441408000,321831000
851968,72600000,,,13408500000,7856100000,5546600000
852772,326000,,,488075000,-36420000,524495000
853816,29806000,,1152502000,1716178000,930755000,
854560,17160000,,,5993842000,613293000,5380549000
855658,5022000,,,823650000,707911000,115739000
855683,-1994586,,,9088016,4462452,4625564
856982,30147000,,,2467973000,1428423000,1039550000
856984,-79609,,,1667895,-591365,2259260
857855,71413000,,247677000,27873718000,3500896000,24372822000
857949,-875223,-5132650,,162867992,91947056,70920936
858470,516000000,,1904000000,23951000000,14224000000,9719000000
858877,2491000000,2428000000,,119782000000,45935000000,73847000000
859070,11818000,13040000,,3225773000,496417000,2729356000
859737,-17400000,201000000,1005300000,8545100000,4618700000,
860413,50200000,,,28279800000,3361300000,24918500000
860730,1610000000,,18321000000,59798000000,-3519000000,
860731,81052000,,,5192134000,3512704000,1679430000
860748,99700000,,1193000000,12472700000,366000000,9555800000
861441,-4896749,,,101426617,,2592326
861459,-33656000,,,2907100000,993529000,
861842,69506000,,,23205022000,2865159000,20339863000
861884,199700000,,,10365000000,7101800000,3251400000
862651,-685866,,,29944542,16818871,13125671
862668,271472,246021,,5215366,2294858,2920508
862692,282855,,,64381067,-14656309,79037376
862831,16878000,,,6340492000,589928000,5750564000
862861,-2392000,,,78015000,21830000,48829000
863110,5435000,,,808852000,241650000,
863436,3644000,,631764000,2135619000,1104698000,1030921000
864240,-899000,,,110203000,18977000,91226000
864749,66700000,,,8898900000,5419100000,3479800000
866273,-3434000,-5533000,200161000,613740000,,463030000
866374,222000000,263000000,,18381000000,5002000000,13379000000
866729,-3600000,48800000,,1961300000,941300000,
866829,3072000,,,2635023000,1545265000,1089758000
867038,150000,,1195000,28061000,16711000,11350000
867840,-2096761,-969681,4185968,19622274,13177717,6444557
868082,972038,,,45649400,,
868278,3966000,,,50111000,15118000,34993000
868671,54568000,61754000,,27858879000,3287608000,24571271000
868780,57505000,,,2427751000,1337404000,
872589,808700000,,,37545200000,29387600000,8157600000
872912,1069000,,,87319000,80230000,7089000
873303,-447508000,159049000,744856000,3465387000,1190123000,2322664000
873860,22100000,,249800000,16259300000,,15749200000
874015,-146938000,-104349000,,2812948000,475726000,2337222000
874238,39477000,,,2034539000,805416000,1207612000
874396,-4201000,,,594593000,225676000,
874499,-464000,,197034000,2947585000,1655499000,1259199000
874501,-46391000,-548265000,62756000,8253282000,852221000,7041817000
874716,242677000,,,3213689000,1448013000,1765676000
874761,46000000,,2926000000,48615000000,3468000000,
874766,630000000,,6810000000,82307000000,16844000000,65463000000
875045,240500000,,2431000000,28033100000,,11054400000
875320,646300000,,,22880500000,16496300000,6384200000
875355,449000,-2940000,,100514000,10332000,
875357,119777000,,,50472189000,5771813000,44697811000
875657,1865000,,50746000,223753000,136398000,87149000
875729,-511156,-374353,,16845,-6818229,6797501
876167,10946000,,,2462418000,431847000,
876343,-4139000,,1502000,111753000,79028000,34098000
876437,185460000,,306234000,6535136000,5139884000,1395252000
876883,-2917000,,651740000,3982354000,334400000,3191605000
877212,136000000,,,7899000000,3626000000,4273000000
877860,34165000,,89296000,2782885000,1426474000,1338300000
878927,254660000,,,5491294000,4235324000,1255970000
878932,3943000,,,36484000,34197000,2287000
879101,132817000,,536624000,19731252000,10588276000,8950651000
879169,158203000,,,5749365000,3667563000,2081802000
879526,230941000,-1030000,,1415193000,403841000,1010101000
879635,13742000,,,5546026000,667933000,4878093000
879911,-3105666,,209753,5929798,4292391,1637407
880117,20153000,13595000,260907000,589976000,346613000,243363000
880266,10500000,,,11480800000,3809400000,7371600000
880417,3616000,,,1218640000,118335000,1100305000
880631,24629000,,108082000,1022856000,415631000,607225000
880641,-6974000,6186000,,1904477000,176475000,1728002000
880984,464000,,,11134000,6065000,5024000
881453,-24000000,,370000000,28999000000,1163000000,27836000000
882095,1315000000,,,56434000000,19162000000,
882361,-5543000,,,7467000,-7393000,14860000
882508,-2191000,,,49077000,26317000,22760000
882796,32000,,,480047000,-451927000,931974000
882835,331100000,462300000,,31418800000,19223600000,12195200000
883107,80000,,,57016000,15156000,
883902,-110624000,,1175334000,6661481000,87113000,6574368000
883948,49818000,,,24632611000,3185216000,21447395000
883975,-2601000,,,30892000,28951000,1941000
883984,-15476000,,604702000,4184581000,1987689000,
884144,-2398000,,,498941000,197663000,301278000
884219,-31136000,,,832564000,497854000,243219000
884269,613000,,,72182000,61728000,10454000
884624,-53094000,,,823144000,458294000,364850000
884650,-284300,,1683867,1184447,-10477788,11662235
884887,730000000,,,37452000000,7960000000,29310000000
885245,35193000,,,977329000,445273000,532056000
885275,16392000,14939000,84599000,5531468000,,5025113000
885462,-4629500,,1604447,165729939,142584827,23145112
885550,106300000,,571100000,9258000000,1710900000,7547100000
885568,9513000,,,2113614000,,
885590,-58000000,,,26421000000,-1183000000,26661000000
885639,-15000000,,,13639000000,3779000000,
885978,9899000,,183788000,1179687000,497261000,420679000
886136,-1575000,,,219305000,163560000,55745000
886163,-42451000,,,905435000,795594000,109901000
886346,24063000,,,1435439000,875951000,
886744,-19835000,,,562450000,268238000,
886982,4738000000,,,1766181000000,124300000000,1641881000000
887151,-1728000,,7899000,52208000,26972000,25236000
887343,87000000,143000000,,51519266000,5237809000,46281457000
887359,-11246000,,52598000,424587000,295487000,129100000
887396,-4221000,,9002000,123683000,59075000,64608000
887596,32941000,,,3110864000,339405000,2771459000
887905,20680000,,49031000,1775509000,961902000,726207000
887936,61824000,,,3347702000,2149638000,1198064000
888491,109032000,,276785000,9705738000,4740935000,4773715000
888981,25500,,479000,14031500,13667300,
889331,43571000,,,3888235000,2456330000,1431480000
889348,-1323924,,,65360731,24929547,40431184
889353,-618163,,0,627465,-4676581,5576300
889609,4694000,,106874000,3673606000,0,3375179000
889900,1005000,,1280537000,5765426000,3426991000,2330021000
889971,-3582460,-2611997,9167627,81420816,15724400,31296794
890066,152971,-40000,,357973000,19181000,338792000
890394,-471000,,,6729000,3593000,3136000
890564,20900000,,968300000,3698400000,1793300000,1905100000
890821,-2184966,,,5102119,3917713,
890926,144558000,148291000,294835000,8765386000,4586826000,4178560000
891014,-144000000,,,3401200000,1598200000,1766400000
891166,41439000,6018000,394867000,2714716000,422387000,2292329000
891482,-9765000,,,657199000,31000000,626199000
891532,-3573000,,,92853000,59188000,33665000
892553,49500000,,,9313300000,2996900000,6146700000
893538,182000000,,845000000,8787665000,4404000000,
893847,5383000,,,1883423000,153411000,1730012000
893949,20737000,,,1993479000,789188000,1204291000
894405,3131000,,,2406884000,1294744000,
894501,-79155,,67500,249309,96059,153250
894556,-10903404,,969382,9051751,4091646,4960105
894627,7730000,,110329000,927103000,504094000,423009000
894671,4406000,,,1513105000,155715000,1357390000
894871,4020000,,,114645000,-126116000,240593000
895126,-249000000,,2196000000,27934000000,17191000000,10743000000
895417,114393000,,387334000,5642364000,1749801000,3809099000
895419,-285500000,-372200000,,7574200000,212700000,
895421,4315000000,,,1300296000000,106812000000,1192449000000
895447,9343000,,277715000,1140158000,653581000,486577000
895456,4941000,,,468223000,236213000,232010000
895464,-435630,,0,1166453,-3669453,4812798
896159,1331000000,,13353000000,251752000000,65726000000,180997000000
896264,9402000,,,746596000,529762000,162723000
896429,49156000,4974000,,370524000,240689000,127115000
896493,-4205000,,,218549000,6310000,211759000
896622,78798000,,887305000,4527088000,2537558000,
896878,2820000000,471000000,7754000000,36593000000,20125000000,16468000000
897077,31800000,,,1504694000,1057061000,
897448,-15697000,,,655677000,473687000,181990000
898173,538485000,,,15293875000,-1357456000,
898174,286000000,,5260000000,128210000000,11402000000,116718000000
898437,-4873000,,,190605000,148397000,
899051,595000000,,16452000000,115161000000,22055000000,93109000000
899394,16481000,,,214010000,175246000,38764000
899460,13158000,,,410141000,-58618000,468759000
899689,102368000,,461579000,15599232000,5314118000,9371039000
899715,19201000,,135363000,2477859000,633895000,1817846000
899751,-649000,,,1722012000,534251000,1182556000
899923,-100000,,,1006100000,704900000,301200000
900075,406609000,387400000,,9672222000,,869525000
901491,9222000,,,898088000,-431934000,1314027000
902791,-1021000,,,778567000,213351000,565216000
903419,13315000,,,5339620000,514232000,4825388000
903651,7787000,,,125210000,75485000,49808000
906107,256592000,,,20562185000,11047330000,8973055000
906163,299576000,,2403032000,6195533000,3954664000,2240869000
906345,38822000,,,8993132000,4614956000,4305914000
906465,25797000,,,9082188000,1022747000,8130032000
906553,111419000,,,6469010000,1349152000,
906709,-50882000,,,256241000,13738000,242503000
907242,19864000,,,712086000,535635000,176451000
907254,9799000,,71856000,2131486000,328367000,1639750000
907471,74957000,29967000,274803000,6994786000,814705000,6180739000
907654,-20999000,,,377112000,364725000,12387000
908255,157000000,,,13830000000,5720000000,7940000000
908259,-298716,,,26668208,8023113,19484762
908311,-6114000,,32295000,882343000,293045000,566909000
908315,9956400,,21919700,37062500,-45941300,
908937,204000000,,,27426000000,11212000000,16214000000
909108,10362263,,,224437389,168553669,55478883
909494,-15133000,,,741907000,-108259000,
909724,11583000,,,77916000,55796000,
910108,18978000,,88863000,3759514000,2074806000,1662660000
910329,-772000,,,280011000,210959000,69052000
910406,-134588000,-103975000,,1844055000,696705000,1147350000
910606,109587000,,380912000,12560070000,6699578000,5683630000
910612,8789000,,141768000,2624514000,295026000,2340752000
910638,-36986000,,,583355000,145639000,435682000
911147,-20613000,,,1186097000,-54348000,1148956000
911177,-4810000,,417101000,3205870000,1546889000,
911216,-4811420,-2442482,0,3728493,-6387104,10115597
912061,122000,,,53179000,30882000,22297000
912093,19500000,9100000,,1933200000,728800000,1204400000
912242,-50123000,,249224000,8680059000,2663572000,5936136000
912463,-32928000,,,2863425000,483566000,2329838000
912544,-207216,,,149987,-5342850,5492837
912562,21119000,,246357000,1439418000,1009338000,
912593,-41200000,,470200000,16505600000,6921400000,9235400000
912595,181673000,,549295000,11811957000,5949708000,5654062000
912615,108347000,,,4457076000,2431807000,2025269000
912728,-50637000,-36416000,,2803842000,154634000,
912766,-19496000,,,1858205000,908499000,950772000
912767,78753000,68039000,,4150286000,3237681000,885950000
913142,51937000,,624861000,3270513000,1222507000,
913144,169991000,,3470488000,53633383000,10348503000,36594707000
913241,40423000,,553534000,1427201000,875344000,523525000
913277,-5244000,,,292837000,229290000,63547000
913341,5368000,,32583000,2612530000,234634000,2377259000
914122,4952000,,,178315000,77867000,
914139,-3799000,,0,4349000,-49594000,53943000
914156,17184000,16375000,,642642000,360674000,281968000
914475,7900000,,,3687700000,2535700000,1152000000
914748,100000000,,2683000000,37254000000,7564000000,29691000000
915389,182000000,,2290000000,14971000000,5871000000,9027000000
915912,236597000,,745880000,21215714000,,9299431000
915913,41348000,,1076881000,16999258000,10028239000,
916076,116000000,294000000,,17724000000,9081000000,8640000000
916365,179369000,,3466952000,10385317000,2238540000,8146777000
916540,-26160000,,,10032043000,4448431000,5496270000
916907,15683000,14653000,,4976496000,528790000,4447706000
917225,-511000,,,22966000,22291000,
917251,46996000,,169160000,8800577000,5644452000,3155657000
917273,60303000,,,1379365000,1159837000,219528000
917470,2509000,,,1064722000,574185000,490537000
917520,-25293000,,,4052751000,1524139000,2528612000
918541,-6685000,,,460724000,67344000,295476000
918965,17431000,17053000,,1725208000,901746000,823462000
919012,-64899000,,,3767354000,1471232000,
919864,455000,,,2039713000,151807000,1887906000
920148,212800000,,3345100000,17603800000,8307400000,9282100000
920371,77884000,,,2822956000,1861714000,952438000
920427,11598000,11505000,,2767943000,306142000,2461801000
920760,519526000,,7631545000,34986103000,22728038000,12118759000
921114,-6531000,,,87250000,-53783000,141033000
921299,4639000,,,165213000,-216896000,340142000
921557,47268000,,135842000,7075555000,1034089000,6041466000
921582,2327000,,,848304000,299503000,464015000
921638,58781000,,316618000,5644508000,3168125000,1640900000
921738,111800000,,,15090000000,2974000000,12120600000
921825,48103000,,177074000,5448054000,2651077000,2704832000
922224,414000000,,2504000000,41809000000,,
922358,59105000,98843000,,1495719000,,
922621,138417000,,,2968228000,2067351000,900877000
922864,-13916000,,22882000,1872765000,110486000,1570211000
923139,-9796000,-49245000,,9008396000,702851000,8305545000
923601,-9191000,,1993000,10461000,,7120000
923796,19558000,,,3632465000,1343098000,
924168,-268000,,616000,5428000,2843000,2585000
924396,-117694,-281896,,5216,-96854,102070
924515,-427000,,0,967000,-5028000,5995000
924719,3327000,,22698000,74657000,45070000,29587000
924822,8065000,,,639707000,,233201000
924901,-10699000,,67756000,2951573000,1080486000,1733102000
925528,2758000,,55343000,307885000,246822000,61063000
925741,-2712000,,,2166000,-1520000,3686000
926282,-11267000,-46111000,,1193239000,,631412000
926326,-7023000,,,2151470000,1257100000,894370000
926423,-970000,,,36226000,26634000,9592000
926617,-1853000,,0,6716000,-60000,6776000
926660,38358000,,203472000,6410482000,,6419714000
927066,162917000,,3223529000,17119030000,-267101000,15459061000
927628,1404000000,,10000000000,493604000000,63542000000,430062000000
928054,5380000,,,170237000,119704000,50533000
928340,4791029,,33715385,250368965,213297220,31557366
928658,6563000,,,979969000,443644000,536325000
929008,118400000,,,15515100000,5035300000,10485000000
929351,-153000000,-21900000,,2173200000,766400000,1406800000
930236,16147000,,,19871775000,1183494000,18688281000
930245,-1665246,,,2080916,2057676,
930420,8145000,,,368195000,138027000,230168000
931015,-66800000,,,5450400000,1226400000,4215300000
931148,-39351000,,,1207753000,-105340000,
932021,-193297,-45195,,4911818,-911543,4089993
932696,7514000,,,7922573000,1590944000,6331629000
932781,3997000,,,2039371000,149959000,1889412000
933034,5396000,1319000,,387392000,210699000,
933036,24793000,,1176363000,3043130000,679213000,2363917000
933972,-3698414,,543100,15978163,12576730,3401433
933974,-47661000,-10992000,,2034015000,1695452000,338564000
934549,24287000,,,801606000,540225000,224346000
934612,1214000000,,,96916000000,,45766000000
935036,58870000,,,3203262000,1482600000,1720662000
935419,3231000,9024000,,589756000,268785000,321217000
935703,343400000,-3695900000,4639700000,18291200000,3904800000,14386400000
936340,445000000,,,49555000000,11921000000,
936468,1712000000,,17963000000,56669000000,6683000000,49986000000
937098,85000000,,1292000000,3775000000,63000000,3712000000
937556,-170700000,,,2293100000,946400000,1346700000
939767,159616000,,,2837247000,2131024000,706223000
940942,26847000,,,2821525000,1648503000,
940944,323400000,215100000,,12560900000,2203000000,10357900000
942126,-286000,,1082000,16729000,15963000,
943452,322000000,,,19096000000,10368000000,8682000000
943535,-699819,,,16146483,2124542,10555143
943819,365041000,344622000,,7566822000,5546133000,2020689000
944075,-994140,,3965920,27159317,17236980,9922337
944130,264000,,216000,108908000,12059000,96849000
944695,128200000,,1603200000,15470300000,3044400000,12425900000
944745,10168000,,,4146717000,397434000,3749283000
944809,-67613000,14027000,,2128327000,1311663000,816664000
945114,13600000,,,536700000,287900000,248800000
945394,-116435000,,435179000,6976079000,734573000,6241506000
945841,53545000,,1071526000,3712449000,1238691000,2473758000
945983,3684000,,138044000,370053000,95554000,274499000
946155,219700000,,321800000,25089600000,,2509000000
946486,-4045000,,,26766000,10290000,15438000
946563,-10500716,,,149307449,76612364,72695085
946644,-3705000,,16000,6248000,-3857000,10105000
946673,45135000,46391000,,16170812000,1833453000,14337359000
947484,574000000,,4673000000,75176000000,21545000000,53631000000
948320,-183778,,,73614333,-2328732,74007087
948708,-5178000,,,43364000,36562000,
949157,29700000,,,2132800000,726300000,
949858,-12827000,,,27358000,10279000,17079000
949870,24412000,,453867000,1240224000,897010000,343214000
949961,989000,1113000,,122921000,122916000,
1000209,12014000,,,2847738000,380224000,2398726000
1000228,110000000,,,10480000000,3310000000,5761000000
1000230,-697922,-1107431,,39073224,19115548,19957676
1000623,-425500000,,,2052300000,428200000,1624100000
1000694,518646000,,666655000,1292992000,-75643000,1368635000
1000697,121000000,,662000000,4591576000,1962000000,2629179000
1000753,51000000,,,2143000000,119000000,
1001082,-189529000,,,44292079000,4786449000,39061424000
1001171,-2689000,1311000,,1258776000,283566000,974994000
1001233,-30597000,,,86166000,4906000,81260000
1001250,159000000,-590000000,,19886000000,4345000000,
1001316,5060000,,,656689000,237289000,419400000
1001385,3964000,,,582234000,378456000,203778000
1001614,28633000,,,994944000,532383000,462561000
1001907,-3633000,-4009000,,27492000,24752000,2740000
1002590,85911000,32884000,,1059466000,,
1002638,92805000,229862000,,13754826000,4128738000,
1004434,72400000,,,8714100000,3188200000,4249000000
1004702,21509000,,,13309278000,1708322000,11600161000
1004989,462000,,,70164000,24706000,45458000
1005101,-1012000,-1747000,,33469000,24276000,9193000
1005284,64444000,,166277000,1864487000,1659332000,205155000
1005286,-14769000,-6571000,,237693000,2221000,190267000
1005731,21692000,20269000,301985000,600908000,286163000,290057000
1005757,16130000,,,1419004000,,1135909000
1005817,19679000,,,8199653000,,7458276000
1006028,-580000,-798000,489000,1057000,-4814000,5871000
1006045,-1686000,,,34236000,852000,27384000
1006281,-3619000,,10113000,73892000,45208000,28684000
1006655,-2179000,-1825000,,156394000,71660000,84734000
1006830,1851000,2287000,,1133769000,73457000,1060312000
1006837,-24500000,,274200000,868000000,-204200000,1036900000
1007587,-1710000,,,151434000,137811000,13623000
1009829,-2382000,,,405871000,234526000,170845000
1009891,-988000,,12135000,48388000,15289000,33099000
1009919,-31377,,0,3750,-39951,43701
1010086,-408223,,,247067209,216132627,30934582
1010470,1857000,872000,,1260180000,128875000,1131305000
1012019,60322000,,1850830000,4687941000,2166936000,
1012100,113500000,,1272500000,7049200000,797900000,6251300000
1012477,-4920000,,,167949000,74070000,93879000
1013272,5773000,,,2376044000,220707000,2155337000
1013488,13492000,,,1019847000,371481000,648366000
1013857,85422000,,,1321950000,611269000,710681000
1013871,750000000,,8585000000,24991000000,,22214000000
1013880,1384000,,,1726236000,,1444730000
1013934,29744000,,,2074213000,1643314000,430899000
1014473,199300000,,402300000,1447700000,-1977000000,3424700000
1014739,46742000,,1332972000,3308513000,1350834000,1957679000
1014763,-3286022,,106207,26353076,13121652,13231424
1015328,189039000,,,65870066000,6600537000,59269529000
1015739,-1598000,,,39895000,29469000,
1016281,20926000,,,1275229000,223062000,1052167000
1016504,611000,116000,,25656000,20383000,5273000
1017303,19000,-7957000,,44164000,30941000,13223000
1017655,-148773,,,7845324,4832592,3012732
1018164,16869000,,157732000,3274633000,565488000,2645953000
1018281,-191758,-174552,0,11173,-7494796,7505969
1018724,17127000000,,,643256000000,305867000000,
1018840,80413000,,1097311000,3096176000,1189126000,
1018963,97000000,,,5184000000,1872800000,3201700000
1018979,8949000,,72597000,1156717000,260813000,895904000
1019034,-736545,,,11183676,7527053,3656623
1019849,257700000,249300000,,16931900000,5394700000,11519200000
1020214,-7717000,,,206776000,55492000,150534000
1020710,20589000,,,1382512000,444659000,937853000
1020859,-7000000,-3000000,,7617000000,1625000000,5993000000
1021561,107515000,,,1391411000,753969000,637442000
1021635,62700000,,747700000,13953200000,4615700000,9337500000
1021860,73000000,,,11273000000,6440000000,4779000000
1021917,-573965,-813835,,17232270,5864210,11368060
1022079,220000000,,,15797000000,6929000000,
1022321,-469075000,,,5211859000,,4471727000
1022652,-1570000,,,92996000,-12995000,105991000
1022671,217151000,,,15930428000,8824710000,7096534000
1022899,-1440005,-850287,0,89093,-4952959,5042052
1023024,15681000,,,1292428000,418620000,848958000
1023128,209500000,,,23480200000,6757800000,16698000000
1023313,-87272000,,,439806000,147434000,292372000
1023994,-2746668,,566354,49165227,,28088840
1024305,-405700000,23700000,,11470500000,3495000000,7551000000
1024795,7300000,,,1526300000,881200000,645100000
1025378,125824000,,409858000,17307305000,8362363000,8940382000
1025771,-14507,,0,284031,279730,
1025835,49961000,,,15676594000,1868073000,13808521000
1026655,2183000,-39000,,223591000,149873000,73718000
1027838,-2974000,,,280242000,205631000,74611000
1029142,-96099000,,,945928000,530941000,414987000
1029199,38400000,,915500000,6053500000,1302200000,4751800000
1030192,1608979,,7278536,48067150,39789490,5564912
1030469,45572000,,,11729257000,1295361000,10433896000
1030894,86200000,,,5834900000,1556800000,4278100000
1031203,128100000,,,9887000000,2992500000,
1031235,555152,,3126304,65139599,47274839,17864760
1031296,360000000,,3765000000,52771000000,12567000000,38909000000
1031308,91368000,,,3402934000,1097582000,2305245000
1031623,3827000,,,138162000,96705000,41457000
1032033,304540000,,,28899184000,2400856000,26498328000
1032208,917000000,,,99010000000,31643000000,
1034054,220732000,173629000,664248000,10442917000,-4970703000,
1034670,167000000,,,8114000000,2351000000,
1034760,-724063,,33510039,71363856,12965659,58398197
1034842,11446000,,,175972000,18567000,157405000
1035002,-595000000,,,59177000000,23490000000,
1035092,13764000,,,6176563000,552470000,5624093000
1035201,13331000,,,5257751000,,
1035267,698400000,,,19220400000,17106400000,2012700000
1035443,-8939000,,,37600428000,17464647000,15600870000
1035983,169289000,,1831286000,4569218000,1777013000,2792205000
1036044,-4789000,,,158735000,150499000,8236000
1036262,-2329000,1504000,,148027000,99395000,48632000
1037540,61177000,,865215000,25436521000,5319942000,17577740000
1037646,163587000,,883744000,3234679000,-181982000,3416661000
1037868,351758000,,,14877096000,9969946000,4907150000
1038074,-30470000,,,1229496000,1068419000,161077000
1038277,-112694,,,17565637,4339667,13225970
1039065,41134000,37819000,,2080997000,879325000,1201672000
1039280,1423968,-1147042,20520677,58143579,35454060,19247786
1039399,6401000,,,1156167000,965874000,190293000
1039684,636000000,,,64263000000,21364000000,
1039828,-206000000,,1889000000,123434000000,,113389000000
1040161,-7761000,,0,58460000,-15975000,23996000
1040470,-643000,-1028000,18307000,145607000,124210000,21397000
1040829,62961000,,,5239107000,531533000,4277143000
1040896,-318000,,,24561000,17608000,6953000
1040971,-17337000,,239846000,11410623000,3836457000,6972478000
1041024,-1515000,,,53961000,31522000,22439000
1041061,253000000,,1787000000,6659000000,-7804000000,14463000000
1041368,1148000,1232000,,1513323000,160014000,1353309000
1041514,-22353000,-32456000,161450000,649198000,185229000,368220000
1041657,-11742000,,,890551000,159238000,727595000
1041859,-34023000,,,779602000,1415000,778187000
1042046,154000000,,1856000000,30294000000,4392000000,25902000000
1042187,-416000,,,24593000,10478000,14115000
1042418,-632846,,,4505267,1352194,3153073
1042729,19537000,,,6141200000,608346000,5532854000
1042776,-10104000,,142686000,4003957000,1560208000,2442226000
1042893,14757000,,,1196003000,978376000,217627000
1043000,-12529000,,91923000,824479000,58770000,708513000
1043186,-1598000,,,83060000,65911000,17149000
1043219,124224000,,,105115346000,12994716000,92030838000
1043277,135302000,,,5226114000,1734725000,3491389000
1043337,-7196000,,,657359000,253096000,
1043509,70600000,,,5875700000,1090800000,
1043951,36049572,,,643242814,,5770098
1044777,14505000,,,333810000,231119000,102691000
1045450,65803000,,175033000,5532549000,,3211537000
1045609,592953000,,2139665000,95993391000,53467210000,37917953000
1045810,18775000000,,44062000000,125254000000,83843000000,41411000000
1046025,13911000,,,7129862000,881515000,6248347000
1046050,6755000,6860000,,1932730000,252524000,1680206000
1046102,113400000,,1108600000,11887300000,5283500000,6111400000
1046257,197000000,95000000,,7468000000,3977000000,3420000000
1046311,44534000,,332860000,2577588000,-63934000,2641522000
1046568,43688000,,,1268544000,970255000,
1047127,21128000,,,6921241000,4156410000,2730651000
1047335,32205000,,373697000,1548821000,1004895000,540839000
1047340,31100000,,1098400000,3154100000,2006000000,1131100000
1047862,791000000,,4798000000,70691000000,23783000000,
1048286,665000000,,6263000000,26651000000,-3168000000,
1048477,185686000,,,7147007000,5793459000,1353548000
1048911,909000000,741000000,,85043000000,26708000000,
1049502,52000000,,,8556000000,2354000000,6202000000
1049521,-19170000,-17579000,211358000,2414417000,1451089000,963328000
1049606,5131000,,,162206000,147581000,
1050377,13481000,,,1247503000,876975000,370528000
1050441,1675000,,,11317361000,1244891000,10072470000
1050446,-4217370000,-670810000,111066000,43919760000,32221236000,10394027000
1050743,7595000,9240000,64359000,7120652000,621873000,6498779000
1050797,42248000,,,2707415000,1709767000,997648000
1050825,27600000,19100000,788000000,2330400000,951700000,1378700000
1050915,144258000,,,19134546000,7456660000,11662174000
1051470,-464000000,,1061000000,31760000000,,33013000000
1051512,7470000,,290433000,8036815000,5078000000,
1051514,-2122000,,,33033000,2979000,30054000
1051627,-8798000,,19356000,333477000,185037000,87305000
1052752,14786000,,52330000,1969635000,961120000,1008515000
1053352,11626000,,,5514255000,696190000,4818065000
1053691,-4894034,,1917491,38577488,34634487,3943001
1053706,18002000,,,590442000,227319000,
1054102,1647000,,,14494000,-582000,15076000
1055160,41176000,,,11519506000,1838404000,9681102000
1055726,-19694697,,,87272659,51250724,36021935
1056285,-11824000,,,225409000,-16218000,241627000
1056288,101134000,,,2002053000,1076142000,858721000
1056358,-1530000,,,36669000,7585000,29084000
1056696,52582000,,,708221000,245095000,
1056903,26844000,,148013000,2545453000,956407000,
1056943,15009000,,,4999358000,481854000,4517504000
1057352,-15000000,,,10428100000,8556200000,1871900000
1057379,3143000,3564000,,191760000,114415000,77345000
1057706,77059000,,,19106983000,1779342000,17327641000
1058090,386599000,,2875253000,9044094000,3490872000,5553222000
1058290,663000000,,5115000000,19967000000,14899000000,5068000000
1058307,-1942000,,,35204000,25337000,9753000
1058623,-32367000,,,1071851000,-24841000,1096692000
1059142,2403022,,24322563,1502887278,,1145636084
1059556,625000000,,,15096000000,3700000000,11238000000
1060391,494996000,,4593000000,33103000000,11663000000,
1060822,15539000,,,2331800000,847245000,1484555000
1060955,160812000,,,16641279000,9425871000,7215408000
1061069,-1499000,,,87631000,36535000,
1061219,1393000000,,15417000000,75406000000,,
1061630,-357000,,,19957475000,3681968000,16268757000
1061983,-161376000,,,1264051000,-266413000,1530464000
1062231,7100000,,,5139400000,596300000,4543100000
1062822,-25295000,,1262000,297671000,123032000,174639000
1064722,-8288,,,4886,-268125,273011
1064728,34400000,,937000000,5783700000,3667900000,2068600000
1065059,27200000,,,1293900000,213900000,1080000000
1065078,-363000,,150000,43871000,42701000,1170000
1065088,499000000,,,18954000000,4829000000,14004000000
1065280,2890351000,,10542801000,52087644000,24028073000,28059571000
1065696,169000000,,3327000000,15469000000,6174000000,
1066194,66000,671000,,106220000,51586000,54634000
1066605,13306000,,287442000,1023691000,465050000,558641000
1066656,2859,-142752,,143624328,,2480192
1066764,-857644,,,23218625,21065028,
1066923,-4573348,,542131,23641060,10922101,12718959
1067294,12574000,22207000,,2139049000,469311000,
1067701,518000000,689000000,3719000000,28050000000,8789000000,19261000000
1067983,4603000000,,89725000000,1164532000000,654471000000,507790000000
1068148,8300000,,,1438600000,368200000,
1068689,-676664,,,5780837,-13120199,18901036
1068851,130225000,,,38764675000,7517061000,31247614000
1069157,290270000,,,76165013000,7929465000,68235548000
1069183,87980000,,,6083159000,2555853000,3527306000
1069202,129600000,,1072600000,3455400000,973700000,2602900000
1069258,4500000,,,2004900000,1387600000,617300000
1069394,-277734,,,61689258,38422688,19918823
1069530,-23403000,,,140932000,127616000,13316000
1069878,60434000,21826000,,1641199000,947061000,731120000
1069899,20880000,3185000,,1317260000,265992000,1051268000
1070050,-2641000,,217000,6911000,3662000,3249000
1070081,866562000,,,2655387000,-185760000,2841147000
1070296,3235000,3262000,,1214538000,120080000,1094343000
1070412,-197715000,,82388000,9046709000,3770774000,5275935000
1070423,443000000,36000000,11477000000,27059000000,,
1070494,18987000,,,1132364000,765237000,367127000
1070524,8054000,7490000,,3007956000,229043000,2778913000
1070680,4430000,,,2094681000,172682000,1921999000
1070750,248000000,,,12947000000,6650000000,6161000000
1071236,10352000,9306000,,3186432000,333316000,2853116000
1071255,2499000,,160843000,1058083000,462038000,596045000
1071739,1311000000,,46620000000,87044000000,27916000000,59025000000
1072379,-19343000,,,27505000,-99479000,112343000
1074902,4609000,,,2302745000,258651000,2044094000
1075415,-8986000,,,4995843000,1948051000,3047792000
1075736,1171000,507000,16057000,67449000,55222000,12227000
1076930,21208000,,,1385456000,769755000,615701000
1077183,-25923000,,,1601430000,888269000,713161000
1077428,47047000,,,31375749000,3429774000,27945975000
1077688,-3052000,,,14500000,199157000,100528000
1078271,3458000,7382000,,1073077000,71705000,
1080340,1373134,,2273713,65787420,43326082,22461338
1080448,-400106,,0,404584,-606828,
1080657,2265352,,4125184,135424916,28255453,98864550
1081316,1187000000,,6366000000,142269000000,50873000000,90120000000
1081745,-727565,,,17964014,10357641,7606373
1081938,-690594,-3740841,335319,11234360,-20507122,31741482
1082324,-3679000,,,45111000,36363000,8748000
1082554,322200000,,,7743900000,6807200000,936700000
1082733,-368056,-381780,0,22211,-5285197,
1083220,-2797000,,,52486000,27736000,26776000
1083301,-61418000,,34405000,841162000,170375000,670787000
1083446,6692000,,,1331256000,745368000,813550000
1083490,-914614,,9787786,162697019,107910955,68310110
1083522,-852000,,,9834000,1396000,8438000
1084048,24239000,,,3515875000,1821365000,1694510000
1084267,-2295987,,12613,6378079,3189238,3188841
1084554,-4771012,,0,58287682,57321473,
1084765,-44052000,-68715000,129438000,375625000,277826000,97799000
1084869,-178244000,64348000,,806217000,317730000,488487000
1084961,46796000,,392775000,4969586000,,4150525000
1084991,4854000,,41383000,501691000,260264000,241427000
1085243,1264060,-888344,0,66797122,46486326,19812659
1085277,-281005,,5000,149554,-9479752,9629306
1085392,167556000,,1602003000,19712480000,5514768000,
1085913,23009000,,,5680024000,602306000,5077718000
1086222,123171000,,,9982190000,4584561000,5397629000
1086600,73983000,,,2902735000,,1071275000
1086745,845011,,,16155172,3006353,9784216
1087294,1257068,-1903814,,69935878,28657020,41595259
1088034,-234970,,,109620138,18991930,90628208
1088413,965665,-204714,,49712996,22026656,
1088856,20547000,,,846455000,683285000,163170000
1089063,264288000,,,10434582000,3052394000,
1089815,-424000,,,4319000,4228000,91000
1089872,-1014000,,,148503000,86992000,48378000
1089907,4539000,,11832000,331264000,292669000,38595000
1090009,5266000,,,4284311000,337598000,3946713000
1090012,494000000,,4452000000,30928000000,14545000000,
1090396,782239,,3535933,14014915,12184968,1829947
1090425,138755000,,,6547175000,,5515605000
1091596,-746128,,,1146754,-213073,1359827
1091667,1217000000,,13735000000,150954000000,16247000000,
1092699,22196000,,,1109050000,920921000,188129000
1093557,105400000,,,6751700000,2266600000,4485100000
1093672,4345000,,,1692985000,138508000,1554477000
1093691,-196656000,,133674000,3633406000,1857200000,1700819000
1094038,-4446184,,,16993266,14491871,2501395
1094285,188600000,,,15048500000,9925200000,5117100000
1094831,55164000,,664240000,4884476000,963784000,3741525000
1095073,210000000,,4263000000,58132000000,14140000000,43993000000
1095146,2624000,,72629000,75779000,24001000,51778000
1095565,4332000,,,524036000,362808000,
1095651,29364000,,97677000,6929355000,2350832000,4548179000
1095981,-17401000,,1059000,12056000,-23641000,35697000
1096056,5500000,,,385200000,226700000,158500000
1096275,-4460464,,2240005,26663002,20125497,6537505
1096296,-81688,,,432280354,241110817,5169537
1096343,121714000,,3548176000,64599055000,17148507000,46854574000
1096938,-1531659,,0,104542,-2855365,2959907
1097149,93230000,,,6102820000,3794243000,2308577000
1097864,-486100000,,,13253900000,8029900000,5205000000
1098009,-158399,-193120,56148,266993,-5626992,5976602
1098146,-2777000,,,956612000,57146000,899466000
1098151,5991000,,,2711310000,211674000,2499636000
1099160,-2689821,,,539259398,144619400,394639998
1099219,945000000,,18569000000,688316000000,27493000000,660561000000
1099590,494000000,,5935000000,27682000000,5004000000,22678000000
1099800,358000000,385600000,,13022300000,10128700000,2830700000
1100682,25469000,,,7582366000,3194336000,4340584000
1101026,-4211188,,0,1331334,-1617277,2948613
1101215,138000000,,,22382000000,3068000000,19314000000
1101239,343000000,,,36079000000,13889000000,22166000000
1101302,62900000,,,8431400000,,
1101433,-499811,,4824356,6886637,915777,
1102238,2965000,-161000,12008000,1044999000,604906000,239445000
1102993,-14133000,,,596220000,-74944000,671164000
1103795,-9674000,,0,569000,-4347000,4916000
1103833,-3259,,135,1534,-273404,274938
1103982,402000000,,9313000000,68927000000,25785000000,43104000000
1104038,-571000,,4455000,17095000,14643000,2452000
1104485,138982000,,602098000,5674614000,2402081000,3272533000
1104506,-256583000,,,1802735000,99159000,1703576000
1104657,17698000,,,1752357000,887929000,
1106213,-731401,,0,262419,-2882556,3144975
1106644,-785572,,1136287,14217073,6969848,7247225
1107280,-102910,,,43656,-512721,
1107421,-1073000,,,2120000,1058000,1062000
1107843,47534000,,,996471000,498035000,498436000
1108109,-13000000,,3159000000,13890000000,-1923000000,15219000000
1108134,19100000,17536000,110443000,12013199000,1240182000,10816439000
1108205,-10616000,,,39326000,-6607000,45933000
1108524,1541000000,,,98610000000,60666000000,37944000000
1109242,17672000,,62818000,7729035000,751485000,6977550000
1109354,17400000,,,5933100000,,
1109448,220799000,,1098124000,9377218000,,4407610000
1110607,-29000,,5250000,19232000,8645000,10587000
1110611,-8703000,,,245778000,153726000,92052000
1110803,131000000,186000000,,6182000000,2368000000,
1111335,67000000,125000000,934000000,3103000000,1419000000,
1111485,-8190000,,,313044000,279316000,33728000
1111711,474800000,,,33105100000,8896800000,
1111741,601376,,13696401,40726803,4190693,30678630
1111928,3758000,,,2317348000,2060442000,256906000
1113169,490500000,,,13993700000,10394700000,2461400000
1113232,28579000,,192563000,1340618000,1027238000,313380000
1113313,-79110,,22598,209841,-1285270,1495111
1113809,15319000,,,308303000,148682000,
1114483,-22487000,,,3297703000,1606704000,1690999000
1114925,-3868000,-2372000,28500000,124189000,75470000,48719000
1114927,3671000,,,1875700000,187805000,1687895000
1114995,-8451000,,,479825000,160564000,319261000
1115055,140408000,,,54254804000,6543142000,47711662000
1116132,203300000,310400000,,7306200000,1493800000,5812400000
1116463,-16040000,,,457607000,396282000,61325000
1116942,32178000,,648668000,3454599000,1587001000,
1117057,-796902,,840333,26117101,10954680,15162421
1117171,-1579234,,34938901,311464641,120791786,192721548
1117297,4416000,-1549000,,417235000,235475000,181760000
1118004,23219000,,,8029850000,704440000,7230157000
1119190,12840493,,0,39031087,13407839,25623248
1119643,-1404923,,,775179,-16212837,16988016
1120193,395000000,,,30647000000,11546000000,19092000000
1120370,-370000,,,129318000,59309000,
1120914,-3032000,,,389972000,248980000,140992000
1120970,-9093931,,785815,169604637,,51779562
1121484,3158000,,,990735000,683411000,307324000
1121788,332769000,,,9787622000,8179478000,
1121795,-31532,-45714,4755,1801,-398237,
1122904,-6034000,,,814196000,534243000,279953000
1122976,-20200000,,,5811200000,2298300000,
1123360,305734000,,,47616106000,22248343000,24591533000
1123494,-50340000,,,79801000,14835000,64966000
1123596,116267,,,4703010,3239579,1463431
1123852,184000000,,,27707000000,9594000000,
1124105,4939000,,,129790000,68123000,25488000
1124140,-101215000,-864585000,,5711073000,2396907000,3314166000
1124198,-241000000,,3982000000,8423000000,3591000000,
1124524,-11981000,,41040000,699844000,398811000,301033000
1124796,-8093000,,,289996000,212759000,77237000
1125345,-41036000,,13192000,224565000,79119000,145446000
1125376,80277000,,1173041000,4759846000,1926817000,2829689000
1126328,48100000,,3695900000,313003300000,11216800000,301408300000
1127371,8293000,,,3553086000,372197000,3180889000
1127537,-14448000,,,150736000,77667000,73069000
1127703,-5822000,,272079000,5526020000,1233620000,4292400000
1128189,-97690,,,528625,376400,
1128281,-514765,,,10163260,9188128,975132
1128361,21096000,24337000,,17068316000,2160033000,14908283000
1128928,52998000,,1554230000,4326946000,1415625000,
1129155,2206000,,,182883000,126401000,56482000
1130144,9101000,10364000,,3606183000,351756000,3254427000
1130166,-81000,,,3734000,3062000,672000
1130310,297000000,,2920000000,44486000000,10955000000,
1130464,134300000,,805200000,10061200000,3635100000,
1130598,21490000,,57000,19063000,,13063000
1130713,-39912000,,,363725000,143368000,220357000
1131312,-1675000,-1746000,0,35966000,32765000,3201000
1131903,-660000,-3270544000,0,21631,-941509,1185026
1132105,-21254000,,249103000,929669000,215057000,714612000
1132509,-15820,,0,10115,-736945,747060
1132651,3443000,,,2184293000,183056000,2001237000
1133311,3167000,,,49202000,-6053000,50347000
1133416,-9631000,,,9528000,-113984000,121789000
1133421,481000000,,9468000000,48468000000,14984000000,33484000000
1133818,-2852000,,,2195000,-2589000,4784000
1133869,-24391594,,,153765973,127645467,26120506
1134115,-669068,,,59809038,59568632,240406
1134765,-1217000,,,3170000,-2809000,5979000
1134982,-3191732,,0,327567,-3918778,4246345
1136869,182000000,,,22183900000,12395100000,9780000000
1136893,77000000,281000000,,32841000000,15064000000,17773000000
1137091,19082000,,,372728000,84343000,288385000
1137547,2682000,,,1191791000,132876000,1058915000
1137774,707000000,,13470000000,739262000000,29883000000,707040000000
1137789,340000000,336000000,,7564000000,-829000000,8393000000
1138118,163000000,,8875000000,26366000000,8282000000,17362000000
1138476,292663,,1818814,12656926,11979866,
1138723,-1297000,2537000,,484291000,49583000,434708000
1140102,1363000,,7472000,93737000,65564000,28173000
1140215,-2031000,,,24519000,4664000,19855000
1140536,235000000,,2223000000,28064000000,8133000000,19850000000
1141103,-490000,-3753000,,576235000,418210000,158025000
1141197,140000,,8736000,145575000,116219000,23860000
1141240,-568000,,,29963000,,1317000
1141284,-1860000,,721000,7107000,2806000,4301000
1141688,4701000,,,1578589000,142651000,1435938000
1142417,108000000,,,11414000000,2247000000,9164000000
1142750,-1092000,,,2395123000,715051000,1680072000
1144980,132100000,,4148500000,10221000000,3623500000,
1145197,35400000,,569000000,3517300000,1330600000,2186600000
1145604,-12945,,,34988,-234176,269164
1145765,-26175,,,70542509,,1678127
1145986,-301249000,,,554976000,314834000,240142000
1156039,2183000000,,48891000000,119717000000,42503000000,77097000000
1156041,-1011161,,,7164923,7007376,157547
1157408,99346000,96393000,,2207944000,1417372000,790572000
1157601,-73238000,,137250000,996629000,710637000,285992000
1157647,2303000,3288000,,2709284000,237676000,2471608000
1158114,-9172000,,,644668000,309013000,335655000
1158172,-3993000,,,421531000,-13458000,227519000
1158324,-52042000,,,3120722000,142844000,2977878000
1158449,24000000,,,10617000000,2197000000,8420000000
1158463,-208000000,,,17101000000,2445000000,
1158780,-6147000,-2956000,427000,37407000,-4474000,
1158895,11011000,,,556006000,347572000,208434000
1159036,118095000,,,2196532000,482270000,1714262000
1159167,-87273000,,101569000,461509000,-793000,462302000
1160308,-26639000,,,189316000,147850000,41466000
1160791,-8319000,,,147656000,24584000,123072000
1161728,41592000,,,2841377000,1258913000,
1162194,-26033000,,,579597000,454595000,125002000
1162896,-2617000,,13590000,775445000,34043000,553121000
1163165,2849000000,,16517000000,124254000000,65238000000,59016000000
1163370,13324000,10927000,54601000,3140960000,279756000,2861204000
1163389,1908000,,,880747000,72572000,808175000
1163609,4373073,,,582423876,,
1163668,12294000,,,4405209000,443743000,3961466000
1163739,32988000,,,5038663000,342660000,3604307000
1164727,1891000000,,,55519000000,31248000000,24088000000
1164863,24500000,,,2506600000,1461800000,1044800000
1165002,477000,-3125000,23252000,134988000,121386000,13602000
1166003,69000000,,,7879000000,1640000000,
1166691,3375000000,,,267770000000,86638000000,
1166708,-54468,,1529203,5583600,1531331,4052269
1166928,7842000,,,3986669000,237873000,3748796000
1167419,-296367000,,161387000,3719017000,2944838000,774179000
1168455,7180000,,,1633292000,187603000,1445689000
1169138,-526819,,66023,19476,-3636150,3655626
1169445,459000,,,388842000,166883000,220334000
1169770,53568000,56919000,440305000,33779918000,3521656000,30258262000
1171155,2541000,6467000,,414502000,218238000,196185000
1171326,183485,,961954,9459464,8594164,865300
1171759,1249000,,,606229000,-80412000,686641000
1172052,21896000,,301429000,2291302000,850667000,1440635000
1172178,-336132,,,121887,-1390486,1512373
1172358,17642000,,,349038000,,5903000
1173313,-842075,,,14875699,5404386,6919404
1173420,-9116000,,0,102027000,-56126000,158153000
1173489,-3327000,,,309991000,269132000,
1173514,8600000,,910400000,2055300000,510000000,1525900000
1174850,32592000,,,8975222000,1183268000,7791954000
1174891,-241000,,,5619000,3470000,2149000
1174922,72747000,,,12724044000,-360678000,13825965000
1174940,-2216993,,,3869111,137688,3731423
1175151,-1479000,,,50781684,14544000,36238900
1175454,243233000,,1005667000,18547780000,3453836000,
1175535,3701000,17337000,38003000,1126691000,431025000,690124000
1175680,-4758000,-4768000,,21191000,-92979000,114170000
1176309,-7642000,,2000000,147539000,140812000,
1176334,-1033000,,,533410000,,605038000
1176948,47170000,,1004508000,27181768000,4454107000,18389821000
1177394,167537000,,,28796066000,8050395000,20745671000
1177609,41148000,187457000,,4452802000,1858062000,2594740000
1177702,49810000,,787575000,3365221000,2360427000,
1178253,-5391000,,,67915000,50532000,17383000
1178670,-18251000,,,4213811000,426140000,4098376000
1178697,458000,,16721000,35958000,-1079000,37037000
1178879,-21686000,,,789839000,193558000,596281000
1178970,64028000,,,24224759000,2658794000,21565965000
1179929,298000000,,11147000000,16386000000,4310000000,12076000000
1180262,50400000,,,2684300000,-736000000,3420300000
1185348,3659000,,269619000,5148069000,1219108000,3867551000
1187953,-1638097,,3000,8347274,8060887,286387
1191070,11262161,-1943349,,30713319,25997308,4716011
1192323,-81190,,0,441929,-1099745,1541674
1192448,-18146000,,,966178000,763959000,202219000
1193311,181000000,,1548000000,41787000000,,25570000000
1196298,558000,,,11778000,,2487000
1200375,-20688000,,,128887000,49629000,79258000
1201792,8893000,,,578661000,310012000,268649000
1206264,-33100000,,,11329700000,,8579400000
1209709,-985726,1315572,,46432168,,861890
1210677,-41194000,,354588000,3871691000,1278755000,2592936000
1210708,-1756000,,31866000,113231000,39474000,13711000
1211583,-1165000,,8751000,46403000,-5880000,52283000
1211805,-1060000,,,8751000,6029000,2722000
1212545,199100000,,,83043000000,6922000000,75828000000
1213037,-13434000,,,84807000,70876000,13931000
1213809,-2027579,,,7894878,923611,6971267
1214816,194071000,,1522106000,33249174000,5902799000,27346375000
1217234,-10353000,,,489638000,379349000,110289000
1218683,-310863,,13814373,57863935,-1444026,59307961
1219601,193000000,,,13841000000,2694000000,
1220754,-50377000,,,1677163000,-87633000,1764796000
1222333,14271786000,-604333000,,93480906000,,29635000
1224133,-1982000,,,40633000,31374000,9259000
1224608,21500000,182900000,1004100000,37436300000,2555100000,34905800000
1226616,-2864120,,,52431150,49930476,2500674
1227265,-4073698,-3111739,,265078476,,4498941
1227500,15041000,,,5446100000,617324000,4828776000
1227636,-12675000,,,141988000,35452000,102457000
1228454,-8324000,,,3473822000,314722000,3159100000
1228627,-8194000,,,48167000,5073000,24251000
1230058,-1168000,,440000,88746000,79691000,9055000
1230245,64915000,69059000,358554000,1820501000,1213473000,442391000
1230524,86172,-24255,1333,50266,-95250,145516
1231457,-7492000,,,38985000,29846000,9139000
1232524,-92500000,,,11534682000,4174800000,
1232582,-19971000,,,3082421000,-446105000,3298551000
1234006,5134000,,37501000,1160443000,183216000,807050000
1235912,-13766000,,,129589000,69360000,60229000
1236275,8800000,,,5113196000,5059400000,53782000
1237831,75462000,,598121000,4711148000,4088068000,623080000
1253689,-15148000,-17867000,,5992180,-30161000,2616926
1254699,-42000000,,1905000000,9675000000,3258000000,6339000000
1257640,18100000,,,1946000000,847000000,
1258602,82560000,,,14191958000,3419523000,10828949000
1259429,-8121517,,,285490638,148882310,136608328
1261333,72087000,,,3947403000,2014802000,1932601000
1262039,433400000,,,10407000000,1962900000,8444100000
1262104,-2573000,-2677000,0,20779000,19541000,1238000
1262823,-40000000,,2846000000,20711000000,10410000000,9790000000
1262976,-8238000,61057000,789468000,1878316000,-557515000,2415023000
1263364,-682888,,,281515,-5466342,5747857
1265131,42116000,35519000,,15812699000,2199712000,13583877000
1265521,-456855,-718790,4542,9808644,8142276,1666368
1266806,-6302000,,,35452000,11624000,23828000
1267238,146600000,,3074000000,34988400000,5234200000,29754200000
1267565,2417000,12536000,,1631388000,234434000,1396954000
1269026,-2292000,,,11449000,6092000,5357000
1270436,329000,,28740000,978050000,42004000,892390000
1271833,1837000000,,13735000000,149127000000,,
1272842,-1546000,,,46116000,30325000,15790000
1273441,-19280000,,,1662734000,393808000,
1273685,42155000,,,10004055000,1401946000,8585743000
1273813,176000000,,345000000,11938000000,5590000000,6281000000
1274173,120700000,,,7117400000,4694900000,1755400000
1274494,209535000,,844568000,12116665000,8187334000,3929331000
1274737,-3752000,,,40294000,6403000,33891000
1275014,-5000000,,,1891000000,872000000,954200000
1275101,842000,,,1011726000,68348000,943378000
1275158,-9057000,,,319450000,-13905000,333355000
1275168,13111000,,,4245057000,406451000,3838606000
1275187,-4407000,-10738000,,285415000,185870000,99545000
1275477,552570,,5529329,151439302,7373977,144065325
1276187,1323000000,,21020000000,126425000000,,
1276520,54000000,,1786000000,87256000000,8710000000,77575000000
1276531,339523,,19304723,54799624,33740265,23451781
1277902,3577000,9440000,,3019687000,310054000,2709633000
1278021,15065000,,,1878096000,1347313000,530783000
1278027,835000,,,2953810000,513094000,2440716000
1278752,30330000,,,3355699000,,1962439000
1279620,145858,,,16616349,6062978,10553371
1279704,-6604029,,,16042190,8253389,6406778
1279715,-256000,,,2185000,2075000,110000
1280058,4323000,,,2102400000,17477000,2084900000
1280263,-24328000,,,701918000,572716000,129202000
1280452,135052000,,,3705143000,3073629000,631514000
1280776,-25473000,,,20515000,-5287000,25802000
1280784,50337000,,,4031211000,2000630000,2030581000
1281761,490000000,,,159846000000,18530000000,141279000000
1281895,-61334000,,,471066000,412138000,58928000
1282224,-2329062,,12169711,58575201,9316329,49258872
1282631,-9487000,,,32424000,-13672000,46096000
1282637,125949000,,,3232924000,1519496000,1713428000
1282648,6023000,-22202000,47475000,506248000,-1762000,
1282980,-576123,,,443290,-920924,1364214
1283699,2953000000,,,214633000000,61105000000,
1284812,39778000,,,834865000,507687000,193513000
1285550,-6026000,,8485000,30070000,19987000,10083000
1285785,238100000,,2620900000,23165700000,11770900000,
1285819,-33460000,,,235161000,-213553000,
1286043,23730000,,221077000,6682508000,3267953000,3311035000
1286139,5127000,,,532666000,187212000,345454000
1286613,1944000,,,427432000,177780000,249652000
1286681,149651000,,1112056000,1877619000,-3912688000,
1287032,-139916000,-66000,,6996312000,3245364000,2118522000
1287098,-10261000,,10390000,229961000,199412000,30549000
1287213,148000,,,621040000,258885000,
1287750,241000000,,,28317000000,13672000000,14645000000
1287865,-118275000,,223799000,14853880000,4761024000,10091802000
1288403,-30577000,,,1024946000,-82796000,
1288469,-49713000,,,855281000,493175000,362106000
1288847,576000,11577000,,2089924000,664286000,1425638000
1288855,3870000,,,977468000,108003000,869465000
1289237,-10583000,,0,229128000,,10067000
1289340,-5823000,,,45705000,2880000,37529000
1289490,270875000,,819997000,28993918000,13886787000,14215415000
1289848,24536000,,404141000,1363566000,494284000,
1289945,5196000,,,204476000,151738000,52738000
1290658,-157211,,0,172244,-3530332,2862576
1290677,14395000,2416000,,564552000,,361115000
1290900,-4312000,,,419823000,136656000,283167000
1293818,-408133,,0,9418517,7054203,2364314
1294133,-6174000,,82280000,308412000,197952000,110460000
1295401,57173000,,,9385727000,829687000,8556040000
1295514,-629354,,,4975551,2241996,2733555
1296445,40362000,,,5838947000,2461204000,3243601000
1296884,-7546000,,12368000,438112000,158339000,280331000
1297184,25285000,,170528000,1626276000,,874993000
1297341,7000,13000,,380737000,48152000,332585000
1297989,66561000,,501019000,1676411000,1011877000,664534000
1297996,109974000,,1407637000,45080562000,21295598000,21902406000
1298946,11857000,,,3101597000,1564896000,1527945000
1299130,-426075000,,,860789000,91638000,769151000
1299709,105206000,104687000,,23981154000,2603900000,21377254000
1299969,1589000,,,62807000,53717000,9090000
1300514,352000000,324000000,2862000000,21247000000,2699000000,18214000000
1301236,4684841,,48312344,418088238,46065925,373427887
1301787,2805000,,,1633470000,636114000,997356000
1302387,2099000,,,921938000,198073000,723865000
1304409,102858,45418,,6819056,6257314,561742
1306830,-24000000,,,23197000000,5137000000,
1307579,-2351392,,,31721406,15059198,17504802
1307748,6792000,,73771000,2605505000,1744806000,860699000
1307954,-5000000,,,7232000000,2951000000,4061000000
1308027,-538282,,,549903,-5795053,
1308208,6014000,,,1800205000,646402000,
1309082,-2717093,,6229335,40187675,-48139241,81114713
1309108,71500000,,636600000,13964400000,810400000,13154000000
1309402,-72906000,,601515000,1666572000,797507000,859384000
1310383,-430000,,3268000,69845000,24695000,45004000
1310488,-935457,,,13799,-262049,275041
1310630,-103555,,41,461819,-954953,
1311370,60375000,,669164000,4232067000,603028000,3499703000
1311673,-9200,,,6282,-136157,142439
1314102,-45195000,,,362564000,298396000,64168000
1314152,-5548000,,102071000,4996415000,1613251000,2981895000
1315098,-215000000,,,7452249000,310687000,7155654000
1315257,-13900000,,,1890800000,498000000,1392500000
1315399,7778000,,,2141855000,305942000,1835913000
1316835,96304000,,,11447615000,4374160000,7073455000
1317630,127000000,,440000000,14010000000,3045000000,10965000000
1317945,3568000,,,102754000,83256000,19479000
1318008,-14330000,,,599100000,298478000,300622000
1318220,241510000,,2228176000,20254497000,8014180000,12240317000
1318268,-709477,,,90921,-21095772,21186693
1318482,60142,,2738303,10219855,8030699,2189156
1318605,409000000,,19335000000,125111000000,74653000000,49693000000
1318742,202839000,,,21294996000,1333909000,19961087000
1319229,-7609000,,167627000,1315002000,,1694525000
1319643,-153112,,,800,-151969,152769
1319947,-17816000,-38168000,686909000,2093318000,,1827624000
1320350,-27345000,,14159000,72959000,-22141000,81316000
1320414,56681000,-16050000,,5696003000,1719394000,3649966000
1320461,1552000,,,1800082000,-114708000,1922384000
1320695,-31800000,,,3927300000,1518900000,2408400000
1320760,2979000,,98959000,113539000,9391000,104148000
1321655,214031000,,,6736917000,5424155000,1217944000
1321732,39223000,,324140000,1593307000,1212882000,380425000
1321834,-1124743,,,18780598,8690909,4938588
1323468,18684000,,4592197000,3818565000,,3123069000
1323885,-6747000,,,591631000,454619000,137012000
1324424,-200000000,,,26114000000,1072000000,
1324759,37500,,,243087,-193703,373913
1325618,4687000,,19511000,101729435,90055000,11675005
1325670,22636000,,,3697310000,375563000,3321747000
1325676,3925347,-1608222,,126412501,,3520202
1325702,-8878000,,44722000,373867000,269201000,104666000
1325964,-4697024,,22917,35639560,31549588,4089972
1326110,-129646000,,16517000,303759000,-591431000,894241000
1326160,1379000000,,,195736000000,50670000000,
1326190,-19575000,,5000,157263000,142162000,15101000
1326200,-11923000,,71269000,1038530000,903205000,133879000
1326205,-1198000,-1829000,330000,8747000,6330000,2417000
1326380,44800000,,732400000,7502600000,4987400000,2515200000
1326706,-1872000,,,44105000,35675000,8430000
1326732,-48418000,,,904689000,639874000,264815000
1326801,16644000000,,,280213000000,185029000000,95184000000
1327068,40302537,96345125,42404806,1056024441,,79576330
1327273,-8547000,,,56316000,3872000,52444000
1327318,-10136000,,,145005000,111096000,33909000
1327567,262000000,267000000,,22002800000,7230000000,14772300000
1327607,4185000,,24718000,2906300000,256555000,2649745000
1327688,-141000,,,148770000,87710000,61060000
1327811,68000000,,,17212000000,8919000000,8293000000
1327978,-18026000,,116385000,5584866000,691620000,4268159000
1328237,69170692,,,1362940018,1359189391,3750627
1328581,40348000,,,3481644000,2127077000,
1328598,574500,,745943,234514565,,69615
1329606,-660058,,,8965691,1635842,7329849
1331421,-728927,,,60162,-1286302,1346464
1331520,115209000,,,22992203000,4042555000,18949648000
1331875,83000000,,2729000000,98209000000,7893000000,89412000000
1332349,-64979000,,,6205691000,146719000,6057556000
1333274,-22339000,,,2336167000,437351000,1898816000
1333493,1950000,,,1137162000,581623000,207554000
1333986,63000000,,4576000000,287366000000,2401000000,282872000000
1334036,160103000,,,5066116000,1969593000,3096523000
1334933,-30212000,-10234000,0,1007810000,892792000,115018000
1334978,62509000,-17877000,334180000,3990886000,,7411610000
1335105,-709555,,,1514228,1159130,
1335258,23203000,,3382117000,21827118000,105995000,
1336047,206600000,,618600000,9849600000,,
1336706,17247000,,,5859655000,586522000,5273133000
1336920,363000000,,4245000000,13197000000,4257000000,8895000000
1337013,-267000,,34716000,104282000,55148000,49134000
1337298,-18094000,,,233417000,194205000,39212000
1338749,25805000,,,3255191000,2009893000,1245298000
1338929,-1413629,,153314,4295385,-2529380,6824765
1339005,-5896839,,,13277803,1996717,11281086
1339688,-2318000,,,15271000,,6622000
1339970,-14880000,,,97245000,75050000,
1340476,-661000,,41295000,111867000,39201000,72666000
1341235,-9929501,,,93195717,63598577,29597140
1341317,9633000,,,5136808000,468975000,4667833000
1341439,2936000000,3151000000,,161378000000,16730000000,
1341766,44419000,,,1859518000,443114000,591916000
1342936,-554539,-3023231,,20724342,-4762507,25486849
1345016,24391000,,,985203000,728018000,257185000
1345126,-29993000,-43600000,,3366948000,680736000,2853303000
1346830,-9579000,,,38947000,-100625000,47020000
1347123,-10554000,,,75500875,14559000,60942115
1347178,-29494000,,50041000,631936000,511417000,120519000
1347242,-1306523,,129390,4856051,4079204,776847
1347858,-4328000,,,21458000,3625000,17833000
1348911,-51836000,-48509000,,250770000,116758000,155379000
1349436,13049000,,,588259000,464913000,123346000
1350102,-1674296,,,6172992,2577318,3595674
1350156,-13463,-13666,0,3,-2423913,2427938
1350653,-51907000,,,785473000,-85939000,
1351636,-1484000,,,136309000,73844000,62465000
1352010,73482000,,,4723612000,3642634000,1080396000
1352952,-2503610,,2283,7374723,-20393811,27768534
1353611,354429,,406205,55941705,,18707
1353612,122723,,189029,67964848,,24934
1353613,-435228,,0,549055814,,175213
1353614,225581,,287699,61773366,,23179
1353615,-139737,,0,165601072,,52512
1354866,1662000,,,77450000,60136000,17314000
1355096,-100000000,,,8981000000,-981000000,9874000000
1355790,-256000,,,5624000,-4086000,5410000
1355839,808530,,5518038,31138424,21075821,10062603
1355848,-6526000,,9504000,71701000,28633000,41644000
1356090,-54153000,,,128787000,-14060000,113329000
1356093,3368000,,,66991000,29870000,37121000
1356115,-34318000,,29074000,1179554000,802715000,381554000
1356576,-11827000,,,1347290000,1030705000,316585000
1357459,-2230000,,,8190000,5331000,2859000
1357615,116000000,,,6847000000,1417000000,5417000000
1357874,-20565000,,,124411000,49337000,75074000
1358190,-3503785,,10897266,175204130,152776980,22427150
1358633,-472226,,,25684,-1712413,1361917
1359841,-9456000,-12880000,,3821230000,43446000,3777784000
1359931,-11914000,,,168559000,158484000,10075000
1360214,-17780000,,,364164000,56451000,308068000
1360442,-107364,-925786,184473,1718693,-1542952,1954929
1360565,31000,,,15212000,9591000,5621000
1360604,-44873000,,298977000,10496269000,5078270000,5349427000
1360901,146184000,,699022000,3271115000,1506560000,1519460000
1361113,-35783000,,,1577094000,367743000,
1361538,44200000,54000000,,4217488000,1445700000,2771748000
1361658,73000000,,934000000,6764000000,-903000000,7667000000
1362004,26851000,,,2075098000,968868000,1106230000
1362190,-1469000,,9733000,33120000,7946000,25174000
1362468,32102000,,699074000,4503862000,1112731000,3391131000
1364250,39800000,,251535000,9577963000,2046377000,5924069000
1364479,-18000000,,861000000,7705000000,1358000000,6347000000
1364885,-612900000,,1521800000,6477500000,-3199100000,
1364954,-17484000,,,438769000,185671000,253098000
1365135,123500000,,983600000,8337900000,,7398500000
1366868,-17331000,,,1729151000,344344000,1384807000
1367644,68000000,,,1426100000,552700000,873400000
1367859,3197000,2702000,,1779963000,180051000,1599912000
1367993,-12802,,263638,4572,-240779,245351
1368265,-134967000,,,1116592000,596704000,513694000
1368514,26904000,,,510569000,373419000,137150000
1368757,2947000,,20766000,532879000,6929000,522964000
1369290,-3465058,,,40867327,21687064,19180263
1369568,56737000,,,908872000,794283000,114589000
1370053,-39329000,,,422053000,34021000,
1370450,4687000,7688000,,471158000,245516000,225642000
1370637,-52096000,,,2120802000,-910299000,3031101000
1370755,20894588,,,1898903559,781318924,1117584635
1370946,-93000000,,2530000000,14266000000,4882000000,9342000000
1371128,-476094,-462779,,1674452,-1784321,
1371451,-479705,8308,,67719949,,
1371489,1488000,,,202365000,95036000,107329000
1372020,33416000,,,1233448000,479944000,753504000
1372299,-15350000,,,64460000,15914000,48546000
1372514,-2192980,,0,34019862,23700385,10319475
1372612,8194000,,,1641369000,-280133000,1426786000
1372807,-82000,-2540000,,438780000,173511000,265269000
1373670,75059000,,489320000,2273267000,1690912000,515259000
1373715,460000000,,,20972000000,10139000000,10833000000
1374310,250600000,,,8667300000,4452100000,4215200000
1374328,2018000,,,62193000,38918000,23275000
1374339,-7347903,,,13646671,9471731,4174940
1374567,-88000,193000,5846000,9076000,2752000,6324000
1374690,-29281000,,,170175000,144271000,25904000
1375205,-10898000,,,182873000,123099000,
1375348,-13669,-23423,,7255,-870563,877818
1375365,108777000,320596000,,10738525000,6379319000,4359046000
1376139,-123000000,,1646000000,4251000000,580000000,
1376227,208820056,53733843,210754261,446351688,,25424811
1376231,-290864,,933328,2325524,,1898109
1376321,-531000,,,9541000,3111000,6369000
1376339,7023000,,,270420000,202776000,67644000
1376793,-230000,579000,122000,576000,299000,277000
1377121,-11655000,,,742132000,689052000,53080000
1377149,-920800,,,3913633,-41200335,45113968
1377630,-30700000,,,503800000,370800000,133000000
1377789,3528000,4495000,,628337000,256116000,372221000
1378950,-15283000,,,216455000,72770000,143685000
1379006,-2216783,-2027491,,10031960,8833049,
1379041,12800000,,202600000,3556900000,1075700000,2481200000
1380106,-11263000,,,85434000,65491000,19943000
1381531,6000000,,,7307000000,2607000000,
1382101,-75968000,,,321430000,-25811000,347241000
1382574,-3063997,,10258,84178330,81162760,25195770
1383057,27345772,,,203288265,203176093,112172
1383058,2692631,,,202424196,202308029,116167
1383062,2688670,,,55851234,55814933,36301
1383082,-11250436,,,819497642,818917342,580300
1383084,2086487,,,126637422,123759970,2877452
1383149,2323750,,,69270652,69228761,41891
1383151,-12977227,,,328606404,325551010,3055394
1383312,243100000,142400000,,8299600000,2382300000,5917300000
1383650,641000000,,2989000000,17094000000,,17474000000
1384101,7047000,,,1315411000,1194936000,120475000
1384195,9110738,,,1505610274,881695554,629644216
1384905,-10328000,,,1631592000,-541197000,1973340000
1385613,29627000,,213302000,2152096000,666804000,1485292000
1385818,3994000,788000,,124201000,34898000,
1385849,-26297000,,16898000,650792000,580814000,65363000
1386278,25773000,,558874000,5727885000,947663000,4780222000
1386301,216470,-1980234,,45227380,11231130,33996250
1386570,5063000,,30481000,81337000,55345000,25992000
1387061,15002000,,13608000,447536000,146696000,300840000
1387467,-10807000,-6614000,,1116368000,886291000,230077000
1388320,-15938000,,,68647000,25694000,42953000
1388658,-30700000,,,926098000,86665000,839433000
1389050,70850000,,,3964732000,1349983000,2614749000
1389170,270500000,,4561500000,22800300000,2451500000,
1389545,7670000,,,9872000,6167000,3705000
1390478,-5813000,,,34956000,27759000,7197000
1390777,1220000000,1155000000,,440691000000,43119000000,397068000000
1391135,-303042,1186,9123850,47757736,37198068,10559667
1391426,-3233681,,10525,17699105,-14894449,32593554
1391933,-83000,,,650368000,52264000,598104000
1392272,5607000,,,1726860000,151505000,1575355000
1392380,-21728000,,,718929000,469837000,203008000
1392694,-7635084,,10577429,15664039,7835954,7882600
1392972,-3689000,,86322000,427159000,-65813000,492972000
1393052,228190000,,,7765077000,6211098000,1553979000
1393311,407791000,,1183184000,19615446000,9566256000,9945094000
1393434,-64053000,,,405920000,265930000,139990000
1393584,-18704000,,,419468000,293954000,113694000
1393726,5635000,,390000,5819492000,473719000,5136030000
1393772,-440455,-133224,0,575128,-346236,921364
1393781,-1406210,,,18303335,,17337123
1393818,614852000,,3289458000,45255629000,7978120000,25390726000
1393883,-9751000,,32301000,212069000,103898000,108171000
1394056,-2017634,,,37105793,,11055832
1394108,-29981,,0,45697,-803531,849228
1395585,1368618,,19609695,690238963,78613576,617581173
1395937,-84846000,,,640707000,215059000,425648000
1395942,36900000,,460100000,4806400000,1372400000,
1396009,128900000,,,16712100000,8134100000,8553600000
1396440,116082000,,,5273385000,2840133000,2433252000
1396536,-2079663,,4952185,34087340,5151954,28935386
1396814,4812000,,,1586669000,798541000,788128000
1396878,2065308,7217735,2305257,90207617,,220884
1397183,-793672,,1474576,4528325,1700887,2827438
1397187,314572000,,,7430543000,4289570000,3140973000
1397911,318573000,,3670007000,13963222000,3123783000,10839439000
1398659,130853000,,,4894958000,2453061000,2441897000
1398733,-22930000,,,102234000,-60930000,163164000
1398805,-15523000,,6324000,46755000,26672000,20083000
1398987,-78000000,,1204000000,5588000000,1493000000,4092000000
1399520,975000,,211129000,956022000,40458000,752886000
1400118,-18176000,,,146172000,138992000,7180000
1400810,69684000,,216433000,2306668000,522683000,1762199000
1400891,-281224000,,807101000,5268093000,,
1401040,-7707000,,,38830000,33954000,
1401257,1122000,,,790110000,320042000,470068000
1401521,21348000,,72202000,1159646000,260880000,898766000
1401667,2974000,,,196181000,97108000,99073000
1401914,-4378307,,,18618941,-9563701,28182642
1402057,224900000,,,15018500000,2323100000,
1402328,-1179771,,8901341,29187105,22702470,6484635
1402436,213000000,,,20404900000,6785400000,13545100000
1402829,-1414000,,,414652000,,265477000
1403475,4876000,6001000,,3784243000,439566000,3344677000
1403528,-4999000,,,7014675000,2248648000,1737656000
1403568,305052000,,2848367000,5986689000,2430303000,3556386000
1403708,-1306178,,,16375945,5841215,10534730
1404281,-6495000,,,161308000,58886000,46728000
1404644,-22647000,,,315301000,291795000,23506000
1404655,-21793000,,,3896316000,2004544000,1891772000
1404804,-26660,,359746,1054462,-1373779,2428241
1404912,-185924000,,3110183000,372372919000,27469987000,303415987000
1405495,115602000,,,1861844000,936884000,924960000
1405513,4184874,476681,4243946,18421983,,2002714
1405528,344065,2941456,460050,47940317,,172481
1406666,-4787000,,,917119000,767166000,149953000
1407583,-6346213,,,102926078,-55275351,158201429
1407704,1279508,,27487,2750,-4636920,
1408198,288600000,,,5344374000,-958600000,6302944000
1408443,-20761000,,,61885000,-6123000,68008000
1408534,-6166000,1010000,,3829269000,251445000,3577824000
1408710,81290000,86636000,871799000,2619301000,1907194000,712107000
1409171,-13204000,,594336000,1797687000,605444000,
1409197,-260521,,263159,248125,-2334200,2582325
1409269,-12363000,,13643000,63460000,2262000,60732000
1409493,167297000,-146514000,,13205326000,2644064000,10561262000
1409970,11671000,,,10483096000,1364517000,9118579000
1410098,20644000,,39081657,149582766,114888000,34694718
1410384,4753000,,,1349856000,545458000,804398000
1410428,-4719000,,7023000,24827000,-5795000,21401000
1410636,205000000,239000000,,33156000000,10534000000,
1411057,-181243,-79528,14931,14886,-1225589,1240474
1411207,192000000,,,5366000000,1665000000,3701000000
1411342,31649000,,,16644228000,1614264000,15006612000
1411579,-202100000,,,8053000000,-1737800000,9790800000
1411690,-3102000,,,78414000,48188000,30226000
1412126,-85488,,,604723,251215,353508
1412408,-3914000,,115936000,400395000,282186000,118209000
1412486,-2301000,,,10659000,7304000,3355000
1412502,2106000,,42180000,941184000,,618538000
1412665,15138000,16330000,,6254394000,579625000,5674769000
1413119,-600033,,,1316047,-8547798,9863845
1413329,2690000000,,,65079000000,-10901000000,74005000000
1413447,490000000,,,25180000000,9322000000,15503000000
1413837,6896000,-14111000,,12588397000,1060611000,11527786000
1413891,-2556577,,2171626,5684518,-3706837,9391355
1414382,-11709,-12696,175,19192,-609467,
1414953,84034,,817748,1009080,421175,
1415311,427557254,,30950905,3738545314,3573878847,164666467
1415332,-223923,,0,3089729,908053,2405599
1415397,-429000,,,93000,-734000,
1415404,-202669000,,,60571527000,20007647000,40508837000
1415744,-68062,-39335,,323932,-24625,348557
1416090,175389,,,3531,-3170930,3174461
1416265,50375000,,42664000,850070000,-453887000,983590000
1416876,-1397892,,,4395444,-33892892,38288336
1417663,-6118000,,9333000,30855000,-20812000,51667000
1417892,1540000,,8154000,464922000,304056000,123273000
1417926,-17403586,,1637185,31744110,3172337,24429823
1418076,19926000,,,2502972000,,1512487000
1418121,31221000,,,4948178000,3212820000,1735358000
1418135,517000000,,,53699000000,24447000000,29252000000
1418372,1536527,,,58419219,34379389,24039830
1418819,30412000,,,2610341000,518445000,2091896000
1419041,-15656000,,,47459000,38427000,
1419275,-2756000,,2769000,108073000,-3082000,111155000
1419536,13932000,,,3349805000,369577000,2980228000
1419554,-1017092,,,3162060,2910902,251158
1419612,-98523000,,219480000,2525173000,594213000,
1419793,-656406,,1404671,4081087,,50436406
1419806,-2395000,,0,27332000,24793000,2539000
1419951,26388,,312744,26930730,21696191,5479319
1420520,-5209000,,,26252000,23283000,2969000
1420565,-5501000,,,57628000,49879000,7749000
1420720,-4861000,-4364000,,19103000,11381000,7722000
1420800,-55966000,,,4875034000,2617768000,2254816000
1421461,4606000,,,601276000,479453000,121823000
1421517,-9880000,,,225394000,198113000,27281000
1422142,73016000,,,234002000,221728000,12274000
1422143,-57429000,,,743764000,364406000,379358000
1422183,120000000,147000000,,14915000000,6546000000,8369000000
1422892,-1670409,-327797,363070,18389538,13627952,6948994
1422930,-9486000,,,668602000,275601000,393001000
1423689,50000000,,,95889000000,10042000000,85847000000
1423869,7735000,,,3183758000,370864000,2812894000
1423902,309007000,,917116000,12456877000,,9123306000
1424182,16743000,,108690000,5237186000,2949734000,2156372000
1424657,-399000,,,1096000,-3551000,4647000
1424768,-38563,,,940831,-3890831,4831662
1424864,-756034,-686333,,5088693,2690106,2398587
1424929,-259694000,,,1938489000,,998673000
1425205,-116163000,,,966740000,767865000,198875000
1425287,-12656000,,,115483951,-53370000,84091854
1425292,27088000,,,1013954000,,
1425450,-10659000,,,470250000,347146000,123104000
1425627,-1879051,,86617,12686819,11559335,1127484
1426800,-8818000,,,99017000,27133000,71884000
1427570,-293974,,198581,1443083,1230000,5253000
1427925,-2593000,,,14995000,5599000,9396000
1428205,27332000,,,15496894000,1703846000,13793048000
1428336,53915000,,,3416273000,2123806000,1292467000
1428439,-27431000,,,4179874000,2525709000,1654165000
1429260,-10584000,,13139000,178071000,22250000,145585000
1429393,-1595881,,430087,3459184,-7400034,10859218
1429764,-21008000,,,199078000,102302000,96475000
1430306,-16829000,,,192870000,180396000,12474000
1430723,63224000,,,18636766000,1668400000,16967866000
1431567,5297000,,,1924365000,183520000,1740845000
1432133,-1119000,,,172798000,22659000,150139000
1433195,31383000,,,564733000,462119000,102614000
1433551,-485082,-358644,,4462563,-1709414,6171977
1433607,-11166000,,,38672000,28345000,10327000
1433660,-173000000,,,7999300000,4107000000,
1434316,-37621000,,,398670000,288409000,
1434524,-2076000,-1164000,,14534000,,2494000
1434588,71618000,,,1031448000,780704000,250744000
1434601,-108693,-155374,0,6250816,906442,5344374
1434621,-12375000,,239728000,777103000,103743000,673360000
1434647,-3099000,,,172708000,41023000,131685000
1434728,591000,,,443918000,77216000,
1434740,-7716,-8259,,3960,-16231,20191
1434868,-40455000,,,324029000,-426211000,750240000
1435617,-55134,-47720,,340213,-308678,648891
1436126,-3186000,,,526789000,198665000,327788000
1436208,10276000,,35670000,544606000,503728000,40878000
1436229,-17268697,,1688935,21034648,20558521,
1436425,10964000,9673000,,3485453000,402831000,3082622000
1436975,-3575000,,10729000,189349000,68226000,110266000
1437071,19641000,,,6158764000,759166000,5399598000
1437107,-453000000,,,101679000000,33836000000,66508000000
1437226,-1439000,,48317000,110076000,86947000,23129000
1437283,-2743488,,,1944881,-40067463,
1437402,-41144000,,,410194000,145676000,264518000
1437479,4316000,,,2220977000,135376000,2085601000
1437517,-341030,-308757,,1801532,-1123557,2925089
1437578,38049000,,,3823357000,1323971000,2499386000
1437750,-393688,-417427,8226,1028163,-874280,1902443
1437925,-258217,,42723053,213953767,108526670,101576120
1437958,9730000,,,4339282000,449917000,3889365000
1438133,-130556000,755000,,922143000,155292000,766851000
1438231,-11730000,,,66520000,50017000,16503000
1438423,-1166000,,,80230000,63033000,17197000
1438533,-41226000,,,548799000,32823000,515976000
1438943,5099627,-2438225,,54448319,6538522,47909797
1439095,-22000000,,,1704000000,525000000,
1439222,-89289000,,,1555518000,1466528000,88990000
1439264,6977,,641023,4412871,-5468700,9881571
1439288,43600000,,,2608300000,1548000000,1060300000
1439725,-11101000,,17958000,86241000,11060000,75181000
1441236,-6300000,199100000,378200000,1633900000,836600000,797300000
1441683,-1177000,,,592899000,-31745000,624644000
1441816,-37626000,,,3624420000,3032950000,591470000
1442145,232300000,,,5122100000,123000000,4998300000
1442236,-10406000,,,165659000,44362000,121297000
1442492,-415751,-815720,1735,5474816,-11876650,17351466
1442836,-24123000,,,112471000,-30868000,143339000
1443669,3599000,,,737450000,656801000,80649000
1443863,-841407,,134899,6801082,-11556406,18602657
1445305,-21371000,,,1293634000,-75735000,1369369000
1445815,-1353635,,,136052,,2844089
1446159,-2442873,,,5868251,-145796,6014047
1446847,-37386000,2256000,,327213000,-334053000,
1447028,-24526000,,1764000,117010000,79157000,37853000
1447362,-25848000,,,501715000,440306000,61409000
1447380,-2589691,,,1447329,-19239007,20686336
1447669,20017000,,,9814715000,8004291000,1810424000
1448038,217000,,1065000,61792000,,160000
1448431,-2199000,,21928000,167768000,116270000,51498000
1448597,-1643788,,,60698746,23148438,37550308
1448705,-439195,,27974,110820,-9265142,9375962
1448893,175433000,,317558000,7204711000,5659306000,1545405000
1449349,-834696,,,3301867,3183489,115378
1449792,-929000,,6217000,47476000,34513000,12963000
1449794,2887000,,,1754035000,112437000,1641598000
1450704,-7533816,,37340291,248206910,112893053,139439659
1450922,247136000,,,1641015000,1640598000,417000
1450923,737786000,,,4807344000,4806667000,677000
1451505,-79000000,,,19019000000,10210000000,
1451809,-23877000,,,872105000,692514000,179591000
1452477,4532000,,7594000,714402000,268945000,445457000
1452936,-19799000,,32105000,1077301000,139143000,941420000
1453593,58000,,,95833000,43877000,51956000
1453687,-17710000,,1100000,409130000,-21789000,430919000
1454789,-33709000,,,310387000,289290000,21097000
1454938,-54843000,,286357000,1688040000,474665000,1213375000
1455365,-8480000,,,23500000,12270000,11230000
1455684,-48313000,,,666460000,-420694000,1087154000
1455863,-16380000,,628980000,7825379000,3190479000,4606320000
1456189,1121124,,15367864,45343500,39573058,5770442
1456772,-45867000,,113615000,3569759000,1106663000,2463096000
1459188,-234000,,,460000,-531000,991000
1459839,-6542000,,,227280000,167264000,60016000
1459862,30027000,,,369036000,368861000,175000
1460235,84842000,,,1065149000,1064605000,544000
1460329,-8269000,,,77494000,22035000,55459000
1460702,-2646172,,,2847538,33134,
1462056,-9324000,,,170164000,77768000,92396000
1462120,9717000,,,13595704000,1027030000,12564257000
1462223,-4542000,,1262000,11772295,5356939,6207427
1463101,29730000,,,3106086000,810698000,2295388000
1463208,-498270,,,224371,-12467277,12691648
1463913,-1347440,,5182012,130271315,12961237,120427623
1463972,-8637626,-13656000,1580941,35762138,32846633,
1464343,31520000,,345166000,3272165000,532712000,2703316000
1464423,9680000,,,14876226000,1902718000,12973508000
1464790,-9975000,,186063000,1511003000,-496817000,1964973000
1465128,112255000,,418180000,62163347000,6405665000,55006596000
1465740,-79055000,,,13683313000,,11536524000
1466026,-140974000,,,7284804000,571437000,6713367000
1466085,8354000,-1001000,161243000,5983494000,3455390000,2396315000
1466258,604900000,,,20117400000,7491000000,12599900000
1466593,68099000,,337335000,3696794000,1717361000,
1467373,1788075000,2278894000,16659301000,59869756000,29246053000,
1467623,150300000,,,2957300000,-1075700000,4033000000
1467760,25991000,,65816000,8784193000,1860608000,6923585000
1467761,-373910,,,357894,-503902,861796
1467858,2784000000,,44020000000,282104000000,64372000000,215678000000
1468174,20000000,,,14002000000,3461000000,10240000000
1468327,-26100000,,69600000,245300000,-207100000,452400000
1468328,21228000,,,1407584000,995382000,412201000
1468748,-57461000,,,297909000,108842000,189067000
1468929,-712000,,,10437000,5209000,4869000
1469367,50011000,,,20377855000,2615402000,16280334000
1469443,2599000,,,12990000,,4085000
1471265,43458000,,,14453727000,1628955000,12824772000
1471781,-101209,,,7290,-9209463,10293809
1472012,-41640000,,,342693000,307126000,35567000
1472091,-8488967,-7952352,,47028542,22362209,24666333
1472494,4895137,12241895,5188089,98346737,,285696
1472787,74200000,,1582300000,15497400000,5019300000,10456500000
1473334,-338871,,2635718,11928226,6774639,5153587
1473490,-737778,,,164222,62330,624517
1473844,24702000,,,10434887000,1610832000,8824055000
1474098,-32947000,,,5650621000,2635155000,2924205000
1474167,-818097,,13712528,57191944,25951712,31240232
1474432,-13995000,,,3810365000,1244055000,2566310000
1474558,-87066,,0,522,-285121,278983
1474735,43840000,,,5060454000,2469224000,2587429000
1474903,-722000,-981000,20883000,152260000,81820000,70440000
1475115,-6611000,,,812283000,173254000,639029000
1475841,24231000,,10822000,10098870000,1329308000,8769562000
1476034,16354000,,,7616298000,737846000,6878452000
1476045,1536000,,68635000,1226310000,754699000,437430000
1476150,48126000,,110420000,4906660000,3895525000,1011135000
1476204,26309000,,178311000,5161739000,2311427000,2541164000
1476840,-3169000,,,189236000,134651000,54585000
1476963,-10714555,,,23585574,-1367055,30148342
1477294,69900000,,,7177138000,2848600000,4328504000
1477333,-38454000,,,3721259000,1425878000,2295381000
1477449,-93012000,,,3444445000,1427030000,2017415000
1477720,-40018000,,,877133000,236304000,640829000
1477815,-25039000,,,834320000,432754000,401566000
1477845,-5537069,,,26737253,24053887,2683366
1478242,249000000,,,27322000000,5977000000,21337000000
1478320,-29852000,,,510852000,190423000,320631000
1478454,3239000,,,2088416000,177573000,1910843000
1479094,91398000,,205574000,6847859000,3466951000,3304207000
1479419,-8947000,,,48252000,5708000,42544000
1479615,-28530000,,,185298000,112743000,72555000
1479681,21217000,61695604,211789000,761916000,176948000,506649000
1479915,-2479152,,,14848739,,1601524
1481028,-1737939,-3471062,,38561036,37489772,406164
1481443,-11330,,0,2835,-265755,268590
1481504,-530268,-417269,,73172,-5713997,8664317
1481582,-5600000,,,2523600000,803900000,1710300000
1481792,5800000,,,1246500000,87400000,1159100000
1482430,-33272000,,64388000,1800569000,223287000,1577282000
1482541,-1068578,,,9436100,8207270,1228830
1482554,90957,144015,354791,2314328,-2914918,5229246
1482981,18882000,,,383969000,277858000,106111000
1483386,192009000,,,1326975000,1326312000,663000
1484565,-43773000,,,318092000,232261000,85831000
1484612,-25783000,,,301211000,169868000,131343000
1484769,188493000,-38587000,,1215545000,,826510000
1484778,-5215000,,,172500000,56083000,116417000
1485003,-9266000,,,15953000,,52615000
1485074,-116426,,395039,450678,-793913,1244591
1486159,219837000,,,13058608000,8618664000,4439944000
1486957,75462000,71018000,,3054008000,1100292000,
1487091,-141305,,,29721,-2546465,2576186
1487197,-761000,,,5337000,2789000,2548000
1487428,-21436000,,,789592000,305457000,484135000
1487712,375832000,,738282000,32361997000,7865185000,24496812000
1487718,-403639,,,330642,-7154245,7484887
1487918,-7287000,,,411963000,160383000,251580000
1487952,-942000,,71741000,453841000,324988000,128826000
1488039,-6718000,,,70747000,65322000,5425000
1488139,-5483000,,,4169941000,1011928000,
1488813,12912000,,,22423044000,1864560000,20558484000
1488917,1891000,1968000,,52451000,43940000,8511000
1489300,-7595,-10596,,4465,-32535,37000
1489874,1595000,,20088000,22752000,,
1490161,-2753630,,2476922,52723185,30789110,21934075
1490281,7175000,,,608153000,45479000,562496000
1490873,-273421,,0,104669,-16835693,16940362
1490978,-59808000,,59551000,743032000,373504000,369528000
1492298,40304000,,183543000,5233198000,2702232000,2530966000
1492422,-92225000,,,807285000,164216000,643069000
1492691,30639000,,1824362000,12606072000,7114870000,5483267000
1493137,-292686,,2277034,9218948,6281491,2937457
1493225,7876000,,,5710000000,711149000,4998851000
1493761,-664000,,,247024000,120874000,126150000
1494259,39045000,,,689115000,402050000,287065000
1494413,-330432,,0,39933,-3901894,3941827
1494582,-669000,,27730000,730840415,533290063,171078674
1494891,-2572000,,8344000,60210000,53034000,7176000
1494904,-3989000,,108651000,1713606000,687051000,1026555000
1495231,-142800,,,59341031,48271887,11069144
1495240,15108000,,16804000,1281736000,689878000,591858000
1495320,-33460000,-46973000,,267940000,146034000,121906000
1495584,-223458,,,1491635,,654414
1495648,-834392,-768191,0,1453,-803012,804465
1495932,-11024000,,,435783000,211980000,223803000
1496099,23413000,,,3196651000,1342212000,1848473000
1496443,2586100,,,205118026,39274264,165843762
1496454,-2568000,,95639000,1313444000,704893000,608551000
1497230,7587724,,43653,330851,-3299246,3629090
1497770,2754000,,237367000,4511878000,1732180000,2767789000
1498067,-267000,,,1679000,-2777000,4456000
1498372,-19029,,0,3305,-607053,610358
1498382,-6664371,,0,14638677,9856463,4782214
1498547,-32883000,,106404000,5174112000,1777205000,3232644000
1498710,72216000,,,8910118000,723413000,
1499200,648000000,,2938000000,13991000000,,10483000000
1499275,7641808,,8494,46632,,308037
1499832,-1982000,,,544516000,,571342000
1500217,42535000,8977000,108607000,2967788000,1198380000,1815428000
1500375,748000,1020000,,619624000,54719000,564905000
1500435,-46709000,,134308000,462510000,109980000,352530000
1500881,-24243000,-17099000,18239000,362607000,267858000,62683000
1501585,149000000,,2734000000,12103000000,,7330000000
1501697,282000,,900000,130013000,22944000,107069000
1501756,-47019000,,,137654000,26422000,111232000
1501796,-27483000,,,155401000,127966000,27435000
1501989,23525000,,50917000,98497000,25049000,73448000
1502377,-22548325,,,147364005,-20503421,167867426
1503274,-20504000,,,396512000,316393000,80119000
1503658,-718210,,,38108615,35017417,3025631
1503802,-23462000,,,127711000,-205884000,333595000
1504008,58476000,69302000,,34831997000,2897582000,31934415000
1504461,13724000,13507000,971066000,4609440000,,
1504776,3472000,,,682755000,354089000,328666000
1505155,-25848000,,,456972000,-37823000,370127000
1505497,-5339799,,,10326821,6144741,4182080
1505732,6888000,,,3183893000,275214000,2908679000
1505952,-18052000,,,189680000,-178702000,368382000
1506293,8922000,,,5282696000,4688469000,594227000
1506307,717000000,,4241000000,72318000000,30605000000,40392000000
1506492,-3014000,,,7006000,3578000,3424000
1506929,-1146371,-2694302,697,39405040,37942199,1462877
1506983,-6833000,,,9612000,7258000,2354000
1507079,48878000,,,5368264000,2221763000,3146501000
1507957,-2703024,,,17594380,15527389,2066991
1508655,36955000,,,3498500000,1601283000,1897217000
1509223,-818000,,18000000,57001000,47463000,24205000
1509261,-18914000,-15730000,,94739000,82569000,12170000
1509470,-806715,44527,,231667159,,74863004
1509745,-15435000,,,34879000,20840000,
1509991,-110606000,,290135000,5269414000,1098180000,
1510295,-74000000,,,81633000000,16396000000,58568000000
1510964,-109000,,,7761000,1892000,5869000
1511337,3362000,,328119000,4817588000,2234191000,2569975000
1511737,180435000,136795000,664170000,1298268000,436113000,862155000
1511820,-1455591,,,3754250,-4937407,9437420
1512228,-5297000,-450000,,18470000,7531000,9701000
1512499,1161000,,,908829000,-252223000,1049937000
1512673,189872000,,5771796000,36395567000,21469194000,14960493000
1512762,-56569000,,,371066000,-183470000,554536000
1512931,532000,,,461518000,186877000,274641000
1513525,-2228801,,,3451122,2126662,1324460
1513761,-40295000,,,21354343000,1416534000,19937809000
1514183,-1031437,,18026,5899969,4011113,1888856
1514281,11477000,,,7323220000,543870000,6779350000
1514416,-3740000,-1759000,,964374000,345406000,618968000
1514705,17300000,,,1668400000,684600000,953900000
1514743,1011000,1219000,,879141000,78940000,800201000
1514991,18049000,,,4331826000,888837000,3349617000
1515139,-23068,,,409306,-2914921,3485485
1515156,203000,,,283671000,218173000,65498000
1515317,-184140,,,105798,-1866821,1972619
1515673,-151000000,,,1311927000,144000000,1160681000
1515816,5850000,,45571000,1406264000,570997000,827321000
1516551,-11103319,,,64793240,59250314,5542926
1516912,22411000,,,9750372000,1180177000,8570195000
1517022,6112000,,,310185000,24581000,285604000
1517175,10288000,,,1838576000,541640000,1296936000
1517228,784000000,6800000,,7507400000,-2548200000,8811400000
1517302,61139000,,277147000,1370310000,356517000,868069000
1517375,-11220000,,,424657000,175309000,249348000
1517396,-13054000,,136046000,1023144000,784841000,238303000
1517413,-39148000,,,1449245000,957023000,492222000
1517681,-54067346,-430183,,22527352,18092292,4435060
1518336,-7338,,,9566575,2166518,6727644
1518461,-1840521,,3599099,42063035,35775366,6287669
1518621,17122000,,,7304284000,855880000,6448404000
1518715,43791000,,,7803631000,2374090000,7402880000
1519061,-79000000,,,2655000000,-679200000,
1519401,7007000,,152967000,1900683000,357876000,1542807000
1519449,42058000,,328527000,4030633000,850721000,3179912000
1519472,-1296242,,6927469,38591425,-15874405,54465830
1520006,240085000,,1013958000,11082041000,5287492000,
1520118,-588630,-673911,281318,1892220,-5545292,3105811
1520262,22464000,,,2081977000,1511583000,570394000
1520358,1237000,,,52725000,26438000,26287000
1520697,8374000,32615000,,6147598000,3041558000,2973620000
1521036,72945000,,,2055224000,1164194000,891030000
1521332,-11000000,268000000,4825000000,23102000000,8961000000,13848000000
1521945,-139444,333682,,105515957,39874238,65641719
1521951,11171000,14415000,,3944879000,336063000,3608816000
1522540,-8260000,,,1349627000,987260000,362367000
1522727,20512000,,,2713120000,,2725022000
1522767,-5511000,,,208000000,,134063000
1524025,-22152000,,107611000,334151000,79115000,255036000
1524358,56000000,,1200000000,9882000000,2435000000,7447000000
1524472,169000000,,2069000000,16559000000,10816000000,5505000000
1525221,27359000,,350530000,2172192000,931716000,1240889000
1525306,375129,-33908,4024993,19047,-1215563,232927
1525769,21700000,,,4064700000,146800000,
1526119,-52103000,,,131698000,-32433000,164131000
1526243,-8205000,,,111485737,102550000,8935140
1526520,-11000000,,,2756000000,642900000,2113000000
1527166,130000000,,973100000,24095500000,,17710300000
1527352,-1988337,,41015,2900111,2325375,574736
1527469,465000000,,4186000000,381478000000,17519000000,353704000000
1527541,509000,,24354000,624755000,-21990000,526637000
1527599,317000,,0,17966000,13093000,
1527702,-1144461,,57632816,42020365,11555806,30464559
1527728,189176,-7252394,,117726120,88386827,29339269
1527753,-15750000,,,273308000,207345000,65963000
1528115,-54356000,,,303027000,243788000,59239000
1528129,-18837000,,,5711493000,2682505000,3028988000
1528287,-6589000,,,110205000,24269000,85936000
1528356,10443000,,136807000,384378000,198006000,196988000
1528849,8039000,,,4650256000,-110768000,4761024000
1528985,-2601000,,,1277314000,356574000,920740000
1529113,-12872000,,484000,27127000,13929000,12786000
1529377,9345000,-10665000,14948000,1519621000,542143000,977477000
1529628,-24231000,,65558000,326908000,219909000,106999000
1529864,72945000,,745541000,5457258000,1196650000,4260608000
1530185,-9059374,,0,7182640,4670418,2512222
1530249,8021000,,,3066078000,298840000,2767238000
1530425,-33046,-2328,,5836,-320604,
1530746,-1636770,,7052,197289,-16659235,18994740
1530766,-2812000,,,4418000,2605000,1679000
1530804,-111000000,,,6069000000,1674000000,4363000000
1530979,3254000,,,265304000,180357000,84947000
1531031,11407000,,,1954437000,250724000,1703713000
1531152,149768000,,,7157672000,1971585000,5186087000
1531177,-14154000,,,129680000,77628000,52052000
1532286,-7061000,,150466000,359181000,-72113000,431294000
1532383,-450,,,77159,77159,
1532619,-1413112,,,45600250,5482979,40117271
1533040,-1769000,,,13440000,12170000,1270000
1533743,-2834405,,,4809574,3526608,1282966
1533924,-5861000,,,753639000,402937000,350702000
1533998,-9227000,,,115600000,73699000,
1534120,-13149000,,,138523000,122615000,15908000
1534133,-5042000,,,25347000,10888000,14459000
1534154,-4339467,,296256,9969754,7629853,2339901
1534254,-42705000,5458000,,1896323000,756784000,1139539000
1534504,-401800000,,,13027600000,5114900000,7782600000
1534525,-903141,,593261,5791217,5123290,667927
1534675,42189000,,,1138289000,685137000,453152000
1534701,487000000,,,71838000000,27273000000,43485000000
1534708,-6822000,,1247000,63753000,47099000,15658000
1534969,-8187000,,38000,118184000,94783000,23401000
1535527,-104264000,,,8720362000,3450877000,5229348000
1535778,15875000,,,1322476000,718940000,603536000
1535929,156000000,,1969000000,163950000000,4383000000,157589000000
1535955,-1864873,,93864,20499726,19200077,1299649
1537054,12042000,,,1238388000,82948000,1155440000
1537435,-659922,,,29725828,9649756,20214335
1538263,14539000,,,4558060000,565449000,3992611000
1538379,555000,,,639264000,401276000,237988000
1538716,9767000,,235904000,3226305000,366099000,2860206000
1538990,52007000,,303884000,15336383000,,6911057000
1539029,-8223000,,,19668000,-45910000,65578000
1539638,17000,,,6268394000,893927000,5374467000
1539680,-386010,1375943,0,2305563,-1033323,3337886
1539838,1405000000,,4048000000,70066000000,38473000000,28323000000
1540684,-9016957,,25175,60799545,23634742,36509843
1541119,1167000,,,1069186000,104431000,964755000
1541157,-3705000,,,50959000,21746000,29213000
1542447,-798000,,10100000,393909000,86636000,307273000
1543151,1776000000,6883000000,11533000000,52822000000,21975000000,29917000000
1543418,-3623000,,,132390000,131590000,800000
1543623,-560232,,476705,2497830,-682520,3180350
1543652,-20723,,0,434962,-1182217,816244
1544190,345000,566000,,67273000,,58807000
1544206,14054000,,,2533808000,1212389000,1321419000
1544227,-10860000,,,32164000,11133000,21031000
1544522,-1304000,,,1541180000,1061830000,479350000
1545654,21433000,,53738000,1648614000,1005143000,643471000
1546296,-722062,,,7738783,4915352,3440415
1546417,42152000,,,3305370000,380597000,2920520000
1546652,237960710,,,1662219706,1662219685,21
1547546,-522568,,,1061517291,231948540,829469251
1547903,102559000,,173246000,3456196000,2321571000,1134625000
1549084,-2891000,,,27310000,12692000,14618000
1549145,-243833,,,1482623,-2951571,4434194
1549346,18688000,,,1324218000,547180000,777038000
1549595,-56351000,,,615043000,480917000,134126000
1549631,-77409,,,575374,136534,
1549966,2469000,1618000,,159926000,80042000,43234000
1550453,2562134,,,288490823,,4795717
1551152,1286000000,-22000000,13343000000,136165000000,1420000000,
1551182,964000000,,,39206000000,18506000000,
1551306,15059000,10532000,,730285000,467159000,263126000
1551901,4993545,,,1011737484,372766182,638971302
1552033,148100000,,,10949100000,4385800000,6456600000
1552198,4264000,,,678767000,281449000,397318000
1552275,207000000,,5179000000,14342000000,,10186000000
1552800,172000,-628000,,324792000,,201597000
1553643,-17559465,,,27679417,22440491,5238926
1553788,-3650451,,68606,2508841,-20028249,22537089
1554818,-1752565,,0,4073625,3636902,436723
1554859,-64702000,,8835000,293445000,161683000,
1555279,43603000,,,196027000,159424000,36603000
1555280,602000000,,2198000000,14098000000,4655000000,9443000000
1556593,78811000,,976917000,45329843000,7776124000,37188589000
1556739,-9618000,,,703734000,193232000,
1556801,-62267,-78299,0,4307607,2662629,1644978
1557746,-15085000,,,198094000,144066000,54028000
1557798,-947987,-113351,1948215,4524845,4470701,13899
1558569,-1658396,,1057510,6843256,1668513,5174743
1558740,-147946,,0,14749679,13177116,1572563
1559053,-60195000,,,495336000,437680000,57656000
1559432,2416000,,84325000,1033305000,,
1559720,154000000,,,25056000000,7937000000,17119000000
1559865,32703000,,,1917501000,542096000,1332385000
1560143,-571318,,,438333,-2710788,3149121
1560258,-3855000,,,16041000,4365000,11676000
1560293,-3616000,,726000,13394000,9376000,4018000
1560327,2105000,,,1644810000,52722000,1592088000
1560385,5000000,,,13285000000,7037000000,6226000000
1560452,-216614,,1725094,31204583,10616990,20754407
1561550,24642000,,,6010381000,2916674000,3093707000
1561680,64036000,,,4825239000,3321699000,1503515000
1561894,56612000,,96941000,7475961000,,5005217000
1561921,-11264000,,,77251000,18123000,59128000
1562088,35135000,,,1403146000,893826000,509320000
1562151,-936000,,,211451000,185152000,26299000
1562463,943000,,,5851608000,387747000,5463861000
1562476,213466000,,,9384128000,,3426604000
1562528,24058000,,55033000,5654051000,1499636000,4058992000
1562733,876264,,8170534,15656042,-15639366,31295408
1563190,-51000000,,1356000000,1542600000,635000000,904700000
1563411,37000000,,,5168000000,745000000,4403000000
1563568,-14036381,,,24844683,9170863,15673820
1563577,-1592000,,,7661000,-147227000,152024000
1563665,-1659000,,,3415000,2048000,1367000
1563756,-3038000,,6135000,119334000,45353000,61889000
1563880,-10340000,,,107004000,99457000,7547000
1563922,-15586000,,50462000,3235829000,,1936016000
1564408,-139587000,,,7589200000,2311335000,5277865000
1564708,103000000,215000000,2009000000,16580000000,8203000000,
1564902,-16133000,,,2570802000,-478285000,3049087000
1565687,-2952000,-10217000,,813505000,492300000,321205000
1566011,-578700000,,,11553100000,4296300000,7244100000
1566610,-2564000,,,18368000,14596000,3827000
1566826,-2190986,,2591824,25216898,21206838,2202760
1567094,131000000,,3828000000,42057000000,,34098000000
1567264,-3347000,,,3065000,334000,2731000
1567683,-3000000,,298000000,14647000000,,9227000000
1567892,-27700000,,,3309500000,1630000000,1679500000
1567900,-1742000,,,10237037,-1269000,
1567925,7898000,,48256000,2014931000,1381764000,633167000
1568100,-7162000,,,926798000,145657000,763806000
1568385,-3231000,,,40785000,-66377000,107162000
1568651,275271000,,3046263000,5843769000,1333041000,4507654000
1568969,-166000,,,411000,-4179000,4603000
1569187,-2805000,,50182000,2465226000,657391000,1596474000
1569345,-1568000,,,1189508000,639772000,549736000
1569994,3036000,,,2175367000,341360000,1834007000
1570562,-18892000,,,213361000,-6604000,219965000
1570585,-1337300000,2244000000,,25970600000,12648800000,13129300000
1570827,61975000,,,2583486000,1144566000,1438920000
1570937,-1223605,-31065,5875523,28033225,2783635,30816860
1571123,68000000,,1877000000,5211000000,1505000000,
1571283,71199000,,252287000,13085857000,8803139000,3911111000
1571934,385169,,,15329309,5168789,8881665
1571949,797000000,,,142870000000,27974000000,114827000000
1571996,965000000,1533000000,23378000000,86869000000,-3024000000,89893000000
1572334,4489000,,,1634025000,166781000,1467244000
1572386,-683641,,,221456,-13214090,
1572616,-23735000,,,83040000,6375000,76665000
1572694,31553000,,,3503828000,1547950000,1955878000
1573221,62400000,,,400367000,-336069000,736436000
1573516,53200000,,,4502500000,719600000,3782900000
1574085,10998000,,,2098029000,238908000,1402332000
1574094,-2420000,,197000,16014000,13157000,2857000
1574197,23284000,,13157000,3158963000,,919135000
1574235,-1808000,,,8051000,7147000,904000
1575048,27000,,523000,4871000,,1073000
1575142,-197136,,0,110448,-1571054,1681502
1575515,180026000,,,3738258000,1287982000,2450276000
1575793,-3366000,,,13377000,9496000,3881000
1575828,13948000,,,2293086000,1499745000,793341000
1575858,-452688,,,811919,-1406895,2218814
1575965,165184000,,395235000,12132521000,4215211000,7537993000
1576018,61600000,,727300000,12280500000,2025200000,10253800000
1576197,-446600,,,1555700,-13210800,16721400
1576280,-95159000,,203471000,1344226000,-250789000,1595015000
1576873,-11495947,-13400506,,76457250,65605927,10851323
1576885,-28796000,,,204478000,155521000,48957000
1576940,39384000,,903232000,4556278000,2578503000,1977775000
1576942,-7378000,-6529000,,484748000,200391000,284357000
1577134,-2275238,,,114821822,,56210279
1577437,6253000,,73996000,690419000,610677000,51960000
1577445,-4265000,,,39843000,35765000,4078000
1578329,-1457,,0,408,-8844,9252
1578348,2206292,,,207606630,78101453,129505177
1578732,-4422000,,,802024000,617553000,184471000
1579091,106000000,,,4292000000,3176000000,928000000
1579157,-4803000,,,217957000,37167000,
1579214,15300000,,147700000,1183000000,392100000,790900000
1579298,100833000,,2504020000,8549897000,1352197000,
1579428,-59413000,,,596671000,53205000,543466000
1579684,-7333000,,,1951818000,150143000,1802180000
1579733,16901000,,,376889000,288905000,87984000
1579877,-20600000,74000000,390700000,5132300000,566900000,4426600000
1580149,-2788418,-7112529,,24660215,21817945,2842270
1580345,12689000,,,734837000,346968000,387869000
1580490,-348409,,0,18311624,15434536,2877088
1580560,-4160000,,133452000,1060348000,784265000,276083000
1580670,3994000,,351420000,3888659000,,1846133000
1580808,9543000,,,606223000,195884000,410339000
1580864,-6351000,,,989956000,158627000,831329000
1580905,45400000,,,1999300000,660900000,1338400000
1581068,69729000,,,8594759000,2953777000,5640730000
1581091,-1958000,,,571391000,433508000,626914000
1581552,5581927,,20859931,347996584,,10213543
1581760,4378000,,,455422000,376280000,79142000
1581990,84000000,-11000000,11477000000,28252000000,,
1582313,-65047000,,,743280000,703957000,39323000
1582554,-1656000,,,12035000,6270000,5765000
1582961,38204000,18266000,,1641668000,-210747000,1852415000
1582982,1948000,,,73556000,54177000,19379000
1583107,-13579000,-15527000,,343582000,165983000,
1583648,-8185000,,,79439000,55577000,23862000
1583708,-208193000,,,2383951000,1546542000,837409000
1583771,-6105887,,,6318555,3896063,2422492
1584207,213000000,,,26029000000,3280000000,22749000000
1584549,-6703000,,39680000,377104000,248337000,119151000
1584693,-1310643,-1266436,,8363129,8107337,255792
1584831,-139000,,692000,10263000,7039000,1069000
1585101,115256000,,93599000,4458950000,1951765000,2507185000
1585364,-6400000,,,9759800000,4364000000,5395800000
1585389,-8405000,,,2114401000,302966000,1464479000
1585521,254603000,,,10951896000,8902368000,2049528000
1585608,-10464000,,2214000,51460000,,48145000
1585689,300000000,,,16043000000,-4378000000,20382000000
1586554,-108213,,,6670396,-6618626,13289022
1587523,-2000000,,132200000,1097100000,755800000,
1587732,119419000,,,8327240000,3185035000,
1587987,9367000,,,2136737000,302280000,1834457000
1588014,103455,,,8716280,3152292,5563988
1588272,-1074939,,,45010508,42880040,2130468
1588978,-24737000,,,519375000,389157000,130218000
1589149,-4665739,,,67519865,41533050,25986815
1590418,-1251378,,190255,2667407,1898149,769258
1590496,-3678732,,,70451781,4585303,65866478
1590560,-43637000,,1567000,605403000,33686000,571717000
1590584,-9842000,,,423752000,220738000,203014000
1590714,98000000,,,4794600000,2519800000,2259600000
1590715,-6656039,,31927,203616313,-84080180,289261435
1590717,65802000,,96621000,3884448000,2927312000,936271000
1590750,-86912000,,,660981000,604473000,56508000
1590877,6083000,,,490929000,274197000,216732000
1590895,-115000000,,,32398000000,4053000000,28119000000
1590955,139400000,,,4572600000,1717200000,2855400000
1590976,12890000,2363000,,758766000,513008000,240830000
1591588,-8546000,6558000,3009125000,2183548000,643552000,1486677000
1591670,2039000,,10252000,810465000,,218518000
1591698,91483000,37465000,454548000,5167966000,1208735000,3959231000
1591913,-3749821,,,391550,-13926710,14318260
1591956,-8785000,,2817000,34275000,30706000,
1592386,99681000,,837869000,17548214000,1309902000,15986558000
1593001,-2541552,-479606,1264,9486155,-1098364,10584519
1593184,-266854,,515147,482623,-3558924,4041547
1593222,-1670000,,42258000,1436525000,725840000,709985000
1593538,-2000000,,,50950000000,2589000000,48361000000
1593549,-677540,,,46215247,,3873177
1593773,-55362,,0,889799,-244037,1133836
1593899,-34272000,,,439964000,411084000,28880000
1594805,-682000000,,2360000000,13400000000,11051000000,
1595097,-16978000,,,139931000,127106000,12825000
1595248,-3964601,,,6009687,3867855,
1595974,-9634000,,,2674650000,741753000,1932897000
1596532,813800000,,,14514600000,10119100000,4395500000
1596961,-9700000,,,738900000,26900000,712000000
1597672,-31970000,,,2117531000,688084000,
1597846,-635576,,,6319391,4540890,1741126
1598428,1300000,,,1101500000,686100000,415400000
1598646,-3752972,,,32798326,-29148843,61947169
1598665,30474000,20293000,211520000,2213097000,329003000,1884094000
1598981,-9052128,,,63168534,-722394,58890928
1599117,-211758,,2000,3254505,2680461,567001
1599298,-62913000,,,383822000,344330000,39492000
1599407,-403101,,2770791,32305185,-93704419,127865979
1599617,21000000,,,1651000000,1139000000,507000000
1599901,-115773000,,,1459075000,1328723000,130352000
1600033,28253000,17261000,,1248175000,760855000,487320000
1600347,-1543464,,,2903894,-8554252,11458146
1600620,23344000,1429000,,504850000,350190000,154660000
1600626,-49382000,,28706000,2595197000,1019152000,1516401000
1600641,-4806000,,,142513000,96241000,46272000
1600983,-6897000,,,29810000,18163000,11647000
1601485,-11209000,,,28144000,8904000,19240000
1601548,8107000,,,3103480000,1035817000,2067663000
1601712,757000000,,,122026000000,16581000000,105445000000
1601830,-202487000,,,1305234000,933947000,371287000
1602658,6293000,,,2729902000,251737000,2478165000
1603145,-98000000,,282000000,21402000000,,8848000000
1603454,-36997000,,,218127000,86668000,131459000
1603480,8784000,,,710398000,264567000,445831000
1603652,-5484000,,31272000,46432000,-36078000,82510000
1603923,76000000,,,5054000000,1352000000,3694000000
1603978,401135,,,29434440,16970235,12464205
1604191,-1259620,,,85203539,-5217619,28740057
1604464,38010000,,98149000,62038000,-55072000,117110000
1604665,4948000,,237629000,1371352000,,568246000
1604821,-66936000,,,1732366000,1239675000,492691000
1604868,-9377000,,,164232000,111159000,53073000
1605301,1909000,,,1483456000,148289000,1335167000
1605481,-882270,,,10092877,8785419,1307458
1605607,-10026000,,187019000,7947478000,3087151000,3846547000
1605888,-10744185,,,106474493,-14035197,120509690
1606163,10214000,,133108000,336370000,161130000,175240000
1606268,8798000,,142257000,347402000,72713000,172435000
1606366,5481000,,,590452000,265701000,324751000
1606498,6600000,,,1107800000,839400000,268400000
1606757,3817000,3432000,,1074555000,548115000,
1606909,-1981000,,,917988805,420802797,
1607678,-45629000,,,866993000,846918000,20075000
1607939,-1771000,,,638993000,209359000,429634000
1607962,-4834000,,5034000,28809000,18456000,10353000
1609065,2974000,,,1495337000,124896000,1370441000
1609151,-8825000,,55809000,188310000,68581000,119729000
1609253,115000000,,912000000,6827000000,3516000000,
1609550,2992000,,,730809000,635743000,95066000
1609711,219500000,,,7838800000,199700000,
1609804,9100000,,,1968200000,466100000,
1609809,32682000,,0,164182000,50465000,113717000
1610618,-23480000,,0,191727000,141682000,50045000
1610820,-6126902,-6291420,,17001798,,
1610853,-3838000,,49000,3484000,1280000,2204000
1610940,5892299,-12259764,,64211801,63062869,1148932
1611052,-32989000,,,1948714000,1181647000,767067000
1611547,8198000,,118165000,3312010000,,1959418000
1611647,-12697000,,,1559024000,1049489000,509535000
1611983,268000000,291000000,,16995000000,10052000000,6928000000
1613780,-27100000,,800000,50562000,2900000,47688000
1614178,770000,,,572356000,142025000,430331000
1614806,-3394000,,,1028331000,296071000,732411000
1615063,-100000,,,458900000,-2200000,461100000
1615165,-19875000,,22463000,199647000,14754000,184893000
1615219,-1709533,,,2339392,61866,2277526
1616000,15585000,,,2889541000,1209373000,1641246000
1616156,-138291,-139458,0,719515,-13694162,14413677
1616543,-14259000,,,87211000,35197000,52014000
1616707,-113000000,,,3419000000,-2809000000,6228000000
1616862,99000000,,1262000000,7411000000,2076000000,5289000000
1617242,6648000,6566000,,7733141000,748113000,6985028000
1617406,-57000000,,,8901000000,3494000000,5465000000
1617553,-12831000,,,629376000,-11326000,640702000
1617640,8000000,,,5746000000,4754000000,992000000
1617867,-11410000,-2712000,,9806000,8099000,1707000
1618181,1898014000,-71001000,,13227697000,,1011000
1618563,12994000,,188354000,5255004000,1033979000,3562812000
1618673,58300000,42400000,,17123400000,4337500000,12785900000
1618732,63363000,56427000,,3096630000,-711434000,3808064000
1618835,956000,,,12877000,-69587000,77679000
1619096,-82982,-98434,,207526,-644376,
1619312,-2940000,,5086000,141360000,18799000,114454000
1619856,-39991000,,,273656000,217222000,56434000
1620393,-6897000,,63216000,1881748000,379909000,1496220000
1620459,9574000,,172289000,4949015000,484480000,4331420000
1620463,-9143000,,,43513000,37330000,6183000
1620533,4245000,,,1727464000,473316000,1229959000
1620749,-115810,-100015,109601,269912,4233,265679
1621221,-2372000,,,3515000,652000,2863000
1621672,-4230000,,,9784000,-3461000,13245000
1621832,-8315000,,,18065000,9531000,8534000
1621906,-2637615,,41221,31492226,27442981,4049245
1622194,3127000,,78675000,3224607000,1333691000,1826049000
1622229,-71986000,,,283798000,218995000,64803000
1622244,-255666,,,24663,-10163341,5463159
1622345,-1265000,,,16592000,7255000,9337000
1622536,-135000000,,390000000,5865000000,1180000000,4685000000
1622996,-10301,,0,25175,-303906,
1623526,112879000,,158569000,406888000,350074000,56814000
1624322,20543000,,,7784728000,826312000,6958416000
1624326,18968000,,,52823000,44994000,11891000
1624985,139664,,,5000000,4345663,654337
1625101,-16795000,,,133383000,118452000,14931000
1625278,200000,,,475000000,371600000,103400000
1625297,47000000,21000000,,1375000000,-285000000,1660000000
1625641,-11393000,,,168030000,142172000,25858000
1625941,-46634000,,144402000,7509709000,1523817000,5537254000
1626115,54016000,,324531000,1396700000,148828000,572388000
1626450,-353000,,,286288000,38075000,248213000
1626644,-251743,-220126,,164508,6702782,
1626878,-10884000,,,181864000,174713000,7151000
1626971,15193000,,,59438000,49325000,10113000
1627223,-5000000,-11000000,,7376000000,566000000,6809000000
1627282,-4407000,,7261000,103643000,-15808000,96285000
1627475,37730000,,,1240066000,594342000,645724000
1628171,-213416000,,,2365353000,2078150000,287203000
1628369,1900000,,,7407500000,1776400000,5630600000
1628808,-10724000,,2621000,60864000,50790000,10074000
1628908,-64618000,-22802000,,2653451000,935521000,1524702000
1629019,58239000,,,18797800000,2160735000,16637065000
1629210,-2618307,-2031489,,52619457,34039430,18580027
1630176,-398860,,931280,2411485,60508,
1630212,-2482111,,349800,10609789,-3891270,14501059
1630472,13719000,,,3961943000,1103531000,2858412000
1630627,-15922000,-501000,52570000,205846000,105341000,100505000
1630805,-22007000,,,719713000,-303011000,1022229000
1631282,-1782998,-1136278,10353977,6154373,2842260,3321879
1631569,1591000,,30078000,985114000,461321000,523793000
1631574,-46878000,,,288343000,171803000,108666000
1631596,-4861000,20255000,,6554529000,1309820000,5190974000
1632127,2607000,,,6423377000,1775460000,4647917000
1632970,-6804000,,540603000,4464051000,2262416000,2159343000
1633336,3904000,,,1666497000,727122000,939375000
1633858,5934049,8379497,,426814814,424112802,2702012
1633917,1287000000,,7791000000,81274000000,20254000000,61020000000
1633931,123385000,,,4596296000,2116024000,2480272000
1633978,-44100000,-60900000,,3975000000,879500000,3095500000
1634117,-23004000,17942000,281792000,790285000,272188000,518097000
1634452,14166793,,,1770483695,653580054,1116837088
1635077,-2037436,,18991,16479677,15780645,699032
1635282,3350000,,,343030000,-63696000,406726000
1635341,-11514,,0,1650,-930,2580
1636222,92265000,,171094000,696804000,-714982000,1411786000
1636282,-44773000,,,569778000,482610000,87168000
1636422,-23742000,,,891542000,376811000,514731000
1636519,-14227000,1111000,,1504498000,-283449000,1787947000
1636639,-42500000,,658400000,12771600000,2391400000,10380200000
1636651,-10235000,,,81654000,59276000,22377000
1637147,-5832000,,,9849000,-19619000,29468000
1637207,41867000,,,3091922000,-219890000,
1637459,712000000,,,90274000000,49460000000,40669000000
1637715,-15925000,-17442000,,99882000,90648000,9234000
1637757,-5000000,,298000000,14636000000,,9157000000
1637873,-14817000,,182697000,1152339000,439570000,712769000
1637880,3265000,,375200000,5194091000,,
1638097,-2567000,,42000,21600000,19379000,2221000
1638287,-3671000,,,12127000,4380000,7747000
1638290,3743000,2748000,,261886000,182067000,79619000
1638826,-46364000,,,1727396000,1453929000,273467000
1638833,-37700000,,,7949200000,1740400000,
1638911,-279000,,,1343000,582000,761000
1639068,-322560,,,21018324,-1587211,22605535
1639300,47560000,,,2706979000,1729813000,977166000
1639438,25707000,,,1228363000,726174000,502189000
1639691,-327322000,,,2558746000,1034298000,1524448000
1639825,-47700000,-92000000,624000000,2064800000,-491300000,2556200000
1640147,-430092000,,,8157407000,2408000000,5742553000
1640266,-31021000,,,353240000,272702000,80538000
1640384,-5398674,,2371337,39121241,31733187,9082176
1640428,7990000,,,232145000,149500000,82645000
1640982,-100000,,355000,4224000,,428000
1641281,-11040000,,1222000,85862000,46810000,39052000
1641398,-977510,,,2603247,-349215,2668108
1641489,-5092000,,,32027000,7920000,23130000
1641601,8458000,,,3632568000,243076000,3383777000
1641614,4774000,,,351913000,-29717000,381630000
1642159,-668564,,,244309,-4945207,5189516
1642380,-6671000,,,60360000,10218000,50142000
1642896,-22121000,,,2073617000,1127574000,946043000
1643154,5150000,,38121000,272526000,-59626000,332152000
1643615,-19359000,,,992161000,444144000,455089000
1643721,235154,74815,1728744,1119446,-1312530,2431976
1643953,-19137000,,104171000,293772000,1340000,292442000
1644963,-1852000,,,3594000,3510000,1262000
1645113,-34319000,,154994000,1248809000,361958000,886851000
1645155,-61378,,,15358,-1134614,
1645460,-12257000,,,22254000,6580000,15674000
1645469,-2624972,,,55085318,53593358,1491960
1645666,-16556000,,,125260000,103069000,22191000
1645873,829000,,11793000,506802000,171107000,293426000
1646188,-14136000,,4248000,104600639,26081287,57951020
1646614,10227200,,,1005899118,542222586,463676532
1647088,43055000,,559551000,5961676000,1011362000,4950314000
1647639,-2447000,,213371000,2296277000,676642000,1619635000
1648087,-5059256,,,9704940,-8012673,17717613
1648960,-1473196,,83,8508527,10281604,699436
1649094,-140718000,,,3378103000,3200026000,178077000
1649739,-335000,,,1291957000,110085000,1181872000
1649744,-15293000,,102704000,463705000,167861000,298812000
1649749,39361000,,,13136449000,1601962000,11534394000
1649904,-49498000,,,386685000,18947000,223596000
1650132,26156000,,71476000,2711152000,,1278315000
1650164,56000000,,,2564000000,1673000000,891000000
1650372,-70807000,-38208000,,5883716000,1368922000,4514794000
1650648,-47972000,,14000,515729000,469723000,46006000
1650664,-76088000,,,263652000,62420000,201232000
1650696,-156182,,,21493031,13330773,8162258
1650729,-27300000,,,3258400000,1551000000,1688200000
1651308,1270000,,,5841526000,3499513000,2342013000
1651311,-96474000,,26488000,730922000,596119000,134803000
1651562,-7800000,,,951200000,610500000,340700000
1651721,-2731859,,2381595,116681861,3064074,81822476
1651992,-25594,-21079,0,76,-504229,504305
1652044,34540000000,,90234000000,475374000000,345267000000,130107000000
1652130,-114329000,,,986163000,779919000,206244000
1652535,-4559000,,,1006613000,700361000,306252000
1652539,-1881658,,6345,8633271,-26582461,35215732
1652561,138736,,,855176,213112,642064
1652935,-6317024,,,4483039,-5087737,9570776
1652958,-20872081,,,378259,-3915385,4293644
1653087,-40471000,,3700000,408303000,94610000,313693000
1653384,1866000,,,1032896000,503290000,529606000
1653477,20500000,,,2056100000,234600000,1821500000
1653482,-35875000,,,1441990000,808280000,589393000
1653653,44749000,,497861000,4085953000,247071000,3716345000
1653909,-21875000,,,147259000,82822000,64437000
1654595,-1006826,,,78229666,13991147,52384420
1655050,28547000,22137000,,2642315000,1144504000,1497811000
1655210,-61087000,,,643830000,-657702000,
1655759,82900000,,188800000,1001100000,660100000,341000000
1655887,14198000,,,1993698000,1088366000,905332000
1655888,242635000,,,18375681000,7739089000,10636592000
1655923,-1725073,,2928654,48608419,38500829,7796544
1656472,6122000,,,1153827000,1066403000,39062000
1657214,-958806,,,30756729,14174071,15979158
1657642,3573000,,,1251498000,92921000,1158577000
1657853,-443000000,,1813000000,22047000000,-262000000,22309000000
1658247,-96774000,,361000,1361327000,1254000000,107327000
1658551,-35907000,,,219676000,201417000,18259000
1658566,329298000,,,17076443000,9384176000,6272643000
1659166,171900000,,,17137000000,10236400000,
1659323,-4891000,,,32975000,-2554000,35529000
1659617,-5904000,,0,21013000,13791000,7222000
1660134,62000000,,,9365000000,6567000000,2798000000
1660280,-22935000,,,1693577000,383161000,1310416000
1660334,-9742000,,3439000,42178000,-18576000,60754000
1660734,144773000,,11915000,9033535000,2395027000,6638508000
1661053,-4503000,,,40577000,38307000,2270000
1661059,-10976000,,,67137000,55855000,11282000
1661181,-18843000,,86693000,467394000,242902000,99325000
1661306,-320218,,,36496053,15925507,20570546
1661458,-2251000,,,334571000,202650000,133030000
1661600,-1000,,,393000,-2911000,3143000
1661779,1717451,,,56847101,,9457555
1661998,-11031000,,,79071000,-4014000,83085000
1662579,-26322000,,,319524000,195140000,124384000
1662684,-18806658,,2448606,93804070,89679238,4124832
1662774,-15030000,,,107089000,18581000,88508000
1662972,-1696637000,,2055172000,112931218000,23741675000,81739895000
1662991,36164000,,104912000,298074000,125762000,172312000
1663038,-65763,-29806,0,584,-402541,403125
1664710,148451000,,211192000,784561000,728871000,55690000
1664740,109339,,,9854330,3917544,5936786
1665300,-3723000,,,112034000,103626000,8408000
1665918,115000000,,,13651000000,4616000000,9035000000
1665988,-2637000,,,691414000,148144000,505935000
1666071,-13282000,,56435000,369073000,64090000,304983000
1666134,6055000,,,1781148000,417903000,1327427000
1666244,-448536,,23681363,1162379614,215831746,651677159
1666291,-78623000,,43375000,6656216000,,4721631000
1666700,-589000000,-117000000,,35981000000,22834000000,12713000000
1667011,-8121000,,,98319000,-4821000,103140000
1667313,185000,-1679000,7757000,37831000,28628000,9203000
1668010,-2089910,,,44489380,6223982,21019424
1668243,-43843000,-37512000,,247618000,-46458000,294076000
1668397,114595000,,,1897369000,593609000,1303760000
1669162,89227000,,423397000,5214999000,1582975000,3632024000
1669779,-12280000,,,5147210000,310500000,4688399000
1669811,31000000,,,852800000,419900000,432900000
1670076,-43000000,,,6481000000,570000000,5911000000
1670592,16609000,,,1237866000,764262000,473604000
1671502,-3812179,,,12955153,5925809,7029344
1671584,-6408000,,,8342000,-1473000,9815000
1671858,-33940000,,,327318000,228974000,98344000
1671927,5023000,,,1028008000,378479000,649529000
1671933,50678000,,,5705441000,2716684000,2988757000
1672013,99372000,,,2402627000,780284000,1618378000
1672619,-28544000,,,302570000,288296000,14274000
1672688,-26346000,,,232447000,198796000,33651000
1672909,-299210,,,112358446,83748340,28610106
1673358,292000000,,2981000000,11002000000,5784000000,4563000000
1673481,-3306468,,,53439131,19858709,31532777
1673772,-17165000,,,187570000,177372000,10198000
1673985,23344000,,,1625974000,794368000,831606000
1674101,164500000,,,9451100000,2666400000,6784700000
1674168,-17000000,,1148000000,11789000000,1583000000,10058000000
1674227,-476303,,720299,7156907,5593992,1562915
1674335,-190138000,,,2418915000,452139000,1966776000
1674356,-1285064,,12456749,495229538,179941892,315287646
1674416,-135996000,,,2166102000,1829160000,336942000
1674632,-28656000,,,338024000,313752000,24272000
1674760,7059000,,,639251000,356769000,282482000
1674930,-11530000,,,1205744000,1127178000,82974000
1675149,548000000,,,14574000000,,8656000000
1675644,5165000,,,2240797000,242328000,1998469000
1676047,-1388869,,667432,6152181,5103386,1048795
1676163,-5681353,,5120610,63456961,40554290,22902671
1676238,-35786000,,,889134000,474426000,414675000
1676725,-72178000,,,1100641000,1024135000,76506000
1677576,31077000,,71722000,2352587000,1922164000,430423000
1677940,4477000,,,37104000,-28309000,49771000
1678660,-32085000,,,141260000,103178000,38082000
1679049,49565000,,183394000,2542397000,1868849000,673548000
1679268,-537000,,,374354000,252511000,121843000
1679273,146000000,-36100000,,7422800000,1633600000,
1679628,-1528867,,,4962826,3064595,1898231
1679688,13782000,,45447000,3439028000,1960767000,974263000
1679788,65608000,,2034295000,21731006000,10468240000,11262766000
1680048,-153000,,,14909000,3609000,11300000
1680062,20380000,,,1933768000,949146000,778415000
1680132,29515,5062,7500,691107,,2537446
1680139,-1050939,,,2057314,-4137397,6194711
1680247,9602000,,,1246199000,826489000,419710000
1680367,-13702000,,,77167000,67586000,9581000
1680378,-1665000,,,3626000,2892000,734000
1680581,-17655000,,,242649000,228486000,14163000
1680873,-1645000,,,581850000,238020000,341712000
1681087,-15906000,,,314829000,301036000,13793000
1681206,6460000,,71434000,525364000,254000000,271364000
1681459,142000000,,2233600000,9971800000,3071100000,6854800000
1681682,-1036330,,,3170598,1752885,1417713
1681769,-500,-526,,6347,-42798,49145
1682149,-9563000,,629000,95673000,81686000,13987000
1682220,904000,,11442000,491395000,179339000,312056000
1682265,-1287502,,734515,2229675,-3381173,
1682639,-3483533,,,5983953,-9714001,15697954
1682745,32339000,,31447000,1643100000,299575000,1343525000
1682852,-971000000,,,12704000000,10066000000,2638000000
1683553,-14041000,,0,31649000,15324000,16325000
1683606,-2013000,,,1083683000,489915000,593768000
1683695,7769000,,,490589000,139243000,
1684144,-63809000,,,142993000,132444000,10549000
1684682,18567000,,,1289486000,1255213000,34273000
1685040,-268000000,,2390000000,234681000000,5239000000,229377000000
1685766,-16576,,,338,-197537,197875
1687187,-9457000,,,685735000,355248000,330487000
1687229,165745000,,674479000,18578092000,9718431000,8823078000
1687932,11692000,,,432896000,111973000,320923000
1688126,-611582,,,6933,-6897175,6904108
1688757,-20710000,,,333364000,38550000,294814000
1689375,-17349000,,,486479000,417260000,69219000
1689548,-69296000,-58679000,0,478736000,439214000,39522000
1689796,-45720000,,120686000,4732603000,,2743375000
1690012,3948000,,5787000,657180000,243887000,413293000
1690080,-2369000,,,11650794,7706000,3945222
1690384,-58646,,,17880,-358971,380496
1690437,165070000,-6318000,,1042070000,,147000
1690536,42640000,,,10638898000,2728424000,7910474000
1690585,-29511000,,1163000,348580000,328606000,19974000
1690680,-8766000,,665494000,4847743000,1321327000,3287816000
1690820,216000000,,,8878000000,1504000000,7105000000
1690842,4007000,-3386000,,50313000,,21000
1691303,-8168000,,,2623894000,2076766000,547128000
1691421,-62400000,,151200000,1856600000,545500000,1311100000
1692063,26100000,,1401800000,4978500000,2988200000,1990300000
1692115,113870000,,,12075804000,3578886000,
1692376,18887000,20587000,,5971530000,563187000,5405311000
1692415,-7533271,,,55149342,47484070,7228511
1692427,4056000,,,155118000,103168000,34282000
1692787,6130000,,,7030683000,-2549653000,4129781000
1692819,-268000000,,3933000000,38228000000,4825000000,33390000000
1692951,-6273000,,40666000,1858235000,234338000,1424227000
1693256,8239000,,,1545211000,793078000,628262000
1693317,-290000000,,1586000000,18862000000,,6807000000
1693577,2453000,,33902000,2222845000,209618000,2013227000
1694028,20111000,,977461000,3355822000,1974112000,1381710000
1694426,-172700000,-413800000,,6882100000,,
1694617,-681951,,487773,15101031,-13011266,28112297
1695295,-14385000,,,410557000,209945000,200612000
1695473,-103511,,,46213,-823984,1009103
1696025,-55064,,85591,84155,-1101557,1185712
1696088,-1090594,,7877153,157309640,,7761018
1696411,520,,0,31777,-268999,300776
1697500,5320000,,126332000,1129790000,361285000,461724000
1697532,-21825000,,,56907000,36668000,20239000
1697851,-10874000,,,79802000,33359000,46443000
1697884,-80541,,0,11912,-4095741,4107653
1698022,1165000,,,817558000,58548000,759010000
1698514,10391000,,,1769323000,920479000,848844000
1698530,3010000,,0,20680000,11382000,9298000
1698538,-1403954,,,157011261,13147350,129451757
1698990,102927000,,350300000,2868614000,,
1698991,14639000,,,1047256000,259068000,
1699031,-106213000,,,2847605000,2413668000,433937000
1699039,600000,,,376500000,272600000,103900000
1699136,44223000,,,1769067000,1108035000,463697000
1699150,186500000,,,18379400000,10484800000,7825700000
1699382,-17436000,,,170608000,160107000,10501000
1699838,-67574000,,,2698674000,1025333000,1673341000
1701051,-13900000,,150000000,1502300000,196000000,1306300000
1701108,-13866000,,5874000,77709000,33814000,43895000
1701478,-3068345,,,5907891,4409041,1500267
1701541,56542000,,,176245000,141516000,34729000
1701605,402000000,,,38110000000,17042000000,
1701756,938000,,,83744000,30643000,50039000
1701758,-10840000,,138373000,483740000,201214000,282526000
1701963,-961746,,199347,2728607,10841328,2062
1702510,22063000,,,2176562000,1492381000,684181000
1702750,28248000,,,9584732000,1131078000,8453654000
1702780,-75676000,,2152282000,31684888000,-543000000,32211080000
1702924,109000,,765000,17972000,2567000,15405000
1703056,140246000,189957000,,15830065000,3617292000,12212773000
1703057,-45621000,,,1344208000,1022982000,321226000
1703073,-950807,-962685,,4558972,2464825,2094147
1703157,-94365,,,9856,210755,220611
1703644,-7015000,,,2030245000,604669000,1425451000
1703647,-23387000,,2550000,202207000,,63250000
1704287,-1864435,,,5278007,3866376,1411631
1704292,-48438000,,106487000,1173330000,810753000,362577000
1704711,-27588000,,,648401000,212800000,
1704715,-33947000,,531957000,2400500000,1614838000,785662000
1704720,-113000000,,,2096400000,1719900000,399700000
1705012,-45969000,,,1273539000,-493936000,1773035000
1705181,-94541000,,,188514000,,0
1705696,543607000,,984204000,45526064000,26609169000,18503399000
1705843,-46886000,,,335045000,70274000,261088000
1705873,-96680000,,,1404338000,631468000,
1706431,-120965000,,3032000,1307727000,1043819000,263908000
1706524,-4033912,,,16085752,-28242759,44328511
1706946,-84487000,,,903933000,272171000,631762000
1707910,-2191144,,1693261,8064577,415582,7648995
1707919,-5654336,,,129341972,73320923,55909814
1707925,1673000000,,,82704000000,38032000000,43241000000
1708035,-3597000,-30419000,,1786922000,698684000,1088238000
1708055,-26227000,,,1137477000,381815000,755662000
1708341,-4836484,,2275135,117861406,68405110,44972382
1708527,-3933000,,,39298000,-36458000,75756000
1708599,-4813000,,,6731000,1701000,5172000
1708646,187851937,,,1294512987,,183327
1709164,1805000,,133372000,418020000,163181000,254839000
1709442,23569000,,,8216458000,1068295000,7148163000
1709542,-170479,,0,51176,-2802549,
1709628,-2015000,,738000,7998000,4797000,1110000
1709682,-17791000,,422232000,3542908000,813419000,
1709941,-12928000,,,343841000,313167000,30674000
1710072,-40798000,,,454391000,429719000,24672000
1710155,14186000,-28591000,,2010352000,836160000,
1710340,-1572000,,,84032000,24450000,59582000
1710350,-57711645,,25105120,485248574,417417891,67830681
1710366,-69277000,,1017406000,6251946000,3895774000,2356172000
1710482,4810000,,,2272432000,252958000,2019474000
1710495,-659293,,0,190000,,8396980
1711269,125000000,,1374500000,32454200000,9930600000,
1711279,35733000,,,1074416000,984674000,89742000
1711754,-9739000,,50000,37801000,29673000,8128000
1711786,-3475836,,,12355218,11539919,815299
1711799,-2918000,,51828000,2657511000,1650266000,1003536000
1711929,-177180000,,,19624544000,4900617000,14229082000
1712184,-136400000,,,12597500000,1021800000,11071800000
1712189,-6461000,,69897000,562520000,415315000,147252000
1712463,-10900000,,91200000,1119500000,544100000,575400000
1712762,-2660417,,,5547283,1439404,4107879
1713210,-712919,,289037,25184729,24049724,1152758
1713407,2001000,,35520000,2006109000,497093000,1181596000
1713445,26158000,,,2437024000,2217121000,219903000
1713683,-4125000,-7724000,,5339628000,1804939000,3534689000
1713863,-4779000,-4641000,362000,108096000,80578000,23578000
1714174,30929000,,118859000,6180805000,2434375000,3020224000
1714562,-5155604,,7439124,67779864,10514274,57265590
1714899,-132970000,,,1271343000,1122686000,148657000
1715933,-15204000,,,1137570000,,624766000
1716166,-3864000,,,11282000,4407000,6875000
1716621,-4045000,,,24800000,7916000,16884000
1717115,-68037000,,,1543137000,326194000,1216943000
1717307,-21532000,,,5363625000,539525000,4386712000
1717310,-1888074,,,138953890,116374042,22579848
1717547,5342000,,77562000,3550653000,1034924000,2519770000
1718224,-329849,,3231073,11003980,6666378,4337602
1718405,-11759000,,,129327000,-44506000,173833000
1718500,576662,633706,6922367,12950947,9656866,3294081
1718512,62000000,,,6885800000,3102300000,3457900000
1718939,-2157387,,,6626032,4083179,2381414
1719406,-5512000,,,7590000,-25161000,32751000
1719714,-12887000,,,68322000,60081000,8241000
1720025,-17783,,,1320,-1022470,1023790
1720116,3440000,,22003000,99089000,91848000,7241000
1720265,-7182000,10775000,,15049000,,0
1720286,-19320,-55202,0,80726,-62075,142802
1720420,10469000,9268000,,274731000,124181000,150550000
1720580,-28214000,,,191271000,161446000,29825000
1720592,-7947000,,,1535392000,755719000,768194000
1720635,360700000,,,6726300000,,3110200000
1720893,-7254000,,,38566000,-90172000,128738000
1721056,-9757,-5861,0,76889,-175465,252354
1721484,-5011000,,,20848000,17158000,3690000
1721741,-9533000,,,509508000,80364000,429144000
1721947,529000,,,1588632000,747222000,841410000
1722010,5560000,,,2512971000,210089000,2302882000
1722482,64500000,,1581400000,12326400000,6098200000,6228200000
1722556,-10800,,0,12500,,121847
1722684,61000000,,,4249000000,579000000,3670000000
1722731,292812,,,30069668,7666839,22388630
1723059,-205752,,22189,365718,-3174842,3540560
1723128,12195000,,,3365249000,-131667000,
1723596,8900000,,,10607850000,1100343000,9507507000
1723788,-255642000,,,1112415608,,2317833
1724521,-112000000,,28000000,1156000000,531000000,
1724965,-9868000,,513059000,6132565000,2731316000,3401249000
1725057,14900000,,,9499500000,2592100000,6907400000
1725160,-48279000,,,384021000,295382000,88639000
1725210,-1986868000,1142853000,,2223557000,,0
1725255,-7207000,,,4437350000,1567799000,2863496000
1725430,-2543526,-2249470,902138,9584527,5113566,4640761
1725911,-103045,,,1600,-2297721,2299320
1726126,4016034,,,125505287,99704273,25801014
1726173,-33275000,,,829060000,539836000,289224000
1726445,-19948000,,,347261000,311006000,36255000
1726548,429000,-775000,,149465000,69042000,80423000
1726711,-5710309,,1018,31222036,16589334,15458038
1726978,2342000,,75583000,412556000,-88544000,558071000
1727196,-74723000,,,407553000,312333000,95220000
1727255,-334298,,0,909280,834952,74328
1727263,37000000,,426000000,2121000000,198000000,
1728117,-36638000,,,280589000,-6250000,286839000
1728328,-2120930,-2575024,1261578,9279834,7021525,2258309
1728688,-154000,2056000,54135000,646359000,385174000,132700000
1728951,56108000,,129354000,6056913000,3814971000,2233676000
1729149,2625000,,59129000,178079000,134756000,41330000
1729427,-4301320,,,13749315,10970122,2779193
1729637,-1161555,-1161555,238528,7309647,1064777,6244870
1729944,-2199868,,,1140130,-7632462,
1730430,8539000,,137785000,599326000,457489000,141837000
1730463,-70161000,,8982000,746338000,371108000,375230000
1730773,-1199930,,,2050518,-637642,2688161
1730984,5702000,,,2563798000,329337000,2234461000
1732406,-41259000,68103000,,169267000,,0
1732409,-53281000,33565000,,118122000,,0
1733294,-14802000,,,201348000,73332000,128016000
1733443,811000,,,146143000,,130813000
1733998,87916000,,494284000,5706892000,1456218000,
1734342,11958000,,,10169688000,906263000,9263425000
1734722,-22555000,,,2644442000,1698461000,945981000
1734750,-5178000,,206000,7766000,3234000,4532000
1735041,4003783,,21677564,118649597,64623616,60557999
1735438,-39981000,,1926000,224014000,33099000,190915000
1735707,62000000,100000000,878000000,2275000000,-700000000,2975000000
1736035,149809000,,,13968801000,6240869000,7727932000
1736297,31819000,,,1121694000,1041562000,80132000
1736730,-12433000,,858000,62773000,51572000,11201000
1736946,-835000,,,296571000,103370000,193201000
1737287,-59733000,,,507982000,385393000,122589000
1737523,-623327,,2137075,9479939,7771636,1708303
1737706,-14000000,,335000000,4063000000,2908000000,
1737924,15021000,,,2172584000,920020000,1252564000
1737995,1928834,,,18916096,10135328,8780768
1738021,-16633000,,,131451000,110279000,21172000
1738177,-12016000,,,159286000,-13118000,172404000
1738827,-27900000,,,379100000,-26600000,
1739104,67000000,,,12941000000,6353000000,6588000000
1739174,-7659000,,,45654000,24499000,
1739410,-9439000,,212000,57983000,54073000,3910000
1739445,23600000,,547600000,4933900000,2454500000,2479400000
1739566,7500000,,,2779067000,725598000,1401445000
1740279,-5550000,,,19869000,13877000,5992000
1740332,6000000,,,8074000000,3347000000,4727000000
1740742,-2112676,,647765,27118600,-95177630,123108533
1741489,60230,125138,602378,1941967,593025,1348942
1742313,44000000,,,4829061000,2442671000,2386390000
1742927,-6432840,,,7077046,-4460024,11537070
1743415,1354000,,,313785000,,130379000
1743725,2912000,,,590899000,517361000,73538000
1743745,-3867000,,1469000,38104000,23307000,14946000
1743759,-10459000,,,1239457000,608757000,616165000
1743907,36535000,,,1592026000,603017000,989009000
1744494,-3274000,,132000,7174000,-24682000,31856000
1744659,-70725000,,,1155843000,1083846000,71997000
1745032,-4898337,,15398843,274638990,-19458101,240719887
1745078,-80970,,0,39554,-275835,315389
1745916,76280000,,,23872876000,,19969120000
1745999,-108330000,,,1466920000,1129480000,343784000
1746109,18241000,,,4505065000,648414000,3856651000
1746119,-11146,-13420,,1893,-688051,689944
1746129,10336000,,,1785474000,221660000,1563814000
1746466,-8654000,,,16729000,10578000,6151000
1746473,-56166000,,,344770000,257164000,87606000
1746618,11819000,,,713905000,,260534000
1747068,16297000,,,3659725000,427969000,3231756000
1747079,34516000,,,7491730000,796486000,6682883000
1747172,22215000,,,2230500000,1176559000,1053941000
1747777,78132000,,,13219010000,7946723000,5272287000
1748137,-1449331,-971137,,5711691,3826451,1885240
1748790,196000000,163000000,3333000000,18042000000,3851000000,14183000000
1748824,20100000,,,677300000,,584800000
1750106,-8333477,,,90464745,76363155,5654372
1750149,-13678735,,,94281322,85730672,8550650
1750155,-6212000,,,108023000,21062000,86961000
1750284,-30389000,,,409639000,383452000,26187000
1750735,2399000,,,2528888000,173568000,2355320000
1750777,-102987,-87675,0,31494,-2951409,2982903
1751008,576419000,,,5706701000,575421000,5131280000
1751707,2721,-3755,25000,13719572,12613605,
1751783,2288000,,,1255924000,125975000,1129949000
1751788,-307000000,,10431000000,57499000000,16788000000,
1752372,-130115,,17905,246954,-3767646,4014600
1752828,-19754000,,,128876000,-5506000,134382000
1753162,-5646000,,,81017000,43415000,37602000
1753373,-1063643,,,118975,-3521211,3435967
1753391,-122207,,144733,1497775,-1583849,3081624
1753539,-12813000,,,284865000,88849000,196016000
1753681,-281547,,0,117791,-3029806,3144265
1754068,-10196000,,,103092000,63874000,39218000
1754170,-5277000,,65776000,646053000,,239595000
1754226,8704000,,,2560128000,201324000,2358804000
1755101,18472,-218755,7834,203709,-2202746,2406455
1755237,-1429000,,81000,9847000,8780000,
1755347,-11502,,29355,133944,-57272,191216
1755672,652000000,,4417000000,42123000000,24285000000,
1755755,-39152000,,92761000,3137212000,102735000,2570139000
1755953,-100623000,,12338000,8979000,115757000,16641000
1756180,-248018,,4534128,4820761,4083966,706384
1756262,25682000,,143537000,837530000,266308000,571222000
1756655,41383000,,1497234000,4911257000,1175152000,3346781000
1756701,15343000,,53399000,2861489000,,2567423000
1757073,18000000,,,5466400000,3036100000,
1757499,-3053007,,,5310190,3285265,2024925
1757715,-3896000,,,49818000,27039000,22779000
1758009,16982000,,39000,242533000,220827000,21706000
1758021,6409000,,,312216000,153307000,152005000
1758057,-80691000,,,319449000,-261670000,581119000
1758488,15271000,,219630000,708715000,530564000,178151000
1758699,-486247,,0,322121,14844,298500
1758730,148382000,,,7369961000,5938914000,822756000
1759138,-35943000,,,165141000,121553000,43588000
1759186,-3420941,,62874,13453067,6478614,5990153
1759425,-14677000,,,690245000,233256000,456989000
1759509,2567000,,1450172000,5667998000,838115000,4829883000
1759546,-1211000,,,51496000,4894000,10438000
1759631,-17254000,,,240976000,227987000,12989000
1759655,4220000,,,1183538000,659436000,474012000
1759774,2082000,,22150000,654018000,245479000,339113000
1759824,-20900000,,,1504500000,56000000,1448500000
1760026,-760039,,1364341,3980768,-28116712,32097480
1760233,-3217332,,22277013,33901878,21339502,12562376
1760689,61790000,,116491000,982932000,454235000,528697000
1760903,-5326933,,42101,8694791,-542638,9237429
1760965,42882000,,,1675679000,426672000,1249007000
1761312,42922000,,174633000,2426510000,790449000,1636061000
1761612,-60754000,,,883894000,740333000,143561000
1761918,-30966000,,,471244000,399502000,71742000
1762303,-13859000,,18514000,69556000,-4571000,74063000
1763329,-591397,,2183,1264401,-3836971,5101372
1763415,-453220000,,,3153087000,,20421000
1763660,7417,,,11318,-335342,346660
1763925,-144806,,338222,10459620,8477908,1981712
1763950,-4536783,,,21096335,16776485,4319850
1764046,-103900000,,,11492700000,5027100000,6465600000
1766037,21842000,,,1474272000,981070000,493202000
1766140,570000,,,27947000,11271000,16676000
1766368,20000,,,447702000,249957000,197745000
1766400,7775000,,,743623000,,420597000
1766478,20531000,,,2676535000,251480000,2425055000
1766502,62400000,,,3060300000,375600000,2684700000
1766526,4453000,,,910459000,111317000,799142000
1767042,30411000,,,4436122000,,3080265000
1767258,8586000,,,294822000,235454000,59368000
1767837,1968310,,,1522792126,130931857,1391860269
1768224,-14076000,,,331785000,233759000,98026000
1768446,-20781000,,,200740000,193385000,7355000
1769624,-53052000,,4781000,45448000,-267441000,312889000
1769628,-315000000,,,21860383000,1906000000,18791101000
1769663,5763000,,,2068985000,310701000,1758284000
1770121,-49389000,,,445470000,209079000,236391000
1770236,-240000,-527000,,11168000,5000000,6169000
1770450,-90000000,,,8211000000,1053000000,6930000000
1770501,-18063730,,718722,212882187,78365936,73550166
1770787,-34358000,,,903393000,706895000,196498000
1771514,-400000,,23355000,1247818000,340400000,712313000
1771515,-23317000,,,3271437000,1179579000,2091858000
1771706,-6500000,,,277046864,50500000,226609285
1771910,-38602000,,23033000,272539000,-238223000,510762000
1771995,-488837,,0,912314,-528514,1440828
1772704,24830000,,,2107969000,1123159000,984810000
1772720,-15338000,,,877987000,,747208000
1773751,49485000,,,891711000,549261000,342450000
1774675,-38049000,,,1022486000,62649000,
1774857,-9310000,,,157025000,150689000,6336000
1775194,-3831660,-1301310,3160480,15067314,1850710,
1776111,-23880000,,,245926000,235422000,10504000
1776661,-56130000,,821792000,3013353000,,2317778000
1776738,-32204000,,,648779000,-60606000,710752000
1776909,319000,,,85252000,58116000,27136000
1777319,-5379604,,,27819282,6979365,20839917
1777393,-57121000,,,897608000,118588000,779020000
1777835,17339000,,,570468000,,408762000
1777921,3440000,,,598848000,,237395000
1778129,-12269000,,,600734000,,435628000
1778784,2170000,,,1553956000,234035000,1319921000
1779128,-3493000,,,250550000,219732000,30818000
1779372,-5484000,,,9107000,7529000,1578000
1779474,1647000,,,183829000,48465000,60113000
1779523,4430636,,,290754663,175820436,114934227
1780201,-7998000,,,114341000,6552000,107789000
1780312,-45706000,,,1369659000,,602986000
1781162,-6172000,,,11727000,-5972000,17699000
1781174,-19680000,,,176349000,160390000,15959000
1781335,243000000,,,11178000000,-5128000000,16169000000
1781629,-10581,,,260538,-334690,595228
1781730,13589000,,,4896989000,479786000,4417203000
1781755,13939000,,413405000,3548707000,619638000,2500312000
1781983,-3932659,,,20222083,15549922,
1782107,-8545885,,101630,18775711,3992793,14258469
1782170,11352000,,,1100586000,723476000,377110000
1782223,-21158000,,,135867000,103103000,32764000
1782303,-15758000,,,191242000,136592000,54650000
1782430,1584000,,,834847000,19618000,747655000
1782524,29670000,,,3912171000,1817807000,2094364000
1783180,412000000,,,36447000000,,22249000000
1783183,-94316000,,28519000,294208000,-338376000,632584000
1783328,-34127000,,,332709000,210202000,122507000
1783398,-13679000,,613370000,14048433000,,12413084000
1783879,336000000,,927000000,27517000000,7953000000,19564000000
1784058,-49452,,30265,13808,-752164,765972
1784440,426798,,1227070,1394959,1262038,132921
1784535,8395000,,104745000,802283000,-52418000,834332000
1784700,5967000,,,881516000,388547000,492969000
1784970,193440425,,,483825640,421026654,62798986
1785056,-6603000,,1356000,37816000,13756000,24060000
1785279,-25039000,,,297866000,212658000,85208000
1785424,-5688000,,71946000,88535000,-51687000,140222000
1785530,-18089000,,,107236000,57307000,49929000
1786117,-1179000,,14206000,647397000,240949000,383612000
1786205,-62270000,,,648082000,416906000,231176000
1786352,-11589000,33548000,,9632636000,3870461000,5762175000
1786431,31000000,,,4839000000,2122000000,2717000000
1787297,-15405000,,,86006000,46706000,39300000
1787306,-25060000,,65846000,344105000,142658000,201447000
1787400,-31983000,,,470609000,378805000,91804000
1787414,730947,,,930191837,138253806,791938031
1787740,-1502000,,70000,3777000,3036000,741000
1788028,-21241000,,,57597000,42244000,15353000
1788230,-3033047,,1091983,27063523,-328976,27392499
1788841,-229000,,477000,1384000,-34302000,35686000
1788882,18400000,,349400000,1585500000,228700000,1244800000
1788999,-18366000,,114033000,633476000,,214574000
1789029,-34867000,,3368000,114549000,68812000,45737000
1789192,-1193000,,,7365000,3940000,3667000
1789769,-28200000,,,237449000,144912000,92537000
1789832,71600000,,382000000,4263600000,,3750700000
1789940,-829000,,,1544138000,596289000,947849000
1789972,-48501000,,,579681000,551839000,27842000
1790340,-15046132,,,50681297,41842920,8838377
1791145,4470000,,,1190012000,146616000,1043396000
1792509,-8974000,,,426348000,254793000,171555000
1792580,-159000000,,2377000000,19614000000,10080000000,9534000000
1792781,5940000,,,451378000,-183821000,635199000
1792789,193000000,,,13572000000,8389000000,5177000000
1792849,36335000,,,3093081000,1633394000,
1793229,-71319000,,,5084524000,14825000,5069699000
1793659,5319000,,,387017000,81310000,191656000
1794276,-6934,,,108882,-286575,395457
1794515,26800000,,,6406000000,1646100000,4759900000
1794669,17000000,,,5003700000,805200000,3987700000
1794776,-8389211,,,1362929722,515807254,847122468
1794783,26022000,53236000,408160000,1295833000,350212000,738008000
1795091,-3876859,,,4249931,-4186578,3636265
1795139,8306000,12679000,279540000,2569082000,1807156000,762741000
1795250,-81954000,-125950000,280574000,4447618000,2142064000,2305554000
1795815,16853000,,,3983090000,531384000,3451706000
1796209,35000000,,,8098000000,2982000000,5116000000
1796280,-30021000,,,242858000,219738000,23120000
1796949,-554708,-840917,0,1909745,1586219,297283
1798100,1691000,,45910000,2285278000,1306495000,971753000
1798562,-20588000,,,64485000,-16766000,81251000
1798749,-38169000,,,77533000,-83510000,2487000
1799011,-26908000,,828000,32795000,-5377000,38172000
1799191,-19585000,,,164002000,5069000,158933000
1799448,43088000,,,150699000,116445000,34254000
1799788,-2744780,,,2750835,200483,2550352
1800227,-216805000,,,7187125000,4713559000,
1800315,-2533000,,,15365000,13709000,1656000
1800373,-38536,-27452,0,191915,-85778,277693
1800637,-1626000,,538000,45624000,26822000,18802000
1800667,-18503000,,,1156229000,800036000,356193000
1801169,-85000000,,,3277000000,645000000,2632000000
1801170,-1274000,,462331000,583717000,336075000,247642000
1801368,-22648000,,,2368124000,1036111000,1332013000
1801417,-179458,,,12499236,-13312088,13690277
1801602,-751000,,5516000,6875000,-10359000,17234000
1801661,-17142000,,,359879000,156808000,203071000
1802156,-1923000,,2617000,412449000,-225198000,609348000
1802255,9448000,,329308000,333998000,,170781000
1802450,-121601000,,,1797675000,-60818000,2160172000
1802457,-26441000,,5430000,348977000,314608000,34369000
1802665,45560000,,,1055535000,720525000,335010000
1802768,239349000,,568247000,17608256000,,7819599000
1803096,-12794,,0,1556,-326960,363585
1803498,759309000,,,73751571000,41805719000,31945852000
1803599,70257000,,,11895119000,4033770000,7861349000
1803696,11814000,,87670000,1087057000,389470000,697587000
1803737,17800000,,,1235900000,543200000,662600000
1803901,318000,,,134245000,113418000,20827000
1803914,-9041000,,,270575000,-11379000,263788000
1803977,-34619413,,,201918,-38793552,4205617
1804176,-13967000,,,318412000,239696000,78716000
1805077,15136000,,,263283000,-942183000,694582000
1805284,-10000000,,,25250877000,,16667240000
1805385,-1689000,-15720000,32007000,255982000,121061000,134921000
1805521,-10278000,,,410584000,139808000,270776000
1805526,-778000,,287172,4158049,2848000,1310259
1805651,890000,,,239560000,-15806000,457291000
1805833,-15883000,,,419154000,67191000,351495000
1806201,617000,,,304223000,79829000,224394000
1806310,-21529000,,2302000,138362000,55059000,83303000
1806347,-27218000,,,1138704000,71411000,793529000
1806837,11130000,,,1154144000,200490000,953654000
1806952,-52195000,,7000,429798000,336521000,93277000
1807046,-8619000,,1739000,537351000,,241647000
1807120,-17715000,,0,237475000,227919000,9556000
1807166,-663418,-1121637,30690,3809216,3598262,
1807616,-18938,-5610,8883,71077,-182166,253243
1807765,-47314,,,1114230,417426,696804
1807887,-1680723,,,16035299,6847705,9187594
1807893,335829,,2896133,67698420,7658476,60039944
1808158,-30043000,,,144023000,125097000,18926000
1808220,-4408000,,,1382067000,241629000,
1808377,-1778703,,454501,7941255,7494014,447241
1808665,-13541000,,,286426000,108530000,177896000
1808805,-16613000,,,227690000,194435000,33255000
1808834,34718000,,668428000,1469913000,654448000,815465000
1808898,-14501000,-9552000,0,105209000,97570000,7639000
1809104,-25000000,,,7913000000,4229000000,3680000000
1809519,11052000,,,1295271000,654347000,640924000
1809750,-3324000,,2718000,8535000,1918000,6617000
1809987,300000,,,2625600000,1503800000,1068900000
1810019,-71500000,,,2966100000,-1073100000,4039200000
1810182,-30754000,,,120900000,88295000,32605000
1810546,-217666000,,,24986041000,3582934000,21403107000
1810560,-2051085,,,3970271,2880752,1089519
1810806,-77642000,,,6645955000,3186049000,3219317000
1811063,-53236000,,3084000,492489000,419460000,73029000
1811074,120652000,,,1353292000,1206257000,147035000
1811210,-366171000,,,9217969000,3183675000,4369527000
1811414,-114423000,,,1258892000,1108598000,150294000
1811999,68288,,0,52992,-2271137,2324129
1812360,-616458,,3169920,47011380,9709137,37358534
1812364,-77065000,,7679000,799362000,721081000,78281000
1812447,-3333694,,,24590613,9579445,15011168
1812554,251733000,,,30383135000,16269592000,14113543000
1812727,-1736882,,4236220,16823487,2616520,14206967
1813452,-2047167,,28031807,203785814,110727085,93058729
1813814,-23348000,,,275323000,222806000,52517000
1814114,-18755000,,868000,59051000,,42194000
1814215,-16611425,,0,1311473,-38977924,40289397
1814287,4639583,,44139346,856509285,,420930259
1815442,-65581000,,,918312000,786233000,132079000
1815776,-14619000,,,201252000,192010000,9242000
1815903,-2260022,,,17605366,-9584208,27189574
1815974,-1676169,-2463030,,14008484,13462452,546032
1816017,-23515000,,23876000,208846000,3715000,203291000
1816431,-19189000,,,271222000,246920000,24302000
1816581,-22017000,,,268587000,167943000,100644000
1816590,-17864000,,,319135000,195467000,123668000
1816708,3025000,,,51397000,-25806000,63397000
1816736,-34085000,,,709266000,660362000,48904000
1816937,-10263000,,123000,72410000,53510000,18900000
1817004,-8787534,,16272673,26027118,-5561668,31739251
1817229,-32486000,,,109312000,66069000,43243000
1817232,-28542,,33012,76626,-467906,544532
1817241,-20311000,,,191263000,168783000,22480000
1817358,46084000,133631000,,5180423000,1947232000,3233191000
1817511,-1841088,,287397,22914357,-662970,23791970
1817713,-23508000,,,1050772000,1012469000,38303000
1817760,-2134000,,23000,5910000,3787000,2123000
1817825,-1078000,,,147113000,53742000,93371000
1818093,-10096000,,,673820000,46062000,627758000
1818274,-1978165,,,8068655,6032402,2036253
1818331,-6529000,,,446430000,257405000,189025000
1818382,39139000,,,162553000,36043000,126510000
1818383,-1948000,,,239983000,7919000,281167000
1818502,-11372000,,,640072000,22550000,403308000
1818643,5599000,,115747000,1134672000,,1163131000
1818644,-8016000,,,28796000,16998000,11798000
1818794,-115361000,,,721074000,668973000,52101000
1818844,-10924952,,,96984688,7086931,14235733
1818874,71116000,,,37749286000,6678514000,31070772000
1819133,-39876000,,5392000,274306000,166756000,107550000
1819142,-12432000,,,305982000,269855000,36127000
1819253,13718000,,,123379000,-89981000,208205000
1819404,-10496000,,,83032000,34367000,30160000
1819411,-4530058,,,11624064,5779711,5844353
1819438,-18026000,,,53581000,12079000,41502000
1819493,-10186000,,5879000,87681000,24807000,62874000
1819516,-99313000,,,1090982000,-288106000,1370865000
1819576,-38367000,-38510000,,227429000,49713000,177716000
1819790,-25120000,,78335000,500750000,342458000,158292000
1819796,463000,,,579818000,-28325000,669492000
1819810,-2948000,,,314099000,-68064000,247429000
1819848,-82406000,,,1084018000,859441000,224577000
1819928,2361000,,,1248995000,1032433000,216562000
1819974,-7345000,,61296000,326763000,53407000,267327000
1819989,-38975000,,48959000,913792000,734795000,178997000
1819994,-60616000,,,1254973000,431294000,823679000
1820144,27019000,,,679445000,,359629000
1820190,-26080000,,5004000,78976000,-211484000,290460000
1820302,7710000,,,176346000,44059000,94787000
1820566,1622000,,,270130000,,395285000
1820721,16746000,,,1425758000,-97774000,1102158000
1820875,-1616000,,1224000,29252000,15597000,13655000
1820953,2804000,80360000,783135000,10436187000,2874916000,7561272000
1821159,-11362000,,,855981000,-36774000,433107000
1821160,-23897000,,,4549729000,,3349484000
1821175,1041058,,,6063855,648436,4646970
1821534,-12873000,,,263202000,241547000,21655000
1821586,-39944000,,,511262000,407520000,98681000
1821825,87000000,,1513000000,13156000000,542000000,12614000000
1822359,-9405315,,96033055,430792998,309337134,128868195
1822462,-18834000,,,258691000,-61652000,320343000
1822479,-13260000,,,3097528000,414091000,2683437000
1822492,-317000,,,2330917000,1182053000,1148864000
1822791,-751000,,81000,25314000,-4973000,30287000
1822928,2817000,,,1144161000,424585000,719576000
1822966,-14005000,,,618098000,704008000,88612000
1822993,-24000000,,3750000000,327193000000,10301000000,316668000000
1823000,5012997,,845250,202956382,-7857260,210813641
1823144,21500000,,,292300000,-87300000,379630000
1823239,-29945000,,,959751000,300614000,429478000
1823406,1831000,,,912496000,122279000,790217000
1823466,-4250000,,,299685000,98697000,198269000
1823584,1851000,7071000,700000,349396000,97402000,251994000
1823587,-6376000,,5593000,553671000,,402520000
1823608,25028000,,,8285227000,,7549231000
1823635,-64638,-143693,,2322703,489771,1832932
1823652,-48784000,,,304181000,76141000,228041000
1823794,-12672000,,,3602555000,255226000,3247329000
1823878,-2880000,,,313775000,244082000,69693000
1823945,7430000,,132556000,12286178000,2335536000,5856978000
1824293,-3046000,,,4042000,1205000,2837000
1824502,-93400000,,0,1214600000,1011300000,203300000
1824893,-26970000,,983000,114829000,5674000,109155000
1824920,-32252000,,,850074000,765048000,85026000
1825024,-15057000,,160698000,274478000,34218000,240260000
1825079,-25014000,,9320000,91318000,32800000,58517000
1825088,54903000,,989871000,3487992000,1292094000,2016624000
1825248,24859000,,,4176567000,1898833000,2200313000
1825265,14912000,,,1141741000,,540600000
1825384,30041000,,,2706565000,1259375000,1447190000
1825452,-794387,,2811943,9446646,3585500,4453144
1826000,-11250000,,,174142000,100170000,73972000
1826011,-3644000,,,33680214,2944000,30735344
1826397,-145000,,273000,16823818,6408000,10416832
1826457,46885000,,,393199000,275160000,118039000
1826470,-11661000,,,5121136000,1107330000,4013806000
1826600,-464000,,42603000,354226000,258187000,96039000
1826660,2562722,,15289578,133677892,127880767,5797125
1826667,-10375000,,,28625000,-34370000,62995000
1826681,22759000,,1710000,63301000,28299000,35002000
1826889,-5748000,,,152539000,24035000,128504000
1826892,-15334000,,,38290000,547000,37743000
1827090,4743000,,,1561011000,1084279000,476732000
1827821,-16172000,,,249460000,213515000,32675000
1827899,-712127,,,5870868,-3750393,3756512
1828016,30600000,,,3576600000,-117200000,3693800000
1828105,-47700000,,110300000,1540400000,322800000,1214700000
1828108,-208000000,,,2071000000,1785000000,286000000
1828161,-3819000,,,84061000,15528000,68533000
1828185,-19648000,,,141996000,115494000,26403000
1828318,-23510000,,,499045000,235143000,261261000
1828377,1249000,,,120434000,106837000,13597000
1828536,-21136000,,8534000,217441000,,102528000
1828588,1521000,,,2291527000,196643000,2094884000
1828673,-2196875,,,26285406,-8562048,34847454
1828748,-482429,,,3908251,,1910718
1828791,-1190000,,,394515000,36451000,137000000
1828805,1461000,-2895000,1255000,19361740,17997000,1364645
1828937,30209000,,165695000,29688856000,,29293970000
1828962,23914000,,,681654000,490174000,191480000
1828972,-12671000,,,203249000,93796000,106957000
1829247,-2017553,,,4085872,3246475,839397
1829280,-1125862,,,48600082,30047645,18552437
1829576,8953000,,,4700287000,401766000,4298521000
1829635,-12085413,,,13194375,10292698,2901677
1829794,-2460430,,462332,21728839,16739220,4989619
1829802,-6864000,,,38273000,31987000,6286000
1829864,21148000,,,985464000,520311000,465153000
1829953,142457,,,1983985,-170670,170670
1830033,8832000,,1580000,787338000,238213000,549125000
1830043,13444000,,,2508292000,814514000,1154051000
1830081,-2650193,,23706790,391122483,339609856,51512627
1830188,18180000,,,266227000,87101000,179126000
1830214,-90957000,,,1293463000,647427000,646036000
1831097,12112000,,,1932861000,,1432607000
1831359,-507977,,,1210214,-6069583,6237620
1831363,-23908000,,,339315000,326043000,13272000
1831481,-109544000,,,1562192000,280706000,1281486000
1831631,-21896000,,,6416714000,,5947416000
1831651,-282000,,,788421000,558928000,229493000
1831828,-51694000,,,610167000,534999000,75168000
1831840,849000,,,416501000,268694000,138343000
1831868,-3772000,,,14200000,565000,7032000
1831979,-3809700,,,11446805,-12835162,24281967
1832038,-16289000,,11304000,103744000,54149000,49595000
1832148,473000,,,76120000,,48744000
1832161,-5153000,-5933000,1000,2297529,-29447000,31072979
1832332,5193000,,,1660740000,-100130000,1759409000
1832466,-9114000,,926932000,895617000,108131000,786622000
1832483,-13217000,,,216594616,210164000,6430948
1832487,-3542865,,,22301029,-15394095,17661569
1832511,-20480000,,,783870000,63250000,662791000
1833197,-5962000,,,824585000,381142000,443443000
1833214,-5197000,,,38120062,21408000,16712563
1833498,2897000,,6707000,20722000,-1626000,22348000
1833756,50000000,,,4096000000,2571000000,
1833769,-9418000,,,53377000,43114000,10263000
1833835,-19472000,,401000000,4713432000,,3851547000
1834032,-446908,,,847246,-20403128,20456846
1834105,-1267000,,,20051000,3843000,13241000
1834376,-11378000,-13221000,,536648000,237964000,268943000
1834488,-7162000,,,1352077000,775100000,576976000
1834526,2907329,,,300487903,-14132135,14776019
1834584,107000000,,,15986000000,,11588000000
1834622,14333000,,,2984597000,1439379000,1545218000
1835022,-7306757,,257884,38404996,33369557,5035439
1835268,-10272000,,,92685000,82899000,9786000
1835385,148403,51127,,236839443,31953891,204885552
1835579,-6077000,,,130838000,-169600000,12588000
1835597,-30202000,,,127393000,91805000,35588000
1835632,177900000,,,20023700000,13312700000,6711000000
1835830,-14089000,,,1347311000,1063932000,283379000
1835856,-50557000,,,1004992000,-102145000,1107137000
1836295,-587259,,,11931,-1667936,1679867
1836754,2817465,1399046,,67099260,39277602,27821658
1836833,-12628000,,,658390000,444802000,213588000
1836875,-6873003,,934304,16477411,-3207399,19719217
1836981,-61986000,,,396268000,197795000,198473000
1837014,-40184000,,41344000,366065000,250670000,115395000
1837532,162617000,,,19118412000,,7748930000
1837607,9095000,,,13799000,-11323000,25122000
1837671,16050000,,,1113602000,992187000,121415000
1837686,-3916000,,,605716000,382534000,
1838126,186382000,,,19184601000,9638063000,9546538000
1838163,-3610230,,,17938478,3312256,14626222
1838359,42619000,,,269138000,207128000,62010000
1838406,-81979000,,,3123946000,1481794000,769213000
1838615,1910000,,,1212807000,665154000,240105000
1838876,-2271087,,315,472258,-6143994,6616252
1838987,4812000,,78413000,143198000,-92141000,235339000
1839285,-1700000,,3704000,11785000,8577000,3208000
1839341,576251000,-291149000,79525000,1498060000,-308818000,1806878000
1839530,39623000,,,98977000,-1417868000,119365000
1839839,10800000,,,1271800000,526800000,745000000
1840102,-140216,,298050,1566731,-699206,2265937
1840229,-2766697,,,4267313,-21791779,
1840233,-13265000,,,103716000,10700000,93016000
1840317,4299052,,14262,20007029,-11675924,31682953
1840439,-29262000,-29302000,,55055000,28737000,26318000
1840502,-8750000,,,1650782000,1008209000,
1840563,-1608455,,,8888780,8128512,760268
1840572,13292000,28307000,339882000,3195717000,-213729000,3282121000
1840748,-3479000,,,71156000,25784000,45372000
1840780,-37675000,,,447197000,-134454000,560194000
1840856,129932000,,,587536000,396993000,190543000
1840877,-4998000,,46000,10385000,-24224000,34609000
1840904,-26431000,,1555000,195783000,152053000,43509000
1841125,-5959000,,,8760000,-12436000,21196000
1841156,13813000,,,590888000,500395000,90493000
1841175,-76612819,,,490947704,480386204,10561500
1841330,-3563238,,,14658982,12978783,1680199
1841387,7379000,,,95905000,74675000,21230000
1841408,28812000,,107979000,315655000,199463000,116192000
1841425,-1247000,,,71289198,,3546295
1841514,10591000,,,647690000,541492000,106198000
1841666,347000000,,,18531000000,5436000000,
1841761,-3547000,,,59838000,-11648000,46714000
1841925,-34546000,,,909022000,405568000,477289000
1841968,4522000,,,877351000,,503096000
1842022,108000000,,303000000,10080000000,4642000000,5150000000
1842295,-32786000,,,332840000,292068000,40772000
1842556,-1752231,,4564598,103860046,11287742,71351890
1842563,22,,21264,131195,-44816,176011
1842566,23707985,,5503028,12931066,-23509549,36440615
1842718,7993000,,,1132352000,1035026000,97326000
1842939,-1505867,,,3337234,-3805285,7142519
1842952,-4577261,,,92965483,90982718,1982765
1843162,7614357,,,313698703,301018004,12680699
1843165,-2389650,,,9602996,7301812,
1843477,-476300,,,26176619,-1895948,2250890
1843656,-58755,,923223,15723265,13981369,1741896
1843714,-770000,,,2568000,-24213000,26781000
1843724,-19229000,,9483000,125835000,-1174000,127009000
1843973,-5449000,,,466756000,-281462000,495733000
1844392,-3069000,,5418000,13718000,-30204000,43922000
1844417,-2104311,,,2444268,-1830947,4275215
1844452,-11396000,,62524000,500014000,-136913000,172400000
1844505,-11136000,,,10864678,-20207000,31072036
1844862,-15151000,,6016000,419390000,397072000,22275000
1844971,-5564000,,,56714000,-58242000,114956000
1845149,-363640,,,5391442,-2756227,2793522
1845257,709000,,332970000,2104672000,1457099000,647573000
1845337,-35996000,,30761000,534356000,479512000,54844000
1845437,-119350000,,0,1838919000,,40392000
1845550,-364540,,,1863113,-5665716,5807911
1845815,20577000,,246617000,7550162000,750731000,6799431000
1846017,-2692000,,,2092206000,326663000,1765543000
1846069,-21952000,,,494962000,436069000,58893000
1846084,154000,,,165326000,-28850000,193717000
1846253,-18200000,,,306182000,273516000,32666000
1846416,1018007,-47952,,193708570,-6181491,8470297
1846510,8168000,,282864000,2480378000,-340056000,2817665000
1846576,-102000,,,522314000,381536000,140778000
1847064,-4447345,,,66154244,26025706,40128538
1847345,-15941328,-765710,,1965514,-7952742,9918256
1847367,-98963000,,,261298000,168314000,92984000
1847398,10567000,,,1933376000,327210000,1606166000
1847513,117665,,,183749,-101350,101350
1847590,-1744000,,,528749000,244115000,284634000
1847874,-3890000,,8235000,409531000,164456000,225536000
1847903,-26135000,,15000000,527845000,386247000,141598000
1847986,-6797000,,13356000,74224000,-15645000,86962000
1848334,-67241,-218757,6159,315108,-401323,
1848416,-11515000,,,1968982000,943381000,1027378000
1848437,287896,,,16091691,-14596304,14601694
1848672,-14890,,77,16207,-47404,63611
1848756,-3190203,,,75190637,-21368382,21661680
1849056,-9810000,,,302146000,269330000,32816000
1849089,11147000,,,827769000,359573000,468196000
1849253,-27642000,,690166000,9890039000,542518000,8832726000
1849380,-1902000,,137000,1732000,-16550000,18282000
1849466,643000,,,442209000,52755000,389454000
1849670,473000,,,467105000,50345000,417587000
1849820,-7567187,,,48481073,1521502,46959571
1849867,586000,,,271648000,80591000,191057000
1849894,62271000,,,5077359000,2435910000,2641449000
1850059,577698,,,71695640,-2426808,2583543
1850119,76560000,,,315609000,240439000,75170000
1850270,-16734000,,,406061000,-998553000,36084000
1850767,-440408,,,1550584,-2156524,3707108
1850787,7121000,,,308977000,298171000,10806000
1850902,-4645000,,,113993000,78605000,35388000
1850938,2965665,,,473959009,241746747,232212262
1851003,-21600000,,,1087565000,676597000,410968000
1851194,-27440000,,,253480000,231633000,21847000
1851322,50006000,259971000,,6622861000,3408329000,3214532000
1851909,-483071,,,27915446,-6954614,6990229
1851959,-990974,,,550477,-10273151,10717212
1851961,-6968000,,,17476000,-65626000,83102000
1852016,-1143492,,,8790603,-17350352,17404337
1852019,242125,,,19289113,-13658898,13702926
1852207,2454858,,,263519934,-8132998,9996087
1852244,-96000000,,,11322000000,2870000000,
1852889,-98559,,,18100900,-5106015,5354342
1852973,-4187588,,7224957,58397557,-4825308,63222865
1853047,-282614,,,1161927,-7219662,7468476
1853070,455000,,,23408000,-15833000,39241000
1853138,-128185000,,,557246090,-376634000,25592844
1853145,-7713000,,,1414100000,739569000,674531000
1853513,27000000,,,3090584000,1033895000,2056689000
1853816,-2303587,,,10005007,7301222,2703785
1853825,-308595,,,3179967,17636405,383744
1853962,-41205000,,,658968000,317958000,341010000
1854139,-5226000,,38023000,61974000,53730000,24669000
1854149,4017775,,,370256580,-22334448,22550925
1854270,-14112000,,,82778000,37859000,44919000
1854445,-1502202,25872,,20244730,16727907,3516823
1854463,-708544,,,3430116,-10760370,10832217
1854480,3522625,-4557626,10164,2437247,-15131237,
1854526,-493852,,0,110883,-405141,
1854795,-3351335,,,3646136,-29006639,29337767
1854963,-827199,,,6655102,-16949407,23604509
1854964,6297000,,13209000,427544000,394237000,26446000
1855175,-15990000,,,198264000,184768000,13496000
1855447,-7001000,,18839000,70639000,3775000,66864000
1855457,-14908000,,,445134000,-114899000,560033000
1855474,14878658,,,365605922,270182712,95423210
1855485,-4986000,,,15064000,6941000,7765000
1855509,-1610240,,3612291,23550268,17662578,5887690
1855644,-17442000,,,172496000,138200000,21092000
1855747,-9517000,,,187473000,-17173000,58781000
1855781,-73414953,,0,436270179,,102648
1856031,-10553000,,,1605538000,380714000,999197000
1856314,25405000,,,1111334000,116690000,985346000
1856365,3189000,,,804129000,177361000,626768000
1856437,-2000000,,,4580000000,645000000,3907000000
1856485,27000000,,,2763000000,908000000,
1856525,100000000,,,6278000000,1744000000,4457000000
1856725,-7264000,,,24125000,-3056000,29474000
1857044,-4532430,,,5411622,2799731,
1857086,-2670322,,5389230,20718673,-4565249,25283922
1857154,-33284000,,,3089323000,1101631000,1957906000
1857475,38912000,,,4516936000,1337814000,3038684000
1857816,27146000,,271906000,1091037000,412897000,678140000
1857853,-778000,,,825600000,279550000,546050000
1858681,442000000,,5548000000,395045000000,17976000000,362701000000
1858685,-4203000,,,16588000,469000,16119000
1858848,-26864000,,,143952000,119396000,24556000
1859007,-2256930,,,20985541,8130350,12855191
1859035,-181378,,,1211971,-3624537,3669837
1859199,-2849758,,925635,18538659,-972260,19503879
1859392,-295432000,,12976206000,1000,1000,
1859807,-2716000,,,1983584,-121916000,14298791
1860424,380599,,,555964374,247540836,308423538
1860484,-463778,,,837203,-3028453,3173203
1860514,-1276511,,,45818,-2339697,2385515
1860543,9248000,,,656293000,317562000,338731000
1860657,-2732000,,,29730000,18669000,11061000
1860742,-212000000,,,13428000000,6361000000,6995000000
1860871,-10367061,,,4073178,-7720096,11793274
1861063,-383100,,,9609963,-6018026,6233093
1861107,-12777000,,,213471000,180881000,32590000
1861560,-84582000,,,1105806000,1011057000,94749000
1861622,-3169804,,,18458622,13623592,4835030
1861657,-2541704,,,1661294,-814671,2475965
1861795,-107228000,,59191000,808657000,,372752000
1861841,-13818000,-12196000,40000,85038000,65722000,
1862150,-3852678,,,12469588,5930820,6538768
1862461,-4967000,,353981000,100454000,32752000,67935000
1862463,-308081,,,903419,-80850315,9944709
1863006,-8308000,,16828000,154562000,128607000,25955000
1863127,-28147000,,,343476000,323534000,19942000
1863990,-4436000,,,16416000,12916000,3500000
1864531,-3959440,,3321485,19395686,-3496997,22892683
1864943,-629092,,,68462232,21786524,47549401
1865107,-8350000,,,396569000,111479000,285090000
1865111,-200767,,,461384,-3947013,3987816
1865200,-37303924,,,1027658,-8607623,9201636
1865494,-22421000,,,45736000,26422000,19314000
1865506,-6361265,,8783695,47447889,-23077815,15892296
1865602,717494,,,103462502,-1993058,892890
1865631,-58579000,,1539000,268606000,6573000,262033000
1865782,29542000,,,5846945000,1687369000,4156378000
1865861,-78000,,,9222000,-2242000,
1866175,-2150000,,,9872334000,,5438436000
1866226,-17996000,,,12377442,-11361705,11554861
1866368,6510000,,,1285322000,1115830000,142715000
1866581,15353000,,,2765220000,599058000,1968918000
1866633,21152000,,,629647000,-49358000,679005000
1866692,-22231000,,,445788000,289460000,156328000
1866757,-466000,,,269650000,14928000,166678000
1866816,323665,,,26296308,11357747,14938561
1866838,-128366,,,3680088,-6575045,6577836
1867066,-4073000,,13139000,84962000,21541000,63421000
1867096,-9220000,,,315453000,-35128000,350581000
1867949,10041312,,,414665332,310780047,103885285
1868159,0,,1292000000,18768000000,8586000000,9122000000
1868275,118000000,,6788000000,52252000000,12956000000,38918000000
1868279,-64387000,,,215495000,202542000,12953000
1868419,-10248486,,3870050,31527131,12864492,22126857
1868516,-2512499,,1061284,123447940,63336833,47264171
1868726,465000,,,1770924000,878329000,892595000
1868778,1340000,,,5092100000,2278088000,2814012000
1869105,-22055000,-19687000,,195677952,-200033000,7390744
1869198,76142000,,,7313084000,2734471000,4578613000
1869453,48004000,,,5619978000,3245870000,2374108000
1869601,-89624,,,26435551,-6180910,6261889
1869699,-587548000,1410156000,,3939392000,3915458000,23934000
1870144,-1635064,,940,12282118,11377120,904998
1870267,1952000,,,413662000,212212000,201450000
1870404,-5105931,,,7991414,-329386,8320800
1870940,-2847000,,,203260000,76231000,125927000
1871181,-103321,,,570468,520814,49654
1871509,3313000,,,1499296000,406879000,1003890000
1871638,-147761000,,1007000,100203000,16710000,50432000
1872066,-176487,,79270,1694919,281623,1413296
1872228,-163101,,,1140160,-57518,1197678
1872292,-270340,,,8264,-13114954,10631241
1872525,-393000,,28694000,52161000,31272000,20889000
1873213,-6855,904,,28136,25636,2500
1873529,21157000,-133583000,,3718058000,884883000,2833175000
1873722,-278556,,,1187465,-2230412,3417877
1873835,-4542528,,,19892040,9593553,10298487
1873875,-3968000,-5894000,,16197000,7403000,8794000
1873923,-9361000,,,1327866000,753480000,573070000
1874071,5959000,,,3089836000,513886000,2575950000
1874097,-3911647,,47152,24349037,22142905,2206132
1874178,-545000000,,,15505000000,,9275000000
1874315,-32581000,,,61402000,-83092000,144494000
1874875,654517,,,19077473,5815723,13261750
1875444,4882000,,,1264942000,348828000,916114000
1875558,-5332000,,,30148000,20954000,9194000
1876255,5070000,,,986044000,,644712000
1876716,-60743,,,4560695,-7388123,7416493
1877322,67363000,,678138000,4217542000,1909728000,2267150000
1877461,-208339,,0,285,-2353554,2353839
1877557,-292501,,,14495017,-11871058,11877540
1877939,-1170047,,11664365,41106504,26096732,15009772
1878313,-4517259,,,11864652,4942525,6922127
1878897,-5985000,,,493943000,158238000,335767000
1879016,-30515000,,,414388000,306971000,99042000
1879270,-848583,,0,21549,,384032
1879293,9714,,780500,850134,-156864,1006998
1879403,-95716579,,14635774,21042854,-87501702,104419898
1879726,-6414627,,238494,33984265,19754929,14229336
1879814,-38289,,,45058203,-6426543,6506117
1879848,-3586000,,,57470000,9385000,48085000
1880319,56686000,,,2405146000,1216370000,1188776000
1880343,-2089208,,60214,99759847,74915493,24844354
1880431,-1172814,,,61317,-3220379,
1880438,-10649000,,,81343000,73329000,8014000
1880613,-2355000,,,23817000,,47132000
1880661,25393000,,1034876000,11314024000,,7815309000
1881487,-17500000,,,3020900000,988100000,1896800000
1881551,9194630,,,6651876,-12183292,18835168
1881592,-328000,,,282700000,77462000,205238000
1882198,-768658,,,4694169,-19420404,19946662
1882464,-153178,,,6965505,-7546337,7613681
1882781,-100611,-4780,13,37213,-39355,76568
1882850,13949000,,6261000,1410138000,1057103000,239616000
1883085,7893000,,289989000,1278365000,335490000,763312000
1883313,-4723000,,,1859188000,413813000,1445375000
1883685,-33864000,,,4515813000,872915000,3642898000
1883814,-4552000,,239486000,1202929000,159130000,1030271000
1883835,-212664,,,28692556,10377640,14759026
1883984,-180000,,,9381000,-31360000,40741000
1884046,542329,,,108649720,-4946268,5550123
1884164,-92768,,206870,1478602,-2261497,3740099
1884516,-1669000,,,233169000,122696000,110473000
1885522,-67992000,,,256748000,228364000,28384000
1885968,20492000,,,2121396000,1064636000,1056760000
1886362,-383802,,1564,808996,746719,
1886894,-1946007,,,64497227,9108251,60894041
1887944,-9770000,,,227677000,,270318000
1888654,5280000,-14262000,,73409000,66262000,7147000
1888886,-46833000,,,866549000,824638000,41911000
1889112,559864,,,85973495,-20824413,21109500
1889123,-48879200,,,148548465,71875770,76672695
1889539,-664000000,,3572000000,390022000000,11980000000,377186000000
1889956,-24016000,,,867332000,412891000,355117000
1889983,568171,,,71800631,-4970445,5058507
1890361,413202,,,62249731,2904104,278705
1891101,-2888000,,,222890000,11173000,178705000
1891856,-301000,,,232363000,,188071000
1892316,-109104,463697,777720,2025417,998047,920639
1892322,-3086992,,3587026,10223007,1840921,9622720
1892492,-2548725,,,47633715,9710100,38338129
1892747,24976,,,22513195,-12547716,12616904
1893657,-345336,,,21654120,-2840373,24494493
1894057,-881821,,,1213799,-24128560,24315274
1894525,-402397,,,259904,-1760518,2020422
1894562,-51890000,,,328163000,106924000,221239000
1894954,-1151998,,2049331,9242433,3196604,6045829
1895249,-7018410,,,12754661,-27322635,38718469
1895262,108303000,,,7909961000,4657909000,3252052000
1895316,12118000,,,844613000,425961000,418652000
1895582,-412167,,,27619581,-15668960,43288541
1895618,-1191800,,23732,16103555,15649155,500748
1896212,-4753000,,,7714000,3080000,4634000
1897245,-565131,,295197,6531330,3594398,
1897463,2170157,,,238851311,-9416036,10059277
1897525,-16528,,0,47576,-286866,334442
1897762,69189000,83116000,,18628470000,3862703000,14765767000
1898474,-842994,,148358,1398522,-511802,1910324
1898496,-102572000,,,2566503000,592952000,1925407000
1898795,-19271000,,,128254000,97194000,31060000
1899017,10474000,11541000,,1033597000,459077000,574520000
1899287,-9371000,,11284000,118472000,70396000,48076000
1900520,-6202164,,,49285948,36599425,12686523
1900679,67961,,,7290839,-9542248,9605151
1901037,4564057,,,339517015,165477926,174039089
1901164,14223000,,,2265181000,1252813000,1012368000
1901203,773683,,4823448,73647206,11637293,5877633
1901336,-301497,,,12495260,-7144141,7703187
1901440,67000000,,,2878000000,970000000,1894000000
1901637,7658000,,,2677382000,225088000,2452294000
1901799,4193000,,164226000,89719000,,94311000
1902314,1630000,2139000,,37765000,33151000,4614000
1902649,9025050,,,1406058924,766739266,639319658
1902733,5562000,,,1650942000,1072218000,569995000
1903392,-185038,,,29793452,-8759023,8713503
1903464,64931,,,13676199,-6532792,6537687
1903595,-1067673,,,3708944,1606695,2102249
1904286,-1783779,,,1400338,1294165,106173
1905824,2877000,,,259906000,203870000,56036000
1905956,1259965,-232332,666521,30417481,29113114,1304367
1906324,-12700000,,692800000,6461600000,2997200000,3464400000
1906364,315350,-266,,81824532,316967,409745
1907108,-32656000,,,125690000,88115000,37575000
1907223,-2116726,,,2987266,755965,2348557
1907425,37042,,,5968,-31527,37495
1907982,-5421000,,,325600000,207389000,118211000
1910139,-102000000,,,12498000000,12049000000,449000000
1910975,-16448,,0,30456,-84276,0
1911066,15848000,,,1910661000,910065000,1000596000
1911321,9189275,,,906990191,514827007,392163184
1911467,-24273,-12565,0,229350,214153,15197
1912540,-17358,,0,1499,-77246,78745
1912582,-754903,,,13514278,5768924,7745354
1912954,-8025,,0,14767,6267,8500
1913577,-665000,-167306,,9147903,-43449000,10739217
1913724,43433000,,,3507288000,1728522000,1778766000
1913971,5378000,,,2318097000,266987000,2051110000
1914496,-259000,,12216000,640182000,278258000,341953000
1914605,1297000,,,1452191000,168578000,1283613000
1915328,66653,,,9485818,-7106354,7203472
1915380,-4556231,,,26610324,-12499532,12947371
1915657,-4000000,,,16542000000,9187000000,7289000000
1916099,26936000,,,1617841000,690935000,925406000
1916558,-1112,,12972,30398,30398,0
1916608,2578000,,,186046000,,26230000
1918080,-166000,,,3360,2796000,165525
1918661,-227688,,,9737055,-185366,1642124
1918712,94528000,,,14330930000,7441932000,6888998000
1919182,-93960,,0,960320,832790,127530
1919246,-1968000,,,911179,-4196000,5107013
1919369,3827000,,,667040000,314496000,352544000
1920406,-3749000,-4118000,170749,4994288,19593000,460543
1921865,-8461000,,1102000,90873659,42512697,45146553
1921963,44700000,,,1228100000,265300000,962800000
1922335,-472265,,1857774,3722550,2456636,1265914
1922858,-2750317,,6421371,16866480,-21043836,37910313
1923622,4363000,,,244941000,146107000,98834000
1923780,-2630729,,3437727,16494218,3910949,12583269
1925309,128107000,173641000,,8138273000,4111606000,4026667000
1925531,19454000,,,1590587000,,772655000
1926599,1483074,,,176596250,-5944978,6360400
1928446,9812000,,,1087436000,631413000,456023000
1929561,-31000000,,,3304000000,1587000000,
1930054,221684000,,,5875128000,,136336000
1930313,21502446,,,284605789,226446266,58283354
1930679,29178000,21640000,,1433487000,985683000,447804000
1932213,-1377044,-84042,,339340,17313,322027
1932393,564000000,,,33586000000,9187000000,24168000000
1932591,188000,,,39105000,,23087000
1933414,-42211000,,,354941000,341555000,
1933567,-2278684,,,3029809,258479,2771330
1934245,-525000,,,8230000,6198000,2032000
1934642,-6587000,,,68626418,67090500,1640020
1934850,-21000000,,908000000,88007000000,4363000000,83522000000
1934945,-450825,,,28124282,-6863516,8022242
1935033,-4238,-10254,,23148,-71838,94986
1935092,-1148081,,,3727247,-654115,4339907
1935979,-221677000,,,458946000,259495000,199451000
1936224,-18466000,,,105273000,-135637000,240910000
1936258,-39527000,,,818413000,777363000,41050000
1936756,-1153672,,3064,1264768,-52984499,54249267
1937653,-22636000,,,425522000,324967000,100555000
1937891,-77177,,,18478621,-2408902,2159859
1937926,507000000,,1081000000,14966000000,8489000000,4073000000
1937993,-3845380,,,7953262,6113096,1840166
1938046,-4839391,,109306,21753857,20251840,1503196
1938338,-1125204,,4341720,56289085,,46033272
1938569,-985169,,,18220,-991653,336989
1938570,-61644,,,18207,-318764,336971
1938571,-603084,,,2854004,1745264,1108740
1939365,-2415036,-3966722,,20660931,3003956,17656975
1939433,-381000,,7427000,375013000,162769000,204813000
1940243,-20916,-57858,1200,208215,-247551,455766
1941029,-1383874,-907904,,8287598,4129783,4157815
1941360,-18229,-5009,9750,51234,-27479,78713
1941365,13300000,,660300000,2955800000,1306700000,1649100000
1941536,-15538000,,,275602000,-347368000,236230000
1942722,-5612,,,208853617,785022,12537136
1943289,-19273000,,,138135000,83593000,54542000
1943802,-603000,,,592643000,61226000,531417000
1943896,-102104000,,,1474606000,-556530000,2031136000
1944013,107100000,,557600000,2622100000,1756900000,862900000
1944048,322000000,,,26257000000,10053000000,16204000000
1944212,452085,,,53690884,-2500178,2569041
1944366,102368000,,,6907610000,4626384000,1944223000
1944558,2668000,,,975236000,667690000,307546000
1944831,7491000,,,667116000,292981000,374135000
1945422,-47787,,,41588669,-7480972,7484158
1945619,-223891,,67871,165676,-1183472,1349148
1946021,71454,,,22019402,-4902302,5016861
1946563,-1876549,,163552,5977867,4110235,1948978
1946573,-1038000,,580000,2563591,1529000,1034541
1946997,-117000,,9149000,517729000,-558000,304570000
1947016,-2653107,,0,12641612,,
1947210,-3276000,,5195000,12820000,2801000,10019000
1947244,-1291596,,,4195815,3325954,869861
1947861,-2019811,,1106819,9826866,-15408208,25235074
1948056,96422000,,,4068526000,,235369000
1948455,-10856495,-7998643,26190725,115727726,14785122,100942604
1948864,-712410,,,34085209,2125091,31960118
1950803,26588000,,,1946742929,1069797000,876945283
1950976,8781000,,,997544000,469029000,528515000
1951276,537000,1021000,,1073907000,195068000,878839000
1951667,-753909,,,11858464,11879948,2628295
1952073,8036000,75893000,242465000,1739412000,9526000,1729886000
1952853,-2088707,,,46350349,19902033,26448316
1952976,492000,,29213000,784105000,582123000,197876000
1953021,-2477900,,7736200,17303500,11920800,5382700
1953366,-7604000,,14624000,618236000,316138000,281867000
1953926,-33573000,,10000000,333766000,284317000,49449000
1953984,1033000,,48936000,67877000,,50870000
1954360,3335000,,,411579000,187945000,223634000
1955010,24350000,,,461560000,450088000,11472000
1955520,-68710000,,353471000,3280707000,1407584000,1873123000
1956648,406402,,,70907164,-1468802,2531405
1956741,-809354,-1005030,557915,6385719,1645780,4739939
1956744,-646586,,,5810762,4982716,828046
1956955,-3266279,,2042300,17280416,15895002,1385414
1957845,281378000,,,6137795000,,368323000
1958086,-154000,,,586243000,253388000,
1958140,-41391000,,,1681439000,486121000,1183273000
1958777,-4966000,,,11426000,2350000,9076000
1959023,-2179993,,18170,13105776,,12804648
1959568,3934000,,,377076000,,201001000
1959585,-18975,-15799,,130002,111842,18160
1959604,8739000,,,917631000,,524626000
1959961,-138000,,,5632000,5539000,93000
1960262,-540943,,,252933,-2752716,3005649
1960847,-528475,,3811610,12462673,10074119,2388554
1962011,-1262000,,,7937000,7132000,
1962481,-918382,,,14111183,3881039,10230144
1963088,-2902828,-419690,2543103,60892833,-13956870,68968987
1964333,27201000,,,7838090000,758000000,7080090000
1964738,137000000,,2070000000,14527000000,3262000000,11265000000
1964789,-133889000,,,1571883000,959994000,584188000
1964979,-1501000,,,38414000,-69790000,108204000
1965040,-562900000,,,3121100000,858800000,2262300000
1965934,2031000,,,1029153000,475940000,553213000
1966394,6005000,,32597000,1679235000,924042000,745225000
1966983,-11526000,,,1018498000,625500000,83486000
1967656,285000,,,205006000,37412000,167594000
1967680,225000000,,,6645000000,2302000000,
1968487,13800000,12800000,687400000,1799700000,1012300000,656600000
1968915,26000000,,,3748000000,1537000000,2211000000
1969475,143915,,,40502066,-3900368,4031257
1970509,2275706,,,252533642,-9518865,9657177
1970622,51832000,,0,77075000,,97334000
1971213,-156000000,,776000000,5779000000,436000000,5411000000
1971381,13725000,,,1129801000,1096509000,33292000
1971532,-2179828,,,491188,-161105,652294
1971543,-33137000,,,132079000,107887000,24192000
1972529,-3755053,-1659240,45844322,178040543,30176541,147864002
1973056,-2039997,,,9620204,-2600374,2848469
1973266,58408000,31005000,1268800000,15010070000,4162000000,4815200000
1973476,3903000,,,373705000,221363000,152342000
1974138,14000000,41000000,,5739000000,275000000,5461000000
1974395,-1260000,,,3574000,418000,3156000
1974640,-55339000,,,714162000,,40800000
1975218,876496,,,336708201,-15848015,17444640
1975736,13961000,9247000,,699084000,485500000,213584000
1976663,-134851,-159758,0,180849,-216165,397014
1976719,6389000,,,399066000,,65729000
1976927,11664000,,,2898545000,546203000,2228001000
1978111,-3812,-3429,1653,59233,-7716,
1978528,-193671,,,18707494,-3598387,3932885
1979005,184662,,,43602847,-2367724,2375746
1979306,387000,,,203818351,201495000,2323210
1979330,12655000,,,5242157000,739611000,4502546000
1979414,-32326016,,39990,8441691,-9623645,
1980088,15886000,,226768000,2242102000,,
1981535,-975000,,742000,2777729,2085000,693113
1981599,-17937000,,,1992617000,536549000,1451386000
1981792,10533000,156318000,199328000,9289379000,2788162000,6434319000
1982518,2683000,,,513919000,76865000,106756000
1983514,2249000,,,287308000,156517000,130791000
1983736,1995694,,3681520,6343073,3562583,2780490
1984086,-21476000,,,434020000,-400266000,33754000
1985375,1537313,,,99921387,96168029,3753358
1985554,1302,12453,13165,80013,62905,
1985840,-1733048,,,13109208,13106337,2871
1986817,-54039,,,1912809,-94039,2006848
1987221,6713000,,,579914000,272480000,307434000
1987731,-697032,,,44095264,20141756,23953508
1988494,-833000,-2997000,16243000,860835000,324664000,345244000
1989788,-23484,-4174,0,12824,11172,1651
1989817,21230000,,,1374937000,810606000,564331000
1990354,29269000,,,4619178000,3125912000,1493266000
1990446,-113707,,0,988748,-3302692,
1991792,-34452000,,,728181000,704758000,23423000
1992508,-9861010,,,8407804,8403421,4383
1993004,76940000,80552000,466630000,8101411000,2896368000,5205043000
1994373,-9391,-10784,,28040,19640,8400
1994624,-17905240,,346050,5102340,,55571646
1994702,-44635000,,,260655000,224010000,36645000
1995569,-11434786,,,13737936,13734586,3350
1995807,6464000,,,1037105000,216969000,387443000
1996192,-1070796,-1946820,497276,9939763,749788,9189975
1996210,-564000,,2240000,23765000,-7650000,29031000
1996810,254000000,,,51559000000,8607000000,41887000000
1996862,201000000,602000000,11643000000,26660000000,10578000000,
1997296,-5102408,,,5657866,,3510312
1997652,-6657000,-14167000,0,381522954,239846322,56188250
1997859,-22389000,,,1936910000,1467547000,384358000
1998387,-53000,,,121961000,72338000,49623000
1999001,-219718000,,202057000,9163917000,1833780000,
1999480,-15169000,,,171915000,139096000,32819000
1999538,114193,0,,6005,6000,5
1999784,5622000,,12997000,1132118000,723856000,380572000
2000178,15316000,,,1478805000,1106654000,372151000
2000597,8784000,,,581661000,503329000,78332000
2000640,-25163438,30221108,81411,8663925,-21291457,29171382
2000775,658379,,,72800437,-2279439,2484701
2001184,28472000,,1277150000,5494400000,750228000,4738127000
2001557,-142997000,-61754000,,660419000,261498000,105947000
2002038,1942553,,,213856620,-5393430,7043750
2002473,11425000,,122716000,1753072000,390954000,1361709000
2005951,384000000,,,44649000000,17864000000,26760000000
2006291,2714137,,,301881515,-7419172,10180448
2006758,8895000,,,980474000,,594020000
2006815,2433145,,,262292443,-11630117,12131174
2006986,-7713000,,,41338000,12399000,28939000
2007587,38096000,8399000,71886000,1134748000,186058000,948690000
2007596,1338000,8152000,,330530000,75214000,50473000
2007825,-5985000,,8303000,170882,-187255000,
2007919,-43311000,,0,242639000,94443000,148196000
2009183,-78292,,,509241,-306532,
2009312,266212,,,12784340,11247542,1536798
2009684,-31888000,,,718414000,531159000,177355000
2010653,454300,,,60427482,7047909,141333
2010788,-1856421,,,11525692,8881631,2644061
2010930,2900293,,,299561536,-13110974,13816552
2010982,-25550,-16220,51101,14580,-357237,371817
2011134,13917,,37633,79936,18926,
2011208,-3965017,,,3686590,2643360,1043230
2011498,4988000,3273000,,741185000,269468000,471717000
2011514,-21864000,,,58792000,43259000,15679000
2011641,345000000,276000000,7213000000,17265000000,5423000000,11734000000
2011954,-12112000,,,544223000,-101854000,646077000
2012318,-80334,,,535300,-141130,676430
2012383,1510000000,,,141942000000,48036000000,91752000000
2012593,-24063000,,,302053000,285836000,16217000
2012706,3099437,,,234442565,184808098,49634467
2012726,78000,,,531069000,127261000,403808000
2012807,1020970,,,121207140,-3549031,4428032
2012839,15478000,,,968231000,482613000,485618000
2012964,3386331,,,357335566,-8917441,9213791
2013639,705000,,17203000,1237774000,331409000,906365000
2013744,-149928000,,,173794000,,32000
2013745,-162000000,,,2823600000,-862300000,3440300000
2013792,-568641,,,277354185,15626085,261728100
2013807,-4084511,1424146,11392078,32852344,-1555247,34407591
2014596,38911000,,,2729238000,307119000,2398177000
2014982,2222746,,,238557327,-10119796,10990093
2015034,-492112000,,,3346810000,,0
2015502,2287413,,,238948966,-10127128,11081315
2015845,36672000,,,1355847000,460199000,895648000
2015947,1930794,,,207611283,-10088038,10929256
2015955,2198698,,,239712568,-9181885,10112089
2016072,2913268,,,298857805,-13107272,14262706
2016221,1579993,,,167093193,-5683393,6632836
2017206,39806000,,82698000,7152356000,5875851000,1276505000
2017526,678555,,,90632403,-2372079,3715572
2017636,1986000,,,464378000,226996000,237382000
2017758,80629,,5709426,3429954,2530314,899640
2017950,630284,,,71552146,-457698,815851
2018064,-523388000,-39721000,,1506120000,1056415000,449705000
2018145,453867,,,59239962,-1578861,1891120
2019505,498592,,8014984,21330200,14160791,7169409
2019804,-6252000,,,238369487,-12078676,12791714
2020354,-278000,,,154071000,85208000,68863000
2020385,974311,,,117920775,-72805,850941
2020455,-717285000,,,834039000,,0
2020987,547299,,,62360113,-997725,1629059
2021042,3258178,,,361075482,-12633227,14002545
2022308,-297207,,816016,1770101,-4270520,6586462
2022416,-1735000,,,8308000,2586000,5722000
2022626,-27270000,,,456169000,445610000,10559000
2023554,-1933000000,104000000,,12960000000,9161000000,3799000000
2023658,-36846000,,,478077000,458957000,19120000
2023676,2215852,,,237022302,-10045949,11106387
2024203,404677,,,61877632,-1773614,2262993
2024218,-1887000,,,2434175000,558143000,1331305000
2024306,30307,,,13268364,11028702,
2024459,731257,,,87060843,-1460795,1752312
2024460,-117327,,,357071,-311268,668339
2025341,2263403,,,237806055,-9035328,9885730
2025396,1854000,,,227765000,-7768000,8873000
2025401,621591,,,232082193,-9729064,11070380
2025410,62943000,,,6496074000,2437968000,4058106000
2025608,-179718,,,61948,-245545,307493
2025878,-3006255,2994,0,52261,-1287106,36179
2026448,-971000,,4244000,235632000,-1097000,211091000
2026478,-17232525,,,278207316,177380357,100826959
2027317,10562000,11461000,38695000,2120684000,1933826000,185224000
2027537,788000,,,304209000,173348000,105861000
2027708,993400,,,201526440,-2804103,144595
2028027,1685254,,,177738072,-4785380,6114973
2028201,149799,,,61321620,871816,46071
2028293,-1482444,,,1704252,-6771952,8476204
2028336,-3320256,,326455,9927940,-2746901,12674841
2028355,379937,,,87257528,-3378718,3969038
2028516,1159223,,,234552078,-6125881,8222075
2028614,1254543,,,232806487,-7176350,7247369
2028686,5316000,,,367390000,254770000,112620000
2028699,1032650,,,170136163,-8126577,9538464
2028707,-12733000,,868000,256632790,-13116000,9825000
2028935,1447897,,,179818844,-6691220,8127110
2029014,-11734,-6312,300,74793,-6089,80882
2029118,-34569000,,85165000,953917000,-52237000,171875000
2029303,3074,-7981,13000,91752,55593,36159
2029492,2018521,,,235375465,-6800780,8193088
2029586,-9902,-20930,,24463,11101,13362
2029769,1658791,,,197240594,-6519273,8077252
2029976,1601840,,,292028163,-8866886,10165134
2030482,1182055,,,176531949,-6265114,7083663
2030663,-42127,,,279187,-84457,363644
2030763,-32430903,,,58063100,4478768,53584332
2030772,31287000,,,1509691000,,36882000
2030781,-187312000,,,7414478000,6777783000,636695000
2030829,680854,,,87856018,-577369,1017906
2030954,-4836000,,739000,10794000,4918000,5876000
2031069,-3953064,,,88742270,,11628
2031283,2089906,,,281619297,122386270,159233027
2031561,2251490,1892585,,236735860,1140234,12806
2031750,8072000,,,865803000,568594000,297209000
2032020,0,,,8834648,,8833648
2032379,1232751,,,130011499,-3045149,4529250
2032528,2214005,,,234962072,1133163,
2032545,-1240590,,1449377,8455666,6807581,1648085
2032609,6059,,44824,19595,27,19568
2032950,472592,,,70559648,197396,291651
2032966,-25793000,,,2180280000,1129047000,1051233000
2033122,-17928,,,578528,-581218,1159746
2033593,981026,,,152873689,-4538194,5397858
2033615,-30000,,,37894000,20120000,17774000
2033695,3974000,,27051000,1315685000,324014000,932049000
2033750,-36641,-28227,2186,12594,-62711,75305
2033991,-39596,,,1040344,-59333,
2034037,-43850,,,3582066,-83767,3665833
2034269,-27148,,,161721,-95090,256811
2034288,3466,1859,,17197,13097,4100
2034334,-5068049,,,221794001,-11989022,12709584
2035016,235856,,,51016287,3797090,2078508
2035149,6172000,,192350000,1605810000,-370094000,300228000
2035428,0,,0,34489000,1000,34488000
2035644,905990,,,117768203,714287,177029
2036042,-16482000,,,369674000,351769000,17905000
2036060,401545,,,217640086,15128346,202511740
2037431,-19553,,,670572,-32769,
2037804,18429000,,,1678464000,978527000,699937000
2038118,109000000,,468000000,12690000000,,9302000000
2039058,2227401,381082,,236280906,583542,
2039497,-3400000,-2333618,,214288000,8869000,238294000
2040127,-4798000,,,875393000,348918000,526475000
2040807,-76588000,,,690695000,505387000,185308000
2042694,28700000,,,10982000000,3333100000,7648900000
2043020,-18009527,,,21055949,,87189606
2043699,393000,,,204964000,-5179000,7230000
2044635,29499,-15209,,146148523,-3258984,5112584
2044820,0,0,,100000,,0
2045458,-4932729,,,2387860,,7319589
2045473,-74699,,,418728,-118486,537214
2047235,305000,373000,,923092000,80914000,842178000
2047455,-31255,,,492949,-16421,
2048519,2075000,,,1117091000,371334000,745687000
2048948,-60685,,,238807,-54215,293022
2048951,-6303763,,,234377628,-11388415,13898110
2049248,-34688,-14124,,301188,-23812,325000
2049595,0,,,2000,0,0
2049662,-12870000,-42620,,705940,-165499000,
2051380,95000,,23331000,15390000,465000,
2052152,9962000,,,1173025000,573297000,599728000
2052153,8252000,,,510247000,509007000,1240000
2052161,-52849,,,201170,-28936,230106
2052162,-54616,,,201170,-34728,235898
2052547,-50142,,,101075,-25142,126217
2053799,-21762,,,143625,3238,140387
2054174,-60313,,,290282,-35313,325716
2055459,-48534,,,253321,-23534,276855
2055879,0,,,334099,25000,
2056016,-1442,,,20439,754,19685
2057030,-84438,,,184380,-59438,
2057043,-43944,,,94824,-18944,113768
2058359,-42822,,,211384,-17822,
2058758,-11587000,,,2706631000,186057000,2520574000
2059654,-61786,,,177930,-63214,114716
2061379,-47186,,,166334,-22186,
2063863,-442000,,,9355000,-4948000,
2065287,-6230,,,48500,-2730,51230
2074652,-1429,,,23300,2571,20729
