market_id,week_ending,code,comm_long,comm_short,noncomm_long,noncomm_short,open_interest,change_in_comm_long,change_in_comm_short,traders_tot
AD,2022-01-04,232741,145915,45106,12632,101998,180107,-351,-1684,94
AD,2022-01-11,232741,150375,46766,12383,103869,185453,4460,1660,91
AD,2022-01-18,232741,148978,50459,9051,97505,181136,-1397,3693,91
AD,2022-01-25,232741,153386,55637,15121,98394,190020,4408,5178,101
AD,2022-02-01,232741,155124,59026,18835,98664,196913,1738,3389,103
AD,2022-02-08,232741,155203,56846,17323,103064,196403,79,-2180,95
AD,2022-02-15,232741,155928,58244,11692,98386,192578,725,1398,89
AD,2022-02-22,232741,157416,61344,11553,95633,192579,1488,3100,93
AD,2022-03-01,232741,151922,64185,12720,91056,189667,-5494,2841,88
AD,2022-03-08,232741,146144,67961,19521,97716,197094,-5778,3776,93
AD,2022-03-15,232741,77621,28981,24281,69137,124521,-68523,-38980,84
AD,2022-03-22,232741,75916,27528,23747,74936,127767,-1705,-1453,85
AD,2022-03-29,232741,80885,39991,33960,83566,143007,4969,12463,96
AD,2022-04-05,232741,80207,57875,34871,72384,148898,-678,17884,100
AD,2022-04-12,232741,81396,63520,39770,68485,150939,1189,5645,94
AD,2022-04-19,232741,79208,58408,39201,68038,147309,-2188,-5112,87
AD,2022-04-26,232741,75929,47013,47105,74756,147090,-3279,-11395,97
AD,2022-05-03,232741,80147,45922,46995,75511,152257,4218,-1091,99
AD,2022-05-10,232741,91731,44605,36869,78583,153209,11584,-1317,95
AD,2022-05-17,232741,98903,44466,41473,86115,163809,7172,-139,99
AD,2022-05-24,232741,99401,46132,36579,82025,158615,498,1666,90
AD,2022-05-31,232741,97031,45903,32897,81579,153661,-2370,-229,92
AD,2022-06-07,232741,99747,52334,31720,79616,166422,2716,6431,96
AD,2022-06-14,232741,85591,40881,31660,74914,142857,-14156,-11453,87
AD,2022-06-21,232741,82514,37906,31745,72351,137017,-3077,-2975,82
AD,2022-06-28,232741,86347,39184,28887,71867,139891,3833,1278,81
AD,2022-07-05,232741,95252,39544,27622,75243,146950,8905,360,92
AD,2022-07-12,232741,106112,53622,30527,72127,158263,10860,14078,91
AD,2022-07-19,232741,102518,53242,30578,73726,155246,-3594,-380,93
AD,2022-07-26,232741,102398,51797,30024,77409,156473,-120,-1445,92
AD,2022-08-02,232741,115141,53017,30835,86785,167931,12743,1220,88
AD,2022-08-09,232741,109593,50152,25644,83232,158100,-5548,-2865,86
AD,2022-08-16,232741,110918,47448,28835,88083,160045,1325,-2704,95
AD,2022-08-23,232741,114923,50738,32342,92370,169212,4005,3290,89
AD,2022-08-30,232741,114957,52454,31304,88697,169267,34,1716,91
AD,2022-09-06,232741,118817,55033,33305,89805,178232,3860,2579,90
AD,2022-09-13,232741,120393,53375,29218,87068,182287,1576,-1658,90
AD,2022-09-20,232741,92900,40772,38797,79353,150544,-27493,-12603,92
AD,2022-09-27,232741,92836,44838,39006,73659,152301,-64,4066,96
AD,2022-10-04,232741,82080,43276,36248,64012,139490,-10756,-1562,94
AD,2022-10-11,232741,86475,43783,29325,60596,138320,4395,507,91
AD,2022-10-18,232741,95474,46503,33046,68405,150496,8999,2720,89
AD,2022-10-25,232741,115337,49018,32159,83605,166961,19863,2515,90
AD,2022-11-01,232741,111638,48912,34148,84680,165411,-3699,-106,96
AD,2022-11-08,232741,108584,53361,33288,79971,162523,-3054,4449,95
AD,2022-11-15,232741,110099,55987,33214,77963,162440,1515,2626,95
AD,2022-11-22,232741,104123,54109,32825,75611,156807,-5976,-1878,90
AD,2022-11-29,232741,104506,53600,35045,79675,159378,383,-509,93
AD,2022-12-06,232741,101160,58340,36334,76897,158755,-3346,4740,94
AD,2022-12-13,232741,105480,62635,35825,73662,172269,4320,4295,92
AD,2022-12-20,232741,75507,37079,31779,65894,129256,-29973,-25556,85
AD,2022-12-27,232741,72829,34548,32955,69746,129195,-2678,-2531,80
AD,2023-01-03,232741,74724,35129,35208,71475,132960,1895,581,80
AD,2023-01-10,232741,71696,39486,30210,63900,126028,-3028,4357,80
AD,2023-01-17,232741,71052,45116,28593,62213,128213,-644,5630,75
AD,2023-01-24,232741,74818,45112,29466,62637,129490,3766,-4,79
AD,2023-01-31,232741,72741,49579,36337,66929,136304,-2077,4467,81
AD,2023-02-07,232741,64682,41941,30044,58149,124006,-8059,-7638,80
AD,2023-02-14,232741,66335,42600,30752,59659,126033,1653,659,76
AD,2023-02-21,232741,60543,35494,38492,63280,123456,-5792,-7106,77
AD,2023-02-28,232741,63222,34644,41071,65236,126681,2679,-850,83
AD,2023-03-07,232741,69770,33771,54307,79131,157990,6548,-873,90
AD,2023-03-14,232741,86614,33485,41685,81776,150058,16844,-286,84
AD,2023-03-21,232741,87354,36800,41183,79642,151836,740,3315,85
AD,2023-03-28,232741,83523,37693,43813,79166,151238,-3831,893,81
AD,2023-04-04,232741,80257,43420,46687,73920,151242,-3266,5727,84
AD,2023-04-11,232741,86468,39398,45481,83418,159441,6211,-4022,87
AD,2023-04-18,232741,88628,38071,44610,86966,159708,2160,-1327,89
AD,2023-04-25,232741,98900,45154,54241,93703,178757,10272,7083,92
AD,2023-05-02,232741,102454,45902,52340,97350,181229,3554,748,88
AD,2023-05-09,232741,98698,41801,41225,90418,165532,-3756,-4101,87
AD,2023-05-16,232741,98069,36167,43903,97497,167020,-629,-5634,91
AD,2023-05-23,232741,102079,42036,53419,102500,180138,4010,5869,93
AD,2023-05-30,232741,109462,50362,68969,113095,204963,7383,8326,95
AD,2023-06-06,232741,119775,52279,54501,110969,209680,10313,1917,94
AD,2023-06-13,232741,109260,35353,38758,100503,182562,-10515,-16926,83
AD,2023-06-20,232741,79300,28314,45743,95359,149898,-29960,-7039,82
AD,2023-06-27,232741,67857,29035,45225,84649,136335,-11443,721,79
AD,2023-07-03,232741,82076,30702,50170,94752,153744,14219,1667,83
AD,2023-07-11,232741,87458,33423,43661,88745,152495,5382,2721,82
AD,2023-07-18,232741,84937,33892,38252,88653,148592,-2521,469,86
AD,2023-07-25,232741,80237,30676,39108,90309,146423,-4700,-3216,83
AD,2023-08-01,232741,90885,33615,46612,98404,161298,10648,2939,88
AD,2023-08-08,232741,96999,41154,61091,104283,182842,6114,7539,91
AD,2023-08-15,232741,109110,43852,68623,122020,204458,12111,2698,98
AD,2023-08-22,232741,125129,48235,72034,135820,226955,16019,4383,105
AD,2023-08-29,232741,130388,49782,61376,131561,223489,5259,1547,102
AD,2023-09-05,232741,146176,50810,54032,137569,241201,15788,1028,110
AD,2023-09-12,232741,164961,69971,47309,126842,256219,18785,19161,105
AD,2023-09-19,232741,158199,48187,36780,133726,221229,-6762,-21784,103
AD,2023-09-26,232741,151041,48791,36104,122919,211882,-7158,604,97
AD,2023-10-03,232741,142572,45306,39465,121452,207782,-8469,-3485,100
AD,2023-10-10,232741,134148,43039,31827,108404,190133,-8424,-2267,96
AD,2023-10-17,232741,141329,44197,31565,112304,196044,7181,1158,104
AD,2023-10-24,232741,142753,43900,28018,111099,194666,1424,-297,100
AD,2023-10-31,232741,135553,49121,32805,107915,196866,-7200,5221,103
AD,2023-11-07,232741,126869,53602,34049,99612,192496,-8684,4481,104
AD,2023-11-14,232741,132639,53582,32728,103684,197469,5770,-20,107
AD,2023-11-21,232741,131742,49738,29565,107535,196598,-897,-3844,102
AD,2023-11-28,232741,131213,57424,29203,100422,197053,-529,7686,105
AD,2023-12-05,232741,124388,69489,32886,90567,195569,-6825,12065,101
AD,2023-12-12,232741,140172,85304,30967,83307,208927,15784,15815,101
AD,2023-12-19,232741,83462,37154,35277,85954,147665,-56710,-48150,96
AD,2023-12-26,232741,83467,40405,39011,90314,152735,5,3251,91
AD,2024-01-02,232741,82030,51735,44442,87335,157003,-1437,11330,94
AD,2024-01-09,232741,77374,56304,47326,79600,156375,-4656,4569,93
AD,2024-01-16,232741,83911,44867,45812,93669,163442,6537,-11437,99
AD,2024-01-23,232741,87611,34962,42853,96973,161999,3700,-9905,94
AD,2024-01-30,232741,97888,39041,36956,95251,165531,10277,4079,95
AD,2024-02-06,232741,115517,35486,39242,111055,180793,17629,-3555,104
AD,2024-02-13,232741,128465,37480,47405,126381,199485,12948,1994,108
AD,2024-02-20,232741,131694,39083,49100,130975,205656,3229,1603,104
AD,2024-02-27,232741,129292,39515,49640,128816,204992,-2402,432,106
AD,2024-03-05,232741,151903,56158,53966,138709,234196,22611,16643,110
AD,2024-03-12,232741,151731,54053,41591,132431,229723,-172,-2105,109
AD,2024-03-19,232741,158919,42857,38207,145745,220921,7188,-11196,104
AD,2024-03-26,232741,162079,44539,34438,139890,218982,3160,1682,100
AD,2024-04-02,232741,164790,50704,34557,137242,224894,2711,6165,101
AD,2024-04-09,232741,151421,49811,30556,122897,208938,-13369,-893,99
AD,2024-04-16,232741,169334,52990,42365,143448,234919,17913,3179,114
AD,2024-04-23,232741,174015,59139,43429,139668,239278,4681,6149,113
AD,2024-04-30,232741,157629,65235,41293,124528,224573,-16386,6096,103
AD,2024-05-07,232741,135023,62501,49480,113996,209670,-22606,-2734,100
AD,2024-05-14,232741,131596,54454,40059,117230,201798,-3427,-8047,101
AD,2024-05-21,232741,115463,63870,50536,106769,196609,-16133,9416,108
AD,2024-05-28,232741,112209,62849,53892,103808,193678,-3254,-1021,105
AD,2024-06-04,232741,117000,70077,51661,102964,199796,4791,7228,101
AD,2024-06-11,232741,125453,63410,45540,110325,212796,8453,-6667,100
AD,2024-06-18,232741,86558,50174,55699,97355,174695,-38895,-13236,98
AD,2024-06-25,232741,82549,63206,64620,88296,181071,-4009,13032,95
AD,2024-07-02,232741,88004,76711,77951,93787,197799,5455,13505,98
AD,2024-07-09,232741,89192,101324,98997,96584,225017,1188,24613,113
AD,2024-07-16,232741,84403,112286,106312,95199,229593,-4789,10962,112
AD,2024-07-23,232741,90711,94754,96973,105787,226258,6308,-17532,113
AD,2024-07-30,232741,94451,61621,79236,110606,205852,3740,-33133,104
AD,2024-08-06,232741,97019,52276,68193,108392,192634,2568,-9345,106
AD,2024-08-13,232741,94084,45603,65028,107644,188298,-2935,-6673,100
AD,2024-08-20,232741,89429,51063,70554,109439,187360,-4655,5460,104
AD,2024-08-27,232741,87629,80407,81486,100645,204850,-1800,29344,97
AD,2024-09-03,232741,87254,94066,87118,94982,213538,-375,13659,103
AD,2024-09-10,232741,114426,111806,74259,88301,230013,27172,17740,87
AD,2024-09-17,232741,85069,53091,53941,94063,169684,-29357,-58715,87
AD,2024-09-24,232741,58488,63132,81924,93172,176442,-26581,10041,103
AD,2024-10-01,232741,61915,95766,101462,86934,201032,3427,32634,108
AD,2024-10-08,232741,59057,109310,111561,78139,205706,-2858,13544,105
AD,2024-10-15,232741,56412,94490,99051,79782,193289,-2645,-14820,94
AD,2024-10-22,232741,51835,93365,102509,74830,186950,-4577,-1125,96
AD,2024-10-29,232741,57807,95665,93677,66161,183977,5972,2300,95
AD,2024-11-05,232741,59108,90867,91488,60512,177416,1301,-4798,91
AD,2024-11-12,232741,59537,92171,83555,53760,171880,429,1304,89
AD,2024-11-19,232741,64987,92093,86703,55105,181688,5450,-78,98
AD,2024-11-26,232741,67173,94631,88694,56918,185533,2186,2538,105
AD,2024-12-03,232741,71206,93492,86699,65298,190247,4033,-1139,102
AD,2024-12-10,232741,111884,112619,88751,80266,239026,40678,19127,104
AD,2024-12-17,232741,111276,40177,32929,94460,172661,-608,-72442,107
AD,2024-12-24,232741,117514,39314,31414,99584,177789,6238,-863,108
AD,2024-12-31,232741,116636,38137,35248,106659,182872,-878,-1177,111
BP,2022-01-04,096742,150332,100816,25980,65151,200007,-6543,4042,125
BP,2022-01-11,096742,144550,106518,30506,59672,200493,-5782,5702,125
BP,2022-01-18,096742,114486,111638,39760,40007,183234,-30064,5120,116
BP,2022-01-25,096742,117812,100970,36666,44429,182040,3326,-10668,119
BP,2022-02-01,096742,126536,97645,29597,53202,184007,8724,-3325,124
BP,2022-02-08,096742,120220,110897,44709,53254,197948,-6316,13252,120
BP,2022-02-15,096742,114901,112027,50151,47914,195302,-5319,1130,121
BP,2022-02-22,096742,116372,106302,42249,48058,188443,1471,-5725,118
BP,2022-03-01,096742,131583,117454,47679,48016,211869,15211,11152,124
BP,2022-03-08,096742,164423,138966,50982,63508,246312,32840,21512,124
BP,2022-03-15,096742,125994,88715,32442,61503,188323,-38429,-50251,119
BP,2022-03-22,096742,137829,87439,32753,69997,195712,11835,-1276,122
BP,2022-03-29,096742,164519,112510,30624,70694,224365,26690,25071,119
BP,2022-04-05,096742,175429,117650,35873,77631,238266,10910,5140,122
BP,2022-04-12,096742,186343,115394,35514,88568,246152,10914,-2256,127
BP,2022-04-19,096742,186134,113245,36811,95725,249529,-209,-2149,129
BP,2022-04-26,096742,207141,119230,40436,110057,272792,21007,5985,138
BP,2022-05-03,096742,208754,119728,33536,107349,268496,1613,498,137
BP,2022-05-10,096742,210627,115382,29469,109067,264594,1873,-4346,137
BP,2022-05-17,096742,201647,107303,26613,105854,253811,-8980,-8079,131
BP,2022-05-24,096742,203802,106760,25936,106308,253864,2155,-543,130
BP,2022-05-31,096742,193786,106614,30788,104893,252881,-10016,-146,135
BP,2022-06-07,096742,191742,111277,34618,105428,258623,-2044,4663,134
BP,2022-06-14,096742,184011,102948,29343,94939,238322,-7731,-8329,128
BP,2022-06-21,096742,177170,99268,28470,91717,228266,-6841,-3680,127
BP,2022-06-28,096742,170967,100737,35184,88302,228736,-6203,1469,129
BP,2022-07-05,096742,178745,101736,39618,95826,240926,7778,999,133
BP,2022-07-12,096742,174748,99343,33850,92939,231945,-3997,-2393,135
BP,2022-07-19,096742,170053,99754,31943,89193,228051,-4695,411,135
BP,2022-07-26,096742,168266,97307,34606,88596,225889,-1787,-2447,136
BP,2022-08-02,096742,171966,99389,29305,85714,226987,3700,2082,133
BP,2022-08-09,096742,156282,104232,42219,76687,224581,-15684,4843,133
BP,2022-08-16,096742,156167,108950,44084,77193,227752,-115,4718,131
BP,2022-08-23,096742,161585,112420,58783,86749,248007,5418,3470,141
BP,2022-08-30,096742,172796,121298,58477,87647,262004,11211,8878,144
BP,2022-09-06,096742,189617,119659,52731,103163,280937,16821,-1639,142
BP,2022-09-13,096742,232346,145021,41129,109215,303965,42729,25362,139
BP,2022-09-20,096742,197346,123858,41289,96132,266295,-35000,-21163,138
BP,2022-09-27,096742,195244,130027,59831,106255,281805,-2102,6169,145
BP,2022-10-04,096742,191819,112703,42078,91617,256906,-3425,-17324,137
BP,2022-10-11,096742,179700,114896,48979,88149,255649,-12119,2193,134
BP,2022-10-18,096742,194385,118076,40328,91539,258826,14685,3180,137
BP,2022-10-25,096742,189146,122586,43511,91316,258969,-5239,4510,142
BP,2022-11-01,096742,183210,117833,34979,79815,243549,-5936,-4753,136
BP,2022-11-08,096742,176560,120305,36630,76365,237334,-6650,2472,137
BP,2022-11-15,096742,170322,120883,34699,67533,230102,-6238,578,131
BP,2022-11-22,096742,167143,115656,30917,66859,222317,-3179,-5227,129
BP,2022-11-29,096742,172199,122967,26000,62584,225480,5056,7311,131
BP,2022-12-06,096742,168838,131064,28539,56732,230311,-3361,8097,128
BP,2022-12-13,096742,158686,127398,32008,57747,240264,-10152,-3666,128
BP,2022-12-20,096742,123375,110718,35284,40887,187766,-35311,-16680,122
BP,2022-12-27,096742,128090,108829,40585,51472,195440,4715,-1889,126
BP,2023-01-03,096742,135314,105622,43625,63926,205722,7224,-3207,127
BP,2023-01-10,096742,138532,103264,36007,65463,202713,3218,-2358,124
BP,2023-01-17,096742,130575,99139,41469,66166,201956,-7957,-4125,122
BP,2023-01-24,096742,127207,99553,34756,58690,194051,-3368,414,119
BP,2023-01-31,096742,130370,101702,36234,54551,196113,3163,2149,116
BP,2023-02-07,096742,132947,101601,47131,61252,203720,2577,-101,127
BP,2023-02-14,096742,138641,104626,42198,61993,205316,5694,3025,126
BP,2023-02-21,096742,143077,105436,45475,66891,213502,4436,810,124
BP,2023-02-28,096742,145180,108739,41562,65286,212064,2103,3303,126
BP,2023-03-07,096742,145695,111782,49111,66513,222558,515,3043,130
BP,2023-03-14,096742,128752,103050,32334,49648,193377,-16943,-8732,109
BP,2023-03-21,096742,129030,103524,28652,49150,190796,278,474,114
BP,2023-03-28,096742,133149,110572,28355,52439,199868,4119,7048,114
BP,2023-04-04,096742,133802,124921,46415,61208,224690,653,14349,124
BP,2023-04-11,096742,125634,130975,54928,57326,225292,-8168,6054,127
BP,2023-04-18,096742,127731,135726,53834,52532,224536,2097,4751,120
BP,2023-04-25,096742,127306,137836,59405,53566,231666,-425,2110,119
BP,2023-05-02,096742,131148,135965,58661,57596,231602,3842,-1871,124
BP,2023-05-09,096742,126935,138463,71561,67033,242576,-4213,2498,129
BP,2023-05-16,096742,125675,143404,77388,64795,247165,-1260,4941,129
BP,2023-05-23,096742,123348,140024,69203,57614,237614,-2327,-3380,124
BP,2023-05-30,096742,124002,139210,70320,57085,240301,654,-814,122
BP,2023-06-06,096742,128441,142565,65063,52579,242117,4439,3355,125
BP,2023-06-13,096742,147717,166317,76383,69648,290350,19276,23752,129
BP,2023-06-20,096742,73692,132695,101567,54959,226505,-74025,-33622,134
BP,2023-06-27,096742,75034,141835,104382,52388,229970,1342,9140,136
BP,2023-07-03,096742,74446,138110,96461,46196,221021,-588,-3725,131
BP,2023-07-11,096742,73150,145851,111667,53604,239125,-1296,7741,138
BP,2023-07-18,096742,76229,157835,135269,71540,265766,3079,11984,142
BP,2023-07-25,096742,75737,152721,105498,46503,237340,-492,-5114,123
BP,2023-08-01,096742,75949,142668,92175,42613,220906,212,-10053,120
BP,2023-08-08,096742,75990,133869,83239,36219,206954,41,-8799,113
BP,2023-08-15,096742,77496,137684,90541,39553,215340,1506,3815,117
BP,2023-08-22,096742,82487,147211,98061,38954,228179,4991,9527,120
BP,2023-08-29,096742,83880,140489,97143,48742,228616,1393,-6722,127
BP,2023-09-05,096742,84129,134084,92645,46261,225404,249,-6405,118
BP,2023-09-12,096742,80441,131609,97365,51191,227437,-3688,-2475,124
BP,2023-09-19,096742,70362,102943,85095,51412,191117,-10079,-28666,124
BP,2023-09-26,096742,109264,117951,84750,69081,227843,38902,15008,127
BP,2023-10-03,096742,135637,118092,73911,80591,241045,26373,141,127
BP,2023-10-10,096742,134573,113166,66290,76338,231510,-1064,-4926,123
BP,2023-10-17,096742,125328,105357,65537,76746,222945,-9245,-7809,117
BP,2023-10-24,096742,132744,105407,67119,85755,233259,7416,50,121
BP,2023-10-31,096742,136888,102734,63712,84083,229991,4144,-2673,120
BP,2023-11-07,096742,125781,96615,57532,73784,212730,-11107,-6119,122
BP,2023-11-14,096742,130004,94565,52797,80527,216411,4223,-2050,118
BP,2023-11-21,096742,129406,98198,43300,69398,208657,-598,3633,115
BP,2023-11-28,096742,118253,108189,61296,69191,217372,-11153,9991,120
BP,2023-12-05,096742,109112,121095,66359,54694,218873,-9141,12906,116
BP,2023-12-12,096742,115620,135721,72011,50430,243677,6508,14626,114
BP,2023-12-19,096742,71626,99066,68810,48884,177998,-43994,-36655,110
BP,2023-12-26,096742,76501,98403,58750,44658,175138,4875,-663,102
BP,2024-01-02,096742,78751,96001,61794,46589,177770,2250,-2402,106
BP,2024-01-09,096742,75972,98847,60684,39950,172631,-2779,2846,105
BP,2024-01-16,096742,74438,105418,66230,35299,179758,-1534,6571,107
BP,2024-01-23,096742,73087,107426,72599,41162,185680,-1351,2008,106
BP,2024-01-30,096742,72532,109912,77499,43346,192229,-555,2486,106
BP,2024-02-06,096742,80560,109432,83936,49461,199246,8028,-480,117
BP,2024-02-13,096742,72289,119172,90545,40073,199070,-8271,9740,110
BP,2024-02-20,096742,72901,121907,87602,41290,199275,612,2735,110
BP,2024-02-27,096742,75762,127352,91970,45612,210828,2861,5445,109
BP,2024-03-05,096742,71655,135778,102279,43894,221726,-4107,8426,115
BP,2024-03-12,096742,104338,183258,123285,52834,277702,32683,47480,131
BP,2024-03-19,096742,57898,115515,102605,49405,197398,-46440,-67743,124
BP,2024-03-26,096742,78159,115244,91261,56091,203109,20261,-271,124
BP,2024-04-02,096742,90146,129546,98352,54938,219176,11987,14302,130
BP,2024-04-09,096742,96196,123251,80000,51748,211286,6050,-6295,120
BP,2024-04-16,096742,129957,126985,71800,63181,229420,33761,3734,130
BP,2024-04-23,096742,162986,122133,48459,74692,242821,33029,-4852,121
BP,2024-04-30,096742,162366,118806,43668,72658,235610,-620,-3327,124
BP,2024-05-07,096742,141835,108865,51777,73590,223730,-20531,-9941,123
BP,2024-05-14,096742,137917,111122,48674,68749,223242,-3918,2257,119
BP,2024-05-21,096742,111397,111417,68538,67485,223976,-26520,295,118
BP,2024-05-28,096742,118109,150282,93041,67639,268749,6712,38865,126
BP,2024-06-04,096742,112717,161495,102118,58908,267750,-5392,11213,115
BP,2024-06-11,096742,118817,175251,110300,58179,275487,6100,13756,119
BP,2024-06-18,096742,64996,113756,105920,58299,207303,-53821,-61495,114
BP,2024-06-25,096742,69497,114523,102547,58499,207697,4501,767,115
BP,2024-07-02,096742,52797,117856,106753,44712,198119,-16700,3333,113
BP,2024-07-09,096742,46249,140835,135316,50626,224179,-6548,22979,121
BP,2024-07-16,096742,50803,199921,183287,50385,280623,4554,59086,128
BP,2024-07-23,096742,57005,211274,188489,46306,289241,6202,11353,133
BP,2024-07-30,096742,59012,182171,165635,54164,268554,2007,-29103,128
BP,2024-08-06,096742,58800,139880,126080,51681,224042,-212,-42291,117
BP,2024-08-13,096742,57134,115474,102603,54791,205569,-1666,-24406,111
BP,2024-08-20,096742,55248,135203,125634,58123,231383,-1886,19729,127
BP,2024-08-27,096742,65042,170287,152163,62232,274215,9794,35084,132
BP,2024-09-03,096742,69973,190928,160773,52695,285461,4931,20641,127
BP,2024-09-10,096742,69944,177222,142072,51784,272336,-29,-13706,122
BP,2024-09-17,096742,47645,127396,124822,61843,212595,-22299,-49826,126
BP,2024-09-24,096742,52374,156757,155325,68333,251641,4729,29361,137
BP,2024-10-01,096742,51360,162795,161469,67704,257312,-1014,6038,122
BP,2024-10-08,096742,54329,162337,157666,64531,255908,2969,-458,121
BP,2024-10-15,096742,54936,154384,151923,66121,250150,607,-7953,123
BP,2024-10-22,096742,50886,131948,140603,66027,230130,-4050,-22436,118
BP,2024-10-29,096742,48596,122897,132636,66280,221535,-2290,-9051,120
BP,2024-11-05,096742,56459,112019,120737,75653,219857,7863,-10878,114
BP,2024-11-12,096742,54642,113790,119992,63942,212345,-1817,1771,119
BP,2024-11-19,096742,80547,119613,101713,61398,220896,25905,5823,108
BP,2024-11-26,096742,108932,121718,98459,76825,239062,28385,2105,117
BP,2024-12-03,096742,114068,123063,98056,78730,243504,5136,1345,111
BP,2024-12-10,096742,162912,184816,102763,75638,311725,48844,61753,115
BP,2024-12-17,096742,71728,87986,88265,66618,187135,-91184,-96830,107
BP,2024-12-24,096742,76000,88844,84558,65235,188844,4272,858,106
BP,2024-12-31,096742,74237,88489,86202,65367,188879,-1763,-355,108
C,2022-01-04,002602,665410,1048210,526997,81516,1520233,-558,-29551,780
C,2022-01-11,002602,686116,1052949,491328,83836,1504234,20706,4739,777
C,2022-01-18,002602,688600,1031287,476449,88311,1487858,2484,-21662,778
C,2022-01-25,002602,680057,1069528,524903,85805,1539124,-8543,38241,782
C,2022-02-01,002602,679215,1086878,547596,92376,1568959,-842,17350,788
C,2022-02-08,002602,693712,1076586,519855,100253,1575318,14497,-10292,801
C,2022-02-15,002602,723086,1098055,510734,96242,1607591,29374,21469,790
C,2022-02-22,002602,680211,1091173,536898,85156,1563758,-42875,-6882,796
C,2022-03-01,002602,652937,1080749,531633,70695,1484670,-27274,-10424,808
C,2022-03-08,002602,678788,1135472,558302,60269,1487815,25851,54723,792
C,2022-03-15,002602,673921,1142679,571419,64213,1504159,-4867,7207,801
C,2022-03-22,002602,676718,1147433,582844,63488,1526201,2797,4754,792
C,2022-03-29,002602,691549,1116248,552536,70444,1515106,14831,-31185,789
C,2022-04-05,002602,706995,1131149,558043,70970,1556206,15446,14901,786
C,2022-04-12,002602,721141,1164847,572527,76946,1589848,14146,33698,808
C,2022-04-19,002602,731004,1187273,586638,86026,1625198,9863,22426,822
C,2022-04-26,002602,666263,1113519,575082,77457,1525877,-64741,-73754,823
C,2022-05-03,002602,642906,1094116,589856,87991,1513880,-23357,-19403,820
C,2022-05-10,002602,644830,1060175,573327,102419,1510783,1924,-33941,827
C,2022-05-17,002602,653039,1077795,589352,115609,1548438,8209,17620,806
C,2022-05-24,002602,657258,1029780,563850,136002,1544885,4219,-48015,796
C,2022-05-31,002602,657849,1011197,551849,147649,1564217,591,-18583,814
C,2022-06-07,002602,673039,1010176,520783,129519,1557167,15190,-1021,797
C,2022-06-14,002602,678186,1022382,519685,119910,1521565,5147,12206,778
C,2022-06-21,002602,675580,1002054,504174,124005,1512152,-2606,-20328,774
C,2022-06-28,002602,597265,871375,433710,105608,1338054,-78315,-130679,753
C,2022-07-05,002602,618691,826132,395713,135008,1331035,21426,-45243,753
C,2022-07-12,002602,624590,821123,384324,137168,1333199,5899,-5009,748
C,2022-07-19,002602,631146,796757,358478,148538,1308458,6556,-24366,740
C,2022-07-26,002602,649795,788694,330027,143499,1320768,18649,-8063,737
C,2022-08-02,002602,647342,796776,346483,145128,1347894,-2453,8082,745
C,2022-08-09,002602,639748,800402,349498,138712,1317913,-7594,3626,737
C,2022-08-16,002602,642350,808668,367371,147242,1316462,2602,8266,747
C,2022-08-23,002602,619600,826406,389720,126477,1312958,-22750,17738,738
C,2022-08-30,002602,595440,821199,402312,118915,1267735,-24160,-5207,761
C,2022-09-06,002602,590573,821275,406895,120348,1280087,-4867,76,761
C,2022-09-13,002602,588143,822322,424311,129742,1310411,-2430,1047,779
C,2022-09-20,002602,591425,832663,432909,127232,1330841,3282,10341,775
C,2022-09-27,002602,604188,833624,415961,119339,1347278,12763,961,757
C,2022-10-04,002602,620478,860437,415676,110714,1365622,16290,26813,764
C,2022-10-11,002602,637863,896088,445776,120655,1408939,17385,35651,773
C,2022-10-18,002602,635253,884508,437906,125487,1419087,-2610,-11580,756
C,2022-10-25,002602,625537,899182,453036,123252,1445842,-9716,14674,754
C,2022-11-01,002602,624855,911645,465181,124393,1472517,-682,12463,766
C,2022-11-08,002602,657281,911463,437467,135913,1484427,32426,-182,764
C,2022-11-15,002602,667033,878895,386487,133579,1421555,9752,-32568,741
C,2022-11-22,002602,624358,839854,373722,124957,1362664,-42675,-39041,756
C,2022-11-29,002602,552816,783985,360350,90108,1226410,-71542,-55869,712
C,2022-12-06,002602,597177,754713,315270,116895,1232307,44361,-29272,724
C,2022-12-13,002602,570199,743422,316184,103954,1205259,-26978,-11291,706
C,2022-12-20,002602,557960,716576,308817,108837,1187781,-12239,-26846,686
C,2022-12-27,002602,545317,735190,332327,97194,1186971,-12643,18614,681
C,2023-01-03,002602,541890,759007,359493,91961,1221434,-3427,23817,689
C,2023-01-10,002602,561153,743764,332822,99027,1214817,19263,-15243,703
C,2023-01-17,002602,558706,772504,376732,104859,1251033,-2447,28740,706
C,2023-01-24,002602,558456,764118,388317,110948,1274410,-250,-8386,709
C,2023-01-31,002602,545068,770690,407766,110954,1298164,-13388,6572,717
C,2023-02-07,002602,570044,774469,406535,124185,1319429,24976,3779,710
C,2023-02-14,002602,567684,791288,428415,123703,1375249,-2360,16819,710
C,2023-02-21,002602,561129,770764,414502,131479,1340322,-6555,-20524,704
C,2023-02-28,002602,586528,661874,338242,195111,1248175,25399,-108890,710
C,2023-03-07,002602,609285,653457,328158,224886,1278143,22757,-8417,729
C,2023-03-14,002602,673214,653531,316200,272423,1336866,63929,74,735
C,2023-03-21,002602,667983,664190,327137,267661,1349372,-5231,10659,719
C,2023-03-28,002602,661172,673690,317171,245643,1345886,-6811,9500,714
C,2023-04-04,002602,644140,697454,310288,224598,1334671,-17032,23764,728
C,2023-04-11,002602,640896,686179,336195,232886,1338484,-3244,-11275,708
C,2023-04-18,002602,635232,676476,340625,234989,1319551,-5664,-9703,716
C,2023-04-25,002602,644207,609507,297251,272603,1242943,8975,-66969,702
C,2023-05-02,002602,648610,535351,269161,329794,1223954,4403,-74156,700
C,2023-05-09,002602,656111,552459,273098,332191,1269874,7501,17108,709
C,2023-05-16,002602,677060,574435,282281,330740,1299501,20949,21976,719
C,2023-05-23,002602,682886,567054,282880,345147,1299841,5826,-7381,717
C,2023-05-30,002602,685222,613012,274956,295363,1319205,2336,45958,712
C,2023-06-06,002602,672074,605954,268763,283534,1322137,-13148,-7058,715
C,2023-06-13,002602,649579,636729,279814,234722,1295247,-22495,30775,710
C,2023-06-20,002602,623477,681507,342125,223352,1290348,-26102,44778,707
C,2023-06-27,002602,605531,665560,296186,182748,1246075,-17946,-15947,699
C,2023-07-03,002602,610770,610246,270772,224369,1246983,5239,-55314,694
C,2023-07-11,002602,600948,565733,268196,260385,1241940,-9822,-44513,684
C,2023-07-18,002602,624697,593429,270722,250852,1285176,23749,27696,698
C,2023-07-25,002602,622624,629590,291631,221155,1280207,-2073,36161,688
C,2023-08-01,002602,618095,636317,307432,227358,1317852,-4529,6727,699
C,2023-08-08,002602,619891,593097,290414,264687,1284433,1796,-43220,684
C,2023-08-15,002602,637897,564723,277537,304503,1287019,18006,-28374,705
C,2023-08-22,002602,643827,546858,278071,329621,1301339,5930,-17865,712
C,2023-08-29,002602,609413,530033,271797,307610,1214917,-34414,-16825,704
C,2023-09-05,002602,601098,521133,278322,323954,1229700,-8315,-8900,711
C,2023-09-12,002602,628085,509249,264473,352461,1268176,26987,-11884,708
C,2023-09-19,002602,639517,504761,270874,372107,1292194,11432,-4488,723
C,2023-09-26,002602,669786,518336,275064,393604,1339607,30269,13575,725
C,2023-10-03,002602,672709,531906,281318,388862,1367904,2923,13570,717
C,2023-10-10,002602,645810,551423,290632,355416,1357079,-26899,19517,719
C,2023-10-17,002602,644478,551066,288470,351024,1360702,-1332,-357,704
C,2023-10-24,002602,653322,570288,283037,331317,1401898,8844,19222,713
C,2023-10-31,002602,659639,545586,278919,366615,1412108,6317,-24702,707
C,2023-11-07,002602,673306,545209,271577,377618,1436125,13667,-377,729
C,2023-11-14,002602,681380,548295,280425,389625,1448933,8074,3086,711
C,2023-11-21,002602,675854,532631,282624,406630,1431159,-5526,-15664,714
C,2023-11-28,002602,616045,440885,251194,408342,1290429,-59809,-91746,681
C,2023-12-05,002602,586174,448420,272899,383338,1256256,-29871,7535,673
C,2023-12-12,002602,585265,453735,266655,367870,1251100,-909,5315,684
C,2023-12-19,002602,584989,437087,267414,394984,1267540,-276,-16648,699
C,2023-12-26,002602,592129,440252,265359,393010,1280828,7140,3165,697
C,2024-01-02,002602,618342,443244,262351,409079,1330004,26213,2992,699
C,2024-01-09,002602,654962,460941,263111,436144,1410115,36620,17697,719
C,2024-01-16,002602,718815,476598,252825,472793,1503822,63853,15657,729
C,2024-01-23,002602,748409,509583,260804,480004,1584896,29594,32985,738
C,2024-01-30,002602,745348,503621,266671,491503,1602005,-3061,-5962,730
C,2024-02-06,002602,742316,498325,275964,505386,1609377,-3032,-5296,733
C,2024-02-13,002602,730978,467474,281214,527153,1610391,-11338,-30851,733
C,2024-02-20,002602,738256,455788,282549,548616,1600980,7278,-11686,726
C,2024-02-27,002602,670777,420149,295676,528280,1504488,-67479,-35639,695
C,2024-03-05,002602,646676,407215,291829,522716,1502134,-24101,-12934,698
C,2024-03-12,002602,658122,459072,297244,486274,1532171,11446,51857,709
C,2024-03-19,002602,683677,500187,294129,469642,1566606,25555,41115,717
C,2024-03-26,002602,697082,502483,293932,471953,1591835,13405,2296,702
C,2024-04-02,002602,698351,505711,294298,475634,1620571,1269,3228,702
C,2024-04-09,002602,677996,482114,278917,469108,1557580,-20355,-23597,709
C,2024-04-16,002602,688963,474793,278571,483428,1520896,10967,-7321,718
C,2024-04-23,002602,676526,504138,288529,448697,1512625,-12437,29345,719
C,2024-04-30,002602,624235,467130,284015,427439,1417715,-52291,-37008,711
C,2024-05-07,002602,621487,564845,311911,343265,1456699,-2748,97715,740
C,2024-05-14,002602,632478,592073,337217,336993,1513128,10991,27228,740
C,2024-05-21,002602,650663,574578,332720,374547,1535429,18185,-17495,753
C,2024-05-28,002602,650550,559616,337903,389535,1542346,-113,-14962,739
C,2024-06-04,002602,702466,547217,339144,459077,1635740,51916,-12399,733
C,2024-06-11,002602,684662,548998,367952,468984,1600311,-17804,1781,741
C,2024-06-18,002602,667897,555515,382946,459657,1566775,-16765,6517,738
C,2024-06-25,002602,661385,467474,350579,520362,1519023,-6512,-88041,728
C,2024-07-02,002602,672890,437122,313757,542468,1520100,11505,-30352,740
C,2024-07-09,002602,698186,447624,309195,549136,1561542,25296,10502,751
C,2024-07-16,002602,716565,470342,307784,546600,1573324,18379,22718,758
C,2024-07-23,002602,727399,495169,322869,544821,1597184,10834,24827,760
C,2024-07-30,002602,729696,504138,308633,521075,1597889,2297,8969,748
C,2024-08-06,002602,705379,531900,320403,472372,1578304,-24317,27762,726
C,2024-08-13,002602,690965,512894,328996,483001,1578796,-14414,-19006,751
C,2024-08-20,002602,697858,500737,319844,485140,1552961,6893,-12157,761
C,2024-08-27,002602,644776,469761,317652,466186,1452969,-53082,-30976,732
C,2024-09-03,002602,605741,482835,335231,425714,1359772,-39035,13074,735
C,2024-09-10,002602,602238,509394,339497,387257,1360059,-3503,26559,730
C,2024-09-17,002602,623438,519349,337834,404129,1421907,21200,9955,741
C,2024-09-24,002602,639476,537283,326166,390388,1467170,16038,17934,745
C,2024-10-01,002602,661230,604052,321301,328494,1484174,21754,66769,732
C,2024-10-08,002602,670624,650396,323640,287569,1494666,9394,46344,744
C,2024-10-15,002602,721807,665689,333139,338291,1554671,51183,15293,759
C,2024-10-22,002602,761456,734981,377721,359881,1643455,39649,69292,781
C,2024-10-29,002602,769258,806110,405262,321958,1683328,7802,71129,786
C,2024-11-05,002602,753738,813967,422877,320229,1673634,-15520,7857,803
C,2024-11-12,002602,763888,890008,434784,257138,1674185,10150,76041,830
C,2024-11-19,002602,787938,901089,418990,255689,1666967,24050,11081,807
C,2024-11-26,002602,724811,821131,399710,262841,1545896,-63127,-79958,771
C,2024-12-03,002602,711737,813705,404920,267692,1532058,-13074,-7426,769
C,2024-12-10,002602,707447,890929,465806,241383,1583031,-4290,77224,814
C,2024-12-17,002602,745237,915915,454635,232787,1616832,37790,24986,792
C,2024-12-24,002602,752930,920273,461845,236170,1623692,7693,4358,796
C,2024-12-31,002602,736097,967370,493433,202918,1650801,-16833,47097,802
CD,2022-01-04,090741,61198,52656,41905,52930,135633,-1519,-2894,103
CD,2022-01-11,090741,59569,57573,44284,51660,138571,-1629,4917,99
CD,2022-01-18,090741,58921,72644,49792,42300,143371,-648,15071,102
CD,2022-01-25,090741,57492,77073,53129,40812,146448,-1429,4429,96
CD,2022-02-01,090741,57524,83146,52386,34122,145082,32,6073,100
CD,2022-02-08,090741,58404,75362,54762,39876,145208,880,-7784,105
CD,2022-02-15,090741,58524,73640,54424,42254,144815,120,-1722,106
CD,2022-02-22,090741,58345,72488,47661,38408,140305,-179,-1152,106
CD,2022-03-01,090741,57576,79162,50881,36741,143507,-769,6674,109
CD,2022-03-08,090741,62360,77854,48492,40846,149425,4784,-1308,104
CD,2022-03-15,090741,59344,72489,47406,29666,143863,-3016,-5365,106
CD,2022-03-22,090741,59269,66834,29314,34254,124090,-75,-5655,99
CD,2022-03-29,090741,76738,92256,32429,33964,147421,17469,25422,101
CD,2022-04-05,090741,77906,108320,37325,30402,157562,1168,16064,103
CD,2022-04-12,090741,76922,110372,37724,25566,155390,-984,2052,105
CD,2022-04-19,090741,68989,108327,44063,22837,153302,-7933,-2045,107
CD,2022-04-26,090741,69995,100476,48787,27906,155362,1006,-7851,111
CD,2022-05-03,090741,72629,85588,44670,35641,152779,2634,-14888,109
CD,2022-05-10,090741,75215,72276,38679,44086,151009,2586,-13312,112
CD,2022-05-17,090741,79825,67234,36069,50565,151585,4610,-5042,109
CD,2022-05-24,090741,74953,68020,28999,41686,138508,-4872,786,108
CD,2022-05-31,090741,70006,70333,30520,37527,135929,-4947,2313,106
CD,2022-06-07,090741,74044,87445,39288,40350,167373,4038,17112,106
CD,2022-06-14,090741,79064,109348,56550,33348,175219,5020,21903,105
CD,2022-06-21,090741,67084,73662,42260,38155,140047,-11980,-35686,109
CD,2022-06-28,090741,65407,77654,45893,36796,142584,-1677,3992,109
CD,2022-07-05,090741,67829,72362,45365,41072,145372,2422,-5292,110
CD,2022-07-12,090741,64673,69326,41613,38108,139297,-3156,-3036,100
CD,2022-07-19,090741,67038,75784,42040,35373,142216,2365,6458,102
CD,2022-07-26,090741,61869,84066,46414,30645,144182,-5169,8282,95
CD,2022-08-02,090741,59355,89762,48342,28065,145914,-2514,5696,92
CD,2022-08-09,090741,59798,89541,46898,25675,143646,443,-221,91
CD,2022-08-16,090741,58476,90605,51843,24976,147596,-1322,1064,89
CD,2022-08-23,090741,61209,90892,53617,30390,152685,2733,287,94
CD,2022-08-30,090741,61821,90860,58704,34525,158165,612,-32,94
CD,2022-09-06,090741,66485,85401,57185,39275,160567,4664,-5459,97
CD,2022-09-13,090741,66866,80342,48102,35677,149556,381,-5059,102
CD,2022-09-20,090741,73298,72406,47913,45857,160314,6432,-7936,114
CD,2022-09-27,090741,75267,53560,33677,51343,140889,1969,-18846,114
CD,2022-10-04,090741,70624,52677,36246,57653,141799,-4643,-883,115
CD,2022-10-11,090741,77929,50563,32476,58148,144000,7305,-2114,110
CD,2022-10-18,090741,78895,53792,35384,55957,146425,966,3229,110
CD,2022-10-25,090741,74064,56011,35607,53762,143417,-4831,2219,111
CD,2022-11-01,090741,74352,55077,38522,56171,147170,288,-934,111
CD,2022-11-08,090741,75750,57820,39586,58050,147555,1398,2743,115
CD,2022-11-15,090741,70173,55944,37456,50376,139753,-5577,-1876,106
CD,2022-11-22,090741,65508,52844,36733,48405,134901,-4665,-3100,99
CD,2022-11-29,090741,66304,52353,35123,51239,136654,796,-491,109
CD,2022-12-06,090741,79379,56474,30717,52807,148891,13075,4121,108
CD,2022-12-13,090741,87471,62547,31720,58968,169433,8092,6073,111
CD,2022-12-20,090741,94996,72010,39705,66666,180857,7525,9463,110
CD,2022-12-27,090741,78624,50198,28879,58912,140544,-16372,-21812,108
CD,2023-01-03,090741,77624,53083,25497,52263,138995,-1000,2885,105
CD,2023-01-10,090741,75060,47795,22166,53121,133888,-2564,-5288,93
CD,2023-01-17,090741,75387,47899,20897,48156,132346,327,104,90
CD,2023-01-24,090741,77571,48412,25978,56690,137476,2184,513,103
CD,2023-01-31,090741,77299,49662,26404,56588,140167,-272,1250,99
CD,2023-02-07,090741,80689,48743,33292,66383,149621,3390,-919,97
CD,2023-02-14,090741,88778,52420,24466,59960,149059,8089,3677,92
CD,2023-02-21,090741,90489,50736,21889,59392,151896,1711,-1684,105
CD,2023-02-28,090741,97390,58930,31599,67673,165097,6901,8194,115
CD,2023-03-07,090741,104046,64577,62108,91310,203816,6656,5647,128
CD,2023-03-14,090741,146380,110011,60738,92453,244421,42334,45434,125
CD,2023-03-21,090741,127798,63349,18812,75633,178185,-18582,-46662,111
CD,2023-03-28,090741,124285,60868,19672,76497,176559,-3513,-2481,108
CD,2023-04-04,090741,118790,60642,16607,75116,169138,-5495,-226,115
CD,2023-04-11,090741,116537,58332,16914,73493,164875,-2253,-2310,113
CD,2023-04-18,090741,96421,54227,17806,64039,148638,-20116,-4105,100
CD,2023-04-25,090741,93784,47906,24295,68086,151786,-2637,-6321,111
CD,2023-05-02,090741,110317,53730,27899,77995,171054,16533,5824,112
CD,2023-05-09,090741,94662,52705,29609,71872,159364,-15655,-1025,105
CD,2023-05-16,090741,98089,53556,28514,71504,161195,3427,851,99
CD,2023-05-23,090741,103597,54457,20388,68914,159199,5508,901,101
CD,2023-05-30,090741,107243,68206,37619,67533,179871,3646,13749,107
CD,2023-06-06,090741,106003,67547,21709,60038,168025,-1240,-659,97
CD,2023-06-13,090741,98335,68959,15536,52204,167232,-7668,1412,98
CD,2023-06-20,090741,114925,96167,28187,61730,184106,16590,27208,111
CD,2023-06-27,090741,73407,90141,50307,53154,167798,-41518,-6026,102
CD,2023-07-03,090741,73437,92252,44178,39651,156284,30,2111,102
CD,2023-07-11,090741,68935,82961,35072,30628,140395,-4502,-9291,92
CD,2023-07-18,090741,73833,86824,33877,33356,146171,4898,3863,97
CD,2023-07-25,090741,73539,95635,42759,37229,156395,-294,8811,97
CD,2023-08-01,090741,72951,96220,36278,29913,152606,-588,585,100
CD,2023-08-08,090741,73301,77918,29481,30104,140960,350,-18302,100
CD,2023-08-15,090741,85774,72005,37112,48523,157827,12473,-5913,104
CD,2023-08-22,090741,92691,76558,35993,48063,166147,6917,4553,99
CD,2023-08-29,090741,94881,76942,42527,58288,177048,2190,384,103
CD,2023-09-05,090741,103959,74498,45761,70724,189660,9078,-2444,108
CD,2023-09-12,090741,131976,82701,40298,82181,217080,28017,8203,107
CD,2023-09-19,090741,184750,135946,19027,67054,246847,52774,53245,108
CD,2023-09-26,090741,120758,90939,17006,49702,175848,-63992,-45007,104
CD,2023-10-03,090741,127502,88921,21674,61825,189443,6744,-2018,108
CD,2023-10-10,090741,124157,75737,20342,66831,179357,-3345,-13184,104
CD,2023-10-17,090741,125109,75003,21640,70179,183938,952,-734,108
CD,2023-10-24,090741,127101,73501,22326,70965,184747,1992,-1502,112
CD,2023-10-31,090741,133433,77381,25418,74750,198528,6332,3880,118
CD,2023-11-07,090741,145272,72704,17171,84892,200364,11839,-4677,122
CD,2023-11-14,090741,152043,74345,18678,89081,206046,6771,1641,121
CD,2023-11-21,090741,145080,74997,19407,84847,203248,-6963,652,117
CD,2023-11-28,090741,143464,75927,18991,82233,200864,-1616,930,115
CD,2023-12-05,090741,141259,77969,19753,77601,197791,-2205,2042,108
CD,2023-12-12,090741,153678,92485,19457,74702,213873,12419,14516,109
CD,2023-12-19,090741,148747,98170,28862,83195,214241,-4931,5685,106
CD,2023-12-26,090741,98388,74440,41685,76406,176452,-50359,-23730,111
CD,2024-01-02,090741,97957,89637,50895,72026,184476,-431,15197,108
CD,2024-01-09,090741,93842,95629,42286,49666,171557,-4115,5992,103
CD,2024-01-16,090741,91783,86855,38738,52126,165998,-2059,-8774,107
CD,2024-01-23,090741,87877,84716,34310,42761,155138,-3906,-2139,100
CD,2024-01-30,090741,86763,90963,39101,41489,159376,-1114,6247,103
CD,2024-02-06,090741,94058,89646,32782,40518,160118,7295,-1317,103
CD,2024-02-13,090741,92188,85230,35698,41180,161519,-1870,-4416,102
CD,2024-02-20,090741,88205,86860,37108,37971,157666,-3983,1630,100
CD,2024-02-27,090741,90546,91119,41158,42536,166484,2341,4259,102
CD,2024-03-05,090741,106182,82615,42590,62427,183697,15636,-8504,111
CD,2024-03-12,090741,113942,83646,35964,66838,193223,7760,1031,105
CD,2024-03-19,090741,153407,111970,45761,82909,230592,39465,28324,117
CD,2024-03-26,090741,121200,66723,37915,88205,190995,-32207,-45247,110
CD,2024-04-02,090741,120307,67826,44220,95443,197171,-893,1103,115
CD,2024-04-09,090741,127944,69604,34741,88126,192964,7637,1778,114
CD,2024-04-16,090741,166834,75262,37067,119882,237526,38890,5658,132
CD,2024-04-23,090741,157017,72555,35873,112323,226747,-9817,-2707,122
CD,2024-04-30,090741,144359,73869,33793,96994,211555,-12658,1314,126
CD,2024-05-07,090741,148390,76545,32945,102166,216708,4031,2676,121
CD,2024-05-14,090741,147626,69406,34286,114589,220840,-764,-7139,116
CD,2024-05-21,090741,164291,72434,35399,126223,234491,16665,3028,128
CD,2024-05-28,090741,189745,99392,37299,123884,264401,25454,26958,124
CD,2024-06-04,090741,193449,93545,37360,128999,265761,3704,-5847,124
CD,2024-06-11,090741,231560,93499,37310,166803,307387,38111,-46,135
CD,2024-06-18,090741,292398,134019,22778,170709,351458,60838,40520,128
CD,2024-06-25,090741,214107,87777,27790,150202,278437,-78291,-46242,130
CD,2024-07-02,090741,205557,81054,21850,142202,263465,-8550,-6723,127
CD,2024-07-09,090741,198168,84860,20263,131475,257288,-7389,3806,117
CD,2024-07-16,090741,219027,81448,24734,157207,280941,20859,-3412,122
CD,2024-07-23,090741,253851,85187,24087,185690,315684,34824,3739,131
CD,2024-07-30,090741,289776,85990,23726,219989,351856,35925,803,145
CD,2024-08-06,090741,274249,88811,21993,203625,335120,-15527,2821,134
CD,2024-08-13,090741,265254,84296,20668,200279,323167,-8995,-4515,128
CD,2024-08-20,090741,258246,91240,19528,183938,314073,-7008,6944,117
CD,2024-08-27,090741,228771,122627,19325,129327,296041,-29475,31387,121
CD,2024-09-03,090741,178469,116456,31460,100004,255897,-50302,-6171,116
CD,2024-09-10,090741,176814,109896,23773,92726,251209,-1655,-6560,108
CD,2024-09-17,090741,197838,129777,21464,94614,256538,21024,19881,104
CD,2024-09-24,090741,153065,93319,25305,90894,213164,-44773,-36458,111
CD,2024-10-01,090741,156149,95981,25151,95154,216044,3084,2662,113
CD,2024-10-08,090741,168983,82753,21643,110794,224645,12834,-13228,107
CD,2024-10-15,090741,226425,102519,36718,159111,296537,57442,19766,125
CD,2024-10-22,090741,245856,97161,28439,169070,308279,19431,-5358,121
CD,2024-10-29,090741,266311,92045,27399,194898,329945,20455,-5116,134
CD,2024-11-05,090741,272938,92020,26816,202045,336467,6627,-25,132
CD,2024-11-12,090741,283278,91946,22011,204400,342557,10340,-74,132
CD,2024-11-19,090741,285755,95079,23904,207470,348354,2477,3133,139
CD,2024-11-26,090741,259420,100850,21281,175283,322420,-26335,5771,135
CD,2024-12-03,090741,261571,96066,21696,181042,324325,2151,-4784,137
CD,2024-12-10,090741,333506,137570,29034,210588,408181,71935,41504,141
CD,2024-12-17,090741,430972,235515,19170,201225,485592,97466,97945,134
CD,2024-12-24,090741,299476,111079,13502,190222,345942,-131496,-124436,133
CD,2024-12-31,090741,299876,110756,20884,196592,353686,400,-323,131
CL,2022-01-04,067651,718728,1088684,462594,129769,1887131,7017,3881,331
CL,2022-01-11,067651,726296,1123236,484370,123865,1966615,7568,34552,343
CL,2022-01-18,067651,759825,1186877,503178,117397,2059564,33529,63641,335
CL,2022-01-25,067651,749821,1170467,492310,118895,2095994,-10004,-16410,340
CL,2022-02-01,067651,719202,1133860,487606,118702,2093735,-30619,-36607,347
CL,2022-02-08,067651,762286,1174430,480560,117177,2170681,43084,40570,347
CL,2022-02-15,067651,767338,1159338,458819,110726,2122758,5052,-15092,364
CL,2022-02-22,067651,743113,1126004,442102,103061,2058132,-24225,-33334,356
CL,2022-03-01,067651,729585,1140540,465365,96702,2028476,-13528,14536,335
CL,2022-03-08,067651,696449,1105258,455339,93674,1896974,-33136,-35282,318
CL,2022-03-15,067651,700410,1083012,444601,102786,1850794,3961,-22246,309
CL,2022-03-22,067651,654309,1034389,436560,96591,1788211,-46101,-48623,309
CL,2022-03-29,067651,654965,1015127,420097,101366,1795929,656,-19262,309
CL,2022-04-05,067651,681802,1037237,413132,104538,1823366,26837,22110,314
CL,2022-04-12,067651,688852,1039455,411978,107200,1783725,7050,2218,303
CL,2022-04-19,067651,661788,1013040,411622,103925,1740300,-27064,-26415,291
CL,2022-04-26,067651,635548,993869,413638,97575,1733586,-26240,-19171,296
CL,2022-05-03,067651,620327,986540,419692,97991,1751564,-15221,-7329,297
CL,2022-05-10,067651,614716,969195,415170,104367,1736594,-5611,-17345,292
CL,2022-05-17,067651,611264,975133,416190,90553,1730665,-3452,5938,299
CL,2022-05-24,067651,584496,959123,422541,87780,1711863,-26768,-16010,303
CL,2022-05-31,067651,622867,996628,421683,88707,1787928,38371,37505,306
CL,2022-06-07,067651,622320,991353,423882,95626,1790618,-547,-5275,309
CL,2022-06-14,067651,604944,946598,409427,106481,1715674,-17376,-44755,307
CL,2022-06-21,067651,594860,918775,388496,98994,1658636,-10084,-27823,294
CL,2022-06-28,067651,599957,927895,396046,96354,1651566,5097,9120,293
CL,2022-07-05,067651,601996,906213,394943,114420,1637862,2039,-21682,310
CL,2022-07-12,067651,590438,884964,375155,106827,1612803,-11558,-21249,304
CL,2022-07-19,067651,580330,874019,374677,103586,1577616,-10108,-10945,304
CL,2022-07-26,067651,595032,878521,368453,109193,1597451,14702,4502,301
CL,2022-08-02,067651,616741,889607,361810,108058,1606910,21709,11086,307
CL,2022-08-09,067651,636980,875053,338172,127521,1570131,20239,-14554,318
CL,2022-08-16,067651,638971,878262,346865,131925,1557349,1991,3209,316
CL,2022-08-23,067651,595411,863667,341918,95698,1503506,-43560,-14595,311
CL,2022-08-30,067651,588601,844849,332415,103226,1470207,-6810,-18818,320
CL,2022-09-06,067651,599689,840106,326007,111529,1480320,11088,-4743,329
CL,2022-09-13,067651,600618,844625,340716,113659,1498059,929,4519,323
CL,2022-09-20,067651,589445,851013,342588,102710,1481545,-11173,6388,319
CL,2022-09-27,067651,598428,845300,333933,107853,1504991,8983,-5713,319
CL,2022-10-04,067651,587375,848229,331695,89696,1495538,-11053,2929,310
CL,2022-10-11,067651,584609,868235,345258,86038,1499498,-2766,20006,307
CL,2022-10-18,067651,568559,842316,336209,84664,1454431,-16050,-25919,313
CL,2022-10-25,067651,566297,834323,335340,86261,1436942,-2262,-7993,319
CL,2022-11-01,067651,576519,852280,346196,91387,1459052,10222,17957,330
CL,2022-11-08,067651,551749,853074,368585,93795,1446658,-24770,794,339
CL,2022-11-15,067651,562505,869900,361681,83414,1469437,10756,16826,337
CL,2022-11-22,067651,508179,785173,320640,68165,1405565,-54326,-84727,319
CL,2022-11-29,067651,512256,774910,306174,66435,1412121,4077,-10263,310
CL,2022-12-06,067651,520086,779639,330159,98439,1436728,7830,4729,321
CL,2022-12-13,067651,534512,782259,327161,97602,1450482,14426,2620,325
CL,2022-12-20,067651,496161,752719,326195,88004,1395622,-38351,-29540,312
CL,2022-12-27,067651,497251,763805,325017,77399,1413545,1090,11086,308
CL,2023-01-03,067651,527773,776813,323546,95939,1459936,30522,13008,329
CL,2023-01-10,067651,583480,808982,307170,101934,1557092,55707,32169,347
CL,2023-01-17,067651,599472,855071,319541,80323,1613466,15992,46089,342
CL,2023-01-24,067651,614901,888147,328480,78681,1660450,15429,33076,341
CL,2023-01-31,067651,629204,895826,335074,91254,1726378,14303,7679,346
CL,2023-02-07,067651,674260,918808,331962,107811,1791955,45056,22982,346
CL,2023-02-14,067651,712599,959969,335241,107700,1821601,38339,41161,342
CL,2023-02-21,067651,692634,933931,322622,102951,1756029,-19965,-26038,327
CL,2023-02-28,067651,688223,919521,327155,111841,1750212,-4411,-14410,329
CL,2023-03-07,067651,677667,912156,319139,112238,1755027,-10556,-7365,333
CL,2023-03-14,067651,695298,907931,302527,126308,1767660,17631,-4225,340
CL,2023-03-21,067651,719060,897964,303340,148999,1791902,23762,-9967,337
CL,2023-03-28,067651,680208,871824,289653,108584,1785807,-38852,-26140,327
CL,2023-04-04,067651,700883,940853,307515,81388,1858446,20675,69029,341
CL,2023-04-11,067651,700591,956002,309997,74365,1875140,-292,15149,341
CL,2023-04-18,067651,699264,972511,322133,77558,1913192,-1327,16509,333
CL,2023-04-25,067651,674209,945406,323831,87393,1826195,-25055,-27105,337
CL,2023-05-02,067651,737538,990443,323737,108892,1908299,63329,45037,354
CL,2023-05-09,067651,753894,993350,338155,121527,1885886,16356,2907,350
CL,2023-05-16,067651,730636,946248,327971,136502,1856570,-23258,-47102,354
CL,2023-05-23,067651,705745,923131,317600,124481,1847901,-24891,-23117,338
CL,2023-05-30,067651,744190,937067,322085,159494,1920740,38445,13936,350
CL,2023-06-06,067651,769312,967689,339318,166876,1951628,25122,30622,348
CL,2023-06-13,067651,741758,926030,353560,198486,1886782,-27554,-41659,344
CL,2023-06-20,067651,718413,908331,341074,174597,1846816,-23345,-17699,324
CL,2023-06-27,067651,742002,908660,338078,199690,1865745,23589,329,335
CL,2023-07-03,067651,737228,907376,316998,175569,1816043,-4774,-1284,322
CL,2023-07-11,067651,700019,896707,339297,165864,1796348,-37209,-10669,321
CL,2023-07-18,067651,645941,879431,359341,153242,1768189,-54078,-17276,312
CL,2023-07-25,067651,642195,893171,350507,125311,1743598,-3746,13740,317
CL,2023-08-01,067651,641294,908533,363726,121867,1752072,-901,15362,318
CL,2023-08-08,067651,630960,909298,378987,123059,1703711,-10334,765,328
CL,2023-08-15,067651,638000,908101,371168,129060,1702766,7040,-1197,322
CL,2023-08-22,067651,603247,859588,362484,128113,1623347,-34753,-48513,314
CL,2023-08-29,067651,632098,893046,359199,118294,1658521,28851,33458,321
CL,2023-09-05,067651,597611,906608,400472,101150,1703130,-34487,13562,335
CL,2023-09-12,067651,625224,973937,428798,101927,1791696,27613,67329,330
CL,2023-09-19,067651,586355,941190,442288,113862,1692990,-38869,-32747,325
CL,2023-09-26,067651,559689,935093,469051,118996,1750559,-26666,-6097,334
CL,2023-10-03,067651,581172,963118,461207,111647,1787495,21483,28025,324
CL,2023-10-10,067651,604031,967041,412824,90850,1753314,22859,3923,332
CL,2023-10-17,067651,573174,913724,388843,82455,1654168,-30857,-53317,328
CL,2023-10-24,067651,552752,893710,396530,95765,1628044,-20422,-20014,331
CL,2023-10-31,067651,589413,898180,383782,121524,1671255,36661,4470,337
CL,2023-11-07,067651,613983,890697,381151,145181,1688562,24570,-7483,327
CL,2023-11-14,067651,613239,860001,364379,148645,1639133,-744,-30696,324
CL,2023-11-21,067651,566944,796953,350785,143461,1553677,-46295,-63048,313
CL,2023-11-28,067651,563152,769931,352382,169211,1563737,-3792,-27022,324
CL,2023-12-05,067651,641357,835983,349661,180671,1650437,78205,66052,322
CL,2023-12-12,067651,665322,840648,345985,194386,1650245,23965,4665,314
CL,2023-12-19,067651,615887,811758,334735,151992,1579670,-49435,-28890,319
CL,2023-12-26,067651,612350,823448,340839,141555,1554682,-3537,11690,311
CL,2024-01-02,067651,625459,807663,341114,177385,1586914,13109,-15785,322
CL,2024-01-09,067651,640427,825054,330308,160626,1598167,14968,17391,320
CL,2024-01-16,067651,653455,832082,336741,174707,1610493,13028,7028,337
CL,2024-01-23,067651,662311,864779,330919,146901,1649542,8856,32697,314
CL,2024-01-30,067651,688500,907575,335363,138699,1747660,26189,42796,328
CL,2024-02-06,067651,729646,918829,303774,141936,1808220,41146,11254,314
CL,2024-02-13,067651,644521,836023,308074,137002,1715857,-85125,-82806,312
CL,2024-02-20,067651,623393,840867,323548,131647,1662234,-21128,4844,307
CL,2024-02-27,067651,584071,832325,353996,129206,1658921,-39322,-8542,319
CL,2024-03-05,067651,555705,827360,342161,103649,1642519,-28366,-4965,321
CL,2024-03-12,067651,600736,865790,329318,95530,1718985,45031,38430,309
CL,2024-03-19,067651,568958,877361,366016,88259,1713716,-31778,11571,313
CL,2024-03-26,067651,592280,907819,376903,98876,1775565,23322,30458,323
CL,2024-04-02,067651,577082,909603,392328,91431,1757685,-15198,1784,332
CL,2024-04-09,067651,594942,932689,403797,106660,1762094,17860,23086,333
CL,2024-04-16,067651,601207,930291,411987,121525,1799606,6265,-2398,338
CL,2024-04-23,067651,624054,931579,381478,116642,1765266,22847,1288,330
CL,2024-04-30,067651,640379,949122,392782,127321,1794542,16325,17543,335
CL,2024-05-07,067651,688456,949527,360533,145089,1836765,48077,405,331
CL,2024-05-14,067651,690868,941829,330395,127352,1787763,2412,-7698,322
CL,2024-05-21,067651,681865,948291,332352,113052,1784152,-9003,6462,319
CL,2024-05-28,067651,698055,976929,344619,100693,1833461,16190,28638,321
CL,2024-06-04,067651,692480,946111,333481,122776,1814253,-5575,-30818,321
CL,2024-06-11,067651,671546,931723,318183,84699,1755642,-20934,-14388,304
CL,2024-06-18,067651,633916,908539,338662,91813,1677538,-37630,-23184,297
CL,2024-06-25,067651,597559,900228,361099,89854,1680601,-36357,-8311,301
CL,2024-07-02,067651,604586,915668,368485,88539,1721585,7027,15440,312
CL,2024-07-09,067651,613841,939278,369229,85335,1767729,9255,23610,306
CL,2024-07-16,067651,635900,960964,376427,88826,1831212,22059,21686,317
CL,2024-07-23,067651,654310,965760,355611,79613,1809094,18410,4796,304
CL,2024-07-30,067651,673020,951224,315613,70120,1787630,18710,-14536,306
CL,2024-08-06,067651,711141,958555,305742,83400,1828846,38121,7331,316
CL,2024-08-13,067651,684508,944094,298198,66655,1790876,-26633,-14461,313
CL,2024-08-20,067651,664359,918432,294896,72608,1742632,-20149,-25662,309
CL,2024-08-27,067651,660872,911545,303474,76775,1742613,-3487,-6887,312
CL,2024-09-03,067651,682831,887337,292388,115353,1727524,21959,-24208,319
CL,2024-09-10,067651,713623,877457,291592,151578,1802465,30792,-9880,321
CL,2024-09-17,067651,750362,916472,270552,125224,1812275,36739,39015,298
CL,2024-09-24,067651,743449,917844,291429,132832,1780393,-6913,1372,300
CL,2024-10-01,067651,722963,897567,294894,135286,1771336,-20486,-20277,318
CL,2024-10-08,067651,700799,914618,303823,113186,1707072,-22164,17051,300
CL,2024-10-15,067651,687682,900095,284023,99620,1689760,-13117,-14523,299
CL,2024-10-22,067651,686117,882286,276720,102989,1648928,-1565,-17809,311
CL,2024-10-29,067651,739720,915407,284996,133119,1751736,53603,33121,312
CL,2024-11-05,067651,706922,918148,313914,117826,1746717,-32798,2741,304
CL,2024-11-12,067651,727026,934603,313504,126598,1792299,20104,16455,302
CL,2024-11-19,067651,734005,936176,310655,116790,1768651,6979,1573,297
CL,2024-11-26,067651,708808,915416,314518,114111,1740661,-25197,-20760,292
CL,2024-12-03,067651,717612,929209,322841,121377,1780843,8804,13793,295
CL,2024-12-10,067651,725970,927480,316216,126104,1808227,8358,-1729,305
CL,2024-12-17,067651,727114,964117,358867,128877,1827905,1144,36637,290
CL,2024-12-24,067651,720545,971931,374050,127023,1829252,-6569,7814,293
CL,2024-12-31,067651,728760,985431,380405,126081,1872970,8215,13500,295
EC,2022-01-04,099741,388742,415200,199073,200627,678218,3885,11810,333
EC,2022-01-11,099741,389191,422581,204361,198356,682293,449,7381,328
EC,2022-01-18,099741,389617,440081,211901,187317,691882,426,17500,330
EC,2022-01-25,099741,379154,435412,213408,181848,682952,-10463,-4669,330
EC,2022-02-01,099741,376805,434272,213563,183847,685431,-2349,-1140,330
EC,2022-02-08,099741,382426,455678,218973,180131,700098,5621,21406,326
EC,2022-02-15,099741,383827,468884,217899,170318,702047,1401,13206,325
EC,2022-02-22,099741,379583,477633,214195,154889,696682,-4244,8749,325
EC,2022-03-01,099741,390260,485365,228385,163446,719975,10677,7732,329
EC,2022-03-08,099741,386654,470527,242683,183839,738990,-3606,-14838,332
EC,2022-03-15,099741,369253,411882,202040,183246,666010,-17401,-58645,330
EC,2022-03-22,099741,357492,403870,207051,183208,658817,-11761,-8012,327
EC,2022-03-29,099741,364163,411511,200043,178669,662415,6671,7641,324
EC,2022-04-05,099741,357140,406757,210914,183544,663589,-7023,-4754,333
EC,2022-04-12,099741,359853,420603,221645,182585,678607,2713,13846,336
EC,2022-04-19,099741,362930,412656,221003,189702,675939,3077,-7947,339
EC,2022-04-26,099741,368280,414387,222993,200792,688449,5350,1731,345
EC,2022-05-03,099741,383222,407808,208449,214827,694926,14942,-6579,335
EC,2022-05-10,099741,376043,419069,228230,211701,705046,-7179,11261,340
EC,2022-05-17,099741,372113,423630,230770,210431,706712,-3930,4561,335
EC,2022-05-24,099741,366345,438945,237072,198142,708938,-5768,15315,338
EC,2022-05-31,099741,365434,450620,236553,184281,706317,-911,11675,346
EC,2022-06-07,099741,365628,453817,230248,179705,730667,194,3197,335
EC,2022-06-14,099741,361159,389654,206986,213004,668164,-4469,-64163,326
EC,2022-06-21,099741,373695,391877,195554,211159,671718,12536,2223,317
EC,2022-06-28,099741,380084,399896,189414,200010,671472,6389,8019,320
EC,2022-07-05,099741,377654,386290,197138,213990,673772,-2430,-13606,328
EC,2022-07-12,099741,385039,379279,197240,222484,682031,7385,-7011,331
EC,2022-07-19,099741,397991,380561,195875,238620,694106,12952,1282,336
EC,2022-07-26,099741,393062,374406,198041,239625,694099,-4929,-6155,337
EC,2022-08-02,099741,391841,376321,191692,230503,683883,-1221,1915,330
EC,2022-08-09,099741,394543,380141,200088,234624,692398,2702,3820,334
EC,2022-08-16,099741,400458,379542,199226,242010,698570,5915,-599,331
EC,2022-08-23,099741,406701,382394,210825,254934,717921,6243,2852,335
EC,2022-08-30,099741,411684,382824,202258,249934,720081,4983,430,335
EC,2022-09-06,099741,409460,389850,205277,241626,721678,-2224,7026,328
EC,2022-09-13,099741,410364,421787,207778,219615,742244,904,31937,326
EC,2022-09-20,099741,354891,407201,206564,173115,657952,-55473,-14586,320
EC,2022-09-27,099741,348374,406814,208736,174939,654142,-6517,-387,327
EC,2022-10-04,099741,348817,405665,199391,155709,640458,443,-1149,321
EC,2022-10-11,099741,349091,409252,196136,158637,639348,274,3587,312
EC,2022-10-18,099741,347078,417655,202703,154553,640469,-2013,8403,321
EC,2022-10-25,099741,346949,440781,226734,151825,666719,-129,23126,320
EC,2022-11-01,099741,339364,468183,239770,133980,671729,-7585,27402,326
EC,2022-11-08,099741,339218,470981,232317,124718,667902,-146,2798,321
EC,2022-11-15,099741,343388,494961,239369,126703,682575,4170,23980,320
EC,2022-11-22,099741,345848,503792,239598,116486,680873,2460,8831,315
EC,2022-11-29,099741,356905,511490,241122,118875,695776,11057,7698,314
EC,2022-12-06,099741,363169,523174,245063,120180,711537,6264,11684,312
EC,2022-12-13,099741,414090,571467,236415,111700,772800,50921,48293,307
EC,2022-12-20,099741,379011,565025,249149,106877,725968,-35079,-6442,302
EC,2022-12-27,099741,379076,565896,251887,105725,728387,65,871,301
EC,2023-01-03,099741,389861,563942,222543,92628,712030,10785,-1954,299
EC,2023-01-10,099741,400775,582985,238623,103641,746163,10914,19043,304
EC,2023-01-17,099741,416510,595584,228279,101295,753915,15735,12599,305
EC,2023-01-24,099741,429253,615703,237743,103394,777569,12743,20119,304
EC,2023-01-31,099741,440756,644345,246755,96246,796738,11503,28642,308
EC,2023-02-07,099741,438393,650139,238338,73300,781287,-2363,5794,305
EC,2023-02-14,099741,444388,656178,236574,72668,788633,5995,6039,310
EC,2023-02-21,099741,444658,658476,236414,71346,789898,270,2298,311
EC,2023-02-28,099741,451634,663537,240766,78567,803963,6976,5061,304
EC,2023-03-07,099741,458256,660884,233880,85432,821057,6622,-2653,313
EC,2023-03-14,099741,418829,605698,222313,82357,745403,-39427,-55186,301
EC,2023-03-21,099741,417802,608973,215825,70983,737437,-1027,3275,293
EC,2023-03-28,099741,410545,601793,222918,77893,732506,-7257,-7180,302
EC,2023-04-04,099741,415104,609891,225416,82023,747095,4559,8098,304
EC,2023-04-11,099741,411456,623521,244180,80842,759439,-3648,13630,311
EC,2023-04-18,099741,417586,630871,242369,78008,766374,6130,7350,306
EC,2023-04-25,099741,418842,643279,243516,74116,772882,1256,12408,307
EC,2023-05-02,099741,418940,640643,246832,73343,779458,98,-2636,305
EC,2023-05-09,099741,418410,652670,260335,80913,794721,-530,12027,305
EC,2023-05-16,099741,416383,654716,258736,71647,789930,-2027,2046,303
EC,2023-05-23,099741,418071,642266,250070,76334,781123,1688,-12450,301
EC,2023-05-30,099741,415872,629887,241817,76092,775142,-2199,-12379,297
EC,2023-06-06,099741,419532,623448,236060,77639,781967,3660,-6439,287
EC,2023-06-13,099741,456529,653600,226138,74316,818294,36997,30152,290
EC,2023-06-20,099741,398646,591369,229399,84750,732979,-57883,-62231,294
EC,2023-06-27,099741,403130,596390,223977,78949,732123,4484,5021,293
EC,2023-07-03,099741,401256,590715,221272,78435,725927,-1874,-5675,282
EC,2023-07-11,099741,403460,595922,224351,84189,736056,2204,5207,293
EC,2023-07-18,099741,406328,635671,264514,85682,783132,2868,39749,299
EC,2023-07-25,099741,402626,636895,250647,73417,772408,-3702,1224,301
EC,2023-08-01,099741,404493,626064,240074,68012,755156,1867,-10831,298
EC,2023-08-08,099741,425875,621325,228048,78237,760968,21382,-4739,287
EC,2023-08-15,099741,420942,626226,232466,72603,760233,-4933,4901,287
EC,2023-08-22,099741,410413,610812,239391,80631,750486,-10529,-15414,298
EC,2023-08-29,099741,411996,600147,230542,83863,748127,1583,-10665,292
EC,2023-09-05,099741,406485,582339,235732,99501,754263,-5511,-17808,295
EC,2023-09-12,099741,412967,562948,212376,99296,743759,6482,-19391,285
EC,2023-09-19,099741,388465,517207,207424,105443,695343,-24502,-45741,290
EC,2023-09-26,099741,387030,511437,211516,113117,699271,-1435,-5770,290
EC,2023-10-03,099741,388473,493225,211783,132840,702433,1443,-18212,293
EC,2023-10-10,099741,383243,481536,207522,131990,687382,-5230,-11689,285
EC,2023-10-17,099741,391704,493327,214313,131903,695676,8461,11791,303
EC,2023-10-24,099741,396435,504431,215569,130316,702668,4731,11104,298
EC,2023-10-31,099741,393348,502379,210834,125445,694962,-3087,-2052,295
EC,2023-11-07,099741,390336,507851,212483,123427,697624,-3012,5472,296
EC,2023-11-14,099741,381765,522752,221190,112283,702463,-8571,14901,295
EC,2023-11-21,099741,380815,546633,231095,101441,712364,-950,23881,302
EC,2023-11-28,099741,388784,565099,233454,90289,727138,7969,18466,301
EC,2023-12-05,099741,404550,593479,235684,83324,756615,15766,28380,302
EC,2023-12-12,099741,433209,615566,231837,84510,792149,28659,22087,294
EC,2023-12-19,099741,399732,545354,208078,93486,700244,-33477,-70212,285
EC,2023-12-26,099741,400897,552083,211195,93804,705627,1165,6729,291
EC,2024-01-02,099741,411907,569293,211912,92436,718885,11010,17210,290
EC,2024-01-09,099741,409738,566625,208473,89596,714079,-2169,-2668,288
EC,2024-01-16,099741,433577,570090,204294,100202,733091,23839,3465,293
EC,2024-01-23,099741,434578,551975,195190,106866,725423,1001,-18115,290
EC,2024-01-30,099741,432311,548317,200360,111589,727210,-2267,-3658,292
EC,2024-02-06,099741,434993,521879,202450,140297,731991,2682,-26438,309
EC,2024-02-13,099741,437266,509530,210848,158010,740105,2273,-12349,306
EC,2024-02-20,099741,416183,505634,213194,145178,722299,-21083,-3896,302
EC,2024-02-27,099741,411117,501018,205234,142380,715545,-5066,-4616,308
EC,2024-03-05,099741,404771,501537,200025,133714,707108,-6346,519,308
EC,2024-03-12,099741,402081,506685,193998,119591,717720,-2690,5148,293
EC,2024-03-19,099741,388839,462969,182382,134040,656182,-13242,-43716,291
EC,2024-03-26,099741,389331,443503,180193,148999,657300,492,-19466,292
EC,2024-04-02,099741,412480,445912,188258,171464,682768,23149,2409,306
EC,2024-04-09,099741,383114,435146,175419,142696,643496,-29366,-10766,289
EC,2024-04-16,099741,395979,424633,178912,166688,658865,12865,-10513,293
EC,2024-04-23,099741,413769,419034,167296,177285,665771,17790,-5599,292
EC,2024-04-30,099741,399163,409900,167185,173962,652297,-14606,-9134,292
EC,2024-05-07,099741,393845,416124,170594,166004,654804,-5318,6224,279
EC,2024-05-14,099741,387812,426094,178398,161243,656802,-6033,9970,289
EC,2024-05-21,099741,378118,447571,182574,141099,653081,-9694,21477,293
EC,2024-05-28,099741,380224,464876,184656,127084,664864,2106,17305,288
EC,2024-06-04,099741,383423,482209,188957,121087,671736,3199,17333,294
EC,2024-06-11,099741,409006,481351,187697,144053,712894,25583,-858,290
EC,2024-06-18,099741,386112,413976,171464,163513,650388,-22894,-67375,290
EC,2024-06-25,099741,390837,400604,167370,175801,650087,4725,-13372,288
EC,2024-07-02,099741,376888,389609,164369,173888,636895,-13949,-10995,289
EC,2024-07-09,099741,375248,402487,165829,162206,637266,-1640,12878,281
EC,2024-07-16,099741,375217,424766,179937,155188,649251,-31,22279,286
EC,2024-07-23,099741,387742,447615,188929,153023,672022,12525,22849,283
EC,2024-07-30,099741,386079,426892,183006,165207,667299,-1663,-20723,287
EC,2024-08-06,099741,386568,444428,185799,152219,671104,489,17536,287
EC,2024-08-13,099741,382394,436421,182212,155229,667350,-4174,-8007,283
EC,2024-08-20,099741,386948,476172,194350,138333,692017,4554,39751,288
EC,2024-08-27,099741,388226,523748,218381,125543,726519,1278,47576,293
EC,2024-09-03,099741,402899,544447,215969,115951,740311,14673,20699,295
EC,2024-09-10,099741,411082,534889,192821,111388,741888,8183,-9558,284
EC,2024-09-17,099741,386396,500798,182281,112635,678001,-24686,-34091,283
EC,2024-09-24,099741,379577,492405,187795,116097,679514,-6819,-8393,281
EC,2024-10-01,099741,381281,474983,178273,122946,674734,1704,-17422,284
EC,2024-10-08,099741,384954,459849,173866,134768,669131,3673,-15134,277
EC,2024-10-15,099741,382899,431874,169319,152169,658481,-2055,-27975,275
EC,2024-10-22,099741,391222,391230,153159,181683,650759,8323,-40644,280
EC,2024-10-29,099741,401671,370223,159313,209617,661675,10449,-21007,287
EC,2024-11-05,099741,381704,381087,159900,181553,645597,-19967,10864,290
EC,2024-11-12,099741,366805,385079,160003,167440,637105,-14899,3992,291
EC,2024-11-19,099741,399002,377955,154305,196862,658774,32197,-7124,301
EC,2024-11-26,099741,401183,368756,156334,212343,665553,2181,-9199,298
EC,2024-12-03,099741,401120,366644,167693,225182,675059,-63,-2112,307
EC,2024-12-10,099741,452311,397595,157375,232948,727276,51191,30951,297
EC,2024-12-17,099741,340837,292748,152671,218566,584000,-111474,-104847,296
EC,2024-12-24,099741,346341,291227,159471,227978,597583,5504,-1521,293
EC,2024-12-31,099741,344668,293607,168806,238370,609159,-1673,2380,293
ES,2022-01-04,13874A,1577841,1730197,407706,298674,2297290,-4813,9767,493
ES,2022-01-11,13874A,1571191,1705047,389727,312321,2283672,-6650,-25150,497
ES,2022-01-18,13874A,1558090,1746594,408370,283141,2309982,-13101,41547,504
ES,2022-01-25,13874A,1581272,1870406,462479,235632,2378857,23182,123812,518
ES,2022-02-01,13874A,1557721,1754262,403492,244740,2283969,-23551,-116144,500
ES,2022-02-08,13874A,1526373,1726840,391655,214068,2229911,-31348,-27422,509
ES,2022-02-15,13874A,1525195,1730817,431462,236339,2270263,-1178,3977,516
ES,2022-02-22,13874A,1593634,1833175,461265,224822,2374165,68439,102358,520
ES,2022-03-01,13874A,1644446,1799299,432163,271144,2387492,50812,-33876,538
ES,2022-03-08,13874A,1720533,1841217,398681,271028,2435543,76087,41918,540
ES,2022-03-15,13874A,1818582,1930463,378499,276298,2582759,98049,89246,529
ES,2022-03-22,13874A,1528865,1473332,284150,338318,2111687,-289717,-457131,520
ES,2022-03-29,13874A,1541837,1483515,286935,337790,2120049,12972,10183,528
ES,2022-04-05,13874A,1518451,1498406,294186,325845,2122357,-23386,14891,515
ES,2022-04-12,13874A,1538403,1603554,314254,251290,2156967,19952,105148,524
ES,2022-04-19,13874A,1538040,1603986,314918,246489,2158797,-363,432,507
ES,2022-04-26,13874A,1515142,1640990,362599,239849,2191696,-22898,37004,520
ES,2022-05-03,13874A,1543020,1601817,360949,308742,2208674,27878,-39173,527
ES,2022-05-10,13874A,1549864,1666674,383989,262214,2261956,6844,64857,538
ES,2022-05-17,13874A,1598562,1651224,351658,285012,2252109,48698,-15450,533
ES,2022-05-24,13874A,1613493,1642313,351650,302762,2262171,14931,-8911,538
ES,2022-05-31,13874A,1637788,1635056,326979,305072,2260467,24295,-7257,531
ES,2022-06-07,13874A,1648514,1596656,320321,337345,2267420,10726,-38400,534
ES,2022-06-14,13874A,1828887,1857751,377967,343689,2654399,180373,261095,540
ES,2022-06-21,13874A,1713053,1568856,273629,387948,2262004,-115834,-288895,531
ES,2022-06-28,13874A,1726190,1557785,248313,387539,2248771,13137,-11071,539
ES,2022-07-05,13874A,1791046,1569421,237370,421052,2309241,64856,11636,533
ES,2022-07-12,13874A,1802289,1554602,224577,440105,2317580,11243,-14819,537
ES,2022-07-19,13874A,1792747,1526401,250387,458535,2335319,-9542,-28201,531
ES,2022-07-26,13874A,1795164,1505074,240642,478277,2322824,2417,-21327,537
ES,2022-08-02,13874A,1786757,1493620,237594,469479,2310665,-8407,-11454,532
ES,2022-08-09,13874A,1785298,1473057,227064,471325,2299388,-1459,-20563,534
ES,2022-08-16,13874A,1826100,1471883,227370,515354,2346224,40802,-1174,533
ES,2022-08-23,13874A,1811741,1483326,226314,488590,2329538,-14359,11443,534
ES,2022-08-30,13874A,1800768,1488953,240653,480285,2329953,-10973,5627,543
ES,2022-09-06,13874A,1789211,1487929,226374,465094,2314290,-11557,-1024,547
ES,2022-09-13,13874A,1986386,1616102,234795,515799,2603046,197175,128173,557
ES,2022-09-20,13874A,1681942,1368244,221158,440609,2141022,-304444,-247858,555
ES,2022-09-27,13874A,1717571,1484604,262797,412998,2233878,35629,116360,566
ES,2022-10-04,13874A,1732378,1485237,225671,434968,2261285,14807,633,548
ES,2022-10-11,13874A,1728601,1533372,251711,415768,2277794,-3777,48135,570
ES,2022-10-18,13874A,1794564,1535949,240651,463849,2336566,65963,2577,564
ES,2022-10-25,13874A,1805765,1558113,240817,459919,2361824,11201,22164,566
ES,2022-11-01,13874A,1747092,1549752,278418,453481,2336711,-58673,-8361,554
ES,2022-11-08,13874A,1734712,1536475,263541,440600,2318895,-12380,-13277,552
ES,2022-11-15,13874A,1756097,1552959,257965,460610,2343509,21385,16484,540
ES,2022-11-22,13874A,1726436,1531249,244703,436195,2304077,-29661,-21710,528
ES,2022-11-29,13874A,1740696,1539012,243451,447627,2314527,14260,7763,545
ES,2022-12-06,13874A,1728465,1531843,230914,434633,2287691,-12231,-7169,562
ES,2022-12-13,13874A,1816921,1604195,226507,456629,2477140,88456,72352,550
ES,2022-12-20,13874A,1461519,1300800,248641,408393,1986847,-355402,-303395,531
ES,2022-12-27,13874A,1447282,1268296,244976,419257,1961310,-14237,-32504,528
ES,2023-01-03,13874A,1474811,1308259,261260,428561,2010996,27529,39963,530
ES,2023-01-10,13874A,1512933,1310000,243503,456677,2032566,38122,1741,528
ES,2023-01-17,13874A,1518121,1286958,260337,487155,2056472,5188,-23042,534
ES,2023-01-24,13874A,1485629,1282864,250474,459465,2024437,-32492,-4094,533
ES,2023-01-31,13874A,1519069,1284283,253439,475696,2061419,33440,1419,521
ES,2023-02-07,13874A,1513813,1298937,248117,465662,2053086,-5256,14654,521
ES,2023-02-14,13874A,1528879,1277744,242274,488728,2076347,15066,-21193,525
ES,2023-02-21,13874A,1542524,1301371,231808,466099,2074486,13645,23627,528
ES,2023-02-28,13874A,1566253,1381387,247954,431845,2113159,23729,80016,531
ES,2023-03-07,13874A,1622309,1384632,228302,437784,2133169,56056,3245,540
ES,2023-03-14,13874A,1870087,1686883,233300,353119,2550984,247778,302251,532
ES,2023-03-21,13874A,1681318,1414863,203125,405605,2149005,-188769,-272020,532
ES,2023-03-28,13874A,1673807,1402829,199472,424128,2142232,-7511,-12034,522
ES,2023-04-04,13874A,1690406,1408934,163766,485225,2219512,16599,6105,527
ES,2023-04-11,13874A,1749879,1407867,207007,514619,2248469,59473,-1067,533
ES,2023-04-18,13874A,1764361,1404531,204558,548815,2278321,14482,-3336,542
ES,2023-04-25,13874A,1747428,1360788,207333,570600,2265794,-16933,-43743,542
ES,2023-05-02,13874A,1758036,1376769,208633,564044,2276183,10608,15981,545
ES,2023-05-09,13874A,1774854,1376967,204181,580204,2296259,16818,198,533
ES,2023-05-16,13874A,1795780,1380122,201278,589999,2306298,20926,3155,533
ES,2023-05-23,13874A,1880069,1457962,195793,600085,2385936,84289,77840,539
ES,2023-05-30,13874A,1979950,1544392,187203,621373,2494943,99881,86430,538
ES,2023-06-06,13874A,1914791,1564250,258074,602605,2500232,-65159,19858,535
ES,2023-06-13,13874A,2149868,1841824,258281,589694,2907468,235077,277574,540
ES,2023-06-20,13874A,1716868,1468089,210230,449561,2223815,-433000,-373735,524
ES,2023-06-27,13874A,1675108,1470255,222357,430607,2187114,-41760,2166,539
ES,2023-07-03,13874A,1688344,1482553,223358,430597,2211004,13236,12298,519
ES,2023-07-11,13874A,1683791,1481354,224554,433533,2209607,-4553,-1199,528
ES,2023-07-18,13874A,1728979,1492982,235723,499408,2280677,45188,11628,529
ES,2023-07-25,13874A,1692161,1476748,238333,470948,2243361,-36818,-16234,528
ES,2023-08-01,13874A,1686323,1501020,236062,436110,2241749,-5838,24272,524
ES,2023-08-08,13874A,1654088,1514193,240913,400483,2221709,-32235,13173,515
ES,2023-08-15,13874A,1634627,1538480,258924,377332,2220084,-19461,24287,518
ES,2023-08-22,13874A,1668456,1566553,235513,369004,2232226,33829,28073,502
ES,2023-08-29,13874A,1690810,1566941,262853,404959,2267572,22354,388,503
ES,2023-09-05,13874A,1693540,1569973,245378,389589,2259160,2730,3032,503
ES,2023-09-12,13874A,1821412,1734367,279471,395804,2520164,127872,164394,517
ES,2023-09-19,13874A,1599109,1474448,202433,341424,2097946,-222303,-259919,494
ES,2023-09-26,13874A,1560014,1494392,266095,355376,2137648,-39095,19944,511
ES,2023-10-03,13874A,1582012,1535897,239442,312677,2138034,21998,41505,512
ES,2023-10-10,13874A,1558642,1489212,210930,305379,2073930,-23370,-46685,509
ES,2023-10-17,13874A,1579970,1536860,219942,283120,2112419,21328,47648,519
ES,2023-10-24,13874A,1562074,1596810,282604,272419,2158452,-17896,59950,509
ES,2023-10-31,13874A,1566648,1600624,283793,279456,2174689,4574,3814,505
ES,2023-11-07,13874A,1595826,1560482,272240,325661,2177947,29178,-40142,497
ES,2023-11-14,13874A,1593850,1582793,274348,327181,2192899,-1976,22311,494
ES,2023-11-21,13874A,1665197,1631226,246961,327041,2240214,71347,48433,489
ES,2023-11-28,13874A,1671401,1649442,281709,346736,2279894,6204,18216,505
ES,2023-12-05,13874A,1706068,1706163,264209,311470,2314400,34667,56721,502
ES,2023-12-12,13874A,1888239,1866744,257533,322616,2670454,182171,160581,506
ES,2023-12-19,13874A,1608749,1485311,248763,444158,2156203,-279490,-381433,486
ES,2023-12-26,13874A,1601298,1480509,251044,443506,2155313,-7451,-4802,478
ES,2024-01-02,13874A,1650902,1523556,257321,471409,2221215,49604,43047,489
ES,2024-01-09,13874A,1602234,1586739,272247,389296,2209328,-48668,63183,499
ES,2024-01-16,13874A,1632215,1529781,260119,429365,2217057,29981,-56958,501
ES,2024-01-23,13874A,1682777,1571642,280085,469558,2271312,50562,41861,505
ES,2024-01-30,13874A,1715110,1572916,284559,510521,2308955,32333,1274,512
ES,2024-02-06,13874A,1721991,1560153,278713,511675,2297385,6881,-12763,507
ES,2024-02-13,13874A,1738023,1585511,292466,508244,2338964,16032,25358,515
ES,2024-02-20,13874A,1722121,1578768,271870,490400,2322953,-15902,-6743,500
ES,2024-02-27,13874A,1716692,1575478,298538,522761,2344340,-5429,-3290,505
ES,2024-03-05,13874A,1741608,1620932,285210,489650,2377697,24916,45454,509
ES,2024-03-12,13874A,1911694,1769963,280718,520545,2678339,170086,149031,496
ES,2024-03-19,13874A,1539140,1429039,258169,452338,2094749,-372554,-340924,474
ES,2024-03-26,13874A,1503611,1428882,296031,465470,2110848,-35529,-157,479
ES,2024-04-02,13874A,1476688,1497300,290089,368211,2089222,-26923,68418,469
ES,2024-04-09,13874A,1478906,1520830,285690,348604,2091937,2218,23530,471
ES,2024-04-16,13874A,1406577,1592920,348567,274453,2100522,-72329,72090,472
ES,2024-04-23,13874A,1402033,1591984,320552,252874,2067890,-4544,-936,473
ES,2024-04-30,13874A,1392147,1542740,272813,229680,2006204,-9886,-49244,470
ES,2024-05-07,13874A,1436696,1531825,262778,272473,2030975,44549,-10915,458
ES,2024-05-14,13874A,1477881,1550928,273398,298682,2081097,41185,19103,470
ES,2024-05-21,13874A,1501724,1593706,304226,327000,2148201,23843,42778,470
ES,2024-05-28,13874A,1503708,1609652,330937,333145,2179731,1984,15946,469
ES,2024-06-04,13874A,1534557,1581649,265433,330433,2160026,30849,-28003,474
ES,2024-06-11,13874A,1606798,1617849,270380,381794,2266096,72241,36200,472
ES,2024-06-18,13874A,1859833,1849694,314990,429100,2595590,253035,231845,482
ES,2024-06-25,13874A,1400848,1446947,271908,337155,1976080,-458985,-402747,469
ES,2024-07-02,13874A,1410782,1508795,317417,329225,2037086,9934,61848,469
ES,2024-07-09,13874A,1434315,1477393,309758,364769,2048220,23533,-31402,468
ES,2024-07-16,13874A,1449475,1486645,333866,399310,2090007,15160,9252,468
ES,2024-07-23,13874A,1418757,1514154,336386,349607,2047183,-30718,27509,464
ES,2024-07-30,13874A,1405868,1529270,335181,323225,2046205,-12889,15116,459
ES,2024-08-06,13874A,1407615,1526190,326376,292386,2025834,1747,-3080,465
ES,2024-08-13,13874A,1441253,1488771,285987,309438,2033008,33638,-37419,462
ES,2024-08-20,13874A,1438541,1442880,277634,362437,2050976,-2712,-45891,468
ES,2024-08-27,13874A,1442162,1471325,302165,384073,2098974,3621,28445,464
ES,2024-09-03,13874A,1451604,1499250,322215,371034,2106791,9442,27925,464
ES,2024-09-10,13874A,1469898,1485152,337420,396808,2156591,18294,-14098,468
ES,2024-09-17,13874A,1860927,1823182,298516,421464,2579860,391029,338030,465
ES,2024-09-24,13874A,1464276,1524195,289938,325691,2046032,-396651,-298987,461
ES,2024-10-01,13874A,1485786,1580266,310708,303163,2081475,21510,56071,457
ES,2024-10-08,13874A,1514535,1602202,322686,328330,2132773,28749,21936,456
ES,2024-10-15,13874A,1522232,1651629,350227,322092,2185413,7697,49427,457
ES,2024-10-22,13874A,1514382,1632424,360779,337798,2186686,-7850,-19205,465
ES,2024-10-29,13874A,1476451,1654059,366915,304217,2168363,-37931,21635,467
ES,2024-11-05,13874A,1448167,1681369,374881,261441,2140451,-28284,27310,456
ES,2024-11-12,13874A,1540339,1701482,360987,335986,2235256,92172,20113,468
ES,2024-11-19,13874A,1556553,1739420,348339,313428,2259351,16214,37938,454
ES,2024-11-26,13874A,1626583,1701009,266965,345859,2272398,70030,-38411,461
ES,2024-12-03,13874A,1646683,1686695,257606,366216,2279466,20100,-14314,468
ES,2024-12-10,13874A,1654888,1721689,288876,372209,2324611,8205,34994,474
ES,2024-12-17,13874A,1793629,1912100,313420,353282,2596020,138741,190411,463
ES,2024-12-24,13874A,1490575,1553952,274748,338539,2083230,-303054,-358148,444
ES,2024-12-31,13874A,1474869,1557039,259743,316545,2058648,-15706,3087,420
GC,2022-01-04,088691,104258,341716,296583,85228,502717,1086,-7120,318
GC,2022-01-11,088691,116292,341365,290102,90365,546516,12034,-351,327
GC,2022-01-18,088691,132764,353832,290528,96321,539204,16472,12467,326
GC,2022-01-25,088691,130208,379954,313415,93264,572078,-2556,26122,334
GC,2022-02-01,088691,127633,328975,275994,103852,515331,-2575,-50979,322
GC,2022-02-08,088691,126328,337762,279559,92853,512842,-1305,8787,314
GC,2022-02-15,088691,126837,365712,313269,99656,558645,509,27950,321
GC,2022-02-22,088691,129682,399404,350096,106948,611488,2845,33692,357
GC,2022-03-01,088691,127231,413040,354177,96555,615600,-2451,13636,348
GC,2022-03-08,088691,139397,446343,364618,90230,638502,12166,33303,344
GC,2022-03-15,088691,151045,448486,346731,84943,617605,11648,2143,340
GC,2022-03-22,088691,155039,436634,328660,80628,605191,3994,-11852,327
GC,2022-03-29,088691,133050,418987,327632,70036,574521,-21989,-17647,328
GC,2022-04-05,088691,124506,403264,324570,79029,560666,-8544,-15723,326
GC,2022-04-12,088691,125627,413720,338164,83877,577639,1121,10456,351
GC,2022-04-19,088691,129157,404682,330745,90988,575202,3530,-9038,341
GC,2022-04-26,088691,127546,376840,310511,92487,557785,-1611,-27842,331
GC,2022-05-03,088691,130795,362647,293439,94271,560441,3249,-14193,332
GC,2022-05-10,088691,132251,360007,288947,95632,571447,1456,-2640,334
GC,2022-05-17,088691,137687,344566,283011,107651,555756,5436,-15441,316
GC,2022-05-24,088691,130364,342311,282202,98389,530098,-7323,-2255,317
GC,2022-05-31,088691,135360,335416,269459,96870,513722,4996,-6895,307
GC,2022-06-07,088691,116965,316851,270356,95088,494130,-18395,-18565,318
GC,2022-06-14,088691,121926,300495,266596,111998,497456,4961,-16356,321
GC,2022-06-21,088691,120045,306974,268119,104832,500276,-1881,6479,320
GC,2022-06-28,088691,117038,299045,268712,111019,497005,-3007,-7929,315
GC,2022-07-05,088691,118289,283874,267806,122146,498210,1251,-15171,329
GC,2022-07-12,088691,131170,268958,251126,133005,542493,12881,-14916,310
GC,2022-07-19,088691,152103,264365,241004,146049,524786,20933,-4593,309
GC,2022-07-26,088691,142007,250429,241661,148971,487515,-10096,-13936,303
GC,2022-08-02,088691,127700,263265,242128,117802,459649,-14307,12836,303
GC,2022-08-09,088691,121980,276534,242906,100055,453540,-5720,13269,295
GC,2022-08-16,088691,122566,276275,238196,97032,453960,586,-259,297
GC,2022-08-23,088691,126193,264265,237427,111580,457762,3627,-12010,309
GC,2022-08-30,088691,126535,256214,235314,117580,459165,342,-8051,309
GC,2022-09-06,088691,129683,243747,231527,127670,465908,3148,-12467,318
GC,2022-09-13,088691,126950,237888,225932,128588,463674,-2733,-5859,315
GC,2022-09-20,088691,141862,217290,214557,148835,469395,14912,-20598,335
GC,2022-09-27,088691,139361,201499,207154,155073,457061,-2501,-15791,329
GC,2022-10-04,088691,116451,212999,215964,127579,437065,-22910,11500,319
GC,2022-10-11,088691,112867,216595,212561,118141,431395,-3584,3596,319
GC,2022-10-18,088691,115073,205103,210890,133934,434701,2206,-11492,315
GC,2022-10-25,088691,123085,203298,212853,144821,456072,8012,-1805,319
GC,2022-11-01,088691,125689,200471,216341,151718,467276,2604,-2827,324
GC,2022-11-08,088691,126187,217331,223135,140797,488471,498,16860,330
GC,2022-11-15,088691,135035,269343,227282,101013,495171,8848,52012,316
GC,2022-11-22,088691,133754,263818,214284,98171,449542,-1281,-5525,281
GC,2022-11-29,088691,134184,253417,209161,99158,433661,430,-10401,274
GC,2022-12-06,088691,117578,247657,211472,96347,422100,-16606,-5760,283
GC,2022-12-13,088691,119908,258437,224409,98760,437040,2330,10780,297
GC,2022-12-20,088691,116465,258979,226136,97288,436653,-3443,542,286
GC,2022-12-27,088691,116744,270520,229525,92645,440040,279,11541,284
GC,2023-01-03,088691,113520,273494,230801,89135,449393,-3224,2974,293
GC,2023-01-10,088691,111718,284196,243566,93031,481519,-1802,10702,305
GC,2023-01-17,088691,122814,298727,246874,93634,491818,11096,14531,310
GC,2023-01-24,088691,127419,307973,253311,95638,499927,4605,9246,315
GC,2023-01-31,088691,120147,300667,256417,96136,471642,-7272,-7306,302
GC,2023-02-07,088691,118802,271768,223298,94483,439755,-1345,-28899,293
GC,2023-02-14,088691,120812,249884,210374,104845,426116,2010,-21884,295
GC,2023-02-21,088691,119040,248395,210185,103084,422648,-1772,-1489,291
GC,2023-02-28,088691,123391,250878,208419,99826,426890,4351,2483,285
GC,2023-03-07,088691,125394,244314,215574,117100,458474,2003,-6564,303
GC,2023-03-14,088691,122457,277897,230823,90492,459064,-2937,33583,310
GC,2023-03-21,088691,121678,305246,237891,79286,469874,-779,27349,304
GC,2023-03-28,088691,131786,333294,245135,63505,478611,10108,28048,302
GC,2023-04-04,088691,116869,335119,266164,70948,476592,-14917,1825,334
GC,2023-04-11,088691,119710,336258,260165,67420,476567,2841,1139,329
GC,2023-04-18,088691,123496,339921,260061,70168,482254,3786,3663,319
GC,2023-04-25,088691,124518,336446,253186,67922,473209,1022,-3475,315
GC,2023-05-02,088691,127451,345035,262413,66846,493804,2933,8589,332
GC,2023-05-09,088691,130985,353500,266472,70658,518951,3534,8465,337
GC,2023-05-16,088691,138322,349879,255250,75436,521832,7337,-3621,330
GC,2023-05-23,088691,142984,330007,236149,75417,479080,4662,-19872,316
GC,2023-05-30,088691,133329,323334,237306,67990,449515,-9655,-6673,303
GC,2023-06-06,088691,116363,314550,237467,61826,436301,-16966,-8784,296
GC,2023-06-13,088691,120461,306523,227317,67108,432898,4098,-8027,298
GC,2023-06-20,088691,121419,307956,229308,66333,438037,958,1433,308
GC,2023-06-27,088691,119054,294389,220881,68971,431861,-2365,-13567,286
GC,2023-07-03,088691,114905,299622,235081,71984,448063,-4149,5233,289
GC,2023-07-11,088691,114790,302539,240546,74792,483170,-115,2917,299
GC,2023-07-18,088691,115498,329213,263740,70392,482104,708,26674,310
GC,2023-07-25,088691,125491,323701,248229,74590,476176,9993,-5512,314
GC,2023-08-01,088691,117610,304455,238985,74061,439383,-7881,-19246,304
GC,2023-08-08,088691,113890,281444,228846,85861,427759,-3720,-23011,296
GC,2023-08-15,088691,116062,257992,233078,111942,433611,2172,-23452,302
GC,2023-08-22,088691,117646,238682,226340,124394,430239,1584,-19310,308
GC,2023-08-29,088691,118132,258726,236054,112782,442806,486,20044,300
GC,2023-09-05,088691,111456,269695,235802,97796,438672,-6676,10969,304
GC,2023-09-12,088691,113062,257872,235704,111840,441221,1606,-11823,302
GC,2023-09-19,088691,110014,262946,237716,102553,438078,-3048,5074,291
GC,2023-09-26,088691,110844,245680,235560,119745,435620,830,-17266,310
GC,2023-10-03,088691,110666,222648,228406,137180,431226,-178,-23032,317
GC,2023-10-10,088691,121341,211769,220332,148899,436499,10675,-10879,304
GC,2023-10-17,088691,110062,238061,231412,118674,439581,-11279,26292,308
GC,2023-10-24,088691,106180,272053,251469,102084,463476,-3882,33992,316
GC,2023-10-31,088691,105971,288678,261053,97628,475808,-209,16625,321
GC,2023-11-07,088691,110651,296742,261653,95437,484347,4680,8064,310
GC,2023-11-14,088691,110728,287747,254352,98976,486634,77,-8995,317
GC,2023-11-21,088691,115937,306172,269701,97996,508429,5209,18425,327
GC,2023-11-28,088691,115596,334188,289845,89761,505658,-341,28016,329
GC,2023-12-05,088691,103193,330138,288840,85296,487469,-12403,-4050,331
GC,2023-12-12,088691,105710,318518,273536,85303,469939,2517,-11620,321
GC,2023-12-19,088691,105559,332617,280972,79633,481203,-151,14099,316
GC,2023-12-26,088691,105951,338296,289843,82125,491343,392,5679,319
GC,2024-01-02,088691,108804,344282,290706,83057,500364,2853,5986,319
GC,2024-01-09,088691,106489,324190,271665,83051,489849,-2315,-20092,309
GC,2024-01-16,088691,109287,316707,262360,82467,489334,2798,-7483,308
GC,2024-01-23,088691,113094,305187,241100,71626,465872,3807,-11520,302
GC,2024-01-30,088691,117525,288043,219222,71431,430328,4431,-17144,300
GC,2024-02-06,088691,104344,284585,228623,66885,419121,-13181,-3458,305
GC,2024-02-13,088691,109529,262509,217505,86337,420812,5185,-22076,309
GC,2024-02-20,088691,106419,265830,211034,70772,407063,-3110,3321,308
GC,2024-02-27,088691,108432,266784,214948,73312,411195,2013,954,320
GC,2024-03-05,088691,104023,310815,264148,72855,471616,-4409,44031,342
GC,2024-03-12,088691,129432,347705,283062,81460,516057,25409,36890,342
GC,2024-03-19,088691,138102,355632,278732,77130,535047,8670,7927,340
GC,2024-03-26,088691,141774,360114,265647,66353,503642,3672,4482,332
GC,2024-04-02,088691,127114,352828,281399,74149,500045,-14660,-7286,348
GC,2024-04-09,088691,128094,352676,279799,77380,505214,980,-152,335
GC,2024-04-16,088691,132684,355442,278777,76854,517193,4590,2766,340
GC,2024-04-23,088691,129083,355955,279535,76644,516249,-3601,513,334
GC,2024-04-30,088691,126925,354423,278850,74640,519791,-2158,-1532,326
GC,2024-05-07,088691,124899,352165,272144,72577,529835,-2026,-2258,327
GC,2024-05-14,088691,133583,365693,277642,73146,522952,8684,13528,338
GC,2024-05-21,088691,118514,377177,300729,70923,530591,-15069,11484,333
GC,2024-05-28,088691,109181,370131,286737,50152,485430,-9333,-7046,316
GC,2024-06-04,088691,83418,349349,284566,47264,447488,-25763,-20782,311
GC,2024-06-11,088691,82174,342685,276769,42843,436857,-1244,-6664,294
GC,2024-06-18,088691,83440,351170,287147,44063,444345,1266,8485,308
GC,2024-06-25,088691,86551,358039,284885,38656,452190,3111,6869,300
GC,2024-07-02,088691,86905,351704,280117,38574,454730,354,-6335,306
GC,2024-07-09,088691,92907,373536,303043,48268,516324,6002,21832,321
GC,2024-07-16,088691,110041,419345,349827,64803,579862,17134,45809,343
GC,2024-07-23,088691,102237,403162,341600,68526,572306,-7804,-16183,332
GC,2024-07-30,088691,99015,371872,313364,66763,510914,-3222,-31290,319
GC,2024-08-06,088691,88442,357476,298119,59370,480645,-10573,-14396,306
GC,2024-08-13,088691,88313,380815,328769,61505,505872,-129,23339,329
GC,2024-08-20,088691,86232,402738,355551,64298,532867,-2081,21923,341
GC,2024-08-27,088691,85102,407421,343330,48885,521759,-1130,4683,324
GC,2024-09-03,088691,80416,392303,339157,51599,511136,-4686,-15118,313
GC,2024-09-10,088691,78232,385131,340006,57505,511501,-2184,-7172,318
GC,2024-09-17,088691,74647,409774,369734,59668,537627,-3585,24643,326
GC,2024-09-24,088691,76713,416419,387572,72182,564640,2066,6645,336
GC,2024-10-01,088691,67099,394623,370051,70120,533107,-9614,-21796,324
GC,2024-10-08,088691,68957,372933,348891,70711,520316,1858,-21690,318
GC,2024-10-15,088691,70028,382686,357494,71060,541232,1071,9753,328
GC,2024-10-22,088691,66245,390946,371813,75609,573760,-3783,8260,344
GC,2024-10-29,088691,68935,372606,366636,87983,579468,2690,-18340,334
GC,2024-11-05,088691,73287,356346,336816,81487,558034,4352,-16260,311
GC,2024-11-12,088691,75347,340929,316225,79774,535981,2060,-15417,312
GC,2024-11-19,088691,73459,335781,309354,74987,502952,-1888,-5148,298
GC,2024-11-26,088691,72377,344897,303401,53063,472660,-1082,9116,297
GC,2024-12-03,088691,63251,349526,307611,47875,462040,-9126,4629,301
GC,2024-12-10,088691,66025,362896,324332,48746,483346,2774,13370,314
GC,2024-12-17,088691,61012,346245,302978,40937,466571,-5013,-16651,282
GC,2024-12-24,088691,58136,331472,289416,41787,454646,-2876,-14773,278
GC,2024-12-31,088691,60399,331695,282907,35628,458584,2263,223,265
HG,2022-01-04,085692,74398,99243,75207,55448,185905,-2659,2507,253
HG,2022-01-11,085692,75817,98358,73808,57102,189678,1419,-885,247
HG,2022-01-18,085692,79455,109993,77673,55363,203198,3638,11635,259
HG,2022-01-25,085692,80969,113805,78616,52135,205771,1514,3812,261
HG,2022-02-01,085692,84446,105499,68984,52829,198437,3477,-8306,255
HG,2022-02-08,085692,83203,108726,74302,55447,201860,-1243,3227,266
HG,2022-02-15,085692,81004,120425,84415,53723,210089,-2199,11699,282
HG,2022-02-22,085692,77398,112152,80940,55365,204123,-3606,-8273,271
HG,2022-03-01,085692,75232,104612,75526,53433,195398,-2166,-7540,272
HG,2022-03-08,085692,74975,115045,87744,55925,198844,-257,10433,271
HG,2022-03-15,085692,76948,103665,73338,54308,183170,1973,-11380,249
HG,2022-03-22,085692,81894,116498,81523,54711,197244,4946,12833,257
HG,2022-03-29,085692,83024,120357,86553,55972,203692,1130,3859,262
HG,2022-04-05,085692,82054,125093,90779,54637,216157,-970,4736,262
HG,2022-04-12,085692,81559,110808,81940,58590,204825,-495,-14285,261
HG,2022-04-19,085692,80280,108587,83261,64421,203896,-1279,-2221,275
HG,2022-04-26,085692,83543,86694,70659,74444,193763,3263,-21893,261
HG,2022-05-03,085692,86458,76378,65590,81213,185255,2915,-10316,261
HG,2022-05-10,085692,93318,74069,57510,80136,184502,6860,-2309,256
HG,2022-05-17,085692,101533,78474,53159,77567,189483,8215,4405,252
HG,2022-05-24,085692,99318,80030,54130,73763,186433,-2215,1556,252
HG,2022-05-31,085692,99692,84267,53404,71429,189923,374,4237,252
HG,2022-06-07,085692,100449,99570,58232,61946,194187,757,15303,268
HG,2022-06-14,085692,103433,93146,51077,64874,187247,2984,-6424,264
HG,2022-06-21,085692,103789,84861,50230,71168,187170,356,-8285,272
HG,2022-06-28,085692,103666,72469,47782,78478,182352,-123,-12392,267
HG,2022-07-05,085692,94749,63409,54073,85869,183331,-8917,-9060,273
HG,2022-07-12,085692,87389,60328,52623,78918,172037,-7360,-3081,262
HG,2022-07-19,085692,86505,62760,52000,75836,174592,-884,2432,264
HG,2022-07-26,085692,87146,60307,52377,78939,183958,641,-2453,264
HG,2022-08-02,085692,84447,56775,50317,77723,184441,-2699,-3532,256
HG,2022-08-09,085692,85085,57385,49477,77954,187988,638,610,258
HG,2022-08-16,085692,85187,56255,46797,75017,183500,102,-1130,257
HG,2022-08-23,085692,81258,60027,50210,69200,173145,-3929,3772,252
HG,2022-08-30,085692,82023,57038,46105,69360,158390,765,-2989,240
HG,2022-09-06,085692,82038,55218,46581,70571,160251,15,-1820,253
HG,2022-09-13,085692,78682,58170,44574,63560,157900,-3356,2952,232
HG,2022-09-20,085692,82693,59478,46773,67059,163058,4011,1308,237
HG,2022-09-27,085692,87188,58304,50726,78482,173661,4495,-1174,245
HG,2022-10-04,085692,78817,60794,50470,68721,166161,-8371,2490,238
HG,2022-10-11,085692,79079,62176,51021,66920,167449,262,1382,244
HG,2022-10-18,085692,82890,63194,49335,69637,178730,3811,1018,259
HG,2022-10-25,085692,79742,63835,50000,66919,179344,-3148,641,248
HG,2022-11-01,085692,76394,68396,50738,58222,179801,-3348,4561,246
HG,2022-11-08,085692,63309,66735,55028,52115,169929,-13085,-1661,247
HG,2022-11-15,085692,61693,75276,60730,50909,168962,-1616,8541,261
HG,2022-11-22,085692,64127,70240,52701,49597,155127,2434,-5036,239
HG,2022-11-29,085692,63196,66558,51433,49449,146760,-931,-3682,243
HG,2022-12-06,085692,66286,70640,55496,53817,158762,3090,4082,242
HG,2022-12-13,085692,66265,72824,58057,55501,162191,-21,2184,247
HG,2022-12-20,085692,66289,69796,55940,55165,156204,24,-3028,233
HG,2022-12-27,085692,67065,71766,58470,57746,160334,776,1970,241
HG,2023-01-03,085692,68905,69068,57191,61866,164594,1840,-2698,242
HG,2023-01-10,085692,69787,86040,74753,64526,186383,882,16972,280
HG,2023-01-17,085692,69997,92692,84910,68672,201455,210,6652,303
HG,2023-01-24,085692,74715,101257,87941,67771,213398,4718,8565,302
HG,2023-01-31,085692,81694,106108,85410,68195,224824,6979,4851,298
HG,2023-02-07,085692,87084,98271,75474,72969,222502,5390,-7837,290
HG,2023-02-14,085692,93129,95431,67285,72796,218099,6045,-2840,302
HG,2023-02-21,085692,94047,102557,73395,71346,219205,918,7126,302
HG,2023-02-28,085692,85368,85399,60680,66718,196143,-8679,-17158,272
HG,2023-03-07,085692,90635,91547,64858,72578,210430,5267,6148,276
HG,2023-03-14,085692,94496,87389,54088,68244,205997,3861,-4158,259
HG,2023-03-21,085692,94353,86817,51095,63446,201636,-143,-572,261
HG,2023-03-28,085692,93920,98844,56595,58140,211889,-433,12027,275
HG,2023-04-04,085692,93465,98362,60538,63492,218687,-455,-482,280
HG,2023-04-11,085692,91399,92616,56063,60366,209501,-2066,-5746,266
HG,2023-04-18,085692,89131,105411,67262,58328,206216,-2268,12795,284
HG,2023-04-25,085692,92294,83990,57224,74266,202422,3163,-21421,280
HG,2023-05-02,085692,92417,76481,54308,76050,195462,123,-7509,274
HG,2023-05-09,085692,93211,73479,55131,79996,194243,794,-3002,277
HG,2023-05-16,085692,100023,71328,59693,92300,210415,6812,-2151,289
HG,2023-05-23,085692,101169,73673,61463,91271,215394,1146,2345,282
HG,2023-05-30,085692,109115,74856,55099,90801,223185,7946,1183,289
HG,2023-06-06,085692,105982,81372,56660,82616,229756,-3133,6516,276
HG,2023-06-13,085692,92075,79415,61293,74199,211957,-13907,-1957,273
HG,2023-06-20,085692,86761,90764,64740,62852,204399,-5314,11349,273
HG,2023-06-27,085692,84643,91082,64514,61574,194048,-2118,318,270
HG,2023-07-03,085692,84545,77932,59016,67778,187371,-98,-13150,265
HG,2023-07-11,085692,86466,78551,59389,70546,197785,1921,619,281
HG,2023-07-18,085692,89488,90542,67321,70871,216862,3022,11991,283
HG,2023-07-25,085692,95140,99044,73743,72584,234713,5652,8502,292
HG,2023-08-01,085692,89011,107160,80399,69655,236399,-6129,8116,298
HG,2023-08-08,085692,96728,91820,71247,81304,228537,7717,-15340,308
HG,2023-08-15,085692,101827,81162,67401,93099,224215,5099,-10658,292
HG,2023-08-22,085692,94980,72481,63905,88520,211645,-6847,-8681,278
HG,2023-08-29,085692,84292,68805,62624,79240,190629,-10688,-3676,277
HG,2023-09-05,085692,78867,74208,67118,73888,193597,-5425,5403,289
HG,2023-09-12,085692,76561,66675,67333,79667,196198,-2306,-7533,274
HG,2023-09-19,085692,77704,65392,68244,84544,201097,1143,-1283,288
HG,2023-09-26,085692,87518,60326,70663,99442,216031,9814,-5066,308
HG,2023-10-03,085692,85785,65833,69273,91185,208795,-1733,5507,311
HG,2023-10-10,085692,78608,64416,66679,81434,201214,-7177,-1417,301
HG,2023-10-17,085692,87638,64330,71673,97562,220619,9030,-86,333
HG,2023-10-24,085692,88951,67550,71848,92608,224704,1313,3220,316
HG,2023-10-31,085692,81000,62605,69909,87070,222566,-7951,-4945,307
HG,2023-11-07,085692,74303,63252,66053,76341,213615,-6697,647,301
HG,2023-11-14,085692,80287,63838,61976,78584,206072,5984,586,294
HG,2023-11-21,085692,69770,64235,64822,68365,187077,-10517,397,287
HG,2023-11-28,085692,67348,62436,62749,66621,173233,-2422,-1799,287
HG,2023-12-05,085692,69402,67263,62780,64774,176373,2054,4827,287
HG,2023-12-12,085692,68476,63345,65630,69634,176034,-926,-3918,278
HG,2023-12-19,085692,65219,72865,74637,69078,189537,-3257,9520,288
HG,2023-12-26,085692,65861,76017,73086,66009,189731,642,3152,284
HG,2024-01-02,085692,64201,75839,70594,61977,190752,-1660,-178,282
HG,2024-01-09,085692,77708,68679,64262,77429,206716,13507,-7160,311
HG,2024-01-16,085692,93533,70682,62408,87714,219315,15825,2003,318
HG,2024-01-23,085692,96985,69290,66369,96292,233110,3452,-1392,311
HG,2024-01-30,085692,90929,83658,71100,79698,229699,-6056,14368,314
HG,2024-02-06,085692,91421,80533,71283,84993,245784,492,-3125,321
HG,2024-02-13,085692,100413,69987,78229,110926,257761,8992,-10546,320
HG,2024-02-20,085692,89887,73679,79941,95883,229777,-10526,3692,310
HG,2024-02-27,085692,69614,69334,69673,71276,189805,-20273,-4345,294
HG,2024-03-05,085692,70538,67830,70970,76297,198561,924,-1504,310
HG,2024-03-12,085692,69378,76823,87439,82012,219445,-1160,8993,320
HG,2024-03-19,085692,71934,111436,124316,92391,269690,2556,34613,364
HG,2024-03-26,085692,85728,116572,120771,97688,280731,13794,5136,362
HG,2024-04-02,085692,87434,116380,126866,106570,293955,1706,-192,366
HG,2024-04-09,085692,75177,124683,144572,101878,301181,-12257,8303,383
HG,2024-04-16,085692,69560,125646,144590,97021,299220,-5617,963,376
HG,2024-04-23,085692,73320,139515,149013,90619,308479,3760,13869,386
HG,2024-04-30,085692,66105,132747,152807,94743,293492,-7215,-6768,362
HG,2024-05-07,085692,64280,134292,160147,97499,300392,-1825,1545,372
HG,2024-05-14,085692,71026,140682,163662,101882,316141,6746,6390,379
HG,2024-05-21,085692,68780,150497,162887,91193,303409,-2246,9815,371
HG,2024-05-28,085692,79821,156575,153739,88217,298839,11041,6078,353
HG,2024-06-04,085692,79249,153964,142712,81585,283719,-572,-2611,338
HG,2024-06-11,085692,73509,146800,139013,77725,270090,-5740,-7164,331
HG,2024-06-18,085692,72833,137348,133890,81269,265935,-676,-9452,324
HG,2024-06-25,085692,61575,124040,134798,84672,255809,-11258,-13308,320
HG,2024-07-02,085692,61778,123905,135243,86020,256039,203,-135,320
HG,2024-07-09,085692,62868,130417,141237,85206,263869,1090,6512,325
HG,2024-07-16,085692,65732,135590,139774,80874,270330,2864,5173,320
HG,2024-07-23,085692,69589,122219,117236,75016,254535,3857,-13371,304
HG,2024-07-30,085692,85555,121218,102957,78482,260246,15966,-1001,311
HG,2024-08-06,085692,86315,114596,88598,69000,249019,760,-6622,308
HG,2024-08-13,085692,72860,97263,86013,70216,229752,-13455,-17333,311
HG,2024-08-20,085692,72874,100879,91835,71561,228892,14,3616,326
HG,2024-08-27,085692,70518,96520,89063,71918,214577,-2356,-4359,301
HG,2024-09-03,085692,70738,89702,77290,64329,201953,220,-6818,293
HG,2024-09-10,085692,70851,89299,74754,61942,203377,113,-403,289
HG,2024-09-17,085692,70413,96015,79235,59553,204717,-438,6716,311
HG,2024-09-24,085692,69639,109266,96262,63132,226141,-774,13251,323
HG,2024-10-01,085692,68026,118866,108421,65229,240587,-1613,9600,322
HG,2024-10-08,085692,68582,120886,105252,62156,241373,556,2020,311
HG,2024-10-15,085692,75372,120591,99036,63514,242791,6790,-295,304
HG,2024-10-22,085692,76687,120547,100002,67547,242120,1315,-44,297
HG,2024-10-29,085692,85290,119529,96844,73105,247710,8603,-1018,299
HG,2024-11-05,085692,82982,117193,101996,78326,251994,-2308,-2336,305
HG,2024-11-12,085692,77575,107988,93941,73096,232280,-5407,-9205,291
HG,2024-11-19,085692,80198,102040,87842,72400,223447,2623,-5948,290
HG,2024-11-26,085692,76161,91922,83268,73343,203954,-4037,-10118,270
HG,2024-12-03,085692,75871,90654,86478,76012,213182,-290,-1268,283
HG,2024-12-10,085692,72711,89600,84585,73626,208126,-3160,-1054,284
HG,2024-12-17,085692,74275,86025,81540,75600,207513,1564,-3575,274
HG,2024-12-24,085692,76383,84380,83076,81272,213742,2108,-1645,271
HG,2024-12-31,085692,76860,82762,88300,87541,219739,477,-1618,284
HO,2022-01-04,022651,164971,194790,46144,38652,320686,10291,17307,185
HO,2022-01-11,022651,181172,220656,55887,40012,356728,16201,25866,188
HO,2022-01-18,022651,185764,225699,59763,44936,367686,4592,5043,192
HO,2022-01-25,022651,179923,220882,60678,42678,360969,-5841,-4817,188
HO,2022-02-01,022651,166544,209681,64794,49111,347383,-13379,-11201,195
HO,2022-02-08,022651,177626,210060,59340,52885,349618,11082,379,186
HO,2022-02-15,022651,186433,213607,58952,54791,363155,8807,3547,189
HO,2022-02-22,022651,163829,191070,59571,52147,334202,-22604,-22537,186
HO,2022-03-01,022651,141130,168470,51397,43761,285261,-22699,-22600,180
HO,2022-03-08,022651,126451,138993,38685,45436,245668,-14679,-29477,163
HO,2022-03-15,022651,136804,145412,33666,42498,237476,10353,6419,148
HO,2022-03-22,022651,129826,133945,32549,45648,228666,-6978,-11467,143
HO,2022-03-29,022651,113391,120959,34076,47936,214110,-16435,-12986,143
HO,2022-04-05,022651,107598,116766,37331,46027,210320,-5793,-4193,140
HO,2022-04-12,022651,121871,132764,39048,47064,229433,14273,15998,147
HO,2022-04-19,022651,123105,134168,40986,50014,234426,1234,1404,156
HO,2022-04-26,022651,112285,127640,42205,49021,228150,-10820,-6528,149
HO,2022-05-03,022651,110827,124847,42416,50580,232939,-1458,-2793,150
HO,2022-05-10,022651,120587,136847,42869,47474,247283,9760,12000,150
HO,2022-05-17,022651,130015,146426,43109,46478,253795,9428,9579,156
HO,2022-05-24,022651,129521,140734,40920,47118,251687,-494,-5692,149
HO,2022-05-31,022651,123782,141749,43360,43239,248966,-5739,1015,147
HO,2022-06-07,022651,129588,154016,45231,40345,261651,5806,12267,160
HO,2022-06-14,022651,135386,164072,45945,37470,268199,5798,10056,163
HO,2022-06-21,022651,137166,165370,45955,36391,268818,1780,1298,159
HO,2022-06-28,022651,141515,167258,44423,36915,269168,4349,1888,166
HO,2022-07-05,022651,139296,162071,39513,33027,264269,-2219,-5187,156
HO,2022-07-12,022651,140444,163297,36724,29996,266330,1148,1226,147
HO,2022-07-19,022651,144635,168435,37695,28452,267576,4191,5138,149
HO,2022-07-26,022651,139948,173479,43158,24474,269127,-4687,5044,149
HO,2022-08-02,022651,145844,181233,46505,24437,276520,5896,7754,156
HO,2022-08-09,022651,149372,185844,45620,21156,283749,3528,4611,155
HO,2022-08-16,022651,154772,194794,46048,21122,296987,5400,8950,168
HO,2022-08-23,022651,154854,195608,45023,23200,295930,82,814,173
HO,2022-08-30,022651,145893,189654,49157,23961,283427,-8961,-5954,178
HO,2022-09-06,022651,149862,185951,42125,24265,280210,3969,-3703,175
HO,2022-09-13,022651,160000,191353,41005,24941,290916,10138,5402,170
HO,2022-09-20,022651,160165,186106,40428,26331,292634,165,-5247,166
HO,2022-09-27,022651,154778,176403,39591,28177,290265,-5387,-9703,165
HO,2022-10-04,022651,145504,177607,38228,22473,282988,-9274,1204,167
HO,2022-10-11,022651,133301,171749,41620,22197,275262,-12203,-5858,160
HO,2022-10-18,022651,137817,181848,44920,20365,283702,4516,10099,164
HO,2022-10-25,022651,130466,168704,40859,20448,272663,-7351,-13144,158
HO,2022-11-01,022651,116889,158184,40540,19160,268025,-13577,-10520,160
HO,2022-11-08,022651,110820,161879,46818,18860,266730,-6069,3695,159
HO,2022-11-15,022651,119221,166154,44329,18669,275254,8401,4275,163
HO,2022-11-22,022651,125332,170715,46907,19735,278363,6111,4561,167
HO,2022-11-29,022651,117108,165363,47657,16924,266829,-8224,-5352,168
HO,2022-12-06,022651,119578,159084,41270,18442,257158,2470,-6279,166
HO,2022-12-13,022651,140531,173302,38786,21478,270751,20953,14218,155
HO,2022-12-20,022651,138229,175318,39822,19491,268734,-2302,2016,148
HO,2022-12-27,022651,132935,171941,40069,19662,257404,-5294,-3377,151
HO,2023-01-03,022651,128434,162465,39310,22697,252205,-4501,-9476,148
HO,2023-01-10,022651,131465,166500,38662,21893,260845,3031,4035,158
HO,2023-01-17,022651,138190,178802,39503,20997,269911,6725,12302,161
HO,2023-01-24,022651,134558,183098,44504,19144,278159,-3632,4296,170
HO,2023-01-31,022651,124917,170345,40800,19053,265444,-9641,-12753,166
HO,2023-02-07,022651,132341,163558,32458,17002,263450,7424,-6787,158
HO,2023-02-14,022651,147083,178557,36733,19393,280645,14742,14999,161
HO,2023-02-21,022651,138131,164222,36315,18750,259558,-8952,-14335,160
HO,2023-02-28,022651,129907,153846,34927,21101,246341,-8224,-10376,163
HO,2023-03-07,022651,133533,158848,33414,22870,255096,3626,5002,167
HO,2023-03-14,022651,128859,157557,35630,21221,259967,-4674,-1291,166
HO,2023-03-21,022651,148546,171023,33861,24032,279105,19687,13466,172
HO,2023-03-28,022651,138118,165094,36530,27267,271542,-10428,-5929,167
HO,2023-04-04,022651,143370,165977,34455,29599,270347,5252,883,171
HO,2023-04-11,022651,136446,167216,38367,28673,268008,-6924,1239,168
HO,2023-04-18,022651,130599,155586,39038,30173,260459,-5847,-11630,166
HO,2023-04-25,022651,131808,147826,37831,30238,268225,1209,-7760,168
HO,2023-05-02,022651,141480,149297,39867,36098,285472,9672,1471,173
HO,2023-05-09,022651,144644,156238,40569,37918,294110,3164,6941,171
HO,2023-05-16,022651,143821,160873,45793,36494,299991,-823,4635,179
HO,2023-05-23,022651,152273,168978,46434,37337,306360,8452,8105,178
HO,2023-05-30,022651,146962,169905,52780,34439,309819,-5311,927,181
HO,2023-06-06,022651,140563,169398,52778,31501,307550,-6399,-507,179
HO,2023-06-13,022651,154583,185399,51575,30592,328892,14020,16001,178
HO,2023-06-20,022651,147560,176056,45709,29609,310297,-7023,-9343,168
HO,2023-06-27,022651,128930,166558,51440,27340,296513,-18630,-9498,162
HO,2023-07-03,022651,135611,177421,54613,26914,305681,6681,10863,167
HO,2023-07-11,022651,147076,194804,52184,24184,320001,11465,17383,167
HO,2023-07-18,022651,155119,197904,47142,25750,331790,8043,3100,166
HO,2023-07-25,022651,146548,195016,50444,25946,324610,-8571,-2888,164
HO,2023-08-01,022651,147373,197458,57433,33364,328403,825,2442,174
HO,2023-08-08,022651,139659,197175,62120,31239,324934,-7714,-283,181
HO,2023-08-15,022651,152708,210889,56304,24627,332712,13049,13714,173
HO,2023-08-22,022651,153960,219835,61998,20812,333182,1252,8946,174
HO,2023-08-29,022651,143628,208290,59024,19572,321359,-10332,-11545,176
HO,2023-09-05,022651,146142,213268,57673,18936,319491,2514,4978,174
HO,2023-09-12,022651,160351,223150,57327,20405,334395,14209,9882,175
HO,2023-09-19,022651,152164,222058,61835,18934,330256,-8187,-1092,180
HO,2023-09-26,022651,139910,209504,61383,19256,321163,-12254,-12554,173
HO,2023-10-03,022651,138278,204626,59835,20889,330825,-1632,-4878,173
HO,2023-10-10,022651,142840,203665,56535,22009,330440,4562,-961,171
HO,2023-10-17,022651,144881,201025,58741,23558,333451,2041,-2640,176
HO,2023-10-24,022651,139139,190610,57859,25871,322791,-5742,-10415,172
HO,2023-10-31,022651,123990,176117,56543,25152,299928,-15149,-14493,169
HO,2023-11-07,022651,125017,176623,58275,29277,306918,1027,506,170
HO,2023-11-14,022651,127435,178939,59311,26742,303453,2418,2316,178
HO,2023-11-21,022651,136800,184617,56037,26135,310327,9365,5678,177
HO,2023-11-28,022651,122154,180445,59611,22262,303447,-14646,-4172,180
HO,2023-12-05,022651,131844,183783,59730,26935,307563,9690,3338,179
HO,2023-12-12,022651,132530,173817,56507,29387,302940,686,-9966,182
HO,2023-12-19,022651,135881,176002,52900,28065,314171,3351,2185,181
HO,2023-12-26,022651,129952,177411,58262,30787,302179,-5929,1409,188
HO,2024-01-02,022651,134479,177539,56056,26946,300942,4527,128,182
HO,2024-01-09,022651,137654,187653,57779,24868,317129,3175,10114,192
HO,2024-01-16,022651,146085,195688,55733,24183,336198,8431,8035,184
HO,2024-01-23,022651,160773,201105,49987,27695,350421,14688,5417,190
HO,2024-01-30,022651,164273,205759,49360,25511,349721,3500,4654,197
HO,2024-02-06,022651,176214,217457,49322,30948,356853,11941,11698,190
HO,2024-02-13,022651,184416,230473,61696,40100,377975,8202,13016,202
HO,2024-02-20,022651,174260,212579,61389,41965,364397,-10156,-17894,200
HO,2024-02-27,022651,153499,190604,57400,36482,332225,-20761,-21975,194
HO,2024-03-05,022651,146187,181552,54052,36898,312072,-7312,-9052,202
HO,2024-03-12,022651,150519,182262,52346,39930,311436,4332,710,201
HO,2024-03-19,022651,141165,173538,52537,39712,309514,-9354,-8724,204
HO,2024-03-26,022651,139433,167470,52441,41639,314421,-1732,-6068,208
HO,2024-04-02,022651,139585,173717,48754,36503,317587,152,6247,207
HO,2024-04-09,022651,144838,176773,51058,41021,326852,5253,3056,215
HO,2024-04-16,022651,158604,183822,46825,42401,339288,13766,7049,207
HO,2024-04-23,022651,171389,194630,43399,35000,357753,12785,10808,206
HO,2024-04-30,022651,177405,194653,40383,36111,362786,6016,23,210
HO,2024-05-07,022651,189571,212175,38366,29271,380627,12166,17522,206
HO,2024-05-14,022651,197163,215929,42218,30737,397078,7592,3754,210
HO,2024-05-21,022651,189909,215562,46680,28733,399254,-7254,-367,204
HO,2024-05-28,022651,181459,212524,51761,28037,397141,-8450,-3038,199
HO,2024-06-04,022651,182622,199444,56359,41969,392535,1163,-13080,210
HO,2024-06-11,022651,195445,213652,48723,38013,399679,12823,14208,204
HO,2024-06-18,022651,174228,201988,54883,35507,380121,-21217,-11664,208
HO,2024-06-25,022651,163290,189310,55478,40771,369626,-10938,-12678,210
HO,2024-07-02,022651,156632,191578,53109,34098,362479,-6658,2268,202
HO,2024-07-09,022651,166622,195859,50088,35703,376947,9990,4281,198
HO,2024-07-16,022651,168932,192006,57887,41123,374401,2310,-3853,199
HO,2024-07-23,022651,168549,189812,62738,48528,379769,-383,-2194,212
HO,2024-07-30,022651,182196,200793,62077,47403,398471,13647,10981,215
HO,2024-08-06,022651,179253,192473,67770,58829,409414,-2943,-8320,214
HO,2024-08-13,022651,173308,187076,67315,56914,406318,-5945,-5397,223
HO,2024-08-20,022651,188535,195361,67840,58121,414283,15227,8285,219
HO,2024-08-27,022651,184256,196373,66059,53843,410761,-4279,1012,207
HO,2024-09-03,022651,174622,186293,69729,60123,410334,-9634,-10080,209
HO,2024-09-10,022651,195554,188530,65778,72739,431760,20932,2237,212
HO,2024-09-17,022651,208646,192923,67394,80779,446071,13092,4393,215
HO,2024-09-24,022651,193397,179064,62887,77694,418315,-15249,-13859,209
HO,2024-10-01,022651,199073,186949,60218,73783,424295,5676,7885,220
HO,2024-10-08,022651,191026,190710,51536,53102,409235,-8047,3761,208
HO,2024-10-15,022651,199159,194217,46149,52859,409439,8133,3507,211
HO,2024-10-22,022651,214957,206296,47042,58864,421943,15798,12079,215
HO,2024-10-29,022651,228310,211452,44799,61257,424484,13353,5156,214
HO,2024-11-05,022651,217623,211351,42775,51927,413568,-10687,-101,196
HO,2024-11-12,022651,220468,209085,40820,50336,416168,2845,-2266,205
HO,2024-11-19,022651,217494,201543,39612,55750,413413,-2974,-7542,204
HO,2024-11-26,022651,213902,192602,35485,57943,394853,-3592,-8941,203
HO,2024-12-03,022651,209314,187709,40397,62676,386394,-4588,-4893,207
HO,2024-12-10,022651,207768,172655,42687,75641,388945,-1546,-15054,207
HO,2024-12-17,022651,205250,183731,51397,66251,384897,-2518,11076,204
HO,2024-12-24,022651,193761,186491,54684,55488,374637,-11489,2760,204
HO,2024-12-31,022651,181738,186578,51362,50360,356068,-12023,87,206
JY,2022-01-04,097741,170537,85793,40816,103078,234068,19890,7510,128
JY,2022-01-11,097741,189708,81316,22364,109889,234005,19171,-4477,133
JY,2022-01-18,097741,173701,73961,8002,88881,201820,-16007,-7355,117
JY,2022-01-25,097741,160178,77315,15866,84139,197830,-13523,3354,120
JY,2022-02-01,097741,160358,81005,14510,75150,194435,180,3690,120
JY,2022-02-08,097741,159601,83644,15692,74840,196478,-757,2639,121
JY,2022-02-15,097741,166645,80389,10425,76587,199425,7044,-3255,116
JY,2022-02-22,097741,162044,79564,10976,74163,194169,-4601,-825,118
JY,2022-03-01,097741,167605,88070,14665,83397,208629,5561,8506,119
JY,2022-03-08,097741,170330,93673,15548,71404,208683,2725,5603,121
JY,2022-03-15,097741,163089,75492,34016,96356,215484,-7241,-18181,124
JY,2022-03-22,097741,189100,84310,36676,115158,248221,26011,8818,125
JY,2022-03-29,097741,201190,76340,15274,117405,239698,12090,-7970,119
JY,2022-04-05,097741,205209,79985,14583,118412,242217,4019,3645,122
JY,2022-04-12,097741,212850,80948,9925,121752,245403,7641,963,129
JY,2022-04-19,097741,216101,86259,12723,119910,251291,3251,5311,128
JY,2022-04-26,097741,201828,86907,14269,109804,237995,-14273,648,133
JY,2022-05-03,097741,215563,95299,18585,119379,254813,13735,8392,137
JY,2022-05-10,097741,213084,88157,11196,121650,247278,-2479,-7142,135
JY,2022-05-17,097741,204417,89355,12113,114422,241308,-8667,1198,126
JY,2022-05-24,097741,192215,85516,16567,116011,237256,-12202,-3839,126
JY,2022-05-31,097741,196584,91535,15201,109640,239080,4369,6019,126
JY,2022-06-07,097741,210889,101780,18466,110112,266054,14305,10245,135
JY,2022-06-14,097741,175789,89346,32441,102196,232513,-35100,-12434,130
JY,2022-06-21,097741,156248,81899,35864,94318,218076,-19541,-7447,126
JY,2022-06-28,097741,152071,84176,36462,89032,213767,-4177,2277,128
JY,2022-07-05,097741,149702,85639,38660,93105,217672,-2369,1463,128
JY,2022-07-12,097741,160589,85522,35533,95531,223539,10887,-117,128
JY,2022-07-19,097741,158427,85345,42880,102105,229449,-2162,-177,124
JY,2022-07-26,097741,157963,84190,43812,105293,229219,-464,-1155,126
JY,2022-08-02,097741,157333,107079,50433,93186,236737,-630,22889,123
JY,2022-08-09,097741,148628,111634,52333,77365,225834,-8705,4555,114
JY,2022-08-16,097741,152209,110230,51308,80199,228697,3581,-1404,118
JY,2022-08-23,097741,156987,104523,56734,95541,242132,4778,-5707,121
JY,2022-08-30,097741,163991,102704,54513,96044,247030,7004,-1819,128
JY,2022-09-06,097741,191138,113469,56002,114191,281266,27147,10765,130
JY,2022-09-13,097741,212375,114076,39323,120015,281716,21237,607,135
JY,2022-09-20,097741,190267,92754,34767,116047,250892,-22108,-21322,129
JY,2022-09-27,097741,195930,95297,22706,105262,244655,5663,2543,128
JY,2022-10-04,097741,185691,92367,26962,108585,243289,-10239,-2930,131
JY,2022-10-11,097741,187119,92670,30149,107542,245007,1428,303,125
JY,2022-10-18,097741,203508,92667,30583,124919,264265,16389,-3,133
JY,2022-10-25,097741,205120,87038,37579,140197,272597,1612,-5629,139
JY,2022-11-01,097741,191221,95447,40460,118080,258906,-13899,8409,130
JY,2022-11-08,097741,183539,94559,37201,112459,251378,-7682,-888,125
JY,2022-11-15,097741,172905,95692,33797,99639,233346,-10634,1133,116
JY,2022-11-22,097741,170350,92244,30800,95650,227435,-2555,-3448,114
JY,2022-11-29,097741,173959,91290,28125,95519,228328,3609,-954,125
JY,2022-12-06,097741,169918,94716,23589,89585,223424,-4041,3426,120
JY,2022-12-13,097741,157021,97992,22290,75478,226964,-12897,3276,112
JY,2022-12-20,097741,121482,75759,33686,74567,182034,-35539,-22233,111
JY,2022-12-27,097741,118599,72598,29685,67415,173136,-2883,-3161,113
JY,2023-01-03,097741,117959,71186,25377,72241,172590,-640,-1412,114
JY,2023-01-10,097741,119166,84678,26395,61772,175745,1207,13492,107
JY,2023-01-17,097741,114907,96823,29458,52419,176862,-4259,12145,114
JY,2023-01-24,097741,113437,96292,27620,49255,173321,-1470,-531,117
JY,2023-01-31,097741,114423,96244,22550,42610,168540,986,-48,112
JY,2023-02-07,097741,118080,84734,16556,45645,164069,3657,-11510,105
JY,2023-02-14,097741,124522,88753,23079,50922,174955,6442,4019,115
JY,2023-02-21,097741,126777,79888,32486,66515,186100,2255,-8865,123
JY,2023-02-28,097741,142893,72372,27703,86381,200047,16116,-7516,125
JY,2023-03-07,097741,163246,73643,17141,92444,211297,20353,1271,124
JY,2023-03-14,097741,142857,56863,11048,85842,179782,-20389,-16780,119
JY,2023-03-21,097741,134389,61905,7255,73600,169188,-8468,5042,115
JY,2023-03-28,097741,132070,74508,9717,63692,169473,-2319,12603,116
JY,2023-04-04,097741,133327,81061,11523,68559,178828,1257,6553,118
JY,2023-04-11,097741,132604,76255,11933,69140,176822,-723,-4806,111
JY,2023-04-18,097741,132747,71102,15661,72530,177507,143,-5153,117
JY,2023-04-25,097741,135330,62705,13680,82424,184041,2583,-8397,114
JY,2023-05-02,097741,141332,63811,28088,96412,202996,6002,1106,133
JY,2023-05-09,097741,137992,68830,22229,83244,192574,-3340,5019,121
JY,2023-05-16,097741,142392,66255,29494,94285,200515,4400,-2575,126
JY,2023-05-23,097741,157498,65120,36760,117420,226400,15106,-1135,143
JY,2023-05-30,097741,166931,60419,40736,136929,243237,9433,-4701,143
JY,2023-06-06,097741,174461,60725,34151,138968,245332,7530,306,139
JY,2023-06-13,097741,175067,56886,37088,141064,252566,606,-3839,136
JY,2023-06-20,097741,175201,56929,32244,139900,238556,134,43,137
JY,2023-06-27,097741,181511,59145,38018,150888,251524,6310,2216,144
JY,2023-07-03,097741,190157,64147,41713,159633,265066,8646,5002,148
JY,2023-07-11,097741,190189,61112,29838,147020,252349,32,-3035,145
JY,2023-07-18,097741,170491,72296,29776,120015,230932,-19698,11184,131
JY,2023-07-25,097741,161166,74611,30358,108110,223760,-9325,2315,124
JY,2023-08-01,097741,164659,81371,26849,106065,229015,3493,6760,137
JY,2023-08-08,097741,169528,80407,23135,106315,229849,4869,-964,132
JY,2023-08-15,097741,175636,85139,34789,115750,247954,6108,4732,141
JY,2023-08-22,097741,180967,76343,28680,124003,246923,5331,-8796,132
JY,2023-08-29,097741,181043,77975,24790,123263,245452,76,1632,140
JY,2023-09-05,097741,190804,84937,37014,134150,268344,9761,6962,149
JY,2023-09-12,097741,183589,76945,38247,136960,270854,-7215,-7992,146
JY,2023-09-19,097741,183927,72482,45737,147356,265860,338,-4463,145
JY,2023-09-26,097741,200015,79788,46169,155681,285974,16088,7306,147
JY,2023-10-03,097741,194193,76324,47544,161532,282682,-5822,-3464,155
JY,2023-10-10,097741,182514,76362,36780,136256,259937,-11679,38,145
JY,2023-10-17,097741,193634,81275,33139,135797,267521,11120,4913,153
JY,2023-10-24,097741,186381,81572,30964,130593,260909,-7253,297,151
JY,2023-10-31,097741,193460,85894,37641,141489,277272,7079,4322,153
JY,2023-11-07,097741,189951,77994,27238,131278,259698,-3509,-7900,150
JY,2023-11-14,097741,199890,66618,27772,158021,273763,9939,-11376,153
JY,2023-11-21,097741,178832,73404,39236,144690,264903,-21058,6786,157
JY,2023-11-28,097741,180134,76442,30461,139698,260781,1302,3038,153
JY,2023-12-05,097741,184156,77938,28266,133222,267482,4022,1496,155
JY,2023-12-12,097741,172756,93229,28226,109357,257581,-11400,15291,146
JY,2023-12-19,097741,112422,49729,31734,96636,185940,-60334,-43500,139
JY,2023-12-26,097741,110013,57354,37321,92889,188540,-2409,7625,141
JY,2024-01-02,097741,108605,53116,33585,90780,184042,-1408,-4238,134
JY,2024-01-09,097741,113876,59685,41364,97313,200299,5271,6569,136
JY,2024-01-16,097741,125048,63324,44180,100740,213309,11172,3639,146
JY,2024-01-23,097741,144222,67230,52585,123230,243032,19174,3906,148
JY,2024-01-30,097741,148972,68838,44918,125373,242029,4750,1608,150
JY,2024-02-06,097741,155571,72588,55646,139876,259542,6599,3750,156
JY,2024-02-13,097741,194067,78895,58554,170090,304592,38496,6307,160
JY,2024-02-20,097741,199061,73207,53862,174640,305438,4994,-5688,157
JY,2024-02-27,097741,204425,72443,51261,183966,309633,5364,-764,166
JY,2024-03-05,097741,200129,86604,54671,173514,314586,-4296,14161,167
JY,2024-03-12,097741,207478,109601,54923,157245,325675,7349,22997,165
JY,2024-03-19,097741,182299,67180,66274,182286,302500,-25179,-42421,163
JY,2024-03-26,097741,194045,64457,59969,189075,305701,11746,-2723,170
JY,2024-04-02,097741,205195,65701,55190,198420,316809,11150,1244,166
JY,2024-04-09,097741,219256,62314,47275,209426,324479,14061,-3387,164
JY,2024-04-16,097741,230642,62900,49463,215082,331110,11386,586,163
JY,2024-04-23,097741,239847,60703,42426,222345,336167,9205,-2197,164
JY,2024-04-30,097741,244920,68798,40435,208823,334848,5073,8095,161
JY,2024-05-07,097741,219305,77532,34990,169912,299859,-25615,8734,159
JY,2024-05-14,097741,216442,83148,35303,161485,297606,-2863,5616,151
JY,2024-05-21,097741,224424,77907,29614,173981,301315,7982,-5241,155
JY,2024-05-28,097741,246911,80789,28565,184604,325231,22487,2882,161
JY,2024-06-04,097741,204830,74935,40427,172528,303009,-42081,-5854,160
JY,2024-06-11,097741,228809,83182,30763,169342,319274,23979,8247,152
JY,2024-06-18,097741,227907,68141,29429,177182,297117,-902,-15041,149
JY,2024-06-25,097741,259292,77434,34576,208476,340237,31385,9293,166
JY,2024-07-02,097741,264603,70058,36714,220937,349817,5311,-7376,161
JY,2024-07-09,097741,257455,67588,41521,223554,348954,-7148,-2470,161
JY,2024-07-16,097741,216042,56953,47356,198428,307205,-41413,-10635,152
JY,2024-07-23,097741,194534,85766,64390,171498,307183,-21508,28813,152
JY,2024-07-30,097741,195104,117524,65016,138476,303151,570,31758,149
JY,2024-08-06,097741,191829,179633,66169,77523,298937,-3275,62109,125
JY,2024-08-13,097741,190064,213591,87101,63997,315338,-1765,33958,126
JY,2024-08-20,097741,187055,215456,88761,65176,316197,-3009,1865,125
JY,2024-08-27,097741,190141,221591,84305,58437,318259,3086,6135,118
JY,2024-09-03,097741,189291,236056,91791,50675,326795,-850,14465,126
JY,2024-09-10,097741,223698,290417,98894,43124,376514,34407,54361,126
JY,2024-09-17,097741,56915,128754,97332,40492,199463,-166783,-161663,122
JY,2024-09-24,097741,58606,136114,104690,38679,207702,1691,7360,120
JY,2024-10-01,097741,58635,125382,95513,38741,196200,29,-10732,123
JY,2024-10-08,097741,73626,111285,83679,47151,196685,14991,-14097,122
JY,2024-10-15,097741,68697,105336,86685,52575,197871,-4929,-5949,117
JY,2024-10-22,097741,86382,97010,79364,66593,207338,17685,-8326,121
JY,2024-10-29,097741,121136,93054,64925,89742,225894,34754,-3956,123
JY,2024-11-05,097741,135946,88651,60334,104501,235762,14810,-4403,121
JY,2024-11-12,097741,153738,81565,64038,128940,257688,17792,-7086,120
JY,2024-11-19,097741,134065,84856,78973,125841,254087,-19673,3291,119
JY,2024-11-26,097741,122885,99595,87597,110230,253566,-11180,14739,128
JY,2024-12-03,097741,111171,111335,93622,91288,256849,-11714,11740,128
JY,2024-12-10,097741,117775,142373,97938,72186,274834,6604,31038,120
JY,2024-12-17,097741,57107,60208,87208,81247,181673,-60668,-82165,115
JY,2024-12-24,097741,68898,65215,95958,93647,200720,11791,5007,124
JY,2024-12-31,097741,71016,61414,96119,104562,206971,2118,-3801,128
KW,2022-01-04,001612,72312,120325,81363,36332,222583,1733,-4103,247
KW,2022-01-11,001612,75103,116593,73865,35087,215528,2791,-3732,242
KW,2022-01-18,001612,77811,113676,67640,34073,212141,2708,-2917,242
KW,2022-01-25,001612,77835,112660,63903,28988,211960,24,-1016,241
KW,2022-02-01,001612,79968,115987,63366,28579,218513,2133,3327,246
KW,2022-02-08,001612,77015,111886,61491,28698,212689,-2953,-4101,247
KW,2022-02-15,001612,79812,114007,62379,28083,221307,2797,2121,245
KW,2022-02-22,001612,78566,116595,63892,26189,213586,-1246,2588,236
KW,2022-03-01,001612,72994,116239,66319,24703,208293,-5572,-356,222
KW,2022-03-08,001612,72835,117331,64830,20909,184723,-159,1092,213
KW,2022-03-15,001612,71563,116828,61697,17420,178859,-1272,-503,215
KW,2022-03-22,001612,68553,114383,63758,17748,178217,-3010,-2445,214
KW,2022-03-29,001612,67476,113162,62810,17784,178444,-1077,-1221,216
KW,2022-04-05,001612,68383,112421,61798,18700,178149,907,-741,214
KW,2022-04-12,001612,65940,111321,63021,19721,175900,-2443,-1100,221
KW,2022-04-19,001612,65875,112505,64093,19801,177370,-65,1184,221
KW,2022-04-26,001612,66411,110544,63734,23307,173692,536,-1961,225
KW,2022-05-03,001612,65718,105936,61502,23969,171872,-693,-4608,226
KW,2022-05-10,001612,65580,105953,59607,22028,172577,-138,17,222
KW,2022-05-17,001612,66930,108202,60349,21352,174905,1350,2249,226
KW,2022-05-24,001612,66575,106502,60284,21614,177697,-355,-1700,227
KW,2022-05-31,001612,68597,105325,58353,22086,180591,2022,-1177,223
KW,2022-06-07,001612,69963,102896,54842,20813,180335,1366,-2429,217
KW,2022-06-14,001612,71691,102752,53731,20373,177793,1728,-144,217
KW,2022-06-21,001612,71176,97176,53876,24348,173165,-515,-5576,217
KW,2022-06-28,001612,67875,86221,44023,22860,155953,-3301,-10955,203
KW,2022-07-05,001612,70723,85638,41916,24015,153674,2848,-583,209
KW,2022-07-12,001612,75577,86100,38412,24992,153758,4854,462,196
KW,2022-07-19,001612,79098,83990,38205,29875,158686,3521,-2110,200
KW,2022-07-26,001612,81370,84053,38239,33451,163884,2272,63,210
KW,2022-08-02,001612,80981,84084,39046,33990,167999,-389,31,212
KW,2022-08-09,001612,79977,82074,38343,34631,162643,-1004,-2010,199
KW,2022-08-16,001612,73577,76814,39557,36110,156392,-6400,-5260,195
KW,2022-08-23,001612,73114,79319,44515,37709,157509,-463,2505,203
KW,2022-08-30,001612,68681,75826,45210,36725,145155,-4433,-3493,199
KW,2022-09-06,001612,68874,76418,44067,35977,146259,193,592,197
KW,2022-09-13,001612,68292,81607,46233,31998,149786,-582,5189,204
KW,2022-09-20,001612,68836,84172,47827,30736,154904,544,2565,210
KW,2022-09-27,001612,67757,86463,45624,24474,153947,-1079,2291,200
KW,2022-10-04,001612,67529,86456,45050,23270,153441,-228,-7,192
KW,2022-10-11,001612,68323,88303,45238,22485,156583,794,1847,200
KW,2022-10-18,001612,67252,90000,44895,20162,157624,-1071,1697,199
KW,2022-10-25,001612,67867,88130,42782,21147,158382,615,-1870,205
KW,2022-11-01,001612,68165,87028,42309,21970,160095,298,-1102,198
KW,2022-11-08,001612,66763,86250,41006,20415,155333,-1402,-778,205
KW,2022-11-15,001612,70876,88207,38881,20893,155780,4113,1957,203
KW,2022-11-22,001612,69575,82981,36835,22768,147905,-1301,-5226,196
KW,2022-11-29,001612,66371,78477,37621,23996,142738,-3204,-4504,190
KW,2022-12-06,001612,70417,72380,33894,29176,146353,4046,-6097,184
KW,2022-12-13,001612,70186,73797,38008,33134,151174,-231,1417,193
KW,2022-12-20,001612,69784,67790,35540,36814,151177,-402,-6007,188
KW,2022-12-27,001612,70021,65839,34335,36858,149652,237,-1951,188
KW,2023-01-03,001612,72420,67723,34475,37107,152061,2399,1884,192
KW,2023-01-10,001612,78470,65640,31234,43389,163353,6050,-2083,201
KW,2023-01-17,001612,78720,67402,36672,45403,169085,250,1762,199
KW,2023-01-24,001612,83539,72369,39575,47863,179845,4819,4967,201
KW,2023-01-31,001612,83972,79350,43642,44792,187498,433,6981,196
KW,2023-02-07,001612,79910,79310,46177,43233,190500,-4062,-40,204
KW,2023-02-14,001612,75326,84062,50031,40215,189148,-4584,4752,212
KW,2023-02-21,001612,75882,86971,51798,39934,180977,556,2909,216
KW,2023-02-28,001612,77803,72379,44040,46588,166388,1921,-14592,212
KW,2023-03-07,001612,78755,67012,43372,53348,170310,952,-5367,212
KW,2023-03-14,001612,80103,67563,43453,54334,173762,1348,551,208
KW,2023-03-21,001612,80096,69340,41069,48647,171307,-7,1777,202
KW,2023-03-28,001612,77318,72895,42472,43459,172549,-2778,3555,208
KW,2023-04-04,001612,79929,79621,42084,39030,175353,2611,6726,211
KW,2023-04-11,001612,78636,80436,44422,42560,175828,-1293,815,217
KW,2023-04-18,001612,77218,79145,45070,42785,171965,-1418,-1291,208
KW,2023-04-25,001612,77685,73864,43745,45083,171324,467,-5281,204
KW,2023-05-02,001612,80351,68465,47018,59253,187544,2666,-5399,214
KW,2023-05-09,001612,79626,77842,50459,48537,187551,-725,9377,216
KW,2023-05-16,001612,73617,78882,50031,40733,184413,-6009,1040,215
KW,2023-05-23,001612,76124,81098,49268,39026,186585,2507,2216,217
KW,2023-05-30,001612,83065,80359,43890,40550,187580,6941,-739,207
KW,2023-06-06,001612,88884,84083,42272,42228,194113,5819,3724,206
KW,2023-06-13,001612,86477,78197,39928,42889,185275,-2407,-5886,201
KW,2023-06-20,001612,81361,76346,37776,39223,175099,-5116,-1851,197
KW,2023-06-27,001612,66775,69516,37366,30612,159808,-14586,-6830,197
KW,2023-07-03,001612,61769,66088,37577,28897,149323,-5006,-3428,188
KW,2023-07-11,001612,61590,69492,38188,27462,155574,-179,3404,192
KW,2023-07-18,001612,65810,71390,40538,31929,167183,4220,1898,191
KW,2023-07-25,001612,69176,86352,49007,30562,186210,3366,14962,212
KW,2023-08-01,001612,75557,86242,49744,35132,186603,6381,-110,200
KW,2023-08-08,001612,73460,73409,50893,48398,183042,-2097,-12833,208
KW,2023-08-15,001612,76494,70306,49815,51716,185974,3034,-3103,211
KW,2023-08-22,001612,77135,67966,52707,58552,191367,641,-2340,222
KW,2023-08-29,001612,74598,62066,50196,58462,186042,-2537,-5900,214
KW,2023-09-05,001612,76099,63257,52225,62775,195685,1501,1191,216
KW,2023-09-12,001612,78779,63890,53369,64628,198936,2680,633,221
KW,2023-09-19,001612,80169,66692,54479,65420,202243,1390,2802,228
KW,2023-09-26,001612,79985,61188,53038,68703,205236,-184,-5504,223
KW,2023-10-03,001612,90913,63414,51340,76750,216870,10928,2226,222
KW,2023-10-10,001612,93882,64894,51716,78134,218098,2969,1480,224
KW,2023-10-17,001612,94956,66466,52319,79137,224217,1074,1572,217
KW,2023-10-24,001612,96750,67135,51664,79016,228863,1794,669,218
KW,2023-10-31,001612,91955,62428,53567,80910,228736,-4795,-4707,214
KW,2023-11-07,001612,90352,59665,53390,81220,227698,-1603,-2763,213
KW,2023-11-14,001612,92195,63436,53906,82268,227923,1843,3771,213
KW,2023-11-21,001612,94322,56350,54558,90835,225369,2127,-7086,215
KW,2023-11-28,001612,87969,51340,59802,94237,216920,-6353,-5010,221
KW,2023-12-05,001612,80755,55786,59129,82654,205431,-7214,4446,211
KW,2023-12-12,001612,73093,56269,60057,75435,200429,-7662,483,204
KW,2023-12-19,001612,72829,55778,56234,72430,199913,-264,-491,204
KW,2023-12-26,001612,75425,56261,58597,77455,205427,2596,483,208
KW,2024-01-02,001612,82992,59436,53027,75605,211166,7567,3175,213
KW,2024-01-09,001612,86466,64045,54526,77257,214486,3474,4609,211
KW,2024-01-16,001612,88267,57081,55730,83777,219660,1801,-6964,203
KW,2024-01-23,001612,90713,62763,56356,82443,227673,2446,5682,210
KW,2024-01-30,001612,91765,69782,60108,80211,237776,1052,7019,206
KW,2024-02-06,001612,99257,76011,62607,84866,250859,7492,6229,214
KW,2024-02-13,001612,110726,81295,62886,90503,252919,11469,5284,219
KW,2024-02-20,001612,108264,74140,65113,96658,250254,-2462,-7155,220
KW,2024-02-27,001612,103521,71751,68459,99077,245922,-4743,-2389,222
KW,2024-03-05,001612,104265,73575,71476,99944,256482,744,1824,233
KW,2024-03-12,001612,110010,82483,74063,99865,264243,5745,8908,233
KW,2024-03-19,001612,109274,77140,73892,103627,270023,-736,-5343,238
KW,2024-03-26,001612,114114,78298,68418,103430,273039,4840,1158,234
KW,2024-04-02,001612,114502,76970,70037,105506,276992,388,-1328,228
KW,2024-04-09,001612,113931,72090,63243,102699,265351,-571,-4880,223
KW,2024-04-16,001612,118558,73166,60456,102979,261025,4627,1076,223
KW,2024-04-23,001612,119227,79560,59586,98116,254845,669,6394,229
KW,2024-04-30,001612,108604,78919,52296,75653,228424,-10623,-641,219
KW,2024-05-07,001612,107235,82933,52166,69822,229435,-1369,4014,223
KW,2024-05-14,001612,105944,90099,55634,66433,234965,-1291,7166,232
KW,2024-05-21,001612,108235,89251,57587,70005,239525,2291,-848,224
KW,2024-05-28,001612,109380,96854,62916,67551,251163,1145,7603,233
KW,2024-06-04,001612,111727,97417,63082,70885,252601,2347,563,223
KW,2024-06-11,001612,104528,87256,60361,70560,232288,-7199,-10161,216
KW,2024-06-18,001612,111439,87297,54226,75611,228106,6911,41,227
KW,2024-06-25,001612,115003,75355,57907,90178,229238,3564,-11942,236
KW,2024-07-02,001612,117939,82750,63536,95364,238319,2936,7395,245
KW,2024-07-09,001612,117657,82872,61115,90236,240149,-282,122,241
KW,2024-07-16,001612,117466,84722,60601,88253,242756,-191,1850,244
KW,2024-07-23,001612,118040,87181,58753,84516,243019,574,2459,245
KW,2024-07-30,001612,118878,88540,62869,86035,253385,838,1359,240
KW,2024-08-06,001612,125578,98807,62762,83499,265006,6700,10267,237
KW,2024-08-13,001612,118086,93747,66198,86150,259106,-7492,-5060,237
KW,2024-08-20,001612,113360,85047,66359,89381,251167,-4726,-8700,240
KW,2024-08-27,001612,106711,82656,69044,89514,243934,-6649,-2391,254
KW,2024-09-03,001612,104613,84967,69930,86201,243056,-2098,2311,253
KW,2024-09-10,001612,98524,87886,72578,79312,231642,-6089,2919,252
KW,2024-09-17,001612,98730,89915,69804,75792,232557,206,2029,256
KW,2024-09-24,001612,102164,92413,69190,78256,241237,3434,2498,255
KW,2024-10-01,001612,103792,95395,69903,73892,243463,1628,2982,245
KW,2024-10-08,001612,97394,97573,62694,57784,228934,-6398,2178,240
KW,2024-10-15,001612,101786,103368,61430,55487,242322,4392,5795,243
KW,2024-10-22,001612,110676,109091,61005,56885,251787,8890,5723,241
KW,2024-10-29,001612,114503,106356,63615,67535,265583,3827,-2735,245
KW,2024-11-05,001612,113654,102188,64600,70550,271347,-849,-4168,248
KW,2024-11-12,001612,116902,96494,63586,80560,272306,3248,-5694,246
KW,2024-11-19,001612,110881,93464,68406,84820,260991,-6021,-3030,249
KW,2024-11-26,001612,105689,87365,66990,83751,249800,-5192,-6099,251
KW,2024-12-03,001612,108867,85119,68706,91418,261784,3178,-2246,246
KW,2024-12-10,001612,112641,91723,72174,91660,271564,3774,6604,247
KW,2024-12-17,001612,114339,97506,73560,89678,273553,1698,5783,244
KW,2024-12-24,001612,115290,96976,78276,95957,280571,951,-530,244
KW,2024-12-31,001612,115128,98322,76119,93108,278322,-162,1346,248
LC,2022-01-04,057642,116043,177574,116678,44799,330630,602,4440,390
LC,2022-01-11,057642,121792,179107,109427,47607,322662,5749,1533,388
LC,2022-01-18,057642,126608,184686,111509,47947,328652,4816,5579,402
LC,2022-01-25,057642,131826,175236,110040,61399,335630,5218,-9450,397
LC,2022-02-01,057642,127335,184870,118790,53282,334255,-4491,9634,404
LC,2022-02-08,057642,127373,194293,129605,49796,345457,38,9423,419
LC,2022-02-15,057642,130961,200636,132481,48914,355131,3588,6343,425
LC,2022-02-22,057642,131571,198855,131540,49297,361049,610,-1781,430
LC,2022-03-01,057642,137310,188452,115502,56463,357108,5739,-10403,420
LC,2022-03-08,057642,137930,170648,107356,67789,328273,620,-17804,394
LC,2022-03-15,057642,132992,168035,108642,64386,312738,-4938,-2613,395
LC,2022-03-22,057642,129408,166852,108953,62214,309780,-3584,-1183,395
LC,2022-03-29,057642,129222,171565,109521,56776,309724,-186,4713,397
LC,2022-04-05,057642,128739,169392,106515,57448,302711,-483,-2173,408
LC,2022-04-12,057642,124469,167769,113806,61964,308227,-4270,-1623,403
LC,2022-04-19,057642,122065,167951,115285,60760,306591,-2404,182,400
LC,2022-04-26,057642,118041,170168,120393,59044,305484,-4024,2217,394
LC,2022-05-03,057642,119484,160866,114213,67177,309979,1443,-9302,405
LC,2022-05-10,057642,117509,153292,111188,71385,308712,-1975,-7574,401
LC,2022-05-17,057642,117903,149320,107168,72138,300617,394,-3972,407
LC,2022-05-24,057642,122357,144510,99928,77181,296222,4454,-4810,400
LC,2022-05-31,057642,121350,139916,102315,82775,299155,-1007,-4594,399
LC,2022-06-07,057642,119324,143536,104585,79157,294693,-2026,3620,391
LC,2022-06-14,057642,110947,141067,100918,68174,273547,-8377,-2469,380
LC,2022-06-21,057642,109561,148202,102557,62435,276254,-1386,7135,397
LC,2022-06-28,057642,110513,137593,98030,70195,280159,952,-10609,394
LC,2022-07-05,057642,111320,131911,94773,74744,280113,807,-5682,370
LC,2022-07-12,057642,111204,133740,92671,70772,270361,-116,1829,372
LC,2022-07-19,057642,110738,133274,87558,65602,264652,-466,-466,377
LC,2022-07-26,057642,97766,132651,89822,53895,252398,-12972,-623,362
LC,2022-08-02,057642,98150,135177,88545,51656,250660,384,2526,365
LC,2022-08-09,057642,96302,143755,96027,47445,256928,-1848,8578,379
LC,2022-08-16,057642,91932,150682,106713,45325,264299,-4370,6927,367
LC,2022-08-23,057642,92617,152454,110833,48756,272895,685,1772,371
LC,2022-08-30,057642,93974,151699,108976,49245,285693,1357,-755,374
LC,2022-09-06,057642,95824,155709,111433,48603,296732,1850,4010,386
LC,2022-09-13,057642,97896,160888,116375,47955,298652,2072,5179,392
LC,2022-09-20,057642,96998,162030,120432,50065,299712,-898,1142,399
LC,2022-09-27,057642,94742,153069,112897,51930,285381,-2256,-8961,383
LC,2022-10-04,057642,93059,137016,98134,55016,270733,-1683,-16053,378
LC,2022-10-11,057642,94076,134452,89016,49351,262774,1017,-2564,374
LC,2022-10-18,057642,95288,137403,85057,43401,262262,1212,2951,376
LC,2022-10-25,057642,90481,152189,105722,41596,282242,-4807,14786,384
LC,2022-11-01,057642,91538,152074,112343,48877,293363,1057,-115,382
LC,2022-11-08,057642,90893,148808,108040,50611,291517,-645,-3266,377
LC,2022-11-15,057642,98081,147926,98274,50358,284305,7188,-882,366
LC,2022-11-22,057642,98144,150808,106478,50963,290325,63,2882,384
LC,2022-11-29,057642,95838,148360,106265,52231,289636,-2306,-2448,386
LC,2022-12-06,057642,95851,147877,108912,53649,292287,13,-483,388
LC,2022-12-13,057642,97378,152540,114479,55664,296049,1527,4663,396
LC,2022-12-20,057642,97739,150857,114144,57699,302134,361,-1683,397
LC,2022-12-27,057642,96873,159177,124151,56950,318244,-866,8320,417
LC,2023-01-03,057642,97353,160750,129128,58639,332624,480,1573,415
LC,2023-01-10,057642,88511,161473,132029,52035,322340,-8842,723,409
LC,2023-01-17,057642,95035,162744,126737,52594,315402,6524,1271,404
LC,2023-01-24,057642,96720,159543,117249,51021,316580,1685,-3201,392
LC,2023-01-31,057642,88274,161232,126874,49651,313206,-8446,1689,407
LC,2023-02-07,057642,81899,170575,135101,40071,318254,-6375,9343,407
LC,2023-02-14,057642,81373,174164,144887,44059,328542,-526,3589,416
LC,2023-02-21,057642,78368,173556,151310,47036,336283,-3005,-608,416
LC,2023-02-28,057642,82875,181823,159821,52505,363343,4507,8267,436
LC,2023-03-07,057642,84790,184759,163394,54675,361617,1915,2936,433
LC,2023-03-14,057642,86199,174317,145485,50012,345236,1409,-10442,418
LC,2023-03-21,057642,88370,156017,118518,48818,316104,2171,-18300,394
LC,2023-03-28,057642,88378,152061,112147,47449,305729,8,-3956,392
LC,2023-04-04,057642,89218,167407,139994,53820,329687,840,15346,421
LC,2023-04-11,057642,88301,176050,144362,49746,334834,-917,8643,434
LC,2023-04-18,057642,88017,180797,155956,53884,343830,-284,4747,437
LC,2023-04-25,057642,88281,180731,156838,54804,349485,264,-66,442
LC,2023-05-02,057642,88865,182497,157484,52698,347280,584,1766,444
LC,2023-05-09,057642,84422,174404,143113,45276,317715,-4443,-8093,430
LC,2023-05-16,057642,87076,179432,145708,43592,322964,2654,5028,435
LC,2023-05-23,057642,89344,179235,151178,49531,331285,2268,-197,445
LC,2023-05-30,057642,89705,180062,151401,50023,328710,361,827,435
LC,2023-06-06,057642,89224,186546,150516,44895,331142,-481,6484,439
LC,2023-06-13,057642,92155,192629,159929,47680,342122,2931,6083,431
LC,2023-06-20,057642,92892,186954,155744,49808,337851,737,-5675,425
LC,2023-06-27,057642,93640,186006,153077,49988,337366,748,-948,427
LC,2023-07-03,057642,100089,192108,153517,48074,345683,6449,6102,426
LC,2023-07-11,057642,97764,192232,158299,49798,349172,-2325,124,437
LC,2023-07-18,057642,103445,193079,154268,49424,352824,5681,847,432
LC,2023-07-25,057642,98408,180529,148543,53237,334054,-5037,-12550,435
LC,2023-08-01,057642,94766,174641,141687,50735,320998,-3642,-5888,424
LC,2023-08-08,057642,91277,171246,136919,45619,311826,-3489,-3395,415
LC,2023-08-15,057642,89068,167472,136254,45585,307810,-2209,-3774,413
LC,2023-08-22,057642,89089,159992,128170,47151,301127,21,-7480,404
LC,2023-08-29,057642,90134,166990,134464,46999,313610,1045,6998,412
LC,2023-09-05,057642,89585,165876,134205,47716,314848,-549,-1114,408
LC,2023-09-12,057642,93333,171332,144383,51839,325976,3748,5456,423
LC,2023-09-19,057642,94078,177402,153471,53990,331881,745,6070,431
LC,2023-09-26,057642,93442,171704,151766,56662,327248,-636,-5698,429
LC,2023-10-03,057642,93825,166069,138419,52081,308993,383,-5635,413
LC,2023-10-10,057642,93874,166795,127335,43236,292527,49,726,399
LC,2023-10-17,057642,94597,163424,123289,44982,292645,723,-3371,394
LC,2023-10-24,057642,96618,145733,102832,45975,278847,2021,-17691,392
LC,2023-10-31,057642,100461,144300,96331,46145,283440,3843,-1433,398
LC,2023-11-07,057642,102458,148063,96120,44893,294449,1997,3763,386
LC,2023-11-14,057642,103122,142527,80267,37452,283950,664,-5536,373
LC,2023-11-21,057642,108984,144901,79210,40554,282523,5862,2374,373
LC,2023-11-28,057642,105202,141529,78406,38549,272491,-3782,-3372,368
LC,2023-12-05,057642,106961,139921,70378,32920,265444,1759,-1608,357
LC,2023-12-12,057642,103176,137220,71116,32358,265033,-3785,-2701,358
LC,2023-12-19,057642,104596,135397,69552,35386,265226,1420,-1823,358
LC,2023-12-26,057642,105943,136484,70049,37251,265435,1347,1087,354
LC,2024-01-02,057642,105366,134193,72179,41526,269565,-577,-2291,370
LC,2024-01-09,057642,109803,133066,70653,47286,270083,4437,-1127,360
LC,2024-01-16,057642,109224,131843,71847,49039,271105,-579,-1223,366
LC,2024-01-23,057642,108874,135645,73290,46958,269789,-350,3802,365
LC,2024-01-30,057642,107858,141808,84392,47178,277875,-1016,6163,358
LC,2024-02-06,057642,106772,150752,90273,41119,279122,-1086,8944,372
LC,2024-02-13,057642,108023,157011,97639,44045,287123,1251,6259,368
LC,2024-02-20,057642,106523,163649,106475,44595,290563,-1500,6638,370
LC,2024-02-27,057642,105811,166276,114745,48746,304776,-712,2627,392
LC,2024-03-05,057642,107248,171339,121684,52771,317436,1437,5063,383
LC,2024-03-12,057642,103112,169744,123232,50387,313505,-4136,-1595,378
LC,2024-03-19,057642,102081,167854,124765,50995,319603,-1031,-1890,393
LC,2024-03-26,057642,100780,159831,119611,52701,306854,-1301,-8023,384
LC,2024-04-02,057642,104081,157291,115438,55382,302149,3301,-2540,386
LC,2024-04-09,057642,103152,145631,100435,51464,281774,-929,-11660,373
LC,2024-04-16,057642,102062,138037,95527,52516,273036,-1090,-7594,370
LC,2024-04-23,057642,96676,136527,99621,52068,273176,-5386,-1510,373
LC,2024-04-30,057642,97729,135817,99665,55862,275985,1053,-710,382
LC,2024-05-07,057642,98469,135793,96844,53369,272777,740,-24,367
LC,2024-05-14,057642,94857,132599,100002,55343,271075,-3612,-3194,358
LC,2024-05-21,057642,95535,137296,107677,57021,278426,678,4697,347
LC,2024-05-28,057642,95952,145694,119356,58501,292515,417,8398,370
LC,2024-06-04,057642,97046,142932,115314,61181,288856,1094,-2762,370
LC,2024-06-11,057642,94506,138334,109839,58681,275504,-2540,-4598,364
LC,2024-06-18,057642,93106,139118,113834,61387,284891,-1400,784,378
LC,2024-06-25,057642,93017,133565,121955,73240,297676,-89,-5553,387
LC,2024-07-02,057642,97804,140475,130254,79642,319976,4787,6910,390
LC,2024-07-09,057642,101255,142322,126376,75099,323286,3451,1847,396
LC,2024-07-16,057642,105593,142596,124193,76981,327742,4338,274,404
LC,2024-07-23,057642,106120,140774,123805,77042,325916,527,-1822,410
LC,2024-07-30,057642,98427,143920,132934,72960,329036,-7693,3146,411
LC,2024-08-06,057642,94052,127596,108655,63383,289099,-4375,-16324,378
LC,2024-08-13,057642,101334,125601,99758,63521,286263,7282,-1995,388
LC,2024-08-20,057642,103189,125801,98255,62633,286291,1855,200,375
LC,2024-08-27,057642,106439,127994,97052,63283,289703,3250,2193,376
LC,2024-09-03,057642,109383,127753,95135,64806,296405,2944,-241,371
LC,2024-09-10,057642,106570,127710,96103,63054,296061,-2813,-43,366
LC,2024-09-17,057642,107831,125807,96606,66108,297508,1261,-1903,369
LC,2024-09-24,057642,112852,134566,110464,74357,314766,5021,8759,384
LC,2024-10-01,057642,116488,152674,119749,66898,325515,3636,18108,378
LC,2024-10-08,057642,110049,155847,128051,63291,318759,-6439,3173,390
LC,2024-10-15,057642,110888,160099,135289,63871,324432,839,4252,390
LC,2024-10-22,057642,111831,162877,140079,67305,332460,943,2778,386
LC,2024-10-29,057642,115375,173105,148416,66687,352341,3544,10228,399
LC,2024-11-05,057642,118861,174120,147783,68945,357246,3486,1015,391
LC,2024-11-12,057642,115140,175803,152817,68038,345117,-3721,1683,396
LC,2024-11-19,057642,114603,177693,152864,67677,346308,-537,1890,411
LC,2024-11-26,057642,114156,184359,159852,66103,355481,-447,6666,408
LC,2024-12-03,057642,109258,181985,163456,66412,352483,-4898,-2374,413
LC,2024-12-10,057642,102578,180492,167119,64418,339556,-6680,-1493,410
LC,2024-12-17,057642,100389,188332,175651,64873,350422,-2189,7840,432
LC,2024-12-24,057642,99545,181014,166034,63036,339278,-844,-7318,406
LC,2024-12-31,057642,99215,179692,167159,63181,350533,-330,-1322,412
LH,2022-01-04,054642,78722,120118,85903,29514,217669,877,-275,273
LH,2022-01-11,054642,79836,114775,83199,32545,214995,1114,-5343,271
LH,2022-01-18,054642,83993,116876,81054,32749,223277,4157,2101,276
LH,2022-01-25,054642,86399,131296,97371,39325,249878,2406,14420,305
LH,2022-02-01,054642,86681,133829,102573,43052,258676,282,2533,309
LH,2022-02-08,054642,88056,143029,114130,47488,276242,1375,9200,330
LH,2022-02-15,054642,90422,146589,113909,46577,280069,2366,3560,323
LH,2022-02-22,054642,91697,147336,111021,44583,282193,1275,747,321
LH,2022-03-01,054642,89767,142164,102930,41691,276835,-1930,-5172,303
LH,2022-03-08,054642,86189,129665,90959,39434,243511,-3578,-12499,279
LH,2022-03-15,054642,84755,125460,87555,39065,237388,-1434,-4205,291
LH,2022-03-22,054642,83339,121169,86563,40578,231889,-1416,-4291,290
LH,2022-03-29,054642,79772,124788,92407,39213,236589,-3567,3619,296
LH,2022-04-05,054642,80016,118761,87387,41887,229649,244,-6027,291
LH,2022-04-12,054642,80838,116543,84112,43341,231250,822,-2218,289
LH,2022-04-19,054642,78601,116876,83133,40131,228648,-2237,333,283
LH,2022-04-26,054642,81064,107665,77855,45519,224601,2463,-9211,281
LH,2022-05-03,054642,82388,99745,71110,49079,221217,1324,-7920,279
LH,2022-05-10,054642,82353,93170,66483,50123,216749,-35,-6575,286
LH,2022-05-17,054642,81203,83850,58847,51082,203564,-1150,-9320,275
LH,2022-05-24,054642,81805,83044,55555,48197,196279,602,-806,272
LH,2022-05-31,054642,81465,83674,57323,48106,193769,-340,630,267
LH,2022-06-07,054642,81583,84673,59207,48716,195636,118,999,266
LH,2022-06-14,054642,84837,84635,57305,49919,193269,3254,-38,277
LH,2022-06-21,054642,80955,83996,59031,46972,186534,-3882,-639,255
LH,2022-06-28,054642,77472,84811,61378,45091,186336,-3483,815,263
LH,2022-07-05,054642,79268,85462,62222,47015,193546,1796,651,276
LH,2022-07-12,054642,76851,93586,66221,41162,194276,-2417,8124,270
LH,2022-07-19,054642,75386,97066,71395,41776,199960,-1465,3480,273
LH,2022-07-26,054642,73074,100256,79022,43601,207925,-2312,3190,293
LH,2022-08-02,054642,75563,107423,86616,46899,220206,2489,7167,308
LH,2022-08-09,054642,76050,119944,95556,45359,236179,487,12521,312
LH,2022-08-16,054642,76592,125993,102201,44195,240865,542,6049,316
LH,2022-08-23,054642,75663,119239,92401,40998,224273,-929,-6754,290
LH,2022-08-30,054642,78505,113929,84944,41745,217885,2842,-5310,296
LH,2022-09-06,054642,81384,110783,79138,42797,218123,2879,-3146,302
LH,2022-09-13,054642,72966,103219,75480,36318,198795,-8418,-7564,283
LH,2022-09-20,054642,71385,112950,89178,39063,208131,-1581,9731,300
LH,2022-09-27,054642,71741,103334,83521,43890,205376,356,-9616,301
LH,2022-10-04,054642,76526,94695,70134,46532,202140,4785,-8639,293
LH,2022-10-11,054642,72029,86876,62550,43409,186389,-4497,-7819,290
LH,2022-10-18,054642,69501,89494,70919,43830,189802,-2528,2618,287
LH,2022-10-25,054642,65528,95865,79180,38801,197404,-3973,6371,288
LH,2022-11-01,054642,66107,99852,80510,34960,196798,579,3987,284
LH,2022-11-08,054642,64349,95596,76465,35603,188854,-1758,-4256,275
LH,2022-11-15,054642,67502,99800,77835,36076,194036,3153,4204,274
LH,2022-11-22,054642,67379,99922,76178,32446,198610,-123,122,281
LH,2022-11-29,054642,68586,94066,73573,38074,193593,1207,-5856,283
LH,2022-12-06,054642,67376,95772,76849,37941,191791,-1210,1706,286
LH,2022-12-13,054642,68312,91385,69910,36283,186532,936,-4387,285
LH,2022-12-20,054642,64686,87378,66678,32883,174900,-3626,-4007,255
LH,2022-12-27,054642,66674,99774,75583,30870,187294,1988,12396,275
LH,2023-01-03,054642,68295,99966,73833,30207,188851,1621,192,277
LH,2023-01-10,054642,70042,89400,65146,39377,190005,1747,-10566,285
LH,2023-01-17,054642,74842,85781,63073,47166,199695,4800,-3619,300
LH,2023-01-24,054642,75927,76609,66938,63772,207111,1085,-9172,314
LH,2023-01-31,054642,78668,75256,67149,70743,215162,2741,-1353,322
LH,2023-02-07,054642,78437,71155,66033,73812,219218,-231,-4101,331
LH,2023-02-14,054642,79362,73219,66347,72227,220272,925,2064,328
LH,2023-02-21,054642,74070,71307,65678,63974,211010,-5292,-1912,313
LH,2023-02-28,054642,78418,72225,61925,65840,217279,4348,918,308
LH,2023-03-07,054642,78908,70858,64009,71471,221848,490,-1367,317
LH,2023-03-14,054642,81207,74512,64228,69945,215701,2299,3654,313
LH,2023-03-21,054642,80723,63373,63404,81057,220266,-484,-11139,311
LH,2023-03-28,054642,82478,60495,64990,86993,220437,1755,-2878,325
LH,2023-04-04,054642,80675,61196,67173,86962,223567,-1803,701,326
LH,2023-04-11,054642,82733,61110,65097,89189,228791,2058,-86,332
LH,2023-04-18,054642,84339,60896,65671,92828,233443,1606,-214,346
LH,2023-04-25,054642,84742,61056,60383,87405,227045,403,160,335
LH,2023-05-02,054642,86354,67553,60549,80243,230279,1612,6497,324
LH,2023-05-09,054642,85995,62258,61581,87656,230026,-359,-5295,333
LH,2023-05-16,054642,90332,63709,59120,87854,233692,4337,1451,322
LH,2023-05-23,054642,88003,57598,60033,93885,233015,-2329,-6111,330
LH,2023-05-30,054642,89961,56728,54977,91091,236251,1958,-870,333
LH,2023-06-06,054642,88831,56874,55832,89335,226949,-1130,146,325
LH,2023-06-13,054642,85868,58522,58064,84495,211393,-2963,1648,307
LH,2023-06-20,054642,77522,56763,56562,75289,192315,-8346,-1759,274
LH,2023-06-27,054642,79456,60182,54598,71178,189903,1934,3419,267
LH,2023-07-03,054642,78658,63811,58151,70725,199478,-798,3629,277
LH,2023-07-11,054642,73752,69485,64711,69400,197827,-4906,5674,281
LH,2023-07-18,054642,77936,73474,63838,67899,205422,4184,3989,284
LH,2023-07-25,054642,74774,73319,63698,66711,201314,-3162,-155,277
LH,2023-08-01,054642,78981,73615,67199,71427,209937,4207,296,286
LH,2023-08-08,054642,83300,74822,70436,75786,214552,4319,1207,290
LH,2023-08-15,054642,84655,70395,66874,77548,214250,1355,-4427,291
LH,2023-08-22,054642,78944,65632,61862,72267,199914,-5711,-4763,279
LH,2023-08-29,054642,79329,68204,62287,70078,203621,385,2572,281
LH,2023-09-05,054642,80133,70474,63716,69848,203242,804,2270,288
LH,2023-09-12,054642,73897,69188,66425,67155,197128,-6236,-1286,301
LH,2023-09-19,054642,73285,71981,66719,65137,202072,-612,2793,305
LH,2023-09-26,054642,73052,69585,62412,64505,198597,-233,-2396,296
LH,2023-10-03,054642,72012,62262,55656,64747,190279,-1040,-7323,299
LH,2023-10-10,054642,71719,64759,56146,60100,185770,-293,2497,297
LH,2023-10-17,054642,77037,60505,52493,67408,194993,5318,-4254,319
LH,2023-10-24,054642,76966,56295,54414,75135,194979,-71,-4210,305
LH,2023-10-31,054642,76620,56610,54521,72710,194624,-346,315,297
LH,2023-11-07,054642,73588,60434,56669,67254,190827,-3032,3824,300
LH,2023-11-14,054642,75446,60985,58052,68500,194006,1858,551,292
LH,2023-11-21,054642,75055,54409,54041,70982,187938,-391,-6576,301
LH,2023-11-28,054642,76877,49684,54404,79680,193516,1822,-4725,305
LH,2023-12-05,054642,77503,48058,54967,79657,192668,626,-1626,299
LH,2023-12-12,054642,77622,44746,54212,82667,190071,119,-3312,300
LH,2023-12-19,054642,70989,43647,53819,75393,178465,-6633,-1099,275
LH,2023-12-26,054642,72877,45041,56464,77630,184300,1888,1394,276
LH,2024-01-02,054642,78987,44519,53952,82398,196178,6110,-522,287
LH,2024-01-09,054642,72177,42540,55979,80475,188812,-6810,-1979,271
LH,2024-01-16,054642,75951,44489,58540,84023,194344,3774,1949,281
LH,2024-01-23,054642,77954,49933,60993,84855,199494,2003,5444,288
LH,2024-01-30,054642,84878,70082,73083,82877,219029,6924,20149,295
LH,2024-02-06,054642,83800,77521,73029,72834,219240,-1078,7439,293
LH,2024-02-13,054642,82947,79704,70928,69349,212171,-853,2183,281
LH,2024-02-20,054642,81580,93177,82762,66266,225379,-1367,13473,298
LH,2024-02-27,054642,82658,107643,94037,64751,244750,1078,14466,306
LH,2024-03-05,054642,87255,115891,97267,63439,256984,4597,8248,302
LH,2024-03-12,054642,92597,120179,89564,57548,256733,5342,4288,301
LH,2024-03-19,054642,97267,126389,92556,58934,264023,4670,6210,316
LH,2024-03-26,054642,97959,126891,93574,58847,269031,692,502,307
LH,2024-04-02,054642,98353,134715,106839,63704,287192,394,7824,327
LH,2024-04-09,054642,104697,148652,128394,76179,317173,6344,13937,337
LH,2024-04-16,054642,97818,147070,120485,63994,298712,-6879,-1582,314
LH,2024-04-23,054642,98812,146114,122474,65858,300467,994,-956,338
LH,2024-04-30,054642,102259,145516,116668,64730,299666,3447,-598,320
LH,2024-05-07,054642,103759,135522,100612,62256,291977,1500,-9994,329
LH,2024-05-14,054642,101191,127635,93393,61352,277187,-2568,-7887,319
LH,2024-05-21,054642,104293,121423,84630,61768,271519,3102,-6212,317
LH,2024-05-28,054642,108350,117651,81944,68282,275376,4057,-3772,322
LH,2024-06-04,054642,109683,112548,80913,75367,280853,1333,-5103,333
LH,2024-06-11,054642,106865,100858,82590,86724,272402,-2818,-11690,340
LH,2024-06-18,054642,112859,97509,77266,92171,271941,5994,-3349,332
LH,2024-06-25,054642,107333,79646,80465,106935,263740,-5526,-17863,332
LH,2024-07-02,054642,111479,80675,74457,103437,260392,4146,1029,336
LH,2024-07-09,054642,105676,74079,77382,106730,259745,-5803,-6596,323
LH,2024-07-16,054642,99723,71846,81372,107765,263488,-5953,-2233,315
LH,2024-07-23,054642,96848,69491,83360,109180,243257,-2875,-2355,296
LH,2024-07-30,054642,96468,70045,85033,107228,241103,-380,554,300
LH,2024-08-06,054642,95087,69811,87503,108993,240559,-1381,-234,298
LH,2024-08-13,054642,94470,64786,84570,111058,241558,-617,-5025,294
LH,2024-08-20,054642,91225,64719,86247,108043,233555,-3245,-67,287
LH,2024-08-27,054642,91936,76317,92284,104069,241987,711,11598,309
LH,2024-09-03,054642,95993,83652,97199,104941,252510,4057,7335,317
LH,2024-09-10,054642,94222,81645,92490,99971,245496,-1771,-2007,304
LH,2024-09-17,054642,98065,91320,93358,96668,254902,3843,9675,301
LH,2024-09-24,054642,100861,105813,104863,96403,276073,2796,14493,320
LH,2024-10-01,054642,99653,114283,108081,88932,276478,-1208,8470,319
LH,2024-10-08,054642,99845,127875,123646,90341,293573,192,13592,346
LH,2024-10-15,054642,103001,136304,127041,86399,301167,3156,8429,346
LH,2024-10-22,054642,95758,138986,133945,84451,307024,-7243,2682,350
LH,2024-10-29,054642,100600,154810,149265,88187,330043,4842,15824,361
LH,2024-11-05,054642,103921,167304,159447,88006,345650,3321,12494,372
LH,2024-11-12,054642,98205,166048,165266,89284,344049,-5716,-1256,369
LH,2024-11-19,054642,102204,164505,157401,85419,343180,3999,-1543,372
LH,2024-11-26,054642,102430,176994,171351,90112,361094,226,12489,379
LH,2024-12-03,054642,103197,186130,180550,88791,368626,767,9136,372
LH,2024-12-10,054642,105332,185237,179204,87682,361165,2135,-893,355
LH,2024-12-17,054642,101704,182249,154060,60650,332821,-3628,-2988,343
LH,2024-12-24,054642,97068,175131,146733,59353,319325,-4636,-7118,330
LH,2024-12-31,054642,96593,165123,135088,56131,307749,-475,-10008,320
NG,2022-01-04,023651,497375,387253,216171,358078,1117606,-7711,-2223,289
NG,2022-01-11,023651,484896,389760,221396,343960,1136714,-12479,2507,278
NG,2022-01-18,023651,485729,399555,237851,355898,1169188,833,9795,278
NG,2022-01-25,023651,487342,389801,233870,358405,1141796,1613,-9754,278
NG,2022-02-01,023651,475989,385748,242699,362709,1162813,-11353,-4053,281
NG,2022-02-08,023651,470065,384914,240829,355918,1133934,-5924,-834,288
NG,2022-02-15,023651,487701,387798,234678,366102,1098101,17636,2884,282
NG,2022-02-22,023651,484856,388882,241913,372542,1107113,-2845,1084,279
NG,2022-03-01,023651,484644,394556,245502,371911,1112832,-212,5674,267
NG,2022-03-08,023651,473729,376058,245092,383505,1085853,-10915,-18498,268
NG,2022-03-15,023651,468705,362849,240482,387042,1082746,-5024,-13209,260
NG,2022-03-22,023651,471132,363686,249281,398618,1085676,2427,837,261
NG,2022-03-29,023651,470232,377470,249135,386546,1100690,-900,13784,256
NG,2022-04-05,023651,474131,381484,266728,403339,1169620,3899,4014,269
NG,2022-04-12,023651,480495,390274,262601,400150,1170828,6364,8790,269
NG,2022-04-19,023651,461342,379229,251273,381279,1144047,-19153,-11045,259
NG,2022-04-26,023651,443399,372008,247651,365031,1121112,-17943,-7221,251
NG,2022-05-03,023651,442604,369743,247092,364798,1138319,-795,-2265,264
NG,2022-05-10,023651,420582,356576,234306,346835,1108451,-22022,-13167,256
NG,2022-05-17,023651,419033,354693,231576,346588,1118417,-1549,-1883,259
NG,2022-05-24,023651,413701,349854,230219,341789,1107496,-5332,-4839,263
NG,2022-05-31,023651,417276,357597,228487,338855,1115815,3575,7743,252
NG,2022-06-07,023651,419847,353428,235073,349415,1127731,2571,-4169,252
NG,2022-06-14,023651,409613,335303,220256,343741,1053265,-10234,-18125,242
NG,2022-06-21,023651,410457,324480,213487,344356,1030971,844,-10823,236
NG,2022-06-28,023651,402705,311865,203204,332623,987740,-7752,-12615,237
NG,2022-07-05,023651,397060,305110,197937,328456,977507,-5645,-6755,236
NG,2022-07-12,023651,398833,304638,183194,314797,969204,1773,-472,238
NG,2022-07-19,023651,400468,313769,183610,303933,953325,1635,9131,240
NG,2022-07-26,023651,391771,308743,183441,301731,976126,-8697,-5026,235
NG,2022-08-02,023651,394371,306775,174529,299502,984570,2600,-1968,242
NG,2022-08-09,023651,404077,317343,169972,295391,969582,9706,10568,245
NG,2022-08-16,023651,415171,332309,170133,291044,983460,11094,14966,242
NG,2022-08-23,023651,410811,319482,167153,295763,976303,-4360,-12827,238
NG,2022-08-30,023651,410930,318467,168924,297689,978881,119,-1015,234
NG,2022-09-06,023651,416041,310239,163659,302297,984642,5111,-8228,235
NG,2022-09-13,023651,418580,307786,155945,301660,977116,2539,-2453,235
NG,2022-09-20,023651,417431,296123,153110,308821,960236,-1149,-11663,232
NG,2022-09-27,023651,408871,287736,142021,294145,943241,-8560,-8387,231
NG,2022-10-04,023651,416452,290406,136298,295394,967126,7581,2670,223
NG,2022-10-11,023651,432665,302566,140917,303020,974468,16213,12160,225
NG,2022-10-18,023651,431667,304907,137720,292454,963792,-998,2341,234
NG,2022-10-25,023651,441646,308249,140450,292216,970872,9979,3342,245
NG,2022-11-01,023651,443745,316244,138832,287485,986116,2099,7995,241
NG,2022-11-08,023651,448264,328042,133199,285507,982596,4519,11798,230
NG,2022-11-15,023651,447482,326652,136165,288279,978425,-782,-1390,230
NG,2022-11-22,023651,447239,303964,135666,306591,981849,-243,-22688,222
NG,2022-11-29,023651,439813,303622,140093,303522,985010,-7426,-342,217
NG,2022-12-06,023651,436044,300438,147278,311315,1010479,-3769,-3184,238
NG,2022-12-13,023651,431916,301956,136106,289787,996823,-4128,1518,228
NG,2022-12-20,023651,429081,301332,152438,305194,1004162,-2835,-624,234
NG,2022-12-27,023651,429122,296056,154865,315467,1010790,41,-5276,226
NG,2023-01-03,023651,430894,288752,159866,329679,1031182,1772,-7304,253
NG,2023-01-10,023651,434067,290561,176461,348964,1070386,3173,1809,264
NG,2023-01-17,023651,444280,297862,182318,359537,1082458,10213,7301,265
NG,2023-01-24,023651,444547,306065,203309,374281,1102760,267,8203,281
NG,2023-01-31,023651,446690,312677,231982,401196,1146709,2143,6612,279
NG,2023-02-07,023651,472241,332923,265569,443663,1220272,25551,20246,285
NG,2023-02-14,023651,490505,353323,274434,448616,1234837,18264,20400,292
NG,2023-02-21,023651,502854,361339,291292,470556,1270686,12349,8016,303
NG,2023-02-28,023651,510122,359176,270368,451281,1239613,7268,-2163,290
NG,2023-03-07,023651,491317,363787,261989,418388,1250073,-18805,4611,279
NG,2023-03-14,023651,492955,374808,255731,403564,1255396,1638,11021,284
NG,2023-03-21,023651,495182,381742,272314,416995,1283037,2227,6934,293
NG,2023-03-28,023651,473378,377996,293519,419716,1279180,-21804,-3746,297
NG,2023-04-04,023651,510252,409515,315952,446437,1365656,36874,31519,315
NG,2023-04-11,023651,514520,403339,288362,429257,1355672,4268,-6176,309
NG,2023-04-18,023651,532475,420582,269012,408998,1330947,17955,17243,305
NG,2023-04-25,023651,503897,398123,259864,396014,1274536,-28578,-22459,286
NG,2023-05-02,023651,514100,403194,273919,415208,1330247,10203,5071,312
NG,2023-05-09,023651,523658,417964,275063,413891,1357306,9558,14770,313
NG,2023-05-16,023651,539771,444827,268443,392418,1365954,16113,26863,309
NG,2023-05-23,023651,528204,447367,266908,379186,1338868,-11567,2540,305
NG,2023-05-30,023651,529765,454796,274660,380830,1359496,1561,7429,305
NG,2023-06-06,023651,547555,455191,277294,404146,1389864,17790,395,318
NG,2023-06-13,023651,529552,442433,273337,396318,1342162,-18003,-12758,322
NG,2023-06-20,023651,515032,435297,257519,366834,1303558,-14520,-7136,308
NG,2023-06-27,023651,483525,419944,250557,343357,1232011,-31507,-15353,296
NG,2023-07-03,023651,491198,422885,254883,353658,1241419,7673,2941,296
NG,2023-07-11,023651,484758,429204,251784,338539,1236802,-6440,6319,300
NG,2023-07-18,023651,489065,423981,252375,348137,1234296,4307,-5223,307
NG,2023-07-25,023651,473719,402747,245779,342900,1185638,-15346,-21234,294
NG,2023-08-01,023651,474989,397043,262236,369257,1206160,1270,-5704,304
NG,2023-08-08,023651,476691,394974,242388,350231,1183146,1702,-2069,309
NG,2023-08-15,023651,473267,406512,227133,322316,1168181,-3424,11538,301
NG,2023-08-22,023651,474395,394381,233309,340646,1160461,1128,-12131,303
NG,2023-08-29,023651,466906,374711,238496,354835,1163840,-7489,-19670,300
NG,2023-09-05,023651,467497,376781,246653,364932,1169725,591,2070,304
NG,2023-09-12,023651,480371,393848,242831,354875,1171747,12874,17067,309
NG,2023-09-19,023651,460421,385148,226422,320341,1152362,-19950,-8700,302
NG,2023-09-26,023651,445315,368719,227534,321693,1142377,-15106,-16429,298
NG,2023-10-03,023651,451126,389363,224195,303395,1174386,5811,20644,296
NG,2023-10-10,023651,448546,415086,201652,252311,1142309,-2580,25723,286
NG,2023-10-17,023651,475118,440919,191449,248775,1182071,26572,25833,302
NG,2023-10-24,023651,485260,434039,203305,273577,1211450,10142,-6880,303
NG,2023-10-31,023651,487090,447166,213586,268238,1186140,1830,13127,293
NG,2023-11-07,023651,500711,450353,252720,322690,1243268,13621,3187,300
NG,2023-11-14,023651,526661,443416,275993,378620,1296464,25950,-6937,305
NG,2023-11-21,023651,524245,427688,271261,391520,1316640,-2416,-15728,318
NG,2023-11-28,023651,500020,412827,300592,408481,1312707,-24225,-14861,316
NG,2023-12-05,023651,512558,423208,303507,414586,1339392,12538,10381,320
NG,2023-12-12,023651,515392,427370,311613,423230,1412602,2834,4162,323
NG,2023-12-19,023651,500443,415914,293448,399966,1385269,-14949,-11456,319
NG,2023-12-26,023651,492126,404201,282727,388847,1354610,-8317,-11713,304
NG,2024-01-02,023651,506737,429088,281730,373377,1396907,14611,24887,313
NG,2024-01-09,023651,523021,468019,246620,312767,1406951,16284,38931,322
NG,2024-01-16,023651,524559,485020,253507,310015,1405826,1538,17001,317
NG,2024-01-23,023651,527527,469136,270906,351487,1444172,2968,-15884,312
NG,2024-01-30,023651,526952,450698,279539,382722,1471807,-575,-18438,318
NG,2024-02-06,023651,539246,456560,301020,415251,1533041,12294,5862,342
NG,2024-02-13,023651,552780,453300,334504,471061,1554063,13534,-3260,359
NG,2024-02-20,023651,567791,452247,356334,510206,1592460,15011,-1053,367
NG,2024-02-27,023651,545380,433185,326328,467881,1500882,-22411,-19062,343
NG,2024-03-05,023651,555677,457189,334424,463172,1533317,10297,24004,337
NG,2024-03-12,023651,567159,497248,351703,453196,1595652,11482,40059,345
NG,2024-03-19,023651,565888,493982,350265,453860,1590503,-1271,-3266,356
NG,2024-03-26,023651,560882,468523,345745,463018,1543743,-5006,-25459,349
NG,2024-04-02,023651,586762,490732,344193,462923,1590071,25880,22209,349
NG,2024-04-09,023651,575443,472189,320180,448077,1550045,-11319,-18543,356
NG,2024-04-16,023651,594830,489062,321728,453603,1582452,19387,16873,358
NG,2024-04-23,023651,586245,471234,306254,438732,1542979,-8585,-17828,334
NG,2024-04-30,023651,602198,469174,312077,462310,1559471,15953,-2060,339
NG,2024-05-07,023651,596198,475620,294245,430013,1560152,-6000,6446,336
NG,2024-05-14,023651,620002,515259,290806,407438,1546190,23804,39639,332
NG,2024-05-21,023651,610864,533998,291880,381975,1529956,-9138,18739,326
NG,2024-05-28,023651,578623,517828,274027,349450,1501651,-32241,-16170,312
NG,2024-06-04,023651,549348,463859,264983,364648,1475789,-29275,-53969,308
NG,2024-06-11,023651,536925,446174,271285,374043,1453510,-12423,-17685,313
NG,2024-06-18,023651,555447,464611,260403,364488,1451261,18522,18437,303
NG,2024-06-25,023651,557424,481984,255877,345139,1466177,1977,17373,300
NG,2024-07-02,023651,553083,478624,284252,374540,1508732,-4341,-3360,317
NG,2024-07-09,023651,563645,478058,290340,395812,1550344,10562,-566,336
NG,2024-07-16,023651,571316,497116,304237,397771,1589266,7671,19058,348
NG,2024-07-23,023651,563626,492207,308521,396872,1532886,-7690,-4909,351
NG,2024-07-30,023651,571658,504913,324019,407156,1547767,8032,12706,346
NG,2024-08-06,023651,590089,541545,329278,395618,1587318,18431,36632,363
NG,2024-08-13,023651,570354,507100,307702,388472,1525250,-19735,-34445,358
NG,2024-08-20,023651,576337,509423,294431,375684,1518979,5983,2323,350
NG,2024-08-27,023651,594477,516089,303061,395266,1532068,18140,6666,354
NG,2024-09-03,023651,600739,515388,296751,397044,1558349,6262,-701,346
NG,2024-09-10,023651,583226,508791,292094,379699,1552355,-17513,-6597,349
NG,2024-09-17,023651,596188,520116,281426,371002,1537175,12962,11325,346
NG,2024-09-24,023651,585714,503232,268151,359648,1496022,-10474,-16884,324
NG,2024-10-01,023651,590452,493864,239066,348060,1495890,4738,-9368,312
NG,2024-10-08,023651,596891,482281,228040,351598,1483043,6439,-11583,306
NG,2024-10-15,023651,639442,512306,229668,369046,1556886,42551,30025,338
NG,2024-10-22,023651,689552,533715,243249,409434,1644880,50110,21409,345
NG,2024-10-29,023651,692824,529892,247460,413633,1670416,3272,-3823,331
NG,2024-11-05,023651,722934,573610,262789,419237,1781294,30110,43718,343
NG,2024-11-12,023651,722187,570487,255363,411482,1763552,-747,-3123,338
NG,2024-11-19,023651,712258,554580,236932,397981,1706065,-9929,-15907,331
NG,2024-11-26,023651,665368,513659,215810,369202,1640388,-46890,-40921,327
NG,2024-12-03,023651,649047,500535,211670,363293,1638982,-16321,-13124,324
NG,2024-12-10,023651,582226,444504,221414,361993,1575117,-66821,-56031,314
NG,2024-12-17,023651,582803,458960,220409,348610,1559585,577,14456,316
NG,2024-12-24,023651,567919,446417,213970,334246,1517647,-14884,-12543,309
NG,2024-12-31,023651,562245,451341,199890,317963,1500276,-5674,4924,299
NQ,2022-01-04,209742,98227,125119,69552,47827,210931,-5900,5957,261
NQ,2022-01-11,209742,98975,121980,76075,54804,220222,748,-3139,290
NQ,2022-01-18,209742,101204,130887,88593,58387,235810,2229,8907,305
NQ,2022-01-25,209742,107102,142153,87909,57807,243347,5898,11266,299
NQ,2022-02-01,209742,125624,113626,71179,72168,239334,18522,-28527,291
NQ,2022-02-08,209742,129116,125830,67042,59070,233767,3492,12204,301
NQ,2022-02-15,209742,131642,125652,68020,58678,235945,2526,-178,306
NQ,2022-02-22,209742,141754,147332,75342,61433,257929,10112,21680,317
NQ,2022-03-01,209742,153427,142015,61452,49315,249537,11673,-5317,302
NQ,2022-03-08,209742,135614,150005,75361,48745,248009,-17813,7990,294
NQ,2022-03-15,209742,148020,152996,68259,49285,264733,12406,2991,290
NQ,2022-03-22,209742,124261,107592,56676,53864,212808,-23759,-45404,275
NQ,2022-03-29,209742,142374,108338,49019,60246,223320,18113,746,277
NQ,2022-04-05,209742,141185,114940,58651,67285,232689,-1189,6602,289
NQ,2022-04-12,209742,126523,126410,68206,55217,228302,-14662,11470,284
NQ,2022-04-19,209742,135761,131590,65736,57587,237109,9238,5180,293
NQ,2022-04-26,209742,126187,135908,68022,52189,236977,-9574,4318,288
NQ,2022-05-03,209742,123791,130158,67077,50985,226722,-2396,-5750,285
NQ,2022-05-10,209742,138897,146996,69222,55753,249921,15106,16838,293
NQ,2022-05-17,209742,132518,141757,69788,54614,243553,-6379,-5239,299
NQ,2022-05-24,209742,138800,149898,75009,61284,255244,6282,8141,305
NQ,2022-05-31,209742,152616,148741,74438,68827,263080,13816,-1157,300
NQ,2022-06-07,209742,147710,148685,83477,66474,268293,-4906,-56,289
NQ,2022-06-14,209742,156353,177283,88369,59967,302267,8643,28598,308
NQ,2022-06-21,209742,110913,138499,82888,52082,236624,-45440,-38784,296
NQ,2022-06-28,209742,128769,148699,78987,54797,248045,17856,10200,300
NQ,2022-07-05,209742,137186,163105,83514,52619,259449,8417,14406,304
NQ,2022-07-12,209742,140774,150363,76972,57556,254260,3588,-12742,297
NQ,2022-07-19,209742,139088,158643,76826,48709,256388,-1686,8280,294
NQ,2022-07-26,209742,142520,167993,83491,51682,267158,3432,9350,301
NQ,2022-08-02,209742,149773,158867,74918,50206,262325,7253,-9126,292
NQ,2022-08-09,209742,149705,150872,73939,52864,258784,-68,-7995,290
NQ,2022-08-16,209742,154315,138793,78401,71555,267796,4610,-12079,297
NQ,2022-08-23,209742,141083,160062,84287,46254,262158,-13232,21269,310
NQ,2022-08-30,209742,148385,151235,77379,50572,263641,7302,-8827,304
NQ,2022-09-06,209742,160216,158347,85430,63384,286754,11831,7112,310
NQ,2022-09-13,209742,183440,167895,75279,63473,314969,23224,9548,312
NQ,2022-09-20,209742,165619,144037,73741,70256,271815,-17821,-23858,295
NQ,2022-09-27,209742,170352,145879,74731,74779,282054,4733,1842,306
NQ,2022-10-04,209742,160883,139553,69796,73557,272171,-9469,-6326,287
NQ,2022-10-11,209742,156295,146824,84915,76387,281284,-4588,7271,320
NQ,2022-10-18,209742,154824,142622,79521,78006,274388,-1471,-4202,308
NQ,2022-10-25,209742,160822,150174,82491,76791,281590,5998,7552,292
NQ,2022-11-01,209742,166941,137869,74646,89895,282466,6119,-12305,293
NQ,2022-11-08,209742,154420,138276,78312,80726,273054,-12521,407,299
NQ,2022-11-15,209742,159326,145980,68167,73423,268428,4906,7704,297
NQ,2022-11-22,209742,145163,141722,67365,64319,252712,-14163,-4258,284
NQ,2022-11-29,209742,146374,146430,67971,58216,254245,1211,4708,286
NQ,2022-12-06,209742,140334,145355,68737,55220,250102,-6040,-1075,292
NQ,2022-12-13,209742,183306,196085,73103,53905,312984,42972,50730,294
NQ,2022-12-20,209742,142712,143997,62489,57973,245045,-40594,-52088,274
NQ,2022-12-27,209742,146596,143682,63763,62591,250781,3884,-315,283
NQ,2023-01-03,209742,145713,141536,59802,58440,244658,-883,-2146,286
NQ,2023-01-10,209742,156031,142103,57068,65219,253625,10318,567,291
NQ,2023-01-17,209742,172926,142382,61621,82254,275015,16895,279,295
NQ,2023-01-24,209742,173611,136532,60241,85502,273887,685,-5850,295
NQ,2023-01-31,209742,183098,151045,59439,75297,278449,9487,14513,284
NQ,2023-02-07,209742,186780,156628,58310,73229,279306,3682,5583,286
NQ,2023-02-14,209742,184266,140929,54009,76833,276184,-2514,-15699,292
NQ,2023-02-21,209742,170386,135766,57849,71918,268297,-13880,-5163,293
NQ,2023-02-28,209742,174322,132318,53946,77775,268253,3936,-3448,298
NQ,2023-03-07,209742,165107,129032,55586,68011,260810,-9215,-3286,301
NQ,2023-03-14,209742,190881,155829,61133,67605,306461,25774,26797,294
NQ,2023-03-21,209742,127004,110146,53063,58183,214876,-63877,-45683,277
NQ,2023-03-28,209742,132371,117525,51309,58657,220074,5367,7379,273
NQ,2023-04-04,209742,137754,125198,38815,57200,232186,5383,7673,271
NQ,2023-04-11,209742,144976,137056,51607,53737,237470,7222,11858,273
NQ,2023-04-18,209742,147191,140774,58753,56080,245059,2215,3718,280
NQ,2023-04-25,209742,142707,139238,64807,59677,247654,-4484,-1536,293
NQ,2023-05-02,209742,134889,135390,73543,60253,246962,-7818,-3848,289
NQ,2023-05-09,209742,131705,142627,80188,58801,255173,-3184,7237,286
NQ,2023-05-16,209742,147263,154421,81022,61058,273355,15558,11794,302
NQ,2023-05-23,209742,149830,155499,78974,64465,275175,2567,1078,294
NQ,2023-05-30,209742,166251,161367,87244,78732,298403,16421,5868,303
NQ,2023-06-06,209742,167268,164797,91874,83026,306736,1017,3430,303
NQ,2023-06-13,209742,170769,172021,91986,76306,322087,3501,7224,291
NQ,2023-06-20,209742,132040,140912,71956,55963,247591,-38729,-31109,295
NQ,2023-06-27,209742,130233,141604,81119,63877,256666,-1807,692,291
NQ,2023-07-03,209742,131223,135106,70707,65249,248698,990,-6498,279
NQ,2023-07-11,209742,136668,144681,75622,64674,259491,5445,9575,281
NQ,2023-07-18,209742,141970,137577,75196,73997,264119,5302,-7104,289
NQ,2023-07-25,209742,146469,138840,66261,76933,260623,4499,1263,296
NQ,2023-08-01,209742,147933,136066,69643,81048,262908,1464,-2774,306
NQ,2023-08-08,209742,151969,138342,70170,81049,267797,4036,2276,290
NQ,2023-08-15,209742,151549,156265,69459,64290,267495,-420,17923,297
NQ,2023-08-22,209742,144368,158802,69483,55653,263420,-7181,2537,298
NQ,2023-08-29,209742,146319,157227,72413,56251,265968,1951,-1575,295
NQ,2023-09-05,209742,154346,160042,74040,60490,274701,8027,2815,305
NQ,2023-09-12,209742,171570,181078,68674,59618,303321,17224,21036,298
NQ,2023-09-19,209742,137158,139246,56815,53621,236252,-34412,-41832,286
NQ,2023-09-26,209742,140156,141148,58307,57461,241018,2998,1902,306
NQ,2023-10-03,209742,147544,145898,66087,64652,254924,7388,4750,297
NQ,2023-10-10,209742,144850,151810,69363,61523,256528,-2694,5912,298
NQ,2023-10-17,209742,138184,150224,77538,63190,256786,-6666,-1586,294
NQ,2023-10-24,209742,141589,145955,69019,66322,253055,3405,-4269,304
NQ,2023-10-31,209742,144956,151548,72368,65631,259306,3367,5593,288
NQ,2023-11-07,209742,146006,154943,82602,66307,268597,1050,3395,297
NQ,2023-11-14,209742,158039,160071,69502,69187,273787,12033,5128,303
NQ,2023-11-21,209742,162755,174040,74326,69282,284312,4716,13969,288
NQ,2023-11-28,209742,166329,177231,78702,71424,293315,3574,3191,291
NQ,2023-12-05,209742,155418,168998,75200,66798,277746,-10911,-8233,286
NQ,2023-12-12,209742,212001,222818,71616,63512,337236,56583,53820,284
NQ,2023-12-19,209742,162660,188428,71467,49283,276654,-49341,-34390,277
NQ,2023-12-26,209742,155494,189102,79760,51769,278055,-7166,674,273
NQ,2024-01-02,209742,148310,195649,80348,41281,272832,-7184,6547,282
NQ,2024-01-09,209742,150591,193192,83021,46245,277732,2281,-2457,275
NQ,2024-01-16,209742,149969,188702,83692,47121,273460,-622,-4490,272
NQ,2024-01-23,209742,157605,195758,88544,55502,289392,7636,7056,287
NQ,2024-01-30,209742,156086,203979,94317,55066,294510,-1519,8221,286
NQ,2024-02-06,209742,149499,187938,93744,60856,285062,-6587,-16041,282
NQ,2024-02-13,209742,155161,192374,97292,65216,295946,5662,4436,287
NQ,2024-02-20,209742,148596,181028,92445,66884,287130,-6565,-11346,292
NQ,2024-02-27,209742,153361,171063,90667,80421,288075,4765,-9965,293
NQ,2024-03-05,209742,161131,171282,82245,81610,289047,7770,219,291
NQ,2024-03-12,209742,188656,197300,87501,86106,331912,27525,26018,290
NQ,2024-03-19,209742,138897,156423,68217,57057,250194,-49759,-40877,281
NQ,2024-03-26,209742,147517,148604,64109,71225,254474,8620,-7819,290
NQ,2024-04-02,209742,149038,150608,65399,70594,259439,1521,2004,290
NQ,2024-04-09,209742,147110,161613,65942,58399,260430,-1928,11005,289
NQ,2024-04-16,209742,141080,158974,66139,57610,255698,-6030,-2639,293
NQ,2024-04-23,209742,141714,160192,63431,57306,256222,634,1218,278
NQ,2024-04-30,209742,139475,154032,60312,57540,253154,-2239,-6160,276
NQ,2024-05-07,209742,124251,134884,65234,60829,235162,-15224,-19148,262
NQ,2024-05-14,209742,133543,144611,68869,65699,248611,9292,9727,279
NQ,2024-05-21,209742,132144,149031,68460,63742,249754,-1399,4420,276
NQ,2024-05-28,209742,138387,145070,68402,72128,254317,6243,-3961,292
NQ,2024-06-04,209742,139142,152169,60252,58255,246536,755,7099,279
NQ,2024-06-11,209742,149687,149999,60795,68827,258002,10545,-2170,289
NQ,2024-06-18,209742,199630,203802,65102,68927,334035,49943,53803,290
NQ,2024-06-25,209742,129886,148146,67869,60474,246417,-69744,-55656,267
NQ,2024-07-02,209742,139255,160437,70185,59409,258776,9369,12291,275
NQ,2024-07-09,209742,148257,163976,66337,61120,264298,9002,3539,276
NQ,2024-07-16,209742,141026,159526,64830,59148,256571,-7231,-4450,268
NQ,2024-07-23,209742,139877,157057,51812,52425,243913,-1149,-2469,266
NQ,2024-07-30,209742,149180,175428,48377,45955,256592,9303,18371,271
NQ,2024-08-06,209742,149544,181045,50888,38277,249366,364,5617,257
NQ,2024-08-13,209742,148524,169745,49051,40567,244061,-1020,-11300,251
NQ,2024-08-20,209742,142783,164988,55674,44293,244230,-5741,-4757,252
NQ,2024-08-27,209742,130557,166757,65461,44021,244523,-12226,1769,252
NQ,2024-09-03,209742,133799,174617,67895,41907,254089,3242,7860,244
NQ,2024-09-10,209742,137787,175629,69833,44207,259424,3988,1012,238
NQ,2024-09-17,209742,148042,180970,68287,49054,267450,10255,5341,237
NQ,2024-09-24,209742,133114,162537,52615,36576,227746,-14928,-18433,232
NQ,2024-10-01,209742,133138,160144,56497,40418,234108,24,-2393,238
NQ,2024-10-08,209742,141994,166748,57058,43763,250139,8856,6604,246
NQ,2024-10-15,209742,148315,160724,48843,47439,241191,6321,-6024,249
NQ,2024-10-22,209742,149502,162624,48989,46329,245897,1187,1900,250
NQ,2024-10-29,209742,152916,169154,57891,52769,257382,3414,6530,254
NQ,2024-11-05,209742,144580,172238,62784,46692,252753,-8336,3084,240
NQ,2024-11-12,209742,156585,186948,71007,54627,277197,12005,14710,252
NQ,2024-11-19,209742,158513,190675,66681,46878,275071,1928,3727,240
NQ,2024-11-26,209742,157686,188101,74155,54696,275658,-827,-2574,247
NQ,2024-12-03,209742,160837,201802,89355,59664,293572,3151,13701,248
NQ,2024-12-10,209742,152035,201899,91735,56162,291787,-8802,97,252
NQ,2024-12-17,209742,177346,224520,94151,58069,324728,25311,22621,260
NQ,2024-12-24,209742,125320,166785,78280,51048,246014,-52026,-57735,238
NQ,2024-12-31,209742,134077,177818,73369,49461,252471,8757,11033,240
PL,2022-01-04,076651,19716,31901,27680,20918,58275,-1945,-415,228
PL,2022-01-11,076651,20228,31180,27751,22462,59061,512,-721,233
PL,2022-01-18,076651,19007,31918,27304,20075,57321,-1221,738,230
PL,2022-01-25,076651,16618,35845,27429,13637,53390,-2389,3927,226
PL,2022-02-01,076651,16293,36079,28171,13590,53898,-325,234,221
PL,2022-02-08,076651,20817,37455,28134,16375,58766,4524,1376,225
PL,2022-02-15,076651,21179,37199,28217,18085,59897,362,-256,230
PL,2022-02-22,076651,19079,41966,32462,14922,62274,-2100,4767,229
PL,2022-03-01,076651,19330,43526,33902,17012,65383,251,1560,222
PL,2022-03-08,076651,18935,51293,41758,15925,72496,-395,7767,241
PL,2022-03-15,076651,20085,45777,33833,15901,67727,1150,-5516,217
PL,2022-03-22,076651,19220,46267,32184,12369,64000,-865,490,214
PL,2022-03-29,076651,19797,40551,29585,15584,61807,577,-5716,220
PL,2022-04-05,076651,19894,37799,28827,17537,60983,97,-2752,217
PL,2022-04-12,076651,21537,34770,28544,22129,63363,1643,-3029,229
PL,2022-04-19,076651,21617,35429,28293,20756,61603,80,659,234
PL,2022-04-26,076651,26125,30111,28121,30478,67591,4508,-5318,252
PL,2022-05-03,076651,25830,29497,29516,31057,66545,-295,-614,240
PL,2022-05-10,076651,26293,31666,28774,27411,66064,463,2169,226
PL,2022-05-17,076651,26002,32699,28253,26050,65926,-291,1033,233
PL,2022-05-24,076651,27002,33685,26052,24567,65824,1000,986,229
PL,2022-05-31,076651,27591,34092,27226,24863,67964,589,407,230
PL,2022-06-07,076651,26823,36565,27004,21071,65295,-768,2473,225
PL,2022-06-14,076651,28194,34987,25085,22871,66613,1371,-1578,229
PL,2022-06-21,076651,28487,34884,25676,24185,64946,293,-103,221
PL,2022-06-28,076651,28413,31794,28451,29757,68232,-74,-3090,244
PL,2022-07-05,076651,28155,29825,31920,34654,72895,-258,-1969,252
PL,2022-07-12,076651,29758,28523,32580,38491,75615,1603,-1302,268
PL,2022-07-19,076651,28338,28611,32960,37242,75069,-1420,88,249
PL,2022-07-26,076651,28217,28388,31027,35495,73423,-121,-223,237
PL,2022-08-02,076651,26551,28259,28648,31189,68266,-1666,-129,231
PL,2022-08-09,076651,24450,28505,27754,26908,62782,-2101,246,228
PL,2022-08-16,076651,22749,29110,26218,23278,57254,-1701,605,210
PL,2022-08-23,076651,24600,27649,26970,27546,62329,1851,-1461,240
PL,2022-08-30,076651,27501,26855,29635,35013,70747,2901,-794,255
PL,2022-09-06,076651,30451,27299,33598,40349,78610,2950,444,265
PL,2022-09-13,076651,26473,28524,30552,32431,68574,-3978,1225,239
PL,2022-09-20,076651,24281,29777,27756,25366,62900,-2192,1253,224
PL,2022-09-27,076651,24942,27467,23944,23783,58994,661,-2310,219
PL,2022-10-04,076651,21116,28253,25610,22329,55682,-3826,786,216
PL,2022-10-11,076651,19947,28637,24306,18378,52435,-1169,384,209
PL,2022-10-18,076651,19406,31038,26385,17891,53728,-541,2401,203
PL,2022-10-25,076651,18686,33657,28471,17090,56117,-720,2619,213
PL,2022-11-01,076651,18041,37731,28611,12624,56534,-645,4074,205
PL,2022-11-08,076651,18181,41476,31065,11616,60301,140,3745,224
PL,2022-11-15,076651,17374,44411,33079,10535,63391,-807,2935,217
PL,2022-11-22,076651,17979,45517,33832,11342,63704,605,1106,217
PL,2022-11-29,076651,19824,48586,35268,11009,66468,1845,3069,225
PL,2022-12-06,076651,20025,50173,36693,11057,68821,201,1587,228
PL,2022-12-13,076651,21003,53627,39112,10667,72416,978,3454,218
PL,2022-12-20,076651,21169,50693,37373,13321,70021,166,-2934,215
PL,2022-12-27,076651,20634,50198,36326,11660,66817,-535,-495,210
PL,2023-01-03,076651,18734,51891,41555,11052,69687,-1900,1693,224
PL,2023-01-10,076651,19128,53474,43745,13043,72216,394,1583,227
PL,2023-01-17,076651,19831,48744,40387,16843,71144,703,-4730,217
PL,2023-01-24,076651,22428,48247,39279,19018,72613,2597,-497,220
PL,2023-01-31,076651,22808,45021,35098,18961,69121,380,-3226,218
PL,2023-02-07,076651,23897,40426,30862,20242,65469,1089,-4595,228
PL,2023-02-14,076651,24146,36411,28560,22562,66197,249,-4015,232
PL,2023-02-21,076651,25638,34032,28058,25153,67499,1492,-2379,232
PL,2023-02-28,076651,25970,35846,27713,22416,68075,332,1814,224
PL,2023-03-07,076651,27111,35968,28988,23843,69721,1141,122,226
PL,2023-03-14,076651,25445,39767,27423,16850,66817,-1666,3799,211
PL,2023-03-21,076651,24399,38540,25199,15673,61416,-1046,-1227,206
PL,2023-03-28,076651,23146,37927,24247,13873,57244,-1253,-613,201
PL,2023-04-04,076651,20708,39909,29841,14418,59156,-2438,1982,215
PL,2023-04-11,076651,20768,39279,29570,16237,60115,60,-630,209
PL,2023-04-18,076651,18147,46349,35028,10709,63794,-2621,7070,228
PL,2023-04-25,076651,18302,52618,41240,11623,72125,155,6269,234
PL,2023-05-02,076651,19669,51063,41109,14422,73591,1367,-1555,231
PL,2023-05-09,076651,20408,52892,41712,13628,74125,739,1829,229
PL,2023-05-16,076651,21228,51633,39962,14139,73410,820,-1259,221
PL,2023-05-23,076651,19698,51855,41246,13767,73079,-1530,222,226
PL,2023-05-30,076651,20734,48707,37534,14128,69929,1036,-3148,218
PL,2023-06-06,076651,21339,50086,35201,10588,67537,605,1379,214
PL,2023-06-13,076651,20411,47696,34328,12356,69851,-928,-2390,228
PL,2023-06-20,076651,19682,44734,34059,14587,69436,-729,-2962,230
PL,2023-06-27,076651,19676,38303,34048,21888,68517,-6,-6431,243
PL,2023-07-03,076651,19856,33426,36443,28376,69383,180,-4877,258
PL,2023-07-11,076651,19294,33206,38590,30803,71007,-562,-220,268
PL,2023-07-18,076651,17254,36928,38256,22520,65834,-2040,3722,241
PL,2023-07-25,076651,16506,36947,36489,21002,64197,-748,19,241
PL,2023-08-01,076651,17686,35145,38036,25746,68875,1180,-1802,254
PL,2023-08-08,076651,21899,30490,42007,39015,79989,4213,-4655,280
PL,2023-08-15,076651,24075,29941,44233,44232,84557,2176,-549,282
PL,2023-08-22,076651,23287,29600,44584,43750,82331,-788,-341,275
PL,2023-08-29,076651,17404,35835,43557,28519,75619,-5883,6235,257
PL,2023-09-05,076651,17212,36213,36991,22389,68721,-192,378,247
PL,2023-09-12,076651,19999,32395,43619,36898,87021,2787,-3818,263
PL,2023-09-19,076651,20450,35082,42158,32164,82379,451,2687,258
PL,2023-09-26,076651,18443,30792,40305,32979,72957,-2007,-4290,250
PL,2023-10-03,076651,22452,29966,45496,42880,81529,4009,-826,279
PL,2023-10-10,076651,23383,28521,45969,46005,82751,931,-1445,282
PL,2023-10-17,076651,23538,28989,46746,46397,84292,155,468,281
PL,2023-10-24,076651,23554,28386,46048,46528,84610,16,-603,286
PL,2023-10-31,076651,16925,31111,44291,33465,74768,-6629,2725,271
PL,2023-11-07,076651,18196,30192,40752,33794,73613,1271,-919,263
PL,2023-11-14,076651,24942,27307,44969,48965,85870,6746,-2885,291
PL,2023-11-21,076651,19090,30347,40276,33140,73431,-5852,3040,254
PL,2023-11-28,076651,17603,31875,38438,28404,70437,-1487,1528,251
PL,2023-12-05,076651,22448,31631,37395,32262,75508,4845,-244,260
PL,2023-12-12,076651,20804,32517,36789,29080,74004,-1644,886,245
PL,2023-12-19,076651,19058,40603,40385,23387,72263,-1746,8086,249
PL,2023-12-26,076651,15825,43470,44404,20742,70953,-3233,2867,245
PL,2024-01-02,076651,13752,46602,49960,20921,73883,-2073,3132,229
PL,2024-01-09,076651,14631,43011,47209,23668,71940,879,-3591,248
PL,2024-01-16,076651,17774,36272,43243,30686,75103,3143,-6739,255
PL,2024-01-23,076651,19575,34672,45895,37554,79394,1801,-1600,261
PL,2024-01-30,076651,17727,34801,43818,32269,74321,-1848,129,254
PL,2024-02-06,076651,18146,33875,44878,35344,77077,419,-926,258
PL,2024-02-13,076651,23849,32078,50318,48380,93019,5703,-1797,281
PL,2024-02-20,076651,19626,34097,52505,44010,87861,-4223,2019,266
PL,2024-02-27,076651,20570,29771,49898,46297,87889,944,-4326,275
PL,2024-03-05,076651,24983,28249,49391,53755,96814,4413,-1522,294
PL,2024-03-12,076651,20286,33327,44716,37297,86082,-4697,5078,263
PL,2024-03-19,076651,20413,33491,42540,36260,86155,127,164,255
PL,2024-03-26,076651,20954,33429,43006,35811,80677,541,-62,254
PL,2024-04-02,076651,19311,33293,45845,37256,80099,-1643,-136,256
PL,2024-04-09,076651,14912,39228,51330,32323,81425,-4399,5935,266
PL,2024-04-16,076651,15494,39108,52430,34189,81834,582,-120,247
PL,2024-04-23,076651,18426,33224,46596,39132,83696,2932,-5884,257
PL,2024-04-30,076651,20552,33122,42532,35735,80142,2126,-102,255
PL,2024-05-07,076651,19732,38080,45232,31572,80677,-820,4958,255
PL,2024-05-14,076651,17181,45375,53314,28867,87175,-2551,7295,267
PL,2024-05-21,076651,17737,49371,58479,30830,92741,556,3996,261
PL,2024-05-28,076651,17725,49865,58272,30705,93588,-12,494,263
PL,2024-06-04,076651,19250,47373,56389,33823,96267,1525,-2492,257
PL,2024-06-11,076651,19871,42882,47463,31765,89976,621,-4491,242
PL,2024-06-18,076651,20624,43972,43302,27438,87632,753,1090,236
PL,2024-06-25,076651,17723,45075,43196,22593,76816,-2901,1103,228
PL,2024-07-02,076651,16288,46301,45032,21076,76572,-1435,1226,224
PL,2024-07-09,076651,17388,46951,47350,24684,81837,1100,650,239
PL,2024-07-16,076651,17228,46311,48962,27014,83416,-160,-640,252
PL,2024-07-23,076651,19962,40137,40902,28694,80402,2734,-6174,253
PL,2024-07-30,076651,18024,39049,42595,28281,78760,-1938,-1088,257
PL,2024-08-06,076651,19658,35583,44391,34100,81153,1634,-3466,259
PL,2024-08-13,076651,18769,37379,46287,34348,81605,-889,1796,250
PL,2024-08-20,076651,18616,39889,45980,31154,81395,-153,2510,242
PL,2024-08-27,076651,17204,39361,42951,27218,77082,-1412,-528,240
PL,2024-09-03,076651,23587,33728,41924,40536,87185,6383,-5633,276
PL,2024-09-10,076651,20370,36786,45427,35424,84729,-3217,3058,261
PL,2024-09-17,076651,19028,46059,42679,20701,79134,-1342,9273,247
PL,2024-09-24,076651,15715,45255,46103,21702,75168,-3313,-804,261
PL,2024-10-01,076651,13680,47398,46316,18184,72633,-2035,2143,244
PL,2024-10-08,076651,15424,46433,46339,22682,76979,1744,-965,246
PL,2024-10-15,076651,14171,48710,46523,18136,72967,-1253,2277,238
PL,2024-10-22,076651,13877,54612,53816,18940,81497,-294,5902,259
PL,2024-10-29,076651,13326,54777,57500,21957,86344,-551,165,264
PL,2024-11-05,076651,14515,50289,55780,26739,85562,1189,-4488,265
PL,2024-11-12,076651,16825,45244,53283,33050,88887,2310,-5045,263
PL,2024-11-19,076651,16102,45861,55437,32761,88953,-723,617,260
PL,2024-11-26,076651,17138,43785,54467,35807,92361,1036,-2076,268
PL,2024-12-03,076651,17292,46010,55415,34929,94662,154,2225,265
PL,2024-12-10,076651,20299,43587,54105,39276,97656,3007,-2423,279
PL,2024-12-17,076651,18959,40300,56233,42489,97942,-1340,-3287,284
PL,2024-12-24,076651,17711,39346,57368,41720,91990,-1248,-954,274
PL,2024-12-31,076651,18673,32584,52623,46967,89197,962,-6762,294
RB,2022-01-04,111659,141535,211988,101919,37602,312263,12695,19803,238
RB,2022-01-11,111659,164923,230478,101661,42159,339238,23388,18490,248
RB,2022-01-18,111659,179287,246552,105959,45170,365565,14364,16074,248
RB,2022-01-25,111659,179168,246363,106361,46756,364212,-119,-189,253
RB,2022-02-01,111659,173465,250049,108823,43471,367470,-5703,3686,245
RB,2022-02-08,111659,191576,264171,108363,45611,386753,18111,14122,248
RB,2022-02-15,111659,203940,276682,108035,45439,402214,12364,12511,246
RB,2022-02-22,111659,194978,269687,106356,42769,389407,-8962,-6995,251
RB,2022-03-01,111659,182352,254817,97185,34742,362097,-12626,-14870,228
RB,2022-03-08,111659,158839,211449,82887,35987,311223,-23513,-43368,205
RB,2022-03-15,111659,151239,200153,76383,32781,288066,-7600,-11296,187
RB,2022-03-22,111659,149655,203338,78644,30274,284565,-1584,3185,198
RB,2022-03-29,111659,151056,198831,74554,34352,285225,1401,-4507,192
RB,2022-04-05,111659,155453,205496,75111,32148,292778,4397,6665,194
RB,2022-04-12,111659,152551,202699,76062,34636,294357,-2902,-2797,187
RB,2022-04-19,111659,155825,206743,80977,38392,299544,3274,4044,195
RB,2022-04-26,111659,156585,204798,78794,39553,302854,760,-1945,200
RB,2022-05-03,111659,161247,210238,79017,40636,309304,4662,5440,216
RB,2022-05-10,111659,152809,196881,73929,42551,300055,-8438,-13357,214
RB,2022-05-17,111659,162371,209141,75744,41946,307661,9562,12260,220
RB,2022-05-24,111659,170888,214487,72517,40092,310478,8517,5346,212
RB,2022-05-31,111659,165784,211816,76089,42399,307627,-5104,-2671,212
RB,2022-06-07,111659,162330,204196,75841,45353,308245,-3454,-7620,211
RB,2022-06-14,111659,164469,208141,76744,45288,308890,2139,3945,218
RB,2022-06-21,111659,162816,204896,75835,44428,299853,-1653,-3245,216
RB,2022-06-28,111659,154967,197421,76657,44558,288532,-7849,-7475,205
RB,2022-07-05,111659,142761,175454,72955,44934,270987,-12206,-21967,210
RB,2022-07-12,111659,153217,192171,69876,37134,277880,10456,16717,213
RB,2022-07-19,111659,139646,185147,72688,32872,270046,-13571,-7024,215
RB,2022-07-26,111659,124784,175103,74431,29027,255506,-14862,-10044,213
RB,2022-08-02,111659,118686,175981,78784,27966,253520,-6098,878,209
RB,2022-08-09,111659,122093,172347,74516,29010,250399,3407,-3634,211
RB,2022-08-16,111659,124919,177549,81394,33725,259784,2826,5202,208
RB,2022-08-23,111659,127310,185429,86578,33788,265738,2391,7880,215
RB,2022-08-30,111659,119875,173313,80794,31092,253215,-7435,-12116,213
RB,2022-09-06,111659,115591,166329,79830,30664,244409,-4284,-6984,211
RB,2022-09-13,111659,121491,167400,76103,30511,249853,5900,1071,210
RB,2022-09-20,111659,126887,175079,77904,30831,255774,5396,7679,216
RB,2022-09-27,111659,111947,158851,78843,34783,239345,-14940,-16228,215
RB,2022-10-04,111659,111060,164484,78541,30285,242669,-887,5633,210
RB,2022-10-11,111659,136457,185100,73663,30381,257547,25397,20616,203
RB,2022-10-18,111659,136891,181689,70916,29050,253889,434,-3411,193
RB,2022-10-25,111659,110886,161723,77920,33121,235617,-26005,-19966,212
RB,2022-11-01,111659,107185,159633,75515,31831,234108,-3701,-2090,214
RB,2022-11-08,111659,111348,170574,83270,34517,247679,4163,10941,210
RB,2022-11-15,111659,128826,184163,79551,31048,263890,17478,13589,215
RB,2022-11-22,111659,128396,187701,83744,30885,262966,-430,3538,217
RB,2022-11-29,111659,112797,171455,81398,27194,244676,-15599,-16246,215
RB,2022-12-06,111659,118098,174600,76392,22352,255669,5301,3145,211
RB,2022-12-13,111659,129173,181071,73553,21589,262771,11075,6471,220
RB,2022-12-20,111659,125040,180117,75089,22184,259864,-4133,-954,215
RB,2022-12-27,111659,116765,171589,72480,21605,247396,-8275,-8528,205
RB,2023-01-03,111659,109635,167570,72801,21283,238417,-7130,-4019,207
RB,2023-01-10,111659,120957,183765,76471,18783,257742,11322,16195,203
RB,2023-01-17,111659,138982,203258,79754,23089,289165,18025,19493,223
RB,2023-01-24,111659,148820,221473,91893,28262,317047,9838,18215,229
RB,2023-01-31,111659,145507,225926,93933,23150,313712,-3313,4453,248
RB,2023-02-07,111659,161461,234472,79584,15328,327421,15954,8546,226
RB,2023-02-14,111659,175201,245884,78822,16168,343042,13740,11412,225
RB,2023-02-21,111659,167612,232069,76211,16534,318780,-7589,-13815,220
RB,2023-02-28,111659,153329,222750,77069,14452,300224,-14283,-9319,217
RB,2023-03-07,111659,149415,223158,85922,21314,311131,-3914,408,228
RB,2023-03-14,111659,164115,224378,74190,21795,313673,14700,1220,225
RB,2023-03-21,111659,167338,210673,60905,23439,303936,3223,-13705,223
RB,2023-03-28,111659,157505,211211,73688,27932,306627,-9833,538,227
RB,2023-04-04,111659,164005,219621,76675,29875,308852,6500,8410,223
RB,2023-04-11,111659,166165,230297,89863,37255,322954,2160,10676,237
RB,2023-04-18,111659,162407,222984,95287,43993,322927,-3758,-7313,235
RB,2023-04-25,111659,147453,203219,85672,36533,292930,-14954,-19765,226
RB,2023-05-02,111659,148729,203400,78227,30086,293504,1276,181,240
RB,2023-05-09,111659,167208,210015,70134,30332,313117,18479,6615,233
RB,2023-05-16,111659,151327,196618,73389,32705,305453,-15881,-13397,231
RB,2023-05-23,111659,146997,199387,84611,37343,310206,-4330,2769,233
RB,2023-05-30,111659,136004,188820,87274,39629,304174,-10993,-10567,238
RB,2023-06-06,111659,174277,225928,87567,40826,347367,38273,37108,254
RB,2023-06-13,111659,164351,221499,89469,37219,339122,-9926,-4429,234
RB,2023-06-20,111659,162715,221047,88933,36839,337447,-1636,-452,236
RB,2023-06-27,111659,159696,216115,83074,35394,331288,-3019,-4932,239
RB,2023-07-03,111659,146031,200511,86285,40271,319872,-13665,-15604,236
RB,2023-07-11,111659,152407,214571,95389,41982,343549,6376,14060,249
RB,2023-07-18,111659,154693,222710,106199,49413,366684,2286,8139,256
RB,2023-07-25,111659,152043,221216,111892,53141,366832,-2650,-1494,274
RB,2023-08-01,111659,147605,220689,112512,50203,366551,-4438,-527,265
RB,2023-08-08,111659,151196,215622,103890,51921,365216,3591,-5067,246
RB,2023-08-15,111659,152842,221588,109974,51548,376397,1646,5966,243
RB,2023-08-22,111659,153597,228426,110974,49748,375490,755,6838,245
RB,2023-08-29,111659,156466,223018,108708,53006,371845,2869,-5408,237
RB,2023-09-05,111659,158186,224781,105068,50241,373081,1720,1763,237
RB,2023-09-12,111659,156648,229078,110169,50952,369940,-1538,4297,238
RB,2023-09-19,111659,183363,244684,107978,58636,385867,26715,15606,247
RB,2023-09-26,111659,176434,229434,99385,58109,356434,-6929,-15250,239
RB,2023-10-03,111659,139164,190560,90541,47076,304531,-37270,-38874,233
RB,2023-10-10,111659,147364,189170,82003,45655,303736,8200,-1390,225
RB,2023-10-17,111659,174659,211512,77784,46345,332992,27295,22342,230
RB,2023-10-24,111659,171363,212295,81100,48935,330064,-3296,783,231
RB,2023-10-31,111659,158305,208299,86855,45351,314818,-13058,-3996,222
RB,2023-11-07,111659,149090,201950,85893,41916,317633,-9215,-6349,225
RB,2023-11-14,111659,147814,210184,94790,41496,328420,-1276,8234,237
RB,2023-11-21,111659,159856,229758,106289,43985,351105,12042,19574,245
RB,2023-11-28,111659,151267,226012,108073,41930,343973,-8589,-3746,243
RB,2023-12-05,111659,148061,225240,108142,39900,341351,-3206,-772,238
RB,2023-12-12,111659,153307,224897,98505,31459,342171,5246,-343,234
RB,2023-12-19,111659,153802,235350,103433,30631,348541,495,10453,237
RB,2023-12-26,111659,152607,232022,102365,30896,333700,-1195,-3328,239
RB,2024-01-02,111659,152781,236155,104729,28574,333793,174,4133,246
RB,2024-01-09,111659,160742,237703,99339,27121,343805,7961,1548,255
RB,2024-01-16,111659,169621,243762,96430,27353,356218,8879,6059,260
RB,2024-01-23,111659,175634,257063,103756,30015,368288,6013,13301,259
RB,2024-01-30,111659,175408,257976,106666,33396,365674,-226,913,257
RB,2024-02-06,111659,184389,256037,98289,33585,376614,8981,-1939,252
RB,2024-02-13,111659,184956,261102,105269,38933,388202,567,5065,272
RB,2024-02-20,111659,187861,260800,105297,41924,390586,2905,-302,275
RB,2024-02-27,111659,186968,256999,94808,34403,377558,-893,-3801,268
RB,2024-03-05,111659,191671,258753,90111,31479,368877,4703,1754,269
RB,2024-03-12,111659,195048,266667,91748,32210,378997,3377,7914,259
RB,2024-03-19,111659,178827,260800,107074,37066,383267,-16221,-5867,275
RB,2024-03-26,111659,172241,260379,112724,36995,386014,-6586,-421,270
RB,2024-04-02,111659,180559,277049,115963,32240,406513,8318,16670,269
RB,2024-04-09,111659,190344,286264,122553,39206,425478,9785,9215,276
RB,2024-04-16,111659,188084,278880,121169,43959,415929,-2260,-7384,280
RB,2024-04-23,111659,191067,275971,113671,41327,415146,2983,-2909,270
RB,2024-04-30,111659,185003,264362,112239,44761,414745,-6064,-11609,264
RB,2024-05-07,111659,194414,256921,95412,42898,407123,9411,-7441,262
RB,2024-05-14,111659,200852,256657,89317,40952,406862,6438,-264,265
RB,2024-05-21,111659,199860,257377,89205,42141,400059,-992,720,260
RB,2024-05-28,111659,194505,250591,84059,37845,387157,-5355,-6786,266
RB,2024-06-04,111659,192942,243095,83719,37600,378249,-1563,-7496,263
RB,2024-06-11,111659,209987,255380,85761,43348,399108,17045,12285,265
RB,2024-06-18,111659,209074,247742,84370,48254,396205,-913,-7638,265
RB,2024-06-25,111659,192835,241306,88842,47382,377599,-16239,-6436,267
RB,2024-07-02,111659,202489,253708,91230,51537,400397,9654,12402,262
RB,2024-07-09,111659,202236,256042,95915,52809,407142,-253,2334,261
RB,2024-07-16,111659,195648,242057,88324,49873,397510,-6588,-13985,256
RB,2024-07-23,111659,198031,234438,84393,52510,396352,2383,-7619,264
RB,2024-07-30,111659,199931,225299,76701,53645,380616,1900,-9139,252
RB,2024-08-06,111659,197124,209637,72102,60515,371882,-2807,-15662,256
RB,2024-08-13,111659,207826,222915,72171,57143,379294,10702,13278,255
RB,2024-08-20,111659,195021,210706,76147,57438,361202,-12805,-12209,263
RB,2024-08-27,111659,174614,195662,77405,54970,343103,-20407,-15044,260
RB,2024-09-03,111659,168878,184921,76809,56951,336620,-5736,-10741,258
RB,2024-09-10,111659,175850,187889,73102,57465,354033,6972,2968,267
RB,2024-09-17,111659,174697,187762,73164,56415,349600,-1153,-127,254
RB,2024-09-24,111659,167934,198276,76379,45692,337566,-6763,10514,251
RB,2024-10-01,111659,164328,195275,79808,47184,323893,-3606,-3001,254
RB,2024-10-08,111659,160457,202572,81809,40610,321335,-3871,7297,236
RB,2024-10-15,111659,175299,231083,89782,38620,350658,14842,28511,242
RB,2024-10-22,111659,175611,230440,91365,41208,356636,312,-643,236
RB,2024-10-29,111659,179552,228339,93369,46780,357909,3941,-2101,245
RB,2024-11-05,111659,171948,225783,92912,43521,357069,-7604,-2556,249
RB,2024-11-12,111659,175215,235413,99022,42042,378812,3267,9630,249
RB,2024-11-19,111659,166490,233336,101786,40491,365241,-8725,-2077,248
RB,2024-11-26,111659,159265,226179,100609,36916,353861,-7225,-7157,239
RB,2024-12-03,111659,149570,214410,101785,38239,345092,-9695,-11769,252
RB,2024-12-10,111659,162973,238224,107859,36681,376927,13403,23814,253
RB,2024-12-17,111659,175480,246123,103609,34079,389096,12507,7899,258
RB,2024-12-24,111659,171353,235472,94823,31876,377068,-4127,-10651,256
RB,2024-12-31,111659,171299,231034,90141,32020,373390,-54,-4438,256
S,2022-01-04,005602,344990,436883,173162,42606,648148,5513,4327,535
S,2022-01-11,005602,350999,455895,181722,43450,678613,6009,19012,566
S,2022-01-18,005602,363536,455734,179661,51646,692022,12537,-161,554
S,2022-01-25,005602,367156,479955,197316,48444,735966,3620,24221,570
S,2022-02-01,005602,374270,529847,235972,42599,796285,7114,49892,593
S,2022-02-08,005602,378830,554910,255224,45494,832618,4560,25063,603
S,2022-02-15,005602,375676,562114,261666,44934,856917,-3154,7204,621
S,2022-02-22,005602,354837,551592,274012,47548,826824,-20839,-10522,625
S,2022-03-01,005602,328781,518014,264899,45992,758796,-26056,-33578,595
S,2022-03-08,005602,330997,520216,263044,46467,743566,2216,2202,580
S,2022-03-15,005602,328524,522482,265949,48350,745345,-2473,2266,597
S,2022-03-22,005602,338902,532548,265191,46555,754382,10378,10066,589
S,2022-03-29,005602,350240,529004,253726,47257,755139,11338,-3544,590
S,2022-04-05,005602,351388,522270,243805,44881,756785,1148,-6734,582
S,2022-04-12,005602,353160,523854,247765,49470,752157,1772,1584,602
S,2022-04-19,005602,351286,526159,250566,50468,762855,-1874,2305,606
S,2022-04-26,005602,331845,509637,249273,45467,726717,-19441,-16522,589
S,2022-05-03,005602,325746,491099,239355,48953,700856,-6099,-18538,574
S,2022-05-10,005602,334792,482490,225260,50652,694454,9046,-8609,566
S,2022-05-17,005602,338718,495655,231911,48264,709144,3926,13165,583
S,2022-05-24,005602,345076,504123,236164,47796,729900,6358,8468,584
S,2022-05-31,005602,356115,514872,237836,51758,753373,11039,10749,596
S,2022-06-07,005602,359587,507977,229895,53251,760444,3472,-6895,603
S,2022-06-14,005602,371675,527338,229930,47263,754428,12088,19361,574
S,2022-06-21,005602,376155,529123,226191,47812,745494,4480,1785,554
S,2022-06-28,005602,343227,449932,191380,54187,653337,-32928,-79191,531
S,2022-07-05,005602,330584,424222,190571,65080,638675,-12643,-25710,542
S,2022-07-12,005602,313986,401270,171610,56491,611751,-16598,-22952,543
S,2022-07-19,005602,317597,392024,159262,56669,602987,3611,-9246,529
S,2022-07-26,005602,317204,374777,143708,58467,583850,-393,-17247,536
S,2022-08-02,005602,309594,375226,146533,54006,572925,-7610,449,540
S,2022-08-09,005602,315133,378104,148533,59632,583208,5539,2878,547
S,2022-08-16,005602,327098,378748,144698,61515,595095,11965,644,544
S,2022-08-23,005602,328697,387056,157358,69522,611218,1599,8308,547
S,2022-08-30,005602,335048,387839,155472,71910,605924,6351,783,559
S,2022-09-06,005602,334375,385201,151858,70607,606187,-673,-2638,550
S,2022-09-13,005602,348795,410219,163326,71216,643018,14420,25018,576
S,2022-09-20,005602,358172,413657,159789,75016,656310,9377,3438,574
S,2022-09-27,005602,367744,417950,149774,69723,699311,9572,4293,557
S,2022-10-04,005602,374505,414588,137980,71223,677178,6761,-3362,542
S,2022-10-11,005602,398241,428855,129287,73518,694960,23736,14267,527
S,2022-10-18,005602,389695,420290,132144,77461,714532,-8546,-8565,539
S,2022-10-25,005602,354542,389843,126693,69308,651685,-35153,-30447,523
S,2022-11-01,005602,303248,361134,150155,63633,584073,-51294,-28709,532
S,2022-11-08,005602,315696,376662,152137,64328,611011,12448,15528,535
S,2022-11-15,005602,325093,374139,143181,66377,616094,9397,-2523,515
S,2022-11-22,005602,326789,371228,137369,67130,623227,1696,-2911,517
S,2022-11-29,005602,322231,383782,151317,64109,634754,-4558,12554,506
S,2022-12-06,005602,319120,379002,160518,70857,622200,-3111,-4780,514
S,2022-12-13,005602,324126,406137,172330,59271,638744,5006,27135,501
S,2022-12-20,005602,314026,405707,177011,52317,627125,-10100,-430,498
S,2022-12-27,005602,290758,390839,179743,46224,595601,-23268,-14868,474
S,2023-01-03,005602,284335,395664,195320,46681,603609,-6423,4825,494
S,2023-01-10,005602,302217,406383,187837,47509,620659,17882,10719,500
S,2023-01-17,005602,301985,432775,216831,47766,651328,-232,26392,528
S,2023-01-24,005602,311307,429252,206329,51107,667416,9322,-3523,523
S,2023-01-31,005602,323166,460319,222823,44425,689806,11859,31067,516
S,2023-02-07,005602,343043,476833,219136,44323,717684,19877,16514,513
S,2023-02-14,005602,348946,498719,235235,43349,743026,5903,21886,539
S,2023-02-21,005602,330719,480860,239615,46355,731529,-18227,-17859,547
S,2023-02-28,005602,304732,422620,207442,49021,672590,-25987,-58240,519
S,2023-03-07,005602,294115,435476,222752,42553,691538,-10617,12856,533
S,2023-03-14,005602,312064,442545,206814,38820,698188,17949,7069,524
S,2023-03-21,005602,310325,452173,210762,38975,696280,-1739,9628,514
S,2023-03-28,005602,326718,456039,204717,43697,723433,16393,3866,509
S,2023-04-04,005602,321612,484879,214749,30404,746111,-5106,28840,503
S,2023-04-11,005602,316234,464745,214620,35274,716906,-5378,-20134,501
S,2023-04-18,005602,296149,445640,219301,41791,683161,-20085,-19105,514
S,2023-04-25,005602,309256,385747,160083,55987,630935,13107,-59893,492
S,2023-05-02,005602,312052,360568,153934,78814,601051,2796,-25179,495
S,2023-05-09,005602,331128,369696,149528,85253,618744,19076,9128,497
S,2023-05-16,005602,343850,354914,146717,108563,642160,12722,-14782,507
S,2023-05-23,005602,351024,353428,138687,109482,651248,7174,-1486,502
S,2023-05-30,005602,360791,364953,132301,102487,672482,9767,11525,512
S,2023-06-06,005602,351669,367758,136718,97563,669123,-9122,2805,511
S,2023-06-13,005602,352470,388992,148437,85488,660855,801,21234,511
S,2023-06-20,005602,353062,420696,161793,73261,662469,592,31704,491
S,2023-06-27,005602,316147,396376,174934,73085,622093,-36915,-24320,478
S,2023-07-03,005602,306598,378522,170206,79233,610352,-9549,-17854,481
S,2023-07-11,005602,311968,389148,170899,80036,622509,5370,10626,506
S,2023-07-18,005602,320592,402055,185158,77875,659917,8624,12907,506
S,2023-07-25,005602,327696,444572,198146,63164,676643,7104,42517,519
S,2023-08-01,005602,317552,412934,175883,62123,639859,-10144,-31638,512
S,2023-08-08,005602,332610,396262,150115,66652,628182,15058,-16672,511
S,2023-08-15,005602,348481,392130,138099,72766,638785,15871,-4132,505
S,2023-08-22,005602,358573,406721,143065,76932,665704,10092,14591,529
S,2023-08-29,005602,364526,438216,161274,69112,698855,5953,31495,553
S,2023-09-05,005602,368024,436867,161468,74139,716200,3498,-1349,556
S,2023-09-12,005602,366434,434874,162761,77544,740047,-1590,-1993,556
S,2023-09-19,005602,388164,431929,144598,81908,773220,21730,-2945,553
S,2023-09-26,005602,391834,423242,132612,86124,777270,3670,-8687,545
S,2023-10-03,005602,408742,414622,123800,101297,803439,16908,-8620,534
S,2023-10-10,005602,419840,429269,129952,106574,821757,11098,14647,537
S,2023-10-17,005602,447465,459514,136412,109307,842086,27625,30245,554
S,2023-10-24,005602,442219,466702,135138,98684,814726,-5246,7188,545
S,2023-10-31,005602,404124,405937,103628,87368,706923,-38095,-60765,525
S,2023-11-07,005602,385088,434411,139984,76427,722948,-19036,28474,547
S,2023-11-14,005602,380773,450268,160458,73781,738268,-4315,15857,552
S,2023-11-21,005602,391254,445031,150568,76762,745196,10481,-5237,561
S,2023-11-28,005602,398034,428428,138388,87691,736483,6780,-16603,541
S,2023-12-05,005602,399901,402862,116761,96463,715603,1867,-25566,548
S,2023-12-12,005602,384698,384914,107860,90321,718648,-15203,-17948,534
S,2023-12-19,005602,382804,371725,101144,99146,693382,-1894,-13189,526
S,2023-12-26,005602,361392,340676,97494,109420,637033,-21412,-31049,488
S,2024-01-02,005602,366562,331224,99810,121738,639490,5170,-9452,502
S,2024-01-09,005602,378409,324789,99237,137286,658250,11847,-6435,512
S,2024-01-16,005602,406415,293976,85450,179118,680005,28006,-30813,526
S,2024-01-23,005602,426862,303372,81762,187756,726789,20447,9396,534
S,2024-01-30,005602,453583,297761,77880,218457,755093,26721,-5611,528
S,2024-02-06,005602,453152,281232,80259,241076,777099,-431,-16529,528
S,2024-02-13,005602,456229,284591,86975,248726,769700,3077,3359,522
S,2024-02-20,005602,476364,304616,100976,261264,804919,20135,20025,524
S,2024-02-27,005602,432418,229468,92361,283593,714761,-43946,-75148,485
S,2024-03-05,005602,438161,230883,97903,295144,720033,5743,1415,491
S,2024-03-12,005602,450053,258722,99347,279760,743055,11892,27839,493
S,2024-03-19,005602,474988,294172,97583,265236,773473,24935,35450,495
S,2024-03-26,005602,483035,316614,98488,252202,803536,8047,22442,500
S,2024-04-02,005602,496933,327793,95389,253429,823372,13898,11179,501
S,2024-04-09,005602,484852,319200,90965,249442,832041,-12081,-8593,502
S,2024-04-16,005602,503032,323314,94418,266311,867734,18180,4114,507
S,2024-04-23,005602,479373,320051,96430,251000,814420,-23659,-3263,518
S,2024-04-30,005602,447805,279129,92100,254443,722851,-31568,-40922,490
S,2024-05-07,005602,426277,351954,123324,183372,743039,-21528,72825,515
S,2024-05-14,005602,446696,365092,112139,178114,752796,20419,13138,513
S,2024-05-21,005602,455999,395870,120057,165039,784815,9303,30778,535
S,2024-05-28,005602,459817,415089,129688,155596,803411,3818,19219,528
S,2024-06-04,005602,479270,407978,128076,180065,835855,19453,-7111,543
S,2024-06-11,005602,466998,394613,132626,188971,809104,-12272,-13365,527
S,2024-06-18,005602,462575,374801,141870,216172,812433,-4423,-19812,539
S,2024-06-25,005602,438467,320223,132269,243448,758183,-24108,-54578,518
S,2024-07-02,005602,463753,333942,123047,245261,786077,25286,13719,504
S,2024-07-09,005602,490906,330224,124357,274507,814807,27153,-3718,520
S,2024-07-16,005602,496310,322900,135252,296755,836293,5404,-7324,518
S,2024-07-23,005602,484008,334772,141415,279838,834895,-12302,11872,528
S,2024-07-30,005602,476166,297209,111578,279478,779994,-7842,-37563,515
S,2024-08-06,005602,484227,311016,111259,270387,786832,8061,13807,513
S,2024-08-13,005602,489829,308650,118322,284045,809131,5602,-2366,533
S,2024-08-20,005602,511626,314172,105737,284630,816088,21797,5522,535
S,2024-08-27,005602,520608,321661,108772,293038,815642,8982,7489,541
S,2024-09-03,005602,538620,354044,111107,273132,828616,18012,32383,537
S,2024-09-10,005602,527198,359035,105764,249995,824157,-11422,4991,543
S,2024-09-17,005602,526047,370409,111373,246011,846003,-1151,11374,539
S,2024-09-24,005602,522610,407211,118946,212377,857319,-3437,36802,557
S,2024-10-01,005602,523270,422422,129529,203226,865375,660,15211,560
S,2024-10-08,005602,528197,444282,144361,195547,882069,4927,21860,576
S,2024-10-15,005602,569890,475740,154755,220134,948228,41693,31458,588
S,2024-10-22,005602,550065,452013,157837,236132,942741,-19825,-23727,599
S,2024-10-29,005602,487281,380289,145891,237951,834791,-62784,-71724,562
S,2024-11-05,005602,486196,378184,151032,240015,845153,-1085,-2105,564
S,2024-11-12,005602,497249,400892,161342,238455,862260,11053,22708,564
S,2024-11-19,005602,524558,415481,168134,254465,902539,27309,14589,548
S,2024-11-26,005602,528329,405104,159925,265862,909831,3771,-10377,562
S,2024-12-03,005602,520431,404778,158897,257381,923030,-7898,-326,553
S,2024-12-10,005602,508774,406221,160946,247162,914773,-11657,1443,554
S,2024-12-17,005602,518263,393231,156034,265363,916280,9489,-12990,557
S,2024-12-24,005602,485851,363566,159460,264378,858415,-32412,-29665,541
S,2024-12-31,005602,461540,365399,161103,231021,810055,-24311,1833,546
SI,2022-01-04,084691,39892,83865,65108,34189,139521,-1494,551,199
SI,2022-01-11,084691,46451,83811,66193,38645,144442,6559,-54,216
SI,2022-01-18,084691,50331,91871,65985,36285,148737,3880,8060,220
SI,2022-01-25,084691,50135,97819,63923,31782,151779,-196,5948,215
SI,2022-02-01,084691,52970,88233,60723,38605,149136,2835,-9586,217
SI,2022-02-08,084691,52943,85514,56905,37606,147379,-27,-2719,209
SI,2022-02-15,084691,56394,92742,56911,33355,156968,3451,7228,208
SI,2022-02-22,084691,55747,99467,58830,28528,163745,-647,6725,203
SI,2022-03-01,084691,51440,108590,71235,26287,157391,-4307,9123,207
SI,2022-03-08,084691,48816,118425,76565,24268,168283,-2624,9835,208
SI,2022-03-15,084691,44324,111903,74044,22490,159571,-4492,-6522,198
SI,2022-03-22,084691,44270,108827,69279,21332,155456,-54,-3076,198
SI,2022-03-29,084691,44589,105961,65917,17677,147370,319,-2866,183
SI,2022-04-05,084691,45922,105958,64936,19902,148526,1333,-3,195
SI,2022-04-12,084691,51139,114829,66356,20370,158813,5217,8871,199
SI,2022-04-19,084691,54719,118007,69088,22659,170577,3580,3178,202
SI,2022-04-26,084691,50176,98959,56782,21376,145538,-4543,-19048,189
SI,2022-05-03,084691,50184,89501,56764,28696,137692,8,-9458,198
SI,2022-05-10,084691,52637,83156,59829,40747,142752,2453,-6345,206
SI,2022-05-17,084691,54287,79128,59857,43743,144534,1650,-4028,202
SI,2022-05-24,084691,56910,80207,58748,44645,146456,2623,1079,191
SI,2022-05-31,084691,56447,80308,55545,41548,147301,-463,101,192
SI,2022-06-07,084691,54707,82697,54899,37495,148294,-1740,2389,198
SI,2022-06-14,084691,60161,82208,57216,43211,151978,5454,-489,204
SI,2022-06-21,084691,54828,82078,54451,36032,145356,-5333,-130,194
SI,2022-06-28,084691,55406,73891,52932,42041,135775,578,-8187,186
SI,2022-07-05,084691,56137,67759,54841,49702,140463,731,-6132,197
SI,2022-07-12,084691,57865,67477,54744,51540,142259,1728,-282,197
SI,2022-07-19,084691,58430,66643,56187,54827,145247,565,-834,201
SI,2022-07-26,084691,62080,64733,54671,59171,147784,3650,-1910,196
SI,2022-08-02,084691,55536,64600,49220,48246,136267,-6544,-133,186
SI,2022-08-09,084691,56876,70450,48864,45985,141093,1340,5850,188
SI,2022-08-16,084691,59753,72204,47851,44343,144314,2877,1754,196
SI,2022-08-23,084691,63429,67748,49151,53651,144357,3676,-4456,199
SI,2022-08-30,084691,58592,58327,49468,57739,138714,-4837,-9421,202
SI,2022-09-06,084691,55823,50768,51714,64498,138300,-2769,-7559,200
SI,2022-09-13,084691,51822,54373,53373,58013,135530,-4001,3605,205
SI,2022-09-20,084691,50661,56290,52323,53963,132107,-1161,1917,206
SI,2022-09-27,084691,48993,55853,49984,49226,129000,-1668,-437,197
SI,2022-10-04,084691,47755,65372,51926,43218,129524,-1238,9519,199
SI,2022-10-11,084691,47603,63206,47939,40550,125623,-152,-2166,194
SI,2022-10-18,084691,50956,60041,51541,50274,136055,3353,-3165,203
SI,2022-10-25,084691,52952,61809,51163,51264,139085,1996,1768,205
SI,2022-11-01,084691,51802,62165,51286,49762,138875,-1150,356,201
SI,2022-11-08,084691,47451,69539,53651,40648,140437,-4351,7374,212
SI,2022-11-15,084691,48393,77817,52692,35085,141623,942,8278,203
SI,2022-11-22,084691,45351,72993,50540,33774,128907,-3042,-4824,199
SI,2022-11-29,084691,46270,75267,48441,30958,121258,919,2274,189
SI,2022-12-06,084691,44757,77019,48954,29746,122558,-1513,1752,198
SI,2022-12-13,084691,44913,80719,51405,28586,125555,156,3700,211
SI,2022-12-20,084691,44388,84697,56164,26402,129278,-525,3978,209
SI,2022-12-27,084691,44044,86961,55870,24843,128467,-344,2264,205
SI,2023-01-03,084691,44229,88440,57801,26867,131990,185,1479,215
SI,2023-01-10,084691,42599,85524,56770,27757,129961,-1630,-2916,206
SI,2023-01-17,084691,42668,88035,57439,25971,131862,69,2511,213
SI,2023-01-24,084691,47359,86820,55595,29911,134922,4691,-1215,212
SI,2023-01-31,084691,47997,88431,54867,27551,138263,638,1611,205
SI,2023-02-07,084691,47750,77429,48121,34590,133601,-247,-11002,206
SI,2023-02-14,084691,48772,74594,46028,34522,132132,1022,-2835,195
SI,2023-02-21,084691,45388,68438,44985,35083,123906,-3384,-6156,195
SI,2023-02-28,084691,47645,60797,44202,44256,123900,2257,-7641,204
SI,2023-03-07,084691,50301,55914,42903,50685,127503,2656,-4883,216
SI,2023-03-14,084691,48543,57780,42227,43446,121772,-1758,1866,195
SI,2023-03-21,084691,48685,61366,41325,37863,119082,142,3586,192
SI,2023-03-28,084691,44970,66845,42254,28893,117395,-3715,5479,191
SI,2023-04-04,084691,44936,76371,50327,29044,131210,-34,9526,208
SI,2023-04-11,084691,47629,83884,55583,31865,142699,2693,7513,210
SI,2023-04-18,084691,51891,90547,62968,36373,158371,4262,6663,216
SI,2023-04-25,084691,45907,87430,66145,35542,149692,-5984,-3117,208
SI,2023-05-02,084691,41363,86537,68219,36267,142538,-4544,-893,212
SI,2023-05-09,084691,41636,87826,69166,36806,145445,273,1289,220
SI,2023-05-16,084691,43026,80093,60440,36625,140139,1390,-7733,200
SI,2023-05-23,084691,42194,77166,56686,34728,135740,-832,-2927,196
SI,2023-05-30,084691,41602,76138,54837,33713,133619,-592,-1028,197
SI,2023-06-06,084691,42785,76850,53149,31674,137871,1183,712,192
SI,2023-06-13,084691,42908,81378,55054,31318,153853,123,4528,200
SI,2023-06-20,084691,45941,82151,52547,32489,152633,3033,773,195
SI,2023-06-27,084691,42723,72050,45983,26931,123491,-3218,-10101,180
SI,2023-07-03,084691,37784,67353,46433,28443,114421,-4939,-4697,182
SI,2023-07-11,084691,38238,69887,51305,31013,120282,454,2534,188
SI,2023-07-18,084691,38710,94693,76420,32558,146863,472,24806,202
SI,2023-07-25,084691,39197,88915,72786,35861,146898,487,-5778,201
SI,2023-08-01,084691,38959,82971,68463,37632,144138,-238,-5944,194
SI,2023-08-08,084691,41636,71985,53781,40457,137631,2677,-10986,205
SI,2023-08-15,084691,47240,70504,50692,42831,138215,5604,-1481,201
SI,2023-08-22,084691,46446,70250,52967,40090,136680,-794,-254,201
SI,2023-08-29,084691,42894,78670,61744,34611,134993,-3552,8420,197
SI,2023-09-05,084691,40052,77760,57558,30754,128279,-2842,-910,196
SI,2023-09-12,084691,40030,72070,52963,34930,125292,-22,-5690,195
SI,2023-09-19,084691,40917,70704,50699,35468,125749,887,-1366,209
SI,2023-09-26,084691,40346,73426,51539,31434,126206,-571,2722,204
SI,2023-10-03,084691,37769,68127,51405,36061,125847,-2577,-5299,211
SI,2023-10-10,084691,39790,66008,50337,38038,126971,2021,-2119,206
SI,2023-10-17,084691,37663,69289,50749,31003,123640,-2127,3281,210
SI,2023-10-24,084691,38321,72891,51860,27528,123980,658,3602,218
SI,2023-10-31,084691,40441,73580,48025,27814,126549,2120,689,201
SI,2023-11-07,084691,42249,72971,47196,28943,131073,1808,-609,209
SI,2023-11-14,084691,45551,77185,50291,27893,134826,3302,4214,213
SI,2023-11-21,084691,43514,84458,53372,25920,134333,-2037,7273,204
SI,2023-11-28,084691,40287,88142,62880,28600,139144,-3227,3684,199
SI,2023-12-05,084691,40974,92988,63241,26938,139753,687,4846,204
SI,2023-12-12,084691,37850,85346,55684,27226,134281,-3124,-7642,199
SI,2023-12-19,084691,36520,85311,52631,22880,127549,-1330,-35,192
SI,2023-12-26,084691,36389,89011,54559,22696,131408,-131,3700,194
SI,2024-01-02,084691,38107,88654,57634,25064,134725,1718,-357,206
SI,2024-01-09,084691,38495,82250,52886,26524,131992,388,-6404,209
SI,2024-01-16,084691,36482,80241,54001,28408,131956,-2013,-2009,219
SI,2024-01-23,084691,41949,76020,53121,35384,138617,5467,-4221,232
SI,2024-01-30,084691,41387,79165,52778,31352,136544,-562,3145,206
SI,2024-02-06,084691,46446,79929,55335,38455,147333,5059,764,219
SI,2024-02-13,084691,47556,77244,56785,44360,152544,1110,-2685,227
SI,2024-02-20,084691,45507,83452,57582,35205,146584,-2049,6208,215
SI,2024-02-27,084691,49112,81560,54546,40047,144382,3605,-1892,216
SI,2024-03-05,084691,42874,87899,58885,30570,141026,-6238,6339,217
SI,2024-03-12,084691,40997,96127,67094,26116,144534,-1877,8228,222
SI,2024-03-19,084691,39876,103893,77632,25197,153154,-1121,7766,227
SI,2024-03-26,084691,42250,107327,80721,29885,160327,2374,3434,214
SI,2024-04-02,084691,42938,110644,83565,30418,166823,688,3317,230
SI,2024-04-09,084691,44362,115637,84826,31614,174397,1424,4993,233
SI,2024-04-16,084691,46442,120470,82415,29056,175784,2080,4833,227
SI,2024-04-23,084691,43245,120654,86178,26838,175740,-3197,184,237
SI,2024-04-30,084691,40745,115941,83094,28600,166315,-2500,-4713,223
SI,2024-05-07,084691,39225,113640,81650,27998,161868,-1520,-2301,230
SI,2024-05-14,084691,41532,122954,87936,28475,171371,2307,9314,239
SI,2024-05-21,084691,47423,130517,94141,34497,186945,5891,7563,263
SI,2024-05-28,084691,45930,127002,91730,34547,184846,-1493,-3515,251
SI,2024-06-04,084691,41280,122800,88604,32201,179854,-4650,-4202,238
SI,2024-06-11,084691,42496,120833,84193,32501,176036,1216,-1967,220
SI,2024-06-18,084691,43591,122193,81859,29958,176605,1095,1360,230
SI,2024-06-25,084691,39375,120093,81366,25388,166470,-4216,-2100,225
SI,2024-07-02,084691,33532,113487,79771,23937,154724,-5843,-6606,215
SI,2024-07-09,084691,33496,118286,84351,23295,163245,-36,4799,223
SI,2024-07-16,084691,33181,116916,85005,24840,166641,-315,-1370,231
SI,2024-07-23,084691,34503,108319,75473,24093,157106,1322,-8597,229
SI,2024-07-30,084691,33703,104073,67416,18355,151437,-800,-4246,214
SI,2024-08-06,084691,34304,103935,64574,15493,147537,601,-138,211
SI,2024-08-13,084691,38079,104855,61458,16169,147859,3775,920,207
SI,2024-08-20,084691,35699,106927,63930,14606,146986,-2380,2072,214
SI,2024-08-27,084691,36444,108584,65715,13529,141613,745,1657,206
SI,2024-09-03,084691,30538,95067,64099,18040,130928,-5906,-13517,201
SI,2024-09-10,084691,30386,92472,61649,16907,128959,-152,-2595,198
SI,2024-09-17,084691,28131,105437,74978,16680,140605,-2255,12965,214
SI,2024-09-24,084691,29339,111171,81029,18831,150071,1208,5734,231
SI,2024-10-01,084691,29018,108238,75588,18664,144757,-321,-2933,217
SI,2024-10-08,084691,29717,106432,72113,17398,142839,699,-1806,222
SI,2024-10-15,084691,29913,105671,70024,15992,141898,196,-761,211
SI,2024-10-22,084691,29291,114649,82139,15784,157264,-622,8978,237
SI,2024-10-29,084691,30224,112436,79649,19218,156320,933,-2213,231
SI,2024-11-05,084691,30347,104590,73980,20634,151126,123,-7846,227
SI,2024-11-12,084691,33197,100604,68951,21309,147526,2850,-3986,218
SI,2024-11-19,084691,34466,99547,65939,19616,141287,1269,-1057,215
SI,2024-11-26,084691,33100,94258,63076,20293,134590,-1366,-5289,197
SI,2024-12-03,084691,32688,94707,64285,21025,134074,-412,449,198
SI,2024-12-10,084691,36376,96219,72515,31350,151096,3688,1512,216
SI,2024-12-17,084691,35135,92645,68183,27919,146938,-1241,-3574,195
SI,2024-12-24,084691,35192,90213,67851,27688,145618,57,-2432,190
SI,2024-12-31,084691,36850,89257,67007,29118,151013,1658,-956,185
W,2022-01-04,001602,142158,135922,102552,98472,359139,2162,-2506,330
W,2022-01-11,001602,152998,140887,100415,101881,369218,10840,4965,336
W,2022-01-18,001602,155144,149984,106763,101923,378456,2146,9097,342
W,2022-01-25,001602,152603,156128,109676,98015,390266,-2541,6144,349
W,2022-02-01,001602,149988,144888,105427,105077,391162,-2615,-11240,360
W,2022-02-08,001602,152212,144240,103885,107463,385172,2224,-648,352
W,2022-02-15,001602,156858,146845,106622,112468,402232,4646,2605,356
W,2022-02-22,001602,154648,144019,97675,101577,379308,-2210,-2826,341
W,2022-03-01,001602,157102,156799,104934,98491,372124,2454,12780,342
W,2022-03-08,001602,148158,153654,113208,100583,342996,-8944,-3145,334
W,2022-03-15,001602,147417,152669,110614,99684,339904,-741,-985,316
W,2022-03-22,001602,145144,152174,113410,103920,345345,-2273,-495,318
W,2022-03-29,001602,138288,147723,112940,99381,341224,-6856,-4451,316
W,2022-04-05,001602,131605,146937,114287,94336,344615,-6683,-786,311
W,2022-04-12,001602,125657,146915,119566,95680,338271,-5948,-22,324
W,2022-04-19,001602,126766,147191,121339,98094,337038,1109,276,332
W,2022-04-26,001602,127445,144837,112606,90956,325594,679,-2354,325
W,2022-05-03,001602,124006,138231,111438,91426,319233,-3439,-6606,328
W,2022-05-10,001602,120631,138410,111546,89860,308326,-3375,179,328
W,2022-05-17,001602,120341,146361,121593,92787,326651,-290,7951,332
W,2022-05-24,001602,115722,140061,118170,91826,326607,-4619,-6300,334
W,2022-05-31,001602,117565,136212,113964,91655,331136,1843,-3849,338
W,2022-06-07,001602,116146,136009,109678,85797,333705,-1419,-203,325
W,2022-06-14,001602,128087,146176,105566,85131,336890,11941,10167,337
W,2022-06-21,001602,125399,140806,102924,83857,320326,-2688,-5370,326
W,2022-06-28,001602,118839,120710,89989,82310,291041,-6560,-20096,298
W,2022-07-05,001602,121006,120383,87094,78710,288754,2167,-327,296
W,2022-07-12,001602,122406,117365,84206,79567,288182,1400,-3018,293
W,2022-07-19,001602,118634,115461,91557,85035,292700,-3772,-1904,293
W,2022-07-26,001602,122221,114153,88400,88375,301674,3587,-1308,299
W,2022-08-02,001602,127784,116896,95807,96532,316244,5563,2743,304
W,2022-08-09,001602,125605,115666,96022,99448,320767,-2179,-1230,302
W,2022-08-16,001602,126007,118559,95452,97360,313237,402,2893,303
W,2022-08-23,001602,130606,118263,93027,101283,320495,4599,-296,318
W,2022-08-30,001602,119733,104819,89300,100799,288545,-10873,-13444,318
W,2022-09-06,001602,121265,107588,88611,98370,289329,1532,2769,315
W,2022-09-13,001602,119219,106242,88091,96219,287046,-2046,-1346,315
W,2022-09-20,001602,113055,103073,88644,92673,285567,-6164,-3169,315
W,2022-09-27,001602,118360,113685,87885,85150,290771,5305,10612,301
W,2022-10-04,001602,121472,119571,83334,77710,291614,3112,5886,302
W,2022-10-11,001602,126068,117363,84943,86933,307901,4596,-2208,302
W,2022-10-18,001602,125771,115237,86038,89579,309429,-297,-2126,307
W,2022-10-25,001602,134862,114966,86299,99212,324137,9091,-271,314
W,2022-11-01,001602,134777,112284,91164,106930,333061,-85,-2682,313
W,2022-11-08,001602,135610,111924,94154,111368,350843,833,-360,324
W,2022-11-15,001602,138565,109255,90194,112675,350091,2955,-2669,311
W,2022-11-22,001602,140968,110386,94207,121725,352395,2403,1131,318
W,2022-11-29,001602,130938,93914,87807,121112,310667,-10030,-16472,313
W,2022-12-06,001602,135857,93037,95846,135743,334760,4919,-877,323
W,2022-12-13,001602,137316,94422,94335,134253,335354,1459,1385,327
W,2022-12-20,001602,134282,93183,90410,127394,332182,-3034,-1239,321
W,2022-12-27,001602,138319,97664,85838,122127,331562,4037,4481,318
W,2023-01-03,001602,141962,104326,84689,116980,331577,3643,6662,308
W,2023-01-10,001602,140763,97234,87085,126801,334538,-1199,-7092,322
W,2023-01-17,001602,141956,96695,86569,128583,340830,1193,-539,340
W,2023-01-24,001602,142422,91999,88787,137107,350331,466,-4696,342
W,2023-01-31,001602,134236,92672,89996,130056,350871,-8186,673,339
W,2023-02-07,001602,140063,91148,89854,136153,358162,5827,-1524,345
W,2023-02-14,001602,137429,99342,94911,129035,370508,-2634,8194,351
W,2023-02-21,001602,140224,92672,92453,139941,359360,2795,-6670,341
W,2023-02-28,001602,136414,70285,92950,159712,341154,-3810,-22387,335
W,2023-03-07,001602,142659,71576,103980,177245,360791,6245,1291,342
W,2023-03-14,001602,139342,74288,109717,175031,374674,-3317,2712,344
W,2023-03-21,001602,133069,73744,105293,164496,370297,-6273,-544,336
W,2023-03-28,001602,132616,72292,101707,162252,373926,-453,-1452,351
W,2023-04-04,001602,129015,74151,99290,160089,375999,-3601,1859,356
W,2023-04-11,001602,134826,72508,109545,176227,391899,5811,-1643,348
W,2023-04-18,001602,143559,78316,105806,176342,378531,8733,5808,341
W,2023-04-25,001602,137977,62608,101941,185129,366390,-5582,-15708,346
W,2023-05-02,001602,141257,57887,109253,199456,373634,3280,-4721,353
W,2023-05-09,001602,140058,59435,107215,191990,367130,-1199,1548,353
W,2023-05-16,001602,138443,62645,110674,192086,372181,-1615,3210,353
W,2023-05-23,001602,141282,60696,112390,198709,379453,2839,-1949,356
W,2023-05-30,001602,154656,65809,107338,201334,395158,13374,5113,353
W,2023-06-06,001602,158400,73036,106834,197518,405201,3744,7227,347
W,2023-06-13,001602,149603,69027,104344,191171,382620,-8797,-4009,336
W,2023-06-20,001602,136416,72554,98146,164510,353865,-13187,3527,318
W,2023-06-27,001602,125549,74257,82026,129203,299609,-10867,1703,310
W,2023-07-03,001602,123400,72347,83554,129018,297933,-2149,-1910,314
W,2023-07-11,001602,121935,76429,82746,123157,297146,-1465,4082,314
W,2023-07-18,001602,119240,76205,85918,124621,303407,-2695,-224,316
W,2023-07-25,001602,121245,93844,90416,110971,311339,2005,17639,328
W,2023-08-01,001602,125442,93562,98329,124406,324589,4197,-282,329
W,2023-08-08,001602,127107,101529,105903,128697,343982,1665,7967,335
W,2023-08-15,001602,137515,103602,110356,142231,374839,10408,2073,353
W,2023-08-22,001602,135137,101359,111767,146558,385630,-2378,-2243,352
W,2023-08-29,001602,130515,80313,103135,153392,357990,-4622,-21046,352
W,2023-09-05,001602,130578,86418,109981,156391,376770,63,6105,370
W,2023-09-12,001602,133152,86631,114277,163896,391669,2574,213,373
W,2023-09-19,001602,132640,82174,121293,178230,403737,-512,-4457,379
W,2023-09-26,001602,139031,84030,120641,180655,415761,6391,1856,385
W,2023-10-03,001602,144907,86665,122733,184080,429333,5876,2635,376
W,2023-10-10,001602,146376,82559,118438,186132,426659,1469,-4106,370
W,2023-10-17,001602,152043,86502,118785,188028,431791,5667,3943,374
W,2023-10-24,001602,150412,93434,121807,181754,435685,-1631,6932,368
W,2023-10-31,001602,157363,88770,122955,192522,460210,6951,-4664,378
W,2023-11-07,001602,142156,81602,132952,192563,453312,-15207,-7168,371
W,2023-11-14,001602,140853,82054,128375,187413,436959,-1303,452,363
W,2023-11-21,001602,153562,77407,129115,206646,446260,12709,-4647,366
W,2023-11-28,001602,164692,66047,114707,211911,411837,11130,-11360,357
W,2023-12-05,001602,162290,89719,119965,187032,405309,-2402,23672,338
W,2023-12-12,001602,135276,86733,108383,148404,347460,-27014,-2986,319
W,2023-12-19,001602,136871,93632,100066,137059,351349,1595,6899,334
W,2023-12-26,001602,134541,96017,104226,135637,362050,-2330,2385,327
W,2024-01-02,001602,138351,97575,108299,141916,366307,3810,1558,345
W,2024-01-09,001602,138560,96128,107680,141070,373687,209,-1447,342
W,2024-01-16,001602,153035,98971,109221,155832,400325,14475,2843,355
W,2024-01-23,001602,150290,100961,109590,152372,409879,-2745,1990,355
W,2024-01-30,001602,149787,105947,118028,154483,409982,-503,4986,350
W,2024-02-06,001602,152547,109373,121345,159629,419546,2760,3426,360
W,2024-02-13,001602,143969,110209,124909,153916,396009,-8578,836,354
W,2024-02-20,001602,145807,96201,124169,168808,396470,1838,-14008,346
W,2024-02-27,001602,137340,96584,123166,160147,373389,-8467,383,329
W,2024-03-05,001602,144749,97577,129723,174511,401311,7409,993,359
W,2024-03-12,001602,143984,88204,120577,174346,396389,-765,-9373,331
W,2024-03-19,001602,146951,89056,119628,175688,407696,2967,852,330
W,2024-03-26,001602,148965,87281,118733,180455,410277,2014,-1775,335
W,2024-04-02,001602,147382,87627,119394,179651,416265,-1583,346,327
W,2024-04-09,001602,137049,83925,119333,171730,398356,-10333,-3702,321
W,2024-04-16,001602,141027,79441,118774,181671,391304,3978,-4484,332
W,2024-04-23,001602,135439,90200,123697,167088,375644,-5588,10759,332
W,2024-04-30,001602,132764,100202,120889,145345,362572,-2675,10002,323
W,2024-05-07,001602,135193,108188,122686,140471,369477,2429,7986,330
W,2024-05-14,001602,141475,127316,132484,137899,394780,6282,19128,334
W,2024-05-21,001602,140383,120650,130514,143036,405252,-1092,-6666,350
W,2024-05-28,001602,154247,133039,127585,141978,427563,13864,12389,359
W,2024-06-04,001602,163904,138359,121898,140019,434569,9657,5320,366
W,2024-06-11,001602,152969,124296,111810,136836,395778,-10935,-14063,359
W,2024-06-18,001602,162386,130263,117489,144059,401736,9417,5967,355
W,2024-06-25,001602,164798,118241,119255,163787,401751,2412,-12022,363
W,2024-07-02,001602,156262,112330,130176,168866,402777,-8536,-5911,375
W,2024-07-09,001602,158097,118232,131162,165948,411906,1835,5902,381
W,2024-07-16,001602,162861,120546,127750,163817,413885,4764,2314,379
W,2024-07-23,001602,160205,119369,130610,165225,421227,-2656,-1177,380
W,2024-07-30,001602,173070,124477,128652,171910,432863,12865,5108,398
W,2024-08-06,001602,167818,120871,122142,162527,431547,-5252,-3606,393
W,2024-08-13,001602,147937,104420,125365,164270,401604,-19881,-16451,391
W,2024-08-20,001602,140441,109081,134387,160093,414351,-7496,4661,386
W,2024-08-27,001602,138475,102561,139525,172206,393876,-1966,-6520,365
W,2024-09-03,001602,134830,101431,134551,162293,380526,-3645,-1130,365
W,2024-09-10,001602,129884,105604,126513,142816,360092,-4946,4173,354
W,2024-09-17,001602,124609,104230,124164,138353,351043,-5275,-1374,353
W,2024-09-24,001602,128935,111781,121819,133909,361387,4326,7551,351
W,2024-10-01,001602,133104,121190,122327,128459,378936,4169,9409,360
W,2024-10-08,001602,139482,119738,111760,125258,394347,6378,-1452,362
W,2024-10-15,001602,146209,127776,108406,122120,398544,6727,8038,358
W,2024-10-22,001602,154918,132455,111145,128227,410803,8709,4679,364
W,2024-10-29,001602,161596,129996,106934,129825,415888,6678,-2459,358
W,2024-11-05,001602,168876,138762,104711,127252,443288,7280,8766,366
W,2024-11-12,001602,176335,129226,105967,144496,446947,7459,-9536,370
W,2024-11-19,001602,173884,120161,116397,162436,448073,-2451,-9065,366
W,2024-11-26,001602,154808,96375,119626,171818,413395,-19076,-23786,356
W,2024-12-03,001602,162383,96048,125216,186753,423678,7575,-327,369
W,2024-12-10,001602,165145,100863,126404,185694,425812,2762,4815,376
W,2024-12-17,001602,173934,92989,126968,206308,444238,8789,-7874,380
W,2024-12-24,001602,174426,89468,132043,219309,460438,492,-3521,380
W,2024-12-31,001602,164227,89594,136258,212722,460417,-10199,126,372
ZB,2022-01-04,020601,858118,830857,144496,194046,1210353,7547,-30368,183
ZB,2022-01-11,020601,873843,804171,147857,212895,1214729,15725,-26686,189
ZB,2022-01-18,020601,891364,831327,133654,181150,1219356,17521,27156,192
ZB,2022-01-25,020601,897501,823220,104960,169055,1193450,6137,-8107,178
ZB,2022-02-01,020601,890253,832756,116194,152742,1195554,-7248,9536,183
ZB,2022-02-08,020601,891085,837724,111888,144913,1186568,832,4968,185
ZB,2022-02-15,020601,902892,859982,133138,157983,1239190,11807,22258,186
ZB,2022-02-22,020601,891876,848607,130266,145004,1223515,-11016,-11375,180
ZB,2022-03-01,020601,810886,782067,120945,125474,1113867,-80990,-66540,180
ZB,2022-03-08,020601,797310,825917,132656,85288,1114679,-13576,43850,172
ZB,2022-03-15,020601,805967,835719,125767,81529,1118301,8657,9802,177
ZB,2022-03-22,020601,819658,825052,109965,77414,1128229,13691,-10667,179
ZB,2022-03-29,020601,810834,813957,100986,84985,1109506,-8824,-11095,176
ZB,2022-04-05,020601,821894,813314,93255,92052,1121354,11060,-643,175
ZB,2022-04-12,020601,822662,810231,99323,104486,1114496,768,-3083,182
ZB,2022-04-19,020601,830158,808639,106959,118197,1125617,7496,-1592,184
ZB,2022-04-26,020601,842990,844701,123625,103526,1148457,12832,36062,179
ZB,2022-05-03,020601,864328,859260,130124,116613,1187151,21338,14559,187
ZB,2022-05-10,020601,870932,875923,131916,116463,1207560,6604,16663,188
ZB,2022-05-17,020601,902140,916715,146002,113995,1244823,31208,40792,189
ZB,2022-05-24,020601,922729,933953,141452,112950,1267244,20589,17238,169
ZB,2022-05-31,020601,920309,918682,120014,100253,1212023,-2420,-15271,174
ZB,2022-06-07,020601,892073,897706,112838,107875,1193131,-28236,-20976,175
ZB,2022-06-14,020601,912867,868997,102957,132357,1188806,20794,-28709,184
ZB,2022-06-21,020601,907963,870042,99282,118604,1177791,-4904,1045,181
ZB,2022-06-28,020601,931822,894799,80552,118805,1182840,23859,24757,176
ZB,2022-07-05,020601,924975,902947,96356,124029,1192980,-6847,8148,181
ZB,2022-07-12,020601,907260,898956,97335,120553,1174643,-17715,-3991,183
ZB,2022-07-19,020601,920782,897778,90183,132285,1182312,13522,-1178,181
ZB,2022-07-26,020601,922508,893612,83344,129989,1183499,1726,-4166,174
ZB,2022-08-02,020601,915066,871743,83261,139314,1172815,-7442,-21869,175
ZB,2022-08-09,020601,896500,873096,87700,135286,1160709,-18566,1353,180
ZB,2022-08-16,020601,896481,875274,88791,136116,1167915,-19,2178,179
ZB,2022-08-23,020601,893201,871063,93696,144827,1202323,-3280,-4211,168
ZB,2022-08-30,020601,903487,862698,78532,147366,1233302,10286,-8365,171
ZB,2022-09-06,020601,920966,856792,72558,157775,1209340,17479,-5906,179
ZB,2022-09-13,020601,937965,871437,73918,168889,1225024,16999,14645,183
ZB,2022-09-20,020601,952947,873989,76399,175938,1235652,14982,2552,182
ZB,2022-09-27,020601,950661,882393,71317,167869,1213680,-2286,8404,186
ZB,2022-10-04,020601,962935,877645,73897,177420,1207982,12274,-4748,189
ZB,2022-10-11,020601,951230,895073,81465,165257,1211229,-11705,17428,189
ZB,2022-10-18,020601,951261,898113,78416,164755,1219645,31,3040,189
ZB,2022-10-25,020601,954865,906961,84406,160965,1223914,3604,8848,196
ZB,2022-11-01,020601,945230,880324,67408,162713,1193687,-9635,-26637,193
ZB,2022-11-08,020601,948677,890421,68339,159064,1207905,3447,10097,197
ZB,2022-11-15,020601,951931,873186,57233,154914,1199687,3254,-17235,191
ZB,2022-11-22,020601,949092,903627,60382,150866,1232357,-2839,30441,188
ZB,2022-11-29,020601,943291,876440,47371,151288,1197681,-5801,-27187,179
ZB,2022-12-06,020601,930571,839871,55349,170710,1170663,-12720,-36569,184
ZB,2022-12-13,020601,938513,862247,60004,176742,1185521,7942,22376,188
ZB,2022-12-20,020601,946669,840027,69607,210944,1198678,8156,-22220,191
ZB,2022-12-27,020601,951245,836451,64270,215334,1198737,4576,-3576,190
ZB,2023-01-03,020601,962504,819828,54314,223572,1198425,11259,-16623,186
ZB,2023-01-10,020601,935742,806008,66962,224347,1184966,-26762,-13820,190
ZB,2023-01-17,020601,994046,823114,51842,244235,1222141,58304,17106,189
ZB,2023-01-24,020601,1000159,844449,51463,247279,1235758,6113,21335,188
ZB,2023-01-31,020601,984869,812034,58575,257651,1226430,-15290,-32415,186
ZB,2023-02-07,020601,957741,812651,63902,244905,1206862,-27128,617,183
ZB,2023-02-14,020601,972699,807607,71704,256924,1232205,14958,-5044,189
ZB,2023-02-21,020601,971509,846224,86475,241291,1307317,-1190,38617,187
ZB,2023-02-28,020601,953983,796573,67683,244417,1211107,-17526,-49651,185
ZB,2023-03-07,020601,961539,803559,72611,245798,1220465,7556,6986,191
ZB,2023-03-14,020601,961460,850302,69002,218994,1209123,-79,46743,192
ZB,2023-03-21,020601,959632,916015,102678,202091,1235097,-1828,65713,199
ZB,2023-03-28,020601,920469,898783,105219,196618,1201699,-39163,-17232,190
ZB,2023-04-04,020601,944657,862376,78208,207854,1193583,24188,-36407,188
ZB,2023-04-11,020601,932461,862953,69855,202439,1179823,-12196,577,191
ZB,2023-04-18,020601,936757,890522,69031,185959,1185802,4296,27569,190
ZB,2023-04-25,020601,929608,902910,81222,178590,1193358,-7149,12388,188
ZB,2023-05-02,020601,919576,898370,76785,166199,1186143,-10032,-4540,182
ZB,2023-05-09,020601,913035,910680,76938,150067,1189414,-6541,12310,185
ZB,2023-05-16,020601,941115,941430,91193,152774,1236267,28080,30750,188
ZB,2023-05-23,020601,966329,962633,112271,155507,1299274,25214,21203,187
ZB,2023-05-30,020601,938620,926341,108088,168001,1280460,-27709,-36292,173
ZB,2023-06-06,020601,943943,902081,102025,184951,1249240,5323,-24260,178
ZB,2023-06-13,020601,953407,892829,90773,190520,1236784,9464,-9252,177
ZB,2023-06-20,020601,952842,886349,89659,191960,1233359,-565,-6480,180
ZB,2023-06-27,020601,965850,892851,78629,193877,1229154,13008,6502,180
ZB,2023-07-03,020601,985219,878477,70648,210577,1242918,19369,-14374,179
ZB,2023-07-11,020601,981658,879980,78154,209138,1251592,-3561,1503,189
ZB,2023-07-18,020601,978891,875992,79100,222394,1248006,-2767,-3988,187
ZB,2023-07-25,020601,976934,881695,80250,226094,1254582,-1957,5703,180
ZB,2023-08-01,020601,1011547,858972,83667,270343,1293818,34613,-22723,194
ZB,2023-08-08,020601,1024818,869702,77132,276687,1333067,13271,10730,198
ZB,2023-08-15,020601,1040666,902963,94337,271071,1370326,15848,33261,194
ZB,2023-08-22,020601,1046601,909082,108250,287711,1431389,5935,6119,206
ZB,2023-08-29,020601,1026706,873485,86430,277030,1339364,-19895,-35597,197
ZB,2023-09-05,020601,1053899,901482,83153,281445,1343057,27193,27997,209
ZB,2023-09-12,020601,1056184,903521,79656,272343,1339675,2285,2039,208
ZB,2023-09-19,020601,1093591,936479,74323,275430,1363478,37407,32958,214
ZB,2023-09-26,020601,1113332,944314,74134,306945,1405064,19741,7835,214
ZB,2023-10-03,020601,1130603,920300,79998,319644,1409347,17271,-24014,222
ZB,2023-10-10,020601,1107587,936195,81838,288284,1390870,-23016,15895,222
ZB,2023-10-17,020601,1095692,956306,77890,260346,1386678,-11895,20111,226
ZB,2023-10-24,020601,1051787,959664,93736,229974,1366758,-43905,3358,226
ZB,2023-10-31,020601,1049386,948149,100784,256165,1377938,-2401,-11515,217
ZB,2023-11-07,020601,1033523,957516,108100,238898,1362012,-15863,9367,219
ZB,2023-11-14,020601,1019283,954529,109797,238536,1354137,-14240,-2987,208
ZB,2023-11-21,020601,1004995,953746,119860,219843,1382150,-14288,-783,208
ZB,2023-11-28,020601,980494,928921,107866,210042,1308135,-24501,-24825,195
ZB,2023-12-05,020601,989196,906344,111684,241763,1299431,8702,-22577,206
ZB,2023-12-12,020601,996728,896153,121982,258241,1308164,7532,-10191,202
ZB,2023-12-19,020601,1016546,917492,141617,279623,1362215,19818,21339,206
ZB,2023-12-26,020601,1026432,931942,155392,298935,1379332,9886,14450,198
ZB,2024-01-02,020601,1056154,968733,172932,313557,1427734,29722,36791,203
ZB,2024-01-09,020601,1068735,972584,178714,334466,1452040,12581,3851,209
ZB,2024-01-16,020601,1056607,986461,181558,309310,1442368,-12128,13877,211
ZB,2024-01-23,020601,1054016,983760,176767,305778,1443490,-2591,-2701,207
ZB,2024-01-30,020601,1031332,954706,174607,312109,1426560,-22684,-29054,201
ZB,2024-02-06,020601,1038622,954646,172188,314974,1433426,7290,-60,200
ZB,2024-02-13,020601,1029694,970631,185581,298952,1434869,-8928,15985,208
ZB,2024-02-20,020601,1008905,965006,185825,280619,1417135,-20789,-5625,205
ZB,2024-02-27,020601,1015447,1048829,237978,252016,1534097,6542,83823,205
ZB,2024-03-05,020601,1004408,1005231,230445,288481,1492384,-11039,-43598,208
ZB,2024-03-12,020601,1043932,1045249,231115,285648,1498123,39524,40018,212
ZB,2024-03-19,020601,1034162,1054133,242086,264540,1491051,-9770,8884,211
ZB,2024-03-26,020601,1045123,1081866,235484,256069,1510518,10961,27733,205
ZB,2024-04-02,020601,1065632,1050725,235043,290733,1526420,20509,-31141,215
ZB,2024-04-09,020601,1092218,1047403,228657,303847,1527150,26586,-3322,220
ZB,2024-04-16,020601,1077192,1101786,257665,273429,1546276,-15026,54383,224
ZB,2024-04-23,020601,1086997,1101332,252737,273908,1549779,9805,-454,221
ZB,2024-04-30,020601,1105551,1110158,258380,281494,1573888,18554,8826,215
ZB,2024-05-07,020601,1116846,1131736,267918,292587,1604531,11295,21578,218
ZB,2024-05-14,020601,1116694,1162998,271919,267632,1630082,-152,31262,221
ZB,2024-05-21,020601,1125981,1185137,279564,265388,1760039,9287,22139,220
ZB,2024-05-28,020601,1131701,1210499,278502,234666,1695196,5720,25362,212
ZB,2024-06-04,020601,1126050,1162309,288078,303568,1643723,-5651,-48190,216
ZB,2024-06-11,020601,1130362,1169799,285394,297305,1635945,4312,7490,221
ZB,2024-06-18,020601,1134429,1165234,301229,334566,1656407,4067,-4565,223
ZB,2024-06-25,020601,1136639,1159105,282898,333896,1646057,2210,-6129,219
ZB,2024-07-02,020601,1147950,1180650,318156,339762,1686638,11311,21545,225
ZB,2024-07-09,020601,1138051,1170440,304975,339396,1672882,-9899,-10210,222
ZB,2024-07-16,020601,1153768,1179234,307574,354724,1698808,15717,8794,231
ZB,2024-07-23,020601,1139587,1159190,301464,365623,1687887,-14181,-20044,228
ZB,2024-07-30,020601,1133218,1178380,325275,371194,1698988,-6369,19190,227
ZB,2024-08-06,020601,1169182,1205354,339271,397126,1764559,35964,26974,224
ZB,2024-08-13,020601,1110611,1184314,347997,374327,1735131,-58571,-21040,222
ZB,2024-08-20,020601,1123590,1185935,349758,383253,1781757,12979,1621,225
ZB,2024-08-27,020601,1132220,1215091,347170,361404,1782638,8630,29156,220
ZB,2024-09-03,020601,1092273,1177805,350527,383571,1732923,-39947,-37286,220
ZB,2024-09-10,020601,1124907,1166217,353380,417610,1728586,32634,-11588,227
ZB,2024-09-17,020601,1142280,1145222,358317,468028,1757650,17373,-20995,222
ZB,2024-09-24,020601,1143670,1103824,353820,506402,1755961,1390,-41398,217
ZB,2024-10-01,020601,1131144,1143253,358613,455191,1752653,-12526,39429,215
ZB,2024-10-08,020601,1148669,1174055,362540,438715,1764064,17525,30802,222
ZB,2024-10-15,020601,1148257,1178330,388158,448336,1782171,-412,4275,226
ZB,2024-10-22,020601,1131940,1150446,390276,464113,1770150,-16317,-27884,235
ZB,2024-10-29,020601,1159696,1192775,417193,472010,1827927,27756,42329,238
ZB,2024-11-05,020601,1182686,1219249,427232,464983,1878905,22990,26474,237
ZB,2024-11-12,020601,1230934,1247017,425158,466926,1933281,48248,27768,239
ZB,2024-11-19,020601,1226901,1262994,430752,466397,2060744,-4033,15977,238
ZB,2024-11-26,020601,1175204,1200814,420522,467936,1858990,-51697,-62180,225
ZB,2024-12-03,020601,1217310,1228443,408017,466792,1857562,42106,27629,230
ZB,2024-12-10,020601,1221804,1253293,410909,450402,1862376,4494,24850,229
ZB,2024-12-17,020601,1224408,1258605,407771,454074,1862228,2604,5312,237
ZB,2024-12-24,020601,1245258,1272639,418272,444614,1879994,20850,14034,233
ZB,2024-12-31,020601,1255062,1274692,433673,468538,1914824,9804,2053,237
ZF,2022-01-04,044601,3082881,2421248,255298,658173,3702047,76790,-41301,352
ZF,2022-01-11,044601,3129134,2568936,314572,614229,3830246,46253,147688,373
ZF,2022-01-18,044601,3107310,2628122,352444,569618,3826115,-21824,59186,368
ZF,2022-01-25,044601,3162224,2760817,429836,570293,3979852,54914,132695,362
ZF,2022-02-01,044601,3168640,2761762,474899,595423,4019069,6416,945,355
ZF,2022-02-08,044601,3164451,2793338,454870,587249,4020579,-4189,31576,358
ZF,2022-02-15,044601,3244990,2826100,436662,628077,4084291,80539,32762,353
ZF,2022-02-22,044601,3360252,2876877,314612,661848,4295789,115262,50777,338
ZF,2022-03-01,044601,3163442,2457006,275611,749650,3807232,-196810,-419871,332
ZF,2022-03-08,044601,3194985,2483496,308793,760934,3845499,31543,26490,334
ZF,2022-03-15,044601,3125740,2535642,335536,682838,3796317,-69245,52146,342
ZF,2022-03-22,044601,3081019,2536636,342471,638809,3774450,-44721,994,351
ZF,2022-03-29,044601,3101800,2502936,309236,670626,3756307,20781,-33700,343
ZF,2022-04-05,044601,3076894,2523565,355925,693974,3793072,-24906,20629,355
ZF,2022-04-12,044601,3159743,2616231,356160,690919,3862248,82849,92666,359
ZF,2022-04-19,044601,3110695,2612719,356481,645351,3814466,-49048,-3512,363
ZF,2022-04-26,044601,3159875,2678670,299963,574112,3795224,49180,65951,346
ZF,2022-05-03,044601,3178614,2668894,293082,612018,3818836,18739,-9776,348
ZF,2022-05-10,044601,3167247,2664864,291527,617201,3813677,-11367,-4030,349
ZF,2022-05-17,044601,3074092,2656463,298615,558839,3791540,-93155,-8401,350
ZF,2022-05-24,044601,3093412,2801364,405475,526002,4011412,19320,144901,333
ZF,2022-05-31,044601,3096723,2729368,348119,565907,3804715,3311,-71996,326
ZF,2022-06-07,044601,3061190,2651727,359715,582262,3784732,-35533,-77641,325
ZF,2022-06-14,044601,3141449,2768768,374601,565672,3889422,80259,117041,336
ZF,2022-06-21,044601,3119594,2830101,373807,477898,3854228,-21855,61333,334
ZF,2022-06-28,044601,3293540,2920109,330759,533423,3962280,173946,90008,322
ZF,2022-07-05,044601,3368874,2963921,280011,534464,4013995,75334,43812,324
ZF,2022-07-12,044601,3340256,2921522,274551,565674,3968034,-28618,-42399,324
ZF,2022-07-19,044601,3302273,2901343,284416,542431,3916097,-37983,-20179,331
ZF,2022-07-26,044601,3348396,2898527,314696,629869,3988929,46123,-2816,330
ZF,2022-08-02,044601,3232238,2801582,327896,663841,3935263,-116158,-96945,331
ZF,2022-08-09,044601,3249286,2768020,298631,649634,3901253,17048,-33562,340
ZF,2022-08-16,044601,3402691,2781223,265741,733116,4066730,153405,13203,337
ZF,2022-08-23,044601,3404183,2767870,286071,789596,4125880,1492,-13353,344
ZF,2022-08-30,044601,3395892,2701511,227425,792881,4037085,-8291,-66359,328
ZF,2022-09-06,044601,3375543,2716194,264384,770275,4009309,-20349,14683,325
ZF,2022-09-13,044601,3365483,2688534,276668,798127,3982527,-10060,-27660,329
ZF,2022-09-20,044601,3366448,2726720,266452,760256,3974321,965,38186,339
ZF,2022-09-27,044601,3365684,2798196,286492,728458,3999390,-764,71476,345
ZF,2022-10-04,044601,3425691,2800518,234418,717450,3995725,60007,2322,337
ZF,2022-10-11,044601,3456189,2854504,243772,727692,4040583,30498,53986,340
ZF,2022-10-18,044601,3434617,2847778,219782,707359,4000027,-21572,-6726,350
ZF,2022-10-25,044601,3479211,2933054,239313,701058,4087748,44594,85276,349
ZF,2022-11-01,044601,3559701,2929804,213179,750166,4140760,80490,-3250,345
ZF,2022-11-08,044601,3588425,2976079,305068,804523,4281320,28724,46275,357
ZF,2022-11-15,044601,3632210,3000003,309373,856991,4333912,43785,23924,349
ZF,2022-11-22,044601,3543063,2942502,334470,858124,4326518,-89147,-57501,341
ZF,2022-11-29,044601,3544108,2925586,316986,846335,4303419,1045,-16916,335
ZF,2022-12-06,044601,3537413,2767189,229001,887607,4130322,-6695,-158397,334
ZF,2022-12-13,044601,3519766,2745744,241345,932882,4114021,-17647,-21445,335
ZF,2022-12-20,044601,3538409,2820469,240592,903186,4144602,18643,74725,339
ZF,2022-12-27,044601,3531662,2807433,239019,894547,4134572,-6747,-13036,328
ZF,2023-01-03,044601,3553482,2844424,290221,943140,4213262,21820,36991,342
ZF,2023-01-10,044601,3471933,2814289,235968,859119,4095328,-81549,-30135,351
ZF,2023-01-17,044601,3538627,2849054,220650,901305,4159392,66694,34765,360
ZF,2023-01-24,044601,3489305,2855485,259978,898715,4162628,-49322,6431,352
ZF,2023-01-31,044601,3538717,2815772,224985,957941,4177919,49412,-39713,354
ZF,2023-02-07,044601,3530214,2891551,296996,965538,4241276,-8503,75779,365
ZF,2023-02-14,044601,3494067,2877467,341404,930795,4292464,-36147,-14084,369
ZF,2023-02-21,044601,3534403,2903022,331329,930578,4387851,40336,25555,361
ZF,2023-02-28,044601,3467262,2760946,295800,948677,4182168,-67141,-142076,363
ZF,2023-03-07,044601,3525761,2792905,312910,968790,4232280,58499,31959,370
ZF,2023-03-14,044601,3532646,2947703,423700,980912,4350652,6885,154798,360
ZF,2023-03-21,044601,3586593,2960148,389000,1020568,4350302,53947,12445,363
ZF,2023-03-28,044601,3611307,2983129,343241,1025596,4378900,24714,22981,348
ZF,2023-04-04,044601,3791191,3036221,276432,1057671,4493575,179884,53092,360
ZF,2023-04-11,044601,3708958,2986256,312076,1074057,4446566,-82233,-49965,353
ZF,2023-04-18,044601,3775123,3058490,270063,1024565,4472642,66165,72234,362
ZF,2023-04-25,044601,3846432,3009223,307640,1176928,4576091,71309,-49267,359
ZF,2023-05-02,044601,3971947,3090597,349381,1259611,4760542,125515,81374,366
ZF,2023-05-09,044601,4146935,3274633,477767,1388409,5086319,174988,184036,367
ZF,2023-05-16,044601,4177142,3304427,435965,1359878,5100803,30207,29794,372
ZF,2023-05-23,044601,4186028,3303421,423353,1357422,5105531,8886,-1006,367
ZF,2023-05-30,044601,4064536,3142076,338249,1322086,4871724,-121492,-161345,363
ZF,2023-06-06,044601,4085049,3068398,326795,1353854,4850014,20513,-73678,372
ZF,2023-06-13,044601,4157791,3135858,353226,1388622,4917172,72742,67460,384
ZF,2023-06-20,044601,4129490,3198319,394457,1353283,4948670,-28301,62461,389
ZF,2023-06-27,044601,4235733,3261074,363591,1362079,5022642,106243,62755,387
ZF,2023-07-03,044601,4297985,3271298,348230,1378044,5080610,62252,10224,383
ZF,2023-07-11,044601,4410220,3412276,425779,1481863,5257885,112235,140978,401
ZF,2023-07-18,044601,4540528,3441514,355966,1501455,5333980,130308,29238,390
ZF,2023-07-25,044601,4568106,3475016,352562,1490413,5348725,27578,33502,384
ZF,2023-08-01,044601,4751696,3542077,358846,1615892,5557476,183590,67061,384
ZF,2023-08-08,044601,4816393,3630517,442034,1672341,5711857,64697,88440,402
ZF,2023-08-15,044601,4804142,3693947,453025,1644320,5768718,-12251,63430,406
ZF,2023-08-22,044601,4735830,3749493,512994,1556576,5810640,-68312,55546,406
ZF,2023-08-29,044601,4468271,3581433,389313,1393936,5381737,-267559,-168060,398
ZF,2023-09-05,044601,4525006,3555593,424157,1480425,5415832,56735,-25840,398
ZF,2023-09-12,044601,4464077,3509633,465279,1496309,5391830,-60929,-45960,395
ZF,2023-09-19,044601,4538043,3596848,509220,1516166,5511115,73966,87215,402
ZF,2023-09-26,044601,4610560,3645955,492741,1518523,5579726,72517,49107,400
ZF,2023-10-03,044601,4657206,3629962,505566,1599038,5630744,46646,-15993,403
ZF,2023-10-10,044601,4748243,3717346,538157,1640506,5746430,91037,87384,401
ZF,2023-10-17,044601,4763122,3698504,481875,1612962,5702366,14879,-18842,402
ZF,2023-10-24,044601,4567066,3620265,524737,1533640,5571039,-196056,-78239,401
ZF,2023-10-31,044601,4790920,3679979,469045,1660634,5746137,223854,59714,404
ZF,2023-11-07,044601,5052590,3718168,433571,1856955,6019834,261670,38189,391
ZF,2023-11-14,044601,5057978,3766695,448867,1865107,6084468,5388,48527,398
ZF,2023-11-21,044601,5059026,3741750,468516,1937149,6172960,1048,-24945,400
ZF,2023-11-28,044601,4994986,3744105,458979,1857479,6081130,-64040,2355,394
ZF,2023-12-05,044601,4864463,3571884,413024,1842451,5775249,-130523,-172221,378
ZF,2023-12-12,044601,4790468,3583597,460211,1800331,5737034,-73995,11713,384
ZF,2023-12-19,044601,4829927,3588758,398328,1786550,5721077,39459,5161,379
ZF,2023-12-26,044601,4822943,3684615,406283,1719724,5742599,-6984,95857,368
ZF,2024-01-02,044601,4874051,3727359,388112,1677572,5797316,51108,42744,372
ZF,2024-01-09,044601,4841923,3833326,443301,1613483,5798901,-32128,105967,374
ZF,2024-01-16,044601,4939008,3893125,470260,1667097,5913271,97085,59799,387
ZF,2024-01-23,044601,5010369,3938719,481506,1712695,5998809,71361,45594,387
ZF,2024-01-30,044601,4958885,3916830,474604,1667582,5937929,-51484,-21889,399
ZF,2024-02-06,044601,4926553,3751428,428323,1725490,5833253,-32332,-165402,392
ZF,2024-02-13,044601,4996200,3780810,417558,1733851,5900715,69647,29382,409
ZF,2024-02-20,044601,5017564,3871304,423001,1656301,6000253,21364,90494,422
ZF,2024-02-27,044601,5074656,4015853,382396,1577789,6059054,57092,144549,412
ZF,2024-03-05,044601,4978171,3797058,359473,1651360,5815202,-96485,-218795,411
ZF,2024-03-12,044601,4992128,3842986,355674,1617808,5857325,13957,45928,405
ZF,2024-03-19,044601,4907528,3837589,395194,1552251,5838981,-84600,-5397,403
ZF,2024-03-26,044601,4975914,3933920,402675,1552185,5941972,68386,96331,408
ZF,2024-04-02,044601,5155365,3971710,374032,1658333,6088816,179451,37790,415
ZF,2024-04-09,044601,5069821,3934684,453736,1693156,6070390,-85544,-37026,413
ZF,2024-04-16,044601,5000703,3928190,461614,1655836,6016477,-69118,-6494,404
ZF,2024-04-23,044601,4946205,3975249,458988,1549277,5960804,-54498,47059,410
ZF,2024-04-30,044601,5032454,3981145,434860,1581458,6015556,86249,5896,407
ZF,2024-05-07,044601,5038983,3979556,483030,1646879,6059408,6529,-1589,412
ZF,2024-05-14,044601,5284344,4041973,469333,1795438,6235670,245361,62417,421
ZF,2024-05-21,044601,5370833,4052423,446114,1868919,6431140,86489,10450,412
ZF,2024-05-28,044601,5430187,4125246,390636,1767753,6644814,59354,72823,403
ZF,2024-06-04,044601,5308600,3868651,389117,1962154,6248427,-121587,-256595,421
ZF,2024-06-11,044601,5334369,3969930,405601,1903025,6259966,25769,101279,410
ZF,2024-06-18,044601,5278483,3991980,421655,1875055,6202016,-55886,22050,420
ZF,2024-06-25,044601,5246055,3933080,428361,1914558,6200123,-32428,-58900,406
ZF,2024-07-02,044601,5334132,3937805,425719,1963691,6267434,88077,4725,412
ZF,2024-07-09,044601,5370659,3962461,454103,2020704,6356121,36527,24656,410
ZF,2024-07-16,044601,5464162,4044045,494873,2071047,6503048,93503,81584,424
ZF,2024-07-23,044601,5399400,4071986,498393,2021654,6455578,-64762,27941,427
ZF,2024-07-30,044601,5434842,4026571,554750,2210788,6565620,35442,-45415,430
ZF,2024-08-06,044601,5469735,4032410,578521,2266597,6612926,34893,5839,418
ZF,2024-08-13,044601,5622352,4174410,599507,2294579,6805101,152617,142000,425
ZF,2024-08-20,044601,5625205,4138690,586030,2322840,6855335,2853,-35720,424
ZF,2024-08-27,044601,5581154,4125526,545315,2201572,6894857,-44051,-13164,418
ZF,2024-09-03,044601,5348029,3872890,548634,2267330,6440182,-233125,-252636,407
ZF,2024-09-10,044601,5302218,3811078,522020,2242016,6357260,-45811,-61812,407
ZF,2024-09-17,044601,5260229,3868902,607540,2201400,6396093,-41989,57824,416
ZF,2024-09-24,044601,5292601,3981190,587823,2142255,6425290,32372,112288,411
ZF,2024-10-01,044601,5294408,3959901,550762,2101552,6381426,1807,-21289,401
ZF,2024-10-08,044601,5223372,3818536,488596,2088921,6261504,-71036,-141365,408
ZF,2024-10-15,044601,5248489,3786609,452589,2082613,6229963,25117,-31927,411
ZF,2024-10-22,044601,5234176,3776095,485990,2126977,6237556,-14313,-10514,421
ZF,2024-10-29,044601,5255655,3761906,458688,2139159,6248417,21479,-14189,409
ZF,2024-11-05,044601,5316837,3701994,464380,2231789,6263013,61182,-59912,408
ZF,2024-11-12,044601,5459346,3718357,441144,2310354,6429420,142509,16363,418
ZF,2024-11-19,044601,5621654,3760080,407669,2390695,6800137,162308,41723,421
ZF,2024-11-26,044601,5293290,3643348,398080,2163651,6339674,-328364,-116732,409
ZF,2024-12-03,044601,5148595,3407439,402072,2263172,6035339,-144695,-235909,410
ZF,2024-12-10,044601,5145585,3463471,419439,2209869,6049139,-3010,56032,403
ZF,2024-12-17,044601,5139765,3469721,435419,2197736,6063191,-5820,6250,410
ZF,2024-12-24,044601,5162871,3510904,477098,2237520,6150090,23106,41183,429
ZF,2024-12-31,044601,5234226,3531313,416502,2237095,6158218,71355,20409,420
ZN,2022-01-04,043607,970515,909000,278884,182279,1381817,11242,-13400,155
ZN,2022-01-11,043607,1000359,908298,263501,169257,1387558,29844,-702,158
ZN,2022-01-18,043607,1003270,898966,265790,189760,1394067,2911,-9332,159
ZN,2022-01-25,043607,977595,895200,266673,172341,1371199,-25675,-3766,160
ZN,2022-02-01,043607,980592,883561,265490,187984,1376130,2997,-11639,159
ZN,2022-02-08,043607,1022226,908216,248068,204057,1410203,41634,24655,159
ZN,2022-02-15,043607,1067199,936343,215580,201709,1452226,44973,28127,162
ZN,2022-02-22,043607,1045206,932285,226775,203232,1466298,-21993,-4058,162
ZN,2022-03-01,043607,992920,879552,199058,192875,1336363,-52286,-52733,162
ZN,2022-03-08,043607,1006050,849486,154635,189015,1295966,13130,-30066,159
ZN,2022-03-15,043607,1038528,840406,137331,207081,1302403,32478,-9080,157
ZN,2022-03-22,043607,1045958,831260,125921,217242,1299876,7430,-9146,157
ZN,2022-03-29,043607,1071757,866078,128735,202171,1328289,25799,34818,159
ZN,2022-04-05,043607,1090701,857822,123997,219623,1350195,18944,-8256,151
ZN,2022-04-12,043607,1063895,853400,115491,178706,1308091,-26806,-4422,155
ZN,2022-04-19,043607,1034896,843900,97011,174259,1288776,-28999,-9500,155
ZN,2022-04-26,043607,1044241,842950,88495,158382,1279725,9345,-950,149
ZN,2022-05-03,043607,1060049,834740,60984,171702,1272865,15808,-8210,148
ZN,2022-05-10,043607,1034536,827318,56783,152199,1248012,-25513,-7422,142
ZN,2022-05-17,043607,1000137,799142,56209,154046,1225195,-34399,-28176,140
ZN,2022-05-24,043607,1044490,832656,68305,167230,1290336,44353,33514,149
ZN,2022-05-31,043607,1010524,799936,59643,165010,1235646,-33966,-32720,146
ZN,2022-06-07,043607,1015640,828506,67884,143718,1241841,5116,28570,148
ZN,2022-06-14,043607,1027514,813543,55047,136254,1228000,11874,-14963,139
ZN,2022-06-21,043607,1035003,822004,55061,118767,1208742,7489,8461,139
ZN,2022-06-28,043607,998346,846286,61919,87999,1198262,-36657,24282,138
ZN,2022-07-05,043607,959975,813682,60503,83245,1163790,-38371,-32604,133
ZN,2022-07-12,043607,973110,841612,60265,87604,1183495,13135,27930,143
ZN,2022-07-19,043607,974246,824988,61232,96939,1176679,1136,-16624,140
ZN,2022-07-26,043607,967242,816066,59468,90394,1165276,-7004,-8922,136
ZN,2022-08-02,043607,966321,813894,54793,91084,1168636,-921,-2172,136
ZN,2022-08-09,043607,986942,829432,56978,103645,1181269,20621,15538,137
ZN,2022-08-16,043607,1016979,856413,54965,86965,1200916,30037,26981,139
ZN,2022-08-23,043607,1026518,891415,53575,78664,1267444,9539,35002,130
ZN,2022-08-30,043607,1039205,914422,66830,84816,1297273,12687,23007,142
ZN,2022-09-06,043607,1064996,921982,85767,108479,1334781,25791,7560,140
ZN,2022-09-13,043607,1087797,972882,128433,135219,1377376,22801,50900,148
ZN,2022-09-20,043607,1109324,957039,113657,142465,1367014,21527,-15843,138
ZN,2022-09-27,043607,1136474,975267,98776,158536,1372794,27150,18228,145
ZN,2022-10-04,043607,1113708,946043,84183,166274,1356081,-22766,-29224,141
ZN,2022-10-11,043607,1127822,945626,109093,184864,1385381,14114,-417,143
ZN,2022-10-18,043607,1087382,936056,96245,172896,1349097,-40440,-9570,139
ZN,2022-10-25,043607,1124960,965937,100026,179372,1385999,37578,29881,144
ZN,2022-11-01,043607,1118917,957793,109513,192944,1392475,-6043,-8144,145
ZN,2022-11-08,043607,1103138,950556,117692,194220,1383399,-15779,-7237,143
ZN,2022-11-15,043607,1114722,930468,133971,213044,1395878,11584,-20088,144
ZN,2022-11-22,043607,1119397,923085,132287,237419,1428968,4675,-7383,140
ZN,2022-11-29,043607,1050386,890833,142588,221837,1363269,-69011,-32252,138
ZN,2022-12-06,043607,1099122,909617,142263,249215,1410571,48736,18784,137
ZN,2022-12-13,043607,1094617,899532,169295,270766,1433431,-4505,-10085,145
ZN,2022-12-20,043607,1106002,911010,157979,267673,1427542,11385,11478,142
ZN,2022-12-27,043607,1103938,930404,159385,242651,1426743,-2064,19394,142
ZN,2023-01-03,043607,1117231,911243,137564,250921,1422524,13293,-19161,140
ZN,2023-01-10,043607,1138679,945291,153296,251566,1448252,21448,34048,151
ZN,2023-01-17,043607,1178847,954207,155613,281934,1503689,40168,8916,156
ZN,2023-01-24,043607,1148114,931345,158914,284825,1481851,-30733,-22862,147
ZN,2023-01-31,043607,1144072,910641,148741,281874,1459929,-4042,-20704,147
ZN,2023-02-07,043607,1147439,910986,161757,287892,1464476,3367,345,147
ZN,2023-02-14,043607,1138888,916618,165057,286488,1488959,-8551,5632,147
ZN,2023-02-21,043607,1175266,958398,152355,292131,1572571,36378,41780,151
ZN,2023-02-28,043607,1218643,915339,123575,326022,1530947,43377,-43059,147
ZN,2023-03-07,043607,1238861,931876,129447,321498,1552496,20218,16537,148
ZN,2023-03-14,043607,1229215,1013135,120443,312965,1559504,-9646,81259,157
ZN,2023-03-21,043607,1224366,1005828,153805,311931,1576275,-4849,-7307,154
ZN,2023-03-28,043607,1232587,1000190,136441,288245,1558453,8221,-5638,153
ZN,2023-04-04,043607,1268053,988756,122771,309248,1580055,35466,-11434,157
ZN,2023-04-11,043607,1290288,1009808,126517,323488,1591822,22235,21052,166
ZN,2023-04-18,043607,1286225,999632,140107,346690,1612455,-4063,-10176,164
ZN,2023-04-25,043607,1281853,1012549,137531,328447,1602334,-4372,12917,161
ZN,2023-05-02,043607,1314277,1015942,134158,352446,1634769,32424,3393,160
ZN,2023-05-09,043607,1326293,1042437,154358,365956,1674638,12016,26495,166
ZN,2023-05-16,043607,1340651,1072652,173884,360311,1726991,14358,30215,170
ZN,2023-05-23,043607,1319934,1085106,174270,332349,1735640,-20717,12454,168
ZN,2023-05-30,043607,1258392,1087844,203767,314561,1676170,-61542,2738,163
ZN,2023-06-06,043607,1275948,1057882,174272,316849,1661225,17556,-29962,167
ZN,2023-06-13,043607,1279305,1074683,179103,315429,1675555,3357,16801,165
ZN,2023-06-20,043607,1306770,1106066,179226,313912,1701208,27465,31383,166
ZN,2023-06-27,043607,1295032,1121176,187790,318978,1705170,-11738,15110,170
ZN,2023-07-03,043607,1304780,1107478,168089,307990,1699422,9748,-13698,168
ZN,2023-07-11,043607,1371281,1132880,165436,313909,1741154,66501,25402,175
ZN,2023-07-18,043607,1361599,1091027,180705,365872,1743816,-9682,-41853,175
ZN,2023-07-25,043607,1378559,1085967,170280,368264,1753301,16960,-5060,173
ZN,2023-08-01,043607,1389141,1111600,194567,379804,1786959,10582,25633,176
ZN,2023-08-08,043607,1402515,1150146,203958,353909,1805906,13374,38546,178
ZN,2023-08-15,043607,1416246,1181091,230163,367552,1847110,13731,30945,186
ZN,2023-08-22,043607,1457633,1204333,206540,359120,1903313,41387,23242,182
ZN,2023-08-29,043607,1423345,1143563,185186,369678,1852744,-34288,-60770,175
ZN,2023-09-05,043607,1360518,1091641,206129,383177,1772231,-62827,-51922,177
ZN,2023-09-12,043607,1344525,1110590,216251,362684,1781260,-15993,18949,177
ZN,2023-09-19,043607,1388973,1148246,208790,345527,1825874,44448,37656,173
ZN,2023-09-26,043607,1441650,1158996,179408,377534,1860484,52677,10750,174
ZN,2023-10-03,043607,1462117,1176297,165441,410348,1892552,20467,17301,180
ZN,2023-10-10,043607,1471844,1169554,172838,426385,1897362,9727,-6743,182
ZN,2023-10-17,043607,1487073,1213696,173736,414901,1922845,15229,44142,184
ZN,2023-10-24,043607,1523392,1219356,194392,444261,1967632,36319,5660,188
ZN,2023-10-31,043607,1555303,1271875,196655,448962,2012883,31911,52519,189
ZN,2023-11-07,043607,1579645,1260423,185134,449314,2011801,24342,-11452,188
ZN,2023-11-14,043607,1597398,1283330,195468,460904,2042924,17753,22907,187
ZN,2023-11-21,043607,1777070,1461201,207468,441874,2268144,179672,177871,193
ZN,2023-11-28,043607,1587632,1260489,200148,458043,2024011,-189438,-200712,186
ZN,2023-12-05,043607,1569511,1231395,209338,477193,1991409,-18121,-29094,188
ZN,2023-12-12,043607,1553719,1211314,214045,490521,1981739,-15792,-20081,190
ZN,2023-12-19,043607,1567288,1226199,236717,501935,2024625,13569,14885,190
ZN,2023-12-26,043607,1582887,1238999,242077,520108,2043847,15599,12800,191
ZN,2024-01-02,043607,1592721,1280703,258620,508074,2082311,9834,41704,191
ZN,2024-01-09,043607,1545552,1300860,324787,498586,2098436,-47169,20157,189
ZN,2024-01-16,043607,1539371,1303133,332232,492404,2094117,-6181,2273,183
ZN,2024-01-23,043607,1584840,1347188,333872,472387,2130264,45469,44055,190
ZN,2024-01-30,043607,1591383,1311129,298951,478061,2105686,6543,-36059,189
ZN,2024-02-06,043607,1671772,1354749,295966,511616,2183493,80389,43620,192
ZN,2024-02-13,043607,1686833,1373310,279753,510459,2202726,15061,18561,196
ZN,2024-02-20,043607,1672832,1389194,267786,458825,2211361,-14001,15884,197
ZN,2024-02-27,043607,1696545,1434706,281655,471555,2247370,23713,45512,199
ZN,2024-03-05,043607,1563971,1305921,275823,461481,2086852,-132574,-128785,201
ZN,2024-03-12,043607,1505286,1299182,291066,424736,2037874,-58685,-6739,206
ZN,2024-03-19,043607,1497187,1264173,294809,448080,2032146,-8099,-35009,203
ZN,2024-03-26,043607,1480521,1283071,292561,430675,2034810,-16666,18898,200
ZN,2024-04-02,043607,1499959,1289238,295548,438542,2046603,19438,6167,208
ZN,2024-04-09,043607,1507019,1274842,287329,446752,2041693,7060,-14396,204
ZN,2024-04-16,043607,1553846,1264582,267202,480801,2062118,46827,-10260,208
ZN,2024-04-23,043607,1578675,1260659,234270,473797,2057576,24829,-3923,206
ZN,2024-04-30,043607,1605733,1256185,224117,487800,2067414,27058,-4474,204
ZN,2024-05-07,043607,1635316,1330975,268050,482349,2143284,29583,74790,207
ZN,2024-05-14,043607,1655031,1306282,253058,529512,2167372,19715,-24693,204
ZN,2024-05-21,043607,1665620,1331782,267016,505160,2248409,10589,25500,200
ZN,2024-05-28,043607,1680482,1369773,257569,488334,2283472,14862,37991,204
ZN,2024-06-04,043607,1560564,1292043,233540,430574,2026469,-119918,-77730,206
ZN,2024-06-11,043607,1553152,1294861,241271,429643,2020471,-7412,2818,196
ZN,2024-06-18,043607,1542485,1325893,271837,430980,2049070,-10667,31032,195
ZN,2024-06-25,043607,1577581,1361345,251270,404972,2053436,35096,35452,199
ZN,2024-07-02,043607,1612861,1417505,229621,381755,2081059,35280,56160,197
ZN,2024-07-09,043607,1595197,1397941,250797,384154,2072623,-17664,-19564,199
ZN,2024-07-16,043607,1592656,1400768,258126,384706,2084893,-2541,2827,200
ZN,2024-07-23,043607,1593669,1418074,253564,369013,2085826,1013,17306,196
ZN,2024-07-30,043607,1581803,1435045,262444,373435,2099513,-11866,16971,199
ZN,2024-08-06,043607,1603637,1418436,258600,422857,2120288,21834,-16609,199
ZN,2024-08-13,043607,1656652,1471707,266938,417571,2172647,53015,53271,202
ZN,2024-08-20,043607,1634861,1457066,291156,426716,2196148,-21791,-14641,203
ZN,2024-08-27,043607,1597169,1452790,297395,405186,2198049,-37692,-4276,204
ZN,2024-09-03,043607,1588757,1460886,287562,371321,2113485,-8412,8096,209
ZN,2024-09-10,043607,1557384,1456031,311481,367627,2103541,-31373,-4855,212
ZN,2024-09-17,043607,1559701,1453704,325963,371603,2112106,2317,-2327,214
ZN,2024-09-24,043607,1551322,1455562,333430,371109,2121928,-8379,1858,201
ZN,2024-10-01,043607,1581684,1439044,335403,415952,2146045,30362,-16518,208
ZN,2024-10-08,043607,1630033,1474585,352173,434640,2205594,48349,35541,212
ZN,2024-10-15,043607,1610178,1458760,355872,430920,2191510,-19855,-15825,211
ZN,2024-10-22,043607,1566612,1427745,370366,434088,2163065,-43566,-31015,208
ZN,2024-10-29,043607,1614142,1430955,353210,456244,2196958,47530,3210,207
ZN,2024-11-05,043607,1637544,1433018,312505,452944,2180479,23402,2063,210
ZN,2024-11-12,043607,1638773,1405539,332761,489552,2210065,1229,-27479,220
ZN,2024-11-19,043607,1678313,1428859,312413,483681,2257305,39540,23320,214
ZN,2024-11-26,043607,1618583,1446134,319128,438592,2278808,-59730,17275,212
ZN,2024-12-03,043607,1609439,1393381,323901,487198,2175884,-9144,-52753,206
ZN,2024-12-10,043607,1620031,1458681,346401,452483,2209868,10592,65300,204
ZN,2024-12-17,043607,1582159,1437144,332600,445085,2171686,-37872,-21537,202
ZN,2024-12-24,043607,1598079,1417033,304382,447740,2147934,15920,-20111,206
ZN,2024-12-31,043607,1603762,1410737,306536,467981,2161344,5683,-6296,208
ZT,2022-01-04,042601,1363672,1336825,380295,338296,1947598,46910,-5702,343
ZT,2022-01-11,042601,1410443,1394298,396495,344678,2017016,46771,57473,347
ZT,2022-01-18,042601,1506177,1479389,402602,363966,2107849,95734,85091,363
ZT,2022-01-25,042601,1503920,1470937,391570,359693,2112007,-2257,-8452,358
ZT,2022-02-01,042601,1554103,1500154,482369,434895,2270248,50183,29217,357
ZT,2022-02-08,042601,1634283,1531504,439999,451429,2302597,80180,31350,352
ZT,2022-02-15,042601,1715204,1530955,289318,405076,2207292,80921,-549,349
ZT,2022-02-22,042601,1655912,1437856,261710,381669,2163983,-59292,-93099,344
ZT,2022-03-01,042601,1605575,1425184,240027,350854,2047626,-50337,-12672,344
ZT,2022-03-08,042601,1600373,1415201,253295,366041,2035833,-5202,-9983,347
ZT,2022-03-15,042601,1644077,1554393,312101,332534,2155448,43704,139192,353
ZT,2022-03-22,042601,1697892,1571354,365795,413243,2297315,53815,16961,366
ZT,2022-03-29,042601,1719719,1557837,314664,373866,2251100,21827,-13517,364
ZT,2022-04-05,042601,1670475,1498130,316244,388438,2196595,-49244,-59707,359
ZT,2022-04-12,042601,1614226,1455280,362196,453172,2207503,-56249,-42850,369
ZT,2022-04-19,042601,1672464,1455984,342878,465018,2233925,58238,704,370
ZT,2022-04-26,042601,1663252,1479464,326179,415702,2212203,-9212,23480,375
ZT,2022-05-03,042601,1708203,1462458,301359,430530,2232148,44951,-17006,371
ZT,2022-05-10,042601,1751572,1549963,275153,401982,2264774,43369,87505,370
ZT,2022-05-17,042601,1818876,1609802,307951,442588,2376024,67304,59839,380
ZT,2022-05-24,042601,1845029,1738175,361614,396907,2526000,26153,128373,365
ZT,2022-05-31,042601,1714483,1521380,263530,391648,2219497,-130546,-216795,345
ZT,2022-06-07,042601,1598627,1373587,200307,370796,2002134,-115856,-147793,346
ZT,2022-06-14,042601,1554892,1326681,236115,396537,2012004,-43735,-46906,347
ZT,2022-06-21,042601,1603236,1397637,257375,376658,2086917,48344,70956,351
ZT,2022-06-28,042601,1647599,1453037,275428,377546,2118890,44363,55400,352
ZT,2022-07-05,042601,1643875,1472284,273378,360420,2103356,-3724,19247,352
ZT,2022-07-12,042601,1610060,1443308,278448,343017,2064383,-33815,-28976,356
ZT,2022-07-19,042601,1623897,1482048,279480,342533,2079265,13837,38740,349
ZT,2022-07-26,042601,1613664,1453060,239980,329844,2018244,-10233,-28988,357
ZT,2022-08-02,042601,1644805,1462080,236803,336271,2058442,31141,9020,360
ZT,2022-08-09,042601,1712983,1488781,208434,380655,2122099,68178,26701,372
ZT,2022-08-16,042601,1718780,1469227,180858,394906,2124688,5797,-19554,368
ZT,2022-08-23,042601,1717714,1412789,178737,419880,2162830,-1066,-56438,370
ZT,2022-08-30,042601,1631374,1282962,108397,389997,1966512,-86340,-129827,356
ZT,2022-09-06,042601,1650101,1237107,89223,415965,1954427,18727,-45855,338
ZT,2022-09-13,042601,1720285,1284104,100196,458377,2008780,70184,46997,346
ZT,2022-09-20,042601,1688474,1250293,139358,481773,2020402,-31811,-33811,340
ZT,2022-09-27,042601,1671856,1246286,154887,474764,2028931,-16618,-4007,348
ZT,2022-10-04,042601,1616300,1221573,154321,460455,1963479,-55556,-24713,343
ZT,2022-10-11,042601,1692889,1249139,143277,496963,2045923,76589,27566,348
ZT,2022-10-18,042601,1709706,1305525,143755,479267,2046001,16817,56386,345
ZT,2022-10-25,042601,1773452,1352089,151517,501113,2133135,63746,46564,349
ZT,2022-11-01,042601,1831669,1367282,164982,602767,2234148,58217,15193,354
ZT,2022-11-08,042601,1790012,1284430,184479,667752,2205573,-41657,-82852,355
ZT,2022-11-15,042601,1859038,1268232,146333,732603,2261042,69026,-16198,361
ZT,2022-11-22,042601,1826599,1241859,168580,735575,2292221,-32439,-26373,361
ZT,2022-11-29,042601,1700306,1180790,156249,684427,2099117,-126293,-61069,356
ZT,2022-12-06,042601,1730674,1200781,171760,706300,2109988,30368,19991,374
ZT,2022-12-13,042601,1774593,1255417,193812,715611,2202604,43919,54636,360
ZT,2022-12-20,042601,1800650,1291155,192591,698648,2223207,26057,35738,373
ZT,2022-12-27,042601,1814865,1271375,189047,739692,2234850,14215,-19780,365
ZT,2023-01-03,042601,1801839,1276901,178437,699945,2219812,-13026,5526,356
ZT,2023-01-10,042601,1857300,1404828,220701,676752,2319897,55461,127927,362
ZT,2023-01-17,042601,1909141,1457099,179898,642569,2335967,51841,52271,370
ZT,2023-01-24,042601,1972486,1517605,186740,663763,2416615,63345,60506,379
ZT,2023-01-31,042601,2027636,1474754,163860,741025,2428703,55150,-42851,380
ZT,2023-02-07,042601,2122793,1509626,191202,850004,2553998,95157,34872,393
ZT,2023-02-14,042601,2244204,1591443,186451,883137,2722195,121411,81817,394
ZT,2023-02-21,042601,2288617,1631501,193928,887420,2884053,44413,40058,391
ZT,2023-02-28,042601,2166237,1525400,205008,861583,2644151,-122380,-106101,381
ZT,2023-03-07,042601,2053409,1452075,240913,858753,2555268,-112828,-73325,395
ZT,2023-03-14,042601,1965747,1455204,128135,659648,2349950,-87662,3129,378
ZT,2023-03-21,042601,1959237,1515141,146530,610727,2314664,-6510,59937,367
ZT,2023-03-28,042601,2007134,1502739,133376,658853,2356318,47897,-12402,374
ZT,2023-04-04,042601,1994892,1511722,131369,633424,2351682,-12242,8983,374
ZT,2023-04-11,042601,2084824,1624411,221139,717980,2531969,89932,112689,381
ZT,2023-04-18,042601,2173300,1652742,227652,802566,2642314,88476,28331,383
ZT,2023-04-25,042601,2203465,1716708,265711,812018,2719441,30165,63966,385
ZT,2023-05-02,042601,2269102,1695920,236863,870339,2757977,65637,-20788,387
ZT,2023-05-09,042601,2490414,1809123,266070,1015955,3007292,221312,113203,406
ZT,2023-05-16,042601,2612188,1839797,290539,1144114,3164301,121774,30674,401
ZT,2023-05-23,042601,2690719,1890348,270465,1160667,3266610,78531,50551,389
ZT,2023-05-30,042601,2651778,1766669,242645,1212508,3162876,-38941,-123679,370
ZT,2023-06-06,042601,2712847,1847976,370970,1330871,3351277,61069,81307,387
ZT,2023-06-13,042601,2788230,1828727,316092,1362537,3373300,75383,-19249,393
ZT,2023-06-20,042601,2836230,1896643,406848,1434124,3503880,48000,67916,406
ZT,2023-06-27,042601,2943231,2016086,425906,1440310,3637264,107001,119443,423
ZT,2023-07-03,042601,2977688,2007086,405459,1463885,3667737,34457,-9000,426
ZT,2023-07-11,042601,3003415,2020074,390469,1462169,3678629,25727,12988,426
ZT,2023-07-18,042601,3008318,1989218,337331,1456711,3654986,4903,-30856,421
ZT,2023-07-25,042601,3010134,1959186,329386,1475432,3631663,1816,-30032,424
ZT,2023-08-01,042601,2993098,2007060,338479,1434142,3634325,-17036,47874,433
ZT,2023-08-08,042601,3060298,2050962,370316,1479442,3746749,67200,43902,430
ZT,2023-08-15,042601,3105026,2113085,380265,1497657,3820729,44728,62123,431
ZT,2023-08-22,042601,3292087,2149022,348276,1619101,3986492,187061,35937,433
ZT,2023-08-29,042601,3013658,1953294,373217,1543073,3758173,-278429,-195728,432
ZT,2023-09-05,042601,3013032,1898500,341198,1559088,3661941,-626,-54794,429
ZT,2023-09-12,042601,3031053,1902514,320048,1559657,3653520,18021,4014,428
ZT,2023-09-19,042601,3088512,1961587,334138,1575601,3732382,57459,59073,449
ZT,2023-09-26,042601,3127095,2046501,429541,1639841,3903502,38583,84914,448
ZT,2023-10-03,042601,3192262,2050711,426432,1704733,3959247,65167,4210,450
ZT,2023-10-10,042601,3284458,2100773,395326,1708719,4012786,92196,50062,439
ZT,2023-10-17,042601,3321881,2091539,391094,1745793,4034161,37423,-9234,445
ZT,2023-10-24,042601,3452942,2155082,429978,1854290,4207274,131061,63543,444
ZT,2023-10-31,042601,3453960,2141877,408762,1844210,4188473,1018,-13205,443
ZT,2023-11-07,042601,3404035,2077889,437448,1891154,4157941,-49925,-63988,460
ZT,2023-11-14,042601,3432176,2175820,435839,1823933,4208593,28141,97931,461
ZT,2023-11-21,042601,3412559,2173155,417109,1802511,4203989,-19617,-2665,472
ZT,2023-11-28,042601,3303026,2161586,432134,1720965,4080415,-109533,-11569,446
ZT,2023-12-05,042601,3387065,2052440,392729,1868745,4111534,84039,-109146,452
ZT,2023-12-12,042601,3222184,1999071,405799,1765273,3950417,-164881,-53369,452
ZT,2023-12-19,042601,3068551,1910224,434918,1725782,3827956,-153633,-88847,452
ZT,2023-12-26,042601,3043487,1915503,399864,1664947,3762107,-25064,5279,446
ZT,2024-01-02,042601,3042649,1913832,422195,1665234,3770545,-838,-1671,454
ZT,2024-01-09,042601,3038980,1929357,421993,1660650,3781552,-3669,15525,454
ZT,2024-01-16,042601,3153891,2065369,437046,1639553,3900819,114911,136012,448
ZT,2024-01-23,042601,3225354,2089836,390426,1659311,3942469,71463,24467,453
ZT,2024-01-30,042601,3262504,2095166,361700,1668701,3924155,37150,5330,455
ZT,2024-02-06,042601,3259854,2093285,361698,1667307,3944552,-2650,-1881,457
ZT,2024-02-13,042601,3254831,2202352,374316,1562330,3974204,-5023,109067,458
ZT,2024-02-20,042601,3249920,2269766,381752,1490876,4030850,-4911,67414,450
ZT,2024-02-27,042601,3030544,2220764,387138,1331036,3770154,-219376,-49002,440
ZT,2024-03-05,042601,2932509,2046292,386736,1386257,3607622,-98035,-174472,445
ZT,2024-03-12,042601,2908549,2090051,426089,1364145,3637131,-23960,43759,463
ZT,2024-03-19,042601,2969326,2181416,422597,1324192,3697750,60777,91365,473
ZT,2024-03-26,042601,2957737,2165284,443015,1356911,3725529,-11589,-16132,460
ZT,2024-04-02,042601,3013756,2192371,442394,1376968,3802228,56019,27087,480
ZT,2024-04-09,042601,3054858,2219600,480808,1427098,3859542,41102,27229,475
ZT,2024-04-16,042601,3161777,2346320,503827,1450130,3987292,106919,126720,481
ZT,2024-04-23,042601,3206411,2350803,518847,1499573,4053420,44634,4483,472
ZT,2024-04-30,042601,3289154,2410384,487267,1503710,4103303,82743,59581,496
ZT,2024-05-07,042601,3230397,2349902,516333,1538566,4077234,-58757,-60482,490
ZT,2024-05-14,042601,3178396,2345910,541411,1506397,4041647,-52001,-3992,493
ZT,2024-05-21,042601,3232197,2372517,553930,1547599,4124115,53801,26607,494
ZT,2024-05-28,042601,3175073,2348530,488475,1468294,4130316,-57124,-23987,484
ZT,2024-06-04,042601,2997360,2101417,516364,1551786,3841898,-177713,-247113,474
ZT,2024-06-11,042601,3118283,2121933,561770,1696986,3982747,120923,20516,487
ZT,2024-06-18,042601,3224951,2105562,561637,1825226,4105767,106668,-16371,488
ZT,2024-06-25,042601,3236642,2127072,603469,1864926,4152850,11691,21510,494
ZT,2024-07-02,042601,3244540,2167515,629105,1849488,4251335,7898,40443,494
ZT,2024-07-09,042601,3283900,2210372,629962,1862277,4307221,39360,42857,498
ZT,2024-07-16,042601,3355786,2344584,693099,1878086,4433908,71886,134212,500
ZT,2024-07-23,042601,3330726,2353933,701144,1842537,4438782,-25060,9349,499
ZT,2024-07-30,042601,3276031,2365050,715610,1819282,4402111,-54695,11117,490
ZT,2024-08-06,042601,3346171,2412046,716311,1821522,4418535,70140,46996,462
ZT,2024-08-13,042601,3382762,2481226,708892,1813498,4458829,36591,69180,463
ZT,2024-08-20,042601,3436139,2476102,648767,1801347,4473479,53377,-5124,467
ZT,2024-08-27,042601,3296807,2449797,604289,1633399,4325085,-139332,-26305,459
ZT,2024-09-03,042601,3261747,2447059,614392,1596854,4224887,-35060,-2738,465
ZT,2024-09-10,042601,3328782,2476650,666817,1673033,4338573,67035,29591,463
ZT,2024-09-17,042601,3321163,2453291,637164,1663584,4314341,-7619,-23359,462
ZT,2024-09-24,042601,3375823,2515549,730128,1776688,4473020,54660,62258,463
ZT,2024-10-01,042601,3411975,2427320,692556,1870775,4465492,36152,-88229,461
ZT,2024-10-08,042601,3446184,2411288,635254,1860290,4441029,34209,-16032,468
ZT,2024-10-15,042601,3535657,2372682,557715,1899975,4461089,89473,-38606,472
ZT,2024-10-22,042601,3616885,2414241,579281,1960191,4544942,81228,41559,476
ZT,2024-10-29,042601,3620929,2302778,545677,2025038,4525675,4044,-111463,471
ZT,2024-11-05,042601,3510416,2176758,516573,2002932,4403064,-110513,-126020,468
ZT,2024-11-12,042601,3651061,2390265,551754,1975625,4622311,140645,213507,489
ZT,2024-11-19,042601,3626185,2337531,508805,1956149,4621376,-24876,-52734,476
ZT,2024-11-26,042601,3316767,2233172,521890,1756536,4347076,-309418,-104359,461
ZT,2024-12-03,042601,3324264,2262451,506365,1709264,4289906,7497,29279,470
ZT,2024-12-10,042601,3348411,2234721,481986,1736910,4280832,24147,-27730,454
ZT,2024-12-17,042601,3297104,2167384,487339,1746612,4214989,-51307,-67337,456
ZT,2024-12-24,042601,3287878,2165032,511206,1764181,4248741,-9226,-2352,458
ZT,2024-12-31,042601,3275042,2139682,539560,1812170,4288938,-12836,-25350,452
