date,series,value
2020-01-01,DFF,1.55
2020-01-02,DFF,1.55
2020-01-03,DFF,1.55
2020-01-04,DFF,1.55
2020-01-05,DFF,1.55
2020-01-06,DFF,1.55
2020-01-07,DFF,1.55
2020-01-08,DFF,1.55
2020-01-09,DFF,1.55
2020-01-10,DFF,1.54
2020-01-11,DFF,1.54
2020-01-12,DFF,1.54
2020-01-13,DFF,1.54
2020-01-14,DFF,1.54
2020-01-15,DFF,1.54
2020-01-16,DFF,1.54
2020-01-17,DFF,1.55
2020-01-18,DFF,1.55
2020-01-19,DFF,1.55
2020-01-20,DFF,1.55
2020-01-21,DFF,1.55
2020-01-22,DFF,1.55
2020-01-23,DFF,1.55
2020-01-24,DFF,1.55
2020-01-25,DFF,1.55
2020-01-26,DFF,1.55
2020-01-27,DFF,1.55
2020-01-28,DFF,1.55
2020-01-29,DFF,1.55
2020-01-30,DFF,1.60
2020-01-31,DFF,1.59
2020-02-01,DFF,1.59
2020-02-02,DFF,1.59
2020-02-03,DFF,1.59
2020-02-04,DFF,1.59
2020-02-05,DFF,1.59
2020-02-06,DFF,1.59
2020-02-07,DFF,1.58
2020-02-08,DFF,1.58
2020-02-09,DFF,1.58
2020-02-10,DFF,1.58
2020-02-11,DFF,1.58
2020-02-12,DFF,1.58
2020-02-13,DFF,1.58
2020-02-14,DFF,1.58
2020-02-15,DFF,1.58
2020-02-16,DFF,1.58
2020-02-17,DFF,1.58
2020-02-18,DFF,1.59
2020-02-19,DFF,1.59
2020-02-20,DFF,1.59
2020-02-21,DFF,1.58
2020-02-22,DFF,1.58
2020-02-23,DFF,1.58
2020-02-24,DFF,1.58
2020-02-25,DFF,1.58
2020-02-26,DFF,1.58
2020-02-27,DFF,1.58
2020-02-28,DFF,1.58
2020-02-29,DFF,1.58
2020-03-01,DFF,1.58
2020-03-02,DFF,1.59
2020-03-03,DFF,1.59
2020-03-04,DFF,1.09
2020-03-05,DFF,1.09
2020-03-06,DFF,1.09
2020-03-07,DFF,1.09
2020-03-08,DFF,1.09
2020-03-09,DFF,1.09
2020-03-10,DFF,1.09
2020-03-11,DFF,1.09
2020-03-12,DFF,1.10
2020-03-13,DFF,1.10
2020-03-14,DFF,1.10
2020-03-15,DFF,1.10
2020-03-16,DFF,0.25
2020-03-17,DFF,0.25
2020-03-18,DFF,0.25
2020-03-19,DFF,0.20
2020-03-20,DFF,0.15
2020-03-21,DFF,0.15
2020-03-22,DFF,0.15
2020-03-23,DFF,0.15
2020-03-24,DFF,0.12
2020-03-25,DFF,0.10
2020-03-26,DFF,0.10
2020-03-27,DFF,0.10
2020-03-28,DFF,0.10
2020-03-29,DFF,0.10
2020-03-30,DFF,0.09
2020-03-31,DFF,0.08
2020-04-01,DFF,0.06
2020-04-02,DFF,0.05
2020-04-03,DFF,0.05
2020-04-04,DFF,0.05
2020-04-05,DFF,0.05
2020-04-06,DFF,0.05
2020-04-07,DFF,0.05
2020-04-08,DFF,0.05
2020-04-09,DFF,0.05
2020-04-10,DFF,0.05
2020-04-11,DFF,0.05
2020-04-12,DFF,0.05
2020-04-13,DFF,0.05
2020-04-14,DFF,0.05
2020-04-15,DFF,0.05
2020-04-16,DFF,0.05
2020-04-17,DFF,0.05
2020-04-18,DFF,0.05
2020-04-19,DFF,0.05
2020-04-20,DFF,0.05
2020-04-21,DFF,0.05
2020-04-22,DFF,0.05
2020-04-23,DFF,0.04
2020-04-24,DFF,0.05
2020-04-25,DFF,0.05
2020-04-26,DFF,0.05
2020-04-27,DFF,0.04
2020-04-28,DFF,0.04
2020-04-29,DFF,0.04
2020-04-30,DFF,0.05
2020-05-01,DFF,0.05
2020-05-02,DFF,0.05
2020-05-03,DFF,0.05
2020-05-04,DFF,0.05
2020-05-05,DFF,0.05
2020-05-06,DFF,0.05
2020-05-07,DFF,0.05
2020-05-08,DFF,0.05
2020-05-09,DFF,0.05
2020-05-10,DFF,0.05
2020-05-11,DFF,0.05
2020-05-12,DFF,0.05
2020-05-13,DFF,0.05
2020-05-14,DFF,0.05
2020-05-15,DFF,0.05
2020-05-16,DFF,0.05
2020-05-17,DFF,0.05
2020-05-18,DFF,0.05
2020-05-19,DFF,0.05
2020-05-20,DFF,0.05
2020-05-21,DFF,0.05
2020-05-22,DFF,0.05
2020-05-23,DFF,0.05
2020-05-24,DFF,0.05
2020-05-25,DFF,0.05
2020-05-26,DFF,0.05
2020-05-27,DFF,0.05
2020-05-28,DFF,0.05
2020-05-29,DFF,0.05
2020-05-30,DFF,0.05
2020-05-31,DFF,0.05
2020-06-01,DFF,0.05
2020-06-02,DFF,0.06
2020-06-03,DFF,0.06
2020-06-04,DFF,0.06
2020-06-05,DFF,0.07
2020-06-06,DFF,0.07
2020-06-07,DFF,0.07
2020-06-08,DFF,0.07
2020-06-09,DFF,0.07
2020-06-10,DFF,0.08
2020-06-11,DFF,0.08
2020-06-12,DFF,0.08
2020-06-13,DFF,0.08
2020-06-14,DFF,0.08
2020-06-15,DFF,0.09
2020-06-16,DFF,0.09
2020-06-17,DFF,0.09
2020-06-18,DFF,0.09
2020-06-19,DFF,0.09
2020-06-20,DFF,0.09
2020-06-21,DFF,0.09
2020-06-22,DFF,0.08
2020-06-23,DFF,0.08
2020-06-24,DFF,0.08
2020-06-25,DFF,0.08
2020-06-26,DFF,0.08
2020-06-27,DFF,0.08
2020-06-28,DFF,0.08
2020-06-29,DFF,0.08
2020-06-30,DFF,0.08
2020-07-01,DFF,0.08
2020-07-02,DFF,0.09
2020-07-03,DFF,0.09
2020-07-04,DFF,0.09
2020-07-05,DFF,0.09
2020-07-06,DFF,0.09
2020-07-07,DFF,0.09
2020-07-08,DFF,0.09
2020-07-09,DFF,0.09
2020-07-10,DFF,0.09
2020-07-11,DFF,0.09
2020-07-12,DFF,0.09
2020-07-13,DFF,0.09
2020-07-14,DFF,0.09
2020-07-15,DFF,0.10
2020-07-16,DFF,0.10
2020-07-17,DFF,0.09
2020-07-18,DFF,0.09
2020-07-19,DFF,0.09
2020-07-20,DFF,0.10
2020-07-21,DFF,0.10
2020-07-22,DFF,0.09
2020-07-23,DFF,0.09
2020-07-24,DFF,0.09
2020-07-25,DFF,0.09
2020-07-26,DFF,0.09
2020-07-27,DFF,0.10
2020-07-28,DFF,0.10
2020-07-29,DFF,0.10
2020-07-30,DFF,0.10
2020-07-31,DFF,0.10
2020-08-01,DFF,0.10
2020-08-02,DFF,0.10
2020-08-03,DFF,0.10
2020-08-04,DFF,0.10
2020-08-05,DFF,0.10
2020-08-06,DFF,0.10
2020-08-07,DFF,0.10
2020-08-08,DFF,0.10
2020-08-09,DFF,0.10
2020-08-10,DFF,0.10
2020-08-11,DFF,0.10
2020-08-12,DFF,0.10
2020-08-13,DFF,0.10
2020-08-14,DFF,0.10
2020-08-15,DFF,0.10
2020-08-16,DFF,0.10
2020-08-17,DFF,0.10
2020-08-18,DFF,0.09
2020-08-19,DFF,0.09
2020-08-20,DFF,0.09
2020-08-21,DFF,0.09
2020-08-22,DFF,0.09
2020-08-23,DFF,0.09
2020-08-24,DFF,0.09
2020-08-25,DFF,0.09
2020-08-26,DFF,0.09
2020-08-27,DFF,0.08
2020-08-28,DFF,0.09
2020-08-29,DFF,0.09
2020-08-30,DFF,0.09
2020-08-31,DFF,0.09
2020-09-01,DFF,0.09
2020-09-02,DFF,0.09
2020-09-03,DFF,0.09
2020-09-04,DFF,0.09
2020-09-05,DFF,0.09
2020-09-06,DFF,0.09
2020-09-07,DFF,0.09
2020-09-08,DFF,0.09
2020-09-09,DFF,0.09
2020-09-10,DFF,0.09
2020-09-11,DFF,0.09
2020-09-12,DFF,0.09
2020-09-13,DFF,0.09
2020-09-14,DFF,0.09
2020-09-15,DFF,0.09
2020-09-16,DFF,0.09
2020-09-17,DFF,0.09
2020-09-18,DFF,0.09
2020-09-19,DFF,0.09
2020-09-20,DFF,0.09
2020-09-21,DFF,0.09
2020-09-22,DFF,0.09
2020-09-23,DFF,0.09
2020-09-24,DFF,0.09
2020-09-25,DFF,0.09
2020-09-26,DFF,0.09
2020-09-27,DFF,0.09
2020-09-28,DFF,0.09
2020-09-29,DFF,0.09
2020-09-30,DFF,0.09
2020-10-01,DFF,0.09
2020-10-02,DFF,0.09
2020-10-03,DFF,0.09
2020-10-04,DFF,0.09
2020-10-05,DFF,0.09
2020-10-06,DFF,0.09
2020-10-07,DFF,0.09
2020-10-08,DFF,0.09
2020-10-09,DFF,0.09
2020-10-10,DFF,0.09
2020-10-11,DFF,0.09
2020-10-12,DFF,0.09
2020-10-13,DFF,0.09
2020-10-14,DFF,0.09
2020-10-15,DFF,0.09
2020-10-16,DFF,0.09
2020-10-17,DFF,0.09
2020-10-18,DFF,0.09
2020-10-19,DFF,0.09
2020-10-20,DFF,0.09
2020-10-21,DFF,0.09
2020-10-22,DFF,0.09
2020-10-23,DFF,0.09
2020-10-24,DFF,0.09
2020-10-25,DFF,0.09
2020-10-26,DFF,0.09
2020-10-27,DFF,0.09
2020-10-28,DFF,0.09
2020-10-29,DFF,0.09
2020-10-30,DFF,0.09
2020-10-31,DFF,0.09
2020-11-01,DFF,0.09
2020-11-02,DFF,0.09
2020-11-03,DFF,0.09
2020-11-04,DFF,0.09
2020-11-05,DFF,0.09
2020-11-06,DFF,0.09
2020-11-07,DFF,0.09
2020-11-08,DFF,0.09
2020-11-09,DFF,0.09
2020-11-10,DFF,0.09
2020-11-11,DFF,0.09
2020-11-12,DFF,0.09
2020-11-13,DFF,0.09
2020-11-14,DFF,0.09
2020-11-15,DFF,0.09
2020-11-16,DFF,0.09
2020-11-17,DFF,0.09
2020-11-18,DFF,0.09
2020-11-19,DFF,0.08
2020-11-20,DFF,0.08
2020-11-21,DFF,0.08
2020-11-22,DFF,0.08
2020-11-23,DFF,0.08
2020-11-24,DFF,0.08
2020-11-25,DFF,0.08
2020-11-26,DFF,0.08
2020-11-27,DFF,0.08
2020-11-28,DFF,0.08
2020-11-29,DFF,0.08
2020-11-30,DFF,0.09
2020-12-01,DFF,0.09
2020-12-02,DFF,0.09
2020-12-03,DFF,0.09
2020-12-04,DFF,0.09
2020-12-05,DFF,0.09
2020-12-06,DFF,0.09
2020-12-07,DFF,0.09
2020-12-08,DFF,0.09
2020-12-09,DFF,0.09
2020-12-10,DFF,0.09
2020-12-11,DFF,0.09
2020-12-12,DFF,0.09
2020-12-13,DFF,0.09
2020-12-14,DFF,0.09
2020-12-15,DFF,0.09
2020-12-16,DFF,0.09
2020-12-17,DFF,0.09
2020-12-18,DFF,0.09
2020-12-19,DFF,0.09
2020-12-20,DFF,0.09
2020-12-21,DFF,0.09
2020-12-22,DFF,0.09
2020-12-23,DFF,0.09
2020-12-24,DFF,0.09
2020-12-25,DFF,0.09
2020-12-26,DFF,0.09
2020-12-27,DFF,0.09
2020-12-28,DFF,0.09
2020-12-29,DFF,0.09
2020-12-30,DFF,0.09
2020-12-31,DFF,0.09
2021-01-01,DFF,0.09
2021-01-02,DFF,0.09
2021-01-03,DFF,0.09
2021-01-04,DFF,0.09
2021-01-05,DFF,0.09
2021-01-06,DFF,0.09
2021-01-07,DFF,0.09
2021-01-08,DFF,0.09
2021-01-09,DFF,0.09
2021-01-10,DFF,0.09
2021-01-11,DFF,0.09
2021-01-12,DFF,0.09
2021-01-13,DFF,0.09
2021-01-14,DFF,0.09
2021-01-15,DFF,0.09
2021-01-16,DFF,0.09
2021-01-17,DFF,0.09
2021-01-18,DFF,0.09
2021-01-19,DFF,0.09
2021-01-20,DFF,0.09
2021-01-21,DFF,0.08
2021-01-22,DFF,0.08
2021-01-23,DFF,0.08
2021-01-24,DFF,0.08
2021-01-25,DFF,0.08
2021-01-26,DFF,0.08
2021-01-27,DFF,0.08
2021-01-28,DFF,0.07
2021-01-29,DFF,0.07
2021-01-30,DFF,0.07
2021-01-31,DFF,0.07
2021-02-01,DFF,0.08
2021-02-02,DFF,0.08
2021-02-03,DFF,0.08
2021-02-04,DFF,0.08
2021-02-05,DFF,0.08
2021-02-06,DFF,0.08
2021-02-07,DFF,0.08
2021-02-08,DFF,0.07
2021-02-09,DFF,0.08
2021-02-10,DFF,0.08
2021-02-11,DFF,0.08
2021-02-12,DFF,0.08
2021-02-13,DFF,0.08
2021-02-14,DFF,0.08
2021-02-15,DFF,0.08
2021-02-16,DFF,0.08
2021-02-17,DFF,0.08
2021-02-18,DFF,0.07
2021-02-19,DFF,0.07
2021-02-20,DFF,0.07
2021-02-21,DFF,0.07
2021-02-22,DFF,0.07
2021-02-23,DFF,0.07
2021-02-24,DFF,0.07
2021-02-25,DFF,0.07
2021-02-26,DFF,0.07
2021-02-27,DFF,0.07
2021-02-28,DFF,0.07
2021-03-01,DFF,0.07
2021-03-02,DFF,0.07
2021-03-03,DFF,0.07
2021-03-04,DFF,0.07
2021-03-05,DFF,0.07
2021-03-06,DFF,0.07
2021-03-07,DFF,0.07
2021-03-08,DFF,0.07
2021-03-09,DFF,0.07
2021-03-10,DFF,0.07
2021-03-11,DFF,0.07
2021-03-12,DFF,0.07
2021-03-13,DFF,0.07
2021-03-14,DFF,0.07
2021-03-15,DFF,0.07
2021-03-16,DFF,0.07
2021-03-17,DFF,0.07
2021-03-18,DFF,0.07
2021-03-19,DFF,0.07
2021-03-20,DFF,0.07
2021-03-21,DFF,0.07
2021-03-22,DFF,0.07
2021-03-23,DFF,0.07
2021-03-24,DFF,0.07
2021-03-25,DFF,0.07
2021-03-26,DFF,0.07
2021-03-27,DFF,0.07
2021-03-28,DFF,0.07
2021-03-29,DFF,0.07
2021-03-30,DFF,0.07
2021-03-31,DFF,0.06
2021-04-01,DFF,0.07
2021-04-02,DFF,0.07
2021-04-03,DFF,0.07
2021-04-04,DFF,0.07
2021-04-05,DFF,0.07
2021-04-06,DFF,0.07
2021-04-07,DFF,0.07
2021-04-08,DFF,0.07
2021-04-09,DFF,0.07
2021-04-10,DFF,0.07
2021-04-11,DFF,0.07
2021-04-12,DFF,0.07
2021-04-13,DFF,0.07
2021-04-14,DFF,0.07
2021-04-15,DFF,0.07
2021-04-16,DFF,0.07
2021-04-17,DFF,0.07
2021-04-18,DFF,0.07
2021-04-19,DFF,0.07
2021-04-20,DFF,0.07
2021-04-21,DFF,0.07
2021-04-22,DFF,0.07
2021-04-23,DFF,0.07
2021-04-24,DFF,0.07
2021-04-25,DFF,0.07
2021-04-26,DFF,0.07
2021-04-27,DFF,0.07
2021-04-28,DFF,0.07
2021-04-29,DFF,0.06
2021-04-30,DFF,0.05
2021-05-01,DFF,0.05
2021-05-02,DFF,0.05
2021-05-03,DFF,0.06
2021-05-04,DFF,0.06
2021-05-05,DFF,0.06
2021-05-06,DFF,0.06
2021-05-07,DFF,0.06
2021-05-08,DFF,0.06
2021-05-09,DFF,0.06
2021-05-10,DFF,0.06
2021-05-11,DFF,0.06
2021-05-12,DFF,0.06
2021-05-13,DFF,0.06
2021-05-14,DFF,0.06
2021-05-15,DFF,0.06
2021-05-16,DFF,0.06
2021-05-17,DFF,0.06
2021-05-18,DFF,0.06
2021-05-19,DFF,0.06
2021-05-20,DFF,0.06
2021-05-21,DFF,0.06
2021-05-22,DFF,0.06
2021-05-23,DFF,0.06
2021-05-24,DFF,0.06
2021-05-25,DFF,0.06
2021-05-26,DFF,0.06
2021-05-27,DFF,0.06
2021-05-28,DFF,0.05
2021-05-29,DFF,0.05
2021-05-30,DFF,0.05
2021-05-31,DFF,0.05
2021-06-01,DFF,0.06
2021-06-02,DFF,0.06
2021-06-03,DFF,0.06
2021-06-04,DFF,0.06
2021-06-05,DFF,0.06
2021-06-06,DFF,0.06
2021-06-07,DFF,0.06
2021-06-08,DFF,0.06
2021-06-09,DFF,0.06
2021-06-10,DFF,0.06
2021-06-11,DFF,0.06
2021-06-12,DFF,0.06
2021-06-13,DFF,0.06
2021-06-14,DFF,0.06
2021-06-15,DFF,0.06
2021-06-16,DFF,0.06
2021-06-17,DFF,0.10
2021-06-18,DFF,0.10
2021-06-19,DFF,0.10
2021-06-20,DFF,0.10
2021-06-21,DFF,0.10
2021-06-22,DFF,0.10
2021-06-23,DFF,0.10
2021-06-24,DFF,0.10
2021-06-25,DFF,0.10
2021-06-26,DFF,0.10
2021-06-27,DFF,0.10
2021-06-28,DFF,0.10
2021-06-29,DFF,0.10
2021-06-30,DFF,0.08
2021-07-01,DFF,0.10
2021-07-02,DFF,0.10
2021-07-03,DFF,0.10
2021-07-04,DFF,0.10
2021-07-05,DFF,0.10
2021-07-06,DFF,0.10
2021-07-07,DFF,0.10
2021-07-08,DFF,0.10
2021-07-09,DFF,0.10
2021-07-10,DFF,0.10
2021-07-11,DFF,0.10
2021-07-12,DFF,0.10
2021-07-13,DFF,0.10
2021-07-14,DFF,0.10
2021-07-15,DFF,0.10
2021-07-16,DFF,0.10
2021-07-17,DFF,0.10
2021-07-18,DFF,0.10
2021-07-19,DFF,0.10
2021-07-20,DFF,0.10
2021-07-21,DFF,0.10
2021-07-22,DFF,0.10
2021-07-23,DFF,0.10
2021-07-24,DFF,0.10
2021-07-25,DFF,0.10
2021-07-26,DFF,0.10
2021-07-27,DFF,0.10
2021-07-28,DFF,0.10
2021-07-29,DFF,0.10
2021-07-30,DFF,0.07
2021-07-31,DFF,0.07
2021-08-01,DFF,0.07
2021-08-02,DFF,0.10
2021-08-03,DFF,0.10
2021-08-04,DFF,0.10
2021-08-05,DFF,0.10
2021-08-06,DFF,0.10
2021-08-07,DFF,0.10
2021-08-08,DFF,0.10
2021-08-09,DFF,0.10
2021-08-10,DFF,0.10
2021-08-11,DFF,0.10
2021-08-12,DFF,0.10
2021-08-13,DFF,0.10
2021-08-14,DFF,0.10
2021-08-15,DFF,0.10
2021-08-16,DFF,0.10
2021-08-17,DFF,0.10
2021-08-18,DFF,0.09
2021-08-19,DFF,0.09
2021-08-20,DFF,0.09
2021-08-21,DFF,0.09
2021-08-22,DFF,0.09
2021-08-23,DFF,0.09
2021-08-24,DFF,0.09
2021-08-25,DFF,0.09
2021-08-26,DFF,0.09
2021-08-27,DFF,0.08
2021-08-28,DFF,0.08
2021-08-29,DFF,0.08
2021-08-30,DFF,0.08
2021-08-31,DFF,0.06
2021-09-01,DFF,0.08
2021-09-02,DFF,0.08
2021-09-03,DFF,0.08
2021-09-04,DFF,0.08
2021-09-05,DFF,0.08
2021-09-06,DFF,0.08
2021-09-07,DFF,0.08
2021-09-08,DFF,0.08
2021-09-09,DFF,0.08
2021-09-10,DFF,0.08
2021-09-11,DFF,0.08
2021-09-12,DFF,0.08
2021-09-13,DFF,0.08
2021-09-14,DFF,0.08
2021-09-15,DFF,0.08
2021-09-16,DFF,0.08
2021-09-17,DFF,0.08
2021-09-18,DFF,0.08
2021-09-19,DFF,0.08
2021-09-20,DFF,0.08
2021-09-21,DFF,0.08
2021-09-22,DFF,0.08
2021-09-23,DFF,0.08
2021-09-24,DFF,0.08
2021-09-25,DFF,0.08
2021-09-26,DFF,0.08
2021-09-27,DFF,0.08
2021-09-28,DFF,0.08
2021-09-29,DFF,0.08
2021-09-30,DFF,0.06
2021-10-01,DFF,0.08
2021-10-02,DFF,0.08
2021-10-03,DFF,0.08
2021-10-04,DFF,0.08
2021-10-05,DFF,0.08
2021-10-06,DFF,0.08
2021-10-07,DFF,0.08
2021-10-08,DFF,0.08
2021-10-09,DFF,0.08
2021-10-10,DFF,0.08
2021-10-11,DFF,0.08
2021-10-12,DFF,0.08
2021-10-13,DFF,0.08
2021-10-14,DFF,0.08
2021-10-15,DFF,0.08
2021-10-16,DFF,0.08
2021-10-17,DFF,0.08
2021-10-18,DFF,0.08
2021-10-19,DFF,0.08
2021-10-20,DFF,0.08
2021-10-21,DFF,0.08
2021-10-22,DFF,0.08
2021-10-23,DFF,0.08
2021-10-24,DFF,0.08
2021-10-25,DFF,0.08
2021-10-26,DFF,0.08
2021-10-27,DFF,0.08
2021-10-28,DFF,0.08
2021-10-29,DFF,0.07
2021-10-30,DFF,0.07
2021-10-31,DFF,0.07
2021-11-01,DFF,0.08
2021-11-02,DFF,0.08
2021-11-03,DFF,0.08
2021-11-04,DFF,0.08
2021-11-05,DFF,0.08
2021-11-06,DFF,0.08
2021-11-07,DFF,0.08
2021-11-08,DFF,0.08
2021-11-09,DFF,0.08
2021-11-10,DFF,0.08
2021-11-11,DFF,0.08
2021-11-12,DFF,0.08
2021-11-13,DFF,0.08
2021-11-14,DFF,0.08
2021-11-15,DFF,0.08
2021-11-16,DFF,0.08
2021-11-17,DFF,0.08
2021-11-18,DFF,0.08
2021-11-19,DFF,0.08
2021-11-20,DFF,0.08
2021-11-21,DFF,0.08
2021-11-22,DFF,0.08
2021-11-23,DFF,0.08
2021-11-24,DFF,0.08
2021-11-25,DFF,0.08
2021-11-26,DFF,0.08
2021-11-27,DFF,0.08
2021-11-28,DFF,0.08
2021-11-29,DFF,0.08
2021-11-30,DFF,0.07
2021-12-01,DFF,0.08
2021-12-02,DFF,0.08
2021-12-03,DFF,0.08
2021-12-04,DFF,0.08
2021-12-05,DFF,0.08
2021-12-06,DFF,0.08
2021-12-07,DFF,0.08
2021-12-08,DFF,0.08
2021-12-09,DFF,0.08
2021-12-10,DFF,0.08
2021-12-11,DFF,0.08
2021-12-12,DFF,0.08
2021-12-13,DFF,0.08
2021-12-14,DFF,0.08
2021-12-15,DFF,0.08
2021-12-16,DFF,0.08
2021-12-17,DFF,0.08
2021-12-18,DFF,0.08
2021-12-19,DFF,0.08
2021-12-20,DFF,0.08
2021-12-21,DFF,0.08
2021-12-22,DFF,0.08
2021-12-23,DFF,0.08
2021-12-24,DFF,0.08
2021-12-25,DFF,0.08
2021-12-26,DFF,0.08
2021-12-27,DFF,0.08
2021-12-28,DFF,0.08
2021-12-29,DFF,0.08
2021-12-30,DFF,0.08
2021-12-31,DFF,0.07
2022-01-01,DFF,0.07
2022-01-02,DFF,0.07
2022-01-03,DFF,0.08
2022-01-04,DFF,0.08
2022-01-05,DFF,0.08
2022-01-06,DFF,0.08
2022-01-07,DFF,0.08
2022-01-08,DFF,0.08
2022-01-09,DFF,0.08
2022-01-10,DFF,0.08
2022-01-11,DFF,0.08
2022-01-12,DFF,0.08
2022-01-13,DFF,0.08
2022-01-14,DFF,0.08
2022-01-15,DFF,0.08
2022-01-16,DFF,0.08
2022-01-17,DFF,0.08
2022-01-18,DFF,0.08
2022-01-19,DFF,0.08
2022-01-20,DFF,0.08
2022-01-21,DFF,0.08
2022-01-22,DFF,0.08
2022-01-23,DFF,0.08
2022-01-24,DFF,0.08
2022-01-25,DFF,0.08
2022-01-26,DFF,0.08
2022-01-27,DFF,0.08
2022-01-28,DFF,0.08
2022-01-29,DFF,0.08
2022-01-30,DFF,0.08
2022-01-31,DFF,0.08
2022-02-01,DFF,0.08
2022-02-02,DFF,0.08
2022-02-03,DFF,0.08
2022-02-04,DFF,0.08
2022-02-05,DFF,0.08
2022-02-06,DFF,0.08
2022-02-07,DFF,0.08
2022-02-08,DFF,0.08
2022-02-09,DFF,0.08
2022-02-10,DFF,0.08
2022-02-11,DFF,0.08
2022-02-12,DFF,0.08
2022-02-13,DFF,0.08
2022-02-14,DFF,0.08
2022-02-15,DFF,0.08
2022-02-16,DFF,0.08
2022-02-17,DFF,0.08
2022-02-18,DFF,0.08
2022-02-19,DFF,0.08
2022-02-20,DFF,0.08
2022-02-21,DFF,0.08
2022-02-22,DFF,0.08
2022-02-23,DFF,0.08
2022-02-24,DFF,0.08
2022-02-25,DFF,0.08
2022-02-26,DFF,0.08
2022-02-27,DFF,0.08
2022-02-28,DFF,0.08
2022-03-01,DFF,0.08
2022-03-02,DFF,0.08
2022-03-03,DFF,0.08
2022-03-04,DFF,0.08
2022-03-05,DFF,0.08
2022-03-06,DFF,0.08
2022-03-07,DFF,0.08
2022-03-08,DFF,0.08
2022-03-09,DFF,0.08
2022-03-10,DFF,0.08
2022-03-11,DFF,0.08
2022-03-12,DFF,0.08
2022-03-13,DFF,0.08
2022-03-14,DFF,0.08
2022-03-15,DFF,0.08
2022-03-16,DFF,0.08
2022-03-17,DFF,0.33
2022-03-18,DFF,0.33
2022-03-19,DFF,0.33
2022-03-20,DFF,0.33
2022-03-21,DFF,0.33
2022-03-22,DFF,0.33
2022-03-23,DFF,0.33
2022-03-24,DFF,0.33
2022-03-25,DFF,0.33
2022-03-26,DFF,0.33
2022-03-27,DFF,0.33
2022-03-28,DFF,0.33
2022-03-29,DFF,0.33
2022-03-30,DFF,0.33
2022-03-31,DFF,0.33
2022-04-01,DFF,0.33
2022-04-02,DFF,0.33
2022-04-03,DFF,0.33
2022-04-04,DFF,0.33
2022-04-05,DFF,0.33
2022-04-06,DFF,0.33
2022-04-07,DFF,0.33
2022-04-08,DFF,0.33
2022-04-09,DFF,0.33
2022-04-10,DFF,0.33
2022-04-11,DFF,0.33
2022-04-12,DFF,0.33
2022-04-13,DFF,0.33
2022-04-14,DFF,0.33
2022-04-15,DFF,0.33
2022-04-16,DFF,0.33
2022-04-17,DFF,0.33
2022-04-18,DFF,0.33
2022-04-19,DFF,0.33
2022-04-20,DFF,0.33
2022-04-21,DFF,0.33
2022-04-22,DFF,0.33
2022-04-23,DFF,0.33
2022-04-24,DFF,0.33
2022-04-25,DFF,0.33
2022-04-26,DFF,0.33
2022-04-27,DFF,0.33
2022-04-28,DFF,0.33
2022-04-29,DFF,0.33
2022-04-30,DFF,0.33
2022-05-01,DFF,0.33
2022-05-02,DFF,0.33
2022-05-03,DFF,0.33
2022-05-04,DFF,0.33
2022-05-05,DFF,0.83
2022-05-06,DFF,0.83
2022-05-07,DFF,0.83
2022-05-08,DFF,0.83
2022-05-09,DFF,0.83
2022-05-10,DFF,0.83
2022-05-11,DFF,0.83
2022-05-12,DFF,0.83
2022-05-13,DFF,0.83
2022-05-14,DFF,0.83
2022-05-15,DFF,0.83
2022-05-16,DFF,0.83
2022-05-17,DFF,0.83
2022-05-18,DFF,0.83
2022-05-19,DFF,0.83
2022-05-20,DFF,0.83
2022-05-21,DFF,0.83
2022-05-22,DFF,0.83
2022-05-23,DFF,0.83
2022-05-24,DFF,0.83
2022-05-25,DFF,0.83
2022-05-26,DFF,0.83
2022-05-27,DFF,0.83
2022-05-28,DFF,0.83
2022-05-29,DFF,0.83
2022-05-30,DFF,0.83
2022-05-31,DFF,0.83
2022-06-01,DFF,0.83
2022-06-02,DFF,0.83
2022-06-03,DFF,0.83
2022-06-04,DFF,0.83
2022-06-05,DFF,0.83
2022-06-06,DFF,0.83
2022-06-07,DFF,0.83
2022-06-08,DFF,0.83
2022-06-09,DFF,0.83
2022-06-10,DFF,0.83
2022-06-11,DFF,0.83
2022-06-12,DFF,0.83
2022-06-13,DFF,0.83
2022-06-14,DFF,0.83
2022-06-15,DFF,0.83
2022-06-16,DFF,1.58
2022-06-17,DFF,1.58
2022-06-18,DFF,1.58
2022-06-19,DFF,1.58
2022-06-20,DFF,1.58
2022-06-21,DFF,1.58
2022-06-22,DFF,1.58
2022-06-23,DFF,1.58
2022-06-24,DFF,1.58
2022-06-25,DFF,1.58
2022-06-26,DFF,1.58
2022-06-27,DFF,1.58
2022-06-28,DFF,1.58
2022-06-29,DFF,1.58
2022-06-30,DFF,1.58
2022-07-01,DFF,1.58
2022-07-02,DFF,1.58
2022-07-03,DFF,1.58
2022-07-04,DFF,1.58
2022-07-05,DFF,1.58
2022-07-06,DFF,1.58
2022-07-07,DFF,1.58
2022-07-08,DFF,1.58
2022-07-09,DFF,1.58
2022-07-10,DFF,1.58
2022-07-11,DFF,1.58
2022-07-12,DFF,1.58
2022-07-13,DFF,1.58
2022-07-14,DFF,1.58
2022-07-15,DFF,1.58
2022-07-16,DFF,1.58
2022-07-17,DFF,1.58
2022-07-18,DFF,1.58
2022-07-19,DFF,1.58
2022-07-20,DFF,1.58
2022-07-21,DFF,1.58
2022-07-22,DFF,1.58
2022-07-23,DFF,1.58
2022-07-24,DFF,1.58
2022-07-25,DFF,1.58
2022-07-26,DFF,1.58
2022-07-27,DFF,1.58
2022-07-28,DFF,2.33
2022-07-29,DFF,2.32
2022-07-30,DFF,2.32
2022-07-31,DFF,2.32
2022-08-01,DFF,2.33
2022-08-02,DFF,2.33
2022-08-03,DFF,2.33
2022-08-04,DFF,2.33
2022-08-05,DFF,2.33
2022-08-06,DFF,2.33
2022-08-07,DFF,2.33
2022-08-08,DFF,2.33
2022-08-09,DFF,2.33
2022-08-10,DFF,2.33
2022-08-11,DFF,2.33
2022-08-12,DFF,2.33
2022-08-13,DFF,2.33
2022-08-14,DFF,2.33
2022-08-15,DFF,2.33
2022-08-16,DFF,2.33
2022-08-17,DFF,2.33
2022-08-18,DFF,2.33
2022-08-19,DFF,2.33
2022-08-20,DFF,2.33
2022-08-21,DFF,2.33
2022-08-22,DFF,2.33
2022-08-23,DFF,2.33
2022-08-24,DFF,2.33
2022-08-25,DFF,2.33
2022-08-26,DFF,2.33
2022-08-27,DFF,2.33
2022-08-28,DFF,2.33
2022-08-29,DFF,2.33
2022-08-30,DFF,2.33
2022-08-31,DFF,2.33
2022-09-01,DFF,2.33
2022-09-02,DFF,2.33
2022-09-03,DFF,2.33
2022-09-04,DFF,2.33
2022-09-05,DFF,2.33
2022-09-06,DFF,2.33
2022-09-07,DFF,2.33
2022-09-08,DFF,2.33
2022-09-09,DFF,2.33
2022-09-10,DFF,2.33
2022-09-11,DFF,2.33
2022-09-12,DFF,2.33
2022-09-13,DFF,2.33
2022-09-14,DFF,2.33
2022-09-15,DFF,2.33
2022-09-16,DFF,2.33
2022-09-17,DFF,2.33
2022-09-18,DFF,2.33
2022-09-19,DFF,2.33
2022-09-20,DFF,2.33
2022-09-21,DFF,2.33
2022-09-22,DFF,3.08
2022-09-23,DFF,3.08
2022-09-24,DFF,3.08
2022-09-25,DFF,3.08
2022-09-26,DFF,3.08
2022-09-27,DFF,3.08
2022-09-28,DFF,3.08
2022-09-29,DFF,3.08
2022-09-30,DFF,3.08
2022-10-01,DFF,3.08
2022-10-02,DFF,3.08
2022-10-03,DFF,3.08
2022-10-04,DFF,3.08
2022-10-05,DFF,3.08
2022-10-06,DFF,3.08
2022-10-07,DFF,3.08
2022-10-08,DFF,3.08
2022-10-09,DFF,3.08
2022-10-10,DFF,3.08
2022-10-11,DFF,3.08
2022-10-12,DFF,3.08
2022-10-13,DFF,3.08
2022-10-14,DFF,3.08
2022-10-15,DFF,3.08
2022-10-16,DFF,3.08
2022-10-17,DFF,3.08
2022-10-18,DFF,3.08
2022-10-19,DFF,3.08
2022-10-20,DFF,3.08
2022-10-21,DFF,3.08
2022-10-22,DFF,3.08
2022-10-23,DFF,3.08
2022-10-24,DFF,3.08
2022-10-25,DFF,3.08
2022-10-26,DFF,3.08
2022-10-27,DFF,3.08
2022-10-28,DFF,3.08
2022-10-29,DFF,3.08
2022-10-30,DFF,3.08
2022-10-31,DFF,3.08
2022-11-01,DFF,3.08
2022-11-02,DFF,3.08
2022-11-03,DFF,3.83
2022-11-04,DFF,3.83
2022-11-05,DFF,3.83
2022-11-06,DFF,3.83
2022-11-07,DFF,3.83
2022-11-08,DFF,3.83
2022-11-09,DFF,3.83
2022-11-10,DFF,3.83
2022-11-11,DFF,3.83
2022-11-12,DFF,3.83
2022-11-13,DFF,3.83
2022-11-14,DFF,3.83
2022-11-15,DFF,3.83
2022-11-16,DFF,3.83
2022-11-17,DFF,3.83
2022-11-18,DFF,3.83
2022-11-19,DFF,3.83
2022-11-20,DFF,3.83
2022-11-21,DFF,3.83
2022-11-22,DFF,3.83
2022-11-23,DFF,3.83
2022-11-24,DFF,3.83
2022-11-25,DFF,3.83
2022-11-26,DFF,3.83
2022-11-27,DFF,3.83
2022-11-28,DFF,3.83
2022-11-29,DFF,3.83
2022-11-30,DFF,3.83
2022-12-01,DFF,3.83
2022-12-02,DFF,3.83
2022-12-03,DFF,3.83
2022-12-04,DFF,3.83
2022-12-05,DFF,3.83
2022-12-06,DFF,3.83
2022-12-07,DFF,3.83
2022-12-08,DFF,3.83
2022-12-09,DFF,3.83
2022-12-10,DFF,3.83
2022-12-11,DFF,3.83
2022-12-12,DFF,3.83
2022-12-13,DFF,3.83
2022-12-14,DFF,3.83
2022-12-15,DFF,4.33
2022-12-16,DFF,4.33
2022-12-17,DFF,4.33
2022-12-18,DFF,4.33
2022-12-19,DFF,4.33
2022-12-20,DFF,4.33
2022-12-21,DFF,4.33
2022-12-22,DFF,4.33
2022-12-23,DFF,4.33
2022-12-24,DFF,4.33
2022-12-25,DFF,4.33
2022-12-26,DFF,4.33
2022-12-27,DFF,4.33
2022-12-28,DFF,4.33
2022-12-29,DFF,4.33
2022-12-30,DFF,4.33
2022-12-31,DFF,4.33
2023-01-01,DFF,4.33
2023-01-02,DFF,4.33
2023-01-03,DFF,4.33
2023-01-04,DFF,4.33
2023-01-05,DFF,4.33
2023-01-06,DFF,4.33
2023-01-07,DFF,4.33
2023-01-08,DFF,4.33
2023-01-09,DFF,4.33
2023-01-10,DFF,4.33
2023-01-11,DFF,4.33
2023-01-12,DFF,4.33
2023-01-13,DFF,4.33
2023-01-14,DFF,4.33
2023-01-15,DFF,4.33
2023-01-16,DFF,4.33
2023-01-17,DFF,4.33
2023-01-18,DFF,4.33
2023-01-19,DFF,4.33
2023-01-20,DFF,4.33
2023-01-21,DFF,4.33
2023-01-22,DFF,4.33
2023-01-23,DFF,4.33
2023-01-24,DFF,4.33
2023-01-25,DFF,4.33
2023-01-26,DFF,4.33
2023-01-27,DFF,4.33
2023-01-28,DFF,4.33
2023-01-29,DFF,4.33
2023-01-30,DFF,4.33
2023-01-31,DFF,4.33
2023-02-01,DFF,4.33
2023-02-02,DFF,4.58
2023-02-03,DFF,4.58
2023-02-04,DFF,4.58
2023-02-05,DFF,4.58
2023-02-06,DFF,4.58
2023-02-07,DFF,4.58
2023-02-08,DFF,4.58
2023-02-09,DFF,4.57
2023-02-10,DFF,4.58
2023-02-11,DFF,4.58
2023-02-12,DFF,4.58
2023-02-13,DFF,4.58
2023-02-14,DFF,4.58
2023-02-15,DFF,4.58
2023-02-16,DFF,4.58
2023-02-17,DFF,4.58
2023-02-18,DFF,4.58
2023-02-19,DFF,4.58
2023-02-20,DFF,4.58
2023-02-21,DFF,4.58
2023-02-22,DFF,4.58
2023-02-23,DFF,4.58
2023-02-24,DFF,4.58
2023-02-25,DFF,4.58
2023-02-26,DFF,4.58
2023-02-27,DFF,4.57
2023-02-28,DFF,4.57
2023-03-01,DFF,4.58
2023-03-02,DFF,4.57
2023-03-03,DFF,4.57
2023-03-04,DFF,4.57
2023-03-05,DFF,4.57
2023-03-06,DFF,4.57
2023-03-07,DFF,4.57
2023-03-08,DFF,4.57
2023-03-09,DFF,4.57
2023-03-10,DFF,4.57
2023-03-11,DFF,4.57
2023-03-12,DFF,4.57
2023-03-13,DFF,4.58
2023-03-14,DFF,4.58
2023-03-15,DFF,4.58
2023-03-16,DFF,4.58
2023-03-17,DFF,4.58
2023-03-18,DFF,4.58
2023-03-19,DFF,4.58
2023-03-20,DFF,4.58
2023-03-21,DFF,4.58
2023-03-22,DFF,4.58
2023-03-23,DFF,4.83
2023-03-24,DFF,4.83
2023-03-25,DFF,4.83
2023-03-26,DFF,4.83
2023-03-27,DFF,4.83
2023-03-28,DFF,4.83
2023-03-29,DFF,4.83
2023-03-30,DFF,4.83
2023-03-31,DFF,4.83
2023-04-01,DFF,4.83
2023-04-02,DFF,4.83
2023-04-03,DFF,4.83
2023-04-04,DFF,4.83
2023-04-05,DFF,4.83
2023-04-06,DFF,4.83
2023-04-07,DFF,4.83
2023-04-08,DFF,4.83
2023-04-09,DFF,4.83
2023-04-10,DFF,4.83
2023-04-11,DFF,4.83
2023-04-12,DFF,4.83
2023-04-13,DFF,4.83
2023-04-14,DFF,4.83
2023-04-15,DFF,4.83
2023-04-16,DFF,4.83
2023-04-17,DFF,4.83
2023-04-18,DFF,4.83
2023-04-19,DFF,4.83
2023-04-20,DFF,4.83
2023-04-21,DFF,4.83
2023-04-22,DFF,4.83
2023-04-23,DFF,4.83
2023-04-24,DFF,4.83
2023-04-25,DFF,4.83
2023-04-26,DFF,4.83
2023-04-27,DFF,4.83
2023-04-28,DFF,4.83
2023-04-29,DFF,4.83
2023-04-30,DFF,4.83
2023-05-01,DFF,4.83
2023-05-02,DFF,4.83
2023-05-03,DFF,4.83
2023-05-04,DFF,5.08
2023-05-05,DFF,5.08
2023-05-06,DFF,5.08
2023-05-07,DFF,5.08
2023-05-08,DFF,5.08
2023-05-09,DFF,5.08
2023-05-10,DFF,5.08
2023-05-11,DFF,5.08
2023-05-12,DFF,5.08
2023-05-13,DFF,5.08
2023-05-14,DFF,5.08
2023-05-15,DFF,5.08
2023-05-16,DFF,5.08
2023-05-17,DFF,5.08
2023-05-18,DFF,5.08
2023-05-19,DFF,5.08
2023-05-20,DFF,5.08
2023-05-21,DFF,5.08
2023-05-22,DFF,5.08
2023-05-23,DFF,5.08
2023-05-24,DFF,5.08
2023-05-25,DFF,5.08
2023-05-26,DFF,5.08
2023-05-27,DFF,5.08
2023-05-28,DFF,5.08
2023-05-29,DFF,5.08
2023-05-30,DFF,5.08
2023-05-31,DFF,5.08
2023-06-01,DFF,5.08
2023-06-02,DFF,5.08
2023-06-03,DFF,5.08
2023-06-04,DFF,5.08
2023-06-05,DFF,5.08
2023-06-06,DFF,5.08
2023-06-07,DFF,5.08
2023-06-08,DFF,5.08
2023-06-09,DFF,5.08
2023-06-10,DFF,5.08
2023-06-11,DFF,5.08
2023-06-12,DFF,5.08
2023-06-13,DFF,5.08
2023-06-14,DFF,5.08
2023-06-15,DFF,5.07
2023-06-16,DFF,5.08
2023-06-17,DFF,5.08
2023-06-18,DFF,5.08
2023-06-19,DFF,5.08
2023-06-20,DFF,5.07
2023-06-21,DFF,5.07
2023-06-22,DFF,5.07
2023-06-23,DFF,5.07
2023-06-24,DFF,5.07
2023-06-25,DFF,5.07
2023-06-26,DFF,5.07
2023-06-27,DFF,5.07
2023-06-28,DFF,5.07
2023-06-29,DFF,5.07
2023-06-30,DFF,5.08
2023-07-01,DFF,5.08
2023-07-02,DFF,5.08
2023-07-03,DFF,5.08
2023-07-04,DFF,5.08
2023-07-05,DFF,5.08
2023-07-06,DFF,5.08
2023-07-07,DFF,5.08
2023-07-08,DFF,5.08
2023-07-09,DFF,5.08
2023-07-10,DFF,5.07
2023-07-11,DFF,5.08
2023-07-12,DFF,5.08
2023-07-13,DFF,5.08
2023-07-14,DFF,5.08
2023-07-15,DFF,5.08
2023-07-16,DFF,5.08
2023-07-17,DFF,5.08
2023-07-18,DFF,5.08
2023-07-19,DFF,5.08
2023-07-20,DFF,5.08
2023-07-21,DFF,5.08
2023-07-22,DFF,5.08
2023-07-23,DFF,5.08
2023-07-24,DFF,5.08
2023-07-25,DFF,5.08
2023-07-26,DFF,5.08
2023-07-27,DFF,5.33
2023-07-28,DFF,5.33
2023-07-29,DFF,5.33
2023-07-30,DFF,5.33
2023-07-31,DFF,5.33
2023-08-01,DFF,5.33
2023-08-02,DFF,5.33
2023-08-03,DFF,5.33
2023-08-04,DFF,5.33
2023-08-05,DFF,5.33
2023-08-06,DFF,5.33
2023-08-07,DFF,5.33
2023-08-08,DFF,5.33
2023-08-09,DFF,5.33
2023-08-10,DFF,5.33
2023-08-11,DFF,5.33
2023-08-12,DFF,5.33
2023-08-13,DFF,5.33
2023-08-14,DFF,5.33
2023-08-15,DFF,5.33
2023-08-16,DFF,5.33
2023-08-17,DFF,5.33
2023-08-18,DFF,5.33
2023-08-19,DFF,5.33
2023-08-20,DFF,5.33
2023-08-21,DFF,5.33
2023-08-22,DFF,5.33
2023-08-23,DFF,5.33
2023-08-24,DFF,5.33
2023-08-25,DFF,5.33
2023-08-26,DFF,5.33
2023-08-27,DFF,5.33
2023-08-28,DFF,5.33
2023-08-29,DFF,5.33
2023-08-30,DFF,5.33
2023-08-31,DFF,5.33
2023-09-01,DFF,5.33
2023-09-02,DFF,5.33
2023-09-03,DFF,5.33
2023-09-04,DFF,5.33
2023-09-05,DFF,5.33
2023-09-06,DFF,5.33
2023-09-07,DFF,5.33
2023-09-08,DFF,5.33
2023-09-09,DFF,5.33
2023-09-10,DFF,5.33
2023-09-11,DFF,5.33
2023-09-12,DFF,5.33
2023-09-13,DFF,5.33
2023-09-14,DFF,5.33
2023-09-15,DFF,5.33
2023-09-16,DFF,5.33
2023-09-17,DFF,5.33
2023-09-18,DFF,5.33
2023-09-19,DFF,5.33
2023-09-20,DFF,5.33
2023-09-21,DFF,5.33
2023-09-22,DFF,5.33
2023-09-23,DFF,5.33
2023-09-24,DFF,5.33
2023-09-25,DFF,5.33
2023-09-26,DFF,5.33
2023-09-27,DFF,5.33
2023-09-28,DFF,5.33
2023-09-29,DFF,5.33
2023-09-30,DFF,5.33
2023-10-01,DFF,5.33
2023-10-02,DFF,5.33
2023-10-03,DFF,5.33
2023-10-04,DFF,5.33
2023-10-05,DFF,5.33
2023-10-06,DFF,5.33
2023-10-07,DFF,5.33
2023-10-08,DFF,5.33
2023-10-09,DFF,5.33
2023-10-10,DFF,5.33
2023-10-11,DFF,5.33
2023-10-12,DFF,5.33
2023-10-13,DFF,5.33
2023-10-14,DFF,5.33
2023-10-15,DFF,5.33
2023-10-16,DFF,5.33
2023-10-17,DFF,5.33
2023-10-18,DFF,5.33
2023-10-19,DFF,5.33
2023-10-20,DFF,5.33
2023-10-21,DFF,5.33
2023-10-22,DFF,5.33
2023-10-23,DFF,5.33
2023-10-24,DFF,5.33
2023-10-25,DFF,5.33
2023-10-26,DFF,5.33
2023-10-27,DFF,5.33
2023-10-28,DFF,5.33
2023-10-29,DFF,5.33
2023-10-30,DFF,5.33
2023-10-31,DFF,5.33
2023-11-01,DFF,5.33
2023-11-02,DFF,5.33
2023-11-03,DFF,5.33
2023-11-04,DFF,5.33
2023-11-05,DFF,5.33
2023-11-06,DFF,5.33
2023-11-07,DFF,5.33
2023-11-08,DFF,5.33
2023-11-09,DFF,5.33
2023-11-10,DFF,5.33
2023-11-11,DFF,5.33
2023-11-12,DFF,5.33
2023-11-13,DFF,5.33
2023-11-14,DFF,5.33
2023-11-15,DFF,5.33
2023-11-16,DFF,5.33
2023-11-17,DFF,5.33
2023-11-18,DFF,5.33
2023-11-19,DFF,5.33
2023-11-20,DFF,5.33
2023-11-21,DFF,5.33
2023-11-22,DFF,5.33
2023-11-23,DFF,5.33
2023-11-24,DFF,5.33
2023-11-25,DFF,5.33
2023-11-26,DFF,5.33
2023-11-27,DFF,5.33
2023-11-28,DFF,5.33
2023-11-29,DFF,5.33
2023-11-30,DFF,5.33
2023-12-01,DFF,5.33
2023-12-02,DFF,5.33
2023-12-03,DFF,5.33
2023-12-04,DFF,5.33
2023-12-05,DFF,5.33
2023-12-06,DFF,5.33
2023-12-07,DFF,5.33
2023-12-08,DFF,5.33
2023-12-09,DFF,5.33
2023-12-10,DFF,5.33
2023-12-11,DFF,5.33
2023-12-12,DFF,5.33
2023-12-13,DFF,5.33
2023-12-14,DFF,5.33
2023-12-15,DFF,5.33
2023-12-16,DFF,5.33
2023-12-17,DFF,5.33
2023-12-18,DFF,5.33
2023-12-19,DFF,5.33
2023-12-20,DFF,5.33
2023-12-21,DFF,5.33
2023-12-22,DFF,5.33
2023-12-23,DFF,5.33
2023-12-24,DFF,5.33
2023-12-25,DFF,5.33
2023-12-26,DFF,5.33
2023-12-27,DFF,5.33
2023-12-28,DFF,5.33
2023-12-29,DFF,5.33
2023-12-30,DFF,5.33
2023-12-31,DFF,5.33
2024-01-01,DFF,5.33
2024-01-02,DFF,5.33
2024-01-03,DFF,5.33
2024-01-04,DFF,5.33
2024-01-05,DFF,5.33
2024-01-06,DFF,5.33
2024-01-07,DFF,5.33
2024-01-08,DFF,5.33
2024-01-09,DFF,5.33
2024-01-10,DFF,5.33
2024-01-11,DFF,5.33
2024-01-12,DFF,5.33
2024-01-13,DFF,5.33
2024-01-14,DFF,5.33
2024-01-15,DFF,5.33
2024-01-16,DFF,5.33
2024-01-17,DFF,5.33
2024-01-18,DFF,5.33
2024-01-19,DFF,5.33
2024-01-20,DFF,5.33
2024-01-21,DFF,5.33
2024-01-22,DFF,5.33
2024-01-23,DFF,5.33
2024-01-24,DFF,5.33
2024-01-25,DFF,5.33
2024-01-26,DFF,5.33
2024-01-27,DFF,5.33
2024-01-28,DFF,5.33
2024-01-29,DFF,5.33
2024-01-30,DFF,5.33
2024-01-31,DFF,5.33
2024-02-01,DFF,5.33
2024-02-02,DFF,5.33
2024-02-03,DFF,5.33
2024-02-04,DFF,5.33
2024-02-05,DFF,5.33
2024-02-06,DFF,5.33
2024-02-07,DFF,5.33
2024-02-08,DFF,5.33
2024-02-09,DFF,5.33
2024-02-10,DFF,5.33
2024-02-11,DFF,5.33
2024-02-12,DFF,5.33
2024-02-13,DFF,5.33
2024-02-14,DFF,5.33
2024-02-15,DFF,5.33
2024-02-16,DFF,5.33
2024-02-17,DFF,5.33
2024-02-18,DFF,5.33
2024-02-19,DFF,5.33
2024-02-20,DFF,5.33
2024-02-21,DFF,5.33
2024-02-22,DFF,5.33
2024-02-23,DFF,5.33
2024-02-24,DFF,5.33
2024-02-25,DFF,5.33
2024-02-26,DFF,5.33
2024-02-27,DFF,5.33
2024-02-28,DFF,5.33
2024-02-29,DFF,5.33
2024-03-01,DFF,5.33
2024-03-02,DFF,5.33
2024-03-03,DFF,5.33
2024-03-04,DFF,5.33
2024-03-05,DFF,5.33
2024-03-06,DFF,5.33
2024-03-07,DFF,5.33
2024-03-08,DFF,5.33
2024-03-09,DFF,5.33
2024-03-10,DFF,5.33
2024-03-11,DFF,5.33
2024-03-12,DFF,5.33
2024-03-13,DFF,5.33
2024-03-14,DFF,5.33
2024-03-15,DFF,5.33
2024-03-16,DFF,5.33
2024-03-17,DFF,5.33
2024-03-18,DFF,5.33
2024-03-19,DFF,5.33
2024-03-20,DFF,5.33
2024-03-21,DFF,5.33
2024-03-22,DFF,5.33
2024-03-23,DFF,5.33
2024-03-24,DFF,5.33
2024-03-25,DFF,5.33
2024-03-26,DFF,5.33
2024-03-27,DFF,5.33
2024-03-28,DFF,5.33
2024-03-29,DFF,5.33
2024-03-30,DFF,5.33
2024-03-31,DFF,5.33
2024-04-01,DFF,5.33
2024-04-02,DFF,5.33
2024-04-03,DFF,5.33
2024-04-04,DFF,5.33
2024-04-05,DFF,5.33
2024-04-06,DFF,5.33
2024-04-07,DFF,5.33
2024-04-08,DFF,5.33
2024-04-09,DFF,5.33
2024-04-10,DFF,5.33
2024-04-11,DFF,5.33
2024-04-12,DFF,5.33
2024-04-13,DFF,5.33
2024-04-14,DFF,5.33
2024-04-15,DFF,5.33
2024-04-16,DFF,5.33
2024-04-17,DFF,5.33
2024-04-18,DFF,5.33
2024-04-19,DFF,5.33
2024-04-20,DFF,5.33
2024-04-21,DFF,5.33
2024-04-22,DFF,5.33
2024-04-23,DFF,5.33
2024-04-24,DFF,5.33
2024-04-25,DFF,5.33
2024-04-26,DFF,5.33
2024-04-27,DFF,5.33
2024-04-28,DFF,5.33
2024-04-29,DFF,5.33
2024-04-30,DFF,5.33
2024-05-01,DFF,5.33
2024-05-02,DFF,5.33
2024-05-03,DFF,5.33
2024-05-04,DFF,5.33
2024-05-05,DFF,5.33
2024-05-06,DFF,5.33
2024-05-07,DFF,5.33
2024-05-08,DFF,5.33
2024-05-09,DFF,5.33
2024-05-10,DFF,5.33
2024-05-11,DFF,5.33
2024-05-12,DFF,5.33
2024-05-13,DFF,5.33
2024-05-14,DFF,5.33
2024-05-15,DFF,5.33
2024-05-16,DFF,5.33
2024-05-17,DFF,5.33
2024-05-18,DFF,5.33
2024-05-19,DFF,5.33
2024-05-20,DFF,5.33
2024-05-21,DFF,5.33
2024-05-22,DFF,5.33
2024-05-23,DFF,5.33
2024-05-24,DFF,5.33
2024-05-25,DFF,5.33
2024-05-26,DFF,5.33
2024-05-27,DFF,5.33
2024-05-28,DFF,5.33
2024-05-29,DFF,5.33
2024-05-30,DFF,5.33
2024-05-31,DFF,5.33
2024-06-01,DFF,5.33
2024-06-02,DFF,5.33
2024-06-03,DFF,5.33
2024-06-04,DFF,5.33
2024-06-05,DFF,5.33
2024-06-06,DFF,5.33
2024-06-07,DFF,5.33
2024-06-08,DFF,5.33
2024-06-09,DFF,5.33
2024-06-10,DFF,5.33
2024-06-11,DFF,5.33
2024-06-12,DFF,5.33
2024-06-13,DFF,5.33
2024-06-14,DFF,5.33
2024-06-15,DFF,5.33
2024-06-16,DFF,5.33
2024-06-17,DFF,5.33
2024-06-18,DFF,5.33
2024-06-19,DFF,5.33
2024-06-20,DFF,5.33
2024-06-21,DFF,5.33
2024-06-22,DFF,5.33
2024-06-23,DFF,5.33
2024-06-24,DFF,5.33
2024-06-25,DFF,5.33
2024-06-26,DFF,5.33
2024-06-27,DFF,5.33
2024-06-28,DFF,5.33
2024-06-29,DFF,5.33
2024-06-30,DFF,5.33
2024-07-01,DFF,5.33
2024-07-02,DFF,5.33
2024-07-03,DFF,5.33
2024-07-04,DFF,5.33
2024-07-05,DFF,5.33
2024-07-06,DFF,5.33
2024-07-07,DFF,5.33
2024-07-08,DFF,5.33
2024-07-09,DFF,5.33
2024-07-10,DFF,5.33
2024-07-11,DFF,5.33
2024-07-12,DFF,5.33
2024-07-13,DFF,5.33
2024-07-14,DFF,5.33
2024-07-15,DFF,5.33
2024-07-16,DFF,5.33
2024-07-17,DFF,5.33
2024-07-18,DFF,5.33
2024-07-19,DFF,5.33
2024-07-20,DFF,5.33
2024-07-21,DFF,5.33
2024-07-22,DFF,5.33
2024-07-23,DFF,5.33
2024-07-24,DFF,5.33
2024-07-25,DFF,5.33
2024-07-26,DFF,5.33
2024-07-27,DFF,5.33
2024-07-28,DFF,5.33
2024-07-29,DFF,5.33
2024-07-30,DFF,5.33
2024-07-31,DFF,5.33
2024-08-01,DFF,5.33
2024-08-02,DFF,5.33
2024-08-03,DFF,5.33
2024-08-04,DFF,5.33
2024-08-05,DFF,5.33
2024-08-06,DFF,5.33
2024-08-07,DFF,5.33
2024-08-08,DFF,5.33
2024-08-09,DFF,5.33
2024-08-10,DFF,5.33
2024-08-11,DFF,5.33
2024-08-12,DFF,5.33
2024-08-13,DFF,5.33
2024-08-14,DFF,5.33
2024-08-15,DFF,5.33
2024-08-16,DFF,5.33
2024-08-17,DFF,5.33
2024-08-18,DFF,5.33
2024-08-19,DFF,5.33
2024-08-20,DFF,5.33
2024-08-21,DFF,5.33
2024-08-22,DFF,5.33
2024-08-23,DFF,5.33
2024-08-24,DFF,5.33
2024-08-25,DFF,5.33
2024-08-26,DFF,5.33
2024-08-27,DFF,5.33
2024-08-28,DFF,5.33
2024-08-29,DFF,5.33
2024-08-30,DFF,5.33
2024-08-31,DFF,5.33
2024-09-01,DFF,5.33
2024-09-02,DFF,5.33
2024-09-03,DFF,5.33
2024-09-04,DFF,5.33
2024-09-05,DFF,5.33
2024-09-06,DFF,5.33
2024-09-07,DFF,5.33
2024-09-08,DFF,5.33
2024-09-09,DFF,5.33
2024-09-10,DFF,5.33
2024-09-11,DFF,5.33
2024-09-12,DFF,5.33
2024-09-13,DFF,5.33
2024-09-14,DFF,5.33
2024-09-15,DFF,5.33
2024-09-16,DFF,5.33
2024-09-17,DFF,5.33
2024-09-18,DFF,5.33
2024-09-19,DFF,4.83
2024-09-20,DFF,4.83
2024-09-21,DFF,4.83
2024-09-22,DFF,4.83
2024-09-23,DFF,4.83
2024-09-24,DFF,4.83
2024-09-25,DFF,4.83
2024-09-26,DFF,4.83
2024-09-27,DFF,4.83
2024-09-28,DFF,4.83
2024-09-29,DFF,4.83
2024-09-30,DFF,4.83
2024-10-01,DFF,4.83
2024-10-02,DFF,4.83
2024-10-03,DFF,4.83
2024-10-04,DFF,4.83
2024-10-05,DFF,4.83
2024-10-06,DFF,4.83
2024-10-07,DFF,4.83
2024-10-08,DFF,4.83
2024-10-09,DFF,4.83
2024-10-10,DFF,4.83
2024-10-11,DFF,4.83
2024-10-12,DFF,4.83
2024-10-13,DFF,4.83
2024-10-14,DFF,4.83
2024-10-15,DFF,4.83
2024-10-16,DFF,4.83
2024-10-17,DFF,4.83
2024-10-18,DFF,4.83
2024-10-19,DFF,4.83
2024-10-20,DFF,4.83
2024-10-21,DFF,4.83
2024-10-22,DFF,4.83
2024-10-23,DFF,4.83
2024-10-24,DFF,4.83
2024-10-25,DFF,4.83
2024-10-26,DFF,4.83
2024-10-27,DFF,4.83
2024-10-28,DFF,4.83
2024-10-29,DFF,4.83
2024-10-30,DFF,4.83
2024-10-31,DFF,4.83
2024-11-01,DFF,4.83
2024-11-02,DFF,4.83
2024-11-03,DFF,4.83
2024-11-04,DFF,4.83
2024-11-05,DFF,4.83
2024-11-06,DFF,4.83
2024-11-07,DFF,4.83
2024-11-08,DFF,4.58
2024-11-09,DFF,4.58
2024-11-10,DFF,4.58
2024-11-11,DFF,4.58
2024-11-12,DFF,4.58
2024-11-13,DFF,4.58
2024-11-14,DFF,4.58
2024-11-15,DFF,4.58
2024-11-16,DFF,4.58
2024-11-17,DFF,4.58
2024-11-18,DFF,4.58
2024-11-19,DFF,4.58
2024-11-20,DFF,4.58
2024-11-21,DFF,4.58
2024-11-22,DFF,4.58
2024-11-23,DFF,4.58
2024-11-24,DFF,4.58
2024-11-25,DFF,4.58
2024-11-26,DFF,4.58
2024-11-27,DFF,4.58
2024-11-28,DFF,4.58
2024-11-29,DFF,4.58
2024-11-30,DFF,4.58
2024-12-01,DFF,4.58
2024-12-02,DFF,4.58
2024-12-03,DFF,4.58
2024-12-04,DFF,4.58
2024-12-05,DFF,4.58
2024-12-06,DFF,4.58
2024-12-07,DFF,4.58
2024-12-08,DFF,4.58
2024-12-09,DFF,4.58
2024-12-10,DFF,4.58
2024-12-11,DFF,4.58
2024-12-12,DFF,4.58
2024-12-13,DFF,4.58
2024-12-14,DFF,4.58
2024-12-15,DFF,4.58
2024-12-16,DFF,4.58
2024-12-17,DFF,4.58
2024-12-18,DFF,4.58
2024-12-19,DFF,4.33
2024-12-20,DFF,4.33
2024-12-21,DFF,4.33
2024-12-22,DFF,4.33
2024-12-23,DFF,4.33
2024-12-24,DFF,4.33
2024-12-25,DFF,4.33
2024-12-26,DFF,4.33
2024-12-27,DFF,4.33
2024-12-28,DFF,4.33
2024-12-29,DFF,4.33
2024-12-30,DFF,4.33
2024-12-31,DFF,4.33
2021-07-29,IORB,0.15
2021-07-30,IORB,0.15
2021-07-31,IORB,0.15
2021-08-01,IORB,0.15
2021-08-02,IORB,0.15
2021-08-03,IORB,0.15
2021-08-04,IORB,0.15
2021-08-05,IORB,0.15
2021-08-06,IORB,0.15
2021-08-07,IORB,0.15
2021-08-08,IORB,0.15
2021-08-09,IORB,0.15
2021-08-10,IORB,0.15
2021-08-11,IORB,0.15
2021-08-12,IORB,0.15
2021-08-13,IORB,0.15
2021-08-14,IORB,0.15
2021-08-15,IORB,0.15
2021-08-16,IORB,0.15
2021-08-17,IORB,0.15
2021-08-18,IORB,0.15
2021-08-19,IORB,0.15
2021-08-20,IORB,0.15
2021-08-21,IORB,0.15
2021-08-22,IORB,0.15
2021-08-23,IORB,0.15
2021-08-24,IORB,0.15
2021-08-25,IORB,0.15
2021-08-26,IORB,0.15
2021-08-27,IORB,0.15
2021-08-28,IORB,0.15
2021-08-29,IORB,0.15
2021-08-30,IORB,0.15
2021-08-31,IORB,0.15
2021-09-01,IORB,0.15
2021-09-02,IORB,0.15
2021-09-03,IORB,0.15
2021-09-04,IORB,0.15
2021-09-05,IORB,0.15
2021-09-06,IORB,0.15
2021-09-07,IORB,0.15
2021-09-08,IORB,0.15
2021-09-09,IORB,0.15
2021-09-10,IORB,0.15
2021-09-11,IORB,0.15
2021-09-12,IORB,0.15
2021-09-13,IORB,0.15
2021-09-14,IORB,0.15
2021-09-15,IORB,0.15
2021-09-16,IORB,0.15
2021-09-17,IORB,0.15
2021-09-18,IORB,0.15
2021-09-19,IORB,0.15
2021-09-20,IORB,0.15
2021-09-21,IORB,0.15
2021-09-22,IORB,0.15
2021-09-23,IORB,0.15
2021-09-24,IORB,0.15
2021-09-25,IORB,0.15
2021-09-26,IORB,0.15
2021-09-27,IORB,0.15
2021-09-28,IORB,0.15
2021-09-29,IORB,0.15
2021-09-30,IORB,0.15
2021-10-01,IORB,0.15
2021-10-02,IORB,0.15
2021-10-03,IORB,0.15
2021-10-04,IORB,0.15
2021-10-05,IORB,0.15
2021-10-06,IORB,0.15
2021-10-07,IORB,0.15
2021-10-08,IORB,0.15
2021-10-09,IORB,0.15
2021-10-10,IORB,0.15
2021-10-11,IORB,0.15
2021-10-12,IORB,0.15
2021-10-13,IORB,0.15
2021-10-14,IORB,0.15
2021-10-15,IORB,0.15
2021-10-16,IORB,0.15
2021-10-17,IORB,0.15
2021-10-18,IORB,0.15
2021-10-19,IORB,0.15
2021-10-20,IORB,0.15
2021-10-21,IORB,0.15
2021-10-22,IORB,0.15
2021-10-23,IORB,0.15
2021-10-24,IORB,0.15
2021-10-25,IORB,0.15
2021-10-26,IORB,0.15
2021-10-27,IORB,0.15
2021-10-28,IORB,0.15
2021-10-29,IORB,0.15
2021-10-30,IORB,0.15
2021-10-31,IORB,0.15
2021-11-01,IORB,0.15
2021-11-02,IORB,0.15
2021-11-03,IORB,0.15
2021-11-04,IORB,0.15
2021-11-05,IORB,0.15
2021-11-06,IORB,0.15
2021-11-07,IORB,0.15
2021-11-08,IORB,0.15
2021-11-09,IORB,0.15
2021-11-10,IORB,0.15
2021-11-11,IORB,0.15
2021-11-12,IORB,0.15
2021-11-13,IORB,0.15
2021-11-14,IORB,0.15
2021-11-15,IORB,0.15
2021-11-16,IORB,0.15
2021-11-17,IORB,0.15
2021-11-18,IORB,0.15
2021-11-19,IORB,0.15
2021-11-20,IORB,0.15
2021-11-21,IORB,0.15
2021-11-22,IORB,0.15
2021-11-23,IORB,0.15
2021-11-24,IORB,0.15
2021-11-25,IORB,0.15
2021-11-26,IORB,0.15
2021-11-27,IORB,0.15
2021-11-28,IORB,0.15
2021-11-29,IORB,0.15
2021-11-30,IORB,0.15
2021-12-01,IORB,0.15
2021-12-02,IORB,0.15
2021-12-03,IORB,0.15
2021-12-04,IORB,0.15
2021-12-05,IORB,0.15
2021-12-06,IORB,0.15
2021-12-07,IORB,0.15
2021-12-08,IORB,0.15
2021-12-09,IORB,0.15
2021-12-10,IORB,0.15
2021-12-11,IORB,0.15
2021-12-12,IORB,0.15
2021-12-13,IORB,0.15
2021-12-14,IORB,0.15
2021-12-15,IORB,0.15
2021-12-16,IORB,0.15
2021-12-17,IORB,0.15
2021-12-18,IORB,0.15
2021-12-19,IORB,0.15
2021-12-20,IORB,0.15
2021-12-21,IORB,0.15
2021-12-22,IORB,0.15
2021-12-23,IORB,0.15
2021-12-24,IORB,0.15
2021-12-25,IORB,0.15
2021-12-26,IORB,0.15
2021-12-27,IORB,0.15
2021-12-28,IORB,0.15
2021-12-29,IORB,0.15
2021-12-30,IORB,0.15
2021-12-31,IORB,0.15
2022-01-01,IORB,0.15
2022-01-02,IORB,0.15
2022-01-03,IORB,0.15
2022-01-04,IORB,0.15
2022-01-05,IORB,0.15
2022-01-06,IORB,0.15
2022-01-07,IORB,0.15
2022-01-08,IORB,0.15
2022-01-09,IORB,0.15
2022-01-10,IORB,0.15
2022-01-11,IORB,0.15
2022-01-12,IORB,0.15
2022-01-13,IORB,0.15
2022-01-14,IORB,0.15
2022-01-15,IORB,0.15
2022-01-16,IORB,0.15
2022-01-17,IORB,0.15
2022-01-18,IORB,0.15
2022-01-19,IORB,0.15
2022-01-20,IORB,0.15
2022-01-21,IORB,0.15
2022-01-22,IORB,0.15
2022-01-23,IORB,0.15
2022-01-24,IORB,0.15
2022-01-25,IORB,0.15
2022-01-26,IORB,0.15
2022-01-27,IORB,0.15
2022-01-28,IORB,0.15
2022-01-29,IORB,0.15
2022-01-30,IORB,0.15
2022-01-31,IORB,0.15
2022-02-01,IORB,0.15
2022-02-02,IORB,0.15
2022-02-03,IORB,0.15
2022-02-04,IORB,0.15
2022-02-05,IORB,0.15
2022-02-06,IORB,0.15
2022-02-07,IORB,0.15
2022-02-08,IORB,0.15
2022-02-09,IORB,0.15
2022-02-10,IORB,0.15
2022-02-11,IORB,0.15
2022-02-12,IORB,0.15
2022-02-13,IORB,0.15
2022-02-14,IORB,0.15
2022-02-15,IORB,0.15
2022-02-16,IORB,0.15
2022-02-17,IORB,0.15
2022-02-18,IORB,0.15
2022-02-19,IORB,0.15
2022-02-20,IORB,0.15
2022-02-21,IORB,0.15
2022-02-22,IORB,0.15
2022-02-23,IORB,0.15
2022-02-24,IORB,0.15
2022-02-25,IORB,0.15
2022-02-26,IORB,0.15
2022-02-27,IORB,0.15
2022-02-28,IORB,0.15
2022-03-01,IORB,0.15
2022-03-02,IORB,0.15
2022-03-03,IORB,0.15
2022-03-04,IORB,0.15
2022-03-05,IORB,0.15
2022-03-06,IORB,0.15
2022-03-07,IORB,0.15
2022-03-08,IORB,0.15
2022-03-09,IORB,0.15
2022-03-10,IORB,0.15
2022-03-11,IORB,0.15
2022-03-12,IORB,0.15
2022-03-13,IORB,0.15
2022-03-14,IORB,0.15
2022-03-15,IORB,0.15
2022-03-16,IORB,0.15
2022-03-17,IORB,0.40
2022-03-18,IORB,0.40
2022-03-19,IORB,0.40
2022-03-20,IORB,0.40
2022-03-21,IORB,0.40
2022-03-22,IORB,0.40
2022-03-23,IORB,0.40
2022-03-24,IORB,0.40
2022-03-25,IORB,0.40
2022-03-26,IORB,0.40
2022-03-27,IORB,0.40
2022-03-28,IORB,0.40
2022-03-29,IORB,0.40
2022-03-30,IORB,0.40
2022-03-31,IORB,0.40
2022-04-01,IORB,0.40
2022-04-02,IORB,0.40
2022-04-03,IORB,0.40
2022-04-04,IORB,0.40
2022-04-05,IORB,0.40
2022-04-06,IORB,0.40
2022-04-07,IORB,0.40
2022-04-08,IORB,0.40
2022-04-09,IORB,0.40
2022-04-10,IORB,0.40
2022-04-11,IORB,0.40
2022-04-12,IORB,0.40
2022-04-13,IORB,0.40
2022-04-14,IORB,0.40
2022-04-15,IORB,0.40
2022-04-16,IORB,0.40
2022-04-17,IORB,0.40
2022-04-18,IORB,0.40
2022-04-19,IORB,0.40
2022-04-20,IORB,0.40
2022-04-21,IORB,0.40
2022-04-22,IORB,0.40
2022-04-23,IORB,0.40
2022-04-24,IORB,0.40
2022-04-25,IORB,0.40
2022-04-26,IORB,0.40
2022-04-27,IORB,0.40
2022-04-28,IORB,0.40
2022-04-29,IORB,0.40
2022-04-30,IORB,0.40
2022-05-01,IORB,0.40
2022-05-02,IORB,0.40
2022-05-03,IORB,0.40
2022-05-04,IORB,0.40
2022-05-05,IORB,0.90
2022-05-06,IORB,0.90
2022-05-07,IORB,0.90
2022-05-08,IORB,0.90
2022-05-09,IORB,0.90
2022-05-10,IORB,0.90
2022-05-11,IORB,0.90
2022-05-12,IORB,0.90
2022-05-13,IORB,0.90
2022-05-14,IORB,0.90
2022-05-15,IORB,0.90
2022-05-16,IORB,0.90
2022-05-17,IORB,0.90
2022-05-18,IORB,0.90
2022-05-19,IORB,0.90
2022-05-20,IORB,0.90
2022-05-21,IORB,0.90
2022-05-22,IORB,0.90
2022-05-23,IORB,0.90
2022-05-24,IORB,0.90
2022-05-25,IORB,0.90
2022-05-26,IORB,0.90
2022-05-27,IORB,0.90
2022-05-28,IORB,0.90
2022-05-29,IORB,0.90
2022-05-30,IORB,0.90
2022-05-31,IORB,0.90
2022-06-01,IORB,0.90
2022-06-02,IORB,0.90
2022-06-03,IORB,0.90
2022-06-04,IORB,0.90
2022-06-05,IORB,0.90
2022-06-06,IORB,0.90
2022-06-07,IORB,0.90
2022-06-08,IORB,0.90
2022-06-09,IORB,0.90
2022-06-10,IORB,0.90
2022-06-11,IORB,0.90
2022-06-12,IORB,0.90
2022-06-13,IORB,0.90
2022-06-14,IORB,0.90
2022-06-15,IORB,0.90
2022-06-16,IORB,1.65
2022-06-17,IORB,1.65
2022-06-18,IORB,1.65
2022-06-19,IORB,1.65
2022-06-20,IORB,1.65
2022-06-21,IORB,1.65
2022-06-22,IORB,1.65
2022-06-23,IORB,1.65
2022-06-24,IORB,1.65
2022-06-25,IORB,1.65
2022-06-26,IORB,1.65
2022-06-27,IORB,1.65
2022-06-28,IORB,1.65
2022-06-29,IORB,1.65
2022-06-30,IORB,1.65
2022-07-01,IORB,1.65
2022-07-02,IORB,1.65
2022-07-03,IORB,1.65
2022-07-04,IORB,1.65
2022-07-05,IORB,1.65
2022-07-06,IORB,1.65
2022-07-07,IORB,1.65
2022-07-08,IORB,1.65
2022-07-09,IORB,1.65
2022-07-10,IORB,1.65
2022-07-11,IORB,1.65
2022-07-12,IORB,1.65
2022-07-13,IORB,1.65
2022-07-14,IORB,1.65
2022-07-15,IORB,1.65
2022-07-16,IORB,1.65
2022-07-17,IORB,1.65
2022-07-18,IORB,1.65
2022-07-19,IORB,1.65
2022-07-20,IORB,1.65
2022-07-21,IORB,1.65
2022-07-22,IORB,1.65
2022-07-23,IORB,1.65
2022-07-24,IORB,1.65
2022-07-25,IORB,1.65
2022-07-26,IORB,1.65
2022-07-27,IORB,1.65
2022-07-28,IORB,2.40
2022-07-29,IORB,2.40
2022-07-30,IORB,2.40
2022-07-31,IORB,2.40
2022-08-01,IORB,2.40
2022-08-02,IORB,2.40
2022-08-03,IORB,2.40
2022-08-04,IORB,2.40
2022-08-05,IORB,2.40
2022-08-06,IORB,2.40
2022-08-07,IORB,2.40
2022-08-08,IORB,2.40
2022-08-09,IORB,2.40
2022-08-10,IORB,2.40
2022-08-11,IORB,2.40
2022-08-12,IORB,2.40
2022-08-13,IORB,2.40
2022-08-14,IORB,2.40
2022-08-15,IORB,2.40
2022-08-16,IORB,2.40
2022-08-17,IORB,2.40
2022-08-18,IORB,2.40
2022-08-19,IORB,2.40
2022-08-20,IORB,2.40
2022-08-21,IORB,2.40
2022-08-22,IORB,2.40
2022-08-23,IORB,2.40
2022-08-24,IORB,2.40
2022-08-25,IORB,2.40
2022-08-26,IORB,2.40
2022-08-27,IORB,2.40
2022-08-28,IORB,2.40
2022-08-29,IORB,2.40
2022-08-30,IORB,2.40
2022-08-31,IORB,2.40
2022-09-01,IORB,2.40
2022-09-02,IORB,2.40
2022-09-03,IORB,2.40
2022-09-04,IORB,2.40
2022-09-05,IORB,2.40
2022-09-06,IORB,2.40
2022-09-07,IORB,2.40
2022-09-08,IORB,2.40
2022-09-09,IORB,2.40
2022-09-10,IORB,2.40
2022-09-11,IORB,2.40
2022-09-12,IORB,2.40
2022-09-13,IORB,2.40
2022-09-14,IORB,2.40
2022-09-15,IORB,2.40
2022-09-16,IORB,2.40
2022-09-17,IORB,2.40
2022-09-18,IORB,2.40
2022-09-19,IORB,2.40
2022-09-20,IORB,2.40
2022-09-21,IORB,2.40
2022-09-22,IORB,3.15
2022-09-23,IORB,3.15
2022-09-24,IORB,3.15
2022-09-25,IORB,3.15
2022-09-26,IORB,3.15
2022-09-27,IORB,3.15
2022-09-28,IORB,3.15
2022-09-29,IORB,3.15
2022-09-30,IORB,3.15
2022-10-01,IORB,3.15
2022-10-02,IORB,3.15
2022-10-03,IORB,3.15
2022-10-04,IORB,3.15
2022-10-05,IORB,3.15
2022-10-06,IORB,3.15
2022-10-07,IORB,3.15
2022-10-08,IORB,3.15
2022-10-09,IORB,3.15
2022-10-10,IORB,3.15
2022-10-11,IORB,3.15
2022-10-12,IORB,3.15
2022-10-13,IORB,3.15
2022-10-14,IORB,3.15
2022-10-15,IORB,3.15
2022-10-16,IORB,3.15
2022-10-17,IORB,3.15
2022-10-18,IORB,3.15
2022-10-19,IORB,3.15
2022-10-20,IORB,3.15
2022-10-21,IORB,3.15
2022-10-22,IORB,3.15
2022-10-23,IORB,3.15
2022-10-24,IORB,3.15
2022-10-25,IORB,3.15
2022-10-26,IORB,3.15
2022-10-27,IORB,3.15
2022-10-28,IORB,3.15
2022-10-29,IORB,3.15
2022-10-30,IORB,3.15
2022-10-31,IORB,3.15
2022-11-01,IORB,3.15
2022-11-02,IORB,3.15
2022-11-03,IORB,3.90
2022-11-04,IORB,3.90
2022-11-05,IORB,3.90
2022-11-06,IORB,3.90
2022-11-07,IORB,3.90
2022-11-08,IORB,3.90
2022-11-09,IORB,3.90
2022-11-10,IORB,3.90
2022-11-11,IORB,3.90
2022-11-12,IORB,3.90
2022-11-13,IORB,3.90
2022-11-14,IORB,3.90
2022-11-15,IORB,3.90
2022-11-16,IORB,3.90
2022-11-17,IORB,3.90
2022-11-18,IORB,3.90
2022-11-19,IORB,3.90
2022-11-20,IORB,3.90
2022-11-21,IORB,3.90
2022-11-22,IORB,3.90
2022-11-23,IORB,3.90
2022-11-24,IORB,3.90
2022-11-25,IORB,3.90
2022-11-26,IORB,3.90
2022-11-27,IORB,3.90
2022-11-28,IORB,3.90
2022-11-29,IORB,3.90
2022-11-30,IORB,3.90
2022-12-01,IORB,3.90
2022-12-02,IORB,3.90
2022-12-03,IORB,3.90
2022-12-04,IORB,3.90
2022-12-05,IORB,3.90
2022-12-06,IORB,3.90
2022-12-07,IORB,3.90
2022-12-08,IORB,3.90
2022-12-09,IORB,3.90
2022-12-10,IORB,3.90
2022-12-11,IORB,3.90
2022-12-12,IORB,3.90
2022-12-13,IORB,3.90
2022-12-14,IORB,3.90
2022-12-15,IORB,4.40
2022-12-16,IORB,4.40
2022-12-17,IORB,4.40
2022-12-18,IORB,4.40
2022-12-19,IORB,4.40
2022-12-20,IORB,4.40
2022-12-21,IORB,4.40
2022-12-22,IORB,4.40
2022-12-23,IORB,4.40
2022-12-24,IORB,4.40
2022-12-25,IORB,4.40
2022-12-26,IORB,4.40
2022-12-27,IORB,4.40
2022-12-28,IORB,4.40
2022-12-29,IORB,4.40
2022-12-30,IORB,4.40
2022-12-31,IORB,4.40
2023-01-01,IORB,4.40
2023-01-02,IORB,4.40
2023-01-03,IORB,4.40
2023-01-04,IORB,4.40
2023-01-05,IORB,4.40
2023-01-06,IORB,4.40
2023-01-07,IORB,4.40
2023-01-08,IORB,4.40
2023-01-09,IORB,4.40
2023-01-10,IORB,4.40
2023-01-11,IORB,4.40
2023-01-12,IORB,4.40
2023-01-13,IORB,4.40
2023-01-14,IORB,4.40
2023-01-15,IORB,4.40
2023-01-16,IORB,4.40
2023-01-17,IORB,4.40
2023-01-18,IORB,4.40
2023-01-19,IORB,4.40
2023-01-20,IORB,4.40
2023-01-21,IORB,4.40
2023-01-22,IORB,4.40
2023-01-23,IORB,4.40
2023-01-24,IORB,4.40
2023-01-25,IORB,4.40
2023-01-26,IORB,4.40
2023-01-27,IORB,4.40
2023-01-28,IORB,4.40
2023-01-29,IORB,4.40
2023-01-30,IORB,4.40
2023-01-31,IORB,4.40
2023-02-01,IORB,4.40
2023-02-02,IORB,4.65
2023-02-03,IORB,4.65
2023-02-04,IORB,4.65
2023-02-05,IORB,4.65
2023-02-06,IORB,4.65
2023-02-07,IORB,4.65
2023-02-08,IORB,4.65
2023-02-09,IORB,4.65
2023-02-10,IORB,4.65
2023-02-11,IORB,4.65
2023-02-12,IORB,4.65
2023-02-13,IORB,4.65
2023-02-14,IORB,4.65
2023-02-15,IORB,4.65
2023-02-16,IORB,4.65
2023-02-17,IORB,4.65
2023-02-18,IORB,4.65
2023-02-19,IORB,4.65
2023-02-20,IORB,4.65
2023-02-21,IORB,4.65
2023-02-22,IORB,4.65
2023-02-23,IORB,4.65
2023-02-24,IORB,4.65
2023-02-25,IORB,4.65
2023-02-26,IORB,4.65
2023-02-27,IORB,4.65
2023-02-28,IORB,4.65
2023-03-01,IORB,4.65
2023-03-02,IORB,4.65
2023-03-03,IORB,4.65
2023-03-04,IORB,4.65
2023-03-05,IORB,4.65
2023-03-06,IORB,4.65
2023-03-07,IORB,4.65
2023-03-08,IORB,4.65
2023-03-09,IORB,4.65
2023-03-10,IORB,4.65
2023-03-11,IORB,4.65
2023-03-12,IORB,4.65
2023-03-13,IORB,4.65
2023-03-14,IORB,4.65
2023-03-15,IORB,4.65
2023-03-16,IORB,4.65
2023-03-17,IORB,4.65
2023-03-18,IORB,4.65
2023-03-19,IORB,4.65
2023-03-20,IORB,4.65
2023-03-21,IORB,4.65
2023-03-22,IORB,4.65
2023-03-23,IORB,4.90
2023-03-24,IORB,4.90
2023-03-25,IORB,4.90
2023-03-26,IORB,4.90
2023-03-27,IORB,4.90
2023-03-28,IORB,4.90
2023-03-29,IORB,4.90
2023-03-30,IORB,4.90
2023-03-31,IORB,4.90
2023-04-01,IORB,4.90
2023-04-02,IORB,4.90
2023-04-03,IORB,4.90
2023-04-04,IORB,4.90
2023-04-05,IORB,4.90
2023-04-06,IORB,4.90
2023-04-07,IORB,4.90
2023-04-08,IORB,4.90
2023-04-09,IORB,4.90
2023-04-10,IORB,4.90
2023-04-11,IORB,4.90
2023-04-12,IORB,4.90
2023-04-13,IORB,4.90
2023-04-14,IORB,4.90
2023-04-15,IORB,4.90
2023-04-16,IORB,4.90
2023-04-17,IORB,4.90
2023-04-18,IORB,4.90
2023-04-19,IORB,4.90
2023-04-20,IORB,4.90
2023-04-21,IORB,4.90
2023-04-22,IORB,4.90
2023-04-23,IORB,4.90
2023-04-24,IORB,4.90
2023-04-25,IORB,4.90
2023-04-26,IORB,4.90
2023-04-27,IORB,4.90
2023-04-28,IORB,4.90
2023-04-29,IORB,4.90
2023-04-30,IORB,4.90
2023-05-01,IORB,4.90
2023-05-02,IORB,4.90
2023-05-03,IORB,4.90
2023-05-04,IORB,5.15
2023-05-05,IORB,5.15
2023-05-06,IORB,5.15
2023-05-07,IORB,5.15
2023-05-08,IORB,5.15
2023-05-09,IORB,5.15
2023-05-10,IORB,5.15
2023-05-11,IORB,5.15
2023-05-12,IORB,5.15
2023-05-13,IORB,5.15
2023-05-14,IORB,5.15
2023-05-15,IORB,5.15
2023-05-16,IORB,5.15
2023-05-17,IORB,5.15
2023-05-18,IORB,5.15
2023-05-19,IORB,5.15
2023-05-20,IORB,5.15
2023-05-21,IORB,5.15
2023-05-22,IORB,5.15
2023-05-23,IORB,5.15
2023-05-24,IORB,5.15
2023-05-25,IORB,5.15
2023-05-26,IORB,5.15
2023-05-27,IORB,5.15
2023-05-28,IORB,5.15
2023-05-29,IORB,5.15
2023-05-30,IORB,5.15
2023-05-31,IORB,5.15
2023-06-01,IORB,5.15
2023-06-02,IORB,5.15
2023-06-03,IORB,5.15
2023-06-04,IORB,5.15
2023-06-05,IORB,5.15
2023-06-06,IORB,5.15
2023-06-07,IORB,5.15
2023-06-08,IORB,5.15
2023-06-09,IORB,5.15
2023-06-10,IORB,5.15
2023-06-11,IORB,5.15
2023-06-12,IORB,5.15
2023-06-13,IORB,5.15
2023-06-14,IORB,5.15
2023-06-15,IORB,5.15
2023-06-16,IORB,5.15
2023-06-17,IORB,5.15
2023-06-18,IORB,5.15
2023-06-19,IORB,5.15
2023-06-20,IORB,5.15
2023-06-21,IORB,5.15
2023-06-22,IORB,5.15
2023-06-23,IORB,5.15
2023-06-24,IORB,5.15
2023-06-25,IORB,5.15
2023-06-26,IORB,5.15
2023-06-27,IORB,5.15
2023-06-28,IORB,5.15
2023-06-29,IORB,5.15
2023-06-30,IORB,5.15
2023-07-01,IORB,5.15
2023-07-02,IORB,5.15
2023-07-03,IORB,5.15
2023-07-04,IORB,5.15
2023-07-05,IORB,5.15
2023-07-06,IORB,5.15
2023-07-07,IORB,5.15
2023-07-08,IORB,5.15
2023-07-09,IORB,5.15
2023-07-10,IORB,5.15
2023-07-11,IORB,5.15
2023-07-12,IORB,5.15
2023-07-13,IORB,5.15
2023-07-14,IORB,5.15
2023-07-15,IORB,5.15
2023-07-16,IORB,5.15
2023-07-17,IORB,5.15
2023-07-18,IORB,5.15
2023-07-19,IORB,5.15
2023-07-20,IORB,5.15
2023-07-21,IORB,5.15
2023-07-22,IORB,5.15
2023-07-23,IORB,5.15
2023-07-24,IORB,5.15
2023-07-25,IORB,5.15
2023-07-26,IORB,5.15
2023-07-27,IORB,5.40
2023-07-28,IORB,5.40
2023-07-29,IORB,5.40
2023-07-30,IORB,5.40
2023-07-31,IORB,5.40
2023-08-01,IORB,5.40
2023-08-02,IORB,5.40
2023-08-03,IORB,5.40
2023-08-04,IORB,5.40
2023-08-05,IORB,5.40
2023-08-06,IORB,5.40
2023-08-07,IORB,5.40
2023-08-08,IORB,5.40
2023-08-09,IORB,5.40
2023-08-10,IORB,5.40
2023-08-11,IORB,5.40
2023-08-12,IORB,5.40
2023-08-13,IORB,5.40
2023-08-14,IORB,5.40
2023-08-15,IORB,5.40
2023-08-16,IORB,5.40
2023-08-17,IORB,5.40
2023-08-18,IORB,5.40
2023-08-19,IORB,5.40
2023-08-20,IORB,5.40
2023-08-21,IORB,5.40
2023-08-22,IORB,5.40
2023-08-23,IORB,5.40
2023-08-24,IORB,5.40
2023-08-25,IORB,5.40
2023-08-26,IORB,5.40
2023-08-27,IORB,5.40
2023-08-28,IORB,5.40
2023-08-29,IORB,5.40
2023-08-30,IORB,5.40
2023-08-31,IORB,5.40
2023-09-01,IORB,5.40
2023-09-02,IORB,5.40
2023-09-03,IORB,5.40
2023-09-04,IORB,5.40
2023-09-05,IORB,5.40
2023-09-06,IORB,5.40
2023-09-07,IORB,5.40
2023-09-08,IORB,5.40
2023-09-09,IORB,5.40
2023-09-10,IORB,5.40
2023-09-11,IORB,5.40
2023-09-12,IORB,5.40
2023-09-13,IORB,5.40
2023-09-14,IORB,5.40
2023-09-15,IORB,5.40
2023-09-16,IORB,5.40
2023-09-17,IORB,5.40
2023-09-18,IORB,5.40
2023-09-19,IORB,5.40
2023-09-20,IORB,5.40
2023-09-21,IORB,5.40
2023-09-22,IORB,5.40
2023-09-23,IORB,5.40
2023-09-24,IORB,5.40
2023-09-25,IORB,5.40
2023-09-26,IORB,5.40
2023-09-27,IORB,5.40
2023-09-28,IORB,5.40
2023-09-29,IORB,5.40
2023-09-30,IORB,5.40
2023-10-01,IORB,5.40
2023-10-02,IORB,5.40
2023-10-03,IORB,5.40
2023-10-04,IORB,5.40
2023-10-05,IORB,5.40
2023-10-06,IORB,5.40
2023-10-07,IORB,5.40
2023-10-08,IORB,5.40
2023-10-09,IORB,5.40
2023-10-10,IORB,5.40
2023-10-11,IORB,5.40
2023-10-12,IORB,5.40
2023-10-13,IORB,5.40
2023-10-14,IORB,5.40
2023-10-15,IORB,5.40
2023-10-16,IORB,5.40
2023-10-17,IORB,5.40
2023-10-18,IORB,5.40
2023-10-19,IORB,5.40
2023-10-20,IORB,5.40
2023-10-21,IORB,5.40
2023-10-22,IORB,5.40
2023-10-23,IORB,5.40
2023-10-24,IORB,5.40
2023-10-25,IORB,5.40
2023-10-26,IORB,5.40
2023-10-27,IORB,5.40
2023-10-28,IORB,5.40
2023-10-29,IORB,5.40
2023-10-30,IORB,5.40
2023-10-31,IORB,5.40
2023-11-01,IORB,5.40
2023-11-02,IORB,5.40
2023-11-03,IORB,5.40
2023-11-04,IORB,5.40
2023-11-05,IORB,5.40
2023-11-06,IORB,5.40
2023-11-07,IORB,5.40
2023-11-08,IORB,5.40
2023-11-09,IORB,5.40
2023-11-10,IORB,5.40
2023-11-11,IORB,5.40
2023-11-12,IORB,5.40
2023-11-13,IORB,5.40
2023-11-14,IORB,5.40
2023-11-15,IORB,5.40
2023-11-16,IORB,5.40
2023-11-17,IORB,5.40
2023-11-18,IORB,5.40
2023-11-19,IORB,5.40
2023-11-20,IORB,5.40
2023-11-21,IORB,5.40
2023-11-22,IORB,5.40
2023-11-23,IORB,5.40
2023-11-24,IORB,5.40
2023-11-25,IORB,5.40
2023-11-26,IORB,5.40
2023-11-27,IORB,5.40
2023-11-28,IORB,5.40
2023-11-29,IORB,5.40
2023-11-30,IORB,5.40
2023-12-01,IORB,5.40
2023-12-02,IORB,5.40
2023-12-03,IORB,5.40
2023-12-04,IORB,5.40
2023-12-05,IORB,5.40
2023-12-06,IORB,5.40
2023-12-07,IORB,5.40
2023-12-08,IORB,5.40
2023-12-09,IORB,5.40
2023-12-10,IORB,5.40
2023-12-11,IORB,5.40
2023-12-12,IORB,5.40
2023-12-13,IORB,5.40
2023-12-14,IORB,5.40
2023-12-15,IORB,5.40
2023-12-16,IORB,5.40
2023-12-17,IORB,5.40
2023-12-18,IORB,5.40
2023-12-19,IORB,5.40
2023-12-20,IORB,5.40
2023-12-21,IORB,5.40
2023-12-22,IORB,5.40
2023-12-23,IORB,5.40
2023-12-24,IORB,5.40
2023-12-25,IORB,5.40
2023-12-26,IORB,5.40
2023-12-27,IORB,5.40
2023-12-28,IORB,5.40
2023-12-29,IORB,5.40
2023-12-30,IORB,5.40
2023-12-31,IORB,5.40
2024-01-01,IORB,5.40
2024-01-02,IORB,5.40
2024-01-03,IORB,5.40
2024-01-04,IORB,5.40
2024-01-05,IORB,5.40
2024-01-06,IORB,5.40
2024-01-07,IORB,5.40
2024-01-08,IORB,5.40
2024-01-09,IORB,5.40
2024-01-10,IORB,5.40
2024-01-11,IORB,5.40
2024-01-12,IORB,5.40
2024-01-13,IORB,5.40
2024-01-14,IORB,5.40
2024-01-15,IORB,5.40
2024-01-16,IORB,5.40
2024-01-17,IORB,5.40
2024-01-18,IORB,5.40
2024-01-19,IORB,5.40
2024-01-20,IORB,5.40
2024-01-21,IORB,5.40
2024-01-22,IORB,5.40
2024-01-23,IORB,5.40
2024-01-24,IORB,5.40
2024-01-25,IORB,5.40
2024-01-26,IORB,5.40
2024-01-27,IORB,5.40
2024-01-28,IORB,5.40
2024-01-29,IORB,5.40
2024-01-30,IORB,5.40
2024-01-31,IORB,5.40
2024-02-01,IORB,5.40
2024-02-02,IORB,5.40
2024-02-03,IORB,5.40
2024-02-04,IORB,5.40
2024-02-05,IORB,5.40
2024-02-06,IORB,5.40
2024-02-07,IORB,5.40
2024-02-08,IORB,5.40
2024-02-09,IORB,5.40
2024-02-10,IORB,5.40
2024-02-11,IORB,5.40
2024-02-12,IORB,5.40
2024-02-13,IORB,5.40
2024-02-14,IORB,5.40
2024-02-15,IORB,5.40
2024-02-16,IORB,5.40
2024-02-17,IORB,5.40
2024-02-18,IORB,5.40
2024-02-19,IORB,5.40
2024-02-20,IORB,5.40
2024-02-21,IORB,5.40
2024-02-22,IORB,5.40
2024-02-23,IORB,5.40
2024-02-24,IORB,5.40
2024-02-25,IORB,5.40
2024-02-26,IORB,5.40
2024-02-27,IORB,5.40
2024-02-28,IORB,5.40
2024-02-29,IORB,5.40
2024-03-01,IORB,5.40
2024-03-02,IORB,5.40
2024-03-03,IORB,5.40
2024-03-04,IORB,5.40
2024-03-05,IORB,5.40
2024-03-06,IORB,5.40
2024-03-07,IORB,5.40
2024-03-08,IORB,5.40
2024-03-09,IORB,5.40
2024-03-10,IORB,5.40
2024-03-11,IORB,5.40
2024-03-12,IORB,5.40
2024-03-13,IORB,5.40
2024-03-14,IORB,5.40
2024-03-15,IORB,5.40
2024-03-16,IORB,5.40
2024-03-17,IORB,5.40
2024-03-18,IORB,5.40
2024-03-19,IORB,5.40
2024-03-20,IORB,5.40
2024-03-21,IORB,5.40
2024-03-22,IORB,5.40
2024-03-23,IORB,5.40
2024-03-24,IORB,5.40
2024-03-25,IORB,5.40
2024-03-26,IORB,5.40
2024-03-27,IORB,5.40
2024-03-28,IORB,5.40
2024-03-29,IORB,5.40
2024-03-30,IORB,5.40
2024-03-31,IORB,5.40
2024-04-01,IORB,5.40
2024-04-02,IORB,5.40
2024-04-03,IORB,5.40
2024-04-04,IORB,5.40
2024-04-05,IORB,5.40
2024-04-06,IORB,5.40
2024-04-07,IORB,5.40
2024-04-08,IORB,5.40
2024-04-09,IORB,5.40
2024-04-10,IORB,5.40
2024-04-11,IORB,5.40
2024-04-12,IORB,5.40
2024-04-13,IORB,5.40
2024-04-14,IORB,5.40
2024-04-15,IORB,5.40
2024-04-16,IORB,5.40
2024-04-17,IORB,5.40
2024-04-18,IORB,5.40
2024-04-19,IORB,5.40
2024-04-20,IORB,5.40
2024-04-21,IORB,5.40
2024-04-22,IORB,5.40
2024-04-23,IORB,5.40
2024-04-24,IORB,5.40
2024-04-25,IORB,5.40
2024-04-26,IORB,5.40
2024-04-27,IORB,5.40
2024-04-28,IORB,5.40
2024-04-29,IORB,5.40
2024-04-30,IORB,5.40
2024-05-01,IORB,5.40
2024-05-02,IORB,5.40
2024-05-03,IORB,5.40
2024-05-04,IORB,5.40
2024-05-05,IORB,5.40
2024-05-06,IORB,5.40
2024-05-07,IORB,5.40
2024-05-08,IORB,5.40
2024-05-09,IORB,5.40
2024-05-10,IORB,5.40
2024-05-11,IORB,5.40
2024-05-12,IORB,5.40
2024-05-13,IORB,5.40
2024-05-14,IORB,5.40
2024-05-15,IORB,5.40
2024-05-16,IORB,5.40
2024-05-17,IORB,5.40
2024-05-18,IORB,5.40
2024-05-19,IORB,5.40
2024-05-20,IORB,5.40
2024-05-21,IORB,5.40
2024-05-22,IORB,5.40
2024-05-23,IORB,5.40
2024-05-24,IORB,5.40
2024-05-25,IORB,5.40
2024-05-26,IORB,5.40
2024-05-27,IORB,5.40
2024-05-28,IORB,5.40
2024-05-29,IORB,5.40
2024-05-30,IORB,5.40
2024-05-31,IORB,5.40
2024-06-01,IORB,5.40
2024-06-02,IORB,5.40
2024-06-03,IORB,5.40
2024-06-04,IORB,5.40
2024-06-05,IORB,5.40
2024-06-06,IORB,5.40
2024-06-07,IORB,5.40
2024-06-08,IORB,5.40
2024-06-09,IORB,5.40
2024-06-10,IORB,5.40
2024-06-11,IORB,5.40
2024-06-12,IORB,5.40
2024-06-13,IORB,5.40
2024-06-14,IORB,5.40
2024-06-15,IORB,5.40
2024-06-16,IORB,5.40
2024-06-17,IORB,5.40
2024-06-18,IORB,5.40
2024-06-19,IORB,5.40
2024-06-20,IORB,5.40
2024-06-21,IORB,5.40
2024-06-22,IORB,5.40
2024-06-23,IORB,5.40
2024-06-24,IORB,5.40
2024-06-25,IORB,5.40
2024-06-26,IORB,5.40
2024-06-27,IORB,5.40
2024-06-28,IORB,5.40
2024-06-29,IORB,5.40
2024-06-30,IORB,5.40
2024-07-01,IORB,5.40
2024-07-02,IORB,5.40
2024-07-03,IORB,5.40
2024-07-04,IORB,5.40
2024-07-05,IORB,5.40
2024-07-06,IORB,5.40
2024-07-07,IORB,5.40
2024-07-08,IORB,5.40
2024-07-09,IORB,5.40
2024-07-10,IORB,5.40
2024-07-11,IORB,5.40
2024-07-12,IORB,5.40
2024-07-13,IORB,5.40
2024-07-14,IORB,5.40
2024-07-15,IORB,5.40
2024-07-16,IORB,5.40
2024-07-17,IORB,5.40
2024-07-18,IORB,5.40
2024-07-19,IORB,5.40
2024-07-20,IORB,5.40
2024-07-21,IORB,5.40
2024-07-22,IORB,5.40
2024-07-23,IORB,5.40
2024-07-24,IORB,5.40
2024-07-25,IORB,5.40
2024-07-26,IORB,5.40
2024-07-27,IORB,5.40
2024-07-28,IORB,5.40
2024-07-29,IORB,5.40
2024-07-30,IORB,5.40
2024-07-31,IORB,5.40
2024-08-01,IORB,5.40
2024-08-02,IORB,5.40
2024-08-03,IORB,5.40
2024-08-04,IORB,5.40
2024-08-05,IORB,5.40
2024-08-06,IORB,5.40
2024-08-07,IORB,5.40
2024-08-08,IORB,5.40
2024-08-09,IORB,5.40
2024-08-10,IORB,5.40
2024-08-11,IORB,5.40
2024-08-12,IORB,5.40
2024-08-13,IORB,5.40
2024-08-14,IORB,5.40
2024-08-15,IORB,5.40
2024-08-16,IORB,5.40
2024-08-17,IORB,5.40
2024-08-18,IORB,5.40
2024-08-19,IORB,5.40
2024-08-20,IORB,5.40
2024-08-21,IORB,5.40
2024-08-22,IORB,5.40
2024-08-23,IORB,5.40
2024-08-24,IORB,5.40
2024-08-25,IORB,5.40
2024-08-26,IORB,5.40
2024-08-27,IORB,5.40
2024-08-28,IORB,5.40
2024-08-29,IORB,5.40
2024-08-30,IORB,5.40
2024-08-31,IORB,5.40
2024-09-01,IORB,5.40
2024-09-02,IORB,5.40
2024-09-03,IORB,5.40
2024-09-04,IORB,5.40
2024-09-05,IORB,5.40
2024-09-06,IORB,5.40
2024-09-07,IORB,5.40
2024-09-08,IORB,5.40
2024-09-09,IORB,5.40
2024-09-10,IORB,5.40
2024-09-11,IORB,5.40
2024-09-12,IORB,5.40
2024-09-13,IORB,5.40
2024-09-14,IORB,5.40
2024-09-15,IORB,5.40
2024-09-16,IORB,5.40
2024-09-17,IORB,5.40
2024-09-18,IORB,5.40
2024-09-19,IORB,4.90
2024-09-20,IORB,4.90
2024-09-21,IORB,4.90
2024-09-22,IORB,4.90
2024-09-23,IORB,4.90
2024-09-24,IORB,4.90
2024-09-25,IORB,4.90
2024-09-26,IORB,4.90
2024-09-27,IORB,4.90
2024-09-28,IORB,4.90
2024-09-29,IORB,4.90
2024-09-30,IORB,4.90
2024-10-01,IORB,4.90
2024-10-02,IORB,4.90
2024-10-03,IORB,4.90
2024-10-04,IORB,4.90
2024-10-05,IORB,4.90
2024-10-06,IORB,4.90
2024-10-07,IORB,4.90
2024-10-08,IORB,4.90
2024-10-09,IORB,4.90
2024-10-10,IORB,4.90
2024-10-11,IORB,4.90
2024-10-12,IORB,4.90
2024-10-13,IORB,4.90
2024-10-14,IORB,4.90
2024-10-15,IORB,4.90
2024-10-16,IORB,4.90
2024-10-17,IORB,4.90
2024-10-18,IORB,4.90
2024-10-19,IORB,4.90
2024-10-20,IORB,4.90
2024-10-21,IORB,4.90
2024-10-22,IORB,4.90
2024-10-23,IORB,4.90
2024-10-24,IORB,4.90
2024-10-25,IORB,4.90
2024-10-26,IORB,4.90
2024-10-27,IORB,4.90
2024-10-28,IORB,4.90
2024-10-29,IORB,4.90
2024-10-30,IORB,4.90
2024-10-31,IORB,4.90
2024-11-01,IORB,4.90
2024-11-02,IORB,4.90
2024-11-03,IORB,4.90
2024-11-04,IORB,4.90
2024-11-05,IORB,4.90
2024-11-06,IORB,4.90
2024-11-07,IORB,4.90
2024-11-08,IORB,4.65
2024-11-09,IORB,4.65
2024-11-10,IORB,4.65
2024-11-11,IORB,4.65
2024-11-12,IORB,4.65
2024-11-13,IORB,4.65
2024-11-14,IORB,4.65
2024-11-15,IORB,4.65
2024-11-16,IORB,4.65
2024-11-17,IORB,4.65
2024-11-18,IORB,4.65
2024-11-19,IORB,4.65
2024-11-20,IORB,4.65
2024-11-21,IORB,4.65
2024-11-22,IORB,4.65
2024-11-23,IORB,4.65
2024-11-24,IORB,4.65
2024-11-25,IORB,4.65
2024-11-26,IORB,4.65
2024-11-27,IORB,4.65
2024-11-28,IORB,4.65
2024-11-29,IORB,4.65
2024-11-30,IORB,4.65
2024-12-01,IORB,4.65
2024-12-02,IORB,4.65
2024-12-03,IORB,4.65
2024-12-04,IORB,4.65
2024-12-05,IORB,4.65
2024-12-06,IORB,4.65
2024-12-07,IORB,4.65
2024-12-08,IORB,4.65
2024-12-09,IORB,4.65
2024-12-10,IORB,4.65
2024-12-11,IORB,4.65
2024-12-12,IORB,4.65
2024-12-13,IORB,4.65
2024-12-14,IORB,4.65
2024-12-15,IORB,4.65
2024-12-16,IORB,4.65
2024-12-17,IORB,4.65
2024-12-18,IORB,4.65
2024-12-19,IORB,4.40
2024-12-20,IORB,4.40
2024-12-21,IORB,4.40
2024-12-22,IORB,4.40
2024-12-23,IORB,4.40
2024-12-24,IORB,4.40
2024-12-25,IORB,4.40
2024-12-26,IORB,4.40
2024-12-27,IORB,4.40
2024-12-28,IORB,4.40
2024-12-29,IORB,4.40
2024-12-30,IORB,4.40
2024-12-31,IORB,4.40
2020-01-02,DGS2,1.58
2020-01-03,DGS2,1.53
2020-01-06,DGS2,1.54
2020-01-07,DGS2,1.54
2020-01-08,DGS2,1.58
2020-01-09,DGS2,1.58
2020-01-10,DGS2,1.56
2020-01-13,DGS2,1.58
2020-01-14,DGS2,1.58
2020-01-15,DGS2,1.56
2020-01-16,DGS2,1.58
2020-01-17,DGS2,1.58
2020-01-20,DGS2,
2020-01-21,DGS2,1.53
2020-01-22,DGS2,1.53
2020-01-23,DGS2,1.51
2020-01-24,DGS2,1.49
2020-01-27,DGS2,1.44
2020-01-28,DGS2,1.45
2020-01-29,DGS2,1.42
2020-01-30,DGS2,1.41
2020-01-31,DGS2,1.33
2020-02-03,DGS2,1.36
2020-02-04,DGS2,1.41
2020-02-05,DGS2,1.44
2020-02-06,DGS2,1.44
2020-02-07,DGS2,1.41
2020-02-10,DGS2,1.37
2020-02-11,DGS2,1.41
2020-02-12,DGS2,1.44
2020-02-13,DGS2,1.44
2020-02-14,DGS2,1.42
2020-02-17,DGS2,
2020-02-18,DGS2,1.41
2020-02-19,DGS2,1.42
2020-02-20,DGS2,1.39
2020-02-21,DGS2,1.34
2020-02-24,DGS2,1.26
2020-02-25,DGS2,1.20
2020-02-26,DGS2,1.16
2020-02-27,DGS2,1.11
2020-02-28,DGS2,0.86
2020-03-02,DGS2,0.84
2020-03-03,DGS2,0.71
2020-03-04,DGS2,0.67
2020-03-05,DGS2,0.59
2020-03-06,DGS2,0.49
2020-03-09,DGS2,0.38
2020-03-10,DGS2,0.50
2020-03-11,DGS2,0.50
2020-03-12,DGS2,0.50
2020-03-13,DGS2,0.49
2020-03-16,DGS2,0.36
2020-03-17,DGS2,0.47
2020-03-18,DGS2,0.54
2020-03-19,DGS2,0.44
2020-03-20,DGS2,0.37
2020-03-23,DGS2,0.28
2020-03-24,DGS2,0.38
2020-03-25,DGS2,0.34
2020-03-26,DGS2,0.30
2020-03-27,DGS2,0.25
2020-03-30,DGS2,0.23
2020-03-31,DGS2,0.23
2020-04-01,DGS2,0.23
2020-04-02,DGS2,0.23
2020-04-03,DGS2,0.23
2020-04-06,DGS2,0.27
2020-04-07,DGS2,0.28
2020-04-08,DGS2,0.27
2020-04-09,DGS2,0.23
2020-04-10,DGS2,
2020-04-13,DGS2,0.25
2020-04-14,DGS2,0.23
2020-04-15,DGS2,0.20
2020-04-16,DGS2,0.20
2020-04-17,DGS2,0.20
2020-04-20,DGS2,0.20
2020-04-21,DGS2,0.20
2020-04-22,DGS2,0.22
2020-04-23,DGS2,0.22
2020-04-24,DGS2,0.22
2020-04-27,DGS2,0.24
2020-04-28,DGS2,0.20
2020-04-29,DGS2,0.20
2020-04-30,DGS2,0.20
2020-05-01,DGS2,0.20
2020-05-04,DGS2,0.19
2020-05-05,DGS2,0.19
2020-05-06,DGS2,0.17
2020-05-07,DGS2,0.13
2020-05-08,DGS2,0.16
2020-05-11,DGS2,0.17
2020-05-12,DGS2,0.17
2020-05-13,DGS2,0.16
2020-05-14,DGS2,0.16
2020-05-15,DGS2,0.16
2020-05-18,DGS2,0.18
2020-05-19,DGS2,0.17
2020-05-20,DGS2,0.16
2020-05-21,DGS2,0.17
2020-05-22,DGS2,0.17
2020-05-25,DGS2,
2020-05-26,DGS2,0.18
2020-05-27,DGS2,0.19
2020-05-28,DGS2,0.17
2020-05-29,DGS2,0.16
2020-06-01,DGS2,0.14
2020-06-02,DGS2,0.17
2020-06-03,DGS2,0.19
2020-06-04,DGS2,0.19
2020-06-05,DGS2,0.22
2020-06-08,DGS2,0.22
2020-06-09,DGS2,0.20
2020-06-10,DGS2,0.17
2020-06-11,DGS2,0.19
2020-06-12,DGS2,0.19
2020-06-15,DGS2,0.19
2020-06-16,DGS2,0.21
2020-06-17,DGS2,0.19
2020-06-18,DGS2,0.19
2020-06-19,DGS2,0.19
2020-06-22,DGS2,0.19
2020-06-23,DGS2,0.18
2020-06-24,DGS2,0.19
2020-06-25,DGS2,0.17
2020-06-26,DGS2,0.17
2020-06-29,DGS2,0.16
2020-06-30,DGS2,0.16
2020-07-01,DGS2,0.17
2020-07-02,DGS2,0.16
2020-07-03,DGS2,
2020-07-06,DGS2,0.16
2020-07-07,DGS2,0.16
2020-07-08,DGS2,0.16
2020-07-09,DGS2,0.16
2020-07-10,DGS2,0.16
2020-07-13,DGS2,0.16
2020-07-14,DGS2,0.14
2020-07-15,DGS2,0.16
2020-07-16,DGS2,0.16
2020-07-17,DGS2,0.14
2020-07-20,DGS2,0.16
2020-07-21,DGS2,0.14
2020-07-22,DGS2,0.14
2020-07-23,DGS2,0.16
2020-07-24,DGS2,0.14
2020-07-27,DGS2,0.15
2020-07-28,DGS2,0.14
2020-07-29,DGS2,0.12
2020-07-30,DGS2,0.11
2020-07-31,DGS2,0.11
2020-08-03,DGS2,0.11
2020-08-04,DGS2,0.11
2020-08-05,DGS2,0.11
2020-08-06,DGS2,0.11
2020-08-07,DGS2,0.13
2020-08-10,DGS2,0.14
2020-08-11,DGS2,0.16
2020-08-12,DGS2,0.16
2020-08-13,DGS2,0.16
2020-08-14,DGS2,0.14
2020-08-17,DGS2,0.14
2020-08-18,DGS2,0.14
2020-08-19,DGS2,0.14
2020-08-20,DGS2,0.13
2020-08-21,DGS2,0.16
2020-08-24,DGS2,0.14
2020-08-25,DGS2,0.15
2020-08-26,DGS2,0.16
2020-08-27,DGS2,0.16
2020-08-28,DGS2,0.14
2020-08-31,DGS2,0.14
2020-09-01,DGS2,0.13
2020-09-02,DGS2,0.14
2020-09-03,DGS2,0.13
2020-09-04,DGS2,0.14
2020-09-07,DGS2,
2020-09-08,DGS2,0.14
2020-09-09,DGS2,0.14
2020-09-10,DGS2,0.14
2020-09-11,DGS2,0.13
2020-09-14,DGS2,0.14
2020-09-15,DGS2,0.14
2020-09-16,DGS2,0.14
2020-09-17,DGS2,0.13
2020-09-18,DGS2,0.14
2020-09-21,DGS2,0.14
2020-09-22,DGS2,0.13
2020-09-23,DGS2,0.14
2020-09-24,DGS2,0.14
2020-09-25,DGS2,0.12
2020-09-28,DGS2,0.14
2020-09-29,DGS2,0.11
2020-09-30,DGS2,0.13
2020-10-01,DGS2,0.14
2020-10-02,DGS2,0.13
2020-10-05,DGS2,0.14
2020-10-06,DGS2,0.14
2020-10-07,DGS2,0.16
2020-10-08,DGS2,0.13
2020-10-09,DGS2,0.16
2020-10-12,DGS2,
2020-10-13,DGS2,0.16
2020-10-14,DGS2,0.14
2020-10-15,DGS2,0.14
2020-10-16,DGS2,0.14
2020-10-19,DGS2,0.16
2020-10-20,DGS2,0.14
2020-10-21,DGS2,0.14
2020-10-22,DGS2,0.16
2020-10-23,DGS2,0.18
2020-10-26,DGS2,0.16
2020-10-27,DGS2,0.16
2020-10-28,DGS2,0.16
2020-10-29,DGS2,0.16
2020-10-30,DGS2,0.14
2020-11-02,DGS2,0.16
2020-11-03,DGS2,0.17
2020-11-04,DGS2,0.14
2020-11-05,DGS2,0.14
2020-11-06,DGS2,0.16
2020-11-09,DGS2,0.17
2020-11-10,DGS2,0.19
2020-11-11,DGS2,
2020-11-12,DGS2,0.17
2020-11-13,DGS2,0.17
2020-11-16,DGS2,0.19
2020-11-17,DGS2,0.18
2020-11-18,DGS2,0.16
2020-11-19,DGS2,0.18
2020-11-20,DGS2,0.16
2020-11-23,DGS2,0.16
2020-11-24,DGS2,0.16
2020-11-25,DGS2,0.17
2020-11-26,DGS2,
2020-11-27,DGS2,0.16
2020-11-30,DGS2,0.16
2020-12-01,DGS2,0.17
2020-12-02,DGS2,0.16
2020-12-03,DGS2,0.16
2020-12-04,DGS2,0.16
2020-12-07,DGS2,0.14
2020-12-08,DGS2,0.14
2020-12-09,DGS2,0.16
2020-12-10,DGS2,0.14
2020-12-11,DGS2,0.11
2020-12-14,DGS2,0.13
2020-12-15,DGS2,0.11
2020-12-16,DGS2,0.13
2020-12-17,DGS2,0.13
2020-12-18,DGS2,0.13
2020-12-21,DGS2,0.13
2020-12-22,DGS2,0.13
2020-12-23,DGS2,0.13
2020-12-24,DGS2,0.13
2020-12-25,DGS2,
2020-12-28,DGS2,0.13
2020-12-29,DGS2,0.12
2020-12-30,DGS2,0.12
2020-12-31,DGS2,0.13
2021-01-01,DGS2,
2021-01-04,DGS2,0.11
2021-01-05,DGS2,0.13
2021-01-06,DGS2,0.14
2021-01-07,DGS2,0.14
2021-01-08,DGS2,0.14
2021-01-11,DGS2,0.14
2021-01-12,DGS2,0.14
2021-01-13,DGS2,0.14
2021-01-14,DGS2,0.16
2021-01-15,DGS2,0.13
2021-01-18,DGS2,
2021-01-19,DGS2,0.14
2021-01-20,DGS2,0.13
2021-01-21,DGS2,0.13
2021-01-22,DGS2,0.13
2021-01-25,DGS2,0.13
2021-01-26,DGS2,0.11
2021-01-27,DGS2,0.12
2021-01-28,DGS2,0.12
2021-01-29,DGS2,0.11
2021-02-01,DGS2,0.11
2021-02-02,DGS2,0.11
2021-02-03,DGS2,0.11
2021-02-04,DGS2,0.11
2021-02-05,DGS2,0.09
2021-02-08,DGS2,0.11
2021-02-09,DGS2,0.11
2021-02-10,DGS2,0.11
2021-02-11,DGS2,0.11
2021-02-12,DGS2,0.11
2021-02-15,DGS2,
2021-02-16,DGS2,0.13
2021-02-17,DGS2,0.11
2021-02-18,DGS2,0.11
2021-02-19,DGS2,0.11
2021-02-22,DGS2,0.11
2021-02-23,DGS2,0.11
2021-02-24,DGS2,0.12
2021-02-25,DGS2,0.17
2021-02-26,DGS2,0.14
2021-03-01,DGS2,0.13
2021-03-02,DGS2,0.13
2021-03-03,DGS2,0.14
2021-03-04,DGS2,0.14
2021-03-05,DGS2,0.14
2021-03-08,DGS2,0.17
2021-03-09,DGS2,0.17
2021-03-10,DGS2,0.16
2021-03-11,DGS2,0.14
2021-03-12,DGS2,0.14
2021-03-15,DGS2,0.14
2021-03-16,DGS2,0.15
2021-03-17,DGS2,0.13
2021-03-18,DGS2,0.16
2021-03-19,DGS2,0.16
2021-03-22,DGS2,0.15
2021-03-23,DGS2,0.15
2021-03-24,DGS2,0.14
2021-03-25,DGS2,0.14
2021-03-26,DGS2,0.14
2021-03-29,DGS2,0.14
2021-03-30,DGS2,0.16
2021-03-31,DGS2,0.16
2021-04-01,DGS2,0.17
2021-04-02,DGS2,0.19
2021-04-05,DGS2,0.17
2021-04-06,DGS2,0.16
2021-04-07,DGS2,0.16
2021-04-08,DGS2,0.14
2021-04-09,DGS2,0.16
2021-04-12,DGS2,0.18
2021-04-13,DGS2,0.16
2021-04-14,DGS2,0.16
2021-04-15,DGS2,0.16
2021-04-16,DGS2,0.16
2021-04-19,DGS2,0.16
2021-04-20,DGS2,0.15
2021-04-21,DGS2,0.15
2021-04-22,DGS2,0.16
2021-04-23,DGS2,0.16
2021-04-26,DGS2,0.18
2021-04-27,DGS2,0.17
2021-04-28,DGS2,0.17
2021-04-29,DGS2,0.16
2021-04-30,DGS2,0.16
2021-05-03,DGS2,0.16
2021-05-04,DGS2,0.16
2021-05-05,DGS2,0.16
2021-05-06,DGS2,0.16
2021-05-07,DGS2,0.14
2021-05-10,DGS2,0.16
2021-05-11,DGS2,0.16
2021-05-12,DGS2,0.16
2021-05-13,DGS2,0.16
2021-05-14,DGS2,0.16
2021-05-17,DGS2,0.16
2021-05-18,DGS2,0.16
2021-05-19,DGS2,0.16
2021-05-20,DGS2,0.15
2021-05-21,DGS2,0.17
2021-05-24,DGS2,0.15
2021-05-25,DGS2,0.15
2021-05-26,DGS2,0.14
2021-05-27,DGS2,0.14
2021-05-28,DGS2,0.14
2021-05-31,DGS2,
2021-06-01,DGS2,0.16
2021-06-02,DGS2,0.13
2021-06-03,DGS2,0.16
2021-06-04,DGS2,0.14
2021-06-07,DGS2,0.16
2021-06-08,DGS2,0.14
2021-06-09,DGS2,0.16
2021-06-10,DGS2,0.14
2021-06-11,DGS2,0.16
2021-06-14,DGS2,0.16
2021-06-15,DGS2,0.16
2021-06-16,DGS2,0.21
2021-06-17,DGS2,0.23
2021-06-18,DGS2,0.26
2021-06-21,DGS2,0.27
2021-06-22,DGS2,0.25
2021-06-23,DGS2,0.26
2021-06-24,DGS2,0.26
2021-06-25,DGS2,0.28
2021-06-28,DGS2,0.25
2021-06-29,DGS2,0.27
2021-06-30,DGS2,0.25
2021-07-01,DGS2,0.25
2021-07-02,DGS2,0.24
2021-07-05,DGS2,
2021-07-06,DGS2,0.22
2021-07-07,DGS2,0.22
2021-07-08,DGS2,0.19
2021-07-09,DGS2,0.23
2021-07-12,DGS2,0.23
2021-07-13,DGS2,0.26
2021-07-14,DGS2,0.23
2021-07-15,DGS2,0.23
2021-07-16,DGS2,0.25
2021-07-19,DGS2,0.21
2021-07-20,DGS2,0.20
2021-07-21,DGS2,0.22
2021-07-22,DGS2,0.20
2021-07-23,DGS2,0.22
2021-07-26,DGS2,0.22
2021-07-27,DGS2,0.20
2021-07-28,DGS2,0.20
2021-07-29,DGS2,0.20
2021-07-30,DGS2,0.19
2021-08-02,DGS2,0.17
2021-08-03,DGS2,0.17
2021-08-04,DGS2,0.17
2021-08-05,DGS2,0.21
2021-08-06,DGS2,0.21
2021-08-09,DGS2,0.23
2021-08-10,DGS2,0.24
2021-08-11,DGS2,0.23
2021-08-12,DGS2,0.23
2021-08-13,DGS2,0.23
2021-08-16,DGS2,0.21
2021-08-17,DGS2,0.23
2021-08-18,DGS2,0.23
2021-08-19,DGS2,0.22
2021-08-20,DGS2,0.23
2021-08-23,DGS2,0.23
2021-08-24,DGS2,0.24
2021-08-25,DGS2,0.23
2021-08-26,DGS2,0.25
2021-08-27,DGS2,0.22
2021-08-30,DGS2,0.20
2021-08-31,DGS2,0.20
2021-09-01,DGS2,0.20
2021-09-02,DGS2,0.20
2021-09-03,DGS2,0.21
2021-09-06,DGS2,
2021-09-07,DGS2,0.22
2021-09-08,DGS2,0.22
2021-09-09,DGS2,0.23
2021-09-10,DGS2,0.23
2021-09-13,DGS2,0.21
2021-09-14,DGS2,0.21
2021-09-15,DGS2,0.21
2021-09-16,DGS2,0.23
2021-09-17,DGS2,0.23
2021-09-20,DGS2,0.23
2021-09-21,DGS2,0.22
2021-09-22,DGS2,0.25
2021-09-23,DGS2,0.27
2021-09-24,DGS2,0.29
2021-09-27,DGS2,0.31
2021-09-28,DGS2,0.31
2021-09-29,DGS2,0.30
2021-09-30,DGS2,0.28
2021-10-01,DGS2,0.27
2021-10-04,DGS2,0.27
2021-10-05,DGS2,0.28
2021-10-06,DGS2,0.30
2021-10-07,DGS2,0.32
2021-10-08,DGS2,0.32
2021-10-11,DGS2,
2021-10-12,DGS2,0.35
2021-10-13,DGS2,0.37
2021-10-14,DGS2,0.36
2021-10-15,DGS2,0.41
2021-10-18,DGS2,0.44
2021-10-19,DGS2,0.41
2021-10-20,DGS2,0.40
2021-10-21,DGS2,0.45
2021-10-22,DGS2,0.48
2021-10-25,DGS2,0.47
2021-10-26,DGS2,0.47
2021-10-27,DGS2,0.50
2021-10-28,DGS2,0.50
2021-10-29,DGS2,0.48
2021-11-01,DGS2,0.50
2021-11-02,DGS2,0.46
2021-11-03,DGS2,0.47
2021-11-04,DGS2,0.41
2021-11-05,DGS2,0.39
2021-11-08,DGS2,0.45
2021-11-09,DGS2,0.41
2021-11-10,DGS2,0.51
2021-11-11,DGS2,
2021-11-12,DGS2,0.53
2021-11-15,DGS2,0.53
2021-11-16,DGS2,0.54
2021-11-17,DGS2,0.52
2021-11-18,DGS2,0.52
2021-11-19,DGS2,0.52
2021-11-22,DGS2,0.63
2021-11-23,DGS2,0.60
2021-11-24,DGS2,0.64
2021-11-25,DGS2,
2021-11-26,DGS2,0.50
2021-11-29,DGS2,0.51
2021-11-30,DGS2,0.52
2021-12-01,DGS2,0.56
2021-12-02,DGS2,0.63
2021-12-03,DGS2,0.60
2021-12-06,DGS2,0.65
2021-12-07,DGS2,0.70
2021-12-08,DGS2,0.68
2021-12-09,DGS2,0.70
2021-12-10,DGS2,0.67
2021-12-13,DGS2,0.66
2021-12-14,DGS2,0.67
2021-12-15,DGS2,0.69
2021-12-16,DGS2,0.64
2021-12-17,DGS2,0.66
2021-12-20,DGS2,0.65
2021-12-21,DGS2,0.70
2021-12-22,DGS2,0.68
2021-12-23,DGS2,0.71
2021-12-24,DGS2,
2021-12-27,DGS2,0.76
2021-12-28,DGS2,0.74
2021-12-29,DGS2,0.75
2021-12-30,DGS2,0.73
2021-12-31,DGS2,0.73
2022-01-03,DGS2,0.78
2022-01-04,DGS2,0.77
2022-01-05,DGS2,0.83
2022-01-06,DGS2,0.88
2022-01-07,DGS2,0.87
2022-01-10,DGS2,0.92
2022-01-11,DGS2,0.90
2022-01-12,DGS2,0.92
2022-01-13,DGS2,0.91
2022-01-14,DGS2,0.99
2022-01-17,DGS2,
2022-01-18,DGS2,1.06
2022-01-19,DGS2,1.04
2022-01-20,DGS2,1.08
2022-01-21,DGS2,1.01
2022-01-24,DGS2,0.99
2022-01-25,DGS2,1.02
2022-01-26,DGS2,1.13
2022-01-27,DGS2,1.18
2022-01-28,DGS2,1.15
2022-01-31,DGS2,1.18
2022-02-01,DGS2,1.18
2022-02-02,DGS2,1.16
2022-02-03,DGS2,1.19
2022-02-04,DGS2,1.31
2022-02-07,DGS2,1.30
2022-02-08,DGS2,1.35
2022-02-09,DGS2,1.36
2022-02-10,DGS2,1.61
2022-02-11,DGS2,1.50
2022-02-14,DGS2,1.58
2022-02-15,DGS2,1.58
2022-02-16,DGS2,1.52
2022-02-17,DGS2,1.49
2022-02-18,DGS2,1.47
2022-02-21,DGS2,
2022-02-22,DGS2,1.56
2022-02-23,DGS2,1.58
2022-02-24,DGS2,1.54
2022-02-25,DGS2,1.55
2022-02-28,DGS2,1.44
2022-03-01,DGS2,1.31
2022-03-02,DGS2,1.50
2022-03-03,DGS2,1.53
2022-03-04,DGS2,1.50
2022-03-07,DGS2,1.55
2022-03-08,DGS2,1.63
2022-03-09,DGS2,1.68
2022-03-10,DGS2,1.72
2022-03-11,DGS2,1.75
2022-03-14,DGS2,1.87
2022-03-15,DGS2,1.85
2022-03-16,DGS2,1.95
2022-03-17,DGS2,1.94
2022-03-18,DGS2,1.97
2022-03-21,DGS2,2.14
2022-03-22,DGS2,2.18
2022-03-23,DGS2,2.13
2022-03-24,DGS2,2.13
2022-03-25,DGS2,2.30
2022-03-28,DGS2,2.35
2022-03-29,DGS2,2.35
2022-03-30,DGS2,2.31
2022-03-31,DGS2,2.28
2022-04-01,DGS2,2.44
2022-04-04,DGS2,2.43
2022-04-05,DGS2,2.51
2022-04-06,DGS2,2.50
2022-04-07,DGS2,2.47
2022-04-08,DGS2,2.53
2022-04-11,DGS2,2.50
2022-04-12,DGS2,2.39
2022-04-13,DGS2,2.37
2022-04-14,DGS2,2.47
2022-04-15,DGS2,
2022-04-18,DGS2,2.46
2022-04-19,DGS2,2.61
2022-04-20,DGS2,2.60
2022-04-21,DGS2,2.68
2022-04-22,DGS2,2.72
2022-04-25,DGS2,2.63
2022-04-26,DGS2,2.54
2022-04-27,DGS2,2.58
2022-04-28,DGS2,2.63
2022-04-29,DGS2,2.70
2022-05-02,DGS2,2.73
2022-05-03,DGS2,2.78
2022-05-04,DGS2,2.66
2022-05-05,DGS2,2.71
2022-05-06,DGS2,2.72
2022-05-09,DGS2,2.61
2022-05-10,DGS2,2.62
2022-05-11,DGS2,2.66
2022-05-12,DGS2,2.56
2022-05-13,DGS2,2.61
2022-05-16,DGS2,2.58
2022-05-17,DGS2,2.71
2022-05-18,DGS2,2.68
2022-05-19,DGS2,2.63
2022-05-20,DGS2,2.60
2022-05-23,DGS2,2.65
2022-05-24,DGS2,2.50
2022-05-25,DGS2,2.48
2022-05-26,DGS2,2.46
2022-05-27,DGS2,2.47
2022-05-30,DGS2,
2022-05-31,DGS2,2.53
2022-06-01,DGS2,2.66
2022-06-02,DGS2,2.65
2022-06-03,DGS2,2.66
2022-06-06,DGS2,2.73
2022-06-07,DGS2,2.75
2022-06-08,DGS2,2.78
2022-06-09,DGS2,2.83
2022-06-10,DGS2,3.06
2022-06-13,DGS2,3.40
2022-06-14,DGS2,3.45
2022-06-15,DGS2,3.20
2022-06-16,DGS2,3.14
2022-06-17,DGS2,3.17
2022-06-20,DGS2,
2022-06-21,DGS2,3.21
2022-06-22,DGS2,3.06
2022-06-23,DGS2,3.01
2022-06-24,DGS2,3.04
2022-06-27,DGS2,3.08
2022-06-28,DGS2,3.10
2022-06-29,DGS2,3.06
2022-06-30,DGS2,2.92
2022-07-01,DGS2,2.84
2022-07-04,DGS2,
2022-07-05,DGS2,2.82
2022-07-06,DGS2,2.97
2022-07-07,DGS2,3.03
2022-07-08,DGS2,3.12
2022-07-11,DGS2,3.07
2022-07-12,DGS2,3.03
2022-07-13,DGS2,3.13
2022-07-14,DGS2,3.15
2022-07-15,DGS2,3.13
2022-07-18,DGS2,3.15
2022-07-19,DGS2,3.23
2022-07-20,DGS2,3.25
2022-07-21,DGS2,3.10
2022-07-22,DGS2,2.98
2022-07-25,DGS2,3.00
2022-07-26,DGS2,3.02
2022-07-27,DGS2,2.96
2022-07-28,DGS2,2.85
2022-07-29,DGS2,2.89
2022-08-01,DGS2,2.90
2022-08-02,DGS2,3.06
2022-08-03,DGS2,3.10
2022-08-04,DGS2,3.03
2022-08-05,DGS2,3.24
2022-08-08,DGS2,3.21
2022-08-09,DGS2,3.28
2022-08-10,DGS2,3.23
2022-08-11,DGS2,3.23
2022-08-12,DGS2,3.25
2022-08-15,DGS2,3.20
2022-08-16,DGS2,3.25
2022-08-17,DGS2,3.28
2022-08-18,DGS2,3.22
2022-08-19,DGS2,3.25
2022-08-22,DGS2,3.32
2022-08-23,DGS2,3.29
2022-08-24,DGS2,3.36
2022-08-25,DGS2,3.35
2022-08-26,DGS2,3.37
2022-08-29,DGS2,3.42
2022-08-30,DGS2,3.46
2022-08-31,DGS2,3.45
2022-09-01,DGS2,3.51
2022-09-02,DGS2,3.40
2022-09-05,DGS2,
2022-09-06,DGS2,3.50
2022-09-07,DGS2,3.45
2022-09-08,DGS2,3.48
2022-09-09,DGS2,3.56
2022-09-12,DGS2,3.58
2022-09-13,DGS2,3.75
2022-09-14,DGS2,3.78
2022-09-15,DGS2,3.87
2022-09-16,DGS2,3.85
2022-09-19,DGS2,3.95
2022-09-20,DGS2,3.96
2022-09-21,DGS2,4.02
2022-09-22,DGS2,4.11
2022-09-23,DGS2,4.20
2022-09-26,DGS2,4.27
2022-09-27,DGS2,4.30
2022-09-28,DGS2,4.07
2022-09-29,DGS2,4.16
2022-09-30,DGS2,4.22
2022-10-03,DGS2,4.12
2022-10-04,DGS2,4.10
2022-10-05,DGS2,4.15
2022-10-06,DGS2,4.23
2022-10-07,DGS2,4.30
2022-10-10,DGS2,
2022-10-11,DGS2,4.30
2022-10-12,DGS2,4.28
2022-10-13,DGS2,4.47
2022-10-14,DGS2,4.48
2022-10-17,DGS2,4.45
2022-10-18,DGS2,4.43
2022-10-19,DGS2,4.55
2022-10-20,DGS2,4.62
2022-10-21,DGS2,4.49
2022-10-24,DGS2,4.50
2022-10-25,DGS2,4.42
2022-10-26,DGS2,4.39
2022-10-27,DGS2,4.30
2022-10-28,DGS2,4.41
2022-10-31,DGS2,4.51
2022-11-01,DGS2,4.54
2022-11-02,DGS2,4.61
2022-11-03,DGS2,4.71
2022-11-04,DGS2,4.66
2022-11-07,DGS2,4.72
2022-11-08,DGS2,4.67
2022-11-09,DGS2,4.61
2022-11-10,DGS2,4.34
2022-11-11,DGS2,
2022-11-14,DGS2,4.40
2022-11-15,DGS2,4.37
2022-11-16,DGS2,4.35
2022-11-17,DGS2,4.43
2022-11-18,DGS2,4.51
2022-11-21,DGS2,4.48
2022-11-22,DGS2,4.47
2022-11-23,DGS2,4.46
2022-11-24,DGS2,
2022-11-25,DGS2,4.42
2022-11-28,DGS2,4.46
2022-11-29,DGS2,4.48
2022-11-30,DGS2,4.38
2022-12-01,DGS2,4.25
2022-12-02,DGS2,4.28
2022-12-05,DGS2,4.41
2022-12-06,DGS2,4.34
2022-12-07,DGS2,4.26
2022-12-08,DGS2,4.31
2022-12-09,DGS2,4.33
2022-12-12,DGS2,4.39
2022-12-13,DGS2,4.22
2022-12-14,DGS2,4.23
2022-12-15,DGS2,4.23
2022-12-16,DGS2,4.17
2022-12-19,DGS2,4.25
2022-12-20,DGS2,4.25
2022-12-21,DGS2,4.21
2022-12-22,DGS2,4.24
2022-12-23,DGS2,4.31
2022-12-26,DGS2,
2022-12-27,DGS2,4.32
2022-12-28,DGS2,4.31
2022-12-29,DGS2,4.34
2022-12-30,DGS2,4.41
2023-01-02,DGS2,
2023-01-03,DGS2,4.40
2023-01-04,DGS2,4.36
2023-01-05,DGS2,4.45
2023-01-06,DGS2,4.24
2023-01-09,DGS2,4.19
2023-01-10,DGS2,4.24
2023-01-11,DGS2,4.20
2023-01-12,DGS2,4.12
2023-01-13,DGS2,4.22
2023-01-16,DGS2,
2023-01-17,DGS2,4.18
2023-01-18,DGS2,4.06
2023-01-19,DGS2,4.09
2023-01-20,DGS2,4.14
2023-01-23,DGS2,4.21
2023-01-24,DGS2,4.12
2023-01-25,DGS2,4.11
2023-01-26,DGS2,4.17
2023-01-27,DGS2,4.19
2023-01-30,DGS2,4.25
2023-01-31,DGS2,4.21
2023-02-01,DGS2,4.09
2023-02-02,DGS2,4.09
2023-02-03,DGS2,4.30
2023-02-06,DGS2,4.44
2023-02-07,DGS2,4.47
2023-02-08,DGS2,4.45
2023-02-09,DGS2,4.48
2023-02-10,DGS2,4.50
2023-02-13,DGS2,4.52
2023-02-14,DGS2,4.60
2023-02-15,DGS2,4.62
2023-02-16,DGS2,4.62
2023-02-17,DGS2,4.60
2023-02-20,DGS2,
2023-02-21,DGS2,4.67
2023-02-22,DGS2,4.66
2023-02-23,DGS2,4.66
2023-02-24,DGS2,4.78
2023-02-27,DGS2,4.78
2023-02-28,DGS2,4.81
2023-03-01,DGS2,4.89
2023-03-02,DGS2,4.89
2023-03-03,DGS2,4.86
2023-03-06,DGS2,4.89
2023-03-07,DGS2,5.00
2023-03-08,DGS2,5.05
2023-03-09,DGS2,4.90
2023-03-10,DGS2,4.60
2023-03-13,DGS2,4.03
2023-03-14,DGS2,4.20
2023-03-15,DGS2,3.93
2023-03-16,DGS2,4.14
2023-03-17,DGS2,3.81
2023-03-20,DGS2,3.92
2023-03-21,DGS2,4.17
2023-03-22,DGS2,3.96
2023-03-23,DGS2,3.76
2023-03-24,DGS2,3.76
2023-03-27,DGS2,3.94
2023-03-28,DGS2,4.02
2023-03-29,DGS2,4.08
2023-03-30,DGS2,4.10
2023-03-31,DGS2,4.06
2023-04-03,DGS2,3.97
2023-04-04,DGS2,3.84
2023-04-05,DGS2,3.79
2023-04-06,DGS2,3.82
2023-04-07,DGS2,3.97
2023-04-10,DGS2,4.00
2023-04-11,DGS2,4.03
2023-04-12,DGS2,3.95
2023-04-13,DGS2,3.96
2023-04-14,DGS2,4.08
2023-04-17,DGS2,4.18
2023-04-18,DGS2,4.19
2023-04-19,DGS2,4.24
2023-04-20,DGS2,4.14
2023-04-21,DGS2,4.17
2023-04-24,DGS2,4.12
2023-04-25,DGS2,3.86
2023-04-26,DGS2,3.90
2023-04-27,DGS2,4.07
2023-04-28,DGS2,4.04
2023-05-01,DGS2,4.14
2023-05-02,DGS2,3.97
2023-05-03,DGS2,3.89
2023-05-04,DGS2,3.75
2023-05-05,DGS2,3.92
2023-05-08,DGS2,4.00
2023-05-09,DGS2,4.01
2023-05-10,DGS2,3.90
2023-05-11,DGS2,3.89
2023-05-12,DGS2,3.98
2023-05-15,DGS2,3.99
2023-05-16,DGS2,4.06
2023-05-17,DGS2,4.12
2023-05-18,DGS2,4.24
2023-05-19,DGS2,4.28
2023-05-22,DGS2,4.29
2023-05-23,DGS2,4.26
2023-05-24,DGS2,4.31
2023-05-25,DGS2,4.50
2023-05-26,DGS2,4.54
2023-05-29,DGS2,
2023-05-30,DGS2,4.46
2023-05-31,DGS2,4.40
2023-06-01,DGS2,4.33
2023-06-02,DGS2,4.50
2023-06-05,DGS2,4.46
2023-06-06,DGS2,4.51
2023-06-07,DGS2,4.56
2023-06-08,DGS2,4.52
2023-06-09,DGS2,4.59
2023-06-12,DGS2,4.55
2023-06-13,DGS2,4.67
2023-06-14,DGS2,4.74
2023-06-15,DGS2,4.62
2023-06-16,DGS2,4.70
2023-06-19,DGS2,
2023-06-20,DGS2,4.68
2023-06-21,DGS2,4.68
2023-06-22,DGS2,4.77
2023-06-23,DGS2,4.71
2023-06-26,DGS2,4.65
2023-06-27,DGS2,4.74
2023-06-28,DGS2,4.71
2023-06-29,DGS2,4.87
2023-06-30,DGS2,4.87
2023-07-03,DGS2,4.94
2023-07-04,DGS2,
2023-07-05,DGS2,4.94
2023-07-06,DGS2,4.99
2023-07-07,DGS2,4.94
2023-07-10,DGS2,4.85
2023-07-11,DGS2,4.88
2023-07-12,DGS2,4.72
2023-07-13,DGS2,4.59
2023-07-14,DGS2,4.74
2023-07-17,DGS2,4.74
2023-07-18,DGS2,4.74
2023-07-19,DGS2,4.74
2023-07-20,DGS2,4.80
2023-07-21,DGS2,4.82
2023-07-24,DGS2,4.81
2023-07-25,DGS2,4.85
2023-07-26,DGS2,4.82
2023-07-27,DGS2,4.91
2023-07-28,DGS2,4.87
2023-07-31,DGS2,4.88
2023-08-01,DGS2,4.92
2023-08-02,DGS2,4.88
2023-08-03,DGS2,4.90
2023-08-04,DGS2,4.78
2023-08-07,DGS2,4.76
2023-08-08,DGS2,4.74
2023-08-09,DGS2,4.79
2023-08-10,DGS2,4.82
2023-08-11,DGS2,4.89
2023-08-14,DGS2,4.96
2023-08-15,DGS2,4.92
2023-08-16,DGS2,4.97
2023-08-17,DGS2,4.94
2023-08-18,DGS2,4.92
2023-08-21,DGS2,4.97
2023-08-22,DGS2,5.02
2023-08-23,DGS2,4.95
2023-08-24,DGS2,4.98
2023-08-25,DGS2,5.03
2023-08-28,DGS2,4.98
2023-08-29,DGS2,4.87
2023-08-30,DGS2,4.90
2023-08-31,DGS2,4.85
2023-09-01,DGS2,4.87
2023-09-04,DGS2,
2023-09-05,DGS2,4.94
2023-09-06,DGS2,5.01
2023-09-07,DGS2,4.94
2023-09-08,DGS2,4.98
2023-09-11,DGS2,4.97
2023-09-12,DGS2,4.98
2023-09-13,DGS2,4.96
2023-09-14,DGS2,5.00
2023-09-15,DGS2,5.02
2023-09-18,DGS2,5.05
2023-09-19,DGS2,5.08
2023-09-20,DGS2,5.12
2023-09-21,DGS2,5.12
2023-09-22,DGS2,5.10
2023-09-25,DGS2,5.09
2023-09-26,DGS2,5.04
2023-09-27,DGS2,5.10
2023-09-28,DGS2,5.04
2023-09-29,DGS2,5.03
2023-10-02,DGS2,5.12
2023-10-03,DGS2,5.15
2023-10-04,DGS2,5.05
2023-10-05,DGS2,5.03
2023-10-06,DGS2,5.08
2023-10-09,DGS2,
2023-10-10,DGS2,4.96
2023-10-11,DGS2,4.99
2023-10-12,DGS2,5.06
2023-10-13,DGS2,5.04
2023-10-16,DGS2,5.09
2023-10-17,DGS2,5.19
2023-10-18,DGS2,5.19
2023-10-19,DGS2,5.14
2023-10-20,DGS2,5.07
2023-10-23,DGS2,5.05
2023-10-24,DGS2,5.02
2023-10-25,DGS2,5.08
2023-10-26,DGS2,5.02
2023-10-27,DGS2,4.99
2023-10-30,DGS2,5.03
2023-10-31,DGS2,5.07
2023-11-01,DGS2,4.95
2023-11-02,DGS2,4.98
2023-11-03,DGS2,4.83
2023-11-06,DGS2,4.93
2023-11-07,DGS2,4.91
2023-11-08,DGS2,4.93
2023-11-09,DGS2,5.03
2023-11-10,DGS2,5.04
2023-11-13,DGS2,5.02
2023-11-14,DGS2,4.80
2023-11-15,DGS2,4.90
2023-11-16,DGS2,4.83
2023-11-17,DGS2,4.88
2023-11-20,DGS2,4.89
2023-11-21,DGS2,4.86
2023-11-22,DGS2,4.89
2023-11-23,DGS2,
2023-11-24,DGS2,4.92
2023-11-27,DGS2,4.84
2023-11-28,DGS2,4.73
2023-11-29,DGS2,4.64
2023-11-30,DGS2,4.73
2023-12-01,DGS2,4.56
2023-12-04,DGS2,4.64
2023-12-05,DGS2,4.57
2023-12-06,DGS2,4.60
2023-12-07,DGS2,4.58
2023-12-08,DGS2,4.71
2023-12-11,DGS2,4.71
2023-12-12,DGS2,4.73
2023-12-13,DGS2,4.46
2023-12-14,DGS2,4.37
2023-12-15,DGS2,4.44
2023-12-18,DGS2,4.43
2023-12-19,DGS2,4.41
2023-12-20,DGS2,4.34
2023-12-21,DGS2,4.33
2023-12-22,DGS2,4.31
2023-12-25,DGS2,
2023-12-26,DGS2,4.26
2023-12-27,DGS2,4.20
2023-12-28,DGS2,4.26
2023-12-29,DGS2,4.23
2024-01-01,DGS2,
2024-01-02,DGS2,4.33
2024-01-03,DGS2,4.33
2024-01-04,DGS2,4.38
2024-01-05,DGS2,4.40
2024-01-08,DGS2,4.36
2024-01-09,DGS2,4.36
2024-01-10,DGS2,4.37
2024-01-11,DGS2,4.26
2024-01-12,DGS2,4.14
2024-01-15,DGS2,
2024-01-16,DGS2,4.22
2024-01-17,DGS2,4.34
2024-01-18,DGS2,4.34
2024-01-19,DGS2,4.39
2024-01-22,DGS2,4.37
2024-01-23,DGS2,4.31
2024-01-24,DGS2,4.34
2024-01-25,DGS2,4.28
2024-01-26,DGS2,4.34
2024-01-29,DGS2,4.29
2024-01-30,DGS2,4.36
2024-01-31,DGS2,4.27
2024-02-01,DGS2,4.20
2024-02-02,DGS2,4.36
2024-02-05,DGS2,4.46
2024-02-06,DGS2,4.39
2024-02-07,DGS2,4.41
2024-02-08,DGS2,4.46
2024-02-09,DGS2,4.48
2024-02-12,DGS2,4.46
2024-02-13,DGS2,4.64
2024-02-14,DGS2,4.56
2024-02-15,DGS2,4.56
2024-02-16,DGS2,4.64
2024-02-19,DGS2,
2024-02-20,DGS2,4.59
2024-02-21,DGS2,4.64
2024-02-22,DGS2,4.69
2024-02-23,DGS2,4.67
2024-02-26,DGS2,4.69
2024-02-27,DGS2,4.70
2024-02-28,DGS2,4.64
2024-02-29,DGS2,4.64
2024-03-01,DGS2,4.54
2024-03-04,DGS2,4.61
2024-03-05,DGS2,4.54
2024-03-06,DGS2,4.55
2024-03-07,DGS2,4.50
2024-03-08,DGS2,4.48
2024-03-11,DGS2,4.51
2024-03-12,DGS2,4.58
2024-03-13,DGS2,4.61
2024-03-14,DGS2,4.68
2024-03-15,DGS2,4.72
2024-03-18,DGS2,4.73
2024-03-19,DGS2,4.68
2024-03-20,DGS2,4.59
2024-03-21,DGS2,4.62
2024-03-22,DGS2,4.59
2024-03-25,DGS2,4.54
2024-03-26,DGS2,4.56
2024-03-27,DGS2,4.54
2024-03-28,DGS2,4.59
2024-03-29,DGS2,
2024-04-01,DGS2,4.72
2024-04-02,DGS2,4.70
2024-04-03,DGS2,4.68
2024-04-04,DGS2,4.65
2024-04-05,DGS2,4.73
2024-04-08,DGS2,4.78
2024-04-09,DGS2,4.74
2024-04-10,DGS2,4.97
2024-04-11,DGS2,4.93
2024-04-12,DGS2,4.88
2024-04-15,DGS2,4.93
2024-04-16,DGS2,4.97
2024-04-17,DGS2,4.93
2024-04-18,DGS2,4.98
2024-04-19,DGS2,4.97
2024-04-22,DGS2,4.97
2024-04-23,DGS2,4.86
2024-04-24,DGS2,4.89
2024-04-25,DGS2,4.96
2024-04-26,DGS2,4.96
2024-04-29,DGS2,4.97
2024-04-30,DGS2,5.04
2024-05-01,DGS2,4.96
2024-05-02,DGS2,4.87
2024-05-03,DGS2,4.81
2024-05-06,DGS2,4.82
2024-05-07,DGS2,4.82
2024-05-08,DGS2,4.84
2024-05-09,DGS2,4.80
2024-05-10,DGS2,4.87
2024-05-13,DGS2,4.85
2024-05-14,DGS2,4.81
2024-05-15,DGS2,4.73
2024-05-16,DGS2,4.78
2024-05-17,DGS2,4.83
2024-05-20,DGS2,4.82
2024-05-21,DGS2,4.82
2024-05-22,DGS2,4.86
2024-05-23,DGS2,4.91
2024-05-24,DGS2,4.93
2024-05-27,DGS2,
2024-05-28,DGS2,4.94
2024-05-29,DGS2,4.96
2024-05-30,DGS2,4.92
2024-05-31,DGS2,4.89
2024-06-03,DGS2,4.82
2024-06-04,DGS2,4.77
2024-06-05,DGS2,4.72
2024-06-06,DGS2,4.72
2024-06-07,DGS2,4.87
2024-06-10,DGS2,4.87
2024-06-11,DGS2,4.81
2024-06-12,DGS2,4.75
2024-06-13,DGS2,4.68
2024-06-14,DGS2,4.67
2024-06-17,DGS2,4.75
2024-06-18,DGS2,4.69
2024-06-19,DGS2,
2024-06-20,DGS2,4.70
2024-06-21,DGS2,4.70
2024-06-24,DGS2,4.71
2024-06-25,DGS2,4.65
2024-06-26,DGS2,4.71
2024-06-27,DGS2,4.70
2024-06-28,DGS2,4.71
2024-07-01,DGS2,4.77
2024-07-02,DGS2,4.74
2024-07-03,DGS2,4.71
2024-07-04,DGS2,
2024-07-05,DGS2,4.60
2024-07-08,DGS2,4.62
2024-07-09,DGS2,4.62
2024-07-10,DGS2,4.62
2024-07-11,DGS2,4.50
2024-07-12,DGS2,4.45
2024-07-15,DGS2,4.44
2024-07-16,DGS2,4.43
2024-07-17,DGS2,4.42
2024-07-18,DGS2,4.46
2024-07-19,DGS2,4.49
2024-07-22,DGS2,4.50
2024-07-23,DGS2,4.40
2024-07-24,DGS2,4.37
2024-07-25,DGS2,4.41
2024-07-26,DGS2,4.36
2024-07-29,DGS2,4.36
2024-07-30,DGS2,4.35
2024-07-31,DGS2,4.29
2024-08-01,DGS2,4.16
2024-08-02,DGS2,3.88
2024-08-05,DGS2,3.89
2024-08-06,DGS2,3.99
2024-08-07,DGS2,4.00
2024-08-08,DGS2,4.04
2024-08-09,DGS2,4.05
2024-08-12,DGS2,4.01
2024-08-13,DGS2,3.93
2024-08-14,DGS2,3.94
2024-08-15,DGS2,4.08
2024-08-16,DGS2,4.06
2024-08-19,DGS2,4.06
2024-08-20,DGS2,3.99
2024-08-21,DGS2,3.92
2024-08-22,DGS2,3.99
2024-08-23,DGS2,3.90
2024-08-26,DGS2,3.91
2024-08-27,DGS2,3.83
2024-08-28,DGS2,3.83
2024-08-29,DGS2,3.87
2024-08-30,DGS2,3.91
2024-09-02,DGS2,
2024-09-03,DGS2,3.88
2024-09-04,DGS2,3.76
2024-09-05,DGS2,3.75
2024-09-06,DGS2,3.66
2024-09-09,DGS2,3.68
2024-09-10,DGS2,3.59
2024-09-11,DGS2,3.62
2024-09-12,DGS2,3.64
2024-09-13,DGS2,3.57
2024-09-16,DGS2,3.56
2024-09-17,DGS2,3.59
2024-09-18,DGS2,3.61
2024-09-19,DGS2,3.59
2024-09-20,DGS2,3.55
2024-09-23,DGS2,3.57
2024-09-24,DGS2,3.49
2024-09-25,DGS2,3.53
2024-09-26,DGS2,3.60
2024-09-27,DGS2,3.55
2024-09-30,DGS2,3.66
2024-10-01,DGS2,3.61
2024-10-02,DGS2,3.63
2024-10-03,DGS2,3.70
2024-10-04,DGS2,3.93
2024-10-07,DGS2,3.99
2024-10-08,DGS2,3.98
2024-10-09,DGS2,3.99
2024-10-10,DGS2,3.98
2024-10-11,DGS2,3.95
2024-10-14,DGS2,
2024-10-15,DGS2,3.95
2024-10-16,DGS2,3.93
2024-10-17,DGS2,3.96
2024-10-18,DGS2,3.95
2024-10-21,DGS2,4.02
2024-10-22,DGS2,4.03
2024-10-23,DGS2,4.07
2024-10-24,DGS2,4.07
2024-10-25,DGS2,4.11
2024-10-28,DGS2,4.12
2024-10-29,DGS2,4.11
2024-10-30,DGS2,4.15
2024-10-31,DGS2,4.16
2024-11-01,DGS2,4.21
2024-11-04,DGS2,4.17
2024-11-05,DGS2,4.19
2024-11-06,DGS2,4.27
2024-11-07,DGS2,4.21
2024-11-08,DGS2,4.26
2024-11-11,DGS2,
2024-11-12,DGS2,4.34
2024-11-13,DGS2,4.27
2024-11-14,DGS2,4.34
2024-11-15,DGS2,4.31
2024-11-18,DGS2,4.29
2024-11-19,DGS2,4.27
2024-11-20,DGS2,4.31
2024-11-21,DGS2,4.34
2024-11-22,DGS2,4.37
2024-11-25,DGS2,4.21
2024-11-26,DGS2,4.21
2024-11-27,DGS2,4.19
2024-11-28,DGS2,
2024-11-29,DGS2,4.13
2024-12-02,DGS2,4.17
2024-12-03,DGS2,4.17
2024-12-04,DGS2,4.13
2024-12-05,DGS2,4.15
2024-12-06,DGS2,4.10
2024-12-09,DGS2,4.13
2024-12-10,DGS2,4.15
2024-12-11,DGS2,4.15
2024-12-12,DGS2,4.18
2024-12-13,DGS2,4.25
2024-12-16,DGS2,4.25
2024-12-17,DGS2,4.25
2024-12-18,DGS2,4.35
2024-12-19,DGS2,4.32
2024-12-20,DGS2,4.30
2024-12-23,DGS2,4.30
2024-12-24,DGS2,4.29
2024-12-25,DGS2,
2024-12-26,DGS2,4.30
2024-12-27,DGS2,4.31
2024-12-30,DGS2,4.24
2024-12-31,DGS2,4.25
2020-01-02,DGS5,1.67
2020-01-03,DGS5,1.59
2020-01-06,DGS5,1.61
2020-01-07,DGS5,1.62
2020-01-08,DGS5,1.67
2020-01-09,DGS5,1.65
2020-01-10,DGS5,1.63
2020-01-13,DGS5,1.65
2020-01-14,DGS5,1.63
2020-01-15,DGS5,1.60
2020-01-16,DGS5,1.63
2020-01-17,DGS5,1.63
2020-01-20,DGS5,
2020-01-21,DGS5,1.57
2020-01-22,DGS5,1.57
2020-01-23,DGS5,1.55
2020-01-24,DGS5,1.51
2020-01-27,DGS5,1.44
2020-01-28,DGS5,1.47
2020-01-29,DGS5,1.41
2020-01-30,DGS5,1.39
2020-01-31,DGS5,1.32
2020-02-03,DGS5,1.35
2020-02-04,DGS5,1.42
2020-02-05,DGS5,1.46
2020-02-06,DGS5,1.45
2020-02-07,DGS5,1.41
2020-02-10,DGS5,1.38
2020-02-11,DGS5,1.40
2020-02-12,DGS5,1.45
2020-02-13,DGS5,1.43
2020-02-14,DGS5,1.42
2020-02-17,DGS5,
2020-02-18,DGS5,1.39
2020-02-19,DGS5,1.41
2020-02-20,DGS5,1.37
2020-02-21,DGS5,1.30
2020-02-24,DGS5,1.21
2020-02-25,DGS5,1.16
2020-02-26,DGS5,1.14
2020-02-27,DGS5,1.11
2020-02-28,DGS5,0.89
2020-03-02,DGS5,0.88
2020-03-03,DGS5,0.77
2020-03-04,DGS5,0.75
2020-03-05,DGS5,0.67
2020-03-06,DGS5,0.58
2020-03-09,DGS5,0.46
2020-03-10,DGS5,0.63
2020-03-11,DGS5,0.66
2020-03-12,DGS5,0.66
2020-03-13,DGS5,0.70
2020-03-16,DGS5,0.49
2020-03-17,DGS5,0.66
2020-03-18,DGS5,0.79
2020-03-19,DGS5,0.66
2020-03-20,DGS5,0.52
2020-03-23,DGS5,0.38
2020-03-24,DGS5,0.52
2020-03-25,DGS5,0.56
2020-03-26,DGS5,0.51
2020-03-27,DGS5,0.41
2020-03-30,DGS5,0.39
2020-03-31,DGS5,0.37
2020-04-01,DGS5,0.37
2020-04-02,DGS5,0.39
2020-04-03,DGS5,0.39
2020-04-06,DGS5,0.44
2020-04-07,DGS5,0.48
2020-04-08,DGS5,0.47
2020-04-09,DGS5,0.41
2020-04-10,DGS5,
2020-04-13,DGS5,0.44
2020-04-14,DGS5,0.42
2020-04-15,DGS5,0.34
2020-04-16,DGS5,0.35
2020-04-17,DGS5,0.36
2020-04-20,DGS5,0.35
2020-04-21,DGS5,0.34
2020-04-22,DGS5,0.37
2020-04-23,DGS5,0.37
2020-04-24,DGS5,0.36
2020-04-27,DGS5,0.41
2020-04-28,DGS5,0.37
2020-04-29,DGS5,0.36
2020-04-30,DGS5,0.36
2020-05-01,DGS5,0.36
2020-05-04,DGS5,0.36
2020-05-05,DGS5,0.36
2020-05-06,DGS5,0.37
2020-05-07,DGS5,0.29
2020-05-08,DGS5,0.33
2020-05-11,DGS5,0.36
2020-05-12,DGS5,0.34
2020-05-13,DGS5,0.31
2020-05-14,DGS5,0.31
2020-05-15,DGS5,0.31
2020-05-18,DGS5,0.38
2020-05-19,DGS5,0.35
2020-05-20,DGS5,0.34
2020-05-21,DGS5,0.35
2020-05-22,DGS5,0.34
2020-05-25,DGS5,
2020-05-26,DGS5,0.35
2020-05-27,DGS5,0.34
2020-05-28,DGS5,0.34
2020-05-29,DGS5,0.30
2020-06-01,DGS5,0.31
2020-06-02,DGS5,0.32
2020-06-03,DGS5,0.38
2020-06-04,DGS5,0.40
2020-06-05,DGS5,0.47
2020-06-08,DGS5,0.45
2020-06-09,DGS5,0.40
2020-06-10,DGS5,0.33
2020-06-11,DGS5,0.32
2020-06-12,DGS5,0.33
2020-06-15,DGS5,0.33
2020-06-16,DGS5,0.34
2020-06-17,DGS5,0.34
2020-06-18,DGS5,0.34
2020-06-19,DGS5,0.33
2020-06-22,DGS5,0.34
2020-06-23,DGS5,0.33
2020-06-24,DGS5,0.33
2020-06-25,DGS5,0.32
2020-06-26,DGS5,0.30
2020-06-29,DGS5,0.28
2020-06-30,DGS5,0.29
2020-07-01,DGS5,0.31
2020-07-02,DGS5,0.29
2020-07-03,DGS5,
2020-07-06,DGS5,0.31
2020-07-07,DGS5,0.29
2020-07-08,DGS5,0.30
2020-07-09,DGS5,0.28
2020-07-10,DGS5,0.30
2020-07-13,DGS5,0.30
2020-07-14,DGS5,0.28
2020-07-15,DGS5,0.28
2020-07-16,DGS5,0.28
2020-07-17,DGS5,0.29
2020-07-20,DGS5,0.29
2020-07-21,DGS5,0.27
2020-07-22,DGS5,0.27
2020-07-23,DGS5,0.27
2020-07-24,DGS5,0.27
2020-07-27,DGS5,0.30
2020-07-28,DGS5,0.26
2020-07-29,DGS5,0.25
2020-07-30,DGS5,0.23
2020-07-31,DGS5,0.21
2020-08-03,DGS5,0.22
2020-08-04,DGS5,0.19
2020-08-05,DGS5,0.22
2020-08-06,DGS5,0.21
2020-08-07,DGS5,0.23
2020-08-10,DGS5,0.24
2020-08-11,DGS5,0.27
2020-08-12,DGS5,0.30
2020-08-13,DGS5,0.32
2020-08-14,DGS5,0.29
2020-08-17,DGS5,0.29
2020-08-18,DGS5,0.27
2020-08-19,DGS5,0.29
2020-08-20,DGS5,0.26
2020-08-21,DGS5,0.27
2020-08-24,DGS5,0.28
2020-08-25,DGS5,0.30
2020-08-26,DGS5,0.28
2020-08-27,DGS5,0.31
2020-08-28,DGS5,0.28
2020-08-31,DGS5,0.28
2020-09-01,DGS5,0.26
2020-09-02,DGS5,0.26
2020-09-03,DGS5,0.24
2020-09-04,DGS5,0.30
2020-09-07,DGS5,
2020-09-08,DGS5,0.28
2020-09-09,DGS5,0.28
2020-09-10,DGS5,0.26
2020-09-11,DGS5,0.26
2020-09-14,DGS5,0.27
2020-09-15,DGS5,0.27
2020-09-16,DGS5,0.28
2020-09-17,DGS5,0.28
2020-09-18,DGS5,0.29
2020-09-21,DGS5,0.27
2020-09-22,DGS5,0.27
2020-09-23,DGS5,0.28
2020-09-24,DGS5,0.27
2020-09-25,DGS5,0.26
2020-09-28,DGS5,0.26
2020-09-29,DGS5,0.24
2020-09-30,DGS5,0.28
2020-10-01,DGS5,0.27
2020-10-02,DGS5,0.28
2020-10-05,DGS5,0.33
2020-10-06,DGS5,0.32
2020-10-07,DGS5,0.35
2020-10-08,DGS5,0.33
2020-10-09,DGS5,0.34
2020-10-12,DGS5,
2020-10-13,DGS5,0.31
2020-10-14,DGS5,0.30
2020-10-15,DGS5,0.32
2020-10-16,DGS5,0.32
2020-10-19,DGS5,0.34
2020-10-20,DGS5,0.34
2020-10-21,DGS5,0.36
2020-10-22,DGS5,0.38
2020-10-23,DGS5,0.37
2020-10-26,DGS5,0.35
2020-10-27,DGS5,0.34
2020-10-28,DGS5,0.34
2020-10-29,DGS5,0.38
2020-10-30,DGS5,0.38
2020-11-02,DGS5,0.38
2020-11-03,DGS5,0.39
2020-11-04,DGS5,0.33
2020-11-05,DGS5,0.33
2020-11-06,DGS5,0.36
2020-11-09,DGS5,0.44
2020-11-10,DGS5,0.46
2020-11-11,DGS5,
2020-11-12,DGS5,0.40
2020-11-13,DGS5,0.41
2020-11-16,DGS5,0.41
2020-11-17,DGS5,0.39
2020-11-18,DGS5,0.40
2020-11-19,DGS5,0.39
2020-11-20,DGS5,0.38
2020-11-23,DGS5,0.39
2020-11-24,DGS5,0.39
2020-11-25,DGS5,0.39
2020-11-26,DGS5,
2020-11-27,DGS5,0.37
2020-11-30,DGS5,0.36
2020-12-01,DGS5,0.42
2020-12-02,DGS5,0.42
2020-12-03,DGS5,0.40
2020-12-04,DGS5,0.42
2020-12-07,DGS5,0.40
2020-12-08,DGS5,0.39
2020-12-09,DGS5,0.41
2020-12-10,DGS5,0.39
2020-12-11,DGS5,0.37
2020-12-14,DGS5,0.37
2020-12-15,DGS5,0.37
2020-12-16,DGS5,0.37
2020-12-17,DGS5,0.38
2020-12-18,DGS5,0.39
2020-12-21,DGS5,0.39
2020-12-22,DGS5,0.37
2020-12-23,DGS5,0.38
2020-12-24,DGS5,0.37
2020-12-25,DGS5,
2020-12-28,DGS5,0.38
2020-12-29,DGS5,0.37
2020-12-30,DGS5,0.37
2020-12-31,DGS5,0.36
2021-01-01,DGS5,
2021-01-04,DGS5,0.36
2021-01-05,DGS5,0.38
2021-01-06,DGS5,0.43
2021-01-07,DGS5,0.46
2021-01-08,DGS5,0.49
2021-01-11,DGS5,0.50
2021-01-12,DGS5,0.50
2021-01-13,DGS5,0.48
2021-01-14,DGS5,0.49
2021-01-15,DGS5,0.46
2021-01-18,DGS5,
2021-01-19,DGS5,0.45
2021-01-20,DGS5,0.45
2021-01-21,DGS5,0.45
2021-01-22,DGS5,0.44
2021-01-25,DGS5,0.42
2021-01-26,DGS5,0.42
2021-01-27,DGS5,0.41
2021-01-28,DGS5,0.42
2021-01-29,DGS5,0.45
2021-02-01,DGS5,0.42
2021-02-02,DGS5,0.45
2021-02-03,DGS5,0.46
2021-02-04,DGS5,0.46
2021-02-05,DGS5,0.47
2021-02-08,DGS5,0.48
2021-02-09,DGS5,0.48
2021-02-10,DGS5,0.46
2021-02-11,DGS5,0.46
2021-02-12,DGS5,0.50
2021-02-15,DGS5,
2021-02-16,DGS5,0.57
2021-02-17,DGS5,0.57
2021-02-18,DGS5,0.56
2021-02-19,DGS5,0.59
2021-02-22,DGS5,0.61
2021-02-23,DGS5,0.59
2021-02-24,DGS5,0.62
2021-02-25,DGS5,0.81
2021-02-26,DGS5,0.75
2021-03-01,DGS5,0.71
2021-03-02,DGS5,0.67
2021-03-03,DGS5,0.73
2021-03-04,DGS5,0.77
2021-03-05,DGS5,0.79
2021-03-08,DGS5,0.86
2021-03-09,DGS5,0.83
2021-03-10,DGS5,0.80
2021-03-11,DGS5,0.78
2021-03-12,DGS5,0.85
2021-03-15,DGS5,0.84
2021-03-16,DGS5,0.83
2021-03-17,DGS5,0.80
2021-03-18,DGS5,0.86
2021-03-19,DGS5,0.90
2021-03-22,DGS5,0.87
2021-03-23,DGS5,0.83
2021-03-24,DGS5,0.83
2021-03-25,DGS5,0.82
2021-03-26,DGS5,0.85
2021-03-29,DGS5,0.89
2021-03-30,DGS5,0.90
2021-03-31,DGS5,0.92
2021-04-01,DGS5,0.90
2021-04-02,DGS5,0.97
2021-04-05,DGS5,0.94
2021-04-06,DGS5,0.88
2021-04-07,DGS5,0.87
2021-04-08,DGS5,0.85
2021-04-09,DGS5,0.87
2021-04-12,DGS5,0.89
2021-04-13,DGS5,0.85
2021-04-14,DGS5,0.87
2021-04-15,DGS5,0.81
2021-04-16,DGS5,0.84
2021-04-19,DGS5,0.85
2021-04-20,DGS5,0.81
2021-04-21,DGS5,0.81
2021-04-22,DGS5,0.81
2021-04-23,DGS5,0.83
2021-04-26,DGS5,0.85
2021-04-27,DGS5,0.88
2021-04-28,DGS5,0.86
2021-04-29,DGS5,0.86
2021-04-30,DGS5,0.86
2021-05-03,DGS5,0.84
2021-05-04,DGS5,0.82
2021-05-05,DGS5,0.80
2021-05-06,DGS5,0.81
2021-05-07,DGS5,0.77
2021-05-10,DGS5,0.80
2021-05-11,DGS5,0.80
2021-05-12,DGS5,0.87
2021-05-13,DGS5,0.84
2021-05-14,DGS5,0.82
2021-05-17,DGS5,0.84
2021-05-18,DGS5,0.83
2021-05-19,DGS5,0.87
2021-05-20,DGS5,0.83
2021-05-21,DGS5,0.84
2021-05-24,DGS5,0.82
2021-05-25,DGS5,0.79
2021-05-26,DGS5,0.80
2021-05-27,DGS5,0.81
2021-05-28,DGS5,0.79
2021-05-31,DGS5,
2021-06-01,DGS5,0.81
2021-06-02,DGS5,0.80
2021-06-03,DGS5,0.84
2021-06-04,DGS5,0.78
2021-06-07,DGS5,0.79
2021-06-08,DGS5,0.77
2021-06-09,DGS5,0.75
2021-06-10,DGS5,0.73
2021-06-11,DGS5,0.76
2021-06-14,DGS5,0.80
2021-06-15,DGS5,0.79
2021-06-16,DGS5,0.89
2021-06-17,DGS5,0.90
2021-06-18,DGS5,0.89
2021-06-21,DGS5,0.90
2021-06-22,DGS5,0.87
2021-06-23,DGS5,0.90
2021-06-24,DGS5,0.90
2021-06-25,DGS5,0.92
2021-06-28,DGS5,0.90
2021-06-29,DGS5,0.89
2021-06-30,DGS5,0.87
2021-07-01,DGS5,0.89
2021-07-02,DGS5,0.86
2021-07-05,DGS5,
2021-07-06,DGS5,0.81
2021-07-07,DGS5,0.79
2021-07-08,DGS5,0.74
2021-07-09,DGS5,0.79
2021-07-12,DGS5,0.81
2021-07-13,DGS5,0.85
2021-07-14,DGS5,0.80
2021-07-15,DGS5,0.78
2021-07-16,DGS5,0.79
2021-07-19,DGS5,0.70
2021-07-20,DGS5,0.69
2021-07-21,DGS5,0.74
2021-07-22,DGS5,0.71
2021-07-23,DGS5,0.72
2021-07-26,DGS5,0.73
2021-07-27,DGS5,0.71
2021-07-28,DGS5,0.72
2021-07-29,DGS5,0.73
2021-07-30,DGS5,0.69
2021-08-02,DGS5,0.66
2021-08-03,DGS5,0.65
2021-08-04,DGS5,0.67
2021-08-05,DGS5,0.72
2021-08-06,DGS5,0.77
2021-08-09,DGS5,0.79
2021-08-10,DGS5,0.82
2021-08-11,DGS5,0.81
2021-08-12,DGS5,0.83
2021-08-13,DGS5,0.79
2021-08-16,DGS5,0.75
2021-08-17,DGS5,0.77
2021-08-18,DGS5,0.79
2021-08-19,DGS5,0.78
2021-08-20,DGS5,0.80
2021-08-23,DGS5,0.78
2021-08-24,DGS5,0.80
2021-08-25,DGS5,0.84
2021-08-26,DGS5,0.84
2021-08-27,DGS5,0.79
2021-08-30,DGS5,0.77
2021-08-31,DGS5,0.77
2021-09-01,DGS5,0.78
2021-09-02,DGS5,0.78
2021-09-03,DGS5,0.78
2021-09-06,DGS5,
2021-09-07,DGS5,0.82
2021-09-08,DGS5,0.81
2021-09-09,DGS5,0.79
2021-09-10,DGS5,0.82
2021-09-13,DGS5,0.81
2021-09-14,DGS5,0.79
2021-09-15,DGS5,0.81
2021-09-16,DGS5,0.84
2021-09-17,DGS5,0.88
2021-09-20,DGS5,0.83
2021-09-21,DGS5,0.84
2021-09-22,DGS5,0.86
2021-09-23,DGS5,0.94
2021-09-24,DGS5,0.97
2021-09-27,DGS5,0.98
2021-09-28,DGS5,1.02
2021-09-29,DGS5,1.01
2021-09-30,DGS5,0.98
2021-10-01,DGS5,0.93
2021-10-04,DGS5,0.95
2021-10-05,DGS5,0.98
2021-10-06,DGS5,0.99
2021-10-07,DGS5,1.02
2021-10-08,DGS5,1.05
2021-10-11,DGS5,
2021-10-12,DGS5,1.08
2021-10-13,DGS5,1.09
2021-10-14,DGS5,1.05
2021-10-15,DGS5,1.13
2021-10-18,DGS5,1.16
2021-10-19,DGS5,1.17
2021-10-20,DGS5,1.16
2021-10-21,DGS5,1.23
2021-10-22,DGS5,1.22
2021-10-25,DGS5,1.19
2021-10-26,DGS5,1.20
2021-10-27,DGS5,1.16
2021-10-28,DGS5,1.18
2021-10-29,DGS5,1.18
2021-11-01,DGS5,1.20
2021-11-02,DGS5,1.15
2021-11-03,DGS5,1.19
2021-11-04,DGS5,1.10
2021-11-05,DGS5,1.04
2021-11-08,DGS5,1.13
2021-11-09,DGS5,1.08
2021-11-10,DGS5,1.23
2021-11-11,DGS5,
2021-11-12,DGS5,1.24
2021-11-15,DGS5,1.26
2021-11-16,DGS5,1.27
2021-11-17,DGS5,1.24
2021-11-18,DGS5,1.22
2021-11-19,DGS5,1.22
2021-11-22,DGS5,1.33
2021-11-23,DGS5,1.33
2021-11-24,DGS5,1.34
2021-11-25,DGS5,
2021-11-26,DGS5,1.16
2021-11-29,DGS5,1.18
2021-11-30,DGS5,1.14
2021-12-01,DGS5,1.15
2021-12-02,DGS5,1.21
2021-12-03,DGS5,1.13
2021-12-06,DGS5,1.21
2021-12-07,DGS5,1.26
2021-12-08,DGS5,1.27
2021-12-09,DGS5,1.26
2021-12-10,DGS5,1.25
2021-12-13,DGS5,1.21
2021-12-14,DGS5,1.23
2021-12-15,DGS5,1.26
2021-12-16,DGS5,1.19
2021-12-17,DGS5,1.18
2021-12-20,DGS5,1.17
2021-12-21,DGS5,1.24
2021-12-22,DGS5,1.23
2021-12-23,DGS5,1.25
2021-12-24,DGS5,
2021-12-27,DGS5,1.26
2021-12-28,DGS5,1.27
2021-12-29,DGS5,1.29
2021-12-30,DGS5,1.27
2021-12-31,DGS5,1.26
2022-01-03,DGS5,1.37
2022-01-04,DGS5,1.37
2022-01-05,DGS5,1.43
2022-01-06,DGS5,1.47
2022-01-07,DGS5,1.50
2022-01-10,DGS5,1.53
2022-01-11,DGS5,1.51
2022-01-12,DGS5,1.50
2022-01-13,DGS5,1.47
2022-01-14,DGS5,1.55
2022-01-17,DGS5,
2022-01-18,DGS5,1.65
2022-01-19,DGS5,1.62
2022-01-20,DGS5,1.62
2022-01-21,DGS5,1.54
2022-01-24,DGS5,1.53
2022-01-25,DGS5,1.56
2022-01-26,DGS5,1.66
2022-01-27,DGS5,1.66
2022-01-28,DGS5,1.61
2022-01-31,DGS5,1.62
2022-02-01,DGS5,1.63
2022-02-02,DGS5,1.60
2022-02-03,DGS5,1.66
2022-02-04,DGS5,1.78
2022-02-07,DGS5,1.76
2022-02-08,DGS5,1.81
2022-02-09,DGS5,1.82
2022-02-10,DGS5,1.96
2022-02-11,DGS5,1.84
2022-02-14,DGS5,1.90
2022-02-15,DGS5,1.94
2022-02-16,DGS5,1.90
2022-02-17,DGS5,1.85
2022-02-18,DGS5,1.82
2022-02-21,DGS5,
2022-02-22,DGS5,1.85
2022-02-23,DGS5,1.89
2022-02-24,DGS5,1.84
2022-02-25,DGS5,1.86
2022-02-28,DGS5,1.71
2022-03-01,DGS5,1.56
2022-03-02,DGS5,1.74
2022-03-03,DGS5,1.74
2022-03-04,DGS5,1.65
2022-03-07,DGS5,1.71
2022-03-08,DGS5,1.80
2022-03-09,DGS5,1.87
2022-03-10,DGS5,1.92
2022-03-11,DGS5,1.96
2022-03-14,DGS5,2.10
2022-03-15,DGS5,2.10
2022-03-16,DGS5,2.18
2022-03-17,DGS5,2.17
2022-03-18,DGS5,2.14
2022-03-21,DGS5,2.33
2022-03-22,DGS5,2.39
2022-03-23,DGS5,2.34
2022-03-24,DGS5,2.37
2022-03-25,DGS5,2.55
2022-03-28,DGS5,2.54
2022-03-29,DGS5,2.49
2022-03-30,DGS5,2.44
2022-03-31,DGS5,2.42
2022-04-01,DGS5,2.55
2022-04-04,DGS5,2.56
2022-04-05,DGS5,2.69
2022-04-06,DGS5,2.70
2022-04-07,DGS5,2.70
2022-04-08,DGS5,2.76
2022-04-11,DGS5,2.79
2022-04-12,DGS5,2.66
2022-04-13,DGS5,2.66
2022-04-14,DGS5,2.79
2022-04-15,DGS5,
2022-04-18,DGS5,2.79
2022-04-19,DGS5,2.91
2022-04-20,DGS5,2.87
2022-04-21,DGS5,2.96
2022-04-22,DGS5,2.94
2022-04-25,DGS5,2.84
2022-04-26,DGS5,2.79
2022-04-27,DGS5,2.81
2022-04-28,DGS5,2.86
2022-04-29,DGS5,2.92
2022-05-02,DGS5,3.01
2022-05-03,DGS5,3.01
2022-05-04,DGS5,2.93
2022-05-05,DGS5,3.01
2022-05-06,DGS5,3.06
2022-05-09,DGS5,2.95
2022-05-10,DGS5,2.91
2022-05-11,DGS5,2.89
2022-05-12,DGS5,2.81
2022-05-13,DGS5,2.89
2022-05-16,DGS5,2.83
2022-05-17,DGS5,2.96
2022-05-18,DGS5,2.89
2022-05-19,DGS5,2.84
2022-05-20,DGS5,2.80
2022-05-23,DGS5,2.88
2022-05-24,DGS5,2.76
2022-05-25,DGS5,2.71
2022-05-26,DGS5,2.70
2022-05-27,DGS5,2.71
2022-05-30,DGS5,
2022-05-31,DGS5,2.81
2022-06-01,DGS5,2.94
2022-06-02,DGS5,2.92
2022-06-03,DGS5,2.95
2022-06-06,DGS5,3.03
2022-06-07,DGS5,2.99
2022-06-08,DGS5,3.03
2022-06-09,DGS5,3.07
2022-06-10,DGS5,3.25
2022-06-13,DGS5,3.56
2022-06-14,DGS5,3.61
2022-06-15,DGS5,3.38
2022-06-16,DGS5,3.35
2022-06-17,DGS5,3.34
2022-06-20,DGS5,
2022-06-21,DGS5,3.38
2022-06-22,DGS5,3.22
2022-06-23,DGS5,3.14
2022-06-24,DGS5,3.18
2022-06-27,DGS5,3.24
2022-06-28,DGS5,3.25
2022-06-29,DGS5,3.15
2022-06-30,DGS5,3.01
2022-07-01,DGS5,2.88
2022-07-04,DGS5,
2022-07-05,DGS5,2.82
2022-07-06,DGS5,2.96
2022-07-07,DGS5,3.05
2022-07-08,DGS5,3.13
2022-07-11,DGS5,3.05
2022-07-12,DGS5,3.01
2022-07-13,DGS5,3.02
2022-07-14,DGS5,3.06
2022-07-15,DGS5,3.05
2022-07-18,DGS5,3.06
2022-07-19,DGS5,3.14
2022-07-20,DGS5,3.18
2022-07-21,DGS5,3.00
2022-07-22,DGS5,2.87
2022-07-25,DGS5,2.89
2022-07-26,DGS5,2.89
2022-07-27,DGS5,2.82
2022-07-28,DGS5,2.69
2022-07-29,DGS5,2.70
2022-08-01,DGS5,2.66
2022-08-02,DGS5,2.85
2022-08-03,DGS5,2.86
2022-08-04,DGS5,2.76
2022-08-05,DGS5,2.97
2022-08-08,DGS5,2.91
2022-08-09,DGS5,2.97
2022-08-10,DGS5,2.93
2022-08-11,DGS5,2.98
2022-08-12,DGS5,2.97
2022-08-15,DGS5,2.91
2022-08-16,DGS5,2.95
2022-08-17,DGS5,3.04
2022-08-18,DGS5,3.02
2022-08-19,DGS5,3.11
2022-08-22,DGS5,3.17
2022-08-23,DGS5,3.18
2022-08-24,DGS5,3.20
2022-08-25,DGS5,3.15
2022-08-26,DGS5,3.20
2022-08-29,DGS5,3.27
2022-08-30,DGS5,3.27
2022-08-31,DGS5,3.30
2022-09-01,DGS5,3.39
2022-09-02,DGS5,3.30
2022-09-05,DGS5,
2022-09-06,DGS5,3.43
2022-09-07,DGS5,3.37
2022-09-08,DGS5,3.39
2022-09-09,DGS5,3.45
2022-09-12,DGS5,3.47
2022-09-13,DGS5,3.58
2022-09-14,DGS5,3.60
2022-09-15,DGS5,3.66
2022-09-16,DGS5,3.62
2022-09-19,DGS5,3.69
2022-09-20,DGS5,3.75
2022-09-21,DGS5,3.74
2022-09-22,DGS5,3.91
2022-09-23,DGS5,3.96
2022-09-26,DGS5,4.15
2022-09-27,DGS5,4.21
2022-09-28,DGS5,3.92
2022-09-29,DGS5,3.98
2022-09-30,DGS5,4.06
2022-10-03,DGS5,3.90
2022-10-04,DGS5,3.84
2022-10-05,DGS5,3.96
2022-10-06,DGS5,4.05
2022-10-07,DGS5,4.14
2022-10-10,DGS5,
2022-10-11,DGS5,4.14
2022-10-12,DGS5,4.12
2022-10-13,DGS5,4.21
2022-10-14,DGS5,4.25
2022-10-17,DGS5,4.24
2022-10-18,DGS5,4.21
2022-10-19,DGS5,4.35
2022-10-20,DGS5,4.45
2022-10-21,DGS5,4.34
2022-10-24,DGS5,4.36
2022-10-25,DGS5,4.25
2022-10-26,DGS5,4.20
2022-10-27,DGS5,4.09
2022-10-28,DGS5,4.19
2022-10-31,DGS5,4.27
2022-11-01,DGS5,4.27
2022-11-02,DGS5,4.30
2022-11-03,DGS5,4.36
2022-11-04,DGS5,4.33
2022-11-07,DGS5,4.39
2022-11-08,DGS5,4.31
2022-11-09,DGS5,4.27
2022-11-10,DGS5,3.95
2022-11-11,DGS5,
2022-11-14,DGS5,4.00
2022-11-15,DGS5,3.93
2022-11-16,DGS5,3.83
2022-11-17,DGS5,3.93
2022-11-18,DGS5,3.99
2022-11-21,DGS5,3.97
2022-11-22,DGS5,3.93
2022-11-23,DGS5,3.88
2022-11-24,DGS5,
2022-11-25,DGS5,3.85
2022-11-28,DGS5,3.88
2022-11-29,DGS5,3.92
2022-11-30,DGS5,3.82
2022-12-01,DGS5,3.68
2022-12-02,DGS5,3.67
2022-12-05,DGS5,3.80
2022-12-06,DGS5,3.73
2022-12-07,DGS5,3.62
2022-12-08,DGS5,3.71
2022-12-09,DGS5,3.75
2022-12-12,DGS5,3.80
2022-12-13,DGS5,3.66
2022-12-14,DGS5,3.64
2022-12-15,DGS5,3.62
2022-12-16,DGS5,3.61
2022-12-19,DGS5,3.70
2022-12-20,DGS5,3.79
2022-12-21,DGS5,3.78
2022-12-22,DGS5,3.79
2022-12-23,DGS5,3.86
2022-12-26,DGS5,
2022-12-27,DGS5,3.94
2022-12-28,DGS5,3.97
2022-12-29,DGS5,3.94
2022-12-30,DGS5,3.99
2023-01-02,DGS5,
2023-01-03,DGS5,3.94
2023-01-04,DGS5,3.85
2023-01-05,DGS5,3.90
2023-01-06,DGS5,3.69
2023-01-09,DGS5,3.66
2023-01-10,DGS5,3.72
2023-01-11,DGS5,3.66
2023-01-12,DGS5,3.53
2023-01-13,DGS5,3.60
2023-01-16,DGS5,
2023-01-17,DGS5,3.60
2023-01-18,DGS5,3.43
2023-01-19,DGS5,3.48
2023-01-20,DGS5,3.56
2023-01-23,DGS5,3.61
2023-01-24,DGS5,3.58
2023-01-25,DGS5,3.54
2023-01-26,DGS5,3.58
2023-01-27,DGS5,3.62
2023-01-30,DGS5,3.68
2023-01-31,DGS5,3.63
2023-02-01,DGS5,3.48
2023-02-02,DGS5,3.49
2023-02-03,DGS5,3.67
2023-02-06,DGS5,3.81
2023-02-07,DGS5,3.85
2023-02-08,DGS5,3.82
2023-02-09,DGS5,3.87
2023-02-10,DGS5,3.93
2023-02-13,DGS5,3.93
2023-02-14,DGS5,4.00
2023-02-15,DGS5,4.04
2023-02-16,DGS5,4.06
2023-02-17,DGS5,4.03
2023-02-20,DGS5,
2023-02-21,DGS5,4.16
2023-02-22,DGS5,4.13
2023-02-23,DGS5,4.09
2023-02-24,DGS5,4.19
2023-02-27,DGS5,4.17
2023-02-28,DGS5,4.18
2023-03-01,DGS5,4.27
2023-03-02,DGS5,4.32
2023-03-03,DGS5,4.26
2023-03-06,DGS5,4.27
2023-03-07,DGS5,4.31
2023-03-08,DGS5,4.34
2023-03-09,DGS5,4.22
2023-03-10,DGS5,3.96
2023-03-13,DGS5,3.68
2023-03-14,DGS5,3.78
2023-03-15,DGS5,3.59
2023-03-16,DGS5,3.72
2023-03-17,DGS5,3.44
2023-03-20,DGS5,3.56
2023-03-21,DGS5,3.73
2023-03-22,DGS5,3.54
2023-03-23,DGS5,3.39
2023-03-24,DGS5,3.41
2023-03-27,DGS5,3.59
2023-03-28,DGS5,3.63
2023-03-29,DGS5,3.67
2023-03-30,DGS5,3.66
2023-03-31,DGS5,3.60
2023-04-03,DGS5,3.52
2023-04-04,DGS5,3.39
2023-04-05,DGS5,3.36
2023-04-06,DGS5,3.37
2023-04-07,DGS5,3.49
2023-04-10,DGS5,3.52
2023-04-11,DGS5,3.54
2023-04-12,DGS5,3.46
2023-04-13,DGS5,3.51
2023-04-14,DGS5,3.60
2023-04-17,DGS5,3.69
2023-04-18,DGS5,3.69
2023-04-19,DGS5,3.71
2023-04-20,DGS5,3.63
2023-04-21,DGS5,3.66
2023-04-24,DGS5,3.60
2023-04-25,DGS5,3.43
2023-04-26,DGS5,3.46
2023-04-27,DGS5,3.60
2023-04-28,DGS5,3.51
2023-05-01,DGS5,3.64
2023-05-02,DGS5,3.46
2023-05-03,DGS5,3.37
2023-05-04,DGS5,3.29
2023-05-05,DGS5,3.41
2023-05-08,DGS5,3.49
2023-05-09,DGS5,3.51
2023-05-10,DGS5,3.37
2023-05-11,DGS5,3.36
2023-05-12,DGS5,3.45
2023-05-15,DGS5,3.46
2023-05-16,DGS5,3.52
2023-05-17,DGS5,3.58
2023-05-18,DGS5,3.69
2023-05-19,DGS5,3.76
2023-05-22,DGS5,3.77
2023-05-23,DGS5,3.76
2023-05-24,DGS5,3.75
2023-05-25,DGS5,3.90
2023-05-26,DGS5,3.92
2023-05-29,DGS5,
2023-05-30,DGS5,3.81
2023-05-31,DGS5,3.74
2023-06-01,DGS5,3.70
2023-06-02,DGS5,3.84
2023-06-05,DGS5,3.82
2023-06-06,DGS5,3.85
2023-06-07,DGS5,3.93
2023-06-08,DGS5,3.87
2023-06-09,DGS5,3.92
2023-06-12,DGS5,3.89
2023-06-13,DGS5,4.01
2023-06-14,DGS5,4.06
2023-06-15,DGS5,3.91
2023-06-16,DGS5,3.99
2023-06-19,DGS5,
2023-06-20,DGS5,3.96
2023-06-21,DGS5,3.95
2023-06-22,DGS5,4.03
2023-06-23,DGS5,3.99
2023-06-26,DGS5,3.96
2023-06-27,DGS5,4.02
2023-06-28,DGS5,3.97
2023-06-29,DGS5,4.14
2023-06-30,DGS5,4.13
2023-07-03,DGS5,4.19
2023-07-04,DGS5,
2023-07-05,DGS5,4.25
2023-07-06,DGS5,4.37
2023-07-07,DGS5,4.35
2023-07-10,DGS5,4.25
2023-07-11,DGS5,4.24
2023-07-12,DGS5,4.07
2023-07-13,DGS5,3.93
2023-07-14,DGS5,4.04
2023-07-17,DGS5,4.02
2023-07-18,DGS5,4.00
2023-07-19,DGS5,3.98
2023-07-20,DGS5,4.08
2023-07-21,DGS5,4.09
2023-07-24,DGS5,4.13
2023-07-25,DGS5,4.15
2023-07-26,DGS5,4.09
2023-07-27,DGS5,4.24
2023-07-28,DGS5,4.18
2023-07-31,DGS5,4.18
2023-08-01,DGS5,4.24
2023-08-02,DGS5,4.24
2023-08-03,DGS5,4.30
2023-08-04,DGS5,4.15
2023-08-07,DGS5,4.16
2023-08-08,DGS5,4.10
2023-08-09,DGS5,4.12
2023-08-10,DGS5,4.21
2023-08-11,DGS5,4.31
2023-08-14,DGS5,4.36
2023-08-15,DGS5,4.36
2023-08-16,DGS5,4.42
2023-08-17,DGS5,4.42
2023-08-18,DGS5,4.38
2023-08-21,DGS5,4.46
2023-08-22,DGS5,4.49
2023-08-23,DGS5,4.36
2023-08-24,DGS5,4.39
2023-08-25,DGS5,4.44
2023-08-28,DGS5,4.38
2023-08-29,DGS5,4.26
2023-08-30,DGS5,4.27
2023-08-31,DGS5,4.23
2023-09-01,DGS5,4.29
2023-09-04,DGS5,
2023-09-05,DGS5,4.37
2023-09-06,DGS5,4.44
2023-09-07,DGS5,4.38
2023-09-08,DGS5,4.39
2023-09-11,DGS5,4.40
2023-09-12,DGS5,4.41
2023-09-13,DGS5,4.39
2023-09-14,DGS5,4.42
2023-09-15,DGS5,4.45
2023-09-18,DGS5,4.46
2023-09-19,DGS5,4.51
2023-09-20,DGS5,4.52
2023-09-21,DGS5,4.61
2023-09-22,DGS5,4.57
2023-09-25,DGS5,4.62
2023-09-26,DGS5,4.62
2023-09-27,DGS5,4.67
2023-09-28,DGS5,4.62
2023-09-29,DGS5,4.60
2023-10-02,DGS5,4.72
2023-10-03,DGS5,4.80
2023-10-04,DGS5,4.72
2023-10-05,DGS5,4.68
2023-10-06,DGS5,4.75
2023-10-09,DGS5,
2023-10-10,DGS5,4.62
2023-10-11,DGS5,4.59
2023-10-12,DGS5,4.69
2023-10-13,DGS5,4.65
2023-10-16,DGS5,4.72
2023-10-17,DGS5,4.86
2023-10-18,DGS5,4.92
2023-10-19,DGS5,4.95
2023-10-20,DGS5,4.86
2023-10-23,DGS5,4.81
2023-10-24,DGS5,4.82
2023-10-25,DGS5,4.89
2023-10-26,DGS5,4.79
2023-10-27,DGS5,4.76
2023-10-30,DGS5,4.80
2023-10-31,DGS5,4.82
2023-11-01,DGS5,4.67
2023-11-02,DGS5,4.65
2023-11-03,DGS5,4.49
2023-11-06,DGS5,4.60
2023-11-07,DGS5,4.53
2023-11-08,DGS5,4.51
2023-11-09,DGS5,4.65
2023-11-10,DGS5,4.65
2023-11-13,DGS5,4.66
2023-11-14,DGS5,4.42
2023-11-15,DGS5,4.52
2023-11-16,DGS5,4.43
2023-11-17,DGS5,4.45
2023-11-20,DGS5,4.44
2023-11-21,DGS5,4.41
2023-11-22,DGS5,4.44
2023-11-23,DGS5,
2023-11-24,DGS5,4.49
2023-11-27,DGS5,4.38
2023-11-28,DGS5,4.29
2023-11-29,DGS5,4.22
2023-11-30,DGS5,4.31
2023-12-01,DGS5,4.14
2023-12-04,DGS5,4.23
2023-12-05,DGS5,4.14
2023-12-06,DGS5,4.12
2023-12-07,DGS5,4.11
2023-12-08,DGS5,4.24
2023-12-11,DGS5,4.25
2023-12-12,DGS5,4.23
2023-12-13,DGS5,4.00
2023-12-14,DGS5,3.90
2023-12-15,DGS5,3.91
2023-12-18,DGS5,3.94
2023-12-19,DGS5,3.94
2023-12-20,DGS5,3.86
2023-12-21,DGS5,3.87
2023-12-22,DGS5,3.87
2023-12-25,DGS5,
2023-12-26,DGS5,3.89
2023-12-27,DGS5,3.78
2023-12-28,DGS5,3.83
2023-12-29,DGS5,3.84
2024-01-01,DGS5,
2024-01-02,DGS5,3.93
2024-01-03,DGS5,3.90
2024-01-04,DGS5,3.97
2024-01-05,DGS5,4.02
2024-01-08,DGS5,3.97
2024-01-09,DGS5,3.97
2024-01-10,DGS5,3.99
2024-01-11,DGS5,3.90
2024-01-12,DGS5,3.84
2024-01-15,DGS5,
2024-01-16,DGS5,3.95
2024-01-17,DGS5,4.02
2024-01-18,DGS5,4.04
2024-01-19,DGS5,4.08
2024-01-22,DGS5,4.03
2024-01-23,DGS5,4.06
2024-01-24,DGS5,4.06
2024-01-25,DGS5,4.01
2024-01-26,DGS5,4.04
2024-01-29,DGS5,3.97
2024-01-30,DGS5,4.00
2024-01-31,DGS5,3.91
2024-02-01,DGS5,3.80
2024-02-02,DGS5,3.99
2024-02-05,DGS5,4.13
2024-02-06,DGS5,4.03
2024-02-07,DGS5,4.06
2024-02-08,DGS5,4.12
2024-02-09,DGS5,4.14
2024-02-12,DGS5,4.13
2024-02-13,DGS5,4.31
2024-02-14,DGS5,4.25
2024-02-15,DGS5,4.22
2024-02-16,DGS5,4.29
2024-02-19,DGS5,
2024-02-20,DGS5,4.25
2024-02-21,DGS5,4.30
2024-02-22,DGS5,4.33
2024-02-23,DGS5,4.28
2024-02-26,DGS5,4.29
2024-02-27,DGS5,4.32
2024-02-28,DGS5,4.26
2024-02-29,DGS5,4.26
2024-03-01,DGS5,4.17
2024-03-04,DGS5,4.21
2024-03-05,DGS5,4.13
2024-03-06,DGS5,4.12
2024-03-07,DGS5,4.07
2024-03-08,DGS5,4.06
2024-03-11,DGS5,4.08
2024-03-12,DGS5,4.15
2024-03-13,DGS5,4.19
2024-03-14,DGS5,4.29
2024-03-15,DGS5,4.33
2024-03-18,DGS5,4.36
2024-03-19,DGS5,4.31
2024-03-20,DGS5,4.25
2024-03-21,DGS5,4.26
2024-03-22,DGS5,4.20
2024-03-25,DGS5,4.23
2024-03-26,DGS5,4.22
2024-03-27,DGS5,4.18
2024-03-28,DGS5,4.21
2024-03-29,DGS5,
2024-04-01,DGS5,4.34
2024-04-02,DGS5,4.35
2024-04-03,DGS5,4.34
2024-04-04,DGS5,4.30
2024-04-05,DGS5,4.38
2024-04-08,DGS5,4.43
2024-04-09,DGS5,4.37
2024-04-10,DGS5,4.61
2024-04-11,DGS5,4.61
2024-04-12,DGS5,4.54
2024-04-15,DGS5,4.65
2024-04-16,DGS5,4.69
2024-04-17,DGS5,4.62
2024-04-18,DGS5,4.68
2024-04-19,DGS5,4.66
2024-04-22,DGS5,4.66
2024-04-23,DGS5,4.63
2024-04-24,DGS5,4.64
2024-04-25,DGS5,4.70
2024-04-26,DGS5,4.68
2024-04-29,DGS5,4.65
2024-04-30,DGS5,4.72
2024-05-01,DGS5,4.64
2024-05-02,DGS5,4.57
2024-05-03,DGS5,4.48
2024-05-06,DGS5,4.48
2024-05-07,DGS5,4.48
2024-05-08,DGS5,4.50
2024-05-09,DGS5,4.47
2024-05-10,DGS5,4.52
2024-05-13,DGS5,4.50
2024-05-14,DGS5,4.46
2024-05-15,DGS5,4.35
2024-05-16,DGS5,4.40
2024-05-17,DGS5,4.44
2024-05-20,DGS5,4.46
2024-05-21,DGS5,4.43
2024-05-22,DGS5,4.47
2024-05-23,DGS5,4.52
2024-05-24,DGS5,4.53
2024-05-27,DGS5,
2024-05-28,DGS5,4.56
2024-05-29,DGS5,4.63
2024-05-30,DGS5,4.57
2024-05-31,DGS5,4.52
2024-06-03,DGS5,4.42
2024-06-04,DGS5,4.35
2024-06-05,DGS5,4.31
2024-06-06,DGS5,4.29
2024-06-07,DGS5,4.46
2024-06-10,DGS5,4.48
2024-06-11,DGS5,4.41
2024-06-12,DGS5,4.32
2024-06-13,DGS5,4.24
2024-06-14,DGS5,4.22
2024-06-17,DGS5,4.30
2024-06-18,DGS5,4.24
2024-06-19,DGS5,
2024-06-20,DGS5,4.26
2024-06-21,DGS5,4.26
2024-06-24,DGS5,4.27
2024-06-25,DGS5,4.25
2024-06-26,DGS5,4.32
2024-06-27,DGS5,4.29
2024-06-28,DGS5,4.33
2024-07-01,DGS5,4.44
2024-07-02,DGS5,4.39
2024-07-03,DGS5,4.33
2024-07-04,DGS5,
2024-07-05,DGS5,4.22
2024-07-08,DGS5,4.23
2024-07-09,DGS5,4.24
2024-07-10,DGS5,4.24
2024-07-11,DGS5,4.13
2024-07-12,DGS5,4.10
2024-07-15,DGS5,4.13
2024-07-16,DGS5,4.09
2024-07-17,DGS5,4.07
2024-07-18,DGS5,4.11
2024-07-19,DGS5,4.16
2024-07-22,DGS5,4.17
2024-07-23,DGS5,4.15
2024-07-24,DGS5,4.12
2024-07-25,DGS5,4.13
2024-07-26,DGS5,4.06
2024-07-29,DGS5,4.05
2024-07-30,DGS5,4.03
2024-07-31,DGS5,3.97
2024-08-01,DGS5,3.84
2024-08-02,DGS5,3.62
2024-08-05,DGS5,3.62
2024-08-06,DGS5,3.73
2024-08-07,DGS5,3.79
2024-08-08,DGS5,3.83
2024-08-09,DGS5,3.80
2024-08-12,DGS5,3.75
2024-08-13,DGS5,3.68
2024-08-14,DGS5,3.67
2024-08-15,DGS5,3.79
2024-08-16,DGS5,3.77
2024-08-19,DGS5,3.75
2024-08-20,DGS5,3.70
2024-08-21,DGS5,3.64
2024-08-22,DGS5,3.72
2024-08-23,DGS5,3.65
2024-08-26,DGS5,3.66
2024-08-27,DGS5,3.66
2024-08-28,DGS5,3.63
2024-08-29,DGS5,3.66
2024-08-30,DGS5,3.71
2024-09-02,DGS5,
2024-09-03,DGS5,3.65
2024-09-04,DGS5,3.56
2024-09-05,DGS5,3.54
2024-09-06,DGS5,3.50
2024-09-09,DGS5,3.49
2024-09-10,DGS5,3.43
2024-09-11,DGS5,3.45
2024-09-12,DGS5,3.47
2024-09-13,DGS5,3.43
2024-09-16,DGS5,3.41
2024-09-17,DGS5,3.44
2024-09-18,DGS5,3.47
2024-09-19,DGS5,3.49
2024-09-20,DGS5,3.48
2024-09-23,DGS5,3.51
2024-09-24,DGS5,3.47
2024-09-25,DGS5,3.52
2024-09-26,DGS5,3.55
2024-09-27,DGS5,3.50
2024-09-30,DGS5,3.58
2024-10-01,DGS5,3.51
2024-10-02,DGS5,3.55
2024-10-03,DGS5,3.62
2024-10-04,DGS5,3.81
2024-10-07,DGS5,3.86
2024-10-08,DGS5,3.86
2024-10-09,DGS5,3.91
2024-10-10,DGS5,3.91
2024-10-11,DGS5,3.88
2024-10-14,DGS5,
2024-10-15,DGS5,3.86
2024-10-16,DGS5,3.84
2024-10-17,DGS5,3.90
2024-10-18,DGS5,3.88
2024-10-21,DGS5,3.98
2024-10-22,DGS5,4.00
2024-10-23,DGS5,4.05
2024-10-24,DGS5,4.03
2024-10-25,DGS5,4.07
2024-10-28,DGS5,4.11
2024-10-29,DGS5,4.11
2024-10-30,DGS5,4.14
2024-10-31,DGS5,4.15
2024-11-01,DGS5,4.22
2024-11-04,DGS5,4.17
2024-11-05,DGS5,4.16
2024-11-06,DGS5,4.27
2024-11-07,DGS5,4.17
2024-11-08,DGS5,4.20
2024-11-11,DGS5,
2024-11-12,DGS5,4.32
2024-11-13,DGS5,4.30
2024-11-14,DGS5,4.32
2024-11-15,DGS5,4.30
2024-11-18,DGS5,4.28
2024-11-19,DGS5,4.25
2024-11-20,DGS5,4.28
2024-11-21,DGS5,4.30
2024-11-22,DGS5,4.30
2024-11-25,DGS5,4.17
2024-11-26,DGS5,4.17
2024-11-27,DGS5,4.11
2024-11-28,DGS5,
2024-11-29,DGS5,4.05
2024-12-02,DGS5,4.08
2024-12-03,DGS5,4.11
2024-12-04,DGS5,4.07
2024-12-05,DGS5,4.07
2024-12-06,DGS5,4.03
2024-12-09,DGS5,4.07
2024-12-10,DGS5,4.09
2024-12-11,DGS5,4.13
2024-12-12,DGS5,4.18
2024-12-13,DGS5,4.25
2024-12-16,DGS5,4.25
2024-12-17,DGS5,4.26
2024-12-18,DGS5,4.40
2024-12-19,DGS5,4.43
2024-12-20,DGS5,4.37
2024-12-23,DGS5,4.44
2024-12-24,DGS5,4.43
2024-12-25,DGS5,
2024-12-26,DGS5,4.42
2024-12-27,DGS5,4.45
2024-12-30,DGS5,4.37
2024-12-31,DGS5,4.38
2020-01-02,DGS10,1.88
2020-01-03,DGS10,1.80
2020-01-06,DGS10,1.81
2020-01-07,DGS10,1.83
2020-01-08,DGS10,1.87
2020-01-09,DGS10,1.85
2020-01-10,DGS10,1.83
2020-01-13,DGS10,1.85
2020-01-14,DGS10,1.82
2020-01-15,DGS10,1.79
2020-01-16,DGS10,1.81
2020-01-17,DGS10,1.84
2020-01-20,DGS10,
2020-01-21,DGS10,1.78
2020-01-22,DGS10,1.77
2020-01-23,DGS10,1.74
2020-01-24,DGS10,1.70
2020-01-27,DGS10,1.61
2020-01-28,DGS10,1.65
2020-01-29,DGS10,1.60
2020-01-30,DGS10,1.57
2020-01-31,DGS10,1.51
2020-02-03,DGS10,1.54
2020-02-04,DGS10,1.61
2020-02-05,DGS10,1.66
2020-02-06,DGS10,1.65
2020-02-07,DGS10,1.59
2020-02-10,DGS10,1.56
2020-02-11,DGS10,1.59
2020-02-12,DGS10,1.62
2020-02-13,DGS10,1.61
2020-02-14,DGS10,1.59
2020-02-17,DGS10,
2020-02-18,DGS10,1.55
2020-02-19,DGS10,1.56
2020-02-20,DGS10,1.52
2020-02-21,DGS10,1.46
2020-02-24,DGS10,1.38
2020-02-25,DGS10,1.33
2020-02-26,DGS10,1.33
2020-02-27,DGS10,1.30
2020-02-28,DGS10,1.13
2020-03-02,DGS10,1.10
2020-03-03,DGS10,1.02
2020-03-04,DGS10,1.02
2020-03-05,DGS10,0.92
2020-03-06,DGS10,0.74
2020-03-09,DGS10,0.54
2020-03-10,DGS10,0.76
2020-03-11,DGS10,0.82
2020-03-12,DGS10,0.88
2020-03-13,DGS10,0.94
2020-03-16,DGS10,0.73
2020-03-17,DGS10,1.02
2020-03-18,DGS10,1.18
2020-03-19,DGS10,1.12
2020-03-20,DGS10,0.92
2020-03-23,DGS10,0.76
2020-03-24,DGS10,0.84
2020-03-25,DGS10,0.88
2020-03-26,DGS10,0.83
2020-03-27,DGS10,0.72
2020-03-30,DGS10,0.70
2020-03-31,DGS10,0.70
2020-04-01,DGS10,0.62
2020-04-02,DGS10,0.63
2020-04-03,DGS10,0.62
2020-04-06,DGS10,0.67
2020-04-07,DGS10,0.75
2020-04-08,DGS10,0.77
2020-04-09,DGS10,0.73
2020-04-10,DGS10,
2020-04-13,DGS10,0.76
2020-04-14,DGS10,0.76
2020-04-15,DGS10,0.63
2020-04-16,DGS10,0.61
2020-04-17,DGS10,0.65
2020-04-20,DGS10,0.63
2020-04-21,DGS10,0.58
2020-04-22,DGS10,0.63
2020-04-23,DGS10,0.61
2020-04-24,DGS10,0.60
2020-04-27,DGS10,0.67
2020-04-28,DGS10,0.62
2020-04-29,DGS10,0.63
2020-04-30,DGS10,0.64
2020-05-01,DGS10,0.64
2020-05-04,DGS10,0.64
2020-05-05,DGS10,0.66
2020-05-06,DGS10,0.72
2020-05-07,DGS10,0.63
2020-05-08,DGS10,0.69
2020-05-11,DGS10,0.73
2020-05-12,DGS10,0.69
2020-05-13,DGS10,0.64
2020-05-14,DGS10,0.63
2020-05-15,DGS10,0.64
2020-05-18,DGS10,0.73
2020-05-19,DGS10,0.70
2020-05-20,DGS10,0.68
2020-05-21,DGS10,0.68
2020-05-22,DGS10,0.66
2020-05-25,DGS10,
2020-05-26,DGS10,0.69
2020-05-27,DGS10,0.68
2020-05-28,DGS10,0.70
2020-05-29,DGS10,0.65
2020-06-01,DGS10,0.66
2020-06-02,DGS10,0.68
2020-06-03,DGS10,0.77
2020-06-04,DGS10,0.82
2020-06-05,DGS10,0.91
2020-06-08,DGS10,0.88
2020-06-09,DGS10,0.84
2020-06-10,DGS10,0.75
2020-06-11,DGS10,0.66
2020-06-12,DGS10,0.71
2020-06-15,DGS10,0.71
2020-06-16,DGS10,0.75
2020-06-17,DGS10,0.74
2020-06-18,DGS10,0.71
2020-06-19,DGS10,0.70
2020-06-22,DGS10,0.71
2020-06-23,DGS10,0.72
2020-06-24,DGS10,0.69
2020-06-25,DGS10,0.68
2020-06-26,DGS10,0.64
2020-06-29,DGS10,0.64
2020-06-30,DGS10,0.66
2020-07-01,DGS10,0.69
2020-07-02,DGS10,0.68
2020-07-03,DGS10,
2020-07-06,DGS10,0.69
2020-07-07,DGS10,0.65
2020-07-08,DGS10,0.67
2020-07-09,DGS10,0.62
2020-07-10,DGS10,0.65
2020-07-13,DGS10,0.64
2020-07-14,DGS10,0.63
2020-07-15,DGS10,0.64
2020-07-16,DGS10,0.62
2020-07-17,DGS10,0.64
2020-07-20,DGS10,0.62
2020-07-21,DGS10,0.61
2020-07-22,DGS10,0.60
2020-07-23,DGS10,0.59
2020-07-24,DGS10,0.59
2020-07-27,DGS10,0.62
2020-07-28,DGS10,0.59
2020-07-29,DGS10,0.58
2020-07-30,DGS10,0.55
2020-07-31,DGS10,0.55
2020-08-03,DGS10,0.56
2020-08-04,DGS10,0.52
2020-08-05,DGS10,0.55
2020-08-06,DGS10,0.55
2020-08-07,DGS10,0.57
2020-08-10,DGS10,0.59
2020-08-11,DGS10,0.64
2020-08-12,DGS10,0.69
2020-08-13,DGS10,0.71
2020-08-14,DGS10,0.71
2020-08-17,DGS10,0.69
2020-08-18,DGS10,0.67
2020-08-19,DGS10,0.68
2020-08-20,DGS10,0.65
2020-08-21,DGS10,0.64
2020-08-24,DGS10,0.65
2020-08-25,DGS10,0.69
2020-08-26,DGS10,0.69
2020-08-27,DGS10,0.74
2020-08-28,DGS10,0.74
2020-08-31,DGS10,0.72
2020-09-01,DGS10,0.68
2020-09-02,DGS10,0.66
2020-09-03,DGS10,0.63
2020-09-04,DGS10,0.72
2020-09-07,DGS10,
2020-09-08,DGS10,0.69
2020-09-09,DGS10,0.71
2020-09-10,DGS10,0.68
2020-09-11,DGS10,0.67
2020-09-14,DGS10,0.68
2020-09-15,DGS10,0.68
2020-09-16,DGS10,0.69
2020-09-17,DGS10,0.69
2020-09-18,DGS10,0.70
2020-09-21,DGS10,0.68
2020-09-22,DGS10,0.68
2020-09-23,DGS10,0.68
2020-09-24,DGS10,0.67
2020-09-25,DGS10,0.66
2020-09-28,DGS10,0.67
2020-09-29,DGS10,0.66
2020-09-30,DGS10,0.69
2020-10-01,DGS10,0.68
2020-10-02,DGS10,0.70
2020-10-05,DGS10,0.78
2020-10-06,DGS10,0.76
2020-10-07,DGS10,0.81
2020-10-08,DGS10,0.78
2020-10-09,DGS10,0.79
2020-10-12,DGS10,
2020-10-13,DGS10,0.74
2020-10-14,DGS10,0.73
2020-10-15,DGS10,0.74
2020-10-16,DGS10,0.76
2020-10-19,DGS10,0.78
2020-10-20,DGS10,0.81
2020-10-21,DGS10,0.83
2020-10-22,DGS10,0.87
2020-10-23,DGS10,0.85
2020-10-26,DGS10,0.81
2020-10-27,DGS10,0.79
2020-10-28,DGS10,0.79
2020-10-29,DGS10,0.85
2020-10-30,DGS10,0.88
2020-11-02,DGS10,0.87
2020-11-03,DGS10,0.90
2020-11-04,DGS10,0.78
2020-11-05,DGS10,0.79
2020-11-06,DGS10,0.83
2020-11-09,DGS10,0.96
2020-11-10,DGS10,0.98
2020-11-11,DGS10,
2020-11-12,DGS10,0.88
2020-11-13,DGS10,0.89
2020-11-16,DGS10,0.91
2020-11-17,DGS10,0.87
2020-11-18,DGS10,0.88
2020-11-19,DGS10,0.86
2020-11-20,DGS10,0.83
2020-11-23,DGS10,0.86
2020-11-24,DGS10,0.88
2020-11-25,DGS10,0.88
2020-11-26,DGS10,
2020-11-27,DGS10,0.84
2020-11-30,DGS10,0.84
2020-12-01,DGS10,0.92
2020-12-02,DGS10,0.95
2020-12-03,DGS10,0.92
2020-12-04,DGS10,0.97
2020-12-07,DGS10,0.94
2020-12-08,DGS10,0.92
2020-12-09,DGS10,0.95
2020-12-10,DGS10,0.92
2020-12-11,DGS10,0.90
2020-12-14,DGS10,0.90
2020-12-15,DGS10,0.92
2020-12-16,DGS10,0.92
2020-12-17,DGS10,0.94
2020-12-18,DGS10,0.95
2020-12-21,DGS10,0.95
2020-12-22,DGS10,0.93
2020-12-23,DGS10,0.96
2020-12-24,DGS10,0.94
2020-12-25,DGS10,
2020-12-28,DGS10,0.94
2020-12-29,DGS10,0.94
2020-12-30,DGS10,0.93
2020-12-31,DGS10,0.93
2021-01-01,DGS10,
2021-01-04,DGS10,0.93
2021-01-05,DGS10,0.96
2021-01-06,DGS10,1.04
2021-01-07,DGS10,1.08
2021-01-08,DGS10,1.13
2021-01-11,DGS10,1.15
2021-01-12,DGS10,1.15
2021-01-13,DGS10,1.10
2021-01-14,DGS10,1.15
2021-01-15,DGS10,1.11
2021-01-18,DGS10,
2021-01-19,DGS10,1.10
2021-01-20,DGS10,1.10
2021-01-21,DGS10,1.12
2021-01-22,DGS10,1.10
2021-01-25,DGS10,1.05
2021-01-26,DGS10,1.05
2021-01-27,DGS10,1.04
2021-01-28,DGS10,1.07
2021-01-29,DGS10,1.11
2021-02-01,DGS10,1.09
2021-02-02,DGS10,1.12
2021-02-03,DGS10,1.15
2021-02-04,DGS10,1.15
2021-02-05,DGS10,1.19
2021-02-08,DGS10,1.19
2021-02-09,DGS10,1.18
2021-02-10,DGS10,1.15
2021-02-11,DGS10,1.16
2021-02-12,DGS10,1.20
2021-02-15,DGS10,
2021-02-16,DGS10,1.30
2021-02-17,DGS10,1.29
2021-02-18,DGS10,1.29
2021-02-19,DGS10,1.34
2021-02-22,DGS10,1.37
2021-02-23,DGS10,1.37
2021-02-24,DGS10,1.38
2021-02-25,DGS10,1.54
2021-02-26,DGS10,1.44
2021-03-01,DGS10,1.45
2021-03-02,DGS10,1.42
2021-03-03,DGS10,1.47
2021-03-04,DGS10,1.54
2021-03-05,DGS10,1.56
2021-03-08,DGS10,1.59
2021-03-09,DGS10,1.55
2021-03-10,DGS10,1.53
2021-03-11,DGS10,1.54
2021-03-12,DGS10,1.64
2021-03-15,DGS10,1.62
2021-03-16,DGS10,1.62
2021-03-17,DGS10,1.63
2021-03-18,DGS10,1.71
2021-03-19,DGS10,1.74
2021-03-22,DGS10,1.69
2021-03-23,DGS10,1.63
2021-03-24,DGS10,1.62
2021-03-25,DGS10,1.63
2021-03-26,DGS10,1.67
2021-03-29,DGS10,1.73
2021-03-30,DGS10,1.73
2021-03-31,DGS10,1.74
2021-04-01,DGS10,1.69
2021-04-02,DGS10,1.72
2021-04-05,DGS10,1.73
2021-04-06,DGS10,1.67
2021-04-07,DGS10,1.68
2021-04-08,DGS10,1.64
2021-04-09,DGS10,1.67
2021-04-12,DGS10,1.69
2021-04-13,DGS10,1.64
2021-04-14,DGS10,1.64
2021-04-15,DGS10,1.56
2021-04-16,DGS10,1.59
2021-04-19,DGS10,1.61
2021-04-20,DGS10,1.58
2021-04-21,DGS10,1.57
2021-04-22,DGS10,1.57
2021-04-23,DGS10,1.58
2021-04-26,DGS10,1.58
2021-04-27,DGS10,1.63
2021-04-28,DGS10,1.63
2021-04-29,DGS10,1.65
2021-04-30,DGS10,1.65
2021-05-03,DGS10,1.63
2021-05-04,DGS10,1.61
2021-05-05,DGS10,1.59
2021-05-06,DGS10,1.58
2021-05-07,DGS10,1.60
2021-05-10,DGS10,1.63
2021-05-11,DGS10,1.64
2021-05-12,DGS10,1.69
2021-05-13,DGS10,1.66
2021-05-14,DGS10,1.63
2021-05-17,DGS10,1.64
2021-05-18,DGS10,1.64
2021-05-19,DGS10,1.68
2021-05-20,DGS10,1.63
2021-05-21,DGS10,1.63
2021-05-24,DGS10,1.61
2021-05-25,DGS10,1.56
2021-05-26,DGS10,1.58
2021-05-27,DGS10,1.61
2021-05-28,DGS10,1.58
2021-05-31,DGS10,
2021-06-01,DGS10,1.62
2021-06-02,DGS10,1.59
2021-06-03,DGS10,1.63
2021-06-04,DGS10,1.56
2021-06-07,DGS10,1.57
2021-06-08,DGS10,1.53
2021-06-09,DGS10,1.50
2021-06-10,DGS10,1.45
2021-06-11,DGS10,1.47
2021-06-14,DGS10,1.51
2021-06-15,DGS10,1.51
2021-06-16,DGS10,1.57
2021-06-17,DGS10,1.52
2021-06-18,DGS10,1.45
2021-06-21,DGS10,1.50
2021-06-22,DGS10,1.48
2021-06-23,DGS10,1.50
2021-06-24,DGS10,1.49
2021-06-25,DGS10,1.54
2021-06-28,DGS10,1.49
2021-06-29,DGS10,1.49
2021-06-30,DGS10,1.45
2021-07-01,DGS10,1.48
2021-07-02,DGS10,1.44
2021-07-05,DGS10,
2021-07-06,DGS10,1.37
2021-07-07,DGS10,1.33
2021-07-08,DGS10,1.30
2021-07-09,DGS10,1.37
2021-07-12,DGS10,1.38
2021-07-13,DGS10,1.42
2021-07-14,DGS10,1.37
2021-07-15,DGS10,1.31
2021-07-16,DGS10,1.31
2021-07-19,DGS10,1.19
2021-07-20,DGS10,1.23
2021-07-21,DGS10,1.30
2021-07-22,DGS10,1.27
2021-07-23,DGS10,1.30
2021-07-26,DGS10,1.29
2021-07-27,DGS10,1.25
2021-07-28,DGS10,1.26
2021-07-29,DGS10,1.28
2021-07-30,DGS10,1.24
2021-08-02,DGS10,1.20
2021-08-03,DGS10,1.19
2021-08-04,DGS10,1.19
2021-08-05,DGS10,1.23
2021-08-06,DGS10,1.31
2021-08-09,DGS10,1.33
2021-08-10,DGS10,1.36
2021-08-11,DGS10,1.35
2021-08-12,DGS10,1.36
2021-08-13,DGS10,1.29
2021-08-16,DGS10,1.26
2021-08-17,DGS10,1.26
2021-08-18,DGS10,1.27
2021-08-19,DGS10,1.24
2021-08-20,DGS10,1.26
2021-08-23,DGS10,1.25
2021-08-24,DGS10,1.29
2021-08-25,DGS10,1.35
2021-08-26,DGS10,1.34
2021-08-27,DGS10,1.31
2021-08-30,DGS10,1.29
2021-08-31,DGS10,1.30
2021-09-01,DGS10,1.31
2021-09-02,DGS10,1.29
2021-09-03,DGS10,1.33
2021-09-06,DGS10,
2021-09-07,DGS10,1.38
2021-09-08,DGS10,1.35
2021-09-09,DGS10,1.30
2021-09-10,DGS10,1.35
2021-09-13,DGS10,1.33
2021-09-14,DGS10,1.28
2021-09-15,DGS10,1.31
2021-09-16,DGS10,1.34
2021-09-17,DGS10,1.37
2021-09-20,DGS10,1.31
2021-09-21,DGS10,1.33
2021-09-22,DGS10,1.32
2021-09-23,DGS10,1.41
2021-09-24,DGS10,1.47
2021-09-27,DGS10,1.48
2021-09-28,DGS10,1.54
2021-09-29,DGS10,1.55
2021-09-30,DGS10,1.52
2021-10-01,DGS10,1.48
2021-10-04,DGS10,1.49
2021-10-05,DGS10,1.54
2021-10-06,DGS10,1.53
2021-10-07,DGS10,1.58
2021-10-08,DGS10,1.61
2021-10-11,DGS10,
2021-10-12,DGS10,1.59
2021-10-13,DGS10,1.56
2021-10-14,DGS10,1.52
2021-10-15,DGS10,1.59
2021-10-18,DGS10,1.59
2021-10-19,DGS10,1.65
2021-10-20,DGS10,1.65
2021-10-21,DGS10,1.68
2021-10-22,DGS10,1.66
2021-10-25,DGS10,1.64
2021-10-26,DGS10,1.63
2021-10-27,DGS10,1.54
2021-10-28,DGS10,1.57
2021-10-29,DGS10,1.55
2021-11-01,DGS10,1.58
2021-11-02,DGS10,1.56
2021-11-03,DGS10,1.60
2021-11-04,DGS10,1.53
2021-11-05,DGS10,1.45
2021-11-08,DGS10,1.51
2021-11-09,DGS10,1.46
2021-11-10,DGS10,1.56
2021-11-11,DGS10,
2021-11-12,DGS10,1.58
2021-11-15,DGS10,1.63
2021-11-16,DGS10,1.63
2021-11-17,DGS10,1.60
2021-11-18,DGS10,1.59
2021-11-19,DGS10,1.54
2021-11-22,DGS10,1.63
2021-11-23,DGS10,1.67
2021-11-24,DGS10,1.64
2021-11-25,DGS10,
2021-11-26,DGS10,1.48
2021-11-29,DGS10,1.52
2021-11-30,DGS10,1.43
2021-12-01,DGS10,1.43
2021-12-02,DGS10,1.44
2021-12-03,DGS10,1.35
2021-12-06,DGS10,1.43
2021-12-07,DGS10,1.48
2021-12-08,DGS10,1.52
2021-12-09,DGS10,1.49
2021-12-10,DGS10,1.48
2021-12-13,DGS10,1.42
2021-12-14,DGS10,1.44
2021-12-15,DGS10,1.47
2021-12-16,DGS10,1.44
2021-12-17,DGS10,1.41
2021-12-20,DGS10,1.43
2021-12-21,DGS10,1.48
2021-12-22,DGS10,1.46
2021-12-23,DGS10,1.50
2021-12-24,DGS10,
2021-12-27,DGS10,1.48
2021-12-28,DGS10,1.49
2021-12-29,DGS10,1.55
2021-12-30,DGS10,1.52
2021-12-31,DGS10,1.52
2022-01-03,DGS10,1.63
2022-01-04,DGS10,1.66
2022-01-05,DGS10,1.71
2022-01-06,DGS10,1.73
2022-01-07,DGS10,1.76
2022-01-10,DGS10,1.78
2022-01-11,DGS10,1.75
2022-01-12,DGS10,1.74
2022-01-13,DGS10,1.70
2022-01-14,DGS10,1.78
2022-01-17,DGS10,
2022-01-18,DGS10,1.87
2022-01-19,DGS10,1.83
2022-01-20,DGS10,1.83
2022-01-21,DGS10,1.75
2022-01-24,DGS10,1.75
2022-01-25,DGS10,1.78
2022-01-26,DGS10,1.85
2022-01-27,DGS10,1.81
2022-01-28,DGS10,1.78
2022-01-31,DGS10,1.79
2022-02-01,DGS10,1.81
2022-02-02,DGS10,1.78
2022-02-03,DGS10,1.82
2022-02-04,DGS10,1.93
2022-02-07,DGS10,1.92
2022-02-08,DGS10,1.96
2022-02-09,DGS10,1.94
2022-02-10,DGS10,2.03
2022-02-11,DGS10,1.92
2022-02-14,DGS10,1.98
2022-02-15,DGS10,2.05
2022-02-16,DGS10,2.03
2022-02-17,DGS10,1.97
2022-02-18,DGS10,1.92
2022-02-21,DGS10,
2022-02-22,DGS10,1.94
2022-02-23,DGS10,1.99
2022-02-24,DGS10,1.96
2022-02-25,DGS10,1.97
2022-02-28,DGS10,1.83
2022-03-01,DGS10,1.72
2022-03-02,DGS10,1.86
2022-03-03,DGS10,1.86
2022-03-04,DGS10,1.74
2022-03-07,DGS10,1.78
2022-03-08,DGS10,1.86
2022-03-09,DGS10,1.94
2022-03-10,DGS10,1.98
2022-03-11,DGS10,2.00
2022-03-14,DGS10,2.14
2022-03-15,DGS10,2.15
2022-03-16,DGS10,2.19
2022-03-17,DGS10,2.20
2022-03-18,DGS10,2.14
2022-03-21,DGS10,2.32
2022-03-22,DGS10,2.38
2022-03-23,DGS10,2.32
2022-03-24,DGS10,2.34
2022-03-25,DGS10,2.48
2022-03-28,DGS10,2.46
2022-03-29,DGS10,2.41
2022-03-30,DGS10,2.35
2022-03-31,DGS10,2.32
2022-04-01,DGS10,2.39
2022-04-04,DGS10,2.42
2022-04-05,DGS10,2.54
2022-04-06,DGS10,2.61
2022-04-07,DGS10,2.66
2022-04-08,DGS10,2.72
2022-04-11,DGS10,2.79
2022-04-12,DGS10,2.72
2022-04-13,DGS10,2.70
2022-04-14,DGS10,2.83
2022-04-15,DGS10,
2022-04-18,DGS10,2.85
2022-04-19,DGS10,2.93
2022-04-20,DGS10,2.85
2022-04-21,DGS10,2.90
2022-04-22,DGS10,2.90
2022-04-25,DGS10,2.81
2022-04-26,DGS10,2.77
2022-04-27,DGS10,2.82
2022-04-28,DGS10,2.85
2022-04-29,DGS10,2.89
2022-05-02,DGS10,2.99
2022-05-03,DGS10,2.97
2022-05-04,DGS10,2.93
2022-05-05,DGS10,3.05
2022-05-06,DGS10,3.12
2022-05-09,DGS10,3.05
2022-05-10,DGS10,2.99
2022-05-11,DGS10,2.91
2022-05-12,DGS10,2.84
2022-05-13,DGS10,2.93
2022-05-16,DGS10,2.88
2022-05-17,DGS10,2.98
2022-05-18,DGS10,2.89
2022-05-19,DGS10,2.84
2022-05-20,DGS10,2.78
2022-05-23,DGS10,2.86
2022-05-24,DGS10,2.76
2022-05-25,DGS10,2.75
2022-05-26,DGS10,2.75
2022-05-27,DGS10,2.74
2022-05-30,DGS10,
2022-05-31,DGS10,2.85
2022-06-01,DGS10,2.94
2022-06-02,DGS10,2.92
2022-06-03,DGS10,2.96
2022-06-06,DGS10,3.04
2022-06-07,DGS10,2.98
2022-06-08,DGS10,3.03
2022-06-09,DGS10,3.04
2022-06-10,DGS10,3.15
2022-06-13,DGS10,3.43
2022-06-14,DGS10,3.49
2022-06-15,DGS10,3.33
2022-06-16,DGS10,3.28
2022-06-17,DGS10,3.25
2022-06-20,DGS10,
2022-06-21,DGS10,3.31
2022-06-22,DGS10,3.16
2022-06-23,DGS10,3.09
2022-06-24,DGS10,3.13
2022-06-27,DGS10,3.20
2022-06-28,DGS10,3.20
2022-06-29,DGS10,3.10
2022-06-30,DGS10,2.98
2022-07-01,DGS10,2.88
2022-07-04,DGS10,
2022-07-05,DGS10,2.82
2022-07-06,DGS10,2.93
2022-07-07,DGS10,3.01
2022-07-08,DGS10,3.09
2022-07-11,DGS10,2.99
2022-07-12,DGS10,2.96
2022-07-13,DGS10,2.91
2022-07-14,DGS10,2.96
2022-07-15,DGS10,2.93
2022-07-18,DGS10,2.96
2022-07-19,DGS10,3.01
2022-07-20,DGS10,3.04
2022-07-21,DGS10,2.91
2022-07-22,DGS10,2.77
2022-07-25,DGS10,2.81
2022-07-26,DGS10,2.81
2022-07-27,DGS10,2.78
2022-07-28,DGS10,2.68
2022-07-29,DGS10,2.67
2022-08-01,DGS10,2.60
2022-08-02,DGS10,2.75
2022-08-03,DGS10,2.73
2022-08-04,DGS10,2.68
2022-08-05,DGS10,2.83
2022-08-08,DGS10,2.77
2022-08-09,DGS10,2.80
2022-08-10,DGS10,2.78
2022-08-11,DGS10,2.87
2022-08-12,DGS10,2.84
2022-08-15,DGS10,2.79
2022-08-16,DGS10,2.82
2022-08-17,DGS10,2.89
2022-08-18,DGS10,2.88
2022-08-19,DGS10,2.98
2022-08-22,DGS10,3.03
2022-08-23,DGS10,3.05
2022-08-24,DGS10,3.11
2022-08-25,DGS10,3.03
2022-08-26,DGS10,3.04
2022-08-29,DGS10,3.12
2022-08-30,DGS10,3.11
2022-08-31,DGS10,3.15
2022-09-01,DGS10,3.26
2022-09-02,DGS10,3.20
2022-09-05,DGS10,
2022-09-06,DGS10,3.33
2022-09-07,DGS10,3.27
2022-09-08,DGS10,3.29
2022-09-09,DGS10,3.33
2022-09-12,DGS10,3.37
2022-09-13,DGS10,3.42
2022-09-14,DGS10,3.41
2022-09-15,DGS10,3.45
2022-09-16,DGS10,3.45
2022-09-19,DGS10,3.49
2022-09-20,DGS10,3.57
2022-09-21,DGS10,3.51
2022-09-22,DGS10,3.70
2022-09-23,DGS10,3.69
2022-09-26,DGS10,3.88
2022-09-27,DGS10,3.97
2022-09-28,DGS10,3.72
2022-09-29,DGS10,3.76
2022-09-30,DGS10,3.83
2022-10-03,DGS10,3.67
2022-10-04,DGS10,3.62
2022-10-05,DGS10,3.76
2022-10-06,DGS10,3.83
2022-10-07,DGS10,3.89
2022-10-10,DGS10,
2022-10-11,DGS10,3.93
2022-10-12,DGS10,3.91
2022-10-13,DGS10,3.97
2022-10-14,DGS10,4.00
2022-10-17,DGS10,4.02
2022-10-18,DGS10,4.01
2022-10-19,DGS10,4.14
2022-10-20,DGS10,4.24
2022-10-21,DGS10,4.21
2022-10-24,DGS10,4.25
2022-10-25,DGS10,4.10
2022-10-26,DGS10,4.04
2022-10-27,DGS10,3.96
2022-10-28,DGS10,4.02
2022-10-31,DGS10,4.10
2022-11-01,DGS10,4.07
2022-11-02,DGS10,4.10
2022-11-03,DGS10,4.14
2022-11-04,DGS10,4.17
2022-11-07,DGS10,4.22
2022-11-08,DGS10,4.14
2022-11-09,DGS10,4.12
2022-11-10,DGS10,3.82
2022-11-11,DGS10,
2022-11-14,DGS10,3.88
2022-11-15,DGS10,3.80
2022-11-16,DGS10,3.67
2022-11-17,DGS10,3.77
2022-11-18,DGS10,3.82
2022-11-21,DGS10,3.83
2022-11-22,DGS10,3.76
2022-11-23,DGS10,3.71
2022-11-24,DGS10,
2022-11-25,DGS10,3.68
2022-11-28,DGS10,3.69
2022-11-29,DGS10,3.75
2022-11-30,DGS10,3.68
2022-12-01,DGS10,3.53
2022-12-02,DGS10,3.51
2022-12-05,DGS10,3.60
2022-12-06,DGS10,3.51
2022-12-07,DGS10,3.42
2022-12-08,DGS10,3.48
2022-12-09,DGS10,3.57
2022-12-12,DGS10,3.61
2022-12-13,DGS10,3.51
2022-12-14,DGS10,3.49
2022-12-15,DGS10,3.44
2022-12-16,DGS10,3.48
2022-12-19,DGS10,3.57
2022-12-20,DGS10,3.69
2022-12-21,DGS10,3.68
2022-12-22,DGS10,3.67
2022-12-23,DGS10,3.75
2022-12-26,DGS10,
2022-12-27,DGS10,3.84
2022-12-28,DGS10,3.88
2022-12-29,DGS10,3.83
2022-12-30,DGS10,3.88
2023-01-02,DGS10,
2023-01-03,DGS10,3.79
2023-01-04,DGS10,3.69
2023-01-05,DGS10,3.71
2023-01-06,DGS10,3.55
2023-01-09,DGS10,3.53
2023-01-10,DGS10,3.61
2023-01-11,DGS10,3.54
2023-01-12,DGS10,3.43
2023-01-13,DGS10,3.49
2023-01-16,DGS10,
2023-01-17,DGS10,3.53
2023-01-18,DGS10,3.37
2023-01-19,DGS10,3.39
2023-01-20,DGS10,3.48
2023-01-23,DGS10,3.52
2023-01-24,DGS10,3.46
2023-01-25,DGS10,3.46
2023-01-26,DGS10,3.49
2023-01-27,DGS10,3.52
2023-01-30,DGS10,3.55
2023-01-31,DGS10,3.52
2023-02-01,DGS10,3.39
2023-02-02,DGS10,3.40
2023-02-03,DGS10,3.53
2023-02-06,DGS10,3.63
2023-02-07,DGS10,3.67
2023-02-08,DGS10,3.63
2023-02-09,DGS10,3.67
2023-02-10,DGS10,3.74
2023-02-13,DGS10,3.72
2023-02-14,DGS10,3.77
2023-02-15,DGS10,3.81
2023-02-16,DGS10,3.86
2023-02-17,DGS10,3.82
2023-02-20,DGS10,
2023-02-21,DGS10,3.95
2023-02-22,DGS10,3.93
2023-02-23,DGS10,3.88
2023-02-24,DGS10,3.95
2023-02-27,DGS10,3.92
2023-02-28,DGS10,3.92
2023-03-01,DGS10,4.01
2023-03-02,DGS10,4.08
2023-03-03,DGS10,3.97
2023-03-06,DGS10,3.98
2023-03-07,DGS10,3.97
2023-03-08,DGS10,3.98
2023-03-09,DGS10,3.93
2023-03-10,DGS10,3.70
2023-03-13,DGS10,3.55
2023-03-14,DGS10,3.64
2023-03-15,DGS10,3.51
2023-03-16,DGS10,3.56
2023-03-17,DGS10,3.39
2023-03-20,DGS10,3.47
2023-03-21,DGS10,3.59
2023-03-22,DGS10,3.48
2023-03-23,DGS10,3.38
2023-03-24,DGS10,3.38
2023-03-27,DGS10,3.53
2023-03-28,DGS10,3.55
2023-03-29,DGS10,3.57
2023-03-30,DGS10,3.55
2023-03-31,DGS10,3.48
2023-04-03,DGS10,3.43
2023-04-04,DGS10,3.35
2023-04-05,DGS10,3.30
2023-04-06,DGS10,3.30
2023-04-07,DGS10,3.39
2023-04-10,DGS10,3.41
2023-04-11,DGS10,3.43
2023-04-12,DGS10,3.41
2023-04-13,DGS10,3.45
2023-04-14,DGS10,3.52
2023-04-17,DGS10,3.60
2023-04-18,DGS10,3.58
2023-04-19,DGS10,3.60
2023-04-20,DGS10,3.54
2023-04-21,DGS10,3.57
2023-04-24,DGS10,3.52
2023-04-25,DGS10,3.40
2023-04-26,DGS10,3.43
2023-04-27,DGS10,3.53
2023-04-28,DGS10,3.44
2023-05-01,DGS10,3.59
2023-05-02,DGS10,3.44
2023-05-03,DGS10,3.38
2023-05-04,DGS10,3.37
2023-05-05,DGS10,3.44
2023-05-08,DGS10,3.52
2023-05-09,DGS10,3.53
2023-05-10,DGS10,3.43
2023-05-11,DGS10,3.39
2023-05-12,DGS10,3.46
2023-05-15,DGS10,3.50
2023-05-16,DGS10,3.54
2023-05-17,DGS10,3.57
2023-05-18,DGS10,3.65
2023-05-19,DGS10,3.70
2023-05-22,DGS10,3.72
2023-05-23,DGS10,3.70
2023-05-24,DGS10,3.73
2023-05-25,DGS10,3.83
2023-05-26,DGS10,3.80
2023-05-29,DGS10,
2023-05-30,DGS10,3.69
2023-05-31,DGS10,3.64
2023-06-01,DGS10,3.61
2023-06-02,DGS10,3.69
2023-06-05,DGS10,3.69
2023-06-06,DGS10,3.70
2023-06-07,DGS10,3.79
2023-06-08,DGS10,3.73
2023-06-09,DGS10,3.75
2023-06-12,DGS10,3.73
2023-06-13,DGS10,3.84
2023-06-14,DGS10,3.83
2023-06-15,DGS10,3.72
2023-06-16,DGS10,3.77
2023-06-19,DGS10,
2023-06-20,DGS10,3.74
2023-06-21,DGS10,3.72
2023-06-22,DGS10,3.80
2023-06-23,DGS10,3.74
2023-06-26,DGS10,3.72
2023-06-27,DGS10,3.77
2023-06-28,DGS10,3.71
2023-06-29,DGS10,3.85
2023-06-30,DGS10,3.81
2023-07-03,DGS10,3.86
2023-07-04,DGS10,
2023-07-05,DGS10,3.95
2023-07-06,DGS10,4.05
2023-07-07,DGS10,4.06
2023-07-10,DGS10,4.01
2023-07-11,DGS10,3.99
2023-07-12,DGS10,3.86
2023-07-13,DGS10,3.76
2023-07-14,DGS10,3.83
2023-07-17,DGS10,3.81
2023-07-18,DGS10,3.80
2023-07-19,DGS10,3.75
2023-07-20,DGS10,3.85
2023-07-21,DGS10,3.84
2023-07-24,DGS10,3.86
2023-07-25,DGS10,3.91
2023-07-26,DGS10,3.86
2023-07-27,DGS10,4.01
2023-07-28,DGS10,3.96
2023-07-31,DGS10,3.97
2023-08-01,DGS10,4.05
2023-08-02,DGS10,4.08
2023-08-03,DGS10,4.20
2023-08-04,DGS10,4.05
2023-08-07,DGS10,4.09
2023-08-08,DGS10,4.02
2023-08-09,DGS10,4.00
2023-08-10,DGS10,4.09
2023-08-11,DGS10,4.16
2023-08-14,DGS10,4.19
2023-08-15,DGS10,4.21
2023-08-16,DGS10,4.28
2023-08-17,DGS10,4.30
2023-08-18,DGS10,4.26
2023-08-21,DGS10,4.34
2023-08-22,DGS10,4.34
2023-08-23,DGS10,4.19
2023-08-24,DGS10,4.23
2023-08-25,DGS10,4.25
2023-08-28,DGS10,4.20
2023-08-29,DGS10,4.12
2023-08-30,DGS10,4.12
2023-08-31,DGS10,4.09
2023-09-01,DGS10,4.18
2023-09-04,DGS10,
2023-09-05,DGS10,4.27
2023-09-06,DGS10,4.30
2023-09-07,DGS10,4.27
2023-09-08,DGS10,4.26
2023-09-11,DGS10,4.29
2023-09-12,DGS10,4.27
2023-09-13,DGS10,4.25
2023-09-14,DGS10,4.29
2023-09-15,DGS10,4.33
2023-09-18,DGS10,4.32
2023-09-19,DGS10,4.37
2023-09-20,DGS10,4.35
2023-09-21,DGS10,4.49
2023-09-22,DGS10,4.44
2023-09-25,DGS10,4.55
2023-09-26,DGS10,4.56
2023-09-27,DGS10,4.61
2023-09-28,DGS10,4.59
2023-09-29,DGS10,4.59
2023-10-02,DGS10,4.69
2023-10-03,DGS10,4.81
2023-10-04,DGS10,4.73
2023-10-05,DGS10,4.72
2023-10-06,DGS10,4.78
2023-10-09,DGS10,
2023-10-10,DGS10,4.66
2023-10-11,DGS10,4.58
2023-10-12,DGS10,4.70
2023-10-13,DGS10,4.63
2023-10-16,DGS10,4.71
2023-10-17,DGS10,4.83
2023-10-18,DGS10,4.91
2023-10-19,DGS10,4.98
2023-10-20,DGS10,4.93
2023-10-23,DGS10,4.86
2023-10-24,DGS10,4.83
2023-10-25,DGS10,4.95
2023-10-26,DGS10,4.86
2023-10-27,DGS10,4.84
2023-10-30,DGS10,4.88
2023-10-31,DGS10,4.88
2023-11-01,DGS10,4.77
2023-11-02,DGS10,4.67
2023-11-03,DGS10,4.57
2023-11-06,DGS10,4.67
2023-11-07,DGS10,4.58
2023-11-08,DGS10,4.49
2023-11-09,DGS10,4.62
2023-11-10,DGS10,4.61
2023-11-13,DGS10,4.63
2023-11-14,DGS10,4.44
2023-11-15,DGS10,4.53
2023-11-16,DGS10,4.45
2023-11-17,DGS10,4.44
2023-11-20,DGS10,4.42
2023-11-21,DGS10,4.41
2023-11-22,DGS10,4.42
2023-11-23,DGS10,
2023-11-24,DGS10,4.47
2023-11-27,DGS10,4.39
2023-11-28,DGS10,4.34
2023-11-29,DGS10,4.27
2023-11-30,DGS10,4.37
2023-12-01,DGS10,4.22
2023-12-04,DGS10,4.28
2023-12-05,DGS10,4.18
2023-12-06,DGS10,4.12
2023-12-07,DGS10,4.14
2023-12-08,DGS10,4.23
2023-12-11,DGS10,4.23
2023-12-12,DGS10,4.20
2023-12-13,DGS10,4.04
2023-12-14,DGS10,3.92
2023-12-15,DGS10,3.91
2023-12-18,DGS10,3.95
2023-12-19,DGS10,3.93
2023-12-20,DGS10,3.86
2023-12-21,DGS10,3.89
2023-12-22,DGS10,3.90
2023-12-25,DGS10,
2023-12-26,DGS10,3.89
2023-12-27,DGS10,3.79
2023-12-28,DGS10,3.84
2023-12-29,DGS10,3.88
2024-01-01,DGS10,
2024-01-02,DGS10,3.95
2024-01-03,DGS10,3.91
2024-01-04,DGS10,3.99
2024-01-05,DGS10,4.05
2024-01-08,DGS10,4.01
2024-01-09,DGS10,4.02
2024-01-10,DGS10,4.04
2024-01-11,DGS10,3.98
2024-01-12,DGS10,3.96
2024-01-15,DGS10,
2024-01-16,DGS10,4.07
2024-01-17,DGS10,4.10
2024-01-18,DGS10,4.14
2024-01-19,DGS10,4.15
2024-01-22,DGS10,4.11
2024-01-23,DGS10,4.14
2024-01-24,DGS10,4.18
2024-01-25,DGS10,4.14
2024-01-26,DGS10,4.15
2024-01-29,DGS10,4.08
2024-01-30,DGS10,4.06
2024-01-31,DGS10,3.99
2024-02-01,DGS10,3.87
2024-02-02,DGS10,4.03
2024-02-05,DGS10,4.17
2024-02-06,DGS10,4.09
2024-02-07,DGS10,4.09
2024-02-08,DGS10,4.15
2024-02-09,DGS10,4.17
2024-02-12,DGS10,4.17
2024-02-13,DGS10,4.31
2024-02-14,DGS10,4.27
2024-02-15,DGS10,4.24
2024-02-16,DGS10,4.30
2024-02-19,DGS10,
2024-02-20,DGS10,4.27
2024-02-21,DGS10,4.32
2024-02-22,DGS10,4.33
2024-02-23,DGS10,4.26
2024-02-26,DGS10,4.28
2024-02-27,DGS10,4.31
2024-02-28,DGS10,4.27
2024-02-29,DGS10,4.25
2024-03-01,DGS10,4.19
2024-03-04,DGS10,4.22
2024-03-05,DGS10,4.13
2024-03-06,DGS10,4.11
2024-03-07,DGS10,4.09
2024-03-08,DGS10,4.09
2024-03-11,DGS10,4.10
2024-03-12,DGS10,4.16
2024-03-13,DGS10,4.19
2024-03-14,DGS10,4.29
2024-03-15,DGS10,4.31
2024-03-18,DGS10,4.34
2024-03-19,DGS10,4.30
2024-03-20,DGS10,4.27
2024-03-21,DGS10,4.27
2024-03-22,DGS10,4.22
2024-03-25,DGS10,4.25
2024-03-26,DGS10,4.24
2024-03-27,DGS10,4.20
2024-03-28,DGS10,4.20
2024-03-29,DGS10,
2024-04-01,DGS10,4.33
2024-04-02,DGS10,4.36
2024-04-03,DGS10,4.36
2024-04-04,DGS10,4.31
2024-04-05,DGS10,4.39
2024-04-08,DGS10,4.42
2024-04-09,DGS10,4.36
2024-04-10,DGS10,4.55
2024-04-11,DGS10,4.56
2024-04-12,DGS10,4.50
2024-04-15,DGS10,4.63
2024-04-16,DGS10,4.67
2024-04-17,DGS10,4.59
2024-04-18,DGS10,4.64
2024-04-19,DGS10,4.62
2024-04-22,DGS10,4.62
2024-04-23,DGS10,4.61
2024-04-24,DGS10,4.65
2024-04-25,DGS10,4.70
2024-04-26,DGS10,4.67
2024-04-29,DGS10,4.63
2024-04-30,DGS10,4.69
2024-05-01,DGS10,4.63
2024-05-02,DGS10,4.58
2024-05-03,DGS10,4.50
2024-05-06,DGS10,4.49
2024-05-07,DGS10,4.47
2024-05-08,DGS10,4.48
2024-05-09,DGS10,4.45
2024-05-10,DGS10,4.50
2024-05-13,DGS10,4.48
2024-05-14,DGS10,4.45
2024-05-15,DGS10,4.36
2024-05-16,DGS10,4.38
2024-05-17,DGS10,4.42
2024-05-20,DGS10,4.44
2024-05-21,DGS10,4.41
2024-05-22,DGS10,4.43
2024-05-23,DGS10,4.47
2024-05-24,DGS10,4.46
2024-05-27,DGS10,
2024-05-28,DGS10,4.54
2024-05-29,DGS10,4.61
2024-05-30,DGS10,4.55
2024-05-31,DGS10,4.51
2024-06-03,DGS10,4.41
2024-06-04,DGS10,4.33
2024-06-05,DGS10,4.29
2024-06-06,DGS10,4.28
2024-06-07,DGS10,4.43
2024-06-10,DGS10,4.47
2024-06-11,DGS10,4.39
2024-06-12,DGS10,4.31
2024-06-13,DGS10,4.24
2024-06-14,DGS10,4.20
2024-06-17,DGS10,4.28
2024-06-18,DGS10,4.22
2024-06-19,DGS10,
2024-06-20,DGS10,4.25
2024-06-21,DGS10,4.25
2024-06-24,DGS10,4.25
2024-06-25,DGS10,4.23
2024-06-26,DGS10,4.32
2024-06-27,DGS10,4.29
2024-06-28,DGS10,4.36
2024-07-01,DGS10,4.48
2024-07-02,DGS10,4.43
2024-07-03,DGS10,4.36
2024-07-04,DGS10,
2024-07-05,DGS10,4.28
2024-07-08,DGS10,4.28
2024-07-09,DGS10,4.30
2024-07-10,DGS10,4.28
2024-07-11,DGS10,4.20
2024-07-12,DGS10,4.18
2024-07-15,DGS10,4.23
2024-07-16,DGS10,4.17
2024-07-17,DGS10,4.16
2024-07-18,DGS10,4.20
2024-07-19,DGS10,4.25
2024-07-22,DGS10,4.26
2024-07-23,DGS10,4.25
2024-07-24,DGS10,4.28
2024-07-25,DGS10,4.27
2024-07-26,DGS10,4.20
2024-07-29,DGS10,4.17
2024-07-30,DGS10,4.15
2024-07-31,DGS10,4.09
2024-08-01,DGS10,3.99
2024-08-02,DGS10,3.80
2024-08-05,DGS10,3.78
2024-08-06,DGS10,3.90
2024-08-07,DGS10,3.96
2024-08-08,DGS10,3.99
2024-08-09,DGS10,3.94
2024-08-12,DGS10,3.90
2024-08-13,DGS10,3.85
2024-08-14,DGS10,3.83
2024-08-15,DGS10,3.92
2024-08-16,DGS10,3.89
2024-08-19,DGS10,3.86
2024-08-20,DGS10,3.82
2024-08-21,DGS10,3.79
2024-08-22,DGS10,3.86
2024-08-23,DGS10,3.81
2024-08-26,DGS10,3.82
2024-08-27,DGS10,3.83
2024-08-28,DGS10,3.84
2024-08-29,DGS10,3.87
2024-08-30,DGS10,3.91
2024-09-02,DGS10,
2024-09-03,DGS10,3.84
2024-09-04,DGS10,3.77
2024-09-05,DGS10,3.73
2024-09-06,DGS10,3.72
2024-09-09,DGS10,3.70
2024-09-10,DGS10,3.65
2024-09-11,DGS10,3.65
2024-09-12,DGS10,3.68
2024-09-13,DGS10,3.66
2024-09-16,DGS10,3.63
2024-09-17,DGS10,3.65
2024-09-18,DGS10,3.70
2024-09-19,DGS10,3.73
2024-09-20,DGS10,3.73
2024-09-23,DGS10,3.75
2024-09-24,DGS10,3.74
2024-09-25,DGS10,3.79
2024-09-26,DGS10,3.79
2024-09-27,DGS10,3.75
2024-09-30,DGS10,3.81
2024-10-01,DGS10,3.74
2024-10-02,DGS10,3.79
2024-10-03,DGS10,3.85
2024-10-04,DGS10,3.98
2024-10-07,DGS10,4.03
2024-10-08,DGS10,4.04
2024-10-09,DGS10,4.06
2024-10-10,DGS10,4.09
2024-10-11,DGS10,4.08
2024-10-14,DGS10,
2024-10-15,DGS10,4.03
2024-10-16,DGS10,4.02
2024-10-17,DGS10,4.09
2024-10-18,DGS10,4.08
2024-10-21,DGS10,4.19
2024-10-22,DGS10,4.20
2024-10-23,DGS10,4.24
2024-10-24,DGS10,4.21
2024-10-25,DGS10,4.25
2024-10-28,DGS10,4.28
2024-10-29,DGS10,4.28
2024-10-30,DGS10,4.29
2024-10-31,DGS10,4.28
2024-11-01,DGS10,4.37
2024-11-04,DGS10,4.31
2024-11-05,DGS10,4.26
2024-11-06,DGS10,4.42
2024-11-07,DGS10,4.31
2024-11-08,DGS10,4.30
2024-11-11,DGS10,
2024-11-12,DGS10,4.43
2024-11-13,DGS10,4.44
2024-11-14,DGS10,4.43
2024-11-15,DGS10,4.43
2024-11-18,DGS10,4.42
2024-11-19,DGS10,4.39
2024-11-20,DGS10,4.41
2024-11-21,DGS10,4.43
2024-11-22,DGS10,4.41
2024-11-25,DGS10,4.27
2024-11-26,DGS10,4.30
2024-11-27,DGS10,4.25
2024-11-28,DGS10,
2024-11-29,DGS10,4.18
2024-12-02,DGS10,4.19
2024-12-03,DGS10,4.23
2024-12-04,DGS10,4.19
2024-12-05,DGS10,4.17
2024-12-06,DGS10,4.15
2024-12-09,DGS10,4.20
2024-12-10,DGS10,4.22
2024-12-11,DGS10,4.26
2024-12-12,DGS10,4.32
2024-12-13,DGS10,4.40
2024-12-16,DGS10,4.39
2024-12-17,DGS10,4.40
2024-12-18,DGS10,4.50
2024-12-19,DGS10,4.57
2024-12-20,DGS10,4.52
2024-12-23,DGS10,4.59
2024-12-24,DGS10,4.59
2024-12-25,DGS10,
2024-12-26,DGS10,4.58
2024-12-27,DGS10,4.62
2024-12-30,DGS10,4.55
2024-12-31,DGS10,4.58
2020-01-02,T10Y2Y,0.30
2020-01-03,T10Y2Y,0.27
2020-01-06,T10Y2Y,0.27
2020-01-07,T10Y2Y,0.29
2020-01-08,T10Y2Y,0.29
2020-01-09,T10Y2Y,0.27
2020-01-10,T10Y2Y,0.27
2020-01-13,T10Y2Y,0.27
2020-01-14,T10Y2Y,0.24
2020-01-15,T10Y2Y,0.23
2020-01-16,T10Y2Y,0.23
2020-01-17,T10Y2Y,0.26
2020-01-20,T10Y2Y,
2020-01-21,T10Y2Y,0.25
2020-01-22,T10Y2Y,0.24
2020-01-23,T10Y2Y,0.23
2020-01-24,T10Y2Y,0.21
2020-01-27,T10Y2Y,0.17
2020-01-28,T10Y2Y,0.20
2020-01-29,T10Y2Y,0.18
2020-01-30,T10Y2Y,0.16
2020-01-31,T10Y2Y,0.18
2020-02-03,T10Y2Y,0.18
2020-02-04,T10Y2Y,0.20
2020-02-05,T10Y2Y,0.22
2020-02-06,T10Y2Y,0.21
2020-02-07,T10Y2Y,0.18
2020-02-10,T10Y2Y,0.19
2020-02-11,T10Y2Y,0.18
2020-02-12,T10Y2Y,0.18
2020-02-13,T10Y2Y,0.17
2020-02-14,T10Y2Y,0.17
2020-02-17,T10Y2Y,
2020-02-18,T10Y2Y,0.14
2020-02-19,T10Y2Y,0.14
2020-02-20,T10Y2Y,0.13
2020-02-21,T10Y2Y,0.12
2020-02-24,T10Y2Y,0.12
2020-02-25,T10Y2Y,0.13
2020-02-26,T10Y2Y,0.17
2020-02-27,T10Y2Y,0.19
2020-02-28,T10Y2Y,0.27
2020-03-02,T10Y2Y,0.26
2020-03-03,T10Y2Y,0.31
2020-03-04,T10Y2Y,0.35
2020-03-05,T10Y2Y,0.33
2020-03-06,T10Y2Y,0.25
2020-03-09,T10Y2Y,0.16
2020-03-10,T10Y2Y,0.26
2020-03-11,T10Y2Y,0.32
2020-03-12,T10Y2Y,0.38
2020-03-13,T10Y2Y,0.45
2020-03-16,T10Y2Y,0.37
2020-03-17,T10Y2Y,0.55
2020-03-18,T10Y2Y,0.64
2020-03-19,T10Y2Y,0.68
2020-03-20,T10Y2Y,0.55
2020-03-23,T10Y2Y,0.48
2020-03-24,T10Y2Y,0.46
2020-03-25,T10Y2Y,0.54
2020-03-26,T10Y2Y,0.53
2020-03-27,T10Y2Y,0.47
2020-03-30,T10Y2Y,0.47
2020-03-31,T10Y2Y,0.47
2020-04-01,T10Y2Y,0.39
2020-04-02,T10Y2Y,0.40
2020-04-03,T10Y2Y,0.39
2020-04-06,T10Y2Y,0.40
2020-04-07,T10Y2Y,0.47
2020-04-08,T10Y2Y,0.50
2020-04-09,T10Y2Y,0.50
2020-04-10,T10Y2Y,
2020-04-13,T10Y2Y,0.51
2020-04-14,T10Y2Y,0.53
2020-04-15,T10Y2Y,0.43
2020-04-16,T10Y2Y,0.41
2020-04-17,T10Y2Y,0.45
2020-04-20,T10Y2Y,0.43
2020-04-21,T10Y2Y,0.38
2020-04-22,T10Y2Y,0.41
2020-04-23,T10Y2Y,0.39
2020-04-24,T10Y2Y,0.38
2020-04-27,T10Y2Y,0.43
2020-04-28,T10Y2Y,0.42
2020-04-29,T10Y2Y,0.43
2020-04-30,T10Y2Y,0.44
2020-05-01,T10Y2Y,0.44
2020-05-04,T10Y2Y,0.45
2020-05-05,T10Y2Y,0.47
2020-05-06,T10Y2Y,0.55
2020-05-07,T10Y2Y,0.50
2020-05-08,T10Y2Y,0.53
2020-05-11,T10Y2Y,0.56
2020-05-12,T10Y2Y,0.52
2020-05-13,T10Y2Y,0.48
2020-05-14,T10Y2Y,0.47
2020-05-15,T10Y2Y,0.48
2020-05-18,T10Y2Y,0.55
2020-05-19,T10Y2Y,0.53
2020-05-20,T10Y2Y,0.52
2020-05-21,T10Y2Y,0.51
2020-05-22,T10Y2Y,0.49
2020-05-25,T10Y2Y,
2020-05-26,T10Y2Y,0.51
2020-05-27,T10Y2Y,0.49
2020-05-28,T10Y2Y,0.53
2020-05-29,T10Y2Y,0.49
2020-06-01,T10Y2Y,0.52
2020-06-02,T10Y2Y,0.51
2020-06-03,T10Y2Y,0.58
2020-06-04,T10Y2Y,0.63
2020-06-05,T10Y2Y,0.69
2020-06-08,T10Y2Y,0.66
2020-06-09,T10Y2Y,0.64
2020-06-10,T10Y2Y,0.58
2020-06-11,T10Y2Y,0.47
2020-06-12,T10Y2Y,0.52
2020-06-15,T10Y2Y,0.52
2020-06-16,T10Y2Y,0.54
2020-06-17,T10Y2Y,0.55
2020-06-18,T10Y2Y,0.52
2020-06-19,T10Y2Y,0.51
2020-06-22,T10Y2Y,0.52
2020-06-23,T10Y2Y,0.54
2020-06-24,T10Y2Y,0.50
2020-06-25,T10Y2Y,0.51
2020-06-26,T10Y2Y,0.47
2020-06-29,T10Y2Y,0.48
2020-06-30,T10Y2Y,0.50
2020-07-01,T10Y2Y,0.52
2020-07-02,T10Y2Y,0.52
2020-07-03,T10Y2Y,
2020-07-06,T10Y2Y,0.53
2020-07-07,T10Y2Y,0.49
2020-07-08,T10Y2Y,0.51
2020-07-09,T10Y2Y,0.46
2020-07-10,T10Y2Y,0.49
2020-07-13,T10Y2Y,0.48
2020-07-14,T10Y2Y,0.49
2020-07-15,T10Y2Y,0.48
2020-07-16,T10Y2Y,0.46
2020-07-17,T10Y2Y,0.50
2020-07-20,T10Y2Y,0.46
2020-07-21,T10Y2Y,0.47
2020-07-22,T10Y2Y,0.46
2020-07-23,T10Y2Y,0.43
2020-07-24,T10Y2Y,0.45
2020-07-27,T10Y2Y,0.47
2020-07-28,T10Y2Y,0.45
2020-07-29,T10Y2Y,0.46
2020-07-30,T10Y2Y,0.44
2020-07-31,T10Y2Y,0.44
2020-08-03,T10Y2Y,0.45
2020-08-04,T10Y2Y,0.41
2020-08-05,T10Y2Y,0.44
2020-08-06,T10Y2Y,0.44
2020-08-07,T10Y2Y,0.44
2020-08-10,T10Y2Y,0.45
2020-08-11,T10Y2Y,0.48
2020-08-12,T10Y2Y,0.53
2020-08-13,T10Y2Y,0.55
2020-08-14,T10Y2Y,0.57
2020-08-17,T10Y2Y,0.55
2020-08-18,T10Y2Y,0.53
2020-08-19,T10Y2Y,0.54
2020-08-20,T10Y2Y,0.52
2020-08-21,T10Y2Y,0.48
2020-08-24,T10Y2Y,0.51
2020-08-25,T10Y2Y,0.54
2020-08-26,T10Y2Y,0.53
2020-08-27,T10Y2Y,0.58
2020-08-28,T10Y2Y,0.60
2020-08-31,T10Y2Y,0.58
2020-09-01,T10Y2Y,0.55
2020-09-02,T10Y2Y,0.52
2020-09-03,T10Y2Y,0.50
2020-09-04,T10Y2Y,0.58
2020-09-07,T10Y2Y,
2020-09-08,T10Y2Y,0.55
2020-09-09,T10Y2Y,0.57
2020-09-10,T10Y2Y,0.54
2020-09-11,T10Y2Y,0.54
2020-09-14,T10Y2Y,0.54
2020-09-15,T10Y2Y,0.54
2020-09-16,T10Y2Y,0.55
2020-09-17,T10Y2Y,0.56
2020-09-18,T10Y2Y,0.56
2020-09-21,T10Y2Y,0.54
2020-09-22,T10Y2Y,0.55
2020-09-23,T10Y2Y,0.54
2020-09-24,T10Y2Y,0.53
2020-09-25,T10Y2Y,0.54
2020-09-28,T10Y2Y,0.53
2020-09-29,T10Y2Y,0.55
2020-09-30,T10Y2Y,0.56
2020-10-01,T10Y2Y,0.54
2020-10-02,T10Y2Y,0.57
2020-10-05,T10Y2Y,0.64
2020-10-06,T10Y2Y,0.62
2020-10-07,T10Y2Y,0.65
2020-10-08,T10Y2Y,0.65
2020-10-09,T10Y2Y,0.63
2020-10-12,T10Y2Y,
2020-10-13,T10Y2Y,0.58
2020-10-14,T10Y2Y,0.59
2020-10-15,T10Y2Y,0.60
2020-10-16,T10Y2Y,0.62
2020-10-19,T10Y2Y,0.62
2020-10-20,T10Y2Y,0.67
2020-10-21,T10Y2Y,0.69
2020-10-22,T10Y2Y,0.71
2020-10-23,T10Y2Y,0.67
2020-10-26,T10Y2Y,0.65
2020-10-27,T10Y2Y,0.63
2020-10-28,T10Y2Y,0.63
2020-10-29,T10Y2Y,0.69
2020-10-30,T10Y2Y,0.74
2020-11-02,T10Y2Y,0.71
2020-11-03,T10Y2Y,0.73
2020-11-04,T10Y2Y,0.64
2020-11-05,T10Y2Y,0.65
2020-11-06,T10Y2Y,0.67
2020-11-09,T10Y2Y,0.79
2020-11-10,T10Y2Y,0.79
2020-11-11,T10Y2Y,
2020-11-12,T10Y2Y,0.71
2020-11-13,T10Y2Y,0.72
2020-11-16,T10Y2Y,0.72
2020-11-17,T10Y2Y,0.69
2020-11-18,T10Y2Y,0.72
2020-11-19,T10Y2Y,0.68
2020-11-20,T10Y2Y,0.67
2020-11-23,T10Y2Y,0.70
2020-11-24,T10Y2Y,0.72
2020-11-25,T10Y2Y,0.71
2020-11-26,T10Y2Y,
2020-11-27,T10Y2Y,0.68
2020-11-30,T10Y2Y,0.68
2020-12-01,T10Y2Y,0.75
2020-12-02,T10Y2Y,0.79
2020-12-03,T10Y2Y,0.76
2020-12-04,T10Y2Y,0.81
2020-12-07,T10Y2Y,0.80
2020-12-08,T10Y2Y,0.78
2020-12-09,T10Y2Y,0.79
2020-12-10,T10Y2Y,0.78
2020-12-11,T10Y2Y,0.79
2020-12-14,T10Y2Y,0.77
2020-12-15,T10Y2Y,0.81
2020-12-16,T10Y2Y,0.79
2020-12-17,T10Y2Y,0.81
2020-12-18,T10Y2Y,0.82
2020-12-21,T10Y2Y,0.82
2020-12-22,T10Y2Y,0.80
2020-12-23,T10Y2Y,0.83
2020-12-24,T10Y2Y,0.81
2020-12-25,T10Y2Y,
2020-12-28,T10Y2Y,0.81
2020-12-29,T10Y2Y,0.82
2020-12-30,T10Y2Y,0.81
2020-12-31,T10Y2Y,0.80
2021-01-01,T10Y2Y,
2021-01-04,T10Y2Y,0.82
2021-01-05,T10Y2Y,0.83
2021-01-06,T10Y2Y,0.90
2021-01-07,T10Y2Y,0.94
2021-01-08,T10Y2Y,0.99
2021-01-11,T10Y2Y,1.01
2021-01-12,T10Y2Y,1.01
2021-01-13,T10Y2Y,0.96
2021-01-14,T10Y2Y,0.99
2021-01-15,T10Y2Y,0.98
2021-01-18,T10Y2Y,
2021-01-19,T10Y2Y,0.96
2021-01-20,T10Y2Y,0.97
2021-01-21,T10Y2Y,0.99
2021-01-22,T10Y2Y,0.97
2021-01-25,T10Y2Y,0.92
2021-01-26,T10Y2Y,0.94
2021-01-27,T10Y2Y,0.92
2021-01-28,T10Y2Y,0.95
2021-01-29,T10Y2Y,1.00
2021-02-01,T10Y2Y,0.98
2021-02-02,T10Y2Y,1.01
2021-02-03,T10Y2Y,1.04
2021-02-04,T10Y2Y,1.04
2021-02-05,T10Y2Y,1.10
2021-02-08,T10Y2Y,1.08
2021-02-09,T10Y2Y,1.07
2021-02-10,T10Y2Y,1.04
2021-02-11,T10Y2Y,1.05
2021-02-12,T10Y2Y,1.09
2021-02-15,T10Y2Y,
2021-02-16,T10Y2Y,1.17
2021-02-17,T10Y2Y,1.18
2021-02-18,T10Y2Y,1.18
2021-02-19,T10Y2Y,1.23
2021-02-22,T10Y2Y,1.26
2021-02-23,T10Y2Y,1.26
2021-02-24,T10Y2Y,1.26
2021-02-25,T10Y2Y,1.37
2021-02-26,T10Y2Y,1.30
2021-03-01,T10Y2Y,1.32
2021-03-02,T10Y2Y,1.29
2021-03-03,T10Y2Y,1.33
2021-03-04,T10Y2Y,1.40
2021-03-05,T10Y2Y,1.42
2021-03-08,T10Y2Y,1.42
2021-03-09,T10Y2Y,1.38
2021-03-10,T10Y2Y,1.37
2021-03-11,T10Y2Y,1.40
2021-03-12,T10Y2Y,1.50
2021-03-15,T10Y2Y,1.48
2021-03-16,T10Y2Y,1.47
2021-03-17,T10Y2Y,1.50
2021-03-18,T10Y2Y,1.55
2021-03-19,T10Y2Y,1.58
2021-03-22,T10Y2Y,1.54
2021-03-23,T10Y2Y,1.48
2021-03-24,T10Y2Y,1.48
2021-03-25,T10Y2Y,1.49
2021-03-26,T10Y2Y,1.53
2021-03-29,T10Y2Y,1.59
2021-03-30,T10Y2Y,1.57
2021-03-31,T10Y2Y,1.58
2021-04-01,T10Y2Y,1.52
2021-04-02,T10Y2Y,1.53
2021-04-05,T10Y2Y,1.56
2021-04-06,T10Y2Y,1.51
2021-04-07,T10Y2Y,1.52
2021-04-08,T10Y2Y,1.50
2021-04-09,T10Y2Y,1.51
2021-04-12,T10Y2Y,1.51
2021-04-13,T10Y2Y,1.48
2021-04-14,T10Y2Y,1.48
2021-04-15,T10Y2Y,1.40
2021-04-16,T10Y2Y,1.43
2021-04-19,T10Y2Y,1.45
2021-04-20,T10Y2Y,1.43
2021-04-21,T10Y2Y,1.42
2021-04-22,T10Y2Y,1.41
2021-04-23,T10Y2Y,1.42
2021-04-26,T10Y2Y,1.40
2021-04-27,T10Y2Y,1.46
2021-04-28,T10Y2Y,1.46
2021-04-29,T10Y2Y,1.49
2021-04-30,T10Y2Y,1.49
2021-05-03,T10Y2Y,1.47
2021-05-04,T10Y2Y,1.45
2021-05-05,T10Y2Y,1.43
2021-05-06,T10Y2Y,1.42
2021-05-07,T10Y2Y,1.46
2021-05-10,T10Y2Y,1.47
2021-05-11,T10Y2Y,1.48
2021-05-12,T10Y2Y,1.53
2021-05-13,T10Y2Y,1.50
2021-05-14,T10Y2Y,1.47
2021-05-17,T10Y2Y,1.48
2021-05-18,T10Y2Y,1.48
2021-05-19,T10Y2Y,1.52
2021-05-20,T10Y2Y,1.48
2021-05-21,T10Y2Y,1.46
2021-05-24,T10Y2Y,1.46
2021-05-25,T10Y2Y,1.41
2021-05-26,T10Y2Y,1.44
2021-05-27,T10Y2Y,1.47
2021-05-28,T10Y2Y,1.44
2021-05-31,T10Y2Y,
2021-06-01,T10Y2Y,1.46
2021-06-02,T10Y2Y,1.46
2021-06-03,T10Y2Y,1.47
2021-06-04,T10Y2Y,1.42
2021-06-07,T10Y2Y,1.41
2021-06-08,T10Y2Y,1.39
2021-06-09,T10Y2Y,1.34
2021-06-10,T10Y2Y,1.31
2021-06-11,T10Y2Y,1.31
2021-06-14,T10Y2Y,1.35
2021-06-15,T10Y2Y,1.35
2021-06-16,T10Y2Y,1.36
2021-06-17,T10Y2Y,1.29
2021-06-18,T10Y2Y,1.19
2021-06-21,T10Y2Y,1.23
2021-06-22,T10Y2Y,1.23
2021-06-23,T10Y2Y,1.24
2021-06-24,T10Y2Y,1.23
2021-06-25,T10Y2Y,1.26
2021-06-28,T10Y2Y,1.24
2021-06-29,T10Y2Y,1.22
2021-06-30,T10Y2Y,1.20
2021-07-01,T10Y2Y,1.23
2021-07-02,T10Y2Y,1.20
2021-07-05,T10Y2Y,
2021-07-06,T10Y2Y,1.15
2021-07-07,T10Y2Y,1.11
2021-07-08,T10Y2Y,1.11
2021-07-09,T10Y2Y,1.14
2021-07-12,T10Y2Y,1.15
2021-07-13,T10Y2Y,1.16
2021-07-14,T10Y2Y,1.14
2021-07-15,T10Y2Y,1.08
2021-07-16,T10Y2Y,1.06
2021-07-19,T10Y2Y,0.98
2021-07-20,T10Y2Y,1.03
2021-07-21,T10Y2Y,1.08
2021-07-22,T10Y2Y,1.07
2021-07-23,T10Y2Y,1.08
2021-07-26,T10Y2Y,1.07
2021-07-27,T10Y2Y,1.05
2021-07-28,T10Y2Y,1.06
2021-07-29,T10Y2Y,1.08
2021-07-30,T10Y2Y,1.05
2021-08-02,T10Y2Y,1.03
2021-08-03,T10Y2Y,1.02
2021-08-04,T10Y2Y,1.02
2021-08-05,T10Y2Y,1.02
2021-08-06,T10Y2Y,1.10
2021-08-09,T10Y2Y,1.10
2021-08-10,T10Y2Y,1.12
2021-08-11,T10Y2Y,1.12
2021-08-12,T10Y2Y,1.13
2021-08-13,T10Y2Y,1.06
2021-08-16,T10Y2Y,1.05
2021-08-17,T10Y2Y,1.03
2021-08-18,T10Y2Y,1.04
2021-08-19,T10Y2Y,1.02
2021-08-20,T10Y2Y,1.03
2021-08-23,T10Y2Y,1.02
2021-08-24,T10Y2Y,1.05
2021-08-25,T10Y2Y,1.12
2021-08-26,T10Y2Y,1.09
2021-08-27,T10Y2Y,1.09
2021-08-30,T10Y2Y,1.09
2021-08-31,T10Y2Y,1.10
2021-09-01,T10Y2Y,1.11
2021-09-02,T10Y2Y,1.09
2021-09-03,T10Y2Y,1.12
2021-09-06,T10Y2Y,
2021-09-07,T10Y2Y,1.16
2021-09-08,T10Y2Y,1.13
2021-09-09,T10Y2Y,1.07
2021-09-10,T10Y2Y,1.12
2021-09-13,T10Y2Y,1.12
2021-09-14,T10Y2Y,1.07
2021-09-15,T10Y2Y,1.10
2021-09-16,T10Y2Y,1.11
2021-09-17,T10Y2Y,1.14
2021-09-20,T10Y2Y,1.08
2021-09-21,T10Y2Y,1.11
2021-09-22,T10Y2Y,1.07
2021-09-23,T10Y2Y,1.14
2021-09-24,T10Y2Y,1.18
2021-09-27,T10Y2Y,1.17
2021-09-28,T10Y2Y,1.23
2021-09-29,T10Y2Y,1.25
2021-09-30,T10Y2Y,1.24
2021-10-01,T10Y2Y,1.21
2021-10-04,T10Y2Y,1.22
2021-10-05,T10Y2Y,1.26
2021-10-06,T10Y2Y,1.23
2021-10-07,T10Y2Y,1.26
2021-10-08,T10Y2Y,1.29
2021-10-11,T10Y2Y,
2021-10-12,T10Y2Y,1.24
2021-10-13,T10Y2Y,1.19
2021-10-14,T10Y2Y,1.16
2021-10-15,T10Y2Y,1.18
2021-10-18,T10Y2Y,1.15
2021-10-19,T10Y2Y,1.24
2021-10-20,T10Y2Y,1.25
2021-10-21,T10Y2Y,1.23
2021-10-22,T10Y2Y,1.18
2021-10-25,T10Y2Y,1.17
2021-10-26,T10Y2Y,1.16
2021-10-27,T10Y2Y,1.04
2021-10-28,T10Y2Y,1.07
2021-10-29,T10Y2Y,1.07
2021-11-01,T10Y2Y,1.08
2021-11-02,T10Y2Y,1.10
2021-11-03,T10Y2Y,1.13
2021-11-04,T10Y2Y,1.12
2021-11-05,T10Y2Y,1.06
2021-11-08,T10Y2Y,1.06
2021-11-09,T10Y2Y,1.05
2021-11-10,T10Y2Y,1.05
2021-11-11,T10Y2Y,
2021-11-12,T10Y2Y,1.05
2021-11-15,T10Y2Y,1.10
2021-11-16,T10Y2Y,1.09
2021-11-17,T10Y2Y,1.08
2021-11-18,T10Y2Y,1.07
2021-11-19,T10Y2Y,1.02
2021-11-22,T10Y2Y,1.00
2021-11-23,T10Y2Y,1.07
2021-11-24,T10Y2Y,1.00
2021-11-25,T10Y2Y,
2021-11-26,T10Y2Y,0.98
2021-11-29,T10Y2Y,1.01
2021-11-30,T10Y2Y,0.91
2021-12-01,T10Y2Y,0.87
2021-12-02,T10Y2Y,0.81
2021-12-03,T10Y2Y,0.75
2021-12-06,T10Y2Y,0.78
2021-12-07,T10Y2Y,0.78
2021-12-08,T10Y2Y,0.84
2021-12-09,T10Y2Y,0.79
2021-12-10,T10Y2Y,0.81
2021-12-13,T10Y2Y,0.76
2021-12-14,T10Y2Y,0.77
2021-12-15,T10Y2Y,0.78
2021-12-16,T10Y2Y,0.80
2021-12-17,T10Y2Y,0.75
2021-12-20,T10Y2Y,0.78
2021-12-21,T10Y2Y,0.78
2021-12-22,T10Y2Y,0.78
2021-12-23,T10Y2Y,0.79
2021-12-24,T10Y2Y,
2021-12-27,T10Y2Y,0.72
2021-12-28,T10Y2Y,0.75
2021-12-29,T10Y2Y,0.80
2021-12-30,T10Y2Y,0.79
2021-12-31,T10Y2Y,0.79
2022-01-03,T10Y2Y,0.85
2022-01-04,T10Y2Y,0.89
2022-01-05,T10Y2Y,0.88
2022-01-06,T10Y2Y,0.85
2022-01-07,T10Y2Y,0.89
2022-01-10,T10Y2Y,0.86
2022-01-11,T10Y2Y,0.85
2022-01-12,T10Y2Y,0.82
2022-01-13,T10Y2Y,0.79
2022-01-14,T10Y2Y,0.79
2022-01-17,T10Y2Y,
2022-01-18,T10Y2Y,0.81
2022-01-19,T10Y2Y,0.79
2022-01-20,T10Y2Y,0.75
2022-01-21,T10Y2Y,0.74
2022-01-24,T10Y2Y,0.76
2022-01-25,T10Y2Y,0.76
2022-01-26,T10Y2Y,0.72
2022-01-27,T10Y2Y,0.63
2022-01-28,T10Y2Y,0.63
2022-01-31,T10Y2Y,0.61
2022-02-01,T10Y2Y,0.63
2022-02-02,T10Y2Y,0.62
2022-02-03,T10Y2Y,0.63
2022-02-04,T10Y2Y,0.62
2022-02-07,T10Y2Y,0.62
2022-02-08,T10Y2Y,0.61
2022-02-09,T10Y2Y,0.58
2022-02-10,T10Y2Y,0.42
2022-02-11,T10Y2Y,0.42
2022-02-14,T10Y2Y,0.40
2022-02-15,T10Y2Y,0.47
2022-02-16,T10Y2Y,0.51
2022-02-17,T10Y2Y,0.48
2022-02-18,T10Y2Y,0.45
2022-02-21,T10Y2Y,
2022-02-22,T10Y2Y,0.38
2022-02-23,T10Y2Y,0.41
2022-02-24,T10Y2Y,0.42
2022-02-25,T10Y2Y,0.42
2022-02-28,T10Y2Y,0.39
2022-03-01,T10Y2Y,0.41
2022-03-02,T10Y2Y,0.36
2022-03-03,T10Y2Y,0.33
2022-03-04,T10Y2Y,0.24
2022-03-07,T10Y2Y,0.23
2022-03-08,T10Y2Y,0.23
2022-03-09,T10Y2Y,0.26
2022-03-10,T10Y2Y,0.26
2022-03-11,T10Y2Y,0.25
2022-03-14,T10Y2Y,0.27
2022-03-15,T10Y2Y,0.30
2022-03-16,T10Y2Y,0.24
2022-03-17,T10Y2Y,0.26
2022-03-18,T10Y2Y,0.17
2022-03-21,T10Y2Y,0.18
2022-03-22,T10Y2Y,0.20
2022-03-23,T10Y2Y,0.19
2022-03-24,T10Y2Y,0.21
2022-03-25,T10Y2Y,0.18
2022-03-28,T10Y2Y,0.11
2022-03-29,T10Y2Y,0.06
2022-03-30,T10Y2Y,0.04
2022-03-31,T10Y2Y,0.04
2022-04-01,T10Y2Y,-0.05
2022-04-04,T10Y2Y,-0.01
2022-04-05,T10Y2Y,0.03
2022-04-06,T10Y2Y,0.11
2022-04-07,T10Y2Y,0.19
2022-04-08,T10Y2Y,0.19
2022-04-11,T10Y2Y,0.29
2022-04-12,T10Y2Y,0.33
2022-04-13,T10Y2Y,0.33
2022-04-14,T10Y2Y,0.36
2022-04-15,T10Y2Y,
2022-04-18,T10Y2Y,0.39
2022-04-19,T10Y2Y,0.32
2022-04-20,T10Y2Y,0.25
2022-04-21,T10Y2Y,0.22
2022-04-22,T10Y2Y,0.18
2022-04-25,T10Y2Y,0.18
2022-04-26,T10Y2Y,0.23
2022-04-27,T10Y2Y,0.24
2022-04-28,T10Y2Y,0.22
2022-04-29,T10Y2Y,0.19
2022-05-02,T10Y2Y,0.26
2022-05-03,T10Y2Y,0.19
2022-05-04,T10Y2Y,0.27
2022-05-05,T10Y2Y,0.34
2022-05-06,T10Y2Y,0.40
2022-05-09,T10Y2Y,0.44
2022-05-10,T10Y2Y,0.37
2022-05-11,T10Y2Y,0.25
2022-05-12,T10Y2Y,0.28
2022-05-13,T10Y2Y,0.32
2022-05-16,T10Y2Y,0.30
2022-05-17,T10Y2Y,0.27
2022-05-18,T10Y2Y,0.21
2022-05-19,T10Y2Y,0.21
2022-05-20,T10Y2Y,0.18
2022-05-23,T10Y2Y,0.21
2022-05-24,T10Y2Y,0.26
2022-05-25,T10Y2Y,0.27
2022-05-26,T10Y2Y,0.29
2022-05-27,T10Y2Y,0.27
2022-05-30,T10Y2Y,
2022-05-31,T10Y2Y,0.32
2022-06-01,T10Y2Y,0.28
2022-06-02,T10Y2Y,0.27
2022-06-03,T10Y2Y,0.30
2022-06-06,T10Y2Y,0.31
2022-06-07,T10Y2Y,0.23
2022-06-08,T10Y2Y,0.25
2022-06-09,T10Y2Y,0.21
2022-06-10,T10Y2Y,0.09
2022-06-13,T10Y2Y,0.03
2022-06-14,T10Y2Y,0.04
2022-06-15,T10Y2Y,0.13
2022-06-16,T10Y2Y,0.14
2022-06-17,T10Y2Y,0.08
2022-06-20,T10Y2Y,
2022-06-21,T10Y2Y,0.10
2022-06-22,T10Y2Y,0.10
2022-06-23,T10Y2Y,0.08
2022-06-24,T10Y2Y,0.09
2022-06-27,T10Y2Y,0.12
2022-06-28,T10Y2Y,0.10
2022-06-29,T10Y2Y,0.04
2022-06-30,T10Y2Y,0.06
2022-07-01,T10Y2Y,0.04
2022-07-04,T10Y2Y,
2022-07-05,T10Y2Y,0.00
2022-07-06,T10Y2Y,-0.04
2022-07-07,T10Y2Y,-0.02
2022-07-08,T10Y2Y,-0.03
2022-07-11,T10Y2Y,-0.08
2022-07-12,T10Y2Y,-0.07
2022-07-13,T10Y2Y,-0.22
2022-07-14,T10Y2Y,-0.19
2022-07-15,T10Y2Y,-0.20
2022-07-18,T10Y2Y,-0.19
2022-07-19,T10Y2Y,-0.22
2022-07-20,T10Y2Y,-0.21
2022-07-21,T10Y2Y,-0.19
2022-07-22,T10Y2Y,-0.21
2022-07-25,T10Y2Y,-0.19
2022-07-26,T10Y2Y,-0.21
2022-07-27,T10Y2Y,-0.18
2022-07-28,T10Y2Y,-0.17
2022-07-29,T10Y2Y,-0.22
2022-08-01,T10Y2Y,-0.30
2022-08-02,T10Y2Y,-0.31
2022-08-03,T10Y2Y,-0.37
2022-08-04,T10Y2Y,-0.35
2022-08-05,T10Y2Y,-0.41
2022-08-08,T10Y2Y,-0.44
2022-08-09,T10Y2Y,-0.48
2022-08-10,T10Y2Y,-0.45
2022-08-11,T10Y2Y,-0.36
2022-08-12,T10Y2Y,-0.41
2022-08-15,T10Y2Y,-0.41
2022-08-16,T10Y2Y,-0.43
2022-08-17,T10Y2Y,-0.39
2022-08-18,T10Y2Y,-0.34
2022-08-19,T10Y2Y,-0.27
2022-08-22,T10Y2Y,-0.29
2022-08-23,T10Y2Y,-0.24
2022-08-24,T10Y2Y,-0.25
2022-08-25,T10Y2Y,-0.32
2022-08-26,T10Y2Y,-0.33
2022-08-29,T10Y2Y,-0.30
2022-08-30,T10Y2Y,-0.35
2022-08-31,T10Y2Y,-0.30
2022-09-01,T10Y2Y,-0.25
2022-09-02,T10Y2Y,-0.20
2022-09-05,T10Y2Y,
2022-09-06,T10Y2Y,-0.17
2022-09-07,T10Y2Y,-0.18
2022-09-08,T10Y2Y,-0.19
2022-09-09,T10Y2Y,-0.23
2022-09-12,T10Y2Y,-0.21
2022-09-13,T10Y2Y,-0.33
2022-09-14,T10Y2Y,-0.37
2022-09-15,T10Y2Y,-0.42
2022-09-16,T10Y2Y,-0.40
2022-09-19,T10Y2Y,-0.46
2022-09-20,T10Y2Y,-0.39
2022-09-21,T10Y2Y,-0.51
2022-09-22,T10Y2Y,-0.41
2022-09-23,T10Y2Y,-0.51
2022-09-26,T10Y2Y,-0.39
2022-09-27,T10Y2Y,-0.33
2022-09-28,T10Y2Y,-0.35
2022-09-29,T10Y2Y,-0.40
2022-09-30,T10Y2Y,-0.39
2022-10-03,T10Y2Y,-0.45
2022-10-04,T10Y2Y,-0.48
2022-10-05,T10Y2Y,-0.39
2022-10-06,T10Y2Y,-0.40
2022-10-07,T10Y2Y,-0.41
2022-10-10,T10Y2Y,
2022-10-11,T10Y2Y,-0.37
2022-10-12,T10Y2Y,-0.37
2022-10-13,T10Y2Y,-0.50
2022-10-14,T10Y2Y,-0.48
2022-10-17,T10Y2Y,-0.43
2022-10-18,T10Y2Y,-0.42
2022-10-19,T10Y2Y,-0.41
2022-10-20,T10Y2Y,-0.38
2022-10-21,T10Y2Y,-0.28
2022-10-24,T10Y2Y,-0.25
2022-10-25,T10Y2Y,-0.32
2022-10-26,T10Y2Y,-0.35
2022-10-27,T10Y2Y,-0.34
2022-10-28,T10Y2Y,-0.39
2022-10-31,T10Y2Y,-0.41
2022-11-01,T10Y2Y,-0.47
2022-11-02,T10Y2Y,-0.51
2022-11-03,T10Y2Y,-0.57
2022-11-04,T10Y2Y,-0.49
2022-11-07,T10Y2Y,-0.50
2022-11-08,T10Y2Y,-0.53
2022-11-09,T10Y2Y,-0.49
2022-11-10,T10Y2Y,-0.52
2022-11-11,T10Y2Y,
2022-11-14,T10Y2Y,-0.52
2022-11-15,T10Y2Y,-0.57
2022-11-16,T10Y2Y,-0.68
2022-11-17,T10Y2Y,-0.66
2022-11-18,T10Y2Y,-0.69
2022-11-21,T10Y2Y,-0.65
2022-11-22,T10Y2Y,-0.71
2022-11-23,T10Y2Y,-0.75
2022-11-24,T10Y2Y,
2022-11-25,T10Y2Y,-0.74
2022-11-28,T10Y2Y,-0.77
2022-11-29,T10Y2Y,-0.73
2022-11-30,T10Y2Y,-0.70
2022-12-01,T10Y2Y,-0.72
2022-12-02,T10Y2Y,-0.77
2022-12-05,T10Y2Y,-0.81
2022-12-06,T10Y2Y,-0.83
2022-12-07,T10Y2Y,-0.84
2022-12-08,T10Y2Y,-0.83
2022-12-09,T10Y2Y,-0.76
2022-12-12,T10Y2Y,-0.78
2022-12-13,T10Y2Y,-0.71
2022-12-14,T10Y2Y,-0.74
2022-12-15,T10Y2Y,-0.79
2022-12-16,T10Y2Y,-0.69
2022-12-19,T10Y2Y,-0.68
2022-12-20,T10Y2Y,-0.56
2022-12-21,T10Y2Y,-0.53
2022-12-22,T10Y2Y,-0.57
2022-12-23,T10Y2Y,-0.56
2022-12-26,T10Y2Y,
2022-12-27,T10Y2Y,-0.48
2022-12-28,T10Y2Y,-0.43
2022-12-29,T10Y2Y,-0.51
2022-12-30,T10Y2Y,-0.53
2023-01-02,T10Y2Y,
2023-01-03,T10Y2Y,-0.61
2023-01-04,T10Y2Y,-0.67
2023-01-05,T10Y2Y,-0.74
2023-01-06,T10Y2Y,-0.69
2023-01-09,T10Y2Y,-0.66
2023-01-10,T10Y2Y,-0.63
2023-01-11,T10Y2Y,-0.66
2023-01-12,T10Y2Y,-0.69
2023-01-13,T10Y2Y,-0.73
2023-01-16,T10Y2Y,
2023-01-17,T10Y2Y,-0.65
2023-01-18,T10Y2Y,-0.69
2023-01-19,T10Y2Y,-0.70
2023-01-20,T10Y2Y,-0.66
2023-01-23,T10Y2Y,-0.69
2023-01-24,T10Y2Y,-0.66
2023-01-25,T10Y2Y,-0.65
2023-01-26,T10Y2Y,-0.68
2023-01-27,T10Y2Y,-0.67
2023-01-30,T10Y2Y,-0.70
2023-01-31,T10Y2Y,-0.69
2023-02-01,T10Y2Y,-0.70
2023-02-02,T10Y2Y,-0.69
2023-02-03,T10Y2Y,-0.77
2023-02-06,T10Y2Y,-0.81
2023-02-07,T10Y2Y,-0.80
2023-02-08,T10Y2Y,-0.82
2023-02-09,T10Y2Y,-0.81
2023-02-10,T10Y2Y,-0.76
2023-02-13,T10Y2Y,-0.80
2023-02-14,T10Y2Y,-0.83
2023-02-15,T10Y2Y,-0.81
2023-02-16,T10Y2Y,-0.76
2023-02-17,T10Y2Y,-0.78
2023-02-20,T10Y2Y,
2023-02-21,T10Y2Y,-0.72
2023-02-22,T10Y2Y,-0.73
2023-02-23,T10Y2Y,-0.78
2023-02-24,T10Y2Y,-0.83
2023-02-27,T10Y2Y,-0.86
2023-02-28,T10Y2Y,-0.89
2023-03-01,T10Y2Y,-0.88
2023-03-02,T10Y2Y,-0.81
2023-03-03,T10Y2Y,-0.89
2023-03-06,T10Y2Y,-0.91
2023-03-07,T10Y2Y,-1.03
2023-03-08,T10Y2Y,-1.07
2023-03-09,T10Y2Y,-0.97
2023-03-10,T10Y2Y,-0.90
2023-03-13,T10Y2Y,-0.48
2023-03-14,T10Y2Y,-0.56
2023-03-15,T10Y2Y,-0.42
2023-03-16,T10Y2Y,-0.58
2023-03-17,T10Y2Y,-0.42
2023-03-20,T10Y2Y,-0.45
2023-03-21,T10Y2Y,-0.58
2023-03-22,T10Y2Y,-0.48
2023-03-23,T10Y2Y,-0.38
2023-03-24,T10Y2Y,-0.38
2023-03-27,T10Y2Y,-0.41
2023-03-28,T10Y2Y,-0.47
2023-03-29,T10Y2Y,-0.51
2023-03-30,T10Y2Y,-0.55
2023-03-31,T10Y2Y,-0.58
2023-04-03,T10Y2Y,-0.54
2023-04-04,T10Y2Y,-0.49
2023-04-05,T10Y2Y,-0.49
2023-04-06,T10Y2Y,-0.52
2023-04-07,T10Y2Y,-0.58
2023-04-10,T10Y2Y,-0.59
2023-04-11,T10Y2Y,-0.60
2023-04-12,T10Y2Y,-0.54
2023-04-13,T10Y2Y,-0.51
2023-04-14,T10Y2Y,-0.56
2023-04-17,T10Y2Y,-0.58
2023-04-18,T10Y2Y,-0.61
2023-04-19,T10Y2Y,-0.64
2023-04-20,T10Y2Y,-0.60
2023-04-21,T10Y2Y,-0.60
2023-04-24,T10Y2Y,-0.60
2023-04-25,T10Y2Y,-0.46
2023-04-26,T10Y2Y,-0.47
2023-04-27,T10Y2Y,-0.54
2023-04-28,T10Y2Y,-0.60
2023-05-01,T10Y2Y,-0.55
2023-05-02,T10Y2Y,-0.53
2023-05-03,T10Y2Y,-0.51
2023-05-04,T10Y2Y,-0.38
2023-05-05,T10Y2Y,-0.48
2023-05-08,T10Y2Y,-0.48
2023-05-09,T10Y2Y,-0.48
2023-05-10,T10Y2Y,-0.47
2023-05-11,T10Y2Y,-0.50
2023-05-12,T10Y2Y,-0.52
2023-05-15,T10Y2Y,-0.49
2023-05-16,T10Y2Y,-0.52
2023-05-17,T10Y2Y,-0.55
2023-05-18,T10Y2Y,-0.59
2023-05-19,T10Y2Y,-0.58
2023-05-22,T10Y2Y,-0.57
2023-05-23,T10Y2Y,-0.56
2023-05-24,T10Y2Y,-0.58
2023-05-25,T10Y2Y,-0.67
2023-05-26,T10Y2Y,-0.74
2023-05-29,T10Y2Y,
2023-05-30,T10Y2Y,-0.77
2023-05-31,T10Y2Y,-0.76
2023-06-01,T10Y2Y,-0.72
2023-06-02,T10Y2Y,-0.81
2023-06-05,T10Y2Y,-0.77
2023-06-06,T10Y2Y,-0.81
2023-06-07,T10Y2Y,-0.77
2023-06-08,T10Y2Y,-0.79
2023-06-09,T10Y2Y,-0.84
2023-06-12,T10Y2Y,-0.82
2023-06-13,T10Y2Y,-0.83
2023-06-14,T10Y2Y,-0.91
2023-06-15,T10Y2Y,-0.90
2023-06-16,T10Y2Y,-0.93
2023-06-19,T10Y2Y,
2023-06-20,T10Y2Y,-0.94
2023-06-21,T10Y2Y,-0.96
2023-06-22,T10Y2Y,-0.97
2023-06-23,T10Y2Y,-0.97
2023-06-26,T10Y2Y,-0.93
2023-06-27,T10Y2Y,-0.97
2023-06-28,T10Y2Y,-1.00
2023-06-29,T10Y2Y,-1.02
2023-06-30,T10Y2Y,-1.06
2023-07-03,T10Y2Y,-1.08
2023-07-04,T10Y2Y,
2023-07-05,T10Y2Y,-0.99
2023-07-06,T10Y2Y,-0.94
2023-07-07,T10Y2Y,-0.88
2023-07-10,T10Y2Y,-0.84
2023-07-11,T10Y2Y,-0.89
2023-07-12,T10Y2Y,-0.86
2023-07-13,T10Y2Y,-0.83
2023-07-14,T10Y2Y,-0.91
2023-07-17,T10Y2Y,-0.93
2023-07-18,T10Y2Y,-0.94
2023-07-19,T10Y2Y,-0.99
2023-07-20,T10Y2Y,-0.95
2023-07-21,T10Y2Y,-0.98
2023-07-24,T10Y2Y,-0.95
2023-07-25,T10Y2Y,-0.94
2023-07-26,T10Y2Y,-0.96
2023-07-27,T10Y2Y,-0.90
2023-07-28,T10Y2Y,-0.91
2023-07-31,T10Y2Y,-0.91
2023-08-01,T10Y2Y,-0.87
2023-08-02,T10Y2Y,-0.80
2023-08-03,T10Y2Y,-0.70
2023-08-04,T10Y2Y,-0.73
2023-08-07,T10Y2Y,-0.67
2023-08-08,T10Y2Y,-0.72
2023-08-09,T10Y2Y,-0.79
2023-08-10,T10Y2Y,-0.73
2023-08-11,T10Y2Y,-0.73
2023-08-14,T10Y2Y,-0.77
2023-08-15,T10Y2Y,-0.71
2023-08-16,T10Y2Y,-0.69
2023-08-17,T10Y2Y,-0.64
2023-08-18,T10Y2Y,-0.66
2023-08-21,T10Y2Y,-0.63
2023-08-22,T10Y2Y,-0.68
2023-08-23,T10Y2Y,-0.76
2023-08-24,T10Y2Y,-0.75
2023-08-25,T10Y2Y,-0.78
2023-08-28,T10Y2Y,-0.78
2023-08-29,T10Y2Y,-0.75
2023-08-30,T10Y2Y,-0.78
2023-08-31,T10Y2Y,-0.76
2023-09-01,T10Y2Y,-0.69
2023-09-04,T10Y2Y,
2023-09-05,T10Y2Y,-0.67
2023-09-06,T10Y2Y,-0.71
2023-09-07,T10Y2Y,-0.67
2023-09-08,T10Y2Y,-0.72
2023-09-11,T10Y2Y,-0.68
2023-09-12,T10Y2Y,-0.71
2023-09-13,T10Y2Y,-0.71
2023-09-14,T10Y2Y,-0.71
2023-09-15,T10Y2Y,-0.69
2023-09-18,T10Y2Y,-0.73
2023-09-19,T10Y2Y,-0.71
2023-09-20,T10Y2Y,-0.77
2023-09-21,T10Y2Y,-0.63
2023-09-22,T10Y2Y,-0.66
2023-09-25,T10Y2Y,-0.54
2023-09-26,T10Y2Y,-0.48
2023-09-27,T10Y2Y,-0.49
2023-09-28,T10Y2Y,-0.45
2023-09-29,T10Y2Y,-0.44
2023-10-02,T10Y2Y,-0.43
2023-10-03,T10Y2Y,-0.34
2023-10-04,T10Y2Y,-0.32
2023-10-05,T10Y2Y,-0.31
2023-10-06,T10Y2Y,-0.30
2023-10-09,T10Y2Y,
2023-10-10,T10Y2Y,-0.30
2023-10-11,T10Y2Y,-0.41
2023-10-12,T10Y2Y,-0.36
2023-10-13,T10Y2Y,-0.41
2023-10-16,T10Y2Y,-0.38
2023-10-17,T10Y2Y,-0.36
2023-10-18,T10Y2Y,-0.28
2023-10-19,T10Y2Y,-0.16
2023-10-20,T10Y2Y,-0.14
2023-10-23,T10Y2Y,-0.19
2023-10-24,T10Y2Y,-0.19
2023-10-25,T10Y2Y,-0.13
2023-10-26,T10Y2Y,-0.16
2023-10-27,T10Y2Y,-0.15
2023-10-30,T10Y2Y,-0.15
2023-10-31,T10Y2Y,-0.19
2023-11-01,T10Y2Y,-0.18
2023-11-02,T10Y2Y,-0.31
2023-11-03,T10Y2Y,-0.26
2023-11-06,T10Y2Y,-0.26
2023-11-07,T10Y2Y,-0.33
2023-11-08,T10Y2Y,-0.44
2023-11-09,T10Y2Y,-0.41
2023-11-10,T10Y2Y,-0.43
2023-11-13,T10Y2Y,-0.39
2023-11-14,T10Y2Y,-0.36
2023-11-15,T10Y2Y,-0.37
2023-11-16,T10Y2Y,-0.38
2023-11-17,T10Y2Y,-0.44
2023-11-20,T10Y2Y,-0.47
2023-11-21,T10Y2Y,-0.45
2023-11-22,T10Y2Y,-0.47
2023-11-23,T10Y2Y,
2023-11-24,T10Y2Y,-0.45
2023-11-27,T10Y2Y,-0.45
2023-11-28,T10Y2Y,-0.39
2023-11-29,T10Y2Y,-0.37
2023-11-30,T10Y2Y,-0.36
2023-12-01,T10Y2Y,-0.34
2023-12-04,T10Y2Y,-0.36
2023-12-05,T10Y2Y,-0.39
2023-12-06,T10Y2Y,-0.48
2023-12-07,T10Y2Y,-0.44
2023-12-08,T10Y2Y,-0.48
2023-12-11,T10Y2Y,-0.48
2023-12-12,T10Y2Y,-0.53
2023-12-13,T10Y2Y,-0.42
2023-12-14,T10Y2Y,-0.45
2023-12-15,T10Y2Y,-0.53
2023-12-18,T10Y2Y,-0.48
2023-12-19,T10Y2Y,-0.48
2023-12-20,T10Y2Y,-0.48
2023-12-21,T10Y2Y,-0.44
2023-12-22,T10Y2Y,-0.41
2023-12-25,T10Y2Y,
2023-12-26,T10Y2Y,-0.37
2023-12-27,T10Y2Y,-0.41
2023-12-28,T10Y2Y,-0.42
2023-12-29,T10Y2Y,-0.35
2024-01-01,T10Y2Y,
2024-01-02,T10Y2Y,-0.38
2024-01-03,T10Y2Y,-0.42
2024-01-04,T10Y2Y,-0.39
2024-01-05,T10Y2Y,-0.35
2024-01-08,T10Y2Y,-0.35
2024-01-09,T10Y2Y,-0.34
2024-01-10,T10Y2Y,-0.33
2024-01-11,T10Y2Y,-0.28
2024-01-12,T10Y2Y,-0.18
2024-01-15,T10Y2Y,
2024-01-16,T10Y2Y,-0.15
2024-01-17,T10Y2Y,-0.24
2024-01-18,T10Y2Y,-0.20
2024-01-19,T10Y2Y,-0.24
2024-01-22,T10Y2Y,-0.26
2024-01-23,T10Y2Y,-0.17
2024-01-24,T10Y2Y,-0.16
2024-01-25,T10Y2Y,-0.14
2024-01-26,T10Y2Y,-0.19
2024-01-29,T10Y2Y,-0.21
2024-01-30,T10Y2Y,-0.30
2024-01-31,T10Y2Y,-0.28
2024-02-01,T10Y2Y,-0.33
2024-02-02,T10Y2Y,-0.33
2024-02-05,T10Y2Y,-0.29
2024-02-06,T10Y2Y,-0.30
2024-02-07,T10Y2Y,-0.32
2024-02-08,T10Y2Y,-0.31
2024-02-09,T10Y2Y,-0.31
2024-02-12,T10Y2Y,-0.29
2024-02-13,T10Y2Y,-0.33
2024-02-14,T10Y2Y,-0.29
2024-02-15,T10Y2Y,-0.32
2024-02-16,T10Y2Y,-0.34
2024-02-19,T10Y2Y,
2024-02-20,T10Y2Y,-0.32
2024-02-21,T10Y2Y,-0.32
2024-02-22,T10Y2Y,-0.36
2024-02-23,T10Y2Y,-0.41
2024-02-26,T10Y2Y,-0.41
2024-02-27,T10Y2Y,-0.39
2024-02-28,T10Y2Y,-0.37
2024-02-29,T10Y2Y,-0.39
2024-03-01,T10Y2Y,-0.35
2024-03-04,T10Y2Y,-0.39
2024-03-05,T10Y2Y,-0.41
2024-03-06,T10Y2Y,-0.44
2024-03-07,T10Y2Y,-0.41
2024-03-08,T10Y2Y,-0.39
2024-03-11,T10Y2Y,-0.41
2024-03-12,T10Y2Y,-0.42
2024-03-13,T10Y2Y,-0.42
2024-03-14,T10Y2Y,-0.39
2024-03-15,T10Y2Y,-0.41
2024-03-18,T10Y2Y,-0.39
2024-03-19,T10Y2Y,-0.38
2024-03-20,T10Y2Y,-0.32
2024-03-21,T10Y2Y,-0.35
2024-03-22,T10Y2Y,-0.37
2024-03-25,T10Y2Y,-0.29
2024-03-26,T10Y2Y,-0.32
2024-03-27,T10Y2Y,-0.34
2024-03-28,T10Y2Y,-0.39
2024-03-29,T10Y2Y,
2024-04-01,T10Y2Y,-0.39
2024-04-02,T10Y2Y,-0.34
2024-04-03,T10Y2Y,-0.32
2024-04-04,T10Y2Y,-0.34
2024-04-05,T10Y2Y,-0.34
2024-04-08,T10Y2Y,-0.36
2024-04-09,T10Y2Y,-0.38
2024-04-10,T10Y2Y,-0.42
2024-04-11,T10Y2Y,-0.37
2024-04-12,T10Y2Y,-0.38
2024-04-15,T10Y2Y,-0.30
2024-04-16,T10Y2Y,-0.30
2024-04-17,T10Y2Y,-0.34
2024-04-18,T10Y2Y,-0.34
2024-04-19,T10Y2Y,-0.35
2024-04-22,T10Y2Y,-0.35
2024-04-23,T10Y2Y,-0.25
2024-04-24,T10Y2Y,-0.24
2024-04-25,T10Y2Y,-0.26
2024-04-26,T10Y2Y,-0.29
2024-04-29,T10Y2Y,-0.34
2024-04-30,T10Y2Y,-0.35
2024-05-01,T10Y2Y,-0.33
2024-05-02,T10Y2Y,-0.29
2024-05-03,T10Y2Y,-0.31
2024-05-06,T10Y2Y,-0.33
2024-05-07,T10Y2Y,-0.35
2024-05-08,T10Y2Y,-0.36
2024-05-09,T10Y2Y,-0.35
2024-05-10,T10Y2Y,-0.37
2024-05-13,T10Y2Y,-0.37
2024-05-14,T10Y2Y,-0.36
2024-05-15,T10Y2Y,-0.37
2024-05-16,T10Y2Y,-0.40
2024-05-17,T10Y2Y,-0.41
2024-05-20,T10Y2Y,-0.38
2024-05-21,T10Y2Y,-0.41
2024-05-22,T10Y2Y,-0.43
2024-05-23,T10Y2Y,-0.44
2024-05-24,T10Y2Y,-0.47
2024-05-27,T10Y2Y,
2024-05-28,T10Y2Y,-0.40
2024-05-29,T10Y2Y,-0.35
2024-05-30,T10Y2Y,-0.37
2024-05-31,T10Y2Y,-0.38
2024-06-03,T10Y2Y,-0.41
2024-06-04,T10Y2Y,-0.44
2024-06-05,T10Y2Y,-0.43
2024-06-06,T10Y2Y,-0.44
2024-06-07,T10Y2Y,-0.44
2024-06-10,T10Y2Y,-0.40
2024-06-11,T10Y2Y,-0.42
2024-06-12,T10Y2Y,-0.44
2024-06-13,T10Y2Y,-0.44
2024-06-14,T10Y2Y,-0.47
2024-06-17,T10Y2Y,-0.47
2024-06-18,T10Y2Y,-0.47
2024-06-19,T10Y2Y,
2024-06-20,T10Y2Y,-0.45
2024-06-21,T10Y2Y,-0.45
2024-06-24,T10Y2Y,-0.46
2024-06-25,T10Y2Y,-0.42
2024-06-26,T10Y2Y,-0.39
2024-06-27,T10Y2Y,-0.41
2024-06-28,T10Y2Y,-0.35
2024-07-01,T10Y2Y,-0.29
2024-07-02,T10Y2Y,-0.31
2024-07-03,T10Y2Y,-0.35
2024-07-04,T10Y2Y,
2024-07-05,T10Y2Y,-0.32
2024-07-08,T10Y2Y,-0.34
2024-07-09,T10Y2Y,-0.32
2024-07-10,T10Y2Y,-0.34
2024-07-11,T10Y2Y,-0.30
2024-07-12,T10Y2Y,-0.27
2024-07-15,T10Y2Y,-0.21
2024-07-16,T10Y2Y,-0.26
2024-07-17,T10Y2Y,-0.26
2024-07-18,T10Y2Y,-0.26
2024-07-19,T10Y2Y,-0.24
2024-07-22,T10Y2Y,-0.24
2024-07-23,T10Y2Y,-0.15
2024-07-24,T10Y2Y,-0.09
2024-07-25,T10Y2Y,-0.14
2024-07-26,T10Y2Y,-0.16
2024-07-29,T10Y2Y,-0.19
2024-07-30,T10Y2Y,-0.20
2024-07-31,T10Y2Y,-0.20
2024-08-01,T10Y2Y,-0.17
2024-08-02,T10Y2Y,-0.08
2024-08-05,T10Y2Y,-0.11
2024-08-06,T10Y2Y,-0.09
2024-08-07,T10Y2Y,-0.04
2024-08-08,T10Y2Y,-0.05
2024-08-09,T10Y2Y,-0.11
2024-08-12,T10Y2Y,-0.11
2024-08-13,T10Y2Y,-0.08
2024-08-14,T10Y2Y,-0.11
2024-08-15,T10Y2Y,-0.16
2024-08-16,T10Y2Y,-0.17
2024-08-19,T10Y2Y,-0.20
2024-08-20,T10Y2Y,-0.17
2024-08-21,T10Y2Y,-0.13
2024-08-22,T10Y2Y,-0.13
2024-08-23,T10Y2Y,-0.09
2024-08-26,T10Y2Y,-0.09
2024-08-27,T10Y2Y,0.00
2024-08-28,T10Y2Y,0.01
2024-08-29,T10Y2Y,0.00
2024-08-30,T10Y2Y,0.00
2024-09-02,T10Y2Y,
2024-09-03,T10Y2Y,-0.04
2024-09-04,T10Y2Y,0.01
2024-09-05,T10Y2Y,-0.02
2024-09-06,T10Y2Y,0.06
2024-09-09,T10Y2Y,0.02
2024-09-10,T10Y2Y,0.06
2024-09-11,T10Y2Y,0.03
2024-09-12,T10Y2Y,0.04
2024-09-13,T10Y2Y,0.09
2024-09-16,T10Y2Y,0.07
2024-09-17,T10Y2Y,0.06
2024-09-18,T10Y2Y,0.09
2024-09-19,T10Y2Y,0.14
2024-09-20,T10Y2Y,0.18
2024-09-23,T10Y2Y,0.18
2024-09-24,T10Y2Y,0.25
2024-09-25,T10Y2Y,0.26
2024-09-26,T10Y2Y,0.19
2024-09-27,T10Y2Y,0.20
2024-09-30,T10Y2Y,0.15
2024-10-01,T10Y2Y,0.13
2024-10-02,T10Y2Y,0.16
2024-10-03,T10Y2Y,0.15
2024-10-04,T10Y2Y,0.05
2024-10-07,T10Y2Y,0.04
2024-10-08,T10Y2Y,0.06
2024-10-09,T10Y2Y,0.07
2024-10-10,T10Y2Y,0.11
2024-10-11,T10Y2Y,0.13
2024-10-14,T10Y2Y,
2024-10-15,T10Y2Y,0.08
2024-10-16,T10Y2Y,0.09
2024-10-17,T10Y2Y,0.13
2024-10-18,T10Y2Y,0.13
2024-10-21,T10Y2Y,0.17
2024-10-22,T10Y2Y,0.17
2024-10-23,T10Y2Y,0.17
2024-10-24,T10Y2Y,0.14
2024-10-25,T10Y2Y,0.14
2024-10-28,T10Y2Y,0.16
2024-10-29,T10Y2Y,0.17
2024-10-30,T10Y2Y,0.14
2024-10-31,T10Y2Y,0.12
2024-11-01,T10Y2Y,0.16
2024-11-04,T10Y2Y,0.14
2024-11-05,T10Y2Y,0.07
2024-11-06,T10Y2Y,0.15
2024-11-07,T10Y2Y,0.10
2024-11-08,T10Y2Y,0.04
2024-11-11,T10Y2Y,
2024-11-12,T10Y2Y,0.09
2024-11-13,T10Y2Y,0.17
2024-11-14,T10Y2Y,0.09
2024-11-15,T10Y2Y,0.12
2024-11-18,T10Y2Y,0.13
2024-11-19,T10Y2Y,0.12
2024-11-20,T10Y2Y,0.10
2024-11-21,T10Y2Y,0.09
2024-11-22,T10Y2Y,0.04
2024-11-25,T10Y2Y,0.06
2024-11-26,T10Y2Y,0.09
2024-11-27,T10Y2Y,0.06
2024-11-28,T10Y2Y,
2024-11-29,T10Y2Y,0.05
2024-12-02,T10Y2Y,0.02
2024-12-03,T10Y2Y,0.06
2024-12-04,T10Y2Y,0.06
2024-12-05,T10Y2Y,0.02
2024-12-06,T10Y2Y,0.05
2024-12-09,T10Y2Y,0.07
2024-12-10,T10Y2Y,0.07
2024-12-11,T10Y2Y,0.11
2024-12-12,T10Y2Y,0.14
2024-12-13,T10Y2Y,0.15
2024-12-16,T10Y2Y,0.14
2024-12-17,T10Y2Y,0.15
2024-12-18,T10Y2Y,0.15
2024-12-19,T10Y2Y,0.25
2024-12-20,T10Y2Y,0.22
2024-12-23,T10Y2Y,0.29
2024-12-24,T10Y2Y,0.30
2024-12-25,T10Y2Y,
2024-12-26,T10Y2Y,0.28
2024-12-27,T10Y2Y,0.31
2024-12-30,T10Y2Y,0.31
2024-12-31,T10Y2Y,0.33
